[2025-04-13T14:51:33.523+0000] {processor.py:161} INFO - Started process (PID=104) to work on /home/airflow/.local/lib/python3.8/site-packages/airflow/example_dags/example_dag_decorator.py
[2025-04-13T14:51:33.525+0000] {processor.py:830} INFO - Processing file /home/airflow/.local/lib/python3.8/site-packages/airflow/example_dags/example_dag_decorator.py for tasks to queue
[2025-04-13T14:51:33.531+0000] {logging_mixin.py:188} INFO - [2025-04-13T14:51:33.528+0000] {dagbag.py:538} INFO - Filling up the DagBag from /home/airflow/.local/lib/python3.8/site-packages/airflow/example_dags/example_dag_decorator.py
[2025-04-13T14:51:34.061+0000] {processor.py:840} INFO - DAG(s) 'example_dag_decorator' retrieved from /home/airflow/.local/lib/python3.8/site-packages/airflow/example_dags/example_dag_decorator.py
[2025-04-13T14:51:34.400+0000] {logging_mixin.py:188} INFO - [2025-04-13T14:51:34.397+0000] {dag.py:3036} INFO - Sync 1 DAGs
[2025-04-13T14:51:34.442+0000] {logging_mixin.py:188} INFO - [2025-04-13T14:51:34.442+0000] {dag.py:3823} INFO - Setting next_dagrun for example_dag_decorator to None, run_after=None
[2025-04-13T14:51:34.478+0000] {processor.py:183} INFO - Processing /home/airflow/.local/lib/python3.8/site-packages/airflow/example_dags/example_dag_decorator.py took 0.960 seconds
[2025-04-13T14:52:04.530+0000] {processor.py:161} INFO - Started process (PID=160) to work on /home/airflow/.local/lib/python3.8/site-packages/airflow/example_dags/example_dag_decorator.py
[2025-04-13T14:52:04.532+0000] {processor.py:830} INFO - Processing file /home/airflow/.local/lib/python3.8/site-packages/airflow/example_dags/example_dag_decorator.py for tasks to queue
[2025-04-13T14:52:04.535+0000] {logging_mixin.py:188} INFO - [2025-04-13T14:52:04.534+0000] {dagbag.py:538} INFO - Filling up the DagBag from /home/airflow/.local/lib/python3.8/site-packages/airflow/example_dags/example_dag_decorator.py
[2025-04-13T14:52:04.702+0000] {processor.py:840} INFO - DAG(s) 'example_dag_decorator' retrieved from /home/airflow/.local/lib/python3.8/site-packages/airflow/example_dags/example_dag_decorator.py
[2025-04-13T14:52:04.838+0000] {logging_mixin.py:188} INFO - [2025-04-13T14:52:04.837+0000] {dag.py:3036} INFO - Sync 1 DAGs
[2025-04-13T14:52:04.855+0000] {logging_mixin.py:188} INFO - [2025-04-13T14:52:04.854+0000] {dag.py:3823} INFO - Setting next_dagrun for example_dag_decorator to None, run_after=None
[2025-04-13T14:52:04.886+0000] {processor.py:183} INFO - Processing /home/airflow/.local/lib/python3.8/site-packages/airflow/example_dags/example_dag_decorator.py took 0.360 seconds
[2025-04-13T14:55:40.038+0000] {processor.py:161} INFO - Started process (PID=106) to work on /home/airflow/.local/lib/python3.8/site-packages/airflow/example_dags/example_dag_decorator.py
[2025-04-13T14:55:40.040+0000] {processor.py:830} INFO - Processing file /home/airflow/.local/lib/python3.8/site-packages/airflow/example_dags/example_dag_decorator.py for tasks to queue
[2025-04-13T14:55:40.046+0000] {logging_mixin.py:188} INFO - [2025-04-13T14:55:40.046+0000] {dagbag.py:538} INFO - Filling up the DagBag from /home/airflow/.local/lib/python3.8/site-packages/airflow/example_dags/example_dag_decorator.py
[2025-04-13T14:55:40.356+0000] {processor.py:840} INFO - DAG(s) 'example_dag_decorator' retrieved from /home/airflow/.local/lib/python3.8/site-packages/airflow/example_dags/example_dag_decorator.py
[2025-04-13T14:55:40.914+0000] {logging_mixin.py:188} INFO - [2025-04-13T14:55:40.908+0000] {dag.py:3036} INFO - Sync 1 DAGs
[2025-04-13T14:55:41.025+0000] {logging_mixin.py:188} INFO - [2025-04-13T14:55:41.025+0000] {dag.py:3823} INFO - Setting next_dagrun for example_dag_decorator to None, run_after=None
[2025-04-13T14:55:41.221+0000] {processor.py:183} INFO - Processing /home/airflow/.local/lib/python3.8/site-packages/airflow/example_dags/example_dag_decorator.py took 1.199 seconds
[2025-04-13T14:56:11.363+0000] {processor.py:161} INFO - Started process (PID=161) to work on /home/airflow/.local/lib/python3.8/site-packages/airflow/example_dags/example_dag_decorator.py
[2025-04-13T14:56:11.365+0000] {processor.py:830} INFO - Processing file /home/airflow/.local/lib/python3.8/site-packages/airflow/example_dags/example_dag_decorator.py for tasks to queue
[2025-04-13T14:56:11.367+0000] {logging_mixin.py:188} INFO - [2025-04-13T14:56:11.367+0000] {dagbag.py:538} INFO - Filling up the DagBag from /home/airflow/.local/lib/python3.8/site-packages/airflow/example_dags/example_dag_decorator.py
[2025-04-13T14:56:11.522+0000] {processor.py:840} INFO - DAG(s) 'example_dag_decorator' retrieved from /home/airflow/.local/lib/python3.8/site-packages/airflow/example_dags/example_dag_decorator.py
[2025-04-13T14:56:11.756+0000] {logging_mixin.py:188} INFO - [2025-04-13T14:56:11.756+0000] {dag.py:3036} INFO - Sync 1 DAGs
[2025-04-13T14:56:11.779+0000] {logging_mixin.py:188} INFO - [2025-04-13T14:56:11.779+0000] {dag.py:3823} INFO - Setting next_dagrun for example_dag_decorator to None, run_after=None
[2025-04-13T14:56:11.821+0000] {processor.py:183} INFO - Processing /home/airflow/.local/lib/python3.8/site-packages/airflow/example_dags/example_dag_decorator.py took 0.461 seconds
[2025-04-13T14:56:44.864+0000] {processor.py:161} INFO - Started process (PID=216) to work on /home/airflow/.local/lib/python3.8/site-packages/airflow/example_dags/example_dag_decorator.py
[2025-04-13T14:56:44.865+0000] {processor.py:830} INFO - Processing file /home/airflow/.local/lib/python3.8/site-packages/airflow/example_dags/example_dag_decorator.py for tasks to queue
[2025-04-13T14:56:44.868+0000] {logging_mixin.py:188} INFO - [2025-04-13T14:56:44.868+0000] {dagbag.py:538} INFO - Filling up the DagBag from /home/airflow/.local/lib/python3.8/site-packages/airflow/example_dags/example_dag_decorator.py
[2025-04-13T14:56:44.992+0000] {processor.py:840} INFO - DAG(s) 'example_dag_decorator' retrieved from /home/airflow/.local/lib/python3.8/site-packages/airflow/example_dags/example_dag_decorator.py
[2025-04-13T14:56:45.115+0000] {logging_mixin.py:188} INFO - [2025-04-13T14:56:45.115+0000] {dag.py:3036} INFO - Sync 1 DAGs
[2025-04-13T14:56:45.130+0000] {logging_mixin.py:188} INFO - [2025-04-13T14:56:45.130+0000] {dag.py:3823} INFO - Setting next_dagrun for example_dag_decorator to None, run_after=None
[2025-04-13T14:56:45.156+0000] {processor.py:183} INFO - Processing /home/airflow/.local/lib/python3.8/site-packages/airflow/example_dags/example_dag_decorator.py took 0.296 seconds
[2025-04-13T14:57:15.240+0000] {processor.py:161} INFO - Started process (PID=272) to work on /home/airflow/.local/lib/python3.8/site-packages/airflow/example_dags/example_dag_decorator.py
[2025-04-13T14:57:15.242+0000] {processor.py:830} INFO - Processing file /home/airflow/.local/lib/python3.8/site-packages/airflow/example_dags/example_dag_decorator.py for tasks to queue
[2025-04-13T14:57:15.245+0000] {logging_mixin.py:188} INFO - [2025-04-13T14:57:15.244+0000] {dagbag.py:538} INFO - Filling up the DagBag from /home/airflow/.local/lib/python3.8/site-packages/airflow/example_dags/example_dag_decorator.py
[2025-04-13T14:57:15.358+0000] {processor.py:840} INFO - DAG(s) 'example_dag_decorator' retrieved from /home/airflow/.local/lib/python3.8/site-packages/airflow/example_dags/example_dag_decorator.py
[2025-04-13T14:57:15.371+0000] {logging_mixin.py:188} INFO - [2025-04-13T14:57:15.370+0000] {dag.py:3036} INFO - Sync 1 DAGs
[2025-04-13T14:57:15.388+0000] {logging_mixin.py:188} INFO - [2025-04-13T14:57:15.387+0000] {dag.py:3823} INFO - Setting next_dagrun for example_dag_decorator to None, run_after=None
[2025-04-13T14:57:15.416+0000] {processor.py:183} INFO - Processing /home/airflow/.local/lib/python3.8/site-packages/airflow/example_dags/example_dag_decorator.py took 0.180 seconds
[2025-04-13T14:57:47.874+0000] {processor.py:161} INFO - Started process (PID=326) to work on /home/airflow/.local/lib/python3.8/site-packages/airflow/example_dags/example_dag_decorator.py
[2025-04-13T14:57:47.877+0000] {processor.py:830} INFO - Processing file /home/airflow/.local/lib/python3.8/site-packages/airflow/example_dags/example_dag_decorator.py for tasks to queue
[2025-04-13T14:57:47.885+0000] {logging_mixin.py:188} INFO - [2025-04-13T14:57:47.879+0000] {dagbag.py:538} INFO - Filling up the DagBag from /home/airflow/.local/lib/python3.8/site-packages/airflow/example_dags/example_dag_decorator.py
[2025-04-13T14:57:48.111+0000] {processor.py:840} INFO - DAG(s) 'example_dag_decorator' retrieved from /home/airflow/.local/lib/python3.8/site-packages/airflow/example_dags/example_dag_decorator.py
[2025-04-13T14:57:48.272+0000] {logging_mixin.py:188} INFO - [2025-04-13T14:57:48.272+0000] {dag.py:3036} INFO - Sync 1 DAGs
[2025-04-13T14:57:48.292+0000] {logging_mixin.py:188} INFO - [2025-04-13T14:57:48.291+0000] {dag.py:3823} INFO - Setting next_dagrun for example_dag_decorator to None, run_after=None
[2025-04-13T14:57:48.321+0000] {processor.py:183} INFO - Processing /home/airflow/.local/lib/python3.8/site-packages/airflow/example_dags/example_dag_decorator.py took 0.451 seconds
[2025-04-13T14:58:18.490+0000] {processor.py:161} INFO - Started process (PID=381) to work on /home/airflow/.local/lib/python3.8/site-packages/airflow/example_dags/example_dag_decorator.py
[2025-04-13T14:58:18.492+0000] {processor.py:830} INFO - Processing file /home/airflow/.local/lib/python3.8/site-packages/airflow/example_dags/example_dag_decorator.py for tasks to queue
[2025-04-13T14:58:18.497+0000] {logging_mixin.py:188} INFO - [2025-04-13T14:58:18.496+0000] {dagbag.py:538} INFO - Filling up the DagBag from /home/airflow/.local/lib/python3.8/site-packages/airflow/example_dags/example_dag_decorator.py
[2025-04-13T14:58:18.710+0000] {processor.py:840} INFO - DAG(s) 'example_dag_decorator' retrieved from /home/airflow/.local/lib/python3.8/site-packages/airflow/example_dags/example_dag_decorator.py
[2025-04-13T14:58:18.940+0000] {logging_mixin.py:188} INFO - [2025-04-13T14:58:18.939+0000] {dag.py:3036} INFO - Sync 1 DAGs
[2025-04-13T14:58:18.977+0000] {logging_mixin.py:188} INFO - [2025-04-13T14:58:18.977+0000] {dag.py:3823} INFO - Setting next_dagrun for example_dag_decorator to None, run_after=None
[2025-04-13T14:58:19.036+0000] {processor.py:183} INFO - Processing /home/airflow/.local/lib/python3.8/site-packages/airflow/example_dags/example_dag_decorator.py took 0.556 seconds
[2025-04-13T14:58:51.661+0000] {processor.py:161} INFO - Started process (PID=436) to work on /home/airflow/.local/lib/python3.8/site-packages/airflow/example_dags/example_dag_decorator.py
[2025-04-13T14:58:51.663+0000] {processor.py:830} INFO - Processing file /home/airflow/.local/lib/python3.8/site-packages/airflow/example_dags/example_dag_decorator.py for tasks to queue
[2025-04-13T14:58:51.666+0000] {logging_mixin.py:188} INFO - [2025-04-13T14:58:51.665+0000] {dagbag.py:538} INFO - Filling up the DagBag from /home/airflow/.local/lib/python3.8/site-packages/airflow/example_dags/example_dag_decorator.py
[2025-04-13T14:58:51.976+0000] {processor.py:840} INFO - DAG(s) 'example_dag_decorator' retrieved from /home/airflow/.local/lib/python3.8/site-packages/airflow/example_dags/example_dag_decorator.py
[2025-04-13T14:58:52.242+0000] {logging_mixin.py:188} INFO - [2025-04-13T14:58:52.241+0000] {dag.py:3036} INFO - Sync 1 DAGs
[2025-04-13T14:58:52.271+0000] {logging_mixin.py:188} INFO - [2025-04-13T14:58:52.271+0000] {dag.py:3823} INFO - Setting next_dagrun for example_dag_decorator to None, run_after=None
[2025-04-13T14:58:52.312+0000] {processor.py:183} INFO - Processing /home/airflow/.local/lib/python3.8/site-packages/airflow/example_dags/example_dag_decorator.py took 0.661 seconds
[2025-04-13T14:59:25.606+0000] {processor.py:161} INFO - Started process (PID=491) to work on /home/airflow/.local/lib/python3.8/site-packages/airflow/example_dags/example_dag_decorator.py
[2025-04-13T14:59:25.608+0000] {processor.py:830} INFO - Processing file /home/airflow/.local/lib/python3.8/site-packages/airflow/example_dags/example_dag_decorator.py for tasks to queue
[2025-04-13T14:59:25.636+0000] {logging_mixin.py:188} INFO - [2025-04-13T14:59:25.635+0000] {dagbag.py:538} INFO - Filling up the DagBag from /home/airflow/.local/lib/python3.8/site-packages/airflow/example_dags/example_dag_decorator.py
[2025-04-13T14:59:26.091+0000] {processor.py:840} INFO - DAG(s) 'example_dag_decorator' retrieved from /home/airflow/.local/lib/python3.8/site-packages/airflow/example_dags/example_dag_decorator.py
[2025-04-13T14:59:26.573+0000] {logging_mixin.py:188} INFO - [2025-04-13T14:59:26.572+0000] {dag.py:3036} INFO - Sync 1 DAGs
[2025-04-13T14:59:26.600+0000] {logging_mixin.py:188} INFO - [2025-04-13T14:59:26.599+0000] {dag.py:3823} INFO - Setting next_dagrun for example_dag_decorator to None, run_after=None
[2025-04-13T14:59:26.668+0000] {processor.py:183} INFO - Processing /home/airflow/.local/lib/python3.8/site-packages/airflow/example_dags/example_dag_decorator.py took 1.066 seconds
[2025-04-13T14:59:56.812+0000] {processor.py:161} INFO - Started process (PID=546) to work on /home/airflow/.local/lib/python3.8/site-packages/airflow/example_dags/example_dag_decorator.py
[2025-04-13T14:59:56.816+0000] {processor.py:830} INFO - Processing file /home/airflow/.local/lib/python3.8/site-packages/airflow/example_dags/example_dag_decorator.py for tasks to queue
[2025-04-13T14:59:56.821+0000] {logging_mixin.py:188} INFO - [2025-04-13T14:59:56.820+0000] {dagbag.py:538} INFO - Filling up the DagBag from /home/airflow/.local/lib/python3.8/site-packages/airflow/example_dags/example_dag_decorator.py
[2025-04-13T14:59:56.948+0000] {processor.py:840} INFO - DAG(s) 'example_dag_decorator' retrieved from /home/airflow/.local/lib/python3.8/site-packages/airflow/example_dags/example_dag_decorator.py
[2025-04-13T14:59:56.985+0000] {logging_mixin.py:188} INFO - [2025-04-13T14:59:56.985+0000] {dag.py:3036} INFO - Sync 1 DAGs
[2025-04-13T14:59:57.012+0000] {logging_mixin.py:188} INFO - [2025-04-13T14:59:57.012+0000] {dag.py:3823} INFO - Setting next_dagrun for example_dag_decorator to None, run_after=None
[2025-04-13T14:59:57.055+0000] {processor.py:183} INFO - Processing /home/airflow/.local/lib/python3.8/site-packages/airflow/example_dags/example_dag_decorator.py took 0.246 seconds
[2025-04-13T15:00:31.777+0000] {processor.py:161} INFO - Started process (PID=602) to work on /home/airflow/.local/lib/python3.8/site-packages/airflow/example_dags/example_dag_decorator.py
[2025-04-13T15:00:31.778+0000] {processor.py:830} INFO - Processing file /home/airflow/.local/lib/python3.8/site-packages/airflow/example_dags/example_dag_decorator.py for tasks to queue
[2025-04-13T15:00:31.782+0000] {logging_mixin.py:188} INFO - [2025-04-13T15:00:31.782+0000] {dagbag.py:538} INFO - Filling up the DagBag from /home/airflow/.local/lib/python3.8/site-packages/airflow/example_dags/example_dag_decorator.py
[2025-04-13T15:00:31.961+0000] {processor.py:840} INFO - DAG(s) 'example_dag_decorator' retrieved from /home/airflow/.local/lib/python3.8/site-packages/airflow/example_dags/example_dag_decorator.py
[2025-04-13T15:00:32.112+0000] {logging_mixin.py:188} INFO - [2025-04-13T15:00:32.111+0000] {dag.py:3036} INFO - Sync 1 DAGs
[2025-04-13T15:00:32.130+0000] {logging_mixin.py:188} INFO - [2025-04-13T15:00:32.130+0000] {dag.py:3823} INFO - Setting next_dagrun for example_dag_decorator to None, run_after=None
[2025-04-13T15:00:32.162+0000] {processor.py:183} INFO - Processing /home/airflow/.local/lib/python3.8/site-packages/airflow/example_dags/example_dag_decorator.py took 0.390 seconds
[2025-04-13T15:01:02.429+0000] {processor.py:161} INFO - Started process (PID=657) to work on /home/airflow/.local/lib/python3.8/site-packages/airflow/example_dags/example_dag_decorator.py
[2025-04-13T15:01:02.430+0000] {processor.py:830} INFO - Processing file /home/airflow/.local/lib/python3.8/site-packages/airflow/example_dags/example_dag_decorator.py for tasks to queue
[2025-04-13T15:01:02.433+0000] {logging_mixin.py:188} INFO - [2025-04-13T15:01:02.432+0000] {dagbag.py:538} INFO - Filling up the DagBag from /home/airflow/.local/lib/python3.8/site-packages/airflow/example_dags/example_dag_decorator.py
[2025-04-13T15:01:02.679+0000] {processor.py:840} INFO - DAG(s) 'example_dag_decorator' retrieved from /home/airflow/.local/lib/python3.8/site-packages/airflow/example_dags/example_dag_decorator.py
[2025-04-13T15:01:02.926+0000] {logging_mixin.py:188} INFO - [2025-04-13T15:01:02.926+0000] {dag.py:3036} INFO - Sync 1 DAGs
[2025-04-13T15:01:02.951+0000] {logging_mixin.py:188} INFO - [2025-04-13T15:01:02.950+0000] {dag.py:3823} INFO - Setting next_dagrun for example_dag_decorator to None, run_after=None
[2025-04-13T15:01:02.999+0000] {processor.py:183} INFO - Processing /home/airflow/.local/lib/python3.8/site-packages/airflow/example_dags/example_dag_decorator.py took 0.582 seconds
[2025-04-13T15:01:33.145+0000] {processor.py:161} INFO - Started process (PID=713) to work on /home/airflow/.local/lib/python3.8/site-packages/airflow/example_dags/example_dag_decorator.py
[2025-04-13T15:01:33.146+0000] {processor.py:830} INFO - Processing file /home/airflow/.local/lib/python3.8/site-packages/airflow/example_dags/example_dag_decorator.py for tasks to queue
[2025-04-13T15:01:33.155+0000] {logging_mixin.py:188} INFO - [2025-04-13T15:01:33.155+0000] {dagbag.py:538} INFO - Filling up the DagBag from /home/airflow/.local/lib/python3.8/site-packages/airflow/example_dags/example_dag_decorator.py
[2025-04-13T15:01:33.471+0000] {processor.py:840} INFO - DAG(s) 'example_dag_decorator' retrieved from /home/airflow/.local/lib/python3.8/site-packages/airflow/example_dags/example_dag_decorator.py
[2025-04-13T15:01:33.663+0000] {logging_mixin.py:188} INFO - [2025-04-13T15:01:33.663+0000] {dag.py:3036} INFO - Sync 1 DAGs
[2025-04-13T15:01:33.681+0000] {logging_mixin.py:188} INFO - [2025-04-13T15:01:33.681+0000] {dag.py:3823} INFO - Setting next_dagrun for example_dag_decorator to None, run_after=None
[2025-04-13T15:01:33.716+0000] {processor.py:183} INFO - Processing /home/airflow/.local/lib/python3.8/site-packages/airflow/example_dags/example_dag_decorator.py took 0.577 seconds
[2025-04-13T15:02:06.352+0000] {processor.py:161} INFO - Started process (PID=771) to work on /home/airflow/.local/lib/python3.8/site-packages/airflow/example_dags/example_dag_decorator.py
[2025-04-13T15:02:06.354+0000] {processor.py:830} INFO - Processing file /home/airflow/.local/lib/python3.8/site-packages/airflow/example_dags/example_dag_decorator.py for tasks to queue
[2025-04-13T15:02:06.357+0000] {logging_mixin.py:188} INFO - [2025-04-13T15:02:06.357+0000] {dagbag.py:538} INFO - Filling up the DagBag from /home/airflow/.local/lib/python3.8/site-packages/airflow/example_dags/example_dag_decorator.py
[2025-04-13T15:02:06.513+0000] {processor.py:840} INFO - DAG(s) 'example_dag_decorator' retrieved from /home/airflow/.local/lib/python3.8/site-packages/airflow/example_dags/example_dag_decorator.py
[2025-04-13T15:02:06.698+0000] {logging_mixin.py:188} INFO - [2025-04-13T15:02:06.698+0000] {dag.py:3036} INFO - Sync 1 DAGs
[2025-04-13T15:02:06.713+0000] {logging_mixin.py:188} INFO - [2025-04-13T15:02:06.713+0000] {dag.py:3823} INFO - Setting next_dagrun for example_dag_decorator to None, run_after=None
[2025-04-13T15:02:06.761+0000] {processor.py:183} INFO - Processing /home/airflow/.local/lib/python3.8/site-packages/airflow/example_dags/example_dag_decorator.py took 0.412 seconds
[2025-04-13T15:02:36.831+0000] {processor.py:161} INFO - Started process (PID=827) to work on /home/airflow/.local/lib/python3.8/site-packages/airflow/example_dags/example_dag_decorator.py
[2025-04-13T15:02:36.832+0000] {processor.py:830} INFO - Processing file /home/airflow/.local/lib/python3.8/site-packages/airflow/example_dags/example_dag_decorator.py for tasks to queue
[2025-04-13T15:02:36.835+0000] {logging_mixin.py:188} INFO - [2025-04-13T15:02:36.834+0000] {dagbag.py:538} INFO - Filling up the DagBag from /home/airflow/.local/lib/python3.8/site-packages/airflow/example_dags/example_dag_decorator.py
[2025-04-13T15:02:36.946+0000] {processor.py:840} INFO - DAG(s) 'example_dag_decorator' retrieved from /home/airflow/.local/lib/python3.8/site-packages/airflow/example_dags/example_dag_decorator.py
[2025-04-13T15:02:37.076+0000] {logging_mixin.py:188} INFO - [2025-04-13T15:02:37.076+0000] {dag.py:3036} INFO - Sync 1 DAGs
[2025-04-13T15:02:37.089+0000] {logging_mixin.py:188} INFO - [2025-04-13T15:02:37.089+0000] {dag.py:3823} INFO - Setting next_dagrun for example_dag_decorator to None, run_after=None
[2025-04-13T15:02:37.113+0000] {processor.py:183} INFO - Processing /home/airflow/.local/lib/python3.8/site-packages/airflow/example_dags/example_dag_decorator.py took 0.286 seconds
[2025-04-13T15:03:10.111+0000] {processor.py:161} INFO - Started process (PID=883) to work on /home/airflow/.local/lib/python3.8/site-packages/airflow/example_dags/example_dag_decorator.py
[2025-04-13T15:03:10.113+0000] {processor.py:830} INFO - Processing file /home/airflow/.local/lib/python3.8/site-packages/airflow/example_dags/example_dag_decorator.py for tasks to queue
[2025-04-13T15:03:10.115+0000] {logging_mixin.py:188} INFO - [2025-04-13T15:03:10.115+0000] {dagbag.py:538} INFO - Filling up the DagBag from /home/airflow/.local/lib/python3.8/site-packages/airflow/example_dags/example_dag_decorator.py
[2025-04-13T15:03:10.235+0000] {processor.py:840} INFO - DAG(s) 'example_dag_decorator' retrieved from /home/airflow/.local/lib/python3.8/site-packages/airflow/example_dags/example_dag_decorator.py
[2025-04-13T15:03:10.396+0000] {logging_mixin.py:188} INFO - [2025-04-13T15:03:10.395+0000] {dag.py:3036} INFO - Sync 1 DAGs
[2025-04-13T15:03:10.430+0000] {logging_mixin.py:188} INFO - [2025-04-13T15:03:10.430+0000] {dag.py:3823} INFO - Setting next_dagrun for example_dag_decorator to None, run_after=None
[2025-04-13T15:03:10.492+0000] {processor.py:183} INFO - Processing /home/airflow/.local/lib/python3.8/site-packages/airflow/example_dags/example_dag_decorator.py took 0.384 seconds
[2025-04-13T15:03:43.003+0000] {processor.py:161} INFO - Started process (PID=941) to work on /home/airflow/.local/lib/python3.8/site-packages/airflow/example_dags/example_dag_decorator.py
[2025-04-13T15:03:43.004+0000] {processor.py:830} INFO - Processing file /home/airflow/.local/lib/python3.8/site-packages/airflow/example_dags/example_dag_decorator.py for tasks to queue
[2025-04-13T15:03:43.007+0000] {logging_mixin.py:188} INFO - [2025-04-13T15:03:43.007+0000] {dagbag.py:538} INFO - Filling up the DagBag from /home/airflow/.local/lib/python3.8/site-packages/airflow/example_dags/example_dag_decorator.py
[2025-04-13T15:03:43.114+0000] {processor.py:840} INFO - DAG(s) 'example_dag_decorator' retrieved from /home/airflow/.local/lib/python3.8/site-packages/airflow/example_dags/example_dag_decorator.py
[2025-04-13T15:03:43.232+0000] {logging_mixin.py:188} INFO - [2025-04-13T15:03:43.231+0000] {dag.py:3036} INFO - Sync 1 DAGs
[2025-04-13T15:03:43.245+0000] {logging_mixin.py:188} INFO - [2025-04-13T15:03:43.245+0000] {dag.py:3823} INFO - Setting next_dagrun for example_dag_decorator to None, run_after=None
[2025-04-13T15:03:43.285+0000] {processor.py:183} INFO - Processing /home/airflow/.local/lib/python3.8/site-packages/airflow/example_dags/example_dag_decorator.py took 0.287 seconds
[2025-04-13T15:04:15.694+0000] {processor.py:161} INFO - Started process (PID=996) to work on /home/airflow/.local/lib/python3.8/site-packages/airflow/example_dags/example_dag_decorator.py
[2025-04-13T15:04:15.695+0000] {processor.py:830} INFO - Processing file /home/airflow/.local/lib/python3.8/site-packages/airflow/example_dags/example_dag_decorator.py for tasks to queue
[2025-04-13T15:04:15.698+0000] {logging_mixin.py:188} INFO - [2025-04-13T15:04:15.697+0000] {dagbag.py:538} INFO - Filling up the DagBag from /home/airflow/.local/lib/python3.8/site-packages/airflow/example_dags/example_dag_decorator.py
[2025-04-13T15:04:15.997+0000] {processor.py:840} INFO - DAG(s) 'example_dag_decorator' retrieved from /home/airflow/.local/lib/python3.8/site-packages/airflow/example_dags/example_dag_decorator.py
[2025-04-13T15:04:16.547+0000] {logging_mixin.py:188} INFO - [2025-04-13T15:04:16.547+0000] {dag.py:3036} INFO - Sync 1 DAGs
[2025-04-13T15:04:16.641+0000] {logging_mixin.py:188} INFO - [2025-04-13T15:04:16.629+0000] {dag.py:3823} INFO - Setting next_dagrun for example_dag_decorator to None, run_after=None
[2025-04-13T15:04:16.768+0000] {processor.py:183} INFO - Processing /home/airflow/.local/lib/python3.8/site-packages/airflow/example_dags/example_dag_decorator.py took 1.084 seconds
[2025-04-13T15:04:49.441+0000] {processor.py:161} INFO - Started process (PID=1052) to work on /home/airflow/.local/lib/python3.8/site-packages/airflow/example_dags/example_dag_decorator.py
[2025-04-13T15:04:49.442+0000] {processor.py:830} INFO - Processing file /home/airflow/.local/lib/python3.8/site-packages/airflow/example_dags/example_dag_decorator.py for tasks to queue
[2025-04-13T15:04:49.445+0000] {logging_mixin.py:188} INFO - [2025-04-13T15:04:49.444+0000] {dagbag.py:538} INFO - Filling up the DagBag from /home/airflow/.local/lib/python3.8/site-packages/airflow/example_dags/example_dag_decorator.py
[2025-04-13T15:04:49.630+0000] {processor.py:840} INFO - DAG(s) 'example_dag_decorator' retrieved from /home/airflow/.local/lib/python3.8/site-packages/airflow/example_dags/example_dag_decorator.py
[2025-04-13T15:04:49.794+0000] {logging_mixin.py:188} INFO - [2025-04-13T15:04:49.794+0000] {dag.py:3036} INFO - Sync 1 DAGs
[2025-04-13T15:04:49.810+0000] {logging_mixin.py:188} INFO - [2025-04-13T15:04:49.809+0000] {dag.py:3823} INFO - Setting next_dagrun for example_dag_decorator to None, run_after=None
[2025-04-13T15:04:49.850+0000] {processor.py:183} INFO - Processing /home/airflow/.local/lib/python3.8/site-packages/airflow/example_dags/example_dag_decorator.py took 0.412 seconds
[2025-04-13T15:05:25.840+0000] {processor.py:161} INFO - Started process (PID=1107) to work on /home/airflow/.local/lib/python3.8/site-packages/airflow/example_dags/example_dag_decorator.py
[2025-04-13T15:05:25.841+0000] {processor.py:830} INFO - Processing file /home/airflow/.local/lib/python3.8/site-packages/airflow/example_dags/example_dag_decorator.py for tasks to queue
[2025-04-13T15:05:25.844+0000] {logging_mixin.py:188} INFO - [2025-04-13T15:05:25.844+0000] {dagbag.py:538} INFO - Filling up the DagBag from /home/airflow/.local/lib/python3.8/site-packages/airflow/example_dags/example_dag_decorator.py
[2025-04-13T15:05:26.283+0000] {processor.py:840} INFO - DAG(s) 'example_dag_decorator' retrieved from /home/airflow/.local/lib/python3.8/site-packages/airflow/example_dags/example_dag_decorator.py
[2025-04-13T15:05:26.555+0000] {logging_mixin.py:188} INFO - [2025-04-13T15:05:26.554+0000] {dag.py:3036} INFO - Sync 1 DAGs
[2025-04-13T15:05:26.583+0000] {logging_mixin.py:188} INFO - [2025-04-13T15:05:26.582+0000] {dag.py:3823} INFO - Setting next_dagrun for example_dag_decorator to None, run_after=None
[2025-04-13T15:05:26.665+0000] {processor.py:183} INFO - Processing /home/airflow/.local/lib/python3.8/site-packages/airflow/example_dags/example_dag_decorator.py took 0.829 seconds
[2025-04-13T15:05:56.950+0000] {processor.py:161} INFO - Started process (PID=1162) to work on /home/airflow/.local/lib/python3.8/site-packages/airflow/example_dags/example_dag_decorator.py
[2025-04-13T15:05:56.953+0000] {processor.py:830} INFO - Processing file /home/airflow/.local/lib/python3.8/site-packages/airflow/example_dags/example_dag_decorator.py for tasks to queue
[2025-04-13T15:05:56.955+0000] {logging_mixin.py:188} INFO - [2025-04-13T15:05:56.954+0000] {dagbag.py:538} INFO - Filling up the DagBag from /home/airflow/.local/lib/python3.8/site-packages/airflow/example_dags/example_dag_decorator.py
[2025-04-13T15:05:57.109+0000] {processor.py:840} INFO - DAG(s) 'example_dag_decorator' retrieved from /home/airflow/.local/lib/python3.8/site-packages/airflow/example_dags/example_dag_decorator.py
[2025-04-13T15:05:57.526+0000] {logging_mixin.py:188} INFO - [2025-04-13T15:05:57.525+0000] {dag.py:3036} INFO - Sync 1 DAGs
[2025-04-13T15:05:57.581+0000] {logging_mixin.py:188} INFO - [2025-04-13T15:05:57.580+0000] {dag.py:3823} INFO - Setting next_dagrun for example_dag_decorator to None, run_after=None
[2025-04-13T15:05:58.079+0000] {processor.py:183} INFO - Processing /home/airflow/.local/lib/python3.8/site-packages/airflow/example_dags/example_dag_decorator.py took 1.133 seconds
[2025-04-13T15:06:28.811+0000] {processor.py:161} INFO - Started process (PID=1219) to work on /home/airflow/.local/lib/python3.8/site-packages/airflow/example_dags/example_dag_decorator.py
[2025-04-13T15:06:28.813+0000] {processor.py:830} INFO - Processing file /home/airflow/.local/lib/python3.8/site-packages/airflow/example_dags/example_dag_decorator.py for tasks to queue
[2025-04-13T15:06:28.816+0000] {logging_mixin.py:188} INFO - [2025-04-13T15:06:28.815+0000] {dagbag.py:538} INFO - Filling up the DagBag from /home/airflow/.local/lib/python3.8/site-packages/airflow/example_dags/example_dag_decorator.py
[2025-04-13T15:06:28.933+0000] {processor.py:840} INFO - DAG(s) 'example_dag_decorator' retrieved from /home/airflow/.local/lib/python3.8/site-packages/airflow/example_dags/example_dag_decorator.py
[2025-04-13T15:06:29.062+0000] {logging_mixin.py:188} INFO - [2025-04-13T15:06:29.062+0000] {dag.py:3036} INFO - Sync 1 DAGs
[2025-04-13T15:06:29.077+0000] {logging_mixin.py:188} INFO - [2025-04-13T15:06:29.077+0000] {dag.py:3823} INFO - Setting next_dagrun for example_dag_decorator to None, run_after=None
[2025-04-13T15:06:29.222+0000] {processor.py:183} INFO - Processing /home/airflow/.local/lib/python3.8/site-packages/airflow/example_dags/example_dag_decorator.py took 0.415 seconds
[2025-04-13T15:07:00.139+0000] {processor.py:161} INFO - Started process (PID=1272) to work on /home/airflow/.local/lib/python3.8/site-packages/airflow/example_dags/example_dag_decorator.py
[2025-04-13T15:07:00.140+0000] {processor.py:830} INFO - Processing file /home/airflow/.local/lib/python3.8/site-packages/airflow/example_dags/example_dag_decorator.py for tasks to queue
[2025-04-13T15:07:00.143+0000] {logging_mixin.py:188} INFO - [2025-04-13T15:07:00.142+0000] {dagbag.py:538} INFO - Filling up the DagBag from /home/airflow/.local/lib/python3.8/site-packages/airflow/example_dags/example_dag_decorator.py
[2025-04-13T15:07:00.248+0000] {processor.py:840} INFO - DAG(s) 'example_dag_decorator' retrieved from /home/airflow/.local/lib/python3.8/site-packages/airflow/example_dags/example_dag_decorator.py
[2025-04-13T15:07:00.453+0000] {logging_mixin.py:188} INFO - [2025-04-13T15:07:00.453+0000] {dag.py:3036} INFO - Sync 1 DAGs
[2025-04-13T15:07:00.482+0000] {logging_mixin.py:188} INFO - [2025-04-13T15:07:00.482+0000] {dag.py:3823} INFO - Setting next_dagrun for example_dag_decorator to None, run_after=None
[2025-04-13T15:07:00.521+0000] {processor.py:183} INFO - Processing /home/airflow/.local/lib/python3.8/site-packages/airflow/example_dags/example_dag_decorator.py took 0.385 seconds
[2025-04-13T15:07:32.576+0000] {processor.py:161} INFO - Started process (PID=1328) to work on /home/airflow/.local/lib/python3.8/site-packages/airflow/example_dags/example_dag_decorator.py
[2025-04-13T15:07:32.577+0000] {processor.py:830} INFO - Processing file /home/airflow/.local/lib/python3.8/site-packages/airflow/example_dags/example_dag_decorator.py for tasks to queue
[2025-04-13T15:07:32.580+0000] {logging_mixin.py:188} INFO - [2025-04-13T15:07:32.579+0000] {dagbag.py:538} INFO - Filling up the DagBag from /home/airflow/.local/lib/python3.8/site-packages/airflow/example_dags/example_dag_decorator.py
[2025-04-13T15:07:32.704+0000] {processor.py:840} INFO - DAG(s) 'example_dag_decorator' retrieved from /home/airflow/.local/lib/python3.8/site-packages/airflow/example_dags/example_dag_decorator.py
[2025-04-13T15:07:32.735+0000] {logging_mixin.py:188} INFO - [2025-04-13T15:07:32.735+0000] {dag.py:3036} INFO - Sync 1 DAGs
[2025-04-13T15:07:32.750+0000] {logging_mixin.py:188} INFO - [2025-04-13T15:07:32.750+0000] {dag.py:3823} INFO - Setting next_dagrun for example_dag_decorator to None, run_after=None
[2025-04-13T15:07:32.773+0000] {processor.py:183} INFO - Processing /home/airflow/.local/lib/python3.8/site-packages/airflow/example_dags/example_dag_decorator.py took 0.201 seconds
[2025-04-13T15:08:05.372+0000] {processor.py:161} INFO - Started process (PID=1383) to work on /home/airflow/.local/lib/python3.8/site-packages/airflow/example_dags/example_dag_decorator.py
[2025-04-13T15:08:05.373+0000] {processor.py:830} INFO - Processing file /home/airflow/.local/lib/python3.8/site-packages/airflow/example_dags/example_dag_decorator.py for tasks to queue
[2025-04-13T15:08:05.375+0000] {logging_mixin.py:188} INFO - [2025-04-13T15:08:05.375+0000] {dagbag.py:538} INFO - Filling up the DagBag from /home/airflow/.local/lib/python3.8/site-packages/airflow/example_dags/example_dag_decorator.py
[2025-04-13T15:08:05.494+0000] {processor.py:840} INFO - DAG(s) 'example_dag_decorator' retrieved from /home/airflow/.local/lib/python3.8/site-packages/airflow/example_dags/example_dag_decorator.py
[2025-04-13T15:08:05.820+0000] {logging_mixin.py:188} INFO - [2025-04-13T15:08:05.820+0000] {dag.py:3036} INFO - Sync 1 DAGs
[2025-04-13T15:08:05.853+0000] {logging_mixin.py:188} INFO - [2025-04-13T15:08:05.853+0000] {dag.py:3823} INFO - Setting next_dagrun for example_dag_decorator to None, run_after=None
[2025-04-13T15:08:05.893+0000] {processor.py:183} INFO - Processing /home/airflow/.local/lib/python3.8/site-packages/airflow/example_dags/example_dag_decorator.py took 0.525 seconds
[2025-04-13T15:08:37.612+0000] {processor.py:161} INFO - Started process (PID=1437) to work on /home/airflow/.local/lib/python3.8/site-packages/airflow/example_dags/example_dag_decorator.py
[2025-04-13T15:08:37.614+0000] {processor.py:830} INFO - Processing file /home/airflow/.local/lib/python3.8/site-packages/airflow/example_dags/example_dag_decorator.py for tasks to queue
[2025-04-13T15:08:37.616+0000] {logging_mixin.py:188} INFO - [2025-04-13T15:08:37.616+0000] {dagbag.py:538} INFO - Filling up the DagBag from /home/airflow/.local/lib/python3.8/site-packages/airflow/example_dags/example_dag_decorator.py
[2025-04-13T15:08:37.748+0000] {processor.py:840} INFO - DAG(s) 'example_dag_decorator' retrieved from /home/airflow/.local/lib/python3.8/site-packages/airflow/example_dags/example_dag_decorator.py
[2025-04-13T15:08:37.879+0000] {logging_mixin.py:188} INFO - [2025-04-13T15:08:37.878+0000] {dag.py:3036} INFO - Sync 1 DAGs
[2025-04-13T15:08:38.060+0000] {logging_mixin.py:188} INFO - [2025-04-13T15:08:38.060+0000] {dag.py:3823} INFO - Setting next_dagrun for example_dag_decorator to None, run_after=None
[2025-04-13T15:08:38.085+0000] {processor.py:183} INFO - Processing /home/airflow/.local/lib/python3.8/site-packages/airflow/example_dags/example_dag_decorator.py took 0.476 seconds
[2025-04-13T15:09:10.315+0000] {processor.py:161} INFO - Started process (PID=1492) to work on /home/airflow/.local/lib/python3.8/site-packages/airflow/example_dags/example_dag_decorator.py
[2025-04-13T15:09:10.317+0000] {processor.py:830} INFO - Processing file /home/airflow/.local/lib/python3.8/site-packages/airflow/example_dags/example_dag_decorator.py for tasks to queue
[2025-04-13T15:09:10.319+0000] {logging_mixin.py:188} INFO - [2025-04-13T15:09:10.319+0000] {dagbag.py:538} INFO - Filling up the DagBag from /home/airflow/.local/lib/python3.8/site-packages/airflow/example_dags/example_dag_decorator.py
[2025-04-13T15:09:10.470+0000] {processor.py:840} INFO - DAG(s) 'example_dag_decorator' retrieved from /home/airflow/.local/lib/python3.8/site-packages/airflow/example_dags/example_dag_decorator.py
[2025-04-13T15:09:10.699+0000] {logging_mixin.py:188} INFO - [2025-04-13T15:09:10.699+0000] {dag.py:3036} INFO - Sync 1 DAGs
[2025-04-13T15:09:10.721+0000] {logging_mixin.py:188} INFO - [2025-04-13T15:09:10.721+0000] {dag.py:3823} INFO - Setting next_dagrun for example_dag_decorator to None, run_after=None
[2025-04-13T15:09:11.212+0000] {processor.py:183} INFO - Processing /home/airflow/.local/lib/python3.8/site-packages/airflow/example_dags/example_dag_decorator.py took 0.900 seconds
[2025-04-13T15:09:50.147+0000] {processor.py:161} INFO - Started process (PID=1547) to work on /home/airflow/.local/lib/python3.8/site-packages/airflow/example_dags/example_dag_decorator.py
[2025-04-13T15:09:50.163+0000] {processor.py:830} INFO - Processing file /home/airflow/.local/lib/python3.8/site-packages/airflow/example_dags/example_dag_decorator.py for tasks to queue
[2025-04-13T15:09:50.176+0000] {logging_mixin.py:188} INFO - [2025-04-13T15:09:50.175+0000] {dagbag.py:538} INFO - Filling up the DagBag from /home/airflow/.local/lib/python3.8/site-packages/airflow/example_dags/example_dag_decorator.py
[2025-04-13T15:09:50.480+0000] {processor.py:840} INFO - DAG(s) 'example_dag_decorator' retrieved from /home/airflow/.local/lib/python3.8/site-packages/airflow/example_dags/example_dag_decorator.py
[2025-04-13T15:09:50.575+0000] {logging_mixin.py:188} INFO - [2025-04-13T15:09:50.575+0000] {dag.py:3036} INFO - Sync 1 DAGs
[2025-04-13T15:09:50.602+0000] {logging_mixin.py:188} INFO - [2025-04-13T15:09:50.601+0000] {dag.py:3823} INFO - Setting next_dagrun for example_dag_decorator to None, run_after=None
[2025-04-13T15:09:50.658+0000] {processor.py:183} INFO - Processing /home/airflow/.local/lib/python3.8/site-packages/airflow/example_dags/example_dag_decorator.py took 0.523 seconds
[2025-04-13T15:10:21.524+0000] {processor.py:161} INFO - Started process (PID=1602) to work on /home/airflow/.local/lib/python3.8/site-packages/airflow/example_dags/example_dag_decorator.py
[2025-04-13T15:10:21.526+0000] {processor.py:830} INFO - Processing file /home/airflow/.local/lib/python3.8/site-packages/airflow/example_dags/example_dag_decorator.py for tasks to queue
[2025-04-13T15:10:21.529+0000] {logging_mixin.py:188} INFO - [2025-04-13T15:10:21.528+0000] {dagbag.py:538} INFO - Filling up the DagBag from /home/airflow/.local/lib/python3.8/site-packages/airflow/example_dags/example_dag_decorator.py
[2025-04-13T15:10:21.695+0000] {processor.py:840} INFO - DAG(s) 'example_dag_decorator' retrieved from /home/airflow/.local/lib/python3.8/site-packages/airflow/example_dags/example_dag_decorator.py
[2025-04-13T15:10:22.188+0000] {logging_mixin.py:188} INFO - [2025-04-13T15:10:22.188+0000] {dag.py:3036} INFO - Sync 1 DAGs
[2025-04-13T15:10:22.205+0000] {logging_mixin.py:188} INFO - [2025-04-13T15:10:22.205+0000] {dag.py:3823} INFO - Setting next_dagrun for example_dag_decorator to None, run_after=None
[2025-04-13T15:10:22.244+0000] {processor.py:183} INFO - Processing /home/airflow/.local/lib/python3.8/site-packages/airflow/example_dags/example_dag_decorator.py took 0.724 seconds
[2025-04-13T15:10:52.362+0000] {processor.py:161} INFO - Started process (PID=1660) to work on /home/airflow/.local/lib/python3.8/site-packages/airflow/example_dags/example_dag_decorator.py
[2025-04-13T15:10:52.363+0000] {processor.py:830} INFO - Processing file /home/airflow/.local/lib/python3.8/site-packages/airflow/example_dags/example_dag_decorator.py for tasks to queue
[2025-04-13T15:10:52.366+0000] {logging_mixin.py:188} INFO - [2025-04-13T15:10:52.365+0000] {dagbag.py:538} INFO - Filling up the DagBag from /home/airflow/.local/lib/python3.8/site-packages/airflow/example_dags/example_dag_decorator.py
[2025-04-13T15:10:52.522+0000] {processor.py:840} INFO - DAG(s) 'example_dag_decorator' retrieved from /home/airflow/.local/lib/python3.8/site-packages/airflow/example_dags/example_dag_decorator.py
[2025-04-13T15:10:52.861+0000] {logging_mixin.py:188} INFO - [2025-04-13T15:10:52.861+0000] {dag.py:3036} INFO - Sync 1 DAGs
[2025-04-13T15:10:52.873+0000] {logging_mixin.py:188} INFO - [2025-04-13T15:10:52.873+0000] {dag.py:3823} INFO - Setting next_dagrun for example_dag_decorator to None, run_after=None
[2025-04-13T15:10:52.911+0000] {processor.py:183} INFO - Processing /home/airflow/.local/lib/python3.8/site-packages/airflow/example_dags/example_dag_decorator.py took 0.561 seconds
[2025-04-13T15:11:23.877+0000] {processor.py:161} INFO - Started process (PID=1718) to work on /home/airflow/.local/lib/python3.8/site-packages/airflow/example_dags/example_dag_decorator.py
[2025-04-13T15:11:23.879+0000] {processor.py:830} INFO - Processing file /home/airflow/.local/lib/python3.8/site-packages/airflow/example_dags/example_dag_decorator.py for tasks to queue
[2025-04-13T15:11:23.882+0000] {logging_mixin.py:188} INFO - [2025-04-13T15:11:23.881+0000] {dagbag.py:538} INFO - Filling up the DagBag from /home/airflow/.local/lib/python3.8/site-packages/airflow/example_dags/example_dag_decorator.py
[2025-04-13T15:11:24.024+0000] {processor.py:840} INFO - DAG(s) 'example_dag_decorator' retrieved from /home/airflow/.local/lib/python3.8/site-packages/airflow/example_dags/example_dag_decorator.py
[2025-04-13T15:11:24.273+0000] {logging_mixin.py:188} INFO - [2025-04-13T15:11:24.272+0000] {dag.py:3036} INFO - Sync 1 DAGs
[2025-04-13T15:11:24.283+0000] {logging_mixin.py:188} INFO - [2025-04-13T15:11:24.283+0000] {dag.py:3823} INFO - Setting next_dagrun for example_dag_decorator to None, run_after=None
[2025-04-13T15:11:24.307+0000] {processor.py:183} INFO - Processing /home/airflow/.local/lib/python3.8/site-packages/airflow/example_dags/example_dag_decorator.py took 0.435 seconds
[2025-04-13T15:11:55.411+0000] {processor.py:161} INFO - Started process (PID=1772) to work on /home/airflow/.local/lib/python3.8/site-packages/airflow/example_dags/example_dag_decorator.py
[2025-04-13T15:11:55.413+0000] {processor.py:830} INFO - Processing file /home/airflow/.local/lib/python3.8/site-packages/airflow/example_dags/example_dag_decorator.py for tasks to queue
[2025-04-13T15:11:55.416+0000] {logging_mixin.py:188} INFO - [2025-04-13T15:11:55.415+0000] {dagbag.py:538} INFO - Filling up the DagBag from /home/airflow/.local/lib/python3.8/site-packages/airflow/example_dags/example_dag_decorator.py
[2025-04-13T15:11:55.632+0000] {processor.py:840} INFO - DAG(s) 'example_dag_decorator' retrieved from /home/airflow/.local/lib/python3.8/site-packages/airflow/example_dags/example_dag_decorator.py
[2025-04-13T15:11:56.046+0000] {logging_mixin.py:188} INFO - [2025-04-13T15:11:56.045+0000] {dag.py:3036} INFO - Sync 1 DAGs
[2025-04-13T15:11:56.093+0000] {logging_mixin.py:188} INFO - [2025-04-13T15:11:56.093+0000] {dag.py:3823} INFO - Setting next_dagrun for example_dag_decorator to None, run_after=None
[2025-04-13T15:11:56.135+0000] {processor.py:183} INFO - Processing /home/airflow/.local/lib/python3.8/site-packages/airflow/example_dags/example_dag_decorator.py took 0.732 seconds
[2025-04-13T15:12:27.356+0000] {processor.py:161} INFO - Started process (PID=1821) to work on /home/airflow/.local/lib/python3.8/site-packages/airflow/example_dags/example_dag_decorator.py
[2025-04-13T15:12:27.357+0000] {processor.py:830} INFO - Processing file /home/airflow/.local/lib/python3.8/site-packages/airflow/example_dags/example_dag_decorator.py for tasks to queue
[2025-04-13T15:12:27.359+0000] {logging_mixin.py:188} INFO - [2025-04-13T15:12:27.359+0000] {dagbag.py:538} INFO - Filling up the DagBag from /home/airflow/.local/lib/python3.8/site-packages/airflow/example_dags/example_dag_decorator.py
[2025-04-13T15:12:27.484+0000] {processor.py:840} INFO - DAG(s) 'example_dag_decorator' retrieved from /home/airflow/.local/lib/python3.8/site-packages/airflow/example_dags/example_dag_decorator.py
[2025-04-13T15:12:27.780+0000] {logging_mixin.py:188} INFO - [2025-04-13T15:12:27.780+0000] {dag.py:3036} INFO - Sync 1 DAGs
[2025-04-13T15:12:27.792+0000] {logging_mixin.py:188} INFO - [2025-04-13T15:12:27.791+0000] {dag.py:3823} INFO - Setting next_dagrun for example_dag_decorator to None, run_after=None
[2025-04-13T15:12:27.818+0000] {processor.py:183} INFO - Processing /home/airflow/.local/lib/python3.8/site-packages/airflow/example_dags/example_dag_decorator.py took 0.466 seconds
[2025-04-13T15:13:03.519+0000] {processor.py:161} INFO - Started process (PID=1875) to work on /home/airflow/.local/lib/python3.8/site-packages/airflow/example_dags/example_dag_decorator.py
[2025-04-13T15:13:03.521+0000] {processor.py:830} INFO - Processing file /home/airflow/.local/lib/python3.8/site-packages/airflow/example_dags/example_dag_decorator.py for tasks to queue
[2025-04-13T15:13:03.534+0000] {logging_mixin.py:188} INFO - [2025-04-13T15:13:03.533+0000] {dagbag.py:538} INFO - Filling up the DagBag from /home/airflow/.local/lib/python3.8/site-packages/airflow/example_dags/example_dag_decorator.py
[2025-04-13T15:13:03.758+0000] {processor.py:840} INFO - DAG(s) 'example_dag_decorator' retrieved from /home/airflow/.local/lib/python3.8/site-packages/airflow/example_dags/example_dag_decorator.py
[2025-04-13T15:13:03.806+0000] {logging_mixin.py:188} INFO - [2025-04-13T15:13:03.806+0000] {dag.py:3036} INFO - Sync 1 DAGs
[2025-04-13T15:13:03.828+0000] {logging_mixin.py:188} INFO - [2025-04-13T15:13:03.828+0000] {dag.py:3823} INFO - Setting next_dagrun for example_dag_decorator to None, run_after=None
[2025-04-13T15:13:03.872+0000] {processor.py:183} INFO - Processing /home/airflow/.local/lib/python3.8/site-packages/airflow/example_dags/example_dag_decorator.py took 0.365 seconds
[2025-04-13T15:13:35.975+0000] {processor.py:161} INFO - Started process (PID=1931) to work on /home/airflow/.local/lib/python3.8/site-packages/airflow/example_dags/example_dag_decorator.py
[2025-04-13T15:13:35.981+0000] {processor.py:830} INFO - Processing file /home/airflow/.local/lib/python3.8/site-packages/airflow/example_dags/example_dag_decorator.py for tasks to queue
[2025-04-13T15:13:35.984+0000] {logging_mixin.py:188} INFO - [2025-04-13T15:13:35.984+0000] {dagbag.py:538} INFO - Filling up the DagBag from /home/airflow/.local/lib/python3.8/site-packages/airflow/example_dags/example_dag_decorator.py
[2025-04-13T15:13:36.326+0000] {processor.py:840} INFO - DAG(s) 'example_dag_decorator' retrieved from /home/airflow/.local/lib/python3.8/site-packages/airflow/example_dags/example_dag_decorator.py
[2025-04-13T15:13:36.378+0000] {logging_mixin.py:188} INFO - [2025-04-13T15:13:36.378+0000] {dag.py:3036} INFO - Sync 1 DAGs
[2025-04-13T15:13:36.411+0000] {logging_mixin.py:188} INFO - [2025-04-13T15:13:36.411+0000] {dag.py:3823} INFO - Setting next_dagrun for example_dag_decorator to None, run_after=None
[2025-04-13T15:13:36.455+0000] {processor.py:183} INFO - Processing /home/airflow/.local/lib/python3.8/site-packages/airflow/example_dags/example_dag_decorator.py took 0.490 seconds
[2025-04-13T15:14:12.218+0000] {processor.py:161} INFO - Started process (PID=1986) to work on /home/airflow/.local/lib/python3.8/site-packages/airflow/example_dags/example_dag_decorator.py
[2025-04-13T15:14:12.226+0000] {processor.py:830} INFO - Processing file /home/airflow/.local/lib/python3.8/site-packages/airflow/example_dags/example_dag_decorator.py for tasks to queue
[2025-04-13T15:14:12.230+0000] {logging_mixin.py:188} INFO - [2025-04-13T15:14:12.229+0000] {dagbag.py:538} INFO - Filling up the DagBag from /home/airflow/.local/lib/python3.8/site-packages/airflow/example_dags/example_dag_decorator.py
[2025-04-13T15:14:13.096+0000] {processor.py:840} INFO - DAG(s) 'example_dag_decorator' retrieved from /home/airflow/.local/lib/python3.8/site-packages/airflow/example_dags/example_dag_decorator.py
[2025-04-13T15:14:16.533+0000] {logging_mixin.py:188} INFO - [2025-04-13T15:14:16.530+0000] {dag.py:3036} INFO - Sync 1 DAGs
[2025-04-13T15:14:16.568+0000] {logging_mixin.py:188} INFO - [2025-04-13T15:14:16.567+0000] {dag.py:3823} INFO - Setting next_dagrun for example_dag_decorator to None, run_after=None
[2025-04-13T15:14:16.629+0000] {processor.py:183} INFO - Processing /home/airflow/.local/lib/python3.8/site-packages/airflow/example_dags/example_dag_decorator.py took 4.418 seconds
[2025-04-13T15:14:47.154+0000] {processor.py:161} INFO - Started process (PID=2042) to work on /home/airflow/.local/lib/python3.8/site-packages/airflow/example_dags/example_dag_decorator.py
[2025-04-13T15:14:47.156+0000] {processor.py:830} INFO - Processing file /home/airflow/.local/lib/python3.8/site-packages/airflow/example_dags/example_dag_decorator.py for tasks to queue
[2025-04-13T15:14:47.168+0000] {logging_mixin.py:188} INFO - [2025-04-13T15:14:47.167+0000] {dagbag.py:538} INFO - Filling up the DagBag from /home/airflow/.local/lib/python3.8/site-packages/airflow/example_dags/example_dag_decorator.py
[2025-04-13T15:14:47.368+0000] {processor.py:840} INFO - DAG(s) 'example_dag_decorator' retrieved from /home/airflow/.local/lib/python3.8/site-packages/airflow/example_dags/example_dag_decorator.py
[2025-04-13T15:14:47.728+0000] {logging_mixin.py:188} INFO - [2025-04-13T15:14:47.728+0000] {dag.py:3036} INFO - Sync 1 DAGs
[2025-04-13T15:14:47.743+0000] {logging_mixin.py:188} INFO - [2025-04-13T15:14:47.743+0000] {dag.py:3823} INFO - Setting next_dagrun for example_dag_decorator to None, run_after=None
[2025-04-13T15:14:47.771+0000] {processor.py:183} INFO - Processing /home/airflow/.local/lib/python3.8/site-packages/airflow/example_dags/example_dag_decorator.py took 0.622 seconds
[2025-04-13T15:15:18.470+0000] {processor.py:161} INFO - Started process (PID=2098) to work on /home/airflow/.local/lib/python3.8/site-packages/airflow/example_dags/example_dag_decorator.py
[2025-04-13T15:15:18.471+0000] {processor.py:830} INFO - Processing file /home/airflow/.local/lib/python3.8/site-packages/airflow/example_dags/example_dag_decorator.py for tasks to queue
[2025-04-13T15:15:18.474+0000] {logging_mixin.py:188} INFO - [2025-04-13T15:15:18.473+0000] {dagbag.py:538} INFO - Filling up the DagBag from /home/airflow/.local/lib/python3.8/site-packages/airflow/example_dags/example_dag_decorator.py
[2025-04-13T15:15:18.609+0000] {processor.py:840} INFO - DAG(s) 'example_dag_decorator' retrieved from /home/airflow/.local/lib/python3.8/site-packages/airflow/example_dags/example_dag_decorator.py
[2025-04-13T15:15:18.929+0000] {logging_mixin.py:188} INFO - [2025-04-13T15:15:18.929+0000] {dag.py:3036} INFO - Sync 1 DAGs
[2025-04-13T15:15:18.939+0000] {logging_mixin.py:188} INFO - [2025-04-13T15:15:18.939+0000] {dag.py:3823} INFO - Setting next_dagrun for example_dag_decorator to None, run_after=None
[2025-04-13T15:15:18.961+0000] {processor.py:183} INFO - Processing /home/airflow/.local/lib/python3.8/site-packages/airflow/example_dags/example_dag_decorator.py took 0.496 seconds
[2025-04-13T15:15:49.098+0000] {processor.py:161} INFO - Started process (PID=2158) to work on /home/airflow/.local/lib/python3.8/site-packages/airflow/example_dags/example_dag_decorator.py
[2025-04-13T15:15:49.099+0000] {processor.py:830} INFO - Processing file /home/airflow/.local/lib/python3.8/site-packages/airflow/example_dags/example_dag_decorator.py for tasks to queue
[2025-04-13T15:15:49.103+0000] {logging_mixin.py:188} INFO - [2025-04-13T15:15:49.102+0000] {dagbag.py:538} INFO - Filling up the DagBag from /home/airflow/.local/lib/python3.8/site-packages/airflow/example_dags/example_dag_decorator.py
[2025-04-13T15:15:49.251+0000] {processor.py:840} INFO - DAG(s) 'example_dag_decorator' retrieved from /home/airflow/.local/lib/python3.8/site-packages/airflow/example_dags/example_dag_decorator.py
[2025-04-13T15:15:49.570+0000] {logging_mixin.py:188} INFO - [2025-04-13T15:15:49.569+0000] {dag.py:3036} INFO - Sync 1 DAGs
[2025-04-13T15:15:49.583+0000] {logging_mixin.py:188} INFO - [2025-04-13T15:15:49.582+0000] {dag.py:3823} INFO - Setting next_dagrun for example_dag_decorator to None, run_after=None
[2025-04-13T15:15:49.608+0000] {processor.py:183} INFO - Processing /home/airflow/.local/lib/python3.8/site-packages/airflow/example_dags/example_dag_decorator.py took 0.516 seconds
[2025-04-13T15:16:20.453+0000] {processor.py:161} INFO - Started process (PID=2214) to work on /home/airflow/.local/lib/python3.8/site-packages/airflow/example_dags/example_dag_decorator.py
[2025-04-13T15:16:20.454+0000] {processor.py:830} INFO - Processing file /home/airflow/.local/lib/python3.8/site-packages/airflow/example_dags/example_dag_decorator.py for tasks to queue
[2025-04-13T15:16:20.456+0000] {logging_mixin.py:188} INFO - [2025-04-13T15:16:20.456+0000] {dagbag.py:538} INFO - Filling up the DagBag from /home/airflow/.local/lib/python3.8/site-packages/airflow/example_dags/example_dag_decorator.py
[2025-04-13T15:16:20.744+0000] {processor.py:840} INFO - DAG(s) 'example_dag_decorator' retrieved from /home/airflow/.local/lib/python3.8/site-packages/airflow/example_dags/example_dag_decorator.py
[2025-04-13T15:16:20.837+0000] {logging_mixin.py:188} INFO - [2025-04-13T15:16:20.837+0000] {dag.py:3036} INFO - Sync 1 DAGs
[2025-04-13T15:16:20.847+0000] {logging_mixin.py:188} INFO - [2025-04-13T15:16:20.847+0000] {dag.py:3823} INFO - Setting next_dagrun for example_dag_decorator to None, run_after=None
[2025-04-13T15:16:20.870+0000] {processor.py:183} INFO - Processing /home/airflow/.local/lib/python3.8/site-packages/airflow/example_dags/example_dag_decorator.py took 0.420 seconds
[2025-04-13T15:19:24.037+0000] {processor.py:161} INFO - Started process (PID=109) to work on /home/airflow/.local/lib/python3.8/site-packages/airflow/example_dags/example_dag_decorator.py
[2025-04-13T15:19:24.039+0000] {processor.py:830} INFO - Processing file /home/airflow/.local/lib/python3.8/site-packages/airflow/example_dags/example_dag_decorator.py for tasks to queue
[2025-04-13T15:19:24.045+0000] {logging_mixin.py:188} INFO - [2025-04-13T15:19:24.044+0000] {dagbag.py:538} INFO - Filling up the DagBag from /home/airflow/.local/lib/python3.8/site-packages/airflow/example_dags/example_dag_decorator.py
[2025-04-13T15:19:25.350+0000] {processor.py:840} INFO - DAG(s) 'example_dag_decorator' retrieved from /home/airflow/.local/lib/python3.8/site-packages/airflow/example_dags/example_dag_decorator.py
[2025-04-13T15:19:25.611+0000] {logging_mixin.py:188} INFO - [2025-04-13T15:19:25.611+0000] {dag.py:3036} INFO - Sync 1 DAGs
[2025-04-13T15:19:25.671+0000] {logging_mixin.py:188} INFO - [2025-04-13T15:19:25.671+0000] {dag.py:3823} INFO - Setting next_dagrun for example_dag_decorator to None, run_after=None
[2025-04-13T15:19:25.748+0000] {processor.py:183} INFO - Processing /home/airflow/.local/lib/python3.8/site-packages/airflow/example_dags/example_dag_decorator.py took 1.716 seconds
[2025-04-13T15:19:55.948+0000] {processor.py:161} INFO - Started process (PID=166) to work on /home/airflow/.local/lib/python3.8/site-packages/airflow/example_dags/example_dag_decorator.py
[2025-04-13T15:19:55.960+0000] {processor.py:830} INFO - Processing file /home/airflow/.local/lib/python3.8/site-packages/airflow/example_dags/example_dag_decorator.py for tasks to queue
[2025-04-13T15:19:56.026+0000] {logging_mixin.py:188} INFO - [2025-04-13T15:19:56.019+0000] {dagbag.py:538} INFO - Filling up the DagBag from /home/airflow/.local/lib/python3.8/site-packages/airflow/example_dags/example_dag_decorator.py
[2025-04-13T15:19:56.826+0000] {processor.py:840} INFO - DAG(s) 'example_dag_decorator' retrieved from /home/airflow/.local/lib/python3.8/site-packages/airflow/example_dags/example_dag_decorator.py
[2025-04-13T15:19:57.131+0000] {logging_mixin.py:188} INFO - [2025-04-13T15:19:57.130+0000] {dag.py:3036} INFO - Sync 1 DAGs
[2025-04-13T15:19:57.154+0000] {logging_mixin.py:188} INFO - [2025-04-13T15:19:57.154+0000] {dag.py:3823} INFO - Setting next_dagrun for example_dag_decorator to None, run_after=None
[2025-04-13T15:19:57.197+0000] {processor.py:183} INFO - Processing /home/airflow/.local/lib/python3.8/site-packages/airflow/example_dags/example_dag_decorator.py took 1.253 seconds
[2025-04-13T15:20:27.295+0000] {processor.py:161} INFO - Started process (PID=226) to work on /home/airflow/.local/lib/python3.8/site-packages/airflow/example_dags/example_dag_decorator.py
[2025-04-13T15:20:27.302+0000] {processor.py:830} INFO - Processing file /home/airflow/.local/lib/python3.8/site-packages/airflow/example_dags/example_dag_decorator.py for tasks to queue
[2025-04-13T15:20:27.306+0000] {logging_mixin.py:188} INFO - [2025-04-13T15:20:27.304+0000] {dagbag.py:538} INFO - Filling up the DagBag from /home/airflow/.local/lib/python3.8/site-packages/airflow/example_dags/example_dag_decorator.py
[2025-04-13T15:20:27.570+0000] {processor.py:840} INFO - DAG(s) 'example_dag_decorator' retrieved from /home/airflow/.local/lib/python3.8/site-packages/airflow/example_dags/example_dag_decorator.py
[2025-04-13T15:20:27.788+0000] {logging_mixin.py:188} INFO - [2025-04-13T15:20:27.787+0000] {dag.py:3036} INFO - Sync 1 DAGs
[2025-04-13T15:20:27.809+0000] {logging_mixin.py:188} INFO - [2025-04-13T15:20:27.809+0000] {dag.py:3823} INFO - Setting next_dagrun for example_dag_decorator to None, run_after=None
[2025-04-13T15:20:27.874+0000] {processor.py:183} INFO - Processing /home/airflow/.local/lib/python3.8/site-packages/airflow/example_dags/example_dag_decorator.py took 0.583 seconds
[2025-04-13T15:20:58.384+0000] {processor.py:161} INFO - Started process (PID=283) to work on /home/airflow/.local/lib/python3.8/site-packages/airflow/example_dags/example_dag_decorator.py
[2025-04-13T15:20:58.393+0000] {processor.py:830} INFO - Processing file /home/airflow/.local/lib/python3.8/site-packages/airflow/example_dags/example_dag_decorator.py for tasks to queue
[2025-04-13T15:20:58.396+0000] {logging_mixin.py:188} INFO - [2025-04-13T15:20:58.395+0000] {dagbag.py:538} INFO - Filling up the DagBag from /home/airflow/.local/lib/python3.8/site-packages/airflow/example_dags/example_dag_decorator.py
[2025-04-13T15:20:58.525+0000] {processor.py:840} INFO - DAG(s) 'example_dag_decorator' retrieved from /home/airflow/.local/lib/python3.8/site-packages/airflow/example_dags/example_dag_decorator.py
[2025-04-13T15:20:58.688+0000] {logging_mixin.py:188} INFO - [2025-04-13T15:20:58.688+0000] {dag.py:3036} INFO - Sync 1 DAGs
[2025-04-13T15:20:58.741+0000] {logging_mixin.py:188} INFO - [2025-04-13T15:20:58.741+0000] {dag.py:3823} INFO - Setting next_dagrun for example_dag_decorator to None, run_after=None
[2025-04-13T15:20:58.796+0000] {processor.py:183} INFO - Processing /home/airflow/.local/lib/python3.8/site-packages/airflow/example_dags/example_dag_decorator.py took 0.417 seconds
[2025-04-13T15:21:29.778+0000] {processor.py:161} INFO - Started process (PID=339) to work on /home/airflow/.local/lib/python3.8/site-packages/airflow/example_dags/example_dag_decorator.py
[2025-04-13T15:21:29.779+0000] {processor.py:830} INFO - Processing file /home/airflow/.local/lib/python3.8/site-packages/airflow/example_dags/example_dag_decorator.py for tasks to queue
[2025-04-13T15:21:29.781+0000] {logging_mixin.py:188} INFO - [2025-04-13T15:21:29.781+0000] {dagbag.py:538} INFO - Filling up the DagBag from /home/airflow/.local/lib/python3.8/site-packages/airflow/example_dags/example_dag_decorator.py
[2025-04-13T15:21:29.872+0000] {processor.py:840} INFO - DAG(s) 'example_dag_decorator' retrieved from /home/airflow/.local/lib/python3.8/site-packages/airflow/example_dags/example_dag_decorator.py
[2025-04-13T15:21:29.897+0000] {logging_mixin.py:188} INFO - [2025-04-13T15:21:29.896+0000] {dag.py:3036} INFO - Sync 1 DAGs
[2025-04-13T15:21:29.910+0000] {logging_mixin.py:188} INFO - [2025-04-13T15:21:29.909+0000] {dag.py:3823} INFO - Setting next_dagrun for example_dag_decorator to None, run_after=None
[2025-04-13T15:21:29.931+0000] {processor.py:183} INFO - Processing /home/airflow/.local/lib/python3.8/site-packages/airflow/example_dags/example_dag_decorator.py took 0.156 seconds
[2025-04-13T15:22:00.282+0000] {processor.py:161} INFO - Started process (PID=395) to work on /home/airflow/.local/lib/python3.8/site-packages/airflow/example_dags/example_dag_decorator.py
[2025-04-13T15:22:00.283+0000] {processor.py:830} INFO - Processing file /home/airflow/.local/lib/python3.8/site-packages/airflow/example_dags/example_dag_decorator.py for tasks to queue
[2025-04-13T15:22:00.285+0000] {logging_mixin.py:188} INFO - [2025-04-13T15:22:00.284+0000] {dagbag.py:538} INFO - Filling up the DagBag from /home/airflow/.local/lib/python3.8/site-packages/airflow/example_dags/example_dag_decorator.py
[2025-04-13T15:22:00.397+0000] {processor.py:840} INFO - DAG(s) 'example_dag_decorator' retrieved from /home/airflow/.local/lib/python3.8/site-packages/airflow/example_dags/example_dag_decorator.py
[2025-04-13T15:22:00.526+0000] {logging_mixin.py:188} INFO - [2025-04-13T15:22:00.526+0000] {dag.py:3036} INFO - Sync 1 DAGs
[2025-04-13T15:22:00.541+0000] {logging_mixin.py:188} INFO - [2025-04-13T15:22:00.541+0000] {dag.py:3823} INFO - Setting next_dagrun for example_dag_decorator to None, run_after=None
[2025-04-13T15:22:00.571+0000] {processor.py:183} INFO - Processing /home/airflow/.local/lib/python3.8/site-packages/airflow/example_dags/example_dag_decorator.py took 0.293 seconds
[2025-04-13T15:22:30.741+0000] {processor.py:161} INFO - Started process (PID=445) to work on /home/airflow/.local/lib/python3.8/site-packages/airflow/example_dags/example_dag_decorator.py
[2025-04-13T15:22:30.742+0000] {processor.py:830} INFO - Processing file /home/airflow/.local/lib/python3.8/site-packages/airflow/example_dags/example_dag_decorator.py for tasks to queue
[2025-04-13T15:22:30.747+0000] {logging_mixin.py:188} INFO - [2025-04-13T15:22:30.746+0000] {dagbag.py:538} INFO - Filling up the DagBag from /home/airflow/.local/lib/python3.8/site-packages/airflow/example_dags/example_dag_decorator.py
[2025-04-13T15:22:31.054+0000] {processor.py:840} INFO - DAG(s) 'example_dag_decorator' retrieved from /home/airflow/.local/lib/python3.8/site-packages/airflow/example_dags/example_dag_decorator.py
[2025-04-13T15:22:31.208+0000] {logging_mixin.py:188} INFO - [2025-04-13T15:22:31.208+0000] {dag.py:3036} INFO - Sync 1 DAGs
[2025-04-13T15:22:31.226+0000] {logging_mixin.py:188} INFO - [2025-04-13T15:22:31.225+0000] {dag.py:3823} INFO - Setting next_dagrun for example_dag_decorator to None, run_after=None
[2025-04-13T15:22:31.254+0000] {processor.py:183} INFO - Processing /home/airflow/.local/lib/python3.8/site-packages/airflow/example_dags/example_dag_decorator.py took 0.518 seconds
[2025-04-13T15:23:01.556+0000] {processor.py:161} INFO - Started process (PID=500) to work on /home/airflow/.local/lib/python3.8/site-packages/airflow/example_dags/example_dag_decorator.py
[2025-04-13T15:23:01.561+0000] {processor.py:830} INFO - Processing file /home/airflow/.local/lib/python3.8/site-packages/airflow/example_dags/example_dag_decorator.py for tasks to queue
[2025-04-13T15:23:01.569+0000] {logging_mixin.py:188} INFO - [2025-04-13T15:23:01.568+0000] {dagbag.py:538} INFO - Filling up the DagBag from /home/airflow/.local/lib/python3.8/site-packages/airflow/example_dags/example_dag_decorator.py
[2025-04-13T15:23:01.753+0000] {processor.py:840} INFO - DAG(s) 'example_dag_decorator' retrieved from /home/airflow/.local/lib/python3.8/site-packages/airflow/example_dags/example_dag_decorator.py
[2025-04-13T15:23:01.785+0000] {logging_mixin.py:188} INFO - [2025-04-13T15:23:01.784+0000] {dag.py:3036} INFO - Sync 1 DAGs
[2025-04-13T15:23:01.801+0000] {logging_mixin.py:188} INFO - [2025-04-13T15:23:01.801+0000] {dag.py:3823} INFO - Setting next_dagrun for example_dag_decorator to None, run_after=None
[2025-04-13T15:23:01.833+0000] {processor.py:183} INFO - Processing /home/airflow/.local/lib/python3.8/site-packages/airflow/example_dags/example_dag_decorator.py took 0.285 seconds
[2025-04-13T15:23:34.674+0000] {processor.py:161} INFO - Started process (PID=556) to work on /home/airflow/.local/lib/python3.8/site-packages/airflow/example_dags/example_dag_decorator.py
[2025-04-13T15:23:34.676+0000] {processor.py:830} INFO - Processing file /home/airflow/.local/lib/python3.8/site-packages/airflow/example_dags/example_dag_decorator.py for tasks to queue
[2025-04-13T15:23:34.681+0000] {logging_mixin.py:188} INFO - [2025-04-13T15:23:34.680+0000] {dagbag.py:538} INFO - Filling up the DagBag from /home/airflow/.local/lib/python3.8/site-packages/airflow/example_dags/example_dag_decorator.py
[2025-04-13T15:23:34.777+0000] {processor.py:840} INFO - DAG(s) 'example_dag_decorator' retrieved from /home/airflow/.local/lib/python3.8/site-packages/airflow/example_dags/example_dag_decorator.py
[2025-04-13T15:23:34.805+0000] {logging_mixin.py:188} INFO - [2025-04-13T15:23:34.805+0000] {dag.py:3036} INFO - Sync 1 DAGs
[2025-04-13T15:23:34.845+0000] {logging_mixin.py:188} INFO - [2025-04-13T15:23:34.843+0000] {dag.py:3823} INFO - Setting next_dagrun for example_dag_decorator to None, run_after=None
[2025-04-13T15:23:34.876+0000] {processor.py:183} INFO - Processing /home/airflow/.local/lib/python3.8/site-packages/airflow/example_dags/example_dag_decorator.py took 0.207 seconds
[2025-04-13T15:24:05.263+0000] {processor.py:161} INFO - Started process (PID=611) to work on /home/airflow/.local/lib/python3.8/site-packages/airflow/example_dags/example_dag_decorator.py
[2025-04-13T15:24:05.265+0000] {processor.py:830} INFO - Processing file /home/airflow/.local/lib/python3.8/site-packages/airflow/example_dags/example_dag_decorator.py for tasks to queue
[2025-04-13T15:24:05.267+0000] {logging_mixin.py:188} INFO - [2025-04-13T15:24:05.267+0000] {dagbag.py:538} INFO - Filling up the DagBag from /home/airflow/.local/lib/python3.8/site-packages/airflow/example_dags/example_dag_decorator.py
[2025-04-13T15:24:05.381+0000] {processor.py:840} INFO - DAG(s) 'example_dag_decorator' retrieved from /home/airflow/.local/lib/python3.8/site-packages/airflow/example_dags/example_dag_decorator.py
[2025-04-13T15:24:05.509+0000] {logging_mixin.py:188} INFO - [2025-04-13T15:24:05.508+0000] {dag.py:3036} INFO - Sync 1 DAGs
[2025-04-13T15:24:05.526+0000] {logging_mixin.py:188} INFO - [2025-04-13T15:24:05.525+0000] {dag.py:3823} INFO - Setting next_dagrun for example_dag_decorator to None, run_after=None
[2025-04-13T15:24:05.557+0000] {processor.py:183} INFO - Processing /home/airflow/.local/lib/python3.8/site-packages/airflow/example_dags/example_dag_decorator.py took 0.297 seconds
[2025-04-13T15:24:35.670+0000] {processor.py:161} INFO - Started process (PID=668) to work on /home/airflow/.local/lib/python3.8/site-packages/airflow/example_dags/example_dag_decorator.py
[2025-04-13T15:24:35.671+0000] {processor.py:830} INFO - Processing file /home/airflow/.local/lib/python3.8/site-packages/airflow/example_dags/example_dag_decorator.py for tasks to queue
[2025-04-13T15:24:35.674+0000] {logging_mixin.py:188} INFO - [2025-04-13T15:24:35.674+0000] {dagbag.py:538} INFO - Filling up the DagBag from /home/airflow/.local/lib/python3.8/site-packages/airflow/example_dags/example_dag_decorator.py
[2025-04-13T15:24:35.787+0000] {processor.py:840} INFO - DAG(s) 'example_dag_decorator' retrieved from /home/airflow/.local/lib/python3.8/site-packages/airflow/example_dags/example_dag_decorator.py
[2025-04-13T15:24:35.883+0000] {logging_mixin.py:188} INFO - [2025-04-13T15:24:35.882+0000] {dag.py:3036} INFO - Sync 1 DAGs
[2025-04-13T15:24:35.894+0000] {logging_mixin.py:188} INFO - [2025-04-13T15:24:35.894+0000] {dag.py:3823} INFO - Setting next_dagrun for example_dag_decorator to None, run_after=None
[2025-04-13T15:24:35.916+0000] {processor.py:183} INFO - Processing /home/airflow/.local/lib/python3.8/site-packages/airflow/example_dags/example_dag_decorator.py took 0.250 seconds
[2025-04-13T15:25:06.526+0000] {processor.py:161} INFO - Started process (PID=724) to work on /home/airflow/.local/lib/python3.8/site-packages/airflow/example_dags/example_dag_decorator.py
[2025-04-13T15:25:06.527+0000] {processor.py:830} INFO - Processing file /home/airflow/.local/lib/python3.8/site-packages/airflow/example_dags/example_dag_decorator.py for tasks to queue
[2025-04-13T15:25:06.529+0000] {logging_mixin.py:188} INFO - [2025-04-13T15:25:06.529+0000] {dagbag.py:538} INFO - Filling up the DagBag from /home/airflow/.local/lib/python3.8/site-packages/airflow/example_dags/example_dag_decorator.py
[2025-04-13T15:25:06.765+0000] {processor.py:840} INFO - DAG(s) 'example_dag_decorator' retrieved from /home/airflow/.local/lib/python3.8/site-packages/airflow/example_dags/example_dag_decorator.py
[2025-04-13T15:25:06.961+0000] {logging_mixin.py:188} INFO - [2025-04-13T15:25:06.960+0000] {dag.py:3036} INFO - Sync 1 DAGs
[2025-04-13T15:25:06.980+0000] {logging_mixin.py:188} INFO - [2025-04-13T15:25:06.979+0000] {dag.py:3823} INFO - Setting next_dagrun for example_dag_decorator to None, run_after=None
[2025-04-13T15:25:07.022+0000] {processor.py:183} INFO - Processing /home/airflow/.local/lib/python3.8/site-packages/airflow/example_dags/example_dag_decorator.py took 0.500 seconds
[2025-04-13T15:25:37.552+0000] {processor.py:161} INFO - Started process (PID=780) to work on /home/airflow/.local/lib/python3.8/site-packages/airflow/example_dags/example_dag_decorator.py
[2025-04-13T15:25:37.553+0000] {processor.py:830} INFO - Processing file /home/airflow/.local/lib/python3.8/site-packages/airflow/example_dags/example_dag_decorator.py for tasks to queue
[2025-04-13T15:25:37.556+0000] {logging_mixin.py:188} INFO - [2025-04-13T15:25:37.555+0000] {dagbag.py:538} INFO - Filling up the DagBag from /home/airflow/.local/lib/python3.8/site-packages/airflow/example_dags/example_dag_decorator.py
[2025-04-13T15:25:37.740+0000] {processor.py:840} INFO - DAG(s) 'example_dag_decorator' retrieved from /home/airflow/.local/lib/python3.8/site-packages/airflow/example_dags/example_dag_decorator.py
[2025-04-13T15:25:37.865+0000] {logging_mixin.py:188} INFO - [2025-04-13T15:25:37.865+0000] {dag.py:3036} INFO - Sync 1 DAGs
[2025-04-13T15:25:37.879+0000] {logging_mixin.py:188} INFO - [2025-04-13T15:25:37.879+0000] {dag.py:3823} INFO - Setting next_dagrun for example_dag_decorator to None, run_after=None
[2025-04-13T15:25:37.906+0000] {processor.py:183} INFO - Processing /home/airflow/.local/lib/python3.8/site-packages/airflow/example_dags/example_dag_decorator.py took 0.359 seconds
[2025-04-13T15:26:08.053+0000] {processor.py:161} INFO - Started process (PID=836) to work on /home/airflow/.local/lib/python3.8/site-packages/airflow/example_dags/example_dag_decorator.py
[2025-04-13T15:26:08.058+0000] {processor.py:830} INFO - Processing file /home/airflow/.local/lib/python3.8/site-packages/airflow/example_dags/example_dag_decorator.py for tasks to queue
[2025-04-13T15:26:08.061+0000] {logging_mixin.py:188} INFO - [2025-04-13T15:26:08.061+0000] {dagbag.py:538} INFO - Filling up the DagBag from /home/airflow/.local/lib/python3.8/site-packages/airflow/example_dags/example_dag_decorator.py
[2025-04-13T15:26:08.210+0000] {processor.py:840} INFO - DAG(s) 'example_dag_decorator' retrieved from /home/airflow/.local/lib/python3.8/site-packages/airflow/example_dags/example_dag_decorator.py
[2025-04-13T15:26:08.346+0000] {logging_mixin.py:188} INFO - [2025-04-13T15:26:08.346+0000] {dag.py:3036} INFO - Sync 1 DAGs
[2025-04-13T15:26:08.357+0000] {logging_mixin.py:188} INFO - [2025-04-13T15:26:08.357+0000] {dag.py:3823} INFO - Setting next_dagrun for example_dag_decorator to None, run_after=None
[2025-04-13T15:26:08.383+0000] {processor.py:183} INFO - Processing /home/airflow/.local/lib/python3.8/site-packages/airflow/example_dags/example_dag_decorator.py took 0.334 seconds
[2025-04-13T15:26:38.558+0000] {processor.py:161} INFO - Started process (PID=893) to work on /home/airflow/.local/lib/python3.8/site-packages/airflow/example_dags/example_dag_decorator.py
[2025-04-13T15:26:38.560+0000] {processor.py:830} INFO - Processing file /home/airflow/.local/lib/python3.8/site-packages/airflow/example_dags/example_dag_decorator.py for tasks to queue
[2025-04-13T15:26:38.568+0000] {logging_mixin.py:188} INFO - [2025-04-13T15:26:38.567+0000] {dagbag.py:538} INFO - Filling up the DagBag from /home/airflow/.local/lib/python3.8/site-packages/airflow/example_dags/example_dag_decorator.py
[2025-04-13T15:26:38.713+0000] {processor.py:840} INFO - DAG(s) 'example_dag_decorator' retrieved from /home/airflow/.local/lib/python3.8/site-packages/airflow/example_dags/example_dag_decorator.py
[2025-04-13T15:26:38.875+0000] {logging_mixin.py:188} INFO - [2025-04-13T15:26:38.874+0000] {dag.py:3036} INFO - Sync 1 DAGs
[2025-04-13T15:26:38.889+0000] {logging_mixin.py:188} INFO - [2025-04-13T15:26:38.889+0000] {dag.py:3823} INFO - Setting next_dagrun for example_dag_decorator to None, run_after=None
[2025-04-13T15:26:38.923+0000] {processor.py:183} INFO - Processing /home/airflow/.local/lib/python3.8/site-packages/airflow/example_dags/example_dag_decorator.py took 0.369 seconds
[2025-04-13T15:27:09.940+0000] {processor.py:161} INFO - Started process (PID=950) to work on /home/airflow/.local/lib/python3.8/site-packages/airflow/example_dags/example_dag_decorator.py
[2025-04-13T15:27:09.941+0000] {processor.py:830} INFO - Processing file /home/airflow/.local/lib/python3.8/site-packages/airflow/example_dags/example_dag_decorator.py for tasks to queue
[2025-04-13T15:27:09.943+0000] {logging_mixin.py:188} INFO - [2025-04-13T15:27:09.943+0000] {dagbag.py:538} INFO - Filling up the DagBag from /home/airflow/.local/lib/python3.8/site-packages/airflow/example_dags/example_dag_decorator.py
[2025-04-13T15:27:10.036+0000] {processor.py:840} INFO - DAG(s) 'example_dag_decorator' retrieved from /home/airflow/.local/lib/python3.8/site-packages/airflow/example_dags/example_dag_decorator.py
[2025-04-13T15:27:10.146+0000] {logging_mixin.py:188} INFO - [2025-04-13T15:27:10.145+0000] {dag.py:3036} INFO - Sync 1 DAGs
[2025-04-13T15:27:10.159+0000] {logging_mixin.py:188} INFO - [2025-04-13T15:27:10.158+0000] {dag.py:3823} INFO - Setting next_dagrun for example_dag_decorator to None, run_after=None
[2025-04-13T15:27:10.182+0000] {processor.py:183} INFO - Processing /home/airflow/.local/lib/python3.8/site-packages/airflow/example_dags/example_dag_decorator.py took 0.246 seconds
[2025-04-13T15:27:41.153+0000] {processor.py:161} INFO - Started process (PID=1007) to work on /home/airflow/.local/lib/python3.8/site-packages/airflow/example_dags/example_dag_decorator.py
[2025-04-13T15:27:41.154+0000] {processor.py:830} INFO - Processing file /home/airflow/.local/lib/python3.8/site-packages/airflow/example_dags/example_dag_decorator.py for tasks to queue
[2025-04-13T15:27:41.158+0000] {logging_mixin.py:188} INFO - [2025-04-13T15:27:41.158+0000] {dagbag.py:538} INFO - Filling up the DagBag from /home/airflow/.local/lib/python3.8/site-packages/airflow/example_dags/example_dag_decorator.py
[2025-04-13T15:27:41.273+0000] {processor.py:840} INFO - DAG(s) 'example_dag_decorator' retrieved from /home/airflow/.local/lib/python3.8/site-packages/airflow/example_dags/example_dag_decorator.py
[2025-04-13T15:27:41.479+0000] {logging_mixin.py:188} INFO - [2025-04-13T15:27:41.479+0000] {dag.py:3036} INFO - Sync 1 DAGs
[2025-04-13T15:27:41.505+0000] {logging_mixin.py:188} INFO - [2025-04-13T15:27:41.504+0000] {dag.py:3823} INFO - Setting next_dagrun for example_dag_decorator to None, run_after=None
[2025-04-13T15:27:41.551+0000] {processor.py:183} INFO - Processing /home/airflow/.local/lib/python3.8/site-packages/airflow/example_dags/example_dag_decorator.py took 0.402 seconds
[2025-04-13T15:28:12.568+0000] {processor.py:161} INFO - Started process (PID=1060) to work on /home/airflow/.local/lib/python3.8/site-packages/airflow/example_dags/example_dag_decorator.py
[2025-04-13T15:28:12.570+0000] {processor.py:830} INFO - Processing file /home/airflow/.local/lib/python3.8/site-packages/airflow/example_dags/example_dag_decorator.py for tasks to queue
[2025-04-13T15:28:12.582+0000] {logging_mixin.py:188} INFO - [2025-04-13T15:28:12.581+0000] {dagbag.py:538} INFO - Filling up the DagBag from /home/airflow/.local/lib/python3.8/site-packages/airflow/example_dags/example_dag_decorator.py
[2025-04-13T15:28:12.726+0000] {processor.py:840} INFO - DAG(s) 'example_dag_decorator' retrieved from /home/airflow/.local/lib/python3.8/site-packages/airflow/example_dags/example_dag_decorator.py
[2025-04-13T15:28:12.836+0000] {logging_mixin.py:188} INFO - [2025-04-13T15:28:12.836+0000] {dag.py:3036} INFO - Sync 1 DAGs
[2025-04-13T15:28:12.848+0000] {logging_mixin.py:188} INFO - [2025-04-13T15:28:12.847+0000] {dag.py:3823} INFO - Setting next_dagrun for example_dag_decorator to None, run_after=None
[2025-04-13T15:28:12.873+0000] {processor.py:183} INFO - Processing /home/airflow/.local/lib/python3.8/site-packages/airflow/example_dags/example_dag_decorator.py took 0.310 seconds
[2025-04-13T15:28:45.411+0000] {processor.py:161} INFO - Started process (PID=1116) to work on /home/airflow/.local/lib/python3.8/site-packages/airflow/example_dags/example_dag_decorator.py
[2025-04-13T15:28:45.412+0000] {processor.py:830} INFO - Processing file /home/airflow/.local/lib/python3.8/site-packages/airflow/example_dags/example_dag_decorator.py for tasks to queue
[2025-04-13T15:28:45.415+0000] {logging_mixin.py:188} INFO - [2025-04-13T15:28:45.415+0000] {dagbag.py:538} INFO - Filling up the DagBag from /home/airflow/.local/lib/python3.8/site-packages/airflow/example_dags/example_dag_decorator.py
[2025-04-13T15:28:45.556+0000] {processor.py:840} INFO - DAG(s) 'example_dag_decorator' retrieved from /home/airflow/.local/lib/python3.8/site-packages/airflow/example_dags/example_dag_decorator.py
[2025-04-13T15:28:45.694+0000] {logging_mixin.py:188} INFO - [2025-04-13T15:28:45.694+0000] {dag.py:3036} INFO - Sync 1 DAGs
[2025-04-13T15:28:45.705+0000] {logging_mixin.py:188} INFO - [2025-04-13T15:28:45.705+0000] {dag.py:3823} INFO - Setting next_dagrun for example_dag_decorator to None, run_after=None
[2025-04-13T15:28:45.730+0000] {processor.py:183} INFO - Processing /home/airflow/.local/lib/python3.8/site-packages/airflow/example_dags/example_dag_decorator.py took 0.323 seconds
[2025-04-13T15:29:18.508+0000] {processor.py:161} INFO - Started process (PID=1172) to work on /home/airflow/.local/lib/python3.8/site-packages/airflow/example_dags/example_dag_decorator.py
[2025-04-13T15:29:18.509+0000] {processor.py:830} INFO - Processing file /home/airflow/.local/lib/python3.8/site-packages/airflow/example_dags/example_dag_decorator.py for tasks to queue
[2025-04-13T15:29:18.513+0000] {logging_mixin.py:188} INFO - [2025-04-13T15:29:18.512+0000] {dagbag.py:538} INFO - Filling up the DagBag from /home/airflow/.local/lib/python3.8/site-packages/airflow/example_dags/example_dag_decorator.py
[2025-04-13T15:29:18.658+0000] {processor.py:840} INFO - DAG(s) 'example_dag_decorator' retrieved from /home/airflow/.local/lib/python3.8/site-packages/airflow/example_dags/example_dag_decorator.py
[2025-04-13T15:29:18.817+0000] {logging_mixin.py:188} INFO - [2025-04-13T15:29:18.817+0000] {dag.py:3036} INFO - Sync 1 DAGs
[2025-04-13T15:29:18.831+0000] {logging_mixin.py:188} INFO - [2025-04-13T15:29:18.831+0000] {dag.py:3823} INFO - Setting next_dagrun for example_dag_decorator to None, run_after=None
[2025-04-13T15:29:18.856+0000] {processor.py:183} INFO - Processing /home/airflow/.local/lib/python3.8/site-packages/airflow/example_dags/example_dag_decorator.py took 0.353 seconds
[2025-04-13T15:29:51.111+0000] {processor.py:161} INFO - Started process (PID=1228) to work on /home/airflow/.local/lib/python3.8/site-packages/airflow/example_dags/example_dag_decorator.py
[2025-04-13T15:29:51.112+0000] {processor.py:830} INFO - Processing file /home/airflow/.local/lib/python3.8/site-packages/airflow/example_dags/example_dag_decorator.py for tasks to queue
[2025-04-13T15:29:51.115+0000] {logging_mixin.py:188} INFO - [2025-04-13T15:29:51.114+0000] {dagbag.py:538} INFO - Filling up the DagBag from /home/airflow/.local/lib/python3.8/site-packages/airflow/example_dags/example_dag_decorator.py
[2025-04-13T15:29:51.233+0000] {processor.py:840} INFO - DAG(s) 'example_dag_decorator' retrieved from /home/airflow/.local/lib/python3.8/site-packages/airflow/example_dags/example_dag_decorator.py
[2025-04-13T15:29:51.347+0000] {logging_mixin.py:188} INFO - [2025-04-13T15:29:51.346+0000] {dag.py:3036} INFO - Sync 1 DAGs
[2025-04-13T15:29:51.358+0000] {logging_mixin.py:188} INFO - [2025-04-13T15:29:51.357+0000] {dag.py:3823} INFO - Setting next_dagrun for example_dag_decorator to None, run_after=None
[2025-04-13T15:29:51.382+0000] {processor.py:183} INFO - Processing /home/airflow/.local/lib/python3.8/site-packages/airflow/example_dags/example_dag_decorator.py took 0.275 seconds
[2025-04-13T15:30:24.004+0000] {processor.py:161} INFO - Started process (PID=1288) to work on /home/airflow/.local/lib/python3.8/site-packages/airflow/example_dags/example_dag_decorator.py
[2025-04-13T15:30:24.006+0000] {processor.py:830} INFO - Processing file /home/airflow/.local/lib/python3.8/site-packages/airflow/example_dags/example_dag_decorator.py for tasks to queue
[2025-04-13T15:30:24.008+0000] {logging_mixin.py:188} INFO - [2025-04-13T15:30:24.007+0000] {dagbag.py:538} INFO - Filling up the DagBag from /home/airflow/.local/lib/python3.8/site-packages/airflow/example_dags/example_dag_decorator.py
[2025-04-13T15:30:24.126+0000] {processor.py:840} INFO - DAG(s) 'example_dag_decorator' retrieved from /home/airflow/.local/lib/python3.8/site-packages/airflow/example_dags/example_dag_decorator.py
[2025-04-13T15:30:24.308+0000] {logging_mixin.py:188} INFO - [2025-04-13T15:30:24.307+0000] {dag.py:3036} INFO - Sync 1 DAGs
[2025-04-13T15:30:24.333+0000] {logging_mixin.py:188} INFO - [2025-04-13T15:30:24.333+0000] {dag.py:3823} INFO - Setting next_dagrun for example_dag_decorator to None, run_after=None
[2025-04-13T15:30:24.360+0000] {processor.py:183} INFO - Processing /home/airflow/.local/lib/python3.8/site-packages/airflow/example_dags/example_dag_decorator.py took 0.359 seconds
[2025-04-13T15:30:56.943+0000] {processor.py:161} INFO - Started process (PID=1352) to work on /home/airflow/.local/lib/python3.8/site-packages/airflow/example_dags/example_dag_decorator.py
[2025-04-13T15:30:56.944+0000] {processor.py:830} INFO - Processing file /home/airflow/.local/lib/python3.8/site-packages/airflow/example_dags/example_dag_decorator.py for tasks to queue
[2025-04-13T15:30:56.947+0000] {logging_mixin.py:188} INFO - [2025-04-13T15:30:56.946+0000] {dagbag.py:538} INFO - Filling up the DagBag from /home/airflow/.local/lib/python3.8/site-packages/airflow/example_dags/example_dag_decorator.py
[2025-04-13T15:30:57.072+0000] {processor.py:840} INFO - DAG(s) 'example_dag_decorator' retrieved from /home/airflow/.local/lib/python3.8/site-packages/airflow/example_dags/example_dag_decorator.py
[2025-04-13T15:30:57.273+0000] {logging_mixin.py:188} INFO - [2025-04-13T15:30:57.273+0000] {dag.py:3036} INFO - Sync 1 DAGs
[2025-04-13T15:30:57.290+0000] {logging_mixin.py:188} INFO - [2025-04-13T15:30:57.289+0000] {dag.py:3823} INFO - Setting next_dagrun for example_dag_decorator to None, run_after=None
[2025-04-13T15:30:57.336+0000] {processor.py:183} INFO - Processing /home/airflow/.local/lib/python3.8/site-packages/airflow/example_dags/example_dag_decorator.py took 0.397 seconds
[2025-04-13T15:31:30.995+0000] {processor.py:161} INFO - Started process (PID=1417) to work on /home/airflow/.local/lib/python3.8/site-packages/airflow/example_dags/example_dag_decorator.py
[2025-04-13T15:31:30.997+0000] {processor.py:830} INFO - Processing file /home/airflow/.local/lib/python3.8/site-packages/airflow/example_dags/example_dag_decorator.py for tasks to queue
[2025-04-13T15:31:31.000+0000] {logging_mixin.py:188} INFO - [2025-04-13T15:31:30.999+0000] {dagbag.py:538} INFO - Filling up the DagBag from /home/airflow/.local/lib/python3.8/site-packages/airflow/example_dags/example_dag_decorator.py
[2025-04-13T15:31:31.114+0000] {processor.py:840} INFO - DAG(s) 'example_dag_decorator' retrieved from /home/airflow/.local/lib/python3.8/site-packages/airflow/example_dags/example_dag_decorator.py
[2025-04-13T15:31:31.244+0000] {logging_mixin.py:188} INFO - [2025-04-13T15:31:31.244+0000] {dag.py:3036} INFO - Sync 1 DAGs
[2025-04-13T15:31:31.259+0000] {logging_mixin.py:188} INFO - [2025-04-13T15:31:31.259+0000] {dag.py:3823} INFO - Setting next_dagrun for example_dag_decorator to None, run_after=None
[2025-04-13T15:31:31.284+0000] {processor.py:183} INFO - Processing /home/airflow/.local/lib/python3.8/site-packages/airflow/example_dags/example_dag_decorator.py took 0.293 seconds
[2025-04-13T15:32:03.914+0000] {processor.py:161} INFO - Started process (PID=1473) to work on /home/airflow/.local/lib/python3.8/site-packages/airflow/example_dags/example_dag_decorator.py
[2025-04-13T15:32:03.917+0000] {processor.py:830} INFO - Processing file /home/airflow/.local/lib/python3.8/site-packages/airflow/example_dags/example_dag_decorator.py for tasks to queue
[2025-04-13T15:32:03.920+0000] {logging_mixin.py:188} INFO - [2025-04-13T15:32:03.920+0000] {dagbag.py:538} INFO - Filling up the DagBag from /home/airflow/.local/lib/python3.8/site-packages/airflow/example_dags/example_dag_decorator.py
[2025-04-13T15:32:04.046+0000] {processor.py:840} INFO - DAG(s) 'example_dag_decorator' retrieved from /home/airflow/.local/lib/python3.8/site-packages/airflow/example_dags/example_dag_decorator.py
[2025-04-13T15:32:04.499+0000] {logging_mixin.py:188} INFO - [2025-04-13T15:32:04.498+0000] {dag.py:3036} INFO - Sync 1 DAGs
[2025-04-13T15:32:04.513+0000] {logging_mixin.py:188} INFO - [2025-04-13T15:32:04.513+0000] {dag.py:3823} INFO - Setting next_dagrun for example_dag_decorator to None, run_after=None
[2025-04-13T15:32:04.536+0000] {processor.py:183} INFO - Processing /home/airflow/.local/lib/python3.8/site-packages/airflow/example_dags/example_dag_decorator.py took 0.628 seconds
[2025-04-13T15:32:35.715+0000] {processor.py:161} INFO - Started process (PID=1531) to work on /home/airflow/.local/lib/python3.8/site-packages/airflow/example_dags/example_dag_decorator.py
[2025-04-13T15:32:35.717+0000] {processor.py:830} INFO - Processing file /home/airflow/.local/lib/python3.8/site-packages/airflow/example_dags/example_dag_decorator.py for tasks to queue
[2025-04-13T15:32:35.719+0000] {logging_mixin.py:188} INFO - [2025-04-13T15:32:35.719+0000] {dagbag.py:538} INFO - Filling up the DagBag from /home/airflow/.local/lib/python3.8/site-packages/airflow/example_dags/example_dag_decorator.py
[2025-04-13T15:32:35.827+0000] {processor.py:840} INFO - DAG(s) 'example_dag_decorator' retrieved from /home/airflow/.local/lib/python3.8/site-packages/airflow/example_dags/example_dag_decorator.py
[2025-04-13T15:32:35.979+0000] {logging_mixin.py:188} INFO - [2025-04-13T15:32:35.979+0000] {dag.py:3036} INFO - Sync 1 DAGs
[2025-04-13T15:32:36.126+0000] {logging_mixin.py:188} INFO - [2025-04-13T15:32:36.125+0000] {dag.py:3823} INFO - Setting next_dagrun for example_dag_decorator to None, run_after=None
[2025-04-13T15:32:36.150+0000] {processor.py:183} INFO - Processing /home/airflow/.local/lib/python3.8/site-packages/airflow/example_dags/example_dag_decorator.py took 0.439 seconds
[2025-04-13T15:33:09.023+0000] {processor.py:161} INFO - Started process (PID=1586) to work on /home/airflow/.local/lib/python3.8/site-packages/airflow/example_dags/example_dag_decorator.py
[2025-04-13T15:33:09.024+0000] {processor.py:830} INFO - Processing file /home/airflow/.local/lib/python3.8/site-packages/airflow/example_dags/example_dag_decorator.py for tasks to queue
[2025-04-13T15:33:09.027+0000] {logging_mixin.py:188} INFO - [2025-04-13T15:33:09.026+0000] {dagbag.py:538} INFO - Filling up the DagBag from /home/airflow/.local/lib/python3.8/site-packages/airflow/example_dags/example_dag_decorator.py
[2025-04-13T15:33:09.150+0000] {processor.py:840} INFO - DAG(s) 'example_dag_decorator' retrieved from /home/airflow/.local/lib/python3.8/site-packages/airflow/example_dags/example_dag_decorator.py
[2025-04-13T15:33:09.292+0000] {logging_mixin.py:188} INFO - [2025-04-13T15:33:09.292+0000] {dag.py:3036} INFO - Sync 1 DAGs
[2025-04-13T15:33:09.305+0000] {logging_mixin.py:188} INFO - [2025-04-13T15:33:09.305+0000] {dag.py:3823} INFO - Setting next_dagrun for example_dag_decorator to None, run_after=None
[2025-04-13T15:33:09.469+0000] {processor.py:183} INFO - Processing /home/airflow/.local/lib/python3.8/site-packages/airflow/example_dags/example_dag_decorator.py took 0.451 seconds
[2025-04-13T15:33:42.342+0000] {processor.py:161} INFO - Started process (PID=1649) to work on /home/airflow/.local/lib/python3.8/site-packages/airflow/example_dags/example_dag_decorator.py
[2025-04-13T15:33:42.343+0000] {processor.py:830} INFO - Processing file /home/airflow/.local/lib/python3.8/site-packages/airflow/example_dags/example_dag_decorator.py for tasks to queue
[2025-04-13T15:33:42.346+0000] {logging_mixin.py:188} INFO - [2025-04-13T15:33:42.345+0000] {dagbag.py:538} INFO - Filling up the DagBag from /home/airflow/.local/lib/python3.8/site-packages/airflow/example_dags/example_dag_decorator.py
[2025-04-13T15:33:42.454+0000] {processor.py:840} INFO - DAG(s) 'example_dag_decorator' retrieved from /home/airflow/.local/lib/python3.8/site-packages/airflow/example_dags/example_dag_decorator.py
[2025-04-13T15:33:42.581+0000] {logging_mixin.py:188} INFO - [2025-04-13T15:33:42.581+0000] {dag.py:3036} INFO - Sync 1 DAGs
[2025-04-13T15:33:42.596+0000] {logging_mixin.py:188} INFO - [2025-04-13T15:33:42.596+0000] {dag.py:3823} INFO - Setting next_dagrun for example_dag_decorator to None, run_after=None
[2025-04-13T15:33:42.742+0000] {processor.py:183} INFO - Processing /home/airflow/.local/lib/python3.8/site-packages/airflow/example_dags/example_dag_decorator.py took 0.405 seconds
[2025-04-13T15:34:15.159+0000] {processor.py:161} INFO - Started process (PID=1707) to work on /home/airflow/.local/lib/python3.8/site-packages/airflow/example_dags/example_dag_decorator.py
[2025-04-13T15:34:15.160+0000] {processor.py:830} INFO - Processing file /home/airflow/.local/lib/python3.8/site-packages/airflow/example_dags/example_dag_decorator.py for tasks to queue
[2025-04-13T15:34:15.163+0000] {logging_mixin.py:188} INFO - [2025-04-13T15:34:15.162+0000] {dagbag.py:538} INFO - Filling up the DagBag from /home/airflow/.local/lib/python3.8/site-packages/airflow/example_dags/example_dag_decorator.py
[2025-04-13T15:34:15.277+0000] {processor.py:840} INFO - DAG(s) 'example_dag_decorator' retrieved from /home/airflow/.local/lib/python3.8/site-packages/airflow/example_dags/example_dag_decorator.py
[2025-04-13T15:34:15.305+0000] {logging_mixin.py:188} INFO - [2025-04-13T15:34:15.305+0000] {dag.py:3036} INFO - Sync 1 DAGs
[2025-04-13T15:34:15.325+0000] {logging_mixin.py:188} INFO - [2025-04-13T15:34:15.324+0000] {dag.py:3823} INFO - Setting next_dagrun for example_dag_decorator to None, run_after=None
[2025-04-13T15:34:15.348+0000] {processor.py:183} INFO - Processing /home/airflow/.local/lib/python3.8/site-packages/airflow/example_dags/example_dag_decorator.py took 0.194 seconds
[2025-04-13T15:34:47.675+0000] {processor.py:161} INFO - Started process (PID=1763) to work on /home/airflow/.local/lib/python3.8/site-packages/airflow/example_dags/example_dag_decorator.py
[2025-04-13T15:34:47.676+0000] {processor.py:830} INFO - Processing file /home/airflow/.local/lib/python3.8/site-packages/airflow/example_dags/example_dag_decorator.py for tasks to queue
[2025-04-13T15:34:47.679+0000] {logging_mixin.py:188} INFO - [2025-04-13T15:34:47.678+0000] {dagbag.py:538} INFO - Filling up the DagBag from /home/airflow/.local/lib/python3.8/site-packages/airflow/example_dags/example_dag_decorator.py
[2025-04-13T15:34:47.803+0000] {processor.py:840} INFO - DAG(s) 'example_dag_decorator' retrieved from /home/airflow/.local/lib/python3.8/site-packages/airflow/example_dags/example_dag_decorator.py
[2025-04-13T15:34:48.079+0000] {logging_mixin.py:188} INFO - [2025-04-13T15:34:48.079+0000] {dag.py:3036} INFO - Sync 1 DAGs
[2025-04-13T15:34:48.093+0000] {logging_mixin.py:188} INFO - [2025-04-13T15:34:48.092+0000] {dag.py:3823} INFO - Setting next_dagrun for example_dag_decorator to None, run_after=None
[2025-04-13T15:34:48.128+0000] {processor.py:183} INFO - Processing /home/airflow/.local/lib/python3.8/site-packages/airflow/example_dags/example_dag_decorator.py took 0.457 seconds
[2025-04-13T15:35:21.497+0000] {processor.py:161} INFO - Started process (PID=1833) to work on /home/airflow/.local/lib/python3.8/site-packages/airflow/example_dags/example_dag_decorator.py
[2025-04-13T15:35:21.498+0000] {processor.py:830} INFO - Processing file /home/airflow/.local/lib/python3.8/site-packages/airflow/example_dags/example_dag_decorator.py for tasks to queue
[2025-04-13T15:35:21.501+0000] {logging_mixin.py:188} INFO - [2025-04-13T15:35:21.500+0000] {dagbag.py:538} INFO - Filling up the DagBag from /home/airflow/.local/lib/python3.8/site-packages/airflow/example_dags/example_dag_decorator.py
[2025-04-13T15:35:21.616+0000] {processor.py:840} INFO - DAG(s) 'example_dag_decorator' retrieved from /home/airflow/.local/lib/python3.8/site-packages/airflow/example_dags/example_dag_decorator.py
[2025-04-13T15:35:21.973+0000] {logging_mixin.py:188} INFO - [2025-04-13T15:35:21.972+0000] {dag.py:3036} INFO - Sync 1 DAGs
[2025-04-13T15:35:21.987+0000] {logging_mixin.py:188} INFO - [2025-04-13T15:35:21.986+0000] {dag.py:3823} INFO - Setting next_dagrun for example_dag_decorator to None, run_after=None
[2025-04-13T15:35:22.011+0000] {processor.py:183} INFO - Processing /home/airflow/.local/lib/python3.8/site-packages/airflow/example_dags/example_dag_decorator.py took 0.519 seconds
[2025-04-13T15:35:54.206+0000] {processor.py:161} INFO - Started process (PID=1890) to work on /home/airflow/.local/lib/python3.8/site-packages/airflow/example_dags/example_dag_decorator.py
[2025-04-13T15:35:54.208+0000] {processor.py:830} INFO - Processing file /home/airflow/.local/lib/python3.8/site-packages/airflow/example_dags/example_dag_decorator.py for tasks to queue
[2025-04-13T15:35:54.211+0000] {logging_mixin.py:188} INFO - [2025-04-13T15:35:54.210+0000] {dagbag.py:538} INFO - Filling up the DagBag from /home/airflow/.local/lib/python3.8/site-packages/airflow/example_dags/example_dag_decorator.py
[2025-04-13T15:35:54.347+0000] {processor.py:840} INFO - DAG(s) 'example_dag_decorator' retrieved from /home/airflow/.local/lib/python3.8/site-packages/airflow/example_dags/example_dag_decorator.py
[2025-04-13T15:35:54.480+0000] {logging_mixin.py:188} INFO - [2025-04-13T15:35:54.480+0000] {dag.py:3036} INFO - Sync 1 DAGs
[2025-04-13T15:35:54.645+0000] {logging_mixin.py:188} INFO - [2025-04-13T15:35:54.644+0000] {dag.py:3823} INFO - Setting next_dagrun for example_dag_decorator to None, run_after=None
[2025-04-13T15:35:54.677+0000] {processor.py:183} INFO - Processing /home/airflow/.local/lib/python3.8/site-packages/airflow/example_dags/example_dag_decorator.py took 0.475 seconds
[2025-04-13T15:36:26.910+0000] {processor.py:161} INFO - Started process (PID=1946) to work on /home/airflow/.local/lib/python3.8/site-packages/airflow/example_dags/example_dag_decorator.py
[2025-04-13T15:36:26.911+0000] {processor.py:830} INFO - Processing file /home/airflow/.local/lib/python3.8/site-packages/airflow/example_dags/example_dag_decorator.py for tasks to queue
[2025-04-13T15:36:26.914+0000] {logging_mixin.py:188} INFO - [2025-04-13T15:36:26.913+0000] {dagbag.py:538} INFO - Filling up the DagBag from /home/airflow/.local/lib/python3.8/site-packages/airflow/example_dags/example_dag_decorator.py
[2025-04-13T15:36:27.016+0000] {processor.py:840} INFO - DAG(s) 'example_dag_decorator' retrieved from /home/airflow/.local/lib/python3.8/site-packages/airflow/example_dags/example_dag_decorator.py
[2025-04-13T15:36:27.270+0000] {logging_mixin.py:188} INFO - [2025-04-13T15:36:27.270+0000] {dag.py:3036} INFO - Sync 1 DAGs
[2025-04-13T15:36:27.282+0000] {logging_mixin.py:188} INFO - [2025-04-13T15:36:27.282+0000] {dag.py:3823} INFO - Setting next_dagrun for example_dag_decorator to None, run_after=None
[2025-04-13T15:36:27.309+0000] {processor.py:183} INFO - Processing /home/airflow/.local/lib/python3.8/site-packages/airflow/example_dags/example_dag_decorator.py took 0.404 seconds
[2025-04-13T15:36:59.133+0000] {processor.py:161} INFO - Started process (PID=1999) to work on /home/airflow/.local/lib/python3.8/site-packages/airflow/example_dags/example_dag_decorator.py
[2025-04-13T15:36:59.134+0000] {processor.py:830} INFO - Processing file /home/airflow/.local/lib/python3.8/site-packages/airflow/example_dags/example_dag_decorator.py for tasks to queue
[2025-04-13T15:36:59.137+0000] {logging_mixin.py:188} INFO - [2025-04-13T15:36:59.136+0000] {dagbag.py:538} INFO - Filling up the DagBag from /home/airflow/.local/lib/python3.8/site-packages/airflow/example_dags/example_dag_decorator.py
[2025-04-13T15:36:59.248+0000] {processor.py:840} INFO - DAG(s) 'example_dag_decorator' retrieved from /home/airflow/.local/lib/python3.8/site-packages/airflow/example_dags/example_dag_decorator.py
[2025-04-13T15:36:59.505+0000] {logging_mixin.py:188} INFO - [2025-04-13T15:36:59.504+0000] {dag.py:3036} INFO - Sync 1 DAGs
[2025-04-13T15:36:59.521+0000] {logging_mixin.py:188} INFO - [2025-04-13T15:36:59.521+0000] {dag.py:3823} INFO - Setting next_dagrun for example_dag_decorator to None, run_after=None
[2025-04-13T15:36:59.560+0000] {processor.py:183} INFO - Processing /home/airflow/.local/lib/python3.8/site-packages/airflow/example_dags/example_dag_decorator.py took 0.432 seconds
[2025-04-13T15:37:32.162+0000] {processor.py:161} INFO - Started process (PID=2055) to work on /home/airflow/.local/lib/python3.8/site-packages/airflow/example_dags/example_dag_decorator.py
[2025-04-13T15:37:32.163+0000] {processor.py:830} INFO - Processing file /home/airflow/.local/lib/python3.8/site-packages/airflow/example_dags/example_dag_decorator.py for tasks to queue
[2025-04-13T15:37:32.166+0000] {logging_mixin.py:188} INFO - [2025-04-13T15:37:32.165+0000] {dagbag.py:538} INFO - Filling up the DagBag from /home/airflow/.local/lib/python3.8/site-packages/airflow/example_dags/example_dag_decorator.py
[2025-04-13T15:37:32.272+0000] {processor.py:840} INFO - DAG(s) 'example_dag_decorator' retrieved from /home/airflow/.local/lib/python3.8/site-packages/airflow/example_dags/example_dag_decorator.py
[2025-04-13T15:37:32.535+0000] {logging_mixin.py:188} INFO - [2025-04-13T15:37:32.535+0000] {dag.py:3036} INFO - Sync 1 DAGs
[2025-04-13T15:37:32.549+0000] {logging_mixin.py:188} INFO - [2025-04-13T15:37:32.549+0000] {dag.py:3823} INFO - Setting next_dagrun for example_dag_decorator to None, run_after=None
[2025-04-13T15:37:32.586+0000] {processor.py:183} INFO - Processing /home/airflow/.local/lib/python3.8/site-packages/airflow/example_dags/example_dag_decorator.py took 0.427 seconds
[2025-04-13T15:38:05.210+0000] {processor.py:161} INFO - Started process (PID=2111) to work on /home/airflow/.local/lib/python3.8/site-packages/airflow/example_dags/example_dag_decorator.py
[2025-04-13T15:38:05.211+0000] {processor.py:830} INFO - Processing file /home/airflow/.local/lib/python3.8/site-packages/airflow/example_dags/example_dag_decorator.py for tasks to queue
[2025-04-13T15:38:05.214+0000] {logging_mixin.py:188} INFO - [2025-04-13T15:38:05.214+0000] {dagbag.py:538} INFO - Filling up the DagBag from /home/airflow/.local/lib/python3.8/site-packages/airflow/example_dags/example_dag_decorator.py
[2025-04-13T15:38:05.332+0000] {processor.py:840} INFO - DAG(s) 'example_dag_decorator' retrieved from /home/airflow/.local/lib/python3.8/site-packages/airflow/example_dags/example_dag_decorator.py
[2025-04-13T15:38:05.368+0000] {logging_mixin.py:188} INFO - [2025-04-13T15:38:05.367+0000] {dag.py:3036} INFO - Sync 1 DAGs
[2025-04-13T15:38:05.534+0000] {logging_mixin.py:188} INFO - [2025-04-13T15:38:05.533+0000] {dag.py:3823} INFO - Setting next_dagrun for example_dag_decorator to None, run_after=None
[2025-04-13T15:38:05.575+0000] {processor.py:183} INFO - Processing /home/airflow/.local/lib/python3.8/site-packages/airflow/example_dags/example_dag_decorator.py took 0.369 seconds
[2025-04-13T15:38:37.435+0000] {processor.py:161} INFO - Started process (PID=2167) to work on /home/airflow/.local/lib/python3.8/site-packages/airflow/example_dags/example_dag_decorator.py
[2025-04-13T15:38:37.436+0000] {processor.py:830} INFO - Processing file /home/airflow/.local/lib/python3.8/site-packages/airflow/example_dags/example_dag_decorator.py for tasks to queue
[2025-04-13T15:38:37.439+0000] {logging_mixin.py:188} INFO - [2025-04-13T15:38:37.439+0000] {dagbag.py:538} INFO - Filling up the DagBag from /home/airflow/.local/lib/python3.8/site-packages/airflow/example_dags/example_dag_decorator.py
[2025-04-13T15:38:37.603+0000] {processor.py:840} INFO - DAG(s) 'example_dag_decorator' retrieved from /home/airflow/.local/lib/python3.8/site-packages/airflow/example_dags/example_dag_decorator.py
[2025-04-13T15:38:38.022+0000] {logging_mixin.py:188} INFO - [2025-04-13T15:38:38.022+0000] {dag.py:3036} INFO - Sync 1 DAGs
[2025-04-13T15:38:38.037+0000] {logging_mixin.py:188} INFO - [2025-04-13T15:38:38.036+0000] {dag.py:3823} INFO - Setting next_dagrun for example_dag_decorator to None, run_after=None
[2025-04-13T15:38:38.067+0000] {processor.py:183} INFO - Processing /home/airflow/.local/lib/python3.8/site-packages/airflow/example_dags/example_dag_decorator.py took 0.636 seconds
[2025-04-13T15:39:10.312+0000] {processor.py:161} INFO - Started process (PID=2223) to work on /home/airflow/.local/lib/python3.8/site-packages/airflow/example_dags/example_dag_decorator.py
[2025-04-13T15:39:10.314+0000] {processor.py:830} INFO - Processing file /home/airflow/.local/lib/python3.8/site-packages/airflow/example_dags/example_dag_decorator.py for tasks to queue
[2025-04-13T15:39:10.317+0000] {logging_mixin.py:188} INFO - [2025-04-13T15:39:10.316+0000] {dagbag.py:538} INFO - Filling up the DagBag from /home/airflow/.local/lib/python3.8/site-packages/airflow/example_dags/example_dag_decorator.py
[2025-04-13T15:39:10.429+0000] {processor.py:840} INFO - DAG(s) 'example_dag_decorator' retrieved from /home/airflow/.local/lib/python3.8/site-packages/airflow/example_dags/example_dag_decorator.py
[2025-04-13T15:39:10.455+0000] {logging_mixin.py:188} INFO - [2025-04-13T15:39:10.455+0000] {dag.py:3036} INFO - Sync 1 DAGs
[2025-04-13T15:39:10.471+0000] {logging_mixin.py:188} INFO - [2025-04-13T15:39:10.471+0000] {dag.py:3823} INFO - Setting next_dagrun for example_dag_decorator to None, run_after=None
[2025-04-13T15:39:10.625+0000] {processor.py:183} INFO - Processing /home/airflow/.local/lib/python3.8/site-packages/airflow/example_dags/example_dag_decorator.py took 0.317 seconds
[2025-04-13T15:39:43.383+0000] {processor.py:161} INFO - Started process (PID=2279) to work on /home/airflow/.local/lib/python3.8/site-packages/airflow/example_dags/example_dag_decorator.py
[2025-04-13T15:39:43.385+0000] {processor.py:830} INFO - Processing file /home/airflow/.local/lib/python3.8/site-packages/airflow/example_dags/example_dag_decorator.py for tasks to queue
[2025-04-13T15:39:43.387+0000] {logging_mixin.py:188} INFO - [2025-04-13T15:39:43.387+0000] {dagbag.py:538} INFO - Filling up the DagBag from /home/airflow/.local/lib/python3.8/site-packages/airflow/example_dags/example_dag_decorator.py
[2025-04-13T15:39:43.550+0000] {processor.py:840} INFO - DAG(s) 'example_dag_decorator' retrieved from /home/airflow/.local/lib/python3.8/site-packages/airflow/example_dags/example_dag_decorator.py
[2025-04-13T15:39:43.832+0000] {logging_mixin.py:188} INFO - [2025-04-13T15:39:43.832+0000] {dag.py:3036} INFO - Sync 1 DAGs
[2025-04-13T15:39:43.848+0000] {logging_mixin.py:188} INFO - [2025-04-13T15:39:43.847+0000] {dag.py:3823} INFO - Setting next_dagrun for example_dag_decorator to None, run_after=None
[2025-04-13T15:39:43.897+0000] {processor.py:183} INFO - Processing /home/airflow/.local/lib/python3.8/site-packages/airflow/example_dags/example_dag_decorator.py took 0.519 seconds
[2025-04-13T15:40:15.502+0000] {processor.py:161} INFO - Started process (PID=2335) to work on /home/airflow/.local/lib/python3.8/site-packages/airflow/example_dags/example_dag_decorator.py
[2025-04-13T15:40:15.503+0000] {processor.py:830} INFO - Processing file /home/airflow/.local/lib/python3.8/site-packages/airflow/example_dags/example_dag_decorator.py for tasks to queue
[2025-04-13T15:40:15.505+0000] {logging_mixin.py:188} INFO - [2025-04-13T15:40:15.505+0000] {dagbag.py:538} INFO - Filling up the DagBag from /home/airflow/.local/lib/python3.8/site-packages/airflow/example_dags/example_dag_decorator.py
[2025-04-13T15:40:15.631+0000] {processor.py:840} INFO - DAG(s) 'example_dag_decorator' retrieved from /home/airflow/.local/lib/python3.8/site-packages/airflow/example_dags/example_dag_decorator.py
[2025-04-13T15:40:15.865+0000] {logging_mixin.py:188} INFO - [2025-04-13T15:40:15.865+0000] {dag.py:3036} INFO - Sync 1 DAGs
[2025-04-13T15:40:15.876+0000] {logging_mixin.py:188} INFO - [2025-04-13T15:40:15.876+0000] {dag.py:3823} INFO - Setting next_dagrun for example_dag_decorator to None, run_after=None
[2025-04-13T15:40:15.900+0000] {processor.py:183} INFO - Processing /home/airflow/.local/lib/python3.8/site-packages/airflow/example_dags/example_dag_decorator.py took 0.403 seconds
[2025-04-13T15:40:48.259+0000] {processor.py:161} INFO - Started process (PID=2391) to work on /home/airflow/.local/lib/python3.8/site-packages/airflow/example_dags/example_dag_decorator.py
[2025-04-13T15:40:48.260+0000] {processor.py:830} INFO - Processing file /home/airflow/.local/lib/python3.8/site-packages/airflow/example_dags/example_dag_decorator.py for tasks to queue
[2025-04-13T15:40:48.263+0000] {logging_mixin.py:188} INFO - [2025-04-13T15:40:48.263+0000] {dagbag.py:538} INFO - Filling up the DagBag from /home/airflow/.local/lib/python3.8/site-packages/airflow/example_dags/example_dag_decorator.py
[2025-04-13T15:40:48.530+0000] {processor.py:840} INFO - DAG(s) 'example_dag_decorator' retrieved from /home/airflow/.local/lib/python3.8/site-packages/airflow/example_dags/example_dag_decorator.py
[2025-04-13T15:40:48.654+0000] {logging_mixin.py:188} INFO - [2025-04-13T15:40:48.654+0000] {dag.py:3036} INFO - Sync 1 DAGs
[2025-04-13T15:40:48.667+0000] {logging_mixin.py:188} INFO - [2025-04-13T15:40:48.667+0000] {dag.py:3823} INFO - Setting next_dagrun for example_dag_decorator to None, run_after=None
[2025-04-13T15:40:48.692+0000] {processor.py:183} INFO - Processing /home/airflow/.local/lib/python3.8/site-packages/airflow/example_dags/example_dag_decorator.py took 0.436 seconds
[2025-04-13T15:41:21.091+0000] {processor.py:161} INFO - Started process (PID=2447) to work on /home/airflow/.local/lib/python3.8/site-packages/airflow/example_dags/example_dag_decorator.py
[2025-04-13T15:41:21.092+0000] {processor.py:830} INFO - Processing file /home/airflow/.local/lib/python3.8/site-packages/airflow/example_dags/example_dag_decorator.py for tasks to queue
[2025-04-13T15:41:21.095+0000] {logging_mixin.py:188} INFO - [2025-04-13T15:41:21.094+0000] {dagbag.py:538} INFO - Filling up the DagBag from /home/airflow/.local/lib/python3.8/site-packages/airflow/example_dags/example_dag_decorator.py
[2025-04-13T15:41:21.202+0000] {processor.py:840} INFO - DAG(s) 'example_dag_decorator' retrieved from /home/airflow/.local/lib/python3.8/site-packages/airflow/example_dags/example_dag_decorator.py
[2025-04-13T15:41:21.461+0000] {logging_mixin.py:188} INFO - [2025-04-13T15:41:21.460+0000] {dag.py:3036} INFO - Sync 1 DAGs
[2025-04-13T15:41:21.473+0000] {logging_mixin.py:188} INFO - [2025-04-13T15:41:21.473+0000] {dag.py:3823} INFO - Setting next_dagrun for example_dag_decorator to None, run_after=None
[2025-04-13T15:41:21.496+0000] {processor.py:183} INFO - Processing /home/airflow/.local/lib/python3.8/site-packages/airflow/example_dags/example_dag_decorator.py took 0.409 seconds
[2025-04-13T15:41:53.976+0000] {processor.py:161} INFO - Started process (PID=2503) to work on /home/airflow/.local/lib/python3.8/site-packages/airflow/example_dags/example_dag_decorator.py
[2025-04-13T15:41:53.978+0000] {processor.py:830} INFO - Processing file /home/airflow/.local/lib/python3.8/site-packages/airflow/example_dags/example_dag_decorator.py for tasks to queue
[2025-04-13T15:41:53.980+0000] {logging_mixin.py:188} INFO - [2025-04-13T15:41:53.980+0000] {dagbag.py:538} INFO - Filling up the DagBag from /home/airflow/.local/lib/python3.8/site-packages/airflow/example_dags/example_dag_decorator.py
[2025-04-13T15:41:54.105+0000] {processor.py:840} INFO - DAG(s) 'example_dag_decorator' retrieved from /home/airflow/.local/lib/python3.8/site-packages/airflow/example_dags/example_dag_decorator.py
[2025-04-13T15:41:54.403+0000] {logging_mixin.py:188} INFO - [2025-04-13T15:41:54.403+0000] {dag.py:3036} INFO - Sync 1 DAGs
[2025-04-13T15:41:54.420+0000] {logging_mixin.py:188} INFO - [2025-04-13T15:41:54.419+0000] {dag.py:3823} INFO - Setting next_dagrun for example_dag_decorator to None, run_after=None
[2025-04-13T15:41:54.457+0000] {processor.py:183} INFO - Processing /home/airflow/.local/lib/python3.8/site-packages/airflow/example_dags/example_dag_decorator.py took 0.485 seconds
[2025-04-13T15:42:27.487+0000] {processor.py:161} INFO - Started process (PID=2559) to work on /home/airflow/.local/lib/python3.8/site-packages/airflow/example_dags/example_dag_decorator.py
[2025-04-13T15:42:27.489+0000] {processor.py:830} INFO - Processing file /home/airflow/.local/lib/python3.8/site-packages/airflow/example_dags/example_dag_decorator.py for tasks to queue
[2025-04-13T15:42:27.491+0000] {logging_mixin.py:188} INFO - [2025-04-13T15:42:27.490+0000] {dagbag.py:538} INFO - Filling up the DagBag from /home/airflow/.local/lib/python3.8/site-packages/airflow/example_dags/example_dag_decorator.py
[2025-04-13T15:42:27.679+0000] {processor.py:840} INFO - DAG(s) 'example_dag_decorator' retrieved from /home/airflow/.local/lib/python3.8/site-packages/airflow/example_dags/example_dag_decorator.py
[2025-04-13T15:42:27.944+0000] {logging_mixin.py:188} INFO - [2025-04-13T15:42:27.944+0000] {dag.py:3036} INFO - Sync 1 DAGs
[2025-04-13T15:42:27.968+0000] {logging_mixin.py:188} INFO - [2025-04-13T15:42:27.968+0000] {dag.py:3823} INFO - Setting next_dagrun for example_dag_decorator to None, run_after=None
[2025-04-13T15:42:27.991+0000] {processor.py:183} INFO - Processing /home/airflow/.local/lib/python3.8/site-packages/airflow/example_dags/example_dag_decorator.py took 0.507 seconds
[2025-04-13T15:42:59.141+0000] {processor.py:161} INFO - Started process (PID=2615) to work on /home/airflow/.local/lib/python3.8/site-packages/airflow/example_dags/example_dag_decorator.py
[2025-04-13T15:42:59.143+0000] {processor.py:830} INFO - Processing file /home/airflow/.local/lib/python3.8/site-packages/airflow/example_dags/example_dag_decorator.py for tasks to queue
[2025-04-13T15:42:59.145+0000] {logging_mixin.py:188} INFO - [2025-04-13T15:42:59.145+0000] {dagbag.py:538} INFO - Filling up the DagBag from /home/airflow/.local/lib/python3.8/site-packages/airflow/example_dags/example_dag_decorator.py
[2025-04-13T15:42:59.379+0000] {processor.py:840} INFO - DAG(s) 'example_dag_decorator' retrieved from /home/airflow/.local/lib/python3.8/site-packages/airflow/example_dags/example_dag_decorator.py
[2025-04-13T15:42:59.488+0000] {logging_mixin.py:188} INFO - [2025-04-13T15:42:59.487+0000] {dag.py:3036} INFO - Sync 1 DAGs
[2025-04-13T15:42:59.499+0000] {logging_mixin.py:188} INFO - [2025-04-13T15:42:59.499+0000] {dag.py:3823} INFO - Setting next_dagrun for example_dag_decorator to None, run_after=None
[2025-04-13T15:42:59.532+0000] {processor.py:183} INFO - Processing /home/airflow/.local/lib/python3.8/site-packages/airflow/example_dags/example_dag_decorator.py took 0.395 seconds
[2025-04-13T15:43:31.862+0000] {processor.py:161} INFO - Started process (PID=2671) to work on /home/airflow/.local/lib/python3.8/site-packages/airflow/example_dags/example_dag_decorator.py
[2025-04-13T15:43:31.863+0000] {processor.py:830} INFO - Processing file /home/airflow/.local/lib/python3.8/site-packages/airflow/example_dags/example_dag_decorator.py for tasks to queue
[2025-04-13T15:43:31.866+0000] {logging_mixin.py:188} INFO - [2025-04-13T15:43:31.865+0000] {dagbag.py:538} INFO - Filling up the DagBag from /home/airflow/.local/lib/python3.8/site-packages/airflow/example_dags/example_dag_decorator.py
[2025-04-13T15:43:32.113+0000] {processor.py:840} INFO - DAG(s) 'example_dag_decorator' retrieved from /home/airflow/.local/lib/python3.8/site-packages/airflow/example_dags/example_dag_decorator.py
[2025-04-13T15:43:32.231+0000] {logging_mixin.py:188} INFO - [2025-04-13T15:43:32.231+0000] {dag.py:3036} INFO - Sync 1 DAGs
[2025-04-13T15:43:32.243+0000] {logging_mixin.py:188} INFO - [2025-04-13T15:43:32.242+0000] {dag.py:3823} INFO - Setting next_dagrun for example_dag_decorator to None, run_after=None
[2025-04-13T15:43:32.265+0000] {processor.py:183} INFO - Processing /home/airflow/.local/lib/python3.8/site-packages/airflow/example_dags/example_dag_decorator.py took 0.407 seconds
[2025-04-13T15:44:08.690+0000] {processor.py:161} INFO - Started process (PID=2727) to work on /home/airflow/.local/lib/python3.8/site-packages/airflow/example_dags/example_dag_decorator.py
[2025-04-13T15:44:08.691+0000] {processor.py:830} INFO - Processing file /home/airflow/.local/lib/python3.8/site-packages/airflow/example_dags/example_dag_decorator.py for tasks to queue
[2025-04-13T15:44:08.694+0000] {logging_mixin.py:188} INFO - [2025-04-13T15:44:08.693+0000] {dagbag.py:538} INFO - Filling up the DagBag from /home/airflow/.local/lib/python3.8/site-packages/airflow/example_dags/example_dag_decorator.py
[2025-04-13T15:44:09.069+0000] {processor.py:840} INFO - DAG(s) 'example_dag_decorator' retrieved from /home/airflow/.local/lib/python3.8/site-packages/airflow/example_dags/example_dag_decorator.py
[2025-04-13T15:44:09.354+0000] {logging_mixin.py:188} INFO - [2025-04-13T15:44:09.354+0000] {dag.py:3036} INFO - Sync 1 DAGs
[2025-04-13T15:44:09.370+0000] {logging_mixin.py:188} INFO - [2025-04-13T15:44:09.369+0000] {dag.py:3823} INFO - Setting next_dagrun for example_dag_decorator to None, run_after=None
[2025-04-13T15:44:09.406+0000] {processor.py:183} INFO - Processing /home/airflow/.local/lib/python3.8/site-packages/airflow/example_dags/example_dag_decorator.py took 0.721 seconds
[2025-04-13T15:44:43.934+0000] {processor.py:161} INFO - Started process (PID=2783) to work on /home/airflow/.local/lib/python3.8/site-packages/airflow/example_dags/example_dag_decorator.py
[2025-04-13T15:44:43.937+0000] {processor.py:830} INFO - Processing file /home/airflow/.local/lib/python3.8/site-packages/airflow/example_dags/example_dag_decorator.py for tasks to queue
[2025-04-13T15:44:43.943+0000] {logging_mixin.py:188} INFO - [2025-04-13T15:44:43.942+0000] {dagbag.py:538} INFO - Filling up the DagBag from /home/airflow/.local/lib/python3.8/site-packages/airflow/example_dags/example_dag_decorator.py
[2025-04-13T15:44:44.140+0000] {processor.py:840} INFO - DAG(s) 'example_dag_decorator' retrieved from /home/airflow/.local/lib/python3.8/site-packages/airflow/example_dags/example_dag_decorator.py
[2025-04-13T15:44:44.455+0000] {logging_mixin.py:188} INFO - [2025-04-13T15:44:44.455+0000] {dag.py:3036} INFO - Sync 1 DAGs
[2025-04-13T15:44:44.470+0000] {logging_mixin.py:188} INFO - [2025-04-13T15:44:44.470+0000] {dag.py:3823} INFO - Setting next_dagrun for example_dag_decorator to None, run_after=None
[2025-04-13T15:44:44.495+0000] {processor.py:183} INFO - Processing /home/airflow/.local/lib/python3.8/site-packages/airflow/example_dags/example_dag_decorator.py took 0.570 seconds
[2025-04-13T15:45:15.614+0000] {processor.py:161} INFO - Started process (PID=2839) to work on /home/airflow/.local/lib/python3.8/site-packages/airflow/example_dags/example_dag_decorator.py
[2025-04-13T15:45:15.616+0000] {processor.py:830} INFO - Processing file /home/airflow/.local/lib/python3.8/site-packages/airflow/example_dags/example_dag_decorator.py for tasks to queue
[2025-04-13T15:45:15.618+0000] {logging_mixin.py:188} INFO - [2025-04-13T15:45:15.618+0000] {dagbag.py:538} INFO - Filling up the DagBag from /home/airflow/.local/lib/python3.8/site-packages/airflow/example_dags/example_dag_decorator.py
[2025-04-13T15:45:15.901+0000] {processor.py:840} INFO - DAG(s) 'example_dag_decorator' retrieved from /home/airflow/.local/lib/python3.8/site-packages/airflow/example_dags/example_dag_decorator.py
[2025-04-13T15:45:16.038+0000] {logging_mixin.py:188} INFO - [2025-04-13T15:45:16.037+0000] {dag.py:3036} INFO - Sync 1 DAGs
[2025-04-13T15:45:16.049+0000] {logging_mixin.py:188} INFO - [2025-04-13T15:45:16.049+0000] {dag.py:3823} INFO - Setting next_dagrun for example_dag_decorator to None, run_after=None
[2025-04-13T15:45:16.072+0000] {processor.py:183} INFO - Processing /home/airflow/.local/lib/python3.8/site-packages/airflow/example_dags/example_dag_decorator.py took 0.463 seconds
[2025-04-13T15:45:46.290+0000] {processor.py:161} INFO - Started process (PID=2895) to work on /home/airflow/.local/lib/python3.8/site-packages/airflow/example_dags/example_dag_decorator.py
[2025-04-13T15:45:46.291+0000] {processor.py:830} INFO - Processing file /home/airflow/.local/lib/python3.8/site-packages/airflow/example_dags/example_dag_decorator.py for tasks to queue
[2025-04-13T15:45:46.293+0000] {logging_mixin.py:188} INFO - [2025-04-13T15:45:46.293+0000] {dagbag.py:538} INFO - Filling up the DagBag from /home/airflow/.local/lib/python3.8/site-packages/airflow/example_dags/example_dag_decorator.py
[2025-04-13T15:45:46.518+0000] {processor.py:840} INFO - DAG(s) 'example_dag_decorator' retrieved from /home/airflow/.local/lib/python3.8/site-packages/airflow/example_dags/example_dag_decorator.py
[2025-04-13T15:45:46.615+0000] {logging_mixin.py:188} INFO - [2025-04-13T15:45:46.614+0000] {dag.py:3036} INFO - Sync 1 DAGs
[2025-04-13T15:45:46.629+0000] {logging_mixin.py:188} INFO - [2025-04-13T15:45:46.628+0000] {dag.py:3823} INFO - Setting next_dagrun for example_dag_decorator to None, run_after=None
[2025-04-13T15:45:46.650+0000] {processor.py:183} INFO - Processing /home/airflow/.local/lib/python3.8/site-packages/airflow/example_dags/example_dag_decorator.py took 0.363 seconds
[2025-04-13T15:46:18.522+0000] {processor.py:161} INFO - Started process (PID=2951) to work on /home/airflow/.local/lib/python3.8/site-packages/airflow/example_dags/example_dag_decorator.py
[2025-04-13T15:46:18.524+0000] {processor.py:830} INFO - Processing file /home/airflow/.local/lib/python3.8/site-packages/airflow/example_dags/example_dag_decorator.py for tasks to queue
[2025-04-13T15:46:18.527+0000] {logging_mixin.py:188} INFO - [2025-04-13T15:46:18.527+0000] {dagbag.py:538} INFO - Filling up the DagBag from /home/airflow/.local/lib/python3.8/site-packages/airflow/example_dags/example_dag_decorator.py
[2025-04-13T15:46:18.640+0000] {processor.py:840} INFO - DAG(s) 'example_dag_decorator' retrieved from /home/airflow/.local/lib/python3.8/site-packages/airflow/example_dags/example_dag_decorator.py
[2025-04-13T15:46:18.770+0000] {logging_mixin.py:188} INFO - [2025-04-13T15:46:18.770+0000] {dag.py:3036} INFO - Sync 1 DAGs
[2025-04-13T15:46:18.783+0000] {logging_mixin.py:188} INFO - [2025-04-13T15:46:18.783+0000] {dag.py:3823} INFO - Setting next_dagrun for example_dag_decorator to None, run_after=None
[2025-04-13T15:46:18.807+0000] {processor.py:183} INFO - Processing /home/airflow/.local/lib/python3.8/site-packages/airflow/example_dags/example_dag_decorator.py took 0.289 seconds
[2025-04-13T15:46:49.231+0000] {processor.py:161} INFO - Started process (PID=3007) to work on /home/airflow/.local/lib/python3.8/site-packages/airflow/example_dags/example_dag_decorator.py
[2025-04-13T15:46:49.235+0000] {processor.py:830} INFO - Processing file /home/airflow/.local/lib/python3.8/site-packages/airflow/example_dags/example_dag_decorator.py for tasks to queue
[2025-04-13T15:46:49.238+0000] {logging_mixin.py:188} INFO - [2025-04-13T15:46:49.238+0000] {dagbag.py:538} INFO - Filling up the DagBag from /home/airflow/.local/lib/python3.8/site-packages/airflow/example_dags/example_dag_decorator.py
[2025-04-13T15:46:49.419+0000] {processor.py:840} INFO - DAG(s) 'example_dag_decorator' retrieved from /home/airflow/.local/lib/python3.8/site-packages/airflow/example_dags/example_dag_decorator.py
[2025-04-13T15:46:49.446+0000] {logging_mixin.py:188} INFO - [2025-04-13T15:46:49.446+0000] {dag.py:3036} INFO - Sync 1 DAGs
[2025-04-13T15:46:49.465+0000] {logging_mixin.py:188} INFO - [2025-04-13T15:46:49.464+0000] {dag.py:3823} INFO - Setting next_dagrun for example_dag_decorator to None, run_after=None
[2025-04-13T15:46:49.520+0000] {processor.py:183} INFO - Processing /home/airflow/.local/lib/python3.8/site-packages/airflow/example_dags/example_dag_decorator.py took 0.300 seconds
[2025-04-13T15:47:21.129+0000] {processor.py:161} INFO - Started process (PID=3064) to work on /home/airflow/.local/lib/python3.8/site-packages/airflow/example_dags/example_dag_decorator.py
[2025-04-13T15:47:21.131+0000] {processor.py:830} INFO - Processing file /home/airflow/.local/lib/python3.8/site-packages/airflow/example_dags/example_dag_decorator.py for tasks to queue
[2025-04-13T15:47:21.134+0000] {logging_mixin.py:188} INFO - [2025-04-13T15:47:21.133+0000] {dagbag.py:538} INFO - Filling up the DagBag from /home/airflow/.local/lib/python3.8/site-packages/airflow/example_dags/example_dag_decorator.py
[2025-04-13T15:47:21.283+0000] {processor.py:840} INFO - DAG(s) 'example_dag_decorator' retrieved from /home/airflow/.local/lib/python3.8/site-packages/airflow/example_dags/example_dag_decorator.py
[2025-04-13T15:47:21.314+0000] {logging_mixin.py:188} INFO - [2025-04-13T15:47:21.313+0000] {dag.py:3036} INFO - Sync 1 DAGs
[2025-04-13T15:47:21.329+0000] {logging_mixin.py:188} INFO - [2025-04-13T15:47:21.328+0000] {dag.py:3823} INFO - Setting next_dagrun for example_dag_decorator to None, run_after=None
[2025-04-13T15:47:21.351+0000] {processor.py:183} INFO - Processing /home/airflow/.local/lib/python3.8/site-packages/airflow/example_dags/example_dag_decorator.py took 0.226 seconds
[2025-04-13T15:47:54.065+0000] {processor.py:161} INFO - Started process (PID=3120) to work on /home/airflow/.local/lib/python3.8/site-packages/airflow/example_dags/example_dag_decorator.py
[2025-04-13T15:47:54.066+0000] {processor.py:830} INFO - Processing file /home/airflow/.local/lib/python3.8/site-packages/airflow/example_dags/example_dag_decorator.py for tasks to queue
[2025-04-13T15:47:54.069+0000] {logging_mixin.py:188} INFO - [2025-04-13T15:47:54.068+0000] {dagbag.py:538} INFO - Filling up the DagBag from /home/airflow/.local/lib/python3.8/site-packages/airflow/example_dags/example_dag_decorator.py
[2025-04-13T15:47:54.187+0000] {processor.py:840} INFO - DAG(s) 'example_dag_decorator' retrieved from /home/airflow/.local/lib/python3.8/site-packages/airflow/example_dags/example_dag_decorator.py
[2025-04-13T15:47:54.300+0000] {logging_mixin.py:188} INFO - [2025-04-13T15:47:54.300+0000] {dag.py:3036} INFO - Sync 1 DAGs
[2025-04-13T15:47:54.316+0000] {logging_mixin.py:188} INFO - [2025-04-13T15:47:54.316+0000] {dag.py:3823} INFO - Setting next_dagrun for example_dag_decorator to None, run_after=None
[2025-04-13T15:47:54.342+0000] {processor.py:183} INFO - Processing /home/airflow/.local/lib/python3.8/site-packages/airflow/example_dags/example_dag_decorator.py took 0.281 seconds
[2025-04-13T15:48:26.486+0000] {processor.py:161} INFO - Started process (PID=3176) to work on /home/airflow/.local/lib/python3.8/site-packages/airflow/example_dags/example_dag_decorator.py
[2025-04-13T15:48:26.487+0000] {processor.py:830} INFO - Processing file /home/airflow/.local/lib/python3.8/site-packages/airflow/example_dags/example_dag_decorator.py for tasks to queue
[2025-04-13T15:48:26.489+0000] {logging_mixin.py:188} INFO - [2025-04-13T15:48:26.489+0000] {dagbag.py:538} INFO - Filling up the DagBag from /home/airflow/.local/lib/python3.8/site-packages/airflow/example_dags/example_dag_decorator.py
[2025-04-13T15:48:26.590+0000] {processor.py:840} INFO - DAG(s) 'example_dag_decorator' retrieved from /home/airflow/.local/lib/python3.8/site-packages/airflow/example_dags/example_dag_decorator.py
[2025-04-13T15:48:26.709+0000] {logging_mixin.py:188} INFO - [2025-04-13T15:48:26.709+0000] {dag.py:3036} INFO - Sync 1 DAGs
[2025-04-13T15:48:26.721+0000] {logging_mixin.py:188} INFO - [2025-04-13T15:48:26.721+0000] {dag.py:3823} INFO - Setting next_dagrun for example_dag_decorator to None, run_after=None
[2025-04-13T15:48:26.746+0000] {processor.py:183} INFO - Processing /home/airflow/.local/lib/python3.8/site-packages/airflow/example_dags/example_dag_decorator.py took 0.263 seconds
[2025-04-13T15:49:00.002+0000] {processor.py:161} INFO - Started process (PID=3232) to work on /home/airflow/.local/lib/python3.8/site-packages/airflow/example_dags/example_dag_decorator.py
[2025-04-13T15:49:00.003+0000] {processor.py:830} INFO - Processing file /home/airflow/.local/lib/python3.8/site-packages/airflow/example_dags/example_dag_decorator.py for tasks to queue
[2025-04-13T15:49:00.006+0000] {logging_mixin.py:188} INFO - [2025-04-13T15:49:00.005+0000] {dagbag.py:538} INFO - Filling up the DagBag from /home/airflow/.local/lib/python3.8/site-packages/airflow/example_dags/example_dag_decorator.py
[2025-04-13T15:49:00.126+0000] {processor.py:840} INFO - DAG(s) 'example_dag_decorator' retrieved from /home/airflow/.local/lib/python3.8/site-packages/airflow/example_dags/example_dag_decorator.py
[2025-04-13T15:49:00.156+0000] {logging_mixin.py:188} INFO - [2025-04-13T15:49:00.155+0000] {dag.py:3036} INFO - Sync 1 DAGs
[2025-04-13T15:49:00.177+0000] {logging_mixin.py:188} INFO - [2025-04-13T15:49:00.177+0000] {dag.py:3823} INFO - Setting next_dagrun for example_dag_decorator to None, run_after=None
[2025-04-13T15:49:00.214+0000] {processor.py:183} INFO - Processing /home/airflow/.local/lib/python3.8/site-packages/airflow/example_dags/example_dag_decorator.py took 0.215 seconds
[2025-04-13T15:49:32.276+0000] {processor.py:161} INFO - Started process (PID=3288) to work on /home/airflow/.local/lib/python3.8/site-packages/airflow/example_dags/example_dag_decorator.py
[2025-04-13T15:49:32.277+0000] {processor.py:830} INFO - Processing file /home/airflow/.local/lib/python3.8/site-packages/airflow/example_dags/example_dag_decorator.py for tasks to queue
[2025-04-13T15:49:32.280+0000] {logging_mixin.py:188} INFO - [2025-04-13T15:49:32.279+0000] {dagbag.py:538} INFO - Filling up the DagBag from /home/airflow/.local/lib/python3.8/site-packages/airflow/example_dags/example_dag_decorator.py
[2025-04-13T15:49:32.393+0000] {processor.py:840} INFO - DAG(s) 'example_dag_decorator' retrieved from /home/airflow/.local/lib/python3.8/site-packages/airflow/example_dags/example_dag_decorator.py
[2025-04-13T15:49:32.418+0000] {logging_mixin.py:188} INFO - [2025-04-13T15:49:32.418+0000] {dag.py:3036} INFO - Sync 1 DAGs
[2025-04-13T15:49:32.434+0000] {logging_mixin.py:188} INFO - [2025-04-13T15:49:32.433+0000] {dag.py:3823} INFO - Setting next_dagrun for example_dag_decorator to None, run_after=None
[2025-04-13T15:49:32.468+0000] {processor.py:183} INFO - Processing /home/airflow/.local/lib/python3.8/site-packages/airflow/example_dags/example_dag_decorator.py took 0.196 seconds
[2025-04-13T15:50:03.286+0000] {processor.py:161} INFO - Started process (PID=3344) to work on /home/airflow/.local/lib/python3.8/site-packages/airflow/example_dags/example_dag_decorator.py
[2025-04-13T15:50:03.287+0000] {processor.py:830} INFO - Processing file /home/airflow/.local/lib/python3.8/site-packages/airflow/example_dags/example_dag_decorator.py for tasks to queue
[2025-04-13T15:50:03.289+0000] {logging_mixin.py:188} INFO - [2025-04-13T15:50:03.289+0000] {dagbag.py:538} INFO - Filling up the DagBag from /home/airflow/.local/lib/python3.8/site-packages/airflow/example_dags/example_dag_decorator.py
[2025-04-13T15:50:03.400+0000] {processor.py:840} INFO - DAG(s) 'example_dag_decorator' retrieved from /home/airflow/.local/lib/python3.8/site-packages/airflow/example_dags/example_dag_decorator.py
[2025-04-13T15:50:03.430+0000] {logging_mixin.py:188} INFO - [2025-04-13T15:50:03.430+0000] {dag.py:3036} INFO - Sync 1 DAGs
[2025-04-13T15:50:03.446+0000] {logging_mixin.py:188} INFO - [2025-04-13T15:50:03.446+0000] {dag.py:3823} INFO - Setting next_dagrun for example_dag_decorator to None, run_after=None
[2025-04-13T15:50:03.473+0000] {processor.py:183} INFO - Processing /home/airflow/.local/lib/python3.8/site-packages/airflow/example_dags/example_dag_decorator.py took 0.190 seconds
[2025-04-13T15:50:36.208+0000] {processor.py:161} INFO - Started process (PID=3400) to work on /home/airflow/.local/lib/python3.8/site-packages/airflow/example_dags/example_dag_decorator.py
[2025-04-13T15:50:36.213+0000] {processor.py:830} INFO - Processing file /home/airflow/.local/lib/python3.8/site-packages/airflow/example_dags/example_dag_decorator.py for tasks to queue
[2025-04-13T15:50:36.216+0000] {logging_mixin.py:188} INFO - [2025-04-13T15:50:36.216+0000] {dagbag.py:538} INFO - Filling up the DagBag from /home/airflow/.local/lib/python3.8/site-packages/airflow/example_dags/example_dag_decorator.py
[2025-04-13T15:50:36.403+0000] {processor.py:840} INFO - DAG(s) 'example_dag_decorator' retrieved from /home/airflow/.local/lib/python3.8/site-packages/airflow/example_dags/example_dag_decorator.py
[2025-04-13T15:50:36.431+0000] {logging_mixin.py:188} INFO - [2025-04-13T15:50:36.431+0000] {dag.py:3036} INFO - Sync 1 DAGs
[2025-04-13T15:50:36.445+0000] {logging_mixin.py:188} INFO - [2025-04-13T15:50:36.445+0000] {dag.py:3823} INFO - Setting next_dagrun for example_dag_decorator to None, run_after=None
[2025-04-13T15:50:36.475+0000] {processor.py:183} INFO - Processing /home/airflow/.local/lib/python3.8/site-packages/airflow/example_dags/example_dag_decorator.py took 0.273 seconds
[2025-04-13T15:51:08.087+0000] {processor.py:161} INFO - Started process (PID=3455) to work on /home/airflow/.local/lib/python3.8/site-packages/airflow/example_dags/example_dag_decorator.py
[2025-04-13T15:51:08.089+0000] {processor.py:830} INFO - Processing file /home/airflow/.local/lib/python3.8/site-packages/airflow/example_dags/example_dag_decorator.py for tasks to queue
[2025-04-13T15:51:08.091+0000] {logging_mixin.py:188} INFO - [2025-04-13T15:51:08.090+0000] {dagbag.py:538} INFO - Filling up the DagBag from /home/airflow/.local/lib/python3.8/site-packages/airflow/example_dags/example_dag_decorator.py
[2025-04-13T15:51:08.190+0000] {processor.py:840} INFO - DAG(s) 'example_dag_decorator' retrieved from /home/airflow/.local/lib/python3.8/site-packages/airflow/example_dags/example_dag_decorator.py
[2025-04-13T15:51:08.294+0000] {logging_mixin.py:188} INFO - [2025-04-13T15:51:08.294+0000] {dag.py:3036} INFO - Sync 1 DAGs
[2025-04-13T15:51:08.306+0000] {logging_mixin.py:188} INFO - [2025-04-13T15:51:08.306+0000] {dag.py:3823} INFO - Setting next_dagrun for example_dag_decorator to None, run_after=None
[2025-04-13T15:51:08.330+0000] {processor.py:183} INFO - Processing /home/airflow/.local/lib/python3.8/site-packages/airflow/example_dags/example_dag_decorator.py took 0.246 seconds
[2025-04-13T15:51:40.723+0000] {processor.py:161} INFO - Started process (PID=3511) to work on /home/airflow/.local/lib/python3.8/site-packages/airflow/example_dags/example_dag_decorator.py
[2025-04-13T15:51:40.724+0000] {processor.py:830} INFO - Processing file /home/airflow/.local/lib/python3.8/site-packages/airflow/example_dags/example_dag_decorator.py for tasks to queue
[2025-04-13T15:51:40.726+0000] {logging_mixin.py:188} INFO - [2025-04-13T15:51:40.726+0000] {dagbag.py:538} INFO - Filling up the DagBag from /home/airflow/.local/lib/python3.8/site-packages/airflow/example_dags/example_dag_decorator.py
[2025-04-13T15:51:40.814+0000] {processor.py:840} INFO - DAG(s) 'example_dag_decorator' retrieved from /home/airflow/.local/lib/python3.8/site-packages/airflow/example_dags/example_dag_decorator.py
[2025-04-13T15:51:40.928+0000] {logging_mixin.py:188} INFO - [2025-04-13T15:51:40.928+0000] {dag.py:3036} INFO - Sync 1 DAGs
[2025-04-13T15:51:40.939+0000] {logging_mixin.py:188} INFO - [2025-04-13T15:51:40.939+0000] {dag.py:3823} INFO - Setting next_dagrun for example_dag_decorator to None, run_after=None
[2025-04-13T15:51:40.969+0000] {processor.py:183} INFO - Processing /home/airflow/.local/lib/python3.8/site-packages/airflow/example_dags/example_dag_decorator.py took 0.250 seconds
[2025-04-13T15:52:14.027+0000] {processor.py:161} INFO - Started process (PID=3567) to work on /home/airflow/.local/lib/python3.8/site-packages/airflow/example_dags/example_dag_decorator.py
[2025-04-13T15:52:14.028+0000] {processor.py:830} INFO - Processing file /home/airflow/.local/lib/python3.8/site-packages/airflow/example_dags/example_dag_decorator.py for tasks to queue
[2025-04-13T15:52:14.030+0000] {logging_mixin.py:188} INFO - [2025-04-13T15:52:14.030+0000] {dagbag.py:538} INFO - Filling up the DagBag from /home/airflow/.local/lib/python3.8/site-packages/airflow/example_dags/example_dag_decorator.py
[2025-04-13T15:52:14.141+0000] {processor.py:840} INFO - DAG(s) 'example_dag_decorator' retrieved from /home/airflow/.local/lib/python3.8/site-packages/airflow/example_dags/example_dag_decorator.py
[2025-04-13T15:52:14.281+0000] {logging_mixin.py:188} INFO - [2025-04-13T15:52:14.280+0000] {dag.py:3036} INFO - Sync 1 DAGs
[2025-04-13T15:52:14.298+0000] {logging_mixin.py:188} INFO - [2025-04-13T15:52:14.298+0000] {dag.py:3823} INFO - Setting next_dagrun for example_dag_decorator to None, run_after=None
[2025-04-13T15:52:14.323+0000] {processor.py:183} INFO - Processing /home/airflow/.local/lib/python3.8/site-packages/airflow/example_dags/example_dag_decorator.py took 0.301 seconds
[2025-04-13T15:52:46.147+0000] {processor.py:161} INFO - Started process (PID=3623) to work on /home/airflow/.local/lib/python3.8/site-packages/airflow/example_dags/example_dag_decorator.py
[2025-04-13T15:52:46.148+0000] {processor.py:830} INFO - Processing file /home/airflow/.local/lib/python3.8/site-packages/airflow/example_dags/example_dag_decorator.py for tasks to queue
[2025-04-13T15:52:46.151+0000] {logging_mixin.py:188} INFO - [2025-04-13T15:52:46.150+0000] {dagbag.py:538} INFO - Filling up the DagBag from /home/airflow/.local/lib/python3.8/site-packages/airflow/example_dags/example_dag_decorator.py
[2025-04-13T15:52:46.264+0000] {processor.py:840} INFO - DAG(s) 'example_dag_decorator' retrieved from /home/airflow/.local/lib/python3.8/site-packages/airflow/example_dags/example_dag_decorator.py
[2025-04-13T15:52:46.400+0000] {logging_mixin.py:188} INFO - [2025-04-13T15:52:46.399+0000] {dag.py:3036} INFO - Sync 1 DAGs
[2025-04-13T15:52:46.413+0000] {logging_mixin.py:188} INFO - [2025-04-13T15:52:46.412+0000] {dag.py:3823} INFO - Setting next_dagrun for example_dag_decorator to None, run_after=None
[2025-04-13T15:52:46.440+0000] {processor.py:183} INFO - Processing /home/airflow/.local/lib/python3.8/site-packages/airflow/example_dags/example_dag_decorator.py took 0.297 seconds
[2025-04-13T17:20:36.055+0000] {processor.py:161} INFO - Started process (PID=3686) to work on /home/airflow/.local/lib/python3.8/site-packages/airflow/example_dags/example_dag_decorator.py
[2025-04-13T17:20:36.060+0000] {processor.py:830} INFO - Processing file /home/airflow/.local/lib/python3.8/site-packages/airflow/example_dags/example_dag_decorator.py for tasks to queue
[2025-04-13T17:20:36.071+0000] {logging_mixin.py:188} INFO - [2025-04-13T17:20:36.070+0000] {dagbag.py:538} INFO - Filling up the DagBag from /home/airflow/.local/lib/python3.8/site-packages/airflow/example_dags/example_dag_decorator.py
[2025-04-13T17:20:36.748+0000] {processor.py:840} INFO - DAG(s) 'example_dag_decorator' retrieved from /home/airflow/.local/lib/python3.8/site-packages/airflow/example_dags/example_dag_decorator.py
[2025-04-13T17:20:37.361+0000] {logging_mixin.py:188} INFO - [2025-04-13T17:20:37.360+0000] {dag.py:3036} INFO - Sync 1 DAGs
[2025-04-13T17:20:37.408+0000] {logging_mixin.py:188} INFO - [2025-04-13T17:20:37.408+0000] {dag.py:3823} INFO - Setting next_dagrun for example_dag_decorator to None, run_after=None
[2025-04-13T17:20:37.520+0000] {processor.py:183} INFO - Processing /home/airflow/.local/lib/python3.8/site-packages/airflow/example_dags/example_dag_decorator.py took 1.481 seconds
[2025-04-13T17:21:08.016+0000] {processor.py:161} INFO - Started process (PID=3744) to work on /home/airflow/.local/lib/python3.8/site-packages/airflow/example_dags/example_dag_decorator.py
[2025-04-13T17:21:08.018+0000] {processor.py:830} INFO - Processing file /home/airflow/.local/lib/python3.8/site-packages/airflow/example_dags/example_dag_decorator.py for tasks to queue
[2025-04-13T17:21:08.021+0000] {logging_mixin.py:188} INFO - [2025-04-13T17:21:08.020+0000] {dagbag.py:538} INFO - Filling up the DagBag from /home/airflow/.local/lib/python3.8/site-packages/airflow/example_dags/example_dag_decorator.py
[2025-04-13T17:21:08.178+0000] {processor.py:840} INFO - DAG(s) 'example_dag_decorator' retrieved from /home/airflow/.local/lib/python3.8/site-packages/airflow/example_dags/example_dag_decorator.py
[2025-04-13T17:21:08.364+0000] {logging_mixin.py:188} INFO - [2025-04-13T17:21:08.364+0000] {dag.py:3036} INFO - Sync 1 DAGs
[2025-04-13T17:21:08.389+0000] {logging_mixin.py:188} INFO - [2025-04-13T17:21:08.389+0000] {dag.py:3823} INFO - Setting next_dagrun for example_dag_decorator to None, run_after=None
[2025-04-13T17:21:08.430+0000] {processor.py:183} INFO - Processing /home/airflow/.local/lib/python3.8/site-packages/airflow/example_dags/example_dag_decorator.py took 0.420 seconds
[2025-04-13T17:21:38.494+0000] {processor.py:161} INFO - Started process (PID=3800) to work on /home/airflow/.local/lib/python3.8/site-packages/airflow/example_dags/example_dag_decorator.py
[2025-04-13T17:21:38.495+0000] {processor.py:830} INFO - Processing file /home/airflow/.local/lib/python3.8/site-packages/airflow/example_dags/example_dag_decorator.py for tasks to queue
[2025-04-13T17:21:38.498+0000] {logging_mixin.py:188} INFO - [2025-04-13T17:21:38.498+0000] {dagbag.py:538} INFO - Filling up the DagBag from /home/airflow/.local/lib/python3.8/site-packages/airflow/example_dags/example_dag_decorator.py
[2025-04-13T17:21:38.647+0000] {processor.py:840} INFO - DAG(s) 'example_dag_decorator' retrieved from /home/airflow/.local/lib/python3.8/site-packages/airflow/example_dags/example_dag_decorator.py
[2025-04-13T17:21:38.847+0000] {logging_mixin.py:188} INFO - [2025-04-13T17:21:38.837+0000] {dag.py:3036} INFO - Sync 1 DAGs
[2025-04-13T17:21:38.904+0000] {logging_mixin.py:188} INFO - [2025-04-13T17:21:38.896+0000] {dag.py:3823} INFO - Setting next_dagrun for example_dag_decorator to None, run_after=None
[2025-04-13T17:21:38.968+0000] {processor.py:183} INFO - Processing /home/airflow/.local/lib/python3.8/site-packages/airflow/example_dags/example_dag_decorator.py took 0.479 seconds
[2025-04-13T17:22:09.039+0000] {processor.py:161} INFO - Started process (PID=3859) to work on /home/airflow/.local/lib/python3.8/site-packages/airflow/example_dags/example_dag_decorator.py
[2025-04-13T17:22:09.040+0000] {processor.py:830} INFO - Processing file /home/airflow/.local/lib/python3.8/site-packages/airflow/example_dags/example_dag_decorator.py for tasks to queue
[2025-04-13T17:22:09.043+0000] {logging_mixin.py:188} INFO - [2025-04-13T17:22:09.042+0000] {dagbag.py:538} INFO - Filling up the DagBag from /home/airflow/.local/lib/python3.8/site-packages/airflow/example_dags/example_dag_decorator.py
[2025-04-13T17:22:09.143+0000] {processor.py:840} INFO - DAG(s) 'example_dag_decorator' retrieved from /home/airflow/.local/lib/python3.8/site-packages/airflow/example_dags/example_dag_decorator.py
[2025-04-13T17:22:09.255+0000] {logging_mixin.py:188} INFO - [2025-04-13T17:22:09.255+0000] {dag.py:3036} INFO - Sync 1 DAGs
[2025-04-13T17:22:09.272+0000] {logging_mixin.py:188} INFO - [2025-04-13T17:22:09.271+0000] {dag.py:3823} INFO - Setting next_dagrun for example_dag_decorator to None, run_after=None
[2025-04-13T17:22:09.299+0000] {processor.py:183} INFO - Processing /home/airflow/.local/lib/python3.8/site-packages/airflow/example_dags/example_dag_decorator.py took 0.264 seconds
[2025-04-13T17:22:39.907+0000] {processor.py:161} INFO - Started process (PID=3917) to work on /home/airflow/.local/lib/python3.8/site-packages/airflow/example_dags/example_dag_decorator.py
[2025-04-13T17:22:39.910+0000] {processor.py:830} INFO - Processing file /home/airflow/.local/lib/python3.8/site-packages/airflow/example_dags/example_dag_decorator.py for tasks to queue
[2025-04-13T17:22:39.915+0000] {logging_mixin.py:188} INFO - [2025-04-13T17:22:39.915+0000] {dagbag.py:538} INFO - Filling up the DagBag from /home/airflow/.local/lib/python3.8/site-packages/airflow/example_dags/example_dag_decorator.py
[2025-04-13T17:22:40.130+0000] {processor.py:840} INFO - DAG(s) 'example_dag_decorator' retrieved from /home/airflow/.local/lib/python3.8/site-packages/airflow/example_dags/example_dag_decorator.py
[2025-04-13T17:22:40.300+0000] {logging_mixin.py:188} INFO - [2025-04-13T17:22:40.300+0000] {dag.py:3036} INFO - Sync 1 DAGs
[2025-04-13T17:22:40.317+0000] {logging_mixin.py:188} INFO - [2025-04-13T17:22:40.317+0000] {dag.py:3823} INFO - Setting next_dagrun for example_dag_decorator to None, run_after=None
[2025-04-13T17:22:40.354+0000] {processor.py:183} INFO - Processing /home/airflow/.local/lib/python3.8/site-packages/airflow/example_dags/example_dag_decorator.py took 0.453 seconds
[2025-04-13T17:23:10.696+0000] {processor.py:161} INFO - Started process (PID=3975) to work on /home/airflow/.local/lib/python3.8/site-packages/airflow/example_dags/example_dag_decorator.py
[2025-04-13T17:23:10.697+0000] {processor.py:830} INFO - Processing file /home/airflow/.local/lib/python3.8/site-packages/airflow/example_dags/example_dag_decorator.py for tasks to queue
[2025-04-13T17:23:10.699+0000] {logging_mixin.py:188} INFO - [2025-04-13T17:23:10.699+0000] {dagbag.py:538} INFO - Filling up the DagBag from /home/airflow/.local/lib/python3.8/site-packages/airflow/example_dags/example_dag_decorator.py
[2025-04-13T17:23:10.810+0000] {processor.py:840} INFO - DAG(s) 'example_dag_decorator' retrieved from /home/airflow/.local/lib/python3.8/site-packages/airflow/example_dags/example_dag_decorator.py
[2025-04-13T17:23:10.924+0000] {logging_mixin.py:188} INFO - [2025-04-13T17:23:10.924+0000] {dag.py:3036} INFO - Sync 1 DAGs
[2025-04-13T17:23:10.936+0000] {logging_mixin.py:188} INFO - [2025-04-13T17:23:10.936+0000] {dag.py:3823} INFO - Setting next_dagrun for example_dag_decorator to None, run_after=None
[2025-04-13T17:23:10.982+0000] {processor.py:183} INFO - Processing /home/airflow/.local/lib/python3.8/site-packages/airflow/example_dags/example_dag_decorator.py took 0.290 seconds
[2025-04-13T17:23:41.344+0000] {processor.py:161} INFO - Started process (PID=4031) to work on /home/airflow/.local/lib/python3.8/site-packages/airflow/example_dags/example_dag_decorator.py
[2025-04-13T17:23:41.346+0000] {processor.py:830} INFO - Processing file /home/airflow/.local/lib/python3.8/site-packages/airflow/example_dags/example_dag_decorator.py for tasks to queue
[2025-04-13T17:23:41.349+0000] {logging_mixin.py:188} INFO - [2025-04-13T17:23:41.349+0000] {dagbag.py:538} INFO - Filling up the DagBag from /home/airflow/.local/lib/python3.8/site-packages/airflow/example_dags/example_dag_decorator.py
[2025-04-13T17:23:41.472+0000] {processor.py:840} INFO - DAG(s) 'example_dag_decorator' retrieved from /home/airflow/.local/lib/python3.8/site-packages/airflow/example_dags/example_dag_decorator.py
[2025-04-13T17:23:41.620+0000] {logging_mixin.py:188} INFO - [2025-04-13T17:23:41.620+0000] {dag.py:3036} INFO - Sync 1 DAGs
[2025-04-13T17:23:41.641+0000] {logging_mixin.py:188} INFO - [2025-04-13T17:23:41.640+0000] {dag.py:3823} INFO - Setting next_dagrun for example_dag_decorator to None, run_after=None
[2025-04-13T17:23:41.725+0000] {processor.py:183} INFO - Processing /home/airflow/.local/lib/python3.8/site-packages/airflow/example_dags/example_dag_decorator.py took 0.385 seconds
[2025-04-13T17:24:12.492+0000] {processor.py:161} INFO - Started process (PID=4087) to work on /home/airflow/.local/lib/python3.8/site-packages/airflow/example_dags/example_dag_decorator.py
[2025-04-13T17:24:12.494+0000] {processor.py:830} INFO - Processing file /home/airflow/.local/lib/python3.8/site-packages/airflow/example_dags/example_dag_decorator.py for tasks to queue
[2025-04-13T17:24:12.496+0000] {logging_mixin.py:188} INFO - [2025-04-13T17:24:12.496+0000] {dagbag.py:538} INFO - Filling up the DagBag from /home/airflow/.local/lib/python3.8/site-packages/airflow/example_dags/example_dag_decorator.py
[2025-04-13T17:24:12.614+0000] {processor.py:840} INFO - DAG(s) 'example_dag_decorator' retrieved from /home/airflow/.local/lib/python3.8/site-packages/airflow/example_dags/example_dag_decorator.py
[2025-04-13T17:24:12.747+0000] {logging_mixin.py:188} INFO - [2025-04-13T17:24:12.747+0000] {dag.py:3036} INFO - Sync 1 DAGs
[2025-04-13T17:24:12.762+0000] {logging_mixin.py:188} INFO - [2025-04-13T17:24:12.762+0000] {dag.py:3823} INFO - Setting next_dagrun for example_dag_decorator to None, run_after=None
[2025-04-13T17:24:12.785+0000] {processor.py:183} INFO - Processing /home/airflow/.local/lib/python3.8/site-packages/airflow/example_dags/example_dag_decorator.py took 0.297 seconds
[2025-04-13T17:24:43.963+0000] {processor.py:161} INFO - Started process (PID=4147) to work on /home/airflow/.local/lib/python3.8/site-packages/airflow/example_dags/example_dag_decorator.py
[2025-04-13T17:24:43.965+0000] {processor.py:830} INFO - Processing file /home/airflow/.local/lib/python3.8/site-packages/airflow/example_dags/example_dag_decorator.py for tasks to queue
[2025-04-13T17:24:43.969+0000] {logging_mixin.py:188} INFO - [2025-04-13T17:24:43.969+0000] {dagbag.py:538} INFO - Filling up the DagBag from /home/airflow/.local/lib/python3.8/site-packages/airflow/example_dags/example_dag_decorator.py
[2025-04-13T17:24:44.150+0000] {processor.py:840} INFO - DAG(s) 'example_dag_decorator' retrieved from /home/airflow/.local/lib/python3.8/site-packages/airflow/example_dags/example_dag_decorator.py
[2025-04-13T17:24:44.327+0000] {logging_mixin.py:188} INFO - [2025-04-13T17:24:44.327+0000] {dag.py:3036} INFO - Sync 1 DAGs
[2025-04-13T17:24:44.358+0000] {logging_mixin.py:188} INFO - [2025-04-13T17:24:44.358+0000] {dag.py:3823} INFO - Setting next_dagrun for example_dag_decorator to None, run_after=None
[2025-04-13T17:24:44.394+0000] {processor.py:183} INFO - Processing /home/airflow/.local/lib/python3.8/site-packages/airflow/example_dags/example_dag_decorator.py took 0.438 seconds
[2025-04-13T17:25:15.084+0000] {processor.py:161} INFO - Started process (PID=4204) to work on /home/airflow/.local/lib/python3.8/site-packages/airflow/example_dags/example_dag_decorator.py
[2025-04-13T17:25:15.085+0000] {processor.py:830} INFO - Processing file /home/airflow/.local/lib/python3.8/site-packages/airflow/example_dags/example_dag_decorator.py for tasks to queue
[2025-04-13T17:25:15.088+0000] {logging_mixin.py:188} INFO - [2025-04-13T17:25:15.088+0000] {dagbag.py:538} INFO - Filling up the DagBag from /home/airflow/.local/lib/python3.8/site-packages/airflow/example_dags/example_dag_decorator.py
[2025-04-13T17:25:18.474+0000] {processor.py:840} INFO - DAG(s) 'example_dag_decorator' retrieved from /home/airflow/.local/lib/python3.8/site-packages/airflow/example_dags/example_dag_decorator.py
[2025-04-13T17:25:18.617+0000] {logging_mixin.py:188} INFO - [2025-04-13T17:25:18.617+0000] {dag.py:3036} INFO - Sync 1 DAGs
[2025-04-13T17:25:18.634+0000] {logging_mixin.py:188} INFO - [2025-04-13T17:25:18.634+0000] {dag.py:3823} INFO - Setting next_dagrun for example_dag_decorator to None, run_after=None
[2025-04-13T17:25:18.671+0000] {processor.py:183} INFO - Processing /home/airflow/.local/lib/python3.8/site-packages/airflow/example_dags/example_dag_decorator.py took 0.451 seconds
[2025-04-13T17:25:49.196+0000] {processor.py:161} INFO - Started process (PID=4261) to work on /home/airflow/.local/lib/python3.8/site-packages/airflow/example_dags/example_dag_decorator.py
[2025-04-13T17:25:49.197+0000] {processor.py:830} INFO - Processing file /home/airflow/.local/lib/python3.8/site-packages/airflow/example_dags/example_dag_decorator.py for tasks to queue
[2025-04-13T17:25:49.200+0000] {logging_mixin.py:188} INFO - [2025-04-13T17:25:49.199+0000] {dagbag.py:538} INFO - Filling up the DagBag from /home/airflow/.local/lib/python3.8/site-packages/airflow/example_dags/example_dag_decorator.py
[2025-04-13T17:25:49.308+0000] {processor.py:840} INFO - DAG(s) 'example_dag_decorator' retrieved from /home/airflow/.local/lib/python3.8/site-packages/airflow/example_dags/example_dag_decorator.py
[2025-04-13T17:25:49.418+0000] {logging_mixin.py:188} INFO - [2025-04-13T17:25:49.417+0000] {dag.py:3036} INFO - Sync 1 DAGs
[2025-04-13T17:25:49.430+0000] {logging_mixin.py:188} INFO - [2025-04-13T17:25:49.429+0000] {dag.py:3823} INFO - Setting next_dagrun for example_dag_decorator to None, run_after=None
[2025-04-13T17:25:49.500+0000] {processor.py:183} INFO - Processing /home/airflow/.local/lib/python3.8/site-packages/airflow/example_dags/example_dag_decorator.py took 0.307 seconds
[2025-04-13T17:26:19.874+0000] {processor.py:161} INFO - Started process (PID=4318) to work on /home/airflow/.local/lib/python3.8/site-packages/airflow/example_dags/example_dag_decorator.py
[2025-04-13T17:26:19.875+0000] {processor.py:830} INFO - Processing file /home/airflow/.local/lib/python3.8/site-packages/airflow/example_dags/example_dag_decorator.py for tasks to queue
[2025-04-13T17:26:19.878+0000] {logging_mixin.py:188} INFO - [2025-04-13T17:26:19.877+0000] {dagbag.py:538} INFO - Filling up the DagBag from /home/airflow/.local/lib/python3.8/site-packages/airflow/example_dags/example_dag_decorator.py
[2025-04-13T17:26:20.356+0000] {processor.py:840} INFO - DAG(s) 'example_dag_decorator' retrieved from /home/airflow/.local/lib/python3.8/site-packages/airflow/example_dags/example_dag_decorator.py
[2025-04-13T17:26:20.645+0000] {logging_mixin.py:188} INFO - [2025-04-13T17:26:20.644+0000] {dag.py:3036} INFO - Sync 1 DAGs
[2025-04-13T17:26:20.668+0000] {logging_mixin.py:188} INFO - [2025-04-13T17:26:20.668+0000] {dag.py:3823} INFO - Setting next_dagrun for example_dag_decorator to None, run_after=None
[2025-04-13T17:26:20.704+0000] {processor.py:183} INFO - Processing /home/airflow/.local/lib/python3.8/site-packages/airflow/example_dags/example_dag_decorator.py took 0.834 seconds
[2025-04-13T17:26:51.231+0000] {processor.py:161} INFO - Started process (PID=4374) to work on /home/airflow/.local/lib/python3.8/site-packages/airflow/example_dags/example_dag_decorator.py
[2025-04-13T17:26:51.233+0000] {processor.py:830} INFO - Processing file /home/airflow/.local/lib/python3.8/site-packages/airflow/example_dags/example_dag_decorator.py for tasks to queue
[2025-04-13T17:26:51.238+0000] {logging_mixin.py:188} INFO - [2025-04-13T17:26:51.237+0000] {dagbag.py:538} INFO - Filling up the DagBag from /home/airflow/.local/lib/python3.8/site-packages/airflow/example_dags/example_dag_decorator.py
[2025-04-13T17:26:51.414+0000] {processor.py:840} INFO - DAG(s) 'example_dag_decorator' retrieved from /home/airflow/.local/lib/python3.8/site-packages/airflow/example_dags/example_dag_decorator.py
[2025-04-13T17:26:51.624+0000] {logging_mixin.py:188} INFO - [2025-04-13T17:26:51.624+0000] {dag.py:3036} INFO - Sync 1 DAGs
[2025-04-13T17:26:51.645+0000] {logging_mixin.py:188} INFO - [2025-04-13T17:26:51.644+0000] {dag.py:3823} INFO - Setting next_dagrun for example_dag_decorator to None, run_after=None
[2025-04-13T17:26:51.695+0000] {processor.py:183} INFO - Processing /home/airflow/.local/lib/python3.8/site-packages/airflow/example_dags/example_dag_decorator.py took 0.473 seconds
[2025-04-13T17:27:22.276+0000] {processor.py:161} INFO - Started process (PID=4430) to work on /home/airflow/.local/lib/python3.8/site-packages/airflow/example_dags/example_dag_decorator.py
[2025-04-13T17:27:22.278+0000] {processor.py:830} INFO - Processing file /home/airflow/.local/lib/python3.8/site-packages/airflow/example_dags/example_dag_decorator.py for tasks to queue
[2025-04-13T17:27:22.282+0000] {logging_mixin.py:188} INFO - [2025-04-13T17:27:22.281+0000] {dagbag.py:538} INFO - Filling up the DagBag from /home/airflow/.local/lib/python3.8/site-packages/airflow/example_dags/example_dag_decorator.py
[2025-04-13T17:27:22.405+0000] {processor.py:840} INFO - DAG(s) 'example_dag_decorator' retrieved from /home/airflow/.local/lib/python3.8/site-packages/airflow/example_dags/example_dag_decorator.py
[2025-04-13T17:27:22.441+0000] {logging_mixin.py:188} INFO - [2025-04-13T17:27:22.441+0000] {dag.py:3036} INFO - Sync 1 DAGs
[2025-04-13T17:27:22.458+0000] {logging_mixin.py:188} INFO - [2025-04-13T17:27:22.457+0000] {dag.py:3823} INFO - Setting next_dagrun for example_dag_decorator to None, run_after=None
[2025-04-13T17:27:22.483+0000] {processor.py:183} INFO - Processing /home/airflow/.local/lib/python3.8/site-packages/airflow/example_dags/example_dag_decorator.py took 0.214 seconds
[2025-04-13T17:27:53.289+0000] {processor.py:161} INFO - Started process (PID=4486) to work on /home/airflow/.local/lib/python3.8/site-packages/airflow/example_dags/example_dag_decorator.py
[2025-04-13T17:27:53.291+0000] {processor.py:830} INFO - Processing file /home/airflow/.local/lib/python3.8/site-packages/airflow/example_dags/example_dag_decorator.py for tasks to queue
[2025-04-13T17:27:53.294+0000] {logging_mixin.py:188} INFO - [2025-04-13T17:27:53.293+0000] {dagbag.py:538} INFO - Filling up the DagBag from /home/airflow/.local/lib/python3.8/site-packages/airflow/example_dags/example_dag_decorator.py
[2025-04-13T17:27:53.506+0000] {processor.py:840} INFO - DAG(s) 'example_dag_decorator' retrieved from /home/airflow/.local/lib/python3.8/site-packages/airflow/example_dags/example_dag_decorator.py
[2025-04-13T17:27:53.567+0000] {logging_mixin.py:188} INFO - [2025-04-13T17:27:53.566+0000] {dag.py:3036} INFO - Sync 1 DAGs
[2025-04-13T17:27:53.611+0000] {logging_mixin.py:188} INFO - [2025-04-13T17:27:53.611+0000] {dag.py:3823} INFO - Setting next_dagrun for example_dag_decorator to None, run_after=None
[2025-04-13T17:27:53.669+0000] {processor.py:183} INFO - Processing /home/airflow/.local/lib/python3.8/site-packages/airflow/example_dags/example_dag_decorator.py took 0.393 seconds
[2025-04-13T17:28:23.753+0000] {processor.py:161} INFO - Started process (PID=4542) to work on /home/airflow/.local/lib/python3.8/site-packages/airflow/example_dags/example_dag_decorator.py
[2025-04-13T17:28:23.756+0000] {processor.py:830} INFO - Processing file /home/airflow/.local/lib/python3.8/site-packages/airflow/example_dags/example_dag_decorator.py for tasks to queue
[2025-04-13T17:28:23.760+0000] {logging_mixin.py:188} INFO - [2025-04-13T17:28:23.759+0000] {dagbag.py:538} INFO - Filling up the DagBag from /home/airflow/.local/lib/python3.8/site-packages/airflow/example_dags/example_dag_decorator.py
[2025-04-13T17:28:23.929+0000] {processor.py:840} INFO - DAG(s) 'example_dag_decorator' retrieved from /home/airflow/.local/lib/python3.8/site-packages/airflow/example_dags/example_dag_decorator.py
[2025-04-13T17:28:23.965+0000] {logging_mixin.py:188} INFO - [2025-04-13T17:28:23.965+0000] {dag.py:3036} INFO - Sync 1 DAGs
[2025-04-13T17:28:23.985+0000] {logging_mixin.py:188} INFO - [2025-04-13T17:28:23.984+0000] {dag.py:3823} INFO - Setting next_dagrun for example_dag_decorator to None, run_after=None
[2025-04-13T17:28:24.007+0000] {processor.py:183} INFO - Processing /home/airflow/.local/lib/python3.8/site-packages/airflow/example_dags/example_dag_decorator.py took 0.262 seconds
[2025-04-13T17:28:54.529+0000] {processor.py:161} INFO - Started process (PID=4598) to work on /home/airflow/.local/lib/python3.8/site-packages/airflow/example_dags/example_dag_decorator.py
[2025-04-13T17:28:54.531+0000] {processor.py:830} INFO - Processing file /home/airflow/.local/lib/python3.8/site-packages/airflow/example_dags/example_dag_decorator.py for tasks to queue
[2025-04-13T17:28:54.536+0000] {logging_mixin.py:188} INFO - [2025-04-13T17:28:54.536+0000] {dagbag.py:538} INFO - Filling up the DagBag from /home/airflow/.local/lib/python3.8/site-packages/airflow/example_dags/example_dag_decorator.py
[2025-04-13T17:28:54.700+0000] {processor.py:840} INFO - DAG(s) 'example_dag_decorator' retrieved from /home/airflow/.local/lib/python3.8/site-packages/airflow/example_dags/example_dag_decorator.py
[2025-04-13T17:28:54.906+0000] {logging_mixin.py:188} INFO - [2025-04-13T17:28:54.905+0000] {dag.py:3036} INFO - Sync 1 DAGs
[2025-04-13T17:28:54.922+0000] {logging_mixin.py:188} INFO - [2025-04-13T17:28:54.922+0000] {dag.py:3823} INFO - Setting next_dagrun for example_dag_decorator to None, run_after=None
[2025-04-13T17:28:54.952+0000] {processor.py:183} INFO - Processing /home/airflow/.local/lib/python3.8/site-packages/airflow/example_dags/example_dag_decorator.py took 0.432 seconds
[2025-04-13T17:29:26.327+0000] {processor.py:161} INFO - Started process (PID=4654) to work on /home/airflow/.local/lib/python3.8/site-packages/airflow/example_dags/example_dag_decorator.py
[2025-04-13T17:29:26.329+0000] {processor.py:830} INFO - Processing file /home/airflow/.local/lib/python3.8/site-packages/airflow/example_dags/example_dag_decorator.py for tasks to queue
[2025-04-13T17:29:26.337+0000] {logging_mixin.py:188} INFO - [2025-04-13T17:29:26.336+0000] {dagbag.py:538} INFO - Filling up the DagBag from /home/airflow/.local/lib/python3.8/site-packages/airflow/example_dags/example_dag_decorator.py
[2025-04-13T17:29:26.541+0000] {processor.py:840} INFO - DAG(s) 'example_dag_decorator' retrieved from /home/airflow/.local/lib/python3.8/site-packages/airflow/example_dags/example_dag_decorator.py
[2025-04-13T17:29:26.667+0000] {logging_mixin.py:188} INFO - [2025-04-13T17:29:26.667+0000] {dag.py:3036} INFO - Sync 1 DAGs
[2025-04-13T17:29:26.681+0000] {logging_mixin.py:188} INFO - [2025-04-13T17:29:26.680+0000] {dag.py:3823} INFO - Setting next_dagrun for example_dag_decorator to None, run_after=None
[2025-04-13T17:29:26.730+0000] {processor.py:183} INFO - Processing /home/airflow/.local/lib/python3.8/site-packages/airflow/example_dags/example_dag_decorator.py took 0.409 seconds
[2025-04-13T17:29:58.755+0000] {processor.py:161} INFO - Started process (PID=4705) to work on /home/airflow/.local/lib/python3.8/site-packages/airflow/example_dags/example_dag_decorator.py
[2025-04-13T17:29:58.757+0000] {processor.py:830} INFO - Processing file /home/airflow/.local/lib/python3.8/site-packages/airflow/example_dags/example_dag_decorator.py for tasks to queue
[2025-04-13T17:29:58.760+0000] {logging_mixin.py:188} INFO - [2025-04-13T17:29:58.760+0000] {dagbag.py:538} INFO - Filling up the DagBag from /home/airflow/.local/lib/python3.8/site-packages/airflow/example_dags/example_dag_decorator.py
[2025-04-13T17:29:58.934+0000] {processor.py:840} INFO - DAG(s) 'example_dag_decorator' retrieved from /home/airflow/.local/lib/python3.8/site-packages/airflow/example_dags/example_dag_decorator.py
[2025-04-13T17:29:59.095+0000] {logging_mixin.py:188} INFO - [2025-04-13T17:29:59.095+0000] {dag.py:3036} INFO - Sync 1 DAGs
[2025-04-13T17:29:59.111+0000] {logging_mixin.py:188} INFO - [2025-04-13T17:29:59.110+0000] {dag.py:3823} INFO - Setting next_dagrun for example_dag_decorator to None, run_after=None
[2025-04-13T17:29:59.142+0000] {processor.py:183} INFO - Processing /home/airflow/.local/lib/python3.8/site-packages/airflow/example_dags/example_dag_decorator.py took 0.403 seconds
[2025-04-13T17:30:32.180+0000] {processor.py:161} INFO - Started process (PID=4762) to work on /home/airflow/.local/lib/python3.8/site-packages/airflow/example_dags/example_dag_decorator.py
[2025-04-13T17:30:32.183+0000] {processor.py:830} INFO - Processing file /home/airflow/.local/lib/python3.8/site-packages/airflow/example_dags/example_dag_decorator.py for tasks to queue
[2025-04-13T17:30:32.186+0000] {logging_mixin.py:188} INFO - [2025-04-13T17:30:32.185+0000] {dagbag.py:538} INFO - Filling up the DagBag from /home/airflow/.local/lib/python3.8/site-packages/airflow/example_dags/example_dag_decorator.py
[2025-04-13T17:30:32.367+0000] {processor.py:840} INFO - DAG(s) 'example_dag_decorator' retrieved from /home/airflow/.local/lib/python3.8/site-packages/airflow/example_dags/example_dag_decorator.py
[2025-04-13T17:30:32.529+0000] {logging_mixin.py:188} INFO - [2025-04-13T17:30:32.529+0000] {dag.py:3036} INFO - Sync 1 DAGs
[2025-04-13T17:30:32.546+0000] {logging_mixin.py:188} INFO - [2025-04-13T17:30:32.545+0000] {dag.py:3823} INFO - Setting next_dagrun for example_dag_decorator to None, run_after=None
[2025-04-13T17:30:32.584+0000] {processor.py:183} INFO - Processing /home/airflow/.local/lib/python3.8/site-packages/airflow/example_dags/example_dag_decorator.py took 0.409 seconds
[2025-04-13T17:31:03.022+0000] {processor.py:161} INFO - Started process (PID=4818) to work on /home/airflow/.local/lib/python3.8/site-packages/airflow/example_dags/example_dag_decorator.py
[2025-04-13T17:31:03.029+0000] {processor.py:830} INFO - Processing file /home/airflow/.local/lib/python3.8/site-packages/airflow/example_dags/example_dag_decorator.py for tasks to queue
[2025-04-13T17:31:03.035+0000] {logging_mixin.py:188} INFO - [2025-04-13T17:31:03.034+0000] {dagbag.py:538} INFO - Filling up the DagBag from /home/airflow/.local/lib/python3.8/site-packages/airflow/example_dags/example_dag_decorator.py
[2025-04-13T17:31:03.222+0000] {processor.py:840} INFO - DAG(s) 'example_dag_decorator' retrieved from /home/airflow/.local/lib/python3.8/site-packages/airflow/example_dags/example_dag_decorator.py
[2025-04-13T17:31:03.434+0000] {logging_mixin.py:188} INFO - [2025-04-13T17:31:03.434+0000] {dag.py:3036} INFO - Sync 1 DAGs
[2025-04-13T17:31:03.455+0000] {logging_mixin.py:188} INFO - [2025-04-13T17:31:03.454+0000] {dag.py:3823} INFO - Setting next_dagrun for example_dag_decorator to None, run_after=None
[2025-04-13T17:31:03.523+0000] {processor.py:183} INFO - Processing /home/airflow/.local/lib/python3.8/site-packages/airflow/example_dags/example_dag_decorator.py took 0.508 seconds
[2025-04-13T17:31:36.047+0000] {processor.py:161} INFO - Started process (PID=4875) to work on /home/airflow/.local/lib/python3.8/site-packages/airflow/example_dags/example_dag_decorator.py
[2025-04-13T17:31:36.049+0000] {processor.py:830} INFO - Processing file /home/airflow/.local/lib/python3.8/site-packages/airflow/example_dags/example_dag_decorator.py for tasks to queue
[2025-04-13T17:31:36.054+0000] {logging_mixin.py:188} INFO - [2025-04-13T17:31:36.053+0000] {dagbag.py:538} INFO - Filling up the DagBag from /home/airflow/.local/lib/python3.8/site-packages/airflow/example_dags/example_dag_decorator.py
[2025-04-13T17:31:36.201+0000] {processor.py:840} INFO - DAG(s) 'example_dag_decorator' retrieved from /home/airflow/.local/lib/python3.8/site-packages/airflow/example_dags/example_dag_decorator.py
[2025-04-13T17:31:36.326+0000] {logging_mixin.py:188} INFO - [2025-04-13T17:31:36.326+0000] {dag.py:3036} INFO - Sync 1 DAGs
[2025-04-13T17:31:36.337+0000] {logging_mixin.py:188} INFO - [2025-04-13T17:31:36.337+0000] {dag.py:3823} INFO - Setting next_dagrun for example_dag_decorator to None, run_after=None
[2025-04-13T17:31:36.395+0000] {processor.py:183} INFO - Processing /home/airflow/.local/lib/python3.8/site-packages/airflow/example_dags/example_dag_decorator.py took 0.357 seconds
[2025-04-13T17:32:09.153+0000] {processor.py:161} INFO - Started process (PID=4931) to work on /home/airflow/.local/lib/python3.8/site-packages/airflow/example_dags/example_dag_decorator.py
[2025-04-13T17:32:09.155+0000] {processor.py:830} INFO - Processing file /home/airflow/.local/lib/python3.8/site-packages/airflow/example_dags/example_dag_decorator.py for tasks to queue
[2025-04-13T17:32:09.158+0000] {logging_mixin.py:188} INFO - [2025-04-13T17:32:09.158+0000] {dagbag.py:538} INFO - Filling up the DagBag from /home/airflow/.local/lib/python3.8/site-packages/airflow/example_dags/example_dag_decorator.py
[2025-04-13T17:32:09.283+0000] {processor.py:840} INFO - DAG(s) 'example_dag_decorator' retrieved from /home/airflow/.local/lib/python3.8/site-packages/airflow/example_dags/example_dag_decorator.py
[2025-04-13T17:32:09.447+0000] {logging_mixin.py:188} INFO - [2025-04-13T17:32:09.447+0000] {dag.py:3036} INFO - Sync 1 DAGs
[2025-04-13T17:32:09.460+0000] {logging_mixin.py:188} INFO - [2025-04-13T17:32:09.460+0000] {dag.py:3823} INFO - Setting next_dagrun for example_dag_decorator to None, run_after=None
[2025-04-13T17:32:09.541+0000] {processor.py:183} INFO - Processing /home/airflow/.local/lib/python3.8/site-packages/airflow/example_dags/example_dag_decorator.py took 0.394 seconds
[2025-04-13T17:32:41.801+0000] {processor.py:161} INFO - Started process (PID=4990) to work on /home/airflow/.local/lib/python3.8/site-packages/airflow/example_dags/example_dag_decorator.py
[2025-04-13T17:32:41.802+0000] {processor.py:830} INFO - Processing file /home/airflow/.local/lib/python3.8/site-packages/airflow/example_dags/example_dag_decorator.py for tasks to queue
[2025-04-13T17:32:41.805+0000] {logging_mixin.py:188} INFO - [2025-04-13T17:32:41.804+0000] {dagbag.py:538} INFO - Filling up the DagBag from /home/airflow/.local/lib/python3.8/site-packages/airflow/example_dags/example_dag_decorator.py
[2025-04-13T17:32:41.939+0000] {processor.py:840} INFO - DAG(s) 'example_dag_decorator' retrieved from /home/airflow/.local/lib/python3.8/site-packages/airflow/example_dags/example_dag_decorator.py
[2025-04-13T17:32:41.977+0000] {logging_mixin.py:188} INFO - [2025-04-13T17:32:41.976+0000] {dag.py:3036} INFO - Sync 1 DAGs
[2025-04-13T17:32:41.992+0000] {logging_mixin.py:188} INFO - [2025-04-13T17:32:41.992+0000] {dag.py:3823} INFO - Setting next_dagrun for example_dag_decorator to None, run_after=None
[2025-04-13T17:32:42.054+0000] {processor.py:183} INFO - Processing /home/airflow/.local/lib/python3.8/site-packages/airflow/example_dags/example_dag_decorator.py took 0.258 seconds
[2025-04-13T17:33:14.639+0000] {processor.py:161} INFO - Started process (PID=5050) to work on /home/airflow/.local/lib/python3.8/site-packages/airflow/example_dags/example_dag_decorator.py
[2025-04-13T17:33:14.641+0000] {processor.py:830} INFO - Processing file /home/airflow/.local/lib/python3.8/site-packages/airflow/example_dags/example_dag_decorator.py for tasks to queue
[2025-04-13T17:33:14.645+0000] {logging_mixin.py:188} INFO - [2025-04-13T17:33:14.644+0000] {dagbag.py:538} INFO - Filling up the DagBag from /home/airflow/.local/lib/python3.8/site-packages/airflow/example_dags/example_dag_decorator.py
[2025-04-13T17:33:14.808+0000] {processor.py:840} INFO - DAG(s) 'example_dag_decorator' retrieved from /home/airflow/.local/lib/python3.8/site-packages/airflow/example_dags/example_dag_decorator.py
[2025-04-13T17:33:14.944+0000] {logging_mixin.py:188} INFO - [2025-04-13T17:33:14.943+0000] {dag.py:3036} INFO - Sync 1 DAGs
[2025-04-13T17:33:14.960+0000] {logging_mixin.py:188} INFO - [2025-04-13T17:33:14.959+0000] {dag.py:3823} INFO - Setting next_dagrun for example_dag_decorator to None, run_after=None
[2025-04-13T17:33:14.993+0000] {processor.py:183} INFO - Processing /home/airflow/.local/lib/python3.8/site-packages/airflow/example_dags/example_dag_decorator.py took 0.359 seconds
[2025-04-13T17:33:46.650+0000] {processor.py:161} INFO - Started process (PID=5107) to work on /home/airflow/.local/lib/python3.8/site-packages/airflow/example_dags/example_dag_decorator.py
[2025-04-13T17:33:46.651+0000] {processor.py:830} INFO - Processing file /home/airflow/.local/lib/python3.8/site-packages/airflow/example_dags/example_dag_decorator.py for tasks to queue
[2025-04-13T17:33:46.655+0000] {logging_mixin.py:188} INFO - [2025-04-13T17:33:46.654+0000] {dagbag.py:538} INFO - Filling up the DagBag from /home/airflow/.local/lib/python3.8/site-packages/airflow/example_dags/example_dag_decorator.py
[2025-04-13T17:33:46.844+0000] {processor.py:840} INFO - DAG(s) 'example_dag_decorator' retrieved from /home/airflow/.local/lib/python3.8/site-packages/airflow/example_dags/example_dag_decorator.py
[2025-04-13T17:33:46.972+0000] {logging_mixin.py:188} INFO - [2025-04-13T17:33:46.971+0000] {dag.py:3036} INFO - Sync 1 DAGs
[2025-04-13T17:33:47.002+0000] {logging_mixin.py:188} INFO - [2025-04-13T17:33:47.002+0000] {dag.py:3823} INFO - Setting next_dagrun for example_dag_decorator to None, run_after=None
[2025-04-13T17:33:47.054+0000] {processor.py:183} INFO - Processing /home/airflow/.local/lib/python3.8/site-packages/airflow/example_dags/example_dag_decorator.py took 0.411 seconds
[2025-04-13T17:34:19.036+0000] {processor.py:161} INFO - Started process (PID=5162) to work on /home/airflow/.local/lib/python3.8/site-packages/airflow/example_dags/example_dag_decorator.py
[2025-04-13T17:34:19.040+0000] {processor.py:830} INFO - Processing file /home/airflow/.local/lib/python3.8/site-packages/airflow/example_dags/example_dag_decorator.py for tasks to queue
[2025-04-13T17:34:19.043+0000] {logging_mixin.py:188} INFO - [2025-04-13T17:34:19.042+0000] {dagbag.py:538} INFO - Filling up the DagBag from /home/airflow/.local/lib/python3.8/site-packages/airflow/example_dags/example_dag_decorator.py
[2025-04-13T17:34:19.222+0000] {processor.py:840} INFO - DAG(s) 'example_dag_decorator' retrieved from /home/airflow/.local/lib/python3.8/site-packages/airflow/example_dags/example_dag_decorator.py
[2025-04-13T17:34:19.533+0000] {logging_mixin.py:188} INFO - [2025-04-13T17:34:19.533+0000] {dag.py:3036} INFO - Sync 1 DAGs
[2025-04-13T17:34:19.573+0000] {logging_mixin.py:188} INFO - [2025-04-13T17:34:19.573+0000] {dag.py:3823} INFO - Setting next_dagrun for example_dag_decorator to None, run_after=None
[2025-04-13T17:34:19.628+0000] {processor.py:183} INFO - Processing /home/airflow/.local/lib/python3.8/site-packages/airflow/example_dags/example_dag_decorator.py took 0.601 seconds
[2025-04-13T17:34:50.680+0000] {processor.py:161} INFO - Started process (PID=5218) to work on /home/airflow/.local/lib/python3.8/site-packages/airflow/example_dags/example_dag_decorator.py
[2025-04-13T17:34:50.682+0000] {processor.py:830} INFO - Processing file /home/airflow/.local/lib/python3.8/site-packages/airflow/example_dags/example_dag_decorator.py for tasks to queue
[2025-04-13T17:34:50.687+0000] {logging_mixin.py:188} INFO - [2025-04-13T17:34:50.687+0000] {dagbag.py:538} INFO - Filling up the DagBag from /home/airflow/.local/lib/python3.8/site-packages/airflow/example_dags/example_dag_decorator.py
[2025-04-13T17:34:50.816+0000] {processor.py:840} INFO - DAG(s) 'example_dag_decorator' retrieved from /home/airflow/.local/lib/python3.8/site-packages/airflow/example_dags/example_dag_decorator.py
[2025-04-13T17:34:50.963+0000] {logging_mixin.py:188} INFO - [2025-04-13T17:34:50.963+0000] {dag.py:3036} INFO - Sync 1 DAGs
[2025-04-13T17:34:50.976+0000] {logging_mixin.py:188} INFO - [2025-04-13T17:34:50.976+0000] {dag.py:3823} INFO - Setting next_dagrun for example_dag_decorator to None, run_after=None
[2025-04-13T17:34:51.003+0000] {processor.py:183} INFO - Processing /home/airflow/.local/lib/python3.8/site-packages/airflow/example_dags/example_dag_decorator.py took 0.329 seconds
[2025-04-13T17:35:23.396+0000] {processor.py:161} INFO - Started process (PID=5274) to work on /home/airflow/.local/lib/python3.8/site-packages/airflow/example_dags/example_dag_decorator.py
[2025-04-13T17:35:23.398+0000] {processor.py:830} INFO - Processing file /home/airflow/.local/lib/python3.8/site-packages/airflow/example_dags/example_dag_decorator.py for tasks to queue
[2025-04-13T17:35:23.401+0000] {logging_mixin.py:188} INFO - [2025-04-13T17:35:23.401+0000] {dagbag.py:538} INFO - Filling up the DagBag from /home/airflow/.local/lib/python3.8/site-packages/airflow/example_dags/example_dag_decorator.py
[2025-04-13T17:35:23.512+0000] {processor.py:840} INFO - DAG(s) 'example_dag_decorator' retrieved from /home/airflow/.local/lib/python3.8/site-packages/airflow/example_dags/example_dag_decorator.py
[2025-04-13T17:35:23.681+0000] {logging_mixin.py:188} INFO - [2025-04-13T17:35:23.681+0000] {dag.py:3036} INFO - Sync 1 DAGs
[2025-04-13T17:35:23.694+0000] {logging_mixin.py:188} INFO - [2025-04-13T17:35:23.693+0000] {dag.py:3823} INFO - Setting next_dagrun for example_dag_decorator to None, run_after=None
[2025-04-13T17:35:23.720+0000] {processor.py:183} INFO - Processing /home/airflow/.local/lib/python3.8/site-packages/airflow/example_dags/example_dag_decorator.py took 0.331 seconds
[2025-04-13T17:35:56.453+0000] {processor.py:161} INFO - Started process (PID=5330) to work on /home/airflow/.local/lib/python3.8/site-packages/airflow/example_dags/example_dag_decorator.py
[2025-04-13T17:35:56.455+0000] {processor.py:830} INFO - Processing file /home/airflow/.local/lib/python3.8/site-packages/airflow/example_dags/example_dag_decorator.py for tasks to queue
[2025-04-13T17:35:56.458+0000] {logging_mixin.py:188} INFO - [2025-04-13T17:35:56.457+0000] {dagbag.py:538} INFO - Filling up the DagBag from /home/airflow/.local/lib/python3.8/site-packages/airflow/example_dags/example_dag_decorator.py
[2025-04-13T17:35:56.582+0000] {processor.py:840} INFO - DAG(s) 'example_dag_decorator' retrieved from /home/airflow/.local/lib/python3.8/site-packages/airflow/example_dags/example_dag_decorator.py
[2025-04-13T17:35:56.755+0000] {logging_mixin.py:188} INFO - [2025-04-13T17:35:56.755+0000] {dag.py:3036} INFO - Sync 1 DAGs
[2025-04-13T17:35:56.773+0000] {logging_mixin.py:188} INFO - [2025-04-13T17:35:56.773+0000] {dag.py:3823} INFO - Setting next_dagrun for example_dag_decorator to None, run_after=None
[2025-04-13T17:35:56.802+0000] {processor.py:183} INFO - Processing /home/airflow/.local/lib/python3.8/site-packages/airflow/example_dags/example_dag_decorator.py took 0.355 seconds
[2025-04-13T17:36:29.009+0000] {processor.py:161} INFO - Started process (PID=5386) to work on /home/airflow/.local/lib/python3.8/site-packages/airflow/example_dags/example_dag_decorator.py
[2025-04-13T17:36:29.011+0000] {processor.py:830} INFO - Processing file /home/airflow/.local/lib/python3.8/site-packages/airflow/example_dags/example_dag_decorator.py for tasks to queue
[2025-04-13T17:36:29.017+0000] {logging_mixin.py:188} INFO - [2025-04-13T17:36:29.017+0000] {dagbag.py:538} INFO - Filling up the DagBag from /home/airflow/.local/lib/python3.8/site-packages/airflow/example_dags/example_dag_decorator.py
[2025-04-13T17:36:29.202+0000] {processor.py:840} INFO - DAG(s) 'example_dag_decorator' retrieved from /home/airflow/.local/lib/python3.8/site-packages/airflow/example_dags/example_dag_decorator.py
[2025-04-13T17:36:29.261+0000] {logging_mixin.py:188} INFO - [2025-04-13T17:36:29.260+0000] {dag.py:3036} INFO - Sync 1 DAGs
[2025-04-13T17:36:29.283+0000] {logging_mixin.py:188} INFO - [2025-04-13T17:36:29.283+0000] {dag.py:3823} INFO - Setting next_dagrun for example_dag_decorator to None, run_after=None
[2025-04-13T17:36:29.356+0000] {processor.py:183} INFO - Processing /home/airflow/.local/lib/python3.8/site-packages/airflow/example_dags/example_dag_decorator.py took 0.354 seconds
[2025-04-13T17:37:00.143+0000] {processor.py:161} INFO - Started process (PID=5444) to work on /home/airflow/.local/lib/python3.8/site-packages/airflow/example_dags/example_dag_decorator.py
[2025-04-13T17:37:00.145+0000] {processor.py:830} INFO - Processing file /home/airflow/.local/lib/python3.8/site-packages/airflow/example_dags/example_dag_decorator.py for tasks to queue
[2025-04-13T17:37:00.148+0000] {logging_mixin.py:188} INFO - [2025-04-13T17:37:00.148+0000] {dagbag.py:538} INFO - Filling up the DagBag from /home/airflow/.local/lib/python3.8/site-packages/airflow/example_dags/example_dag_decorator.py
[2025-04-13T17:37:00.290+0000] {processor.py:840} INFO - DAG(s) 'example_dag_decorator' retrieved from /home/airflow/.local/lib/python3.8/site-packages/airflow/example_dags/example_dag_decorator.py
[2025-04-13T17:37:00.427+0000] {logging_mixin.py:188} INFO - [2025-04-13T17:37:00.427+0000] {dag.py:3036} INFO - Sync 1 DAGs
[2025-04-13T17:37:00.440+0000] {logging_mixin.py:188} INFO - [2025-04-13T17:37:00.440+0000] {dag.py:3823} INFO - Setting next_dagrun for example_dag_decorator to None, run_after=None
[2025-04-13T17:37:00.467+0000] {processor.py:183} INFO - Processing /home/airflow/.local/lib/python3.8/site-packages/airflow/example_dags/example_dag_decorator.py took 0.328 seconds
[2025-04-13T17:37:33.239+0000] {processor.py:161} INFO - Started process (PID=5499) to work on /home/airflow/.local/lib/python3.8/site-packages/airflow/example_dags/example_dag_decorator.py
[2025-04-13T17:37:33.241+0000] {processor.py:830} INFO - Processing file /home/airflow/.local/lib/python3.8/site-packages/airflow/example_dags/example_dag_decorator.py for tasks to queue
[2025-04-13T17:37:33.243+0000] {logging_mixin.py:188} INFO - [2025-04-13T17:37:33.243+0000] {dagbag.py:538} INFO - Filling up the DagBag from /home/airflow/.local/lib/python3.8/site-packages/airflow/example_dags/example_dag_decorator.py
[2025-04-13T17:37:33.380+0000] {processor.py:840} INFO - DAG(s) 'example_dag_decorator' retrieved from /home/airflow/.local/lib/python3.8/site-packages/airflow/example_dags/example_dag_decorator.py
[2025-04-13T17:37:33.525+0000] {logging_mixin.py:188} INFO - [2025-04-13T17:37:33.525+0000] {dag.py:3036} INFO - Sync 1 DAGs
[2025-04-13T17:37:33.541+0000] {logging_mixin.py:188} INFO - [2025-04-13T17:37:33.541+0000] {dag.py:3823} INFO - Setting next_dagrun for example_dag_decorator to None, run_after=None
[2025-04-13T17:37:33.574+0000] {processor.py:183} INFO - Processing /home/airflow/.local/lib/python3.8/site-packages/airflow/example_dags/example_dag_decorator.py took 0.340 seconds
[2025-04-13T17:38:03.847+0000] {processor.py:161} INFO - Started process (PID=5556) to work on /home/airflow/.local/lib/python3.8/site-packages/airflow/example_dags/example_dag_decorator.py
[2025-04-13T17:38:03.849+0000] {processor.py:830} INFO - Processing file /home/airflow/.local/lib/python3.8/site-packages/airflow/example_dags/example_dag_decorator.py for tasks to queue
[2025-04-13T17:38:03.852+0000] {logging_mixin.py:188} INFO - [2025-04-13T17:38:03.851+0000] {dagbag.py:538} INFO - Filling up the DagBag from /home/airflow/.local/lib/python3.8/site-packages/airflow/example_dags/example_dag_decorator.py
[2025-04-13T17:38:03.986+0000] {processor.py:840} INFO - DAG(s) 'example_dag_decorator' retrieved from /home/airflow/.local/lib/python3.8/site-packages/airflow/example_dags/example_dag_decorator.py
[2025-04-13T17:38:04.190+0000] {logging_mixin.py:188} INFO - [2025-04-13T17:38:04.189+0000] {dag.py:3036} INFO - Sync 1 DAGs
[2025-04-13T17:38:04.204+0000] {logging_mixin.py:188} INFO - [2025-04-13T17:38:04.203+0000] {dag.py:3823} INFO - Setting next_dagrun for example_dag_decorator to None, run_after=None
[2025-04-13T17:38:04.239+0000] {processor.py:183} INFO - Processing /home/airflow/.local/lib/python3.8/site-packages/airflow/example_dags/example_dag_decorator.py took 0.398 seconds
[2025-04-13T17:38:37.915+0000] {processor.py:161} INFO - Started process (PID=5611) to work on /home/airflow/.local/lib/python3.8/site-packages/airflow/example_dags/example_dag_decorator.py
[2025-04-13T17:38:37.917+0000] {processor.py:830} INFO - Processing file /home/airflow/.local/lib/python3.8/site-packages/airflow/example_dags/example_dag_decorator.py for tasks to queue
[2025-04-13T17:38:37.920+0000] {logging_mixin.py:188} INFO - [2025-04-13T17:38:37.919+0000] {dagbag.py:538} INFO - Filling up the DagBag from /home/airflow/.local/lib/python3.8/site-packages/airflow/example_dags/example_dag_decorator.py
[2025-04-13T17:38:38.071+0000] {processor.py:840} INFO - DAG(s) 'example_dag_decorator' retrieved from /home/airflow/.local/lib/python3.8/site-packages/airflow/example_dags/example_dag_decorator.py
[2025-04-13T17:38:38.196+0000] {logging_mixin.py:188} INFO - [2025-04-13T17:38:38.196+0000] {dag.py:3036} INFO - Sync 1 DAGs
[2025-04-13T17:38:38.209+0000] {logging_mixin.py:188} INFO - [2025-04-13T17:38:38.209+0000] {dag.py:3823} INFO - Setting next_dagrun for example_dag_decorator to None, run_after=None
[2025-04-13T17:38:38.285+0000] {processor.py:183} INFO - Processing /home/airflow/.local/lib/python3.8/site-packages/airflow/example_dags/example_dag_decorator.py took 0.376 seconds
[2025-04-13T17:39:10.097+0000] {processor.py:161} INFO - Started process (PID=5667) to work on /home/airflow/.local/lib/python3.8/site-packages/airflow/example_dags/example_dag_decorator.py
[2025-04-13T17:39:10.099+0000] {processor.py:830} INFO - Processing file /home/airflow/.local/lib/python3.8/site-packages/airflow/example_dags/example_dag_decorator.py for tasks to queue
[2025-04-13T17:39:10.102+0000] {logging_mixin.py:188} INFO - [2025-04-13T17:39:10.101+0000] {dagbag.py:538} INFO - Filling up the DagBag from /home/airflow/.local/lib/python3.8/site-packages/airflow/example_dags/example_dag_decorator.py
[2025-04-13T17:39:10.216+0000] {processor.py:840} INFO - DAG(s) 'example_dag_decorator' retrieved from /home/airflow/.local/lib/python3.8/site-packages/airflow/example_dags/example_dag_decorator.py
[2025-04-13T17:39:10.364+0000] {logging_mixin.py:188} INFO - [2025-04-13T17:39:10.363+0000] {dag.py:3036} INFO - Sync 1 DAGs
[2025-04-13T17:39:10.382+0000] {logging_mixin.py:188} INFO - [2025-04-13T17:39:10.381+0000] {dag.py:3823} INFO - Setting next_dagrun for example_dag_decorator to None, run_after=None
[2025-04-13T17:39:10.409+0000] {processor.py:183} INFO - Processing /home/airflow/.local/lib/python3.8/site-packages/airflow/example_dags/example_dag_decorator.py took 0.316 seconds
[2025-04-13T17:39:42.898+0000] {processor.py:161} INFO - Started process (PID=5723) to work on /home/airflow/.local/lib/python3.8/site-packages/airflow/example_dags/example_dag_decorator.py
[2025-04-13T17:39:42.900+0000] {processor.py:830} INFO - Processing file /home/airflow/.local/lib/python3.8/site-packages/airflow/example_dags/example_dag_decorator.py for tasks to queue
[2025-04-13T17:39:42.904+0000] {logging_mixin.py:188} INFO - [2025-04-13T17:39:42.904+0000] {dagbag.py:538} INFO - Filling up the DagBag from /home/airflow/.local/lib/python3.8/site-packages/airflow/example_dags/example_dag_decorator.py
[2025-04-13T17:39:43.053+0000] {processor.py:840} INFO - DAG(s) 'example_dag_decorator' retrieved from /home/airflow/.local/lib/python3.8/site-packages/airflow/example_dags/example_dag_decorator.py
[2025-04-13T17:39:43.195+0000] {logging_mixin.py:188} INFO - [2025-04-13T17:39:43.194+0000] {dag.py:3036} INFO - Sync 1 DAGs
[2025-04-13T17:39:43.211+0000] {logging_mixin.py:188} INFO - [2025-04-13T17:39:43.211+0000] {dag.py:3823} INFO - Setting next_dagrun for example_dag_decorator to None, run_after=None
[2025-04-13T17:39:43.241+0000] {processor.py:183} INFO - Processing /home/airflow/.local/lib/python3.8/site-packages/airflow/example_dags/example_dag_decorator.py took 0.348 seconds
[2025-04-13T17:40:14.374+0000] {processor.py:161} INFO - Started process (PID=5779) to work on /home/airflow/.local/lib/python3.8/site-packages/airflow/example_dags/example_dag_decorator.py
[2025-04-13T17:40:14.376+0000] {processor.py:830} INFO - Processing file /home/airflow/.local/lib/python3.8/site-packages/airflow/example_dags/example_dag_decorator.py for tasks to queue
[2025-04-13T17:40:14.380+0000] {logging_mixin.py:188} INFO - [2025-04-13T17:40:14.379+0000] {dagbag.py:538} INFO - Filling up the DagBag from /home/airflow/.local/lib/python3.8/site-packages/airflow/example_dags/example_dag_decorator.py
[2025-04-13T17:40:14.710+0000] {processor.py:840} INFO - DAG(s) 'example_dag_decorator' retrieved from /home/airflow/.local/lib/python3.8/site-packages/airflow/example_dags/example_dag_decorator.py
[2025-04-13T17:40:14.975+0000] {logging_mixin.py:188} INFO - [2025-04-13T17:40:14.974+0000] {dag.py:3036} INFO - Sync 1 DAGs
[2025-04-13T17:40:15.002+0000] {logging_mixin.py:188} INFO - [2025-04-13T17:40:15.001+0000] {dag.py:3823} INFO - Setting next_dagrun for example_dag_decorator to None, run_after=None
[2025-04-13T17:40:15.045+0000] {processor.py:183} INFO - Processing /home/airflow/.local/lib/python3.8/site-packages/airflow/example_dags/example_dag_decorator.py took 0.679 seconds
[2025-04-13T17:40:47.936+0000] {processor.py:161} INFO - Started process (PID=5836) to work on /home/airflow/.local/lib/python3.8/site-packages/airflow/example_dags/example_dag_decorator.py
[2025-04-13T17:40:47.937+0000] {processor.py:830} INFO - Processing file /home/airflow/.local/lib/python3.8/site-packages/airflow/example_dags/example_dag_decorator.py for tasks to queue
[2025-04-13T17:40:47.939+0000] {logging_mixin.py:188} INFO - [2025-04-13T17:40:47.939+0000] {dagbag.py:538} INFO - Filling up the DagBag from /home/airflow/.local/lib/python3.8/site-packages/airflow/example_dags/example_dag_decorator.py
[2025-04-13T17:40:48.099+0000] {processor.py:840} INFO - DAG(s) 'example_dag_decorator' retrieved from /home/airflow/.local/lib/python3.8/site-packages/airflow/example_dags/example_dag_decorator.py
[2025-04-13T17:40:48.267+0000] {logging_mixin.py:188} INFO - [2025-04-13T17:40:48.266+0000] {dag.py:3036} INFO - Sync 1 DAGs
[2025-04-13T17:40:48.291+0000] {logging_mixin.py:188} INFO - [2025-04-13T17:40:48.290+0000] {dag.py:3823} INFO - Setting next_dagrun for example_dag_decorator to None, run_after=None
[2025-04-13T17:40:48.328+0000] {processor.py:183} INFO - Processing /home/airflow/.local/lib/python3.8/site-packages/airflow/example_dags/example_dag_decorator.py took 0.398 seconds
[2025-04-13T17:41:20.516+0000] {processor.py:161} INFO - Started process (PID=5892) to work on /home/airflow/.local/lib/python3.8/site-packages/airflow/example_dags/example_dag_decorator.py
[2025-04-13T17:41:20.518+0000] {processor.py:830} INFO - Processing file /home/airflow/.local/lib/python3.8/site-packages/airflow/example_dags/example_dag_decorator.py for tasks to queue
[2025-04-13T17:41:20.521+0000] {logging_mixin.py:188} INFO - [2025-04-13T17:41:20.521+0000] {dagbag.py:538} INFO - Filling up the DagBag from /home/airflow/.local/lib/python3.8/site-packages/airflow/example_dags/example_dag_decorator.py
[2025-04-13T17:41:20.728+0000] {processor.py:840} INFO - DAG(s) 'example_dag_decorator' retrieved from /home/airflow/.local/lib/python3.8/site-packages/airflow/example_dags/example_dag_decorator.py
[2025-04-13T17:41:20.924+0000] {logging_mixin.py:188} INFO - [2025-04-13T17:41:20.923+0000] {dag.py:3036} INFO - Sync 1 DAGs
[2025-04-13T17:41:20.943+0000] {logging_mixin.py:188} INFO - [2025-04-13T17:41:20.943+0000] {dag.py:3823} INFO - Setting next_dagrun for example_dag_decorator to None, run_after=None
[2025-04-13T17:41:20.975+0000] {processor.py:183} INFO - Processing /home/airflow/.local/lib/python3.8/site-packages/airflow/example_dags/example_dag_decorator.py took 0.464 seconds
[2025-04-13T17:41:51.069+0000] {processor.py:161} INFO - Started process (PID=5947) to work on /home/airflow/.local/lib/python3.8/site-packages/airflow/example_dags/example_dag_decorator.py
[2025-04-13T17:41:51.070+0000] {processor.py:830} INFO - Processing file /home/airflow/.local/lib/python3.8/site-packages/airflow/example_dags/example_dag_decorator.py for tasks to queue
[2025-04-13T17:41:51.073+0000] {logging_mixin.py:188} INFO - [2025-04-13T17:41:51.072+0000] {dagbag.py:538} INFO - Filling up the DagBag from /home/airflow/.local/lib/python3.8/site-packages/airflow/example_dags/example_dag_decorator.py
[2025-04-13T17:41:51.200+0000] {processor.py:840} INFO - DAG(s) 'example_dag_decorator' retrieved from /home/airflow/.local/lib/python3.8/site-packages/airflow/example_dags/example_dag_decorator.py
[2025-04-13T17:41:51.231+0000] {logging_mixin.py:188} INFO - [2025-04-13T17:41:51.231+0000] {dag.py:3036} INFO - Sync 1 DAGs
[2025-04-13T17:41:51.247+0000] {logging_mixin.py:188} INFO - [2025-04-13T17:41:51.247+0000] {dag.py:3823} INFO - Setting next_dagrun for example_dag_decorator to None, run_after=None
[2025-04-13T17:41:51.312+0000] {processor.py:183} INFO - Processing /home/airflow/.local/lib/python3.8/site-packages/airflow/example_dags/example_dag_decorator.py took 0.248 seconds
[2025-04-13T17:42:23.657+0000] {processor.py:161} INFO - Started process (PID=6004) to work on /home/airflow/.local/lib/python3.8/site-packages/airflow/example_dags/example_dag_decorator.py
[2025-04-13T17:42:23.663+0000] {processor.py:830} INFO - Processing file /home/airflow/.local/lib/python3.8/site-packages/airflow/example_dags/example_dag_decorator.py for tasks to queue
[2025-04-13T17:42:23.673+0000] {logging_mixin.py:188} INFO - [2025-04-13T17:42:23.672+0000] {dagbag.py:538} INFO - Filling up the DagBag from /home/airflow/.local/lib/python3.8/site-packages/airflow/example_dags/example_dag_decorator.py
[2025-04-13T17:42:23.914+0000] {processor.py:840} INFO - DAG(s) 'example_dag_decorator' retrieved from /home/airflow/.local/lib/python3.8/site-packages/airflow/example_dags/example_dag_decorator.py
[2025-04-13T17:42:24.033+0000] {logging_mixin.py:188} INFO - [2025-04-13T17:42:24.033+0000] {dag.py:3036} INFO - Sync 1 DAGs
[2025-04-13T17:42:24.049+0000] {logging_mixin.py:188} INFO - [2025-04-13T17:42:24.048+0000] {dag.py:3823} INFO - Setting next_dagrun for example_dag_decorator to None, run_after=None
[2025-04-13T17:42:24.121+0000] {processor.py:183} INFO - Processing /home/airflow/.local/lib/python3.8/site-packages/airflow/example_dags/example_dag_decorator.py took 0.483 seconds
[2025-04-13T17:42:56.110+0000] {processor.py:161} INFO - Started process (PID=6060) to work on /home/airflow/.local/lib/python3.8/site-packages/airflow/example_dags/example_dag_decorator.py
[2025-04-13T17:42:56.112+0000] {processor.py:830} INFO - Processing file /home/airflow/.local/lib/python3.8/site-packages/airflow/example_dags/example_dag_decorator.py for tasks to queue
[2025-04-13T17:42:56.116+0000] {logging_mixin.py:188} INFO - [2025-04-13T17:42:56.115+0000] {dagbag.py:538} INFO - Filling up the DagBag from /home/airflow/.local/lib/python3.8/site-packages/airflow/example_dags/example_dag_decorator.py
[2025-04-13T17:42:56.296+0000] {processor.py:840} INFO - DAG(s) 'example_dag_decorator' retrieved from /home/airflow/.local/lib/python3.8/site-packages/airflow/example_dags/example_dag_decorator.py
[2025-04-13T17:42:56.468+0000] {logging_mixin.py:188} INFO - [2025-04-13T17:42:56.467+0000] {dag.py:3036} INFO - Sync 1 DAGs
[2025-04-13T17:42:56.488+0000] {logging_mixin.py:188} INFO - [2025-04-13T17:42:56.486+0000] {dag.py:3823} INFO - Setting next_dagrun for example_dag_decorator to None, run_after=None
[2025-04-13T17:42:56.520+0000] {processor.py:183} INFO - Processing /home/airflow/.local/lib/python3.8/site-packages/airflow/example_dags/example_dag_decorator.py took 0.415 seconds
[2025-04-13T17:43:28.580+0000] {processor.py:161} INFO - Started process (PID=6116) to work on /home/airflow/.local/lib/python3.8/site-packages/airflow/example_dags/example_dag_decorator.py
[2025-04-13T17:43:28.582+0000] {processor.py:830} INFO - Processing file /home/airflow/.local/lib/python3.8/site-packages/airflow/example_dags/example_dag_decorator.py for tasks to queue
[2025-04-13T17:43:28.588+0000] {logging_mixin.py:188} INFO - [2025-04-13T17:43:28.587+0000] {dagbag.py:538} INFO - Filling up the DagBag from /home/airflow/.local/lib/python3.8/site-packages/airflow/example_dags/example_dag_decorator.py
[2025-04-13T17:43:28.723+0000] {processor.py:840} INFO - DAG(s) 'example_dag_decorator' retrieved from /home/airflow/.local/lib/python3.8/site-packages/airflow/example_dags/example_dag_decorator.py
[2025-04-13T17:43:28.903+0000] {logging_mixin.py:188} INFO - [2025-04-13T17:43:28.903+0000] {dag.py:3036} INFO - Sync 1 DAGs
[2025-04-13T17:43:28.924+0000] {logging_mixin.py:188} INFO - [2025-04-13T17:43:28.923+0000] {dag.py:3823} INFO - Setting next_dagrun for example_dag_decorator to None, run_after=None
[2025-04-13T17:43:28.974+0000] {processor.py:183} INFO - Processing /home/airflow/.local/lib/python3.8/site-packages/airflow/example_dags/example_dag_decorator.py took 0.400 seconds
[2025-04-13T17:44:00.026+0000] {processor.py:161} INFO - Started process (PID=6173) to work on /home/airflow/.local/lib/python3.8/site-packages/airflow/example_dags/example_dag_decorator.py
[2025-04-13T17:44:00.028+0000] {processor.py:830} INFO - Processing file /home/airflow/.local/lib/python3.8/site-packages/airflow/example_dags/example_dag_decorator.py for tasks to queue
[2025-04-13T17:44:00.032+0000] {logging_mixin.py:188} INFO - [2025-04-13T17:44:00.032+0000] {dagbag.py:538} INFO - Filling up the DagBag from /home/airflow/.local/lib/python3.8/site-packages/airflow/example_dags/example_dag_decorator.py
[2025-04-13T17:44:00.156+0000] {processor.py:840} INFO - DAG(s) 'example_dag_decorator' retrieved from /home/airflow/.local/lib/python3.8/site-packages/airflow/example_dags/example_dag_decorator.py
[2025-04-13T17:44:00.311+0000] {logging_mixin.py:188} INFO - [2025-04-13T17:44:00.311+0000] {dag.py:3036} INFO - Sync 1 DAGs
[2025-04-13T17:44:00.330+0000] {logging_mixin.py:188} INFO - [2025-04-13T17:44:00.329+0000] {dag.py:3823} INFO - Setting next_dagrun for example_dag_decorator to None, run_after=None
[2025-04-13T17:44:00.368+0000] {processor.py:183} INFO - Processing /home/airflow/.local/lib/python3.8/site-packages/airflow/example_dags/example_dag_decorator.py took 0.349 seconds
[2025-04-13T17:44:31.354+0000] {processor.py:161} INFO - Started process (PID=6224) to work on /home/airflow/.local/lib/python3.8/site-packages/airflow/example_dags/example_dag_decorator.py
[2025-04-13T17:44:31.356+0000] {processor.py:830} INFO - Processing file /home/airflow/.local/lib/python3.8/site-packages/airflow/example_dags/example_dag_decorator.py for tasks to queue
[2025-04-13T17:44:31.363+0000] {logging_mixin.py:188} INFO - [2025-04-13T17:44:31.362+0000] {dagbag.py:538} INFO - Filling up the DagBag from /home/airflow/.local/lib/python3.8/site-packages/airflow/example_dags/example_dag_decorator.py
[2025-04-13T17:44:31.574+0000] {processor.py:840} INFO - DAG(s) 'example_dag_decorator' retrieved from /home/airflow/.local/lib/python3.8/site-packages/airflow/example_dags/example_dag_decorator.py
[2025-04-13T17:44:31.786+0000] {logging_mixin.py:188} INFO - [2025-04-13T17:44:31.786+0000] {dag.py:3036} INFO - Sync 1 DAGs
[2025-04-13T17:44:31.818+0000] {logging_mixin.py:188} INFO - [2025-04-13T17:44:31.817+0000] {dag.py:3823} INFO - Setting next_dagrun for example_dag_decorator to None, run_after=None
[2025-04-13T17:44:31.878+0000] {processor.py:183} INFO - Processing /home/airflow/.local/lib/python3.8/site-packages/airflow/example_dags/example_dag_decorator.py took 0.529 seconds
[2025-04-13T17:45:03.884+0000] {processor.py:161} INFO - Started process (PID=6278) to work on /home/airflow/.local/lib/python3.8/site-packages/airflow/example_dags/example_dag_decorator.py
[2025-04-13T17:45:03.886+0000] {processor.py:830} INFO - Processing file /home/airflow/.local/lib/python3.8/site-packages/airflow/example_dags/example_dag_decorator.py for tasks to queue
[2025-04-13T17:45:03.891+0000] {logging_mixin.py:188} INFO - [2025-04-13T17:45:03.890+0000] {dagbag.py:538} INFO - Filling up the DagBag from /home/airflow/.local/lib/python3.8/site-packages/airflow/example_dags/example_dag_decorator.py
[2025-04-13T17:45:04.058+0000] {processor.py:840} INFO - DAG(s) 'example_dag_decorator' retrieved from /home/airflow/.local/lib/python3.8/site-packages/airflow/example_dags/example_dag_decorator.py
[2025-04-13T17:45:04.201+0000] {logging_mixin.py:188} INFO - [2025-04-13T17:45:04.201+0000] {dag.py:3036} INFO - Sync 1 DAGs
[2025-04-13T17:45:04.214+0000] {logging_mixin.py:188} INFO - [2025-04-13T17:45:04.214+0000] {dag.py:3823} INFO - Setting next_dagrun for example_dag_decorator to None, run_after=None
[2025-04-13T17:45:04.292+0000] {processor.py:183} INFO - Processing /home/airflow/.local/lib/python3.8/site-packages/airflow/example_dags/example_dag_decorator.py took 0.414 seconds
[2025-04-13T17:45:35.596+0000] {processor.py:161} INFO - Started process (PID=6334) to work on /home/airflow/.local/lib/python3.8/site-packages/airflow/example_dags/example_dag_decorator.py
[2025-04-13T17:45:35.597+0000] {processor.py:830} INFO - Processing file /home/airflow/.local/lib/python3.8/site-packages/airflow/example_dags/example_dag_decorator.py for tasks to queue
[2025-04-13T17:45:35.599+0000] {logging_mixin.py:188} INFO - [2025-04-13T17:45:35.599+0000] {dagbag.py:538} INFO - Filling up the DagBag from /home/airflow/.local/lib/python3.8/site-packages/airflow/example_dags/example_dag_decorator.py
[2025-04-13T17:45:35.718+0000] {processor.py:840} INFO - DAG(s) 'example_dag_decorator' retrieved from /home/airflow/.local/lib/python3.8/site-packages/airflow/example_dags/example_dag_decorator.py
[2025-04-13T17:45:35.903+0000] {logging_mixin.py:188} INFO - [2025-04-13T17:45:35.903+0000] {dag.py:3036} INFO - Sync 1 DAGs
[2025-04-13T17:45:35.919+0000] {logging_mixin.py:188} INFO - [2025-04-13T17:45:35.919+0000] {dag.py:3823} INFO - Setting next_dagrun for example_dag_decorator to None, run_after=None
[2025-04-13T17:45:35.949+0000] {processor.py:183} INFO - Processing /home/airflow/.local/lib/python3.8/site-packages/airflow/example_dags/example_dag_decorator.py took 0.357 seconds
[2025-04-13T17:46:08.343+0000] {processor.py:161} INFO - Started process (PID=6391) to work on /home/airflow/.local/lib/python3.8/site-packages/airflow/example_dags/example_dag_decorator.py
[2025-04-13T17:46:08.345+0000] {processor.py:830} INFO - Processing file /home/airflow/.local/lib/python3.8/site-packages/airflow/example_dags/example_dag_decorator.py for tasks to queue
[2025-04-13T17:46:08.349+0000] {logging_mixin.py:188} INFO - [2025-04-13T17:46:08.349+0000] {dagbag.py:538} INFO - Filling up the DagBag from /home/airflow/.local/lib/python3.8/site-packages/airflow/example_dags/example_dag_decorator.py
[2025-04-13T17:46:08.540+0000] {processor.py:840} INFO - DAG(s) 'example_dag_decorator' retrieved from /home/airflow/.local/lib/python3.8/site-packages/airflow/example_dags/example_dag_decorator.py
[2025-04-13T17:46:08.601+0000] {logging_mixin.py:188} INFO - [2025-04-13T17:46:08.601+0000] {dag.py:3036} INFO - Sync 1 DAGs
[2025-04-13T17:46:08.620+0000] {logging_mixin.py:188} INFO - [2025-04-13T17:46:08.620+0000] {dag.py:3823} INFO - Setting next_dagrun for example_dag_decorator to None, run_after=None
[2025-04-13T17:46:08.649+0000] {processor.py:183} INFO - Processing /home/airflow/.local/lib/python3.8/site-packages/airflow/example_dags/example_dag_decorator.py took 0.316 seconds
[2025-04-13T17:46:40.920+0000] {processor.py:161} INFO - Started process (PID=6447) to work on /home/airflow/.local/lib/python3.8/site-packages/airflow/example_dags/example_dag_decorator.py
[2025-04-13T17:46:40.922+0000] {processor.py:830} INFO - Processing file /home/airflow/.local/lib/python3.8/site-packages/airflow/example_dags/example_dag_decorator.py for tasks to queue
[2025-04-13T17:46:40.925+0000] {logging_mixin.py:188} INFO - [2025-04-13T17:46:40.924+0000] {dagbag.py:538} INFO - Filling up the DagBag from /home/airflow/.local/lib/python3.8/site-packages/airflow/example_dags/example_dag_decorator.py
[2025-04-13T17:46:41.071+0000] {processor.py:840} INFO - DAG(s) 'example_dag_decorator' retrieved from /home/airflow/.local/lib/python3.8/site-packages/airflow/example_dags/example_dag_decorator.py
[2025-04-13T17:46:41.102+0000] {logging_mixin.py:188} INFO - [2025-04-13T17:46:41.102+0000] {dag.py:3036} INFO - Sync 1 DAGs
[2025-04-13T17:46:41.118+0000] {logging_mixin.py:188} INFO - [2025-04-13T17:46:41.118+0000] {dag.py:3823} INFO - Setting next_dagrun for example_dag_decorator to None, run_after=None
[2025-04-13T17:46:41.148+0000] {processor.py:183} INFO - Processing /home/airflow/.local/lib/python3.8/site-packages/airflow/example_dags/example_dag_decorator.py took 0.233 seconds
[2025-04-13T17:47:13.109+0000] {processor.py:161} INFO - Started process (PID=6504) to work on /home/airflow/.local/lib/python3.8/site-packages/airflow/example_dags/example_dag_decorator.py
[2025-04-13T17:47:13.110+0000] {processor.py:830} INFO - Processing file /home/airflow/.local/lib/python3.8/site-packages/airflow/example_dags/example_dag_decorator.py for tasks to queue
[2025-04-13T17:47:13.113+0000] {logging_mixin.py:188} INFO - [2025-04-13T17:47:13.112+0000] {dagbag.py:538} INFO - Filling up the DagBag from /home/airflow/.local/lib/python3.8/site-packages/airflow/example_dags/example_dag_decorator.py
[2025-04-13T17:47:13.230+0000] {processor.py:840} INFO - DAG(s) 'example_dag_decorator' retrieved from /home/airflow/.local/lib/python3.8/site-packages/airflow/example_dags/example_dag_decorator.py
[2025-04-13T17:47:13.391+0000] {logging_mixin.py:188} INFO - [2025-04-13T17:47:13.390+0000] {dag.py:3036} INFO - Sync 1 DAGs
[2025-04-13T17:47:13.404+0000] {logging_mixin.py:188} INFO - [2025-04-13T17:47:13.403+0000] {dag.py:3823} INFO - Setting next_dagrun for example_dag_decorator to None, run_after=None
[2025-04-13T17:47:13.437+0000] {processor.py:183} INFO - Processing /home/airflow/.local/lib/python3.8/site-packages/airflow/example_dags/example_dag_decorator.py took 0.333 seconds
[2025-04-13T17:47:45.894+0000] {processor.py:161} INFO - Started process (PID=6560) to work on /home/airflow/.local/lib/python3.8/site-packages/airflow/example_dags/example_dag_decorator.py
[2025-04-13T17:47:45.896+0000] {processor.py:830} INFO - Processing file /home/airflow/.local/lib/python3.8/site-packages/airflow/example_dags/example_dag_decorator.py for tasks to queue
[2025-04-13T17:47:45.899+0000] {logging_mixin.py:188} INFO - [2025-04-13T17:47:45.898+0000] {dagbag.py:538} INFO - Filling up the DagBag from /home/airflow/.local/lib/python3.8/site-packages/airflow/example_dags/example_dag_decorator.py
[2025-04-13T17:47:46.035+0000] {processor.py:840} INFO - DAG(s) 'example_dag_decorator' retrieved from /home/airflow/.local/lib/python3.8/site-packages/airflow/example_dags/example_dag_decorator.py
[2025-04-13T17:47:46.082+0000] {logging_mixin.py:188} INFO - [2025-04-13T17:47:46.082+0000] {dag.py:3036} INFO - Sync 1 DAGs
[2025-04-13T17:47:46.104+0000] {logging_mixin.py:188} INFO - [2025-04-13T17:47:46.104+0000] {dag.py:3823} INFO - Setting next_dagrun for example_dag_decorator to None, run_after=None
[2025-04-13T17:47:46.140+0000] {processor.py:183} INFO - Processing /home/airflow/.local/lib/python3.8/site-packages/airflow/example_dags/example_dag_decorator.py took 0.251 seconds
[2025-04-13T17:48:18.448+0000] {processor.py:161} INFO - Started process (PID=6616) to work on /home/airflow/.local/lib/python3.8/site-packages/airflow/example_dags/example_dag_decorator.py
[2025-04-13T17:48:18.449+0000] {processor.py:830} INFO - Processing file /home/airflow/.local/lib/python3.8/site-packages/airflow/example_dags/example_dag_decorator.py for tasks to queue
[2025-04-13T17:48:18.453+0000] {logging_mixin.py:188} INFO - [2025-04-13T17:48:18.452+0000] {dagbag.py:538} INFO - Filling up the DagBag from /home/airflow/.local/lib/python3.8/site-packages/airflow/example_dags/example_dag_decorator.py
[2025-04-13T17:48:18.600+0000] {processor.py:840} INFO - DAG(s) 'example_dag_decorator' retrieved from /home/airflow/.local/lib/python3.8/site-packages/airflow/example_dags/example_dag_decorator.py
[2025-04-13T17:48:18.749+0000] {logging_mixin.py:188} INFO - [2025-04-13T17:48:18.749+0000] {dag.py:3036} INFO - Sync 1 DAGs
[2025-04-13T17:48:18.765+0000] {logging_mixin.py:188} INFO - [2025-04-13T17:48:18.765+0000] {dag.py:3823} INFO - Setting next_dagrun for example_dag_decorator to None, run_after=None
[2025-04-13T17:48:18.833+0000] {processor.py:183} INFO - Processing /home/airflow/.local/lib/python3.8/site-packages/airflow/example_dags/example_dag_decorator.py took 0.391 seconds
[2025-04-13T17:48:50.731+0000] {processor.py:161} INFO - Started process (PID=6672) to work on /home/airflow/.local/lib/python3.8/site-packages/airflow/example_dags/example_dag_decorator.py
[2025-04-13T17:48:50.734+0000] {processor.py:830} INFO - Processing file /home/airflow/.local/lib/python3.8/site-packages/airflow/example_dags/example_dag_decorator.py for tasks to queue
[2025-04-13T17:48:50.739+0000] {logging_mixin.py:188} INFO - [2025-04-13T17:48:50.738+0000] {dagbag.py:538} INFO - Filling up the DagBag from /home/airflow/.local/lib/python3.8/site-packages/airflow/example_dags/example_dag_decorator.py
[2025-04-13T17:48:50.971+0000] {processor.py:840} INFO - DAG(s) 'example_dag_decorator' retrieved from /home/airflow/.local/lib/python3.8/site-packages/airflow/example_dags/example_dag_decorator.py
[2025-04-13T17:48:51.152+0000] {logging_mixin.py:188} INFO - [2025-04-13T17:48:51.152+0000] {dag.py:3036} INFO - Sync 1 DAGs
[2025-04-13T17:48:51.195+0000] {logging_mixin.py:188} INFO - [2025-04-13T17:48:51.194+0000] {dag.py:3823} INFO - Setting next_dagrun for example_dag_decorator to None, run_after=None
[2025-04-13T17:48:51.250+0000] {processor.py:183} INFO - Processing /home/airflow/.local/lib/python3.8/site-packages/airflow/example_dags/example_dag_decorator.py took 0.528 seconds
[2025-04-13T17:49:22.478+0000] {processor.py:161} INFO - Started process (PID=6728) to work on /home/airflow/.local/lib/python3.8/site-packages/airflow/example_dags/example_dag_decorator.py
[2025-04-13T17:49:22.479+0000] {processor.py:830} INFO - Processing file /home/airflow/.local/lib/python3.8/site-packages/airflow/example_dags/example_dag_decorator.py for tasks to queue
[2025-04-13T17:49:22.482+0000] {logging_mixin.py:188} INFO - [2025-04-13T17:49:22.482+0000] {dagbag.py:538} INFO - Filling up the DagBag from /home/airflow/.local/lib/python3.8/site-packages/airflow/example_dags/example_dag_decorator.py
[2025-04-13T17:49:22.652+0000] {processor.py:840} INFO - DAG(s) 'example_dag_decorator' retrieved from /home/airflow/.local/lib/python3.8/site-packages/airflow/example_dags/example_dag_decorator.py
[2025-04-13T17:49:22.811+0000] {logging_mixin.py:188} INFO - [2025-04-13T17:49:22.811+0000] {dag.py:3036} INFO - Sync 1 DAGs
[2025-04-13T17:49:22.825+0000] {logging_mixin.py:188} INFO - [2025-04-13T17:49:22.824+0000] {dag.py:3823} INFO - Setting next_dagrun for example_dag_decorator to None, run_after=None
[2025-04-13T17:49:22.855+0000] {processor.py:183} INFO - Processing /home/airflow/.local/lib/python3.8/site-packages/airflow/example_dags/example_dag_decorator.py took 0.381 seconds
[2025-04-13T17:49:56.223+0000] {processor.py:161} INFO - Started process (PID=6784) to work on /home/airflow/.local/lib/python3.8/site-packages/airflow/example_dags/example_dag_decorator.py
[2025-04-13T17:49:56.226+0000] {processor.py:830} INFO - Processing file /home/airflow/.local/lib/python3.8/site-packages/airflow/example_dags/example_dag_decorator.py for tasks to queue
[2025-04-13T17:49:56.229+0000] {logging_mixin.py:188} INFO - [2025-04-13T17:49:56.228+0000] {dagbag.py:538} INFO - Filling up the DagBag from /home/airflow/.local/lib/python3.8/site-packages/airflow/example_dags/example_dag_decorator.py
[2025-04-13T17:49:56.399+0000] {processor.py:840} INFO - DAG(s) 'example_dag_decorator' retrieved from /home/airflow/.local/lib/python3.8/site-packages/airflow/example_dags/example_dag_decorator.py
[2025-04-13T17:49:56.580+0000] {logging_mixin.py:188} INFO - [2025-04-13T17:49:56.580+0000] {dag.py:3036} INFO - Sync 1 DAGs
[2025-04-13T17:49:56.598+0000] {logging_mixin.py:188} INFO - [2025-04-13T17:49:56.598+0000] {dag.py:3823} INFO - Setting next_dagrun for example_dag_decorator to None, run_after=None
[2025-04-13T17:49:56.666+0000] {processor.py:183} INFO - Processing /home/airflow/.local/lib/python3.8/site-packages/airflow/example_dags/example_dag_decorator.py took 0.447 seconds
[2025-04-13T17:50:27.906+0000] {processor.py:161} INFO - Started process (PID=6841) to work on /home/airflow/.local/lib/python3.8/site-packages/airflow/example_dags/example_dag_decorator.py
[2025-04-13T17:50:27.908+0000] {processor.py:830} INFO - Processing file /home/airflow/.local/lib/python3.8/site-packages/airflow/example_dags/example_dag_decorator.py for tasks to queue
[2025-04-13T17:50:27.912+0000] {logging_mixin.py:188} INFO - [2025-04-13T17:50:27.911+0000] {dagbag.py:538} INFO - Filling up the DagBag from /home/airflow/.local/lib/python3.8/site-packages/airflow/example_dags/example_dag_decorator.py
[2025-04-13T17:50:28.096+0000] {processor.py:840} INFO - DAG(s) 'example_dag_decorator' retrieved from /home/airflow/.local/lib/python3.8/site-packages/airflow/example_dags/example_dag_decorator.py
[2025-04-13T17:50:28.280+0000] {logging_mixin.py:188} INFO - [2025-04-13T17:50:28.280+0000] {dag.py:3036} INFO - Sync 1 DAGs
[2025-04-13T17:50:28.298+0000] {logging_mixin.py:188} INFO - [2025-04-13T17:50:28.298+0000] {dag.py:3823} INFO - Setting next_dagrun for example_dag_decorator to None, run_after=None
[2025-04-13T17:50:28.365+0000] {processor.py:183} INFO - Processing /home/airflow/.local/lib/python3.8/site-packages/airflow/example_dags/example_dag_decorator.py took 0.465 seconds
[2025-04-13T17:51:03.185+0000] {processor.py:161} INFO - Started process (PID=6903) to work on /home/airflow/.local/lib/python3.8/site-packages/airflow/example_dags/example_dag_decorator.py
[2025-04-13T17:51:03.188+0000] {processor.py:830} INFO - Processing file /home/airflow/.local/lib/python3.8/site-packages/airflow/example_dags/example_dag_decorator.py for tasks to queue
[2025-04-13T17:51:03.191+0000] {logging_mixin.py:188} INFO - [2025-04-13T17:51:03.191+0000] {dagbag.py:538} INFO - Filling up the DagBag from /home/airflow/.local/lib/python3.8/site-packages/airflow/example_dags/example_dag_decorator.py
[2025-04-13T17:51:03.368+0000] {processor.py:840} INFO - DAG(s) 'example_dag_decorator' retrieved from /home/airflow/.local/lib/python3.8/site-packages/airflow/example_dags/example_dag_decorator.py
[2025-04-13T17:51:03.641+0000] {logging_mixin.py:188} INFO - [2025-04-13T17:51:03.640+0000] {dag.py:3036} INFO - Sync 1 DAGs
[2025-04-13T17:51:03.692+0000] {logging_mixin.py:188} INFO - [2025-04-13T17:51:03.691+0000] {dag.py:3823} INFO - Setting next_dagrun for example_dag_decorator to None, run_after=None
[2025-04-13T17:51:03.782+0000] {processor.py:183} INFO - Processing /home/airflow/.local/lib/python3.8/site-packages/airflow/example_dags/example_dag_decorator.py took 0.603 seconds
[2025-04-13T17:51:34.332+0000] {processor.py:161} INFO - Started process (PID=6957) to work on /home/airflow/.local/lib/python3.8/site-packages/airflow/example_dags/example_dag_decorator.py
[2025-04-13T17:51:34.334+0000] {processor.py:830} INFO - Processing file /home/airflow/.local/lib/python3.8/site-packages/airflow/example_dags/example_dag_decorator.py for tasks to queue
[2025-04-13T17:51:34.337+0000] {logging_mixin.py:188} INFO - [2025-04-13T17:51:34.337+0000] {dagbag.py:538} INFO - Filling up the DagBag from /home/airflow/.local/lib/python3.8/site-packages/airflow/example_dags/example_dag_decorator.py
[2025-04-13T17:51:34.483+0000] {processor.py:840} INFO - DAG(s) 'example_dag_decorator' retrieved from /home/airflow/.local/lib/python3.8/site-packages/airflow/example_dags/example_dag_decorator.py
[2025-04-13T17:51:34.647+0000] {logging_mixin.py:188} INFO - [2025-04-13T17:51:34.646+0000] {dag.py:3036} INFO - Sync 1 DAGs
[2025-04-13T17:51:34.663+0000] {logging_mixin.py:188} INFO - [2025-04-13T17:51:34.663+0000] {dag.py:3823} INFO - Setting next_dagrun for example_dag_decorator to None, run_after=None
[2025-04-13T17:51:34.733+0000] {processor.py:183} INFO - Processing /home/airflow/.local/lib/python3.8/site-packages/airflow/example_dags/example_dag_decorator.py took 0.409 seconds
[2025-04-13T17:52:05.793+0000] {processor.py:161} INFO - Started process (PID=7010) to work on /home/airflow/.local/lib/python3.8/site-packages/airflow/example_dags/example_dag_decorator.py
[2025-04-13T17:52:05.798+0000] {processor.py:830} INFO - Processing file /home/airflow/.local/lib/python3.8/site-packages/airflow/example_dags/example_dag_decorator.py for tasks to queue
[2025-04-13T17:52:05.801+0000] {logging_mixin.py:188} INFO - [2025-04-13T17:52:05.801+0000] {dagbag.py:538} INFO - Filling up the DagBag from /home/airflow/.local/lib/python3.8/site-packages/airflow/example_dags/example_dag_decorator.py
[2025-04-13T17:52:05.934+0000] {processor.py:840} INFO - DAG(s) 'example_dag_decorator' retrieved from /home/airflow/.local/lib/python3.8/site-packages/airflow/example_dags/example_dag_decorator.py
[2025-04-13T17:52:06.117+0000] {logging_mixin.py:188} INFO - [2025-04-13T17:52:06.117+0000] {dag.py:3036} INFO - Sync 1 DAGs
[2025-04-13T17:52:06.134+0000] {logging_mixin.py:188} INFO - [2025-04-13T17:52:06.134+0000] {dag.py:3823} INFO - Setting next_dagrun for example_dag_decorator to None, run_after=None
[2025-04-13T17:52:06.164+0000] {processor.py:183} INFO - Processing /home/airflow/.local/lib/python3.8/site-packages/airflow/example_dags/example_dag_decorator.py took 0.377 seconds
[2025-04-13T17:52:41.256+0000] {processor.py:161} INFO - Started process (PID=7087) to work on /home/airflow/.local/lib/python3.8/site-packages/airflow/example_dags/example_dag_decorator.py
[2025-04-13T17:52:41.257+0000] {processor.py:830} INFO - Processing file /home/airflow/.local/lib/python3.8/site-packages/airflow/example_dags/example_dag_decorator.py for tasks to queue
[2025-04-13T17:52:41.261+0000] {logging_mixin.py:188} INFO - [2025-04-13T17:52:41.260+0000] {dagbag.py:538} INFO - Filling up the DagBag from /home/airflow/.local/lib/python3.8/site-packages/airflow/example_dags/example_dag_decorator.py
[2025-04-13T17:52:41.407+0000] {processor.py:840} INFO - DAG(s) 'example_dag_decorator' retrieved from /home/airflow/.local/lib/python3.8/site-packages/airflow/example_dags/example_dag_decorator.py
[2025-04-13T17:52:41.553+0000] {logging_mixin.py:188} INFO - [2025-04-13T17:52:41.553+0000] {dag.py:3036} INFO - Sync 1 DAGs
[2025-04-13T17:52:41.569+0000] {logging_mixin.py:188} INFO - [2025-04-13T17:52:41.568+0000] {dag.py:3823} INFO - Setting next_dagrun for example_dag_decorator to None, run_after=None
[2025-04-13T17:52:41.598+0000] {processor.py:183} INFO - Processing /home/airflow/.local/lib/python3.8/site-packages/airflow/example_dags/example_dag_decorator.py took 0.348 seconds
[2025-04-13T17:53:13.167+0000] {processor.py:161} INFO - Started process (PID=7144) to work on /home/airflow/.local/lib/python3.8/site-packages/airflow/example_dags/example_dag_decorator.py
[2025-04-13T17:53:13.169+0000] {processor.py:830} INFO - Processing file /home/airflow/.local/lib/python3.8/site-packages/airflow/example_dags/example_dag_decorator.py for tasks to queue
[2025-04-13T17:53:13.171+0000] {logging_mixin.py:188} INFO - [2025-04-13T17:53:13.171+0000] {dagbag.py:538} INFO - Filling up the DagBag from /home/airflow/.local/lib/python3.8/site-packages/airflow/example_dags/example_dag_decorator.py
[2025-04-13T17:53:13.291+0000] {processor.py:840} INFO - DAG(s) 'example_dag_decorator' retrieved from /home/airflow/.local/lib/python3.8/site-packages/airflow/example_dags/example_dag_decorator.py
[2025-04-13T17:53:13.479+0000] {logging_mixin.py:188} INFO - [2025-04-13T17:53:13.478+0000] {dag.py:3036} INFO - Sync 1 DAGs
[2025-04-13T17:53:13.498+0000] {logging_mixin.py:188} INFO - [2025-04-13T17:53:13.498+0000] {dag.py:3823} INFO - Setting next_dagrun for example_dag_decorator to None, run_after=None
[2025-04-13T17:53:13.538+0000] {processor.py:183} INFO - Processing /home/airflow/.local/lib/python3.8/site-packages/airflow/example_dags/example_dag_decorator.py took 0.375 seconds
[2025-04-13T17:53:46.888+0000] {processor.py:161} INFO - Started process (PID=7199) to work on /home/airflow/.local/lib/python3.8/site-packages/airflow/example_dags/example_dag_decorator.py
[2025-04-13T17:53:46.889+0000] {processor.py:830} INFO - Processing file /home/airflow/.local/lib/python3.8/site-packages/airflow/example_dags/example_dag_decorator.py for tasks to queue
[2025-04-13T17:53:46.892+0000] {logging_mixin.py:188} INFO - [2025-04-13T17:53:46.891+0000] {dagbag.py:538} INFO - Filling up the DagBag from /home/airflow/.local/lib/python3.8/site-packages/airflow/example_dags/example_dag_decorator.py
[2025-04-13T17:53:47.004+0000] {processor.py:840} INFO - DAG(s) 'example_dag_decorator' retrieved from /home/airflow/.local/lib/python3.8/site-packages/airflow/example_dags/example_dag_decorator.py
[2025-04-13T17:53:47.132+0000] {logging_mixin.py:188} INFO - [2025-04-13T17:53:47.131+0000] {dag.py:3036} INFO - Sync 1 DAGs
[2025-04-13T17:53:47.148+0000] {logging_mixin.py:188} INFO - [2025-04-13T17:53:47.148+0000] {dag.py:3823} INFO - Setting next_dagrun for example_dag_decorator to None, run_after=None
[2025-04-13T17:53:47.181+0000] {processor.py:183} INFO - Processing /home/airflow/.local/lib/python3.8/site-packages/airflow/example_dags/example_dag_decorator.py took 0.297 seconds
[2025-04-13T17:54:17.497+0000] {processor.py:161} INFO - Started process (PID=7249) to work on /home/airflow/.local/lib/python3.8/site-packages/airflow/example_dags/example_dag_decorator.py
[2025-04-13T17:54:17.499+0000] {processor.py:830} INFO - Processing file /home/airflow/.local/lib/python3.8/site-packages/airflow/example_dags/example_dag_decorator.py for tasks to queue
[2025-04-13T17:54:17.509+0000] {logging_mixin.py:188} INFO - [2025-04-13T17:54:17.509+0000] {dagbag.py:538} INFO - Filling up the DagBag from /home/airflow/.local/lib/python3.8/site-packages/airflow/example_dags/example_dag_decorator.py
[2025-04-13T17:54:17.712+0000] {processor.py:840} INFO - DAG(s) 'example_dag_decorator' retrieved from /home/airflow/.local/lib/python3.8/site-packages/airflow/example_dags/example_dag_decorator.py
[2025-04-13T17:54:17.961+0000] {logging_mixin.py:188} INFO - [2025-04-13T17:54:17.960+0000] {dag.py:3036} INFO - Sync 1 DAGs
[2025-04-13T17:54:17.974+0000] {logging_mixin.py:188} INFO - [2025-04-13T17:54:17.973+0000] {dag.py:3823} INFO - Setting next_dagrun for example_dag_decorator to None, run_after=None
[2025-04-13T17:54:18.012+0000] {processor.py:183} INFO - Processing /home/airflow/.local/lib/python3.8/site-packages/airflow/example_dags/example_dag_decorator.py took 0.519 seconds
[2025-04-13T17:54:50.352+0000] {processor.py:161} INFO - Started process (PID=7306) to work on /home/airflow/.local/lib/python3.8/site-packages/airflow/example_dags/example_dag_decorator.py
[2025-04-13T17:54:50.354+0000] {processor.py:830} INFO - Processing file /home/airflow/.local/lib/python3.8/site-packages/airflow/example_dags/example_dag_decorator.py for tasks to queue
[2025-04-13T17:54:50.356+0000] {logging_mixin.py:188} INFO - [2025-04-13T17:54:50.356+0000] {dagbag.py:538} INFO - Filling up the DagBag from /home/airflow/.local/lib/python3.8/site-packages/airflow/example_dags/example_dag_decorator.py
[2025-04-13T17:54:50.503+0000] {processor.py:840} INFO - DAG(s) 'example_dag_decorator' retrieved from /home/airflow/.local/lib/python3.8/site-packages/airflow/example_dags/example_dag_decorator.py
[2025-04-13T17:54:50.651+0000] {logging_mixin.py:188} INFO - [2025-04-13T17:54:50.650+0000] {dag.py:3036} INFO - Sync 1 DAGs
[2025-04-13T17:54:50.666+0000] {logging_mixin.py:188} INFO - [2025-04-13T17:54:50.665+0000] {dag.py:3823} INFO - Setting next_dagrun for example_dag_decorator to None, run_after=None
[2025-04-13T17:54:50.703+0000] {processor.py:183} INFO - Processing /home/airflow/.local/lib/python3.8/site-packages/airflow/example_dags/example_dag_decorator.py took 0.356 seconds
[2025-04-13T17:55:23.834+0000] {processor.py:161} INFO - Started process (PID=7368) to work on /home/airflow/.local/lib/python3.8/site-packages/airflow/example_dags/example_dag_decorator.py
[2025-04-13T17:55:23.835+0000] {processor.py:830} INFO - Processing file /home/airflow/.local/lib/python3.8/site-packages/airflow/example_dags/example_dag_decorator.py for tasks to queue
[2025-04-13T17:55:23.838+0000] {logging_mixin.py:188} INFO - [2025-04-13T17:55:23.837+0000] {dagbag.py:538} INFO - Filling up the DagBag from /home/airflow/.local/lib/python3.8/site-packages/airflow/example_dags/example_dag_decorator.py
[2025-04-13T17:55:23.960+0000] {processor.py:840} INFO - DAG(s) 'example_dag_decorator' retrieved from /home/airflow/.local/lib/python3.8/site-packages/airflow/example_dags/example_dag_decorator.py
[2025-04-13T17:55:24.181+0000] {logging_mixin.py:188} INFO - [2025-04-13T17:55:24.181+0000] {dag.py:3036} INFO - Sync 1 DAGs
[2025-04-13T17:55:24.204+0000] {logging_mixin.py:188} INFO - [2025-04-13T17:55:24.204+0000] {dag.py:3823} INFO - Setting next_dagrun for example_dag_decorator to None, run_after=None
[2025-04-13T17:55:24.280+0000] {processor.py:183} INFO - Processing /home/airflow/.local/lib/python3.8/site-packages/airflow/example_dags/example_dag_decorator.py took 0.452 seconds
[2025-04-13T17:55:57.195+0000] {processor.py:161} INFO - Started process (PID=7422) to work on /home/airflow/.local/lib/python3.8/site-packages/airflow/example_dags/example_dag_decorator.py
[2025-04-13T17:55:57.196+0000] {processor.py:830} INFO - Processing file /home/airflow/.local/lib/python3.8/site-packages/airflow/example_dags/example_dag_decorator.py for tasks to queue
[2025-04-13T17:55:57.199+0000] {logging_mixin.py:188} INFO - [2025-04-13T17:55:57.199+0000] {dagbag.py:538} INFO - Filling up the DagBag from /home/airflow/.local/lib/python3.8/site-packages/airflow/example_dags/example_dag_decorator.py
[2025-04-13T17:55:57.338+0000] {processor.py:840} INFO - DAG(s) 'example_dag_decorator' retrieved from /home/airflow/.local/lib/python3.8/site-packages/airflow/example_dags/example_dag_decorator.py
[2025-04-13T17:55:57.509+0000] {logging_mixin.py:188} INFO - [2025-04-13T17:55:57.509+0000] {dag.py:3036} INFO - Sync 1 DAGs
[2025-04-13T17:55:57.525+0000] {logging_mixin.py:188} INFO - [2025-04-13T17:55:57.524+0000] {dag.py:3823} INFO - Setting next_dagrun for example_dag_decorator to None, run_after=None
[2025-04-13T17:55:57.557+0000] {processor.py:183} INFO - Processing /home/airflow/.local/lib/python3.8/site-packages/airflow/example_dags/example_dag_decorator.py took 0.368 seconds
[2025-04-13T17:56:28.726+0000] {processor.py:161} INFO - Started process (PID=7478) to work on /home/airflow/.local/lib/python3.8/site-packages/airflow/example_dags/example_dag_decorator.py
[2025-04-13T17:56:28.728+0000] {processor.py:830} INFO - Processing file /home/airflow/.local/lib/python3.8/site-packages/airflow/example_dags/example_dag_decorator.py for tasks to queue
[2025-04-13T17:56:28.732+0000] {logging_mixin.py:188} INFO - [2025-04-13T17:56:28.731+0000] {dagbag.py:538} INFO - Filling up the DagBag from /home/airflow/.local/lib/python3.8/site-packages/airflow/example_dags/example_dag_decorator.py
[2025-04-13T17:56:28.909+0000] {processor.py:840} INFO - DAG(s) 'example_dag_decorator' retrieved from /home/airflow/.local/lib/python3.8/site-packages/airflow/example_dags/example_dag_decorator.py
[2025-04-13T17:56:29.079+0000] {logging_mixin.py:188} INFO - [2025-04-13T17:56:29.079+0000] {dag.py:3036} INFO - Sync 1 DAGs
[2025-04-13T17:56:29.102+0000] {logging_mixin.py:188} INFO - [2025-04-13T17:56:29.102+0000] {dag.py:3823} INFO - Setting next_dagrun for example_dag_decorator to None, run_after=None
[2025-04-13T17:56:29.143+0000] {processor.py:183} INFO - Processing /home/airflow/.local/lib/python3.8/site-packages/airflow/example_dags/example_dag_decorator.py took 0.425 seconds
[2025-04-13T17:57:01.884+0000] {processor.py:161} INFO - Started process (PID=7534) to work on /home/airflow/.local/lib/python3.8/site-packages/airflow/example_dags/example_dag_decorator.py
[2025-04-13T17:57:01.885+0000] {processor.py:830} INFO - Processing file /home/airflow/.local/lib/python3.8/site-packages/airflow/example_dags/example_dag_decorator.py for tasks to queue
[2025-04-13T17:57:01.889+0000] {logging_mixin.py:188} INFO - [2025-04-13T17:57:01.889+0000] {dagbag.py:538} INFO - Filling up the DagBag from /home/airflow/.local/lib/python3.8/site-packages/airflow/example_dags/example_dag_decorator.py
[2025-04-13T17:57:02.031+0000] {processor.py:840} INFO - DAG(s) 'example_dag_decorator' retrieved from /home/airflow/.local/lib/python3.8/site-packages/airflow/example_dags/example_dag_decorator.py
[2025-04-13T17:57:02.186+0000] {logging_mixin.py:188} INFO - [2025-04-13T17:57:02.186+0000] {dag.py:3036} INFO - Sync 1 DAGs
[2025-04-13T17:57:02.199+0000] {logging_mixin.py:188} INFO - [2025-04-13T17:57:02.198+0000] {dag.py:3823} INFO - Setting next_dagrun for example_dag_decorator to None, run_after=None
[2025-04-13T17:57:02.272+0000] {processor.py:183} INFO - Processing /home/airflow/.local/lib/python3.8/site-packages/airflow/example_dags/example_dag_decorator.py took 0.394 seconds
[2025-04-13T17:57:33.858+0000] {processor.py:161} INFO - Started process (PID=7590) to work on /home/airflow/.local/lib/python3.8/site-packages/airflow/example_dags/example_dag_decorator.py
[2025-04-13T17:57:33.859+0000] {processor.py:830} INFO - Processing file /home/airflow/.local/lib/python3.8/site-packages/airflow/example_dags/example_dag_decorator.py for tasks to queue
[2025-04-13T17:57:33.862+0000] {logging_mixin.py:188} INFO - [2025-04-13T17:57:33.862+0000] {dagbag.py:538} INFO - Filling up the DagBag from /home/airflow/.local/lib/python3.8/site-packages/airflow/example_dags/example_dag_decorator.py
[2025-04-13T17:57:33.986+0000] {processor.py:840} INFO - DAG(s) 'example_dag_decorator' retrieved from /home/airflow/.local/lib/python3.8/site-packages/airflow/example_dags/example_dag_decorator.py
[2025-04-13T17:57:34.234+0000] {logging_mixin.py:188} INFO - [2025-04-13T17:57:34.233+0000] {dag.py:3036} INFO - Sync 1 DAGs
[2025-04-13T17:57:34.248+0000] {logging_mixin.py:188} INFO - [2025-04-13T17:57:34.247+0000] {dag.py:3823} INFO - Setting next_dagrun for example_dag_decorator to None, run_after=None
[2025-04-13T17:57:34.319+0000] {processor.py:183} INFO - Processing /home/airflow/.local/lib/python3.8/site-packages/airflow/example_dags/example_dag_decorator.py took 0.466 seconds
[2025-04-13T17:58:04.885+0000] {processor.py:161} INFO - Started process (PID=7646) to work on /home/airflow/.local/lib/python3.8/site-packages/airflow/example_dags/example_dag_decorator.py
[2025-04-13T17:58:04.887+0000] {processor.py:830} INFO - Processing file /home/airflow/.local/lib/python3.8/site-packages/airflow/example_dags/example_dag_decorator.py for tasks to queue
[2025-04-13T17:58:04.889+0000] {logging_mixin.py:188} INFO - [2025-04-13T17:58:04.889+0000] {dagbag.py:538} INFO - Filling up the DagBag from /home/airflow/.local/lib/python3.8/site-packages/airflow/example_dags/example_dag_decorator.py
[2025-04-13T17:58:05.067+0000] {processor.py:840} INFO - DAG(s) 'example_dag_decorator' retrieved from /home/airflow/.local/lib/python3.8/site-packages/airflow/example_dags/example_dag_decorator.py
[2025-04-13T17:58:05.219+0000] {logging_mixin.py:188} INFO - [2025-04-13T17:58:05.218+0000] {dag.py:3036} INFO - Sync 1 DAGs
[2025-04-13T17:58:05.234+0000] {logging_mixin.py:188} INFO - [2025-04-13T17:58:05.234+0000] {dag.py:3823} INFO - Setting next_dagrun for example_dag_decorator to None, run_after=None
[2025-04-13T17:58:05.313+0000] {processor.py:183} INFO - Processing /home/airflow/.local/lib/python3.8/site-packages/airflow/example_dags/example_dag_decorator.py took 0.432 seconds
[2025-04-13T17:58:36.181+0000] {processor.py:161} INFO - Started process (PID=7696) to work on /home/airflow/.local/lib/python3.8/site-packages/airflow/example_dags/example_dag_decorator.py
[2025-04-13T17:58:36.182+0000] {processor.py:830} INFO - Processing file /home/airflow/.local/lib/python3.8/site-packages/airflow/example_dags/example_dag_decorator.py for tasks to queue
[2025-04-13T17:58:36.187+0000] {logging_mixin.py:188} INFO - [2025-04-13T17:58:36.186+0000] {dagbag.py:538} INFO - Filling up the DagBag from /home/airflow/.local/lib/python3.8/site-packages/airflow/example_dags/example_dag_decorator.py
[2025-04-13T17:58:36.389+0000] {processor.py:840} INFO - DAG(s) 'example_dag_decorator' retrieved from /home/airflow/.local/lib/python3.8/site-packages/airflow/example_dags/example_dag_decorator.py
[2025-04-13T17:58:36.428+0000] {logging_mixin.py:188} INFO - [2025-04-13T17:58:36.428+0000] {dag.py:3036} INFO - Sync 1 DAGs
[2025-04-13T17:58:36.448+0000] {logging_mixin.py:188} INFO - [2025-04-13T17:58:36.448+0000] {dag.py:3823} INFO - Setting next_dagrun for example_dag_decorator to None, run_after=None
[2025-04-13T17:58:36.487+0000] {processor.py:183} INFO - Processing /home/airflow/.local/lib/python3.8/site-packages/airflow/example_dags/example_dag_decorator.py took 0.314 seconds
[2025-04-13T17:59:08.447+0000] {processor.py:161} INFO - Started process (PID=7751) to work on /home/airflow/.local/lib/python3.8/site-packages/airflow/example_dags/example_dag_decorator.py
[2025-04-13T17:59:08.449+0000] {processor.py:830} INFO - Processing file /home/airflow/.local/lib/python3.8/site-packages/airflow/example_dags/example_dag_decorator.py for tasks to queue
[2025-04-13T17:59:08.453+0000] {logging_mixin.py:188} INFO - [2025-04-13T17:59:08.452+0000] {dagbag.py:538} INFO - Filling up the DagBag from /home/airflow/.local/lib/python3.8/site-packages/airflow/example_dags/example_dag_decorator.py
[2025-04-13T17:59:08.638+0000] {processor.py:840} INFO - DAG(s) 'example_dag_decorator' retrieved from /home/airflow/.local/lib/python3.8/site-packages/airflow/example_dags/example_dag_decorator.py
[2025-04-13T17:59:08.794+0000] {logging_mixin.py:188} INFO - [2025-04-13T17:59:08.794+0000] {dag.py:3036} INFO - Sync 1 DAGs
[2025-04-13T17:59:08.812+0000] {logging_mixin.py:188} INFO - [2025-04-13T17:59:08.811+0000] {dag.py:3823} INFO - Setting next_dagrun for example_dag_decorator to None, run_after=None
[2025-04-13T17:59:08.884+0000] {processor.py:183} INFO - Processing /home/airflow/.local/lib/python3.8/site-packages/airflow/example_dags/example_dag_decorator.py took 0.443 seconds
[2025-04-13T17:59:39.703+0000] {processor.py:161} INFO - Started process (PID=7815) to work on /home/airflow/.local/lib/python3.8/site-packages/airflow/example_dags/example_dag_decorator.py
[2025-04-13T17:59:39.705+0000] {processor.py:830} INFO - Processing file /home/airflow/.local/lib/python3.8/site-packages/airflow/example_dags/example_dag_decorator.py for tasks to queue
[2025-04-13T17:59:39.708+0000] {logging_mixin.py:188} INFO - [2025-04-13T17:59:39.707+0000] {dagbag.py:538} INFO - Filling up the DagBag from /home/airflow/.local/lib/python3.8/site-packages/airflow/example_dags/example_dag_decorator.py
[2025-04-13T17:59:39.882+0000] {processor.py:840} INFO - DAG(s) 'example_dag_decorator' retrieved from /home/airflow/.local/lib/python3.8/site-packages/airflow/example_dags/example_dag_decorator.py
[2025-04-13T17:59:40.036+0000] {logging_mixin.py:188} INFO - [2025-04-13T17:59:40.035+0000] {dag.py:3036} INFO - Sync 1 DAGs
[2025-04-13T17:59:40.054+0000] {logging_mixin.py:188} INFO - [2025-04-13T17:59:40.054+0000] {dag.py:3823} INFO - Setting next_dagrun for example_dag_decorator to None, run_after=None
[2025-04-13T17:59:40.089+0000] {processor.py:183} INFO - Processing /home/airflow/.local/lib/python3.8/site-packages/airflow/example_dags/example_dag_decorator.py took 0.390 seconds
[2025-04-13T18:00:10.650+0000] {processor.py:161} INFO - Started process (PID=7864) to work on /home/airflow/.local/lib/python3.8/site-packages/airflow/example_dags/example_dag_decorator.py
[2025-04-13T18:00:10.652+0000] {processor.py:830} INFO - Processing file /home/airflow/.local/lib/python3.8/site-packages/airflow/example_dags/example_dag_decorator.py for tasks to queue
[2025-04-13T18:00:10.655+0000] {logging_mixin.py:188} INFO - [2025-04-13T18:00:10.655+0000] {dagbag.py:538} INFO - Filling up the DagBag from /home/airflow/.local/lib/python3.8/site-packages/airflow/example_dags/example_dag_decorator.py
[2025-04-13T18:00:10.826+0000] {processor.py:840} INFO - DAG(s) 'example_dag_decorator' retrieved from /home/airflow/.local/lib/python3.8/site-packages/airflow/example_dags/example_dag_decorator.py
[2025-04-13T18:00:10.972+0000] {logging_mixin.py:188} INFO - [2025-04-13T18:00:10.971+0000] {dag.py:3036} INFO - Sync 1 DAGs
[2025-04-13T18:00:10.985+0000] {logging_mixin.py:188} INFO - [2025-04-13T18:00:10.985+0000] {dag.py:3823} INFO - Setting next_dagrun for example_dag_decorator to None, run_after=None
[2025-04-13T18:00:11.013+0000] {processor.py:183} INFO - Processing /home/airflow/.local/lib/python3.8/site-packages/airflow/example_dags/example_dag_decorator.py took 0.369 seconds
[2025-04-13T18:00:42.223+0000] {processor.py:161} INFO - Started process (PID=7919) to work on /home/airflow/.local/lib/python3.8/site-packages/airflow/example_dags/example_dag_decorator.py
[2025-04-13T18:00:42.224+0000] {processor.py:830} INFO - Processing file /home/airflow/.local/lib/python3.8/site-packages/airflow/example_dags/example_dag_decorator.py for tasks to queue
[2025-04-13T18:00:42.227+0000] {logging_mixin.py:188} INFO - [2025-04-13T18:00:42.226+0000] {dagbag.py:538} INFO - Filling up the DagBag from /home/airflow/.local/lib/python3.8/site-packages/airflow/example_dags/example_dag_decorator.py
[2025-04-13T18:00:42.354+0000] {processor.py:840} INFO - DAG(s) 'example_dag_decorator' retrieved from /home/airflow/.local/lib/python3.8/site-packages/airflow/example_dags/example_dag_decorator.py
[2025-04-13T18:00:42.509+0000] {logging_mixin.py:188} INFO - [2025-04-13T18:00:42.508+0000] {dag.py:3036} INFO - Sync 1 DAGs
[2025-04-13T18:00:42.543+0000] {logging_mixin.py:188} INFO - [2025-04-13T18:00:42.543+0000] {dag.py:3823} INFO - Setting next_dagrun for example_dag_decorator to None, run_after=None
[2025-04-13T18:00:42.592+0000] {processor.py:183} INFO - Processing /home/airflow/.local/lib/python3.8/site-packages/airflow/example_dags/example_dag_decorator.py took 0.374 seconds
[2025-04-13T18:01:13.704+0000] {processor.py:161} INFO - Started process (PID=7974) to work on /home/airflow/.local/lib/python3.8/site-packages/airflow/example_dags/example_dag_decorator.py
[2025-04-13T18:01:13.705+0000] {processor.py:830} INFO - Processing file /home/airflow/.local/lib/python3.8/site-packages/airflow/example_dags/example_dag_decorator.py for tasks to queue
[2025-04-13T18:01:13.708+0000] {logging_mixin.py:188} INFO - [2025-04-13T18:01:13.708+0000] {dagbag.py:538} INFO - Filling up the DagBag from /home/airflow/.local/lib/python3.8/site-packages/airflow/example_dags/example_dag_decorator.py
[2025-04-13T18:01:13.846+0000] {processor.py:840} INFO - DAG(s) 'example_dag_decorator' retrieved from /home/airflow/.local/lib/python3.8/site-packages/airflow/example_dags/example_dag_decorator.py
[2025-04-13T18:01:13.982+0000] {logging_mixin.py:188} INFO - [2025-04-13T18:01:13.982+0000] {dag.py:3036} INFO - Sync 1 DAGs
[2025-04-13T18:01:13.998+0000] {logging_mixin.py:188} INFO - [2025-04-13T18:01:13.997+0000] {dag.py:3823} INFO - Setting next_dagrun for example_dag_decorator to None, run_after=None
[2025-04-13T18:01:14.030+0000] {processor.py:183} INFO - Processing /home/airflow/.local/lib/python3.8/site-packages/airflow/example_dags/example_dag_decorator.py took 0.331 seconds
[2025-04-13T18:01:46.393+0000] {processor.py:161} INFO - Started process (PID=8032) to work on /home/airflow/.local/lib/python3.8/site-packages/airflow/example_dags/example_dag_decorator.py
[2025-04-13T18:01:46.396+0000] {processor.py:830} INFO - Processing file /home/airflow/.local/lib/python3.8/site-packages/airflow/example_dags/example_dag_decorator.py for tasks to queue
[2025-04-13T18:01:46.399+0000] {logging_mixin.py:188} INFO - [2025-04-13T18:01:46.399+0000] {dagbag.py:538} INFO - Filling up the DagBag from /home/airflow/.local/lib/python3.8/site-packages/airflow/example_dags/example_dag_decorator.py
[2025-04-13T18:01:46.505+0000] {processor.py:840} INFO - DAG(s) 'example_dag_decorator' retrieved from /home/airflow/.local/lib/python3.8/site-packages/airflow/example_dags/example_dag_decorator.py
[2025-04-13T18:01:46.622+0000] {logging_mixin.py:188} INFO - [2025-04-13T18:01:46.621+0000] {dag.py:3036} INFO - Sync 1 DAGs
[2025-04-13T18:01:46.636+0000] {logging_mixin.py:188} INFO - [2025-04-13T18:01:46.636+0000] {dag.py:3823} INFO - Setting next_dagrun for example_dag_decorator to None, run_after=None
[2025-04-13T18:01:46.714+0000] {processor.py:183} INFO - Processing /home/airflow/.local/lib/python3.8/site-packages/airflow/example_dags/example_dag_decorator.py took 0.328 seconds
[2025-04-13T18:02:19.689+0000] {processor.py:161} INFO - Started process (PID=8086) to work on /home/airflow/.local/lib/python3.8/site-packages/airflow/example_dags/example_dag_decorator.py
[2025-04-13T18:02:19.690+0000] {processor.py:830} INFO - Processing file /home/airflow/.local/lib/python3.8/site-packages/airflow/example_dags/example_dag_decorator.py for tasks to queue
[2025-04-13T18:02:19.693+0000] {logging_mixin.py:188} INFO - [2025-04-13T18:02:19.693+0000] {dagbag.py:538} INFO - Filling up the DagBag from /home/airflow/.local/lib/python3.8/site-packages/airflow/example_dags/example_dag_decorator.py
[2025-04-13T18:02:19.823+0000] {processor.py:840} INFO - DAG(s) 'example_dag_decorator' retrieved from /home/airflow/.local/lib/python3.8/site-packages/airflow/example_dags/example_dag_decorator.py
[2025-04-13T18:02:19.855+0000] {logging_mixin.py:188} INFO - [2025-04-13T18:02:19.854+0000] {dag.py:3036} INFO - Sync 1 DAGs
[2025-04-13T18:02:19.869+0000] {logging_mixin.py:188} INFO - [2025-04-13T18:02:19.868+0000] {dag.py:3823} INFO - Setting next_dagrun for example_dag_decorator to None, run_after=None
[2025-04-13T18:02:19.899+0000] {processor.py:183} INFO - Processing /home/airflow/.local/lib/python3.8/site-packages/airflow/example_dags/example_dag_decorator.py took 0.214 seconds
[2025-04-13T18:02:50.448+0000] {processor.py:161} INFO - Started process (PID=8142) to work on /home/airflow/.local/lib/python3.8/site-packages/airflow/example_dags/example_dag_decorator.py
[2025-04-13T18:02:50.449+0000] {processor.py:830} INFO - Processing file /home/airflow/.local/lib/python3.8/site-packages/airflow/example_dags/example_dag_decorator.py for tasks to queue
[2025-04-13T18:02:50.452+0000] {logging_mixin.py:188} INFO - [2025-04-13T18:02:50.452+0000] {dagbag.py:538} INFO - Filling up the DagBag from /home/airflow/.local/lib/python3.8/site-packages/airflow/example_dags/example_dag_decorator.py
[2025-04-13T18:02:50.582+0000] {processor.py:840} INFO - DAG(s) 'example_dag_decorator' retrieved from /home/airflow/.local/lib/python3.8/site-packages/airflow/example_dags/example_dag_decorator.py
[2025-04-13T18:02:50.721+0000] {logging_mixin.py:188} INFO - [2025-04-13T18:02:50.721+0000] {dag.py:3036} INFO - Sync 1 DAGs
[2025-04-13T18:02:50.735+0000] {logging_mixin.py:188} INFO - [2025-04-13T18:02:50.735+0000] {dag.py:3823} INFO - Setting next_dagrun for example_dag_decorator to None, run_after=None
[2025-04-13T18:02:50.765+0000] {processor.py:183} INFO - Processing /home/airflow/.local/lib/python3.8/site-packages/airflow/example_dags/example_dag_decorator.py took 0.323 seconds
[2025-04-13T18:03:23.853+0000] {processor.py:161} INFO - Started process (PID=8198) to work on /home/airflow/.local/lib/python3.8/site-packages/airflow/example_dags/example_dag_decorator.py
[2025-04-13T18:03:23.855+0000] {processor.py:830} INFO - Processing file /home/airflow/.local/lib/python3.8/site-packages/airflow/example_dags/example_dag_decorator.py for tasks to queue
[2025-04-13T18:03:23.858+0000] {logging_mixin.py:188} INFO - [2025-04-13T18:03:23.858+0000] {dagbag.py:538} INFO - Filling up the DagBag from /home/airflow/.local/lib/python3.8/site-packages/airflow/example_dags/example_dag_decorator.py
[2025-04-13T18:03:24.019+0000] {processor.py:840} INFO - DAG(s) 'example_dag_decorator' retrieved from /home/airflow/.local/lib/python3.8/site-packages/airflow/example_dags/example_dag_decorator.py
[2025-04-13T18:03:24.156+0000] {logging_mixin.py:188} INFO - [2025-04-13T18:03:24.156+0000] {dag.py:3036} INFO - Sync 1 DAGs
[2025-04-13T18:03:24.170+0000] {logging_mixin.py:188} INFO - [2025-04-13T18:03:24.170+0000] {dag.py:3823} INFO - Setting next_dagrun for example_dag_decorator to None, run_after=None
[2025-04-13T18:03:24.218+0000] {processor.py:183} INFO - Processing /home/airflow/.local/lib/python3.8/site-packages/airflow/example_dags/example_dag_decorator.py took 0.377 seconds
[2025-04-13T18:03:54.959+0000] {processor.py:161} INFO - Started process (PID=8254) to work on /home/airflow/.local/lib/python3.8/site-packages/airflow/example_dags/example_dag_decorator.py
[2025-04-13T18:03:54.961+0000] {processor.py:830} INFO - Processing file /home/airflow/.local/lib/python3.8/site-packages/airflow/example_dags/example_dag_decorator.py for tasks to queue
[2025-04-13T18:03:54.964+0000] {logging_mixin.py:188} INFO - [2025-04-13T18:03:54.963+0000] {dagbag.py:538} INFO - Filling up the DagBag from /home/airflow/.local/lib/python3.8/site-packages/airflow/example_dags/example_dag_decorator.py
[2025-04-13T18:03:55.096+0000] {processor.py:840} INFO - DAG(s) 'example_dag_decorator' retrieved from /home/airflow/.local/lib/python3.8/site-packages/airflow/example_dags/example_dag_decorator.py
[2025-04-13T18:03:55.265+0000] {logging_mixin.py:188} INFO - [2025-04-13T18:03:55.265+0000] {dag.py:3036} INFO - Sync 1 DAGs
[2025-04-13T18:03:55.281+0000] {logging_mixin.py:188} INFO - [2025-04-13T18:03:55.281+0000] {dag.py:3823} INFO - Setting next_dagrun for example_dag_decorator to None, run_after=None
[2025-04-13T18:03:55.363+0000] {processor.py:183} INFO - Processing /home/airflow/.local/lib/python3.8/site-packages/airflow/example_dags/example_dag_decorator.py took 0.409 seconds
[2025-04-13T18:04:28.029+0000] {processor.py:161} INFO - Started process (PID=8310) to work on /home/airflow/.local/lib/python3.8/site-packages/airflow/example_dags/example_dag_decorator.py
[2025-04-13T18:04:28.031+0000] {processor.py:830} INFO - Processing file /home/airflow/.local/lib/python3.8/site-packages/airflow/example_dags/example_dag_decorator.py for tasks to queue
[2025-04-13T18:04:28.034+0000] {logging_mixin.py:188} INFO - [2025-04-13T18:04:28.033+0000] {dagbag.py:538} INFO - Filling up the DagBag from /home/airflow/.local/lib/python3.8/site-packages/airflow/example_dags/example_dag_decorator.py
[2025-04-13T18:04:28.184+0000] {processor.py:840} INFO - DAG(s) 'example_dag_decorator' retrieved from /home/airflow/.local/lib/python3.8/site-packages/airflow/example_dags/example_dag_decorator.py
[2025-04-13T18:04:28.217+0000] {logging_mixin.py:188} INFO - [2025-04-13T18:04:28.216+0000] {dag.py:3036} INFO - Sync 1 DAGs
[2025-04-13T18:04:28.234+0000] {logging_mixin.py:188} INFO - [2025-04-13T18:04:28.234+0000] {dag.py:3823} INFO - Setting next_dagrun for example_dag_decorator to None, run_after=None
[2025-04-13T18:04:28.269+0000] {processor.py:183} INFO - Processing /home/airflow/.local/lib/python3.8/site-packages/airflow/example_dags/example_dag_decorator.py took 0.246 seconds
[2025-04-13T18:05:01.749+0000] {processor.py:161} INFO - Started process (PID=8366) to work on /home/airflow/.local/lib/python3.8/site-packages/airflow/example_dags/example_dag_decorator.py
[2025-04-13T18:05:01.751+0000] {processor.py:830} INFO - Processing file /home/airflow/.local/lib/python3.8/site-packages/airflow/example_dags/example_dag_decorator.py for tasks to queue
[2025-04-13T18:05:01.754+0000] {logging_mixin.py:188} INFO - [2025-04-13T18:05:01.753+0000] {dagbag.py:538} INFO - Filling up the DagBag from /home/airflow/.local/lib/python3.8/site-packages/airflow/example_dags/example_dag_decorator.py
[2025-04-13T18:05:01.875+0000] {processor.py:840} INFO - DAG(s) 'example_dag_decorator' retrieved from /home/airflow/.local/lib/python3.8/site-packages/airflow/example_dags/example_dag_decorator.py
[2025-04-13T18:05:01.993+0000] {logging_mixin.py:188} INFO - [2025-04-13T18:05:01.993+0000] {dag.py:3036} INFO - Sync 1 DAGs
[2025-04-13T18:05:02.006+0000] {logging_mixin.py:188} INFO - [2025-04-13T18:05:02.006+0000] {dag.py:3823} INFO - Setting next_dagrun for example_dag_decorator to None, run_after=None
[2025-04-13T18:05:02.187+0000] {processor.py:183} INFO - Processing /home/airflow/.local/lib/python3.8/site-packages/airflow/example_dags/example_dag_decorator.py took 0.443 seconds
[2025-04-13T18:05:33.531+0000] {processor.py:161} INFO - Started process (PID=8422) to work on /home/airflow/.local/lib/python3.8/site-packages/airflow/example_dags/example_dag_decorator.py
[2025-04-13T18:05:33.532+0000] {processor.py:830} INFO - Processing file /home/airflow/.local/lib/python3.8/site-packages/airflow/example_dags/example_dag_decorator.py for tasks to queue
[2025-04-13T18:05:33.537+0000] {logging_mixin.py:188} INFO - [2025-04-13T18:05:33.537+0000] {dagbag.py:538} INFO - Filling up the DagBag from /home/airflow/.local/lib/python3.8/site-packages/airflow/example_dags/example_dag_decorator.py
[2025-04-13T18:05:33.656+0000] {processor.py:840} INFO - DAG(s) 'example_dag_decorator' retrieved from /home/airflow/.local/lib/python3.8/site-packages/airflow/example_dags/example_dag_decorator.py
[2025-04-13T18:05:33.802+0000] {logging_mixin.py:188} INFO - [2025-04-13T18:05:33.802+0000] {dag.py:3036} INFO - Sync 1 DAGs
[2025-04-13T18:05:33.820+0000] {logging_mixin.py:188} INFO - [2025-04-13T18:05:33.819+0000] {dag.py:3823} INFO - Setting next_dagrun for example_dag_decorator to None, run_after=None
[2025-04-13T18:05:33.879+0000] {processor.py:183} INFO - Processing /home/airflow/.local/lib/python3.8/site-packages/airflow/example_dags/example_dag_decorator.py took 0.354 seconds
[2025-04-13T18:06:06.572+0000] {processor.py:161} INFO - Started process (PID=8478) to work on /home/airflow/.local/lib/python3.8/site-packages/airflow/example_dags/example_dag_decorator.py
[2025-04-13T18:06:06.573+0000] {processor.py:830} INFO - Processing file /home/airflow/.local/lib/python3.8/site-packages/airflow/example_dags/example_dag_decorator.py for tasks to queue
[2025-04-13T18:06:06.576+0000] {logging_mixin.py:188} INFO - [2025-04-13T18:06:06.576+0000] {dagbag.py:538} INFO - Filling up the DagBag from /home/airflow/.local/lib/python3.8/site-packages/airflow/example_dags/example_dag_decorator.py
[2025-04-13T18:06:06.701+0000] {processor.py:840} INFO - DAG(s) 'example_dag_decorator' retrieved from /home/airflow/.local/lib/python3.8/site-packages/airflow/example_dags/example_dag_decorator.py
[2025-04-13T18:06:06.833+0000] {logging_mixin.py:188} INFO - [2025-04-13T18:06:06.833+0000] {dag.py:3036} INFO - Sync 1 DAGs
[2025-04-13T18:06:06.851+0000] {logging_mixin.py:188} INFO - [2025-04-13T18:06:06.850+0000] {dag.py:3823} INFO - Setting next_dagrun for example_dag_decorator to None, run_after=None
[2025-04-13T18:06:06.874+0000] {processor.py:183} INFO - Processing /home/airflow/.local/lib/python3.8/site-packages/airflow/example_dags/example_dag_decorator.py took 0.308 seconds
[2025-04-13T18:06:39.432+0000] {processor.py:161} INFO - Started process (PID=8536) to work on /home/airflow/.local/lib/python3.8/site-packages/airflow/example_dags/example_dag_decorator.py
[2025-04-13T18:06:39.433+0000] {processor.py:830} INFO - Processing file /home/airflow/.local/lib/python3.8/site-packages/airflow/example_dags/example_dag_decorator.py for tasks to queue
[2025-04-13T18:06:39.435+0000] {logging_mixin.py:188} INFO - [2025-04-13T18:06:39.435+0000] {dagbag.py:538} INFO - Filling up the DagBag from /home/airflow/.local/lib/python3.8/site-packages/airflow/example_dags/example_dag_decorator.py
[2025-04-13T18:06:39.567+0000] {processor.py:840} INFO - DAG(s) 'example_dag_decorator' retrieved from /home/airflow/.local/lib/python3.8/site-packages/airflow/example_dags/example_dag_decorator.py
[2025-04-13T18:06:39.714+0000] {logging_mixin.py:188} INFO - [2025-04-13T18:06:39.713+0000] {dag.py:3036} INFO - Sync 1 DAGs
[2025-04-13T18:06:39.885+0000] {logging_mixin.py:188} INFO - [2025-04-13T18:06:39.884+0000] {dag.py:3823} INFO - Setting next_dagrun for example_dag_decorator to None, run_after=None
[2025-04-13T18:06:39.923+0000] {processor.py:183} INFO - Processing /home/airflow/.local/lib/python3.8/site-packages/airflow/example_dags/example_dag_decorator.py took 0.496 seconds
[2025-04-13T18:07:12.327+0000] {processor.py:161} INFO - Started process (PID=8599) to work on /home/airflow/.local/lib/python3.8/site-packages/airflow/example_dags/example_dag_decorator.py
[2025-04-13T18:07:12.328+0000] {processor.py:830} INFO - Processing file /home/airflow/.local/lib/python3.8/site-packages/airflow/example_dags/example_dag_decorator.py for tasks to queue
[2025-04-13T18:07:12.332+0000] {logging_mixin.py:188} INFO - [2025-04-13T18:07:12.331+0000] {dagbag.py:538} INFO - Filling up the DagBag from /home/airflow/.local/lib/python3.8/site-packages/airflow/example_dags/example_dag_decorator.py
[2025-04-13T18:07:12.472+0000] {processor.py:840} INFO - DAG(s) 'example_dag_decorator' retrieved from /home/airflow/.local/lib/python3.8/site-packages/airflow/example_dags/example_dag_decorator.py
[2025-04-13T18:07:12.624+0000] {logging_mixin.py:188} INFO - [2025-04-13T18:07:12.624+0000] {dag.py:3036} INFO - Sync 1 DAGs
[2025-04-13T18:07:12.873+0000] {logging_mixin.py:188} INFO - [2025-04-13T18:07:12.873+0000] {dag.py:3823} INFO - Setting next_dagrun for example_dag_decorator to None, run_after=None
[2025-04-13T18:07:12.931+0000] {processor.py:183} INFO - Processing /home/airflow/.local/lib/python3.8/site-packages/airflow/example_dags/example_dag_decorator.py took 0.610 seconds
[2025-04-13T18:07:46.641+0000] {processor.py:161} INFO - Started process (PID=8655) to work on /home/airflow/.local/lib/python3.8/site-packages/airflow/example_dags/example_dag_decorator.py
[2025-04-13T18:07:46.645+0000] {processor.py:830} INFO - Processing file /home/airflow/.local/lib/python3.8/site-packages/airflow/example_dags/example_dag_decorator.py for tasks to queue
[2025-04-13T18:07:46.649+0000] {logging_mixin.py:188} INFO - [2025-04-13T18:07:46.648+0000] {dagbag.py:538} INFO - Filling up the DagBag from /home/airflow/.local/lib/python3.8/site-packages/airflow/example_dags/example_dag_decorator.py
[2025-04-13T18:07:47.175+0000] {processor.py:840} INFO - DAG(s) 'example_dag_decorator' retrieved from /home/airflow/.local/lib/python3.8/site-packages/airflow/example_dags/example_dag_decorator.py
[2025-04-13T18:07:47.489+0000] {logging_mixin.py:188} INFO - [2025-04-13T18:07:47.488+0000] {dag.py:3036} INFO - Sync 1 DAGs
[2025-04-13T18:07:47.521+0000] {logging_mixin.py:188} INFO - [2025-04-13T18:07:47.521+0000] {dag.py:3823} INFO - Setting next_dagrun for example_dag_decorator to None, run_after=None
[2025-04-13T18:07:47.568+0000] {processor.py:183} INFO - Processing /home/airflow/.local/lib/python3.8/site-packages/airflow/example_dags/example_dag_decorator.py took 0.935 seconds
[2025-04-13T18:08:18.254+0000] {processor.py:161} INFO - Started process (PID=8713) to work on /home/airflow/.local/lib/python3.8/site-packages/airflow/example_dags/example_dag_decorator.py
[2025-04-13T18:08:18.256+0000] {processor.py:830} INFO - Processing file /home/airflow/.local/lib/python3.8/site-packages/airflow/example_dags/example_dag_decorator.py for tasks to queue
[2025-04-13T18:08:18.260+0000] {logging_mixin.py:188} INFO - [2025-04-13T18:08:18.260+0000] {dagbag.py:538} INFO - Filling up the DagBag from /home/airflow/.local/lib/python3.8/site-packages/airflow/example_dags/example_dag_decorator.py
[2025-04-13T18:08:18.434+0000] {processor.py:840} INFO - DAG(s) 'example_dag_decorator' retrieved from /home/airflow/.local/lib/python3.8/site-packages/airflow/example_dags/example_dag_decorator.py
[2025-04-13T18:08:18.646+0000] {logging_mixin.py:188} INFO - [2025-04-13T18:08:18.646+0000] {dag.py:3036} INFO - Sync 1 DAGs
[2025-04-13T18:08:18.670+0000] {logging_mixin.py:188} INFO - [2025-04-13T18:08:18.670+0000] {dag.py:3823} INFO - Setting next_dagrun for example_dag_decorator to None, run_after=None
[2025-04-13T18:08:18.732+0000] {processor.py:183} INFO - Processing /home/airflow/.local/lib/python3.8/site-packages/airflow/example_dags/example_dag_decorator.py took 0.484 seconds
[2025-04-13T18:08:51.636+0000] {processor.py:161} INFO - Started process (PID=8767) to work on /home/airflow/.local/lib/python3.8/site-packages/airflow/example_dags/example_dag_decorator.py
[2025-04-13T18:08:51.639+0000] {processor.py:830} INFO - Processing file /home/airflow/.local/lib/python3.8/site-packages/airflow/example_dags/example_dag_decorator.py for tasks to queue
[2025-04-13T18:08:51.643+0000] {logging_mixin.py:188} INFO - [2025-04-13T18:08:51.643+0000] {dagbag.py:538} INFO - Filling up the DagBag from /home/airflow/.local/lib/python3.8/site-packages/airflow/example_dags/example_dag_decorator.py
[2025-04-13T18:08:51.867+0000] {processor.py:840} INFO - DAG(s) 'example_dag_decorator' retrieved from /home/airflow/.local/lib/python3.8/site-packages/airflow/example_dags/example_dag_decorator.py
[2025-04-13T18:08:52.070+0000] {logging_mixin.py:188} INFO - [2025-04-13T18:08:52.069+0000] {dag.py:3036} INFO - Sync 1 DAGs
[2025-04-13T18:08:52.092+0000] {logging_mixin.py:188} INFO - [2025-04-13T18:08:52.092+0000] {dag.py:3823} INFO - Setting next_dagrun for example_dag_decorator to None, run_after=None
[2025-04-13T18:08:52.134+0000] {processor.py:183} INFO - Processing /home/airflow/.local/lib/python3.8/site-packages/airflow/example_dags/example_dag_decorator.py took 0.508 seconds
[2025-04-13T18:09:24.742+0000] {processor.py:161} INFO - Started process (PID=8823) to work on /home/airflow/.local/lib/python3.8/site-packages/airflow/example_dags/example_dag_decorator.py
[2025-04-13T18:09:24.744+0000] {processor.py:830} INFO - Processing file /home/airflow/.local/lib/python3.8/site-packages/airflow/example_dags/example_dag_decorator.py for tasks to queue
[2025-04-13T18:09:24.748+0000] {logging_mixin.py:188} INFO - [2025-04-13T18:09:24.748+0000] {dagbag.py:538} INFO - Filling up the DagBag from /home/airflow/.local/lib/python3.8/site-packages/airflow/example_dags/example_dag_decorator.py
[2025-04-13T18:09:24.951+0000] {processor.py:840} INFO - DAG(s) 'example_dag_decorator' retrieved from /home/airflow/.local/lib/python3.8/site-packages/airflow/example_dags/example_dag_decorator.py
[2025-04-13T18:09:25.404+0000] {logging_mixin.py:188} INFO - [2025-04-13T18:09:25.404+0000] {dag.py:3036} INFO - Sync 1 DAGs
[2025-04-13T18:09:25.423+0000] {logging_mixin.py:188} INFO - [2025-04-13T18:09:25.422+0000] {dag.py:3823} INFO - Setting next_dagrun for example_dag_decorator to None, run_after=None
[2025-04-13T18:09:25.500+0000] {processor.py:183} INFO - Processing /home/airflow/.local/lib/python3.8/site-packages/airflow/example_dags/example_dag_decorator.py took 0.767 seconds
[2025-04-13T18:09:57.378+0000] {processor.py:161} INFO - Started process (PID=8880) to work on /home/airflow/.local/lib/python3.8/site-packages/airflow/example_dags/example_dag_decorator.py
[2025-04-13T18:09:57.380+0000] {processor.py:830} INFO - Processing file /home/airflow/.local/lib/python3.8/site-packages/airflow/example_dags/example_dag_decorator.py for tasks to queue
[2025-04-13T18:09:57.384+0000] {logging_mixin.py:188} INFO - [2025-04-13T18:09:57.383+0000] {dagbag.py:538} INFO - Filling up the DagBag from /home/airflow/.local/lib/python3.8/site-packages/airflow/example_dags/example_dag_decorator.py
[2025-04-13T18:09:57.579+0000] {processor.py:840} INFO - DAG(s) 'example_dag_decorator' retrieved from /home/airflow/.local/lib/python3.8/site-packages/airflow/example_dags/example_dag_decorator.py
[2025-04-13T18:09:57.833+0000] {logging_mixin.py:188} INFO - [2025-04-13T18:09:57.833+0000] {dag.py:3036} INFO - Sync 1 DAGs
[2025-04-13T18:09:58.071+0000] {logging_mixin.py:188} INFO - [2025-04-13T18:09:58.070+0000] {dag.py:3823} INFO - Setting next_dagrun for example_dag_decorator to None, run_after=None
[2025-04-13T18:09:58.127+0000] {processor.py:183} INFO - Processing /home/airflow/.local/lib/python3.8/site-packages/airflow/example_dags/example_dag_decorator.py took 0.755 seconds
[2025-04-13T18:10:30.698+0000] {processor.py:161} INFO - Started process (PID=8941) to work on /home/airflow/.local/lib/python3.8/site-packages/airflow/example_dags/example_dag_decorator.py
[2025-04-13T18:10:30.701+0000] {processor.py:830} INFO - Processing file /home/airflow/.local/lib/python3.8/site-packages/airflow/example_dags/example_dag_decorator.py for tasks to queue
[2025-04-13T18:10:30.706+0000] {logging_mixin.py:188} INFO - [2025-04-13T18:10:30.705+0000] {dagbag.py:538} INFO - Filling up the DagBag from /home/airflow/.local/lib/python3.8/site-packages/airflow/example_dags/example_dag_decorator.py
[2025-04-13T18:10:30.929+0000] {processor.py:840} INFO - DAG(s) 'example_dag_decorator' retrieved from /home/airflow/.local/lib/python3.8/site-packages/airflow/example_dags/example_dag_decorator.py
[2025-04-13T18:10:31.011+0000] {logging_mixin.py:188} INFO - [2025-04-13T18:10:31.010+0000] {dag.py:3036} INFO - Sync 1 DAGs
[2025-04-13T18:10:31.050+0000] {logging_mixin.py:188} INFO - [2025-04-13T18:10:31.049+0000] {dag.py:3823} INFO - Setting next_dagrun for example_dag_decorator to None, run_after=None
[2025-04-13T18:10:31.129+0000] {processor.py:183} INFO - Processing /home/airflow/.local/lib/python3.8/site-packages/airflow/example_dags/example_dag_decorator.py took 0.438 seconds
[2025-04-13T18:11:02.650+0000] {processor.py:161} INFO - Started process (PID=8991) to work on /home/airflow/.local/lib/python3.8/site-packages/airflow/example_dags/example_dag_decorator.py
[2025-04-13T18:11:02.652+0000] {processor.py:830} INFO - Processing file /home/airflow/.local/lib/python3.8/site-packages/airflow/example_dags/example_dag_decorator.py for tasks to queue
[2025-04-13T18:11:02.656+0000] {logging_mixin.py:188} INFO - [2025-04-13T18:11:02.655+0000] {dagbag.py:538} INFO - Filling up the DagBag from /home/airflow/.local/lib/python3.8/site-packages/airflow/example_dags/example_dag_decorator.py
[2025-04-13T18:11:02.882+0000] {processor.py:840} INFO - DAG(s) 'example_dag_decorator' retrieved from /home/airflow/.local/lib/python3.8/site-packages/airflow/example_dags/example_dag_decorator.py
[2025-04-13T18:11:03.129+0000] {logging_mixin.py:188} INFO - [2025-04-13T18:11:03.128+0000] {dag.py:3036} INFO - Sync 1 DAGs
[2025-04-13T18:11:03.153+0000] {logging_mixin.py:188} INFO - [2025-04-13T18:11:03.153+0000] {dag.py:3823} INFO - Setting next_dagrun for example_dag_decorator to None, run_after=None
[2025-04-13T18:11:03.248+0000] {processor.py:183} INFO - Processing /home/airflow/.local/lib/python3.8/site-packages/airflow/example_dags/example_dag_decorator.py took 0.605 seconds
[2025-04-13T18:11:35.156+0000] {processor.py:161} INFO - Started process (PID=9046) to work on /home/airflow/.local/lib/python3.8/site-packages/airflow/example_dags/example_dag_decorator.py
[2025-04-13T18:11:35.158+0000] {processor.py:830} INFO - Processing file /home/airflow/.local/lib/python3.8/site-packages/airflow/example_dags/example_dag_decorator.py for tasks to queue
[2025-04-13T18:11:35.161+0000] {logging_mixin.py:188} INFO - [2025-04-13T18:11:35.161+0000] {dagbag.py:538} INFO - Filling up the DagBag from /home/airflow/.local/lib/python3.8/site-packages/airflow/example_dags/example_dag_decorator.py
[2025-04-13T18:11:35.351+0000] {processor.py:840} INFO - DAG(s) 'example_dag_decorator' retrieved from /home/airflow/.local/lib/python3.8/site-packages/airflow/example_dags/example_dag_decorator.py
[2025-04-13T18:11:35.821+0000] {logging_mixin.py:188} INFO - [2025-04-13T18:11:35.821+0000] {dag.py:3036} INFO - Sync 1 DAGs
[2025-04-13T18:11:35.847+0000] {logging_mixin.py:188} INFO - [2025-04-13T18:11:35.846+0000] {dag.py:3823} INFO - Setting next_dagrun for example_dag_decorator to None, run_after=None
[2025-04-13T18:11:35.903+0000] {processor.py:183} INFO - Processing /home/airflow/.local/lib/python3.8/site-packages/airflow/example_dags/example_dag_decorator.py took 0.753 seconds
[2025-04-13T18:12:09.286+0000] {processor.py:161} INFO - Started process (PID=9107) to work on /home/airflow/.local/lib/python3.8/site-packages/airflow/example_dags/example_dag_decorator.py
[2025-04-13T18:12:09.288+0000] {processor.py:830} INFO - Processing file /home/airflow/.local/lib/python3.8/site-packages/airflow/example_dags/example_dag_decorator.py for tasks to queue
[2025-04-13T18:12:09.292+0000] {logging_mixin.py:188} INFO - [2025-04-13T18:12:09.292+0000] {dagbag.py:538} INFO - Filling up the DagBag from /home/airflow/.local/lib/python3.8/site-packages/airflow/example_dags/example_dag_decorator.py
[2025-04-13T18:12:09.438+0000] {processor.py:840} INFO - DAG(s) 'example_dag_decorator' retrieved from /home/airflow/.local/lib/python3.8/site-packages/airflow/example_dags/example_dag_decorator.py
[2025-04-13T18:12:09.618+0000] {logging_mixin.py:188} INFO - [2025-04-13T18:12:09.618+0000] {dag.py:3036} INFO - Sync 1 DAGs
[2025-04-13T18:12:09.802+0000] {logging_mixin.py:188} INFO - [2025-04-13T18:12:09.801+0000] {dag.py:3823} INFO - Setting next_dagrun for example_dag_decorator to None, run_after=None
[2025-04-13T18:12:09.875+0000] {processor.py:183} INFO - Processing /home/airflow/.local/lib/python3.8/site-packages/airflow/example_dags/example_dag_decorator.py took 0.596 seconds
[2025-04-13T18:12:40.832+0000] {processor.py:161} INFO - Started process (PID=9157) to work on /home/airflow/.local/lib/python3.8/site-packages/airflow/example_dags/example_dag_decorator.py
[2025-04-13T18:12:40.837+0000] {processor.py:830} INFO - Processing file /home/airflow/.local/lib/python3.8/site-packages/airflow/example_dags/example_dag_decorator.py for tasks to queue
[2025-04-13T18:12:40.853+0000] {logging_mixin.py:188} INFO - [2025-04-13T18:12:40.851+0000] {dagbag.py:538} INFO - Filling up the DagBag from /home/airflow/.local/lib/python3.8/site-packages/airflow/example_dags/example_dag_decorator.py
[2025-04-13T18:12:41.039+0000] {processor.py:840} INFO - DAG(s) 'example_dag_decorator' retrieved from /home/airflow/.local/lib/python3.8/site-packages/airflow/example_dags/example_dag_decorator.py
[2025-04-13T18:12:41.463+0000] {logging_mixin.py:188} INFO - [2025-04-13T18:12:41.463+0000] {dag.py:3036} INFO - Sync 1 DAGs
[2025-04-13T18:12:41.479+0000] {logging_mixin.py:188} INFO - [2025-04-13T18:12:41.479+0000] {dag.py:3823} INFO - Setting next_dagrun for example_dag_decorator to None, run_after=None
[2025-04-13T18:12:41.519+0000] {processor.py:183} INFO - Processing /home/airflow/.local/lib/python3.8/site-packages/airflow/example_dags/example_dag_decorator.py took 0.711 seconds
[2025-04-13T18:13:11.826+0000] {processor.py:161} INFO - Started process (PID=9220) to work on /home/airflow/.local/lib/python3.8/site-packages/airflow/example_dags/example_dag_decorator.py
[2025-04-13T18:13:11.828+0000] {processor.py:830} INFO - Processing file /home/airflow/.local/lib/python3.8/site-packages/airflow/example_dags/example_dag_decorator.py for tasks to queue
[2025-04-13T18:13:11.831+0000] {logging_mixin.py:188} INFO - [2025-04-13T18:13:11.830+0000] {dagbag.py:538} INFO - Filling up the DagBag from /home/airflow/.local/lib/python3.8/site-packages/airflow/example_dags/example_dag_decorator.py
[2025-04-13T18:13:12.004+0000] {processor.py:840} INFO - DAG(s) 'example_dag_decorator' retrieved from /home/airflow/.local/lib/python3.8/site-packages/airflow/example_dags/example_dag_decorator.py
[2025-04-13T18:13:12.381+0000] {logging_mixin.py:188} INFO - [2025-04-13T18:13:12.381+0000] {dag.py:3036} INFO - Sync 1 DAGs
[2025-04-13T18:13:12.396+0000] {logging_mixin.py:188} INFO - [2025-04-13T18:13:12.396+0000] {dag.py:3823} INFO - Setting next_dagrun for example_dag_decorator to None, run_after=None
[2025-04-13T18:13:12.436+0000] {processor.py:183} INFO - Processing /home/airflow/.local/lib/python3.8/site-packages/airflow/example_dags/example_dag_decorator.py took 0.616 seconds
[2025-04-13T18:13:43.323+0000] {processor.py:161} INFO - Started process (PID=9268) to work on /home/airflow/.local/lib/python3.8/site-packages/airflow/example_dags/example_dag_decorator.py
[2025-04-13T18:13:43.325+0000] {processor.py:830} INFO - Processing file /home/airflow/.local/lib/python3.8/site-packages/airflow/example_dags/example_dag_decorator.py for tasks to queue
[2025-04-13T18:13:43.330+0000] {logging_mixin.py:188} INFO - [2025-04-13T18:13:43.329+0000] {dagbag.py:538} INFO - Filling up the DagBag from /home/airflow/.local/lib/python3.8/site-packages/airflow/example_dags/example_dag_decorator.py
[2025-04-13T18:13:43.523+0000] {processor.py:840} INFO - DAG(s) 'example_dag_decorator' retrieved from /home/airflow/.local/lib/python3.8/site-packages/airflow/example_dags/example_dag_decorator.py
[2025-04-13T18:13:43.950+0000] {logging_mixin.py:188} INFO - [2025-04-13T18:13:43.950+0000] {dag.py:3036} INFO - Sync 1 DAGs
[2025-04-13T18:13:43.971+0000] {logging_mixin.py:188} INFO - [2025-04-13T18:13:43.971+0000] {dag.py:3823} INFO - Setting next_dagrun for example_dag_decorator to None, run_after=None
[2025-04-13T18:13:44.018+0000] {processor.py:183} INFO - Processing /home/airflow/.local/lib/python3.8/site-packages/airflow/example_dags/example_dag_decorator.py took 0.703 seconds
[2025-04-13T18:14:15.008+0000] {processor.py:161} INFO - Started process (PID=9323) to work on /home/airflow/.local/lib/python3.8/site-packages/airflow/example_dags/example_dag_decorator.py
[2025-04-13T18:14:15.010+0000] {processor.py:830} INFO - Processing file /home/airflow/.local/lib/python3.8/site-packages/airflow/example_dags/example_dag_decorator.py for tasks to queue
[2025-04-13T18:14:15.014+0000] {logging_mixin.py:188} INFO - [2025-04-13T18:14:15.013+0000] {dagbag.py:538} INFO - Filling up the DagBag from /home/airflow/.local/lib/python3.8/site-packages/airflow/example_dags/example_dag_decorator.py
[2025-04-13T18:14:15.198+0000] {processor.py:840} INFO - DAG(s) 'example_dag_decorator' retrieved from /home/airflow/.local/lib/python3.8/site-packages/airflow/example_dags/example_dag_decorator.py
[2025-04-13T18:14:15.656+0000] {logging_mixin.py:188} INFO - [2025-04-13T18:14:15.655+0000] {dag.py:3036} INFO - Sync 1 DAGs
[2025-04-13T18:14:15.676+0000] {logging_mixin.py:188} INFO - [2025-04-13T18:14:15.675+0000] {dag.py:3823} INFO - Setting next_dagrun for example_dag_decorator to None, run_after=None
[2025-04-13T18:14:15.718+0000] {processor.py:183} INFO - Processing /home/airflow/.local/lib/python3.8/site-packages/airflow/example_dags/example_dag_decorator.py took 0.719 seconds
[2025-04-13T18:14:49.035+0000] {processor.py:161} INFO - Started process (PID=9379) to work on /home/airflow/.local/lib/python3.8/site-packages/airflow/example_dags/example_dag_decorator.py
[2025-04-13T18:14:49.037+0000] {processor.py:830} INFO - Processing file /home/airflow/.local/lib/python3.8/site-packages/airflow/example_dags/example_dag_decorator.py for tasks to queue
[2025-04-13T18:14:49.042+0000] {logging_mixin.py:188} INFO - [2025-04-13T18:14:49.041+0000] {dagbag.py:538} INFO - Filling up the DagBag from /home/airflow/.local/lib/python3.8/site-packages/airflow/example_dags/example_dag_decorator.py
[2025-04-13T18:14:49.214+0000] {processor.py:840} INFO - DAG(s) 'example_dag_decorator' retrieved from /home/airflow/.local/lib/python3.8/site-packages/airflow/example_dags/example_dag_decorator.py
[2025-04-13T18:14:49.607+0000] {logging_mixin.py:188} INFO - [2025-04-13T18:14:49.606+0000] {dag.py:3036} INFO - Sync 1 DAGs
[2025-04-13T18:14:49.633+0000] {logging_mixin.py:188} INFO - [2025-04-13T18:14:49.632+0000] {dag.py:3823} INFO - Setting next_dagrun for example_dag_decorator to None, run_after=None
[2025-04-13T18:14:49.684+0000] {processor.py:183} INFO - Processing /home/airflow/.local/lib/python3.8/site-packages/airflow/example_dags/example_dag_decorator.py took 0.656 seconds
[2025-04-13T18:15:21.175+0000] {processor.py:161} INFO - Started process (PID=9435) to work on /home/airflow/.local/lib/python3.8/site-packages/airflow/example_dags/example_dag_decorator.py
[2025-04-13T18:15:21.177+0000] {processor.py:830} INFO - Processing file /home/airflow/.local/lib/python3.8/site-packages/airflow/example_dags/example_dag_decorator.py for tasks to queue
[2025-04-13T18:15:21.181+0000] {logging_mixin.py:188} INFO - [2025-04-13T18:15:21.180+0000] {dagbag.py:538} INFO - Filling up the DagBag from /home/airflow/.local/lib/python3.8/site-packages/airflow/example_dags/example_dag_decorator.py
[2025-04-13T18:15:21.370+0000] {processor.py:840} INFO - DAG(s) 'example_dag_decorator' retrieved from /home/airflow/.local/lib/python3.8/site-packages/airflow/example_dags/example_dag_decorator.py
[2025-04-13T18:15:21.841+0000] {logging_mixin.py:188} INFO - [2025-04-13T18:15:21.840+0000] {dag.py:3036} INFO - Sync 1 DAGs
[2025-04-13T18:15:21.864+0000] {logging_mixin.py:188} INFO - [2025-04-13T18:15:21.864+0000] {dag.py:3823} INFO - Setting next_dagrun for example_dag_decorator to None, run_after=None
[2025-04-13T18:15:21.919+0000] {processor.py:183} INFO - Processing /home/airflow/.local/lib/python3.8/site-packages/airflow/example_dags/example_dag_decorator.py took 0.749 seconds
[2025-04-13T18:15:52.163+0000] {processor.py:161} INFO - Started process (PID=9490) to work on /home/airflow/.local/lib/python3.8/site-packages/airflow/example_dags/example_dag_decorator.py
[2025-04-13T18:15:52.168+0000] {processor.py:830} INFO - Processing file /home/airflow/.local/lib/python3.8/site-packages/airflow/example_dags/example_dag_decorator.py for tasks to queue
[2025-04-13T18:15:52.174+0000] {logging_mixin.py:188} INFO - [2025-04-13T18:15:52.173+0000] {dagbag.py:538} INFO - Filling up the DagBag from /home/airflow/.local/lib/python3.8/site-packages/airflow/example_dags/example_dag_decorator.py
[2025-04-13T18:15:52.507+0000] {processor.py:840} INFO - DAG(s) 'example_dag_decorator' retrieved from /home/airflow/.local/lib/python3.8/site-packages/airflow/example_dags/example_dag_decorator.py
[2025-04-13T18:15:52.879+0000] {logging_mixin.py:188} INFO - [2025-04-13T18:15:52.878+0000] {dag.py:3036} INFO - Sync 1 DAGs
[2025-04-13T18:15:52.898+0000] {logging_mixin.py:188} INFO - [2025-04-13T18:15:52.897+0000] {dag.py:3823} INFO - Setting next_dagrun for example_dag_decorator to None, run_after=None
[2025-04-13T18:15:52.932+0000] {processor.py:183} INFO - Processing /home/airflow/.local/lib/python3.8/site-packages/airflow/example_dags/example_dag_decorator.py took 0.780 seconds
[2025-04-13T18:16:26.323+0000] {processor.py:161} INFO - Started process (PID=9546) to work on /home/airflow/.local/lib/python3.8/site-packages/airflow/example_dags/example_dag_decorator.py
[2025-04-13T18:16:26.326+0000] {processor.py:830} INFO - Processing file /home/airflow/.local/lib/python3.8/site-packages/airflow/example_dags/example_dag_decorator.py for tasks to queue
[2025-04-13T18:16:26.330+0000] {logging_mixin.py:188} INFO - [2025-04-13T18:16:26.329+0000] {dagbag.py:538} INFO - Filling up the DagBag from /home/airflow/.local/lib/python3.8/site-packages/airflow/example_dags/example_dag_decorator.py
[2025-04-13T18:16:26.537+0000] {processor.py:840} INFO - DAG(s) 'example_dag_decorator' retrieved from /home/airflow/.local/lib/python3.8/site-packages/airflow/example_dags/example_dag_decorator.py
[2025-04-13T18:16:26.976+0000] {logging_mixin.py:188} INFO - [2025-04-13T18:16:26.975+0000] {dag.py:3036} INFO - Sync 1 DAGs
[2025-04-13T18:16:26.993+0000] {logging_mixin.py:188} INFO - [2025-04-13T18:16:26.993+0000] {dag.py:3823} INFO - Setting next_dagrun for example_dag_decorator to None, run_after=None
[2025-04-13T18:16:27.034+0000] {processor.py:183} INFO - Processing /home/airflow/.local/lib/python3.8/site-packages/airflow/example_dags/example_dag_decorator.py took 0.722 seconds
[2025-04-13T18:16:58.891+0000] {processor.py:161} INFO - Started process (PID=9605) to work on /home/airflow/.local/lib/python3.8/site-packages/airflow/example_dags/example_dag_decorator.py
[2025-04-13T18:16:58.893+0000] {processor.py:830} INFO - Processing file /home/airflow/.local/lib/python3.8/site-packages/airflow/example_dags/example_dag_decorator.py for tasks to queue
[2025-04-13T18:16:58.898+0000] {logging_mixin.py:188} INFO - [2025-04-13T18:16:58.898+0000] {dagbag.py:538} INFO - Filling up the DagBag from /home/airflow/.local/lib/python3.8/site-packages/airflow/example_dags/example_dag_decorator.py
[2025-04-13T18:16:59.182+0000] {processor.py:840} INFO - DAG(s) 'example_dag_decorator' retrieved from /home/airflow/.local/lib/python3.8/site-packages/airflow/example_dags/example_dag_decorator.py
[2025-04-13T18:16:59.566+0000] {logging_mixin.py:188} INFO - [2025-04-13T18:16:59.565+0000] {dag.py:3036} INFO - Sync 1 DAGs
[2025-04-13T18:16:59.590+0000] {logging_mixin.py:188} INFO - [2025-04-13T18:16:59.589+0000] {dag.py:3823} INFO - Setting next_dagrun for example_dag_decorator to None, run_after=None
[2025-04-13T18:16:59.668+0000] {processor.py:183} INFO - Processing /home/airflow/.local/lib/python3.8/site-packages/airflow/example_dags/example_dag_decorator.py took 0.788 seconds
[2025-04-13T18:17:31.345+0000] {processor.py:161} INFO - Started process (PID=9658) to work on /home/airflow/.local/lib/python3.8/site-packages/airflow/example_dags/example_dag_decorator.py
[2025-04-13T18:17:31.347+0000] {processor.py:830} INFO - Processing file /home/airflow/.local/lib/python3.8/site-packages/airflow/example_dags/example_dag_decorator.py for tasks to queue
[2025-04-13T18:17:31.352+0000] {logging_mixin.py:188} INFO - [2025-04-13T18:17:31.351+0000] {dagbag.py:538} INFO - Filling up the DagBag from /home/airflow/.local/lib/python3.8/site-packages/airflow/example_dags/example_dag_decorator.py
[2025-04-13T18:17:31.546+0000] {processor.py:840} INFO - DAG(s) 'example_dag_decorator' retrieved from /home/airflow/.local/lib/python3.8/site-packages/airflow/example_dags/example_dag_decorator.py
[2025-04-13T18:17:31.957+0000] {logging_mixin.py:188} INFO - [2025-04-13T18:17:31.957+0000] {dag.py:3036} INFO - Sync 1 DAGs
[2025-04-13T18:17:31.977+0000] {logging_mixin.py:188} INFO - [2025-04-13T18:17:31.977+0000] {dag.py:3823} INFO - Setting next_dagrun for example_dag_decorator to None, run_after=None
[2025-04-13T18:17:32.022+0000] {processor.py:183} INFO - Processing /home/airflow/.local/lib/python3.8/site-packages/airflow/example_dags/example_dag_decorator.py took 0.686 seconds
[2025-04-13T18:18:02.200+0000] {processor.py:161} INFO - Started process (PID=9715) to work on /home/airflow/.local/lib/python3.8/site-packages/airflow/example_dags/example_dag_decorator.py
[2025-04-13T18:18:02.202+0000] {processor.py:830} INFO - Processing file /home/airflow/.local/lib/python3.8/site-packages/airflow/example_dags/example_dag_decorator.py for tasks to queue
[2025-04-13T18:18:02.206+0000] {logging_mixin.py:188} INFO - [2025-04-13T18:18:02.205+0000] {dagbag.py:538} INFO - Filling up the DagBag from /home/airflow/.local/lib/python3.8/site-packages/airflow/example_dags/example_dag_decorator.py
[2025-04-13T18:18:02.401+0000] {processor.py:840} INFO - DAG(s) 'example_dag_decorator' retrieved from /home/airflow/.local/lib/python3.8/site-packages/airflow/example_dags/example_dag_decorator.py
[2025-04-13T18:18:02.892+0000] {logging_mixin.py:188} INFO - [2025-04-13T18:18:02.892+0000] {dag.py:3036} INFO - Sync 1 DAGs
[2025-04-13T18:18:02.915+0000] {logging_mixin.py:188} INFO - [2025-04-13T18:18:02.914+0000] {dag.py:3823} INFO - Setting next_dagrun for example_dag_decorator to None, run_after=None
[2025-04-13T18:18:02.993+0000] {processor.py:183} INFO - Processing /home/airflow/.local/lib/python3.8/site-packages/airflow/example_dags/example_dag_decorator.py took 0.799 seconds
[2025-04-13T18:18:34.097+0000] {processor.py:161} INFO - Started process (PID=9774) to work on /home/airflow/.local/lib/python3.8/site-packages/airflow/example_dags/example_dag_decorator.py
[2025-04-13T18:18:34.100+0000] {processor.py:830} INFO - Processing file /home/airflow/.local/lib/python3.8/site-packages/airflow/example_dags/example_dag_decorator.py for tasks to queue
[2025-04-13T18:18:34.116+0000] {logging_mixin.py:188} INFO - [2025-04-13T18:18:34.116+0000] {dagbag.py:538} INFO - Filling up the DagBag from /home/airflow/.local/lib/python3.8/site-packages/airflow/example_dags/example_dag_decorator.py
[2025-04-13T18:18:34.532+0000] {processor.py:840} INFO - DAG(s) 'example_dag_decorator' retrieved from /home/airflow/.local/lib/python3.8/site-packages/airflow/example_dags/example_dag_decorator.py
[2025-04-13T18:18:34.817+0000] {logging_mixin.py:188} INFO - [2025-04-13T18:18:34.817+0000] {dag.py:3036} INFO - Sync 1 DAGs
[2025-04-13T18:18:34.835+0000] {logging_mixin.py:188} INFO - [2025-04-13T18:18:34.834+0000] {dag.py:3823} INFO - Setting next_dagrun for example_dag_decorator to None, run_after=None
[2025-04-13T18:18:34.931+0000] {processor.py:183} INFO - Processing /home/airflow/.local/lib/python3.8/site-packages/airflow/example_dags/example_dag_decorator.py took 0.841 seconds
[2025-04-13T18:19:06.068+0000] {processor.py:161} INFO - Started process (PID=9827) to work on /home/airflow/.local/lib/python3.8/site-packages/airflow/example_dags/example_dag_decorator.py
[2025-04-13T18:19:06.070+0000] {processor.py:830} INFO - Processing file /home/airflow/.local/lib/python3.8/site-packages/airflow/example_dags/example_dag_decorator.py for tasks to queue
[2025-04-13T18:19:06.075+0000] {logging_mixin.py:188} INFO - [2025-04-13T18:19:06.075+0000] {dagbag.py:538} INFO - Filling up the DagBag from /home/airflow/.local/lib/python3.8/site-packages/airflow/example_dags/example_dag_decorator.py
[2025-04-13T18:19:06.384+0000] {processor.py:840} INFO - DAG(s) 'example_dag_decorator' retrieved from /home/airflow/.local/lib/python3.8/site-packages/airflow/example_dags/example_dag_decorator.py
[2025-04-13T18:19:06.884+0000] {logging_mixin.py:188} INFO - [2025-04-13T18:19:06.884+0000] {dag.py:3036} INFO - Sync 1 DAGs
[2025-04-13T18:19:06.907+0000] {logging_mixin.py:188} INFO - [2025-04-13T18:19:06.907+0000] {dag.py:3823} INFO - Setting next_dagrun for example_dag_decorator to None, run_after=None
[2025-04-13T18:19:06.998+0000] {processor.py:183} INFO - Processing /home/airflow/.local/lib/python3.8/site-packages/airflow/example_dags/example_dag_decorator.py took 0.939 seconds
[2025-04-13T18:19:38.492+0000] {processor.py:161} INFO - Started process (PID=9882) to work on /home/airflow/.local/lib/python3.8/site-packages/airflow/example_dags/example_dag_decorator.py
[2025-04-13T18:19:38.493+0000] {processor.py:830} INFO - Processing file /home/airflow/.local/lib/python3.8/site-packages/airflow/example_dags/example_dag_decorator.py for tasks to queue
[2025-04-13T18:19:38.497+0000] {logging_mixin.py:188} INFO - [2025-04-13T18:19:38.496+0000] {dagbag.py:538} INFO - Filling up the DagBag from /home/airflow/.local/lib/python3.8/site-packages/airflow/example_dags/example_dag_decorator.py
[2025-04-13T18:19:38.853+0000] {processor.py:840} INFO - DAG(s) 'example_dag_decorator' retrieved from /home/airflow/.local/lib/python3.8/site-packages/airflow/example_dags/example_dag_decorator.py
[2025-04-13T18:19:39.357+0000] {logging_mixin.py:188} INFO - [2025-04-13T18:19:39.357+0000] {dag.py:3036} INFO - Sync 1 DAGs
[2025-04-13T18:19:39.382+0000] {logging_mixin.py:188} INFO - [2025-04-13T18:19:39.382+0000] {dag.py:3823} INFO - Setting next_dagrun for example_dag_decorator to None, run_after=None
[2025-04-13T18:19:39.431+0000] {processor.py:183} INFO - Processing /home/airflow/.local/lib/python3.8/site-packages/airflow/example_dags/example_dag_decorator.py took 0.945 seconds
[2025-04-13T18:20:11.175+0000] {processor.py:161} INFO - Started process (PID=9938) to work on /home/airflow/.local/lib/python3.8/site-packages/airflow/example_dags/example_dag_decorator.py
[2025-04-13T18:20:11.177+0000] {processor.py:830} INFO - Processing file /home/airflow/.local/lib/python3.8/site-packages/airflow/example_dags/example_dag_decorator.py for tasks to queue
[2025-04-13T18:20:11.181+0000] {logging_mixin.py:188} INFO - [2025-04-13T18:20:11.180+0000] {dagbag.py:538} INFO - Filling up the DagBag from /home/airflow/.local/lib/python3.8/site-packages/airflow/example_dags/example_dag_decorator.py
[2025-04-13T18:20:11.378+0000] {processor.py:840} INFO - DAG(s) 'example_dag_decorator' retrieved from /home/airflow/.local/lib/python3.8/site-packages/airflow/example_dags/example_dag_decorator.py
[2025-04-13T18:20:11.874+0000] {logging_mixin.py:188} INFO - [2025-04-13T18:20:11.874+0000] {dag.py:3036} INFO - Sync 1 DAGs
[2025-04-13T18:20:11.899+0000] {logging_mixin.py:188} INFO - [2025-04-13T18:20:11.899+0000] {dag.py:3823} INFO - Setting next_dagrun for example_dag_decorator to None, run_after=None
[2025-04-13T18:20:11.955+0000] {processor.py:183} INFO - Processing /home/airflow/.local/lib/python3.8/site-packages/airflow/example_dags/example_dag_decorator.py took 0.786 seconds
[2025-04-13T18:20:44.101+0000] {processor.py:161} INFO - Started process (PID=9993) to work on /home/airflow/.local/lib/python3.8/site-packages/airflow/example_dags/example_dag_decorator.py
[2025-04-13T18:20:44.103+0000] {processor.py:830} INFO - Processing file /home/airflow/.local/lib/python3.8/site-packages/airflow/example_dags/example_dag_decorator.py for tasks to queue
[2025-04-13T18:20:44.108+0000] {logging_mixin.py:188} INFO - [2025-04-13T18:20:44.107+0000] {dagbag.py:538} INFO - Filling up the DagBag from /home/airflow/.local/lib/python3.8/site-packages/airflow/example_dags/example_dag_decorator.py
[2025-04-13T18:20:44.486+0000] {processor.py:840} INFO - DAG(s) 'example_dag_decorator' retrieved from /home/airflow/.local/lib/python3.8/site-packages/airflow/example_dags/example_dag_decorator.py
[2025-04-13T18:20:44.732+0000] {logging_mixin.py:188} INFO - [2025-04-13T18:20:44.732+0000] {dag.py:3036} INFO - Sync 1 DAGs
[2025-04-13T18:20:44.758+0000] {logging_mixin.py:188} INFO - [2025-04-13T18:20:44.758+0000] {dag.py:3823} INFO - Setting next_dagrun for example_dag_decorator to None, run_after=None
[2025-04-13T18:20:44.833+0000] {processor.py:183} INFO - Processing /home/airflow/.local/lib/python3.8/site-packages/airflow/example_dags/example_dag_decorator.py took 0.741 seconds
[2025-04-13T18:21:15.524+0000] {processor.py:161} INFO - Started process (PID=10050) to work on /home/airflow/.local/lib/python3.8/site-packages/airflow/example_dags/example_dag_decorator.py
[2025-04-13T18:21:15.525+0000] {processor.py:830} INFO - Processing file /home/airflow/.local/lib/python3.8/site-packages/airflow/example_dags/example_dag_decorator.py for tasks to queue
[2025-04-13T18:21:15.529+0000] {logging_mixin.py:188} INFO - [2025-04-13T18:21:15.528+0000] {dagbag.py:538} INFO - Filling up the DagBag from /home/airflow/.local/lib/python3.8/site-packages/airflow/example_dags/example_dag_decorator.py
[2025-04-13T18:21:15.947+0000] {processor.py:840} INFO - DAG(s) 'example_dag_decorator' retrieved from /home/airflow/.local/lib/python3.8/site-packages/airflow/example_dags/example_dag_decorator.py
[2025-04-13T18:21:16.128+0000] {logging_mixin.py:188} INFO - [2025-04-13T18:21:16.128+0000] {dag.py:3036} INFO - Sync 1 DAGs
[2025-04-13T18:21:16.146+0000] {logging_mixin.py:188} INFO - [2025-04-13T18:21:16.146+0000] {dag.py:3823} INFO - Setting next_dagrun for example_dag_decorator to None, run_after=None
[2025-04-13T18:21:16.223+0000] {processor.py:183} INFO - Processing /home/airflow/.local/lib/python3.8/site-packages/airflow/example_dags/example_dag_decorator.py took 0.705 seconds
[2025-04-13T18:21:48.633+0000] {processor.py:161} INFO - Started process (PID=10106) to work on /home/airflow/.local/lib/python3.8/site-packages/airflow/example_dags/example_dag_decorator.py
[2025-04-13T18:21:48.637+0000] {processor.py:830} INFO - Processing file /home/airflow/.local/lib/python3.8/site-packages/airflow/example_dags/example_dag_decorator.py for tasks to queue
[2025-04-13T18:21:48.643+0000] {logging_mixin.py:188} INFO - [2025-04-13T18:21:48.642+0000] {dagbag.py:538} INFO - Filling up the DagBag from /home/airflow/.local/lib/python3.8/site-packages/airflow/example_dags/example_dag_decorator.py
[2025-04-13T18:21:49.166+0000] {processor.py:840} INFO - DAG(s) 'example_dag_decorator' retrieved from /home/airflow/.local/lib/python3.8/site-packages/airflow/example_dags/example_dag_decorator.py
[2025-04-13T18:21:49.354+0000] {logging_mixin.py:188} INFO - [2025-04-13T18:21:49.353+0000] {dag.py:3036} INFO - Sync 1 DAGs
[2025-04-13T18:21:49.372+0000] {logging_mixin.py:188} INFO - [2025-04-13T18:21:49.371+0000] {dag.py:3823} INFO - Setting next_dagrun for example_dag_decorator to None, run_after=None
[2025-04-13T18:21:49.469+0000] {processor.py:183} INFO - Processing /home/airflow/.local/lib/python3.8/site-packages/airflow/example_dags/example_dag_decorator.py took 0.860 seconds
[2025-04-13T18:22:25.719+0000] {processor.py:161} INFO - Started process (PID=10170) to work on /home/airflow/.local/lib/python3.8/site-packages/airflow/example_dags/example_dag_decorator.py
[2025-04-13T18:22:25.721+0000] {processor.py:830} INFO - Processing file /home/airflow/.local/lib/python3.8/site-packages/airflow/example_dags/example_dag_decorator.py for tasks to queue
[2025-04-13T18:22:25.724+0000] {logging_mixin.py:188} INFO - [2025-04-13T18:22:25.724+0000] {dagbag.py:538} INFO - Filling up the DagBag from /home/airflow/.local/lib/python3.8/site-packages/airflow/example_dags/example_dag_decorator.py
[2025-04-13T18:22:25.928+0000] {processor.py:840} INFO - DAG(s) 'example_dag_decorator' retrieved from /home/airflow/.local/lib/python3.8/site-packages/airflow/example_dags/example_dag_decorator.py
[2025-04-13T18:22:26.411+0000] {logging_mixin.py:188} INFO - [2025-04-13T18:22:26.411+0000] {dag.py:3036} INFO - Sync 1 DAGs
[2025-04-13T18:22:26.444+0000] {logging_mixin.py:188} INFO - [2025-04-13T18:22:26.444+0000] {dag.py:3823} INFO - Setting next_dagrun for example_dag_decorator to None, run_after=None
[2025-04-13T18:22:26.524+0000] {processor.py:183} INFO - Processing /home/airflow/.local/lib/python3.8/site-packages/airflow/example_dags/example_dag_decorator.py took 0.810 seconds
[2025-04-13T18:22:57.949+0000] {processor.py:161} INFO - Started process (PID=10226) to work on /home/airflow/.local/lib/python3.8/site-packages/airflow/example_dags/example_dag_decorator.py
[2025-04-13T18:22:57.951+0000] {processor.py:830} INFO - Processing file /home/airflow/.local/lib/python3.8/site-packages/airflow/example_dags/example_dag_decorator.py for tasks to queue
[2025-04-13T18:22:57.956+0000] {logging_mixin.py:188} INFO - [2025-04-13T18:22:57.955+0000] {dagbag.py:538} INFO - Filling up the DagBag from /home/airflow/.local/lib/python3.8/site-packages/airflow/example_dags/example_dag_decorator.py
[2025-04-13T18:22:58.334+0000] {processor.py:840} INFO - DAG(s) 'example_dag_decorator' retrieved from /home/airflow/.local/lib/python3.8/site-packages/airflow/example_dags/example_dag_decorator.py
[2025-04-13T18:22:58.507+0000] {logging_mixin.py:188} INFO - [2025-04-13T18:22:58.506+0000] {dag.py:3036} INFO - Sync 1 DAGs
[2025-04-13T18:22:58.530+0000] {logging_mixin.py:188} INFO - [2025-04-13T18:22:58.530+0000] {dag.py:3823} INFO - Setting next_dagrun for example_dag_decorator to None, run_after=None
[2025-04-13T18:22:58.605+0000] {processor.py:183} INFO - Processing /home/airflow/.local/lib/python3.8/site-packages/airflow/example_dags/example_dag_decorator.py took 0.662 seconds
[2025-04-13T18:23:29.441+0000] {processor.py:161} INFO - Started process (PID=10283) to work on /home/airflow/.local/lib/python3.8/site-packages/airflow/example_dags/example_dag_decorator.py
[2025-04-13T18:23:29.445+0000] {processor.py:830} INFO - Processing file /home/airflow/.local/lib/python3.8/site-packages/airflow/example_dags/example_dag_decorator.py for tasks to queue
[2025-04-13T18:23:29.452+0000] {logging_mixin.py:188} INFO - [2025-04-13T18:23:29.451+0000] {dagbag.py:538} INFO - Filling up the DagBag from /home/airflow/.local/lib/python3.8/site-packages/airflow/example_dags/example_dag_decorator.py
[2025-04-13T18:23:29.899+0000] {processor.py:840} INFO - DAG(s) 'example_dag_decorator' retrieved from /home/airflow/.local/lib/python3.8/site-packages/airflow/example_dags/example_dag_decorator.py
[2025-04-13T18:23:30.145+0000] {logging_mixin.py:188} INFO - [2025-04-13T18:23:30.145+0000] {dag.py:3036} INFO - Sync 1 DAGs
[2025-04-13T18:23:30.165+0000] {logging_mixin.py:188} INFO - [2025-04-13T18:23:30.165+0000] {dag.py:3823} INFO - Setting next_dagrun for example_dag_decorator to None, run_after=None
[2025-04-13T18:23:30.209+0000] {processor.py:183} INFO - Processing /home/airflow/.local/lib/python3.8/site-packages/airflow/example_dags/example_dag_decorator.py took 0.780 seconds
[2025-04-13T18:24:02.249+0000] {processor.py:161} INFO - Started process (PID=10338) to work on /home/airflow/.local/lib/python3.8/site-packages/airflow/example_dags/example_dag_decorator.py
[2025-04-13T18:24:02.251+0000] {processor.py:830} INFO - Processing file /home/airflow/.local/lib/python3.8/site-packages/airflow/example_dags/example_dag_decorator.py for tasks to queue
[2025-04-13T18:24:02.257+0000] {logging_mixin.py:188} INFO - [2025-04-13T18:24:02.257+0000] {dagbag.py:538} INFO - Filling up the DagBag from /home/airflow/.local/lib/python3.8/site-packages/airflow/example_dags/example_dag_decorator.py
[2025-04-13T18:24:02.463+0000] {processor.py:840} INFO - DAG(s) 'example_dag_decorator' retrieved from /home/airflow/.local/lib/python3.8/site-packages/airflow/example_dags/example_dag_decorator.py
[2025-04-13T18:24:02.691+0000] {logging_mixin.py:188} INFO - [2025-04-13T18:24:02.690+0000] {dag.py:3036} INFO - Sync 1 DAGs
[2025-04-13T18:24:02.713+0000] {logging_mixin.py:188} INFO - [2025-04-13T18:24:02.712+0000] {dag.py:3823} INFO - Setting next_dagrun for example_dag_decorator to None, run_after=None
[2025-04-13T18:24:02.778+0000] {processor.py:183} INFO - Processing /home/airflow/.local/lib/python3.8/site-packages/airflow/example_dags/example_dag_decorator.py took 0.535 seconds
[2025-04-13T18:24:33.473+0000] {processor.py:161} INFO - Started process (PID=10395) to work on /home/airflow/.local/lib/python3.8/site-packages/airflow/example_dags/example_dag_decorator.py
[2025-04-13T18:24:33.475+0000] {processor.py:830} INFO - Processing file /home/airflow/.local/lib/python3.8/site-packages/airflow/example_dags/example_dag_decorator.py for tasks to queue
[2025-04-13T18:24:33.480+0000] {logging_mixin.py:188} INFO - [2025-04-13T18:24:33.479+0000] {dagbag.py:538} INFO - Filling up the DagBag from /home/airflow/.local/lib/python3.8/site-packages/airflow/example_dags/example_dag_decorator.py
[2025-04-13T18:24:33.893+0000] {processor.py:840} INFO - DAG(s) 'example_dag_decorator' retrieved from /home/airflow/.local/lib/python3.8/site-packages/airflow/example_dags/example_dag_decorator.py
[2025-04-13T18:24:34.158+0000] {logging_mixin.py:188} INFO - [2025-04-13T18:24:34.157+0000] {dag.py:3036} INFO - Sync 1 DAGs
[2025-04-13T18:24:34.184+0000] {logging_mixin.py:188} INFO - [2025-04-13T18:24:34.183+0000] {dag.py:3823} INFO - Setting next_dagrun for example_dag_decorator to None, run_after=None
[2025-04-13T18:24:34.228+0000] {processor.py:183} INFO - Processing /home/airflow/.local/lib/python3.8/site-packages/airflow/example_dags/example_dag_decorator.py took 0.763 seconds
[2025-04-13T18:25:06.704+0000] {processor.py:161} INFO - Started process (PID=10454) to work on /home/airflow/.local/lib/python3.8/site-packages/airflow/example_dags/example_dag_decorator.py
[2025-04-13T18:25:06.706+0000] {processor.py:830} INFO - Processing file /home/airflow/.local/lib/python3.8/site-packages/airflow/example_dags/example_dag_decorator.py for tasks to queue
[2025-04-13T18:25:06.710+0000] {logging_mixin.py:188} INFO - [2025-04-13T18:25:06.709+0000] {dagbag.py:538} INFO - Filling up the DagBag from /home/airflow/.local/lib/python3.8/site-packages/airflow/example_dags/example_dag_decorator.py
[2025-04-13T18:25:06.900+0000] {processor.py:840} INFO - DAG(s) 'example_dag_decorator' retrieved from /home/airflow/.local/lib/python3.8/site-packages/airflow/example_dags/example_dag_decorator.py
[2025-04-13T18:25:07.089+0000] {logging_mixin.py:188} INFO - [2025-04-13T18:25:07.088+0000] {dag.py:3036} INFO - Sync 1 DAGs
[2025-04-13T18:25:07.107+0000] {logging_mixin.py:188} INFO - [2025-04-13T18:25:07.106+0000] {dag.py:3823} INFO - Setting next_dagrun for example_dag_decorator to None, run_after=None
[2025-04-13T18:25:07.140+0000] {processor.py:183} INFO - Processing /home/airflow/.local/lib/python3.8/site-packages/airflow/example_dags/example_dag_decorator.py took 0.442 seconds
[2025-04-13T18:25:39.270+0000] {processor.py:161} INFO - Started process (PID=10512) to work on /home/airflow/.local/lib/python3.8/site-packages/airflow/example_dags/example_dag_decorator.py
[2025-04-13T18:25:39.272+0000] {processor.py:830} INFO - Processing file /home/airflow/.local/lib/python3.8/site-packages/airflow/example_dags/example_dag_decorator.py for tasks to queue
[2025-04-13T18:25:39.277+0000] {logging_mixin.py:188} INFO - [2025-04-13T18:25:39.277+0000] {dagbag.py:538} INFO - Filling up the DagBag from /home/airflow/.local/lib/python3.8/site-packages/airflow/example_dags/example_dag_decorator.py
[2025-04-13T18:25:39.552+0000] {processor.py:840} INFO - DAG(s) 'example_dag_decorator' retrieved from /home/airflow/.local/lib/python3.8/site-packages/airflow/example_dags/example_dag_decorator.py
[2025-04-13T18:25:39.594+0000] {logging_mixin.py:188} INFO - [2025-04-13T18:25:39.594+0000] {dag.py:3036} INFO - Sync 1 DAGs
[2025-04-13T18:25:39.622+0000] {logging_mixin.py:188} INFO - [2025-04-13T18:25:39.622+0000] {dag.py:3823} INFO - Setting next_dagrun for example_dag_decorator to None, run_after=None
[2025-04-13T18:25:39.695+0000] {processor.py:183} INFO - Processing /home/airflow/.local/lib/python3.8/site-packages/airflow/example_dags/example_dag_decorator.py took 0.434 seconds
[2025-04-13T18:26:12.706+0000] {processor.py:161} INFO - Started process (PID=10571) to work on /home/airflow/.local/lib/python3.8/site-packages/airflow/example_dags/example_dag_decorator.py
[2025-04-13T18:26:12.730+0000] {processor.py:830} INFO - Processing file /home/airflow/.local/lib/python3.8/site-packages/airflow/example_dags/example_dag_decorator.py for tasks to queue
[2025-04-13T18:26:12.747+0000] {logging_mixin.py:188} INFO - [2025-04-13T18:26:12.745+0000] {dagbag.py:538} INFO - Filling up the DagBag from /home/airflow/.local/lib/python3.8/site-packages/airflow/example_dags/example_dag_decorator.py
[2025-04-13T18:26:12.982+0000] {processor.py:840} INFO - DAG(s) 'example_dag_decorator' retrieved from /home/airflow/.local/lib/python3.8/site-packages/airflow/example_dags/example_dag_decorator.py
[2025-04-13T18:26:13.053+0000] {logging_mixin.py:188} INFO - [2025-04-13T18:26:13.052+0000] {dag.py:3036} INFO - Sync 1 DAGs
[2025-04-13T18:26:13.094+0000] {logging_mixin.py:188} INFO - [2025-04-13T18:26:13.093+0000] {dag.py:3823} INFO - Setting next_dagrun for example_dag_decorator to None, run_after=None
[2025-04-13T18:26:13.190+0000] {processor.py:183} INFO - Processing /home/airflow/.local/lib/python3.8/site-packages/airflow/example_dags/example_dag_decorator.py took 0.505 seconds
[2025-04-13T18:26:45.498+0000] {processor.py:161} INFO - Started process (PID=10627) to work on /home/airflow/.local/lib/python3.8/site-packages/airflow/example_dags/example_dag_decorator.py
[2025-04-13T18:26:45.501+0000] {processor.py:830} INFO - Processing file /home/airflow/.local/lib/python3.8/site-packages/airflow/example_dags/example_dag_decorator.py for tasks to queue
[2025-04-13T18:26:45.506+0000] {logging_mixin.py:188} INFO - [2025-04-13T18:26:45.506+0000] {dagbag.py:538} INFO - Filling up the DagBag from /home/airflow/.local/lib/python3.8/site-packages/airflow/example_dags/example_dag_decorator.py
[2025-04-13T18:26:45.695+0000] {processor.py:840} INFO - DAG(s) 'example_dag_decorator' retrieved from /home/airflow/.local/lib/python3.8/site-packages/airflow/example_dags/example_dag_decorator.py
[2025-04-13T18:26:45.759+0000] {logging_mixin.py:188} INFO - [2025-04-13T18:26:45.758+0000] {dag.py:3036} INFO - Sync 1 DAGs
[2025-04-13T18:26:45.788+0000] {logging_mixin.py:188} INFO - [2025-04-13T18:26:45.788+0000] {dag.py:3823} INFO - Setting next_dagrun for example_dag_decorator to None, run_after=None
[2025-04-13T18:26:45.832+0000] {processor.py:183} INFO - Processing /home/airflow/.local/lib/python3.8/site-packages/airflow/example_dags/example_dag_decorator.py took 0.343 seconds
[2025-04-13T18:27:19.092+0000] {processor.py:161} INFO - Started process (PID=10683) to work on /home/airflow/.local/lib/python3.8/site-packages/airflow/example_dags/example_dag_decorator.py
[2025-04-13T18:27:19.096+0000] {processor.py:830} INFO - Processing file /home/airflow/.local/lib/python3.8/site-packages/airflow/example_dags/example_dag_decorator.py for tasks to queue
[2025-04-13T18:27:19.103+0000] {logging_mixin.py:188} INFO - [2025-04-13T18:27:19.102+0000] {dagbag.py:538} INFO - Filling up the DagBag from /home/airflow/.local/lib/python3.8/site-packages/airflow/example_dags/example_dag_decorator.py
[2025-04-13T18:27:19.369+0000] {processor.py:840} INFO - DAG(s) 'example_dag_decorator' retrieved from /home/airflow/.local/lib/python3.8/site-packages/airflow/example_dags/example_dag_decorator.py
[2025-04-13T18:27:19.415+0000] {logging_mixin.py:188} INFO - [2025-04-13T18:27:19.415+0000] {dag.py:3036} INFO - Sync 1 DAGs
[2025-04-13T18:27:19.434+0000] {logging_mixin.py:188} INFO - [2025-04-13T18:27:19.434+0000] {dag.py:3823} INFO - Setting next_dagrun for example_dag_decorator to None, run_after=None
[2025-04-13T18:27:19.501+0000] {processor.py:183} INFO - Processing /home/airflow/.local/lib/python3.8/site-packages/airflow/example_dags/example_dag_decorator.py took 0.421 seconds
[2025-04-13T18:27:51.371+0000] {processor.py:161} INFO - Started process (PID=10738) to work on /home/airflow/.local/lib/python3.8/site-packages/airflow/example_dags/example_dag_decorator.py
[2025-04-13T18:27:51.373+0000] {processor.py:830} INFO - Processing file /home/airflow/.local/lib/python3.8/site-packages/airflow/example_dags/example_dag_decorator.py for tasks to queue
[2025-04-13T18:27:51.377+0000] {logging_mixin.py:188} INFO - [2025-04-13T18:27:51.377+0000] {dagbag.py:538} INFO - Filling up the DagBag from /home/airflow/.local/lib/python3.8/site-packages/airflow/example_dags/example_dag_decorator.py
[2025-04-13T18:27:51.561+0000] {processor.py:840} INFO - DAG(s) 'example_dag_decorator' retrieved from /home/airflow/.local/lib/python3.8/site-packages/airflow/example_dags/example_dag_decorator.py
[2025-04-13T18:27:51.819+0000] {logging_mixin.py:188} INFO - [2025-04-13T18:27:51.819+0000] {dag.py:3036} INFO - Sync 1 DAGs
[2025-04-13T18:27:51.851+0000] {logging_mixin.py:188} INFO - [2025-04-13T18:27:51.851+0000] {dag.py:3823} INFO - Setting next_dagrun for example_dag_decorator to None, run_after=None
[2025-04-13T18:27:51.939+0000] {processor.py:183} INFO - Processing /home/airflow/.local/lib/python3.8/site-packages/airflow/example_dags/example_dag_decorator.py took 0.575 seconds
[2025-04-13T18:28:23.848+0000] {processor.py:161} INFO - Started process (PID=10795) to work on /home/airflow/.local/lib/python3.8/site-packages/airflow/example_dags/example_dag_decorator.py
[2025-04-13T18:28:23.850+0000] {processor.py:830} INFO - Processing file /home/airflow/.local/lib/python3.8/site-packages/airflow/example_dags/example_dag_decorator.py for tasks to queue
[2025-04-13T18:28:23.854+0000] {logging_mixin.py:188} INFO - [2025-04-13T18:28:23.854+0000] {dagbag.py:538} INFO - Filling up the DagBag from /home/airflow/.local/lib/python3.8/site-packages/airflow/example_dags/example_dag_decorator.py
[2025-04-13T18:28:24.042+0000] {processor.py:840} INFO - DAG(s) 'example_dag_decorator' retrieved from /home/airflow/.local/lib/python3.8/site-packages/airflow/example_dags/example_dag_decorator.py
[2025-04-13T18:28:24.250+0000] {logging_mixin.py:188} INFO - [2025-04-13T18:28:24.249+0000] {dag.py:3036} INFO - Sync 1 DAGs
[2025-04-13T18:28:24.280+0000] {logging_mixin.py:188} INFO - [2025-04-13T18:28:24.279+0000] {dag.py:3823} INFO - Setting next_dagrun for example_dag_decorator to None, run_after=None
[2025-04-13T18:28:24.320+0000] {processor.py:183} INFO - Processing /home/airflow/.local/lib/python3.8/site-packages/airflow/example_dags/example_dag_decorator.py took 0.479 seconds
[2025-04-13T18:28:56.786+0000] {processor.py:161} INFO - Started process (PID=10851) to work on /home/airflow/.local/lib/python3.8/site-packages/airflow/example_dags/example_dag_decorator.py
[2025-04-13T18:28:56.788+0000] {processor.py:830} INFO - Processing file /home/airflow/.local/lib/python3.8/site-packages/airflow/example_dags/example_dag_decorator.py for tasks to queue
[2025-04-13T18:28:56.791+0000] {logging_mixin.py:188} INFO - [2025-04-13T18:28:56.790+0000] {dagbag.py:538} INFO - Filling up the DagBag from /home/airflow/.local/lib/python3.8/site-packages/airflow/example_dags/example_dag_decorator.py
[2025-04-13T18:28:56.967+0000] {processor.py:840} INFO - DAG(s) 'example_dag_decorator' retrieved from /home/airflow/.local/lib/python3.8/site-packages/airflow/example_dags/example_dag_decorator.py
[2025-04-13T18:28:57.154+0000] {logging_mixin.py:188} INFO - [2025-04-13T18:28:57.154+0000] {dag.py:3036} INFO - Sync 1 DAGs
[2025-04-13T18:28:57.178+0000] {logging_mixin.py:188} INFO - [2025-04-13T18:28:57.177+0000] {dag.py:3823} INFO - Setting next_dagrun for example_dag_decorator to None, run_after=None
[2025-04-13T18:28:57.264+0000] {processor.py:183} INFO - Processing /home/airflow/.local/lib/python3.8/site-packages/airflow/example_dags/example_dag_decorator.py took 0.484 seconds
[2025-04-13T18:29:30.588+0000] {processor.py:161} INFO - Started process (PID=10907) to work on /home/airflow/.local/lib/python3.8/site-packages/airflow/example_dags/example_dag_decorator.py
[2025-04-13T18:29:30.589+0000] {processor.py:830} INFO - Processing file /home/airflow/.local/lib/python3.8/site-packages/airflow/example_dags/example_dag_decorator.py for tasks to queue
[2025-04-13T18:29:30.592+0000] {logging_mixin.py:188} INFO - [2025-04-13T18:29:30.592+0000] {dagbag.py:538} INFO - Filling up the DagBag from /home/airflow/.local/lib/python3.8/site-packages/airflow/example_dags/example_dag_decorator.py
[2025-04-13T18:29:30.765+0000] {processor.py:840} INFO - DAG(s) 'example_dag_decorator' retrieved from /home/airflow/.local/lib/python3.8/site-packages/airflow/example_dags/example_dag_decorator.py
[2025-04-13T18:29:30.808+0000] {logging_mixin.py:188} INFO - [2025-04-13T18:29:30.807+0000] {dag.py:3036} INFO - Sync 1 DAGs
[2025-04-13T18:29:30.829+0000] {logging_mixin.py:188} INFO - [2025-04-13T18:29:30.829+0000] {dag.py:3823} INFO - Setting next_dagrun for example_dag_decorator to None, run_after=None
[2025-04-13T18:29:30.899+0000] {processor.py:183} INFO - Processing /home/airflow/.local/lib/python3.8/site-packages/airflow/example_dags/example_dag_decorator.py took 0.318 seconds
[2025-04-13T18:30:02.910+0000] {processor.py:161} INFO - Started process (PID=10963) to work on /home/airflow/.local/lib/python3.8/site-packages/airflow/example_dags/example_dag_decorator.py
[2025-04-13T18:30:02.913+0000] {processor.py:830} INFO - Processing file /home/airflow/.local/lib/python3.8/site-packages/airflow/example_dags/example_dag_decorator.py for tasks to queue
[2025-04-13T18:30:02.917+0000] {logging_mixin.py:188} INFO - [2025-04-13T18:30:02.917+0000] {dagbag.py:538} INFO - Filling up the DagBag from /home/airflow/.local/lib/python3.8/site-packages/airflow/example_dags/example_dag_decorator.py
[2025-04-13T18:30:03.233+0000] {processor.py:840} INFO - DAG(s) 'example_dag_decorator' retrieved from /home/airflow/.local/lib/python3.8/site-packages/airflow/example_dags/example_dag_decorator.py
[2025-04-13T18:30:03.558+0000] {logging_mixin.py:188} INFO - [2025-04-13T18:30:03.557+0000] {dag.py:3036} INFO - Sync 1 DAGs
[2025-04-13T18:30:03.576+0000] {logging_mixin.py:188} INFO - [2025-04-13T18:30:03.575+0000] {dag.py:3823} INFO - Setting next_dagrun for example_dag_decorator to None, run_after=None
[2025-04-13T18:30:03.622+0000] {processor.py:183} INFO - Processing /home/airflow/.local/lib/python3.8/site-packages/airflow/example_dags/example_dag_decorator.py took 0.721 seconds
[2025-04-13T18:30:36.577+0000] {processor.py:161} INFO - Started process (PID=11020) to work on /home/airflow/.local/lib/python3.8/site-packages/airflow/example_dags/example_dag_decorator.py
[2025-04-13T18:30:36.581+0000] {processor.py:830} INFO - Processing file /home/airflow/.local/lib/python3.8/site-packages/airflow/example_dags/example_dag_decorator.py for tasks to queue
[2025-04-13T18:30:36.599+0000] {logging_mixin.py:188} INFO - [2025-04-13T18:30:36.599+0000] {dagbag.py:538} INFO - Filling up the DagBag from /home/airflow/.local/lib/python3.8/site-packages/airflow/example_dags/example_dag_decorator.py
[2025-04-13T18:30:36.854+0000] {processor.py:840} INFO - DAG(s) 'example_dag_decorator' retrieved from /home/airflow/.local/lib/python3.8/site-packages/airflow/example_dags/example_dag_decorator.py
[2025-04-13T18:30:37.089+0000] {logging_mixin.py:188} INFO - [2025-04-13T18:30:37.088+0000] {dag.py:3036} INFO - Sync 1 DAGs
[2025-04-13T18:30:37.107+0000] {logging_mixin.py:188} INFO - [2025-04-13T18:30:37.107+0000] {dag.py:3823} INFO - Setting next_dagrun for example_dag_decorator to None, run_after=None
[2025-04-13T18:30:37.144+0000] {processor.py:183} INFO - Processing /home/airflow/.local/lib/python3.8/site-packages/airflow/example_dags/example_dag_decorator.py took 0.577 seconds
[2025-04-13T18:31:08.260+0000] {processor.py:161} INFO - Started process (PID=11079) to work on /home/airflow/.local/lib/python3.8/site-packages/airflow/example_dags/example_dag_decorator.py
[2025-04-13T18:31:08.263+0000] {processor.py:830} INFO - Processing file /home/airflow/.local/lib/python3.8/site-packages/airflow/example_dags/example_dag_decorator.py for tasks to queue
[2025-04-13T18:31:08.267+0000] {logging_mixin.py:188} INFO - [2025-04-13T18:31:08.267+0000] {dagbag.py:538} INFO - Filling up the DagBag from /home/airflow/.local/lib/python3.8/site-packages/airflow/example_dags/example_dag_decorator.py
[2025-04-13T18:31:08.457+0000] {processor.py:840} INFO - DAG(s) 'example_dag_decorator' retrieved from /home/airflow/.local/lib/python3.8/site-packages/airflow/example_dags/example_dag_decorator.py
[2025-04-13T18:31:08.669+0000] {logging_mixin.py:188} INFO - [2025-04-13T18:31:08.668+0000] {dag.py:3036} INFO - Sync 1 DAGs
[2025-04-13T18:31:08.691+0000] {logging_mixin.py:188} INFO - [2025-04-13T18:31:08.691+0000] {dag.py:3823} INFO - Setting next_dagrun for example_dag_decorator to None, run_after=None
[2025-04-13T18:31:08.730+0000] {processor.py:183} INFO - Processing /home/airflow/.local/lib/python3.8/site-packages/airflow/example_dags/example_dag_decorator.py took 0.481 seconds
[2025-04-13T18:31:41.693+0000] {processor.py:161} INFO - Started process (PID=11134) to work on /home/airflow/.local/lib/python3.8/site-packages/airflow/example_dags/example_dag_decorator.py
[2025-04-13T18:31:41.695+0000] {processor.py:830} INFO - Processing file /home/airflow/.local/lib/python3.8/site-packages/airflow/example_dags/example_dag_decorator.py for tasks to queue
[2025-04-13T18:31:41.699+0000] {logging_mixin.py:188} INFO - [2025-04-13T18:31:41.698+0000] {dagbag.py:538} INFO - Filling up the DagBag from /home/airflow/.local/lib/python3.8/site-packages/airflow/example_dags/example_dag_decorator.py
[2025-04-13T18:31:41.943+0000] {processor.py:840} INFO - DAG(s) 'example_dag_decorator' retrieved from /home/airflow/.local/lib/python3.8/site-packages/airflow/example_dags/example_dag_decorator.py
[2025-04-13T18:31:42.163+0000] {logging_mixin.py:188} INFO - [2025-04-13T18:31:42.162+0000] {dag.py:3036} INFO - Sync 1 DAGs
[2025-04-13T18:31:42.187+0000] {logging_mixin.py:188} INFO - [2025-04-13T18:31:42.186+0000] {dag.py:3823} INFO - Setting next_dagrun for example_dag_decorator to None, run_after=None
[2025-04-13T18:31:42.235+0000] {processor.py:183} INFO - Processing /home/airflow/.local/lib/python3.8/site-packages/airflow/example_dags/example_dag_decorator.py took 0.549 seconds
[2025-04-13T18:32:15.037+0000] {processor.py:161} INFO - Started process (PID=11190) to work on /home/airflow/.local/lib/python3.8/site-packages/airflow/example_dags/example_dag_decorator.py
[2025-04-13T18:32:15.038+0000] {processor.py:830} INFO - Processing file /home/airflow/.local/lib/python3.8/site-packages/airflow/example_dags/example_dag_decorator.py for tasks to queue
[2025-04-13T18:32:15.042+0000] {logging_mixin.py:188} INFO - [2025-04-13T18:32:15.041+0000] {dagbag.py:538} INFO - Filling up the DagBag from /home/airflow/.local/lib/python3.8/site-packages/airflow/example_dags/example_dag_decorator.py
[2025-04-13T18:32:15.191+0000] {processor.py:840} INFO - DAG(s) 'example_dag_decorator' retrieved from /home/airflow/.local/lib/python3.8/site-packages/airflow/example_dags/example_dag_decorator.py
[2025-04-13T18:32:15.398+0000] {logging_mixin.py:188} INFO - [2025-04-13T18:32:15.397+0000] {dag.py:3036} INFO - Sync 1 DAGs
[2025-04-13T18:32:15.424+0000] {logging_mixin.py:188} INFO - [2025-04-13T18:32:15.424+0000] {dag.py:3823} INFO - Setting next_dagrun for example_dag_decorator to None, run_after=None
[2025-04-13T18:32:15.499+0000] {processor.py:183} INFO - Processing /home/airflow/.local/lib/python3.8/site-packages/airflow/example_dags/example_dag_decorator.py took 0.467 seconds
[2025-04-13T18:32:48.330+0000] {processor.py:161} INFO - Started process (PID=11246) to work on /home/airflow/.local/lib/python3.8/site-packages/airflow/example_dags/example_dag_decorator.py
[2025-04-13T18:32:48.335+0000] {processor.py:830} INFO - Processing file /home/airflow/.local/lib/python3.8/site-packages/airflow/example_dags/example_dag_decorator.py for tasks to queue
[2025-04-13T18:32:48.341+0000] {logging_mixin.py:188} INFO - [2025-04-13T18:32:48.340+0000] {dagbag.py:538} INFO - Filling up the DagBag from /home/airflow/.local/lib/python3.8/site-packages/airflow/example_dags/example_dag_decorator.py
[2025-04-13T18:32:48.549+0000] {processor.py:840} INFO - DAG(s) 'example_dag_decorator' retrieved from /home/airflow/.local/lib/python3.8/site-packages/airflow/example_dags/example_dag_decorator.py
[2025-04-13T18:32:48.765+0000] {logging_mixin.py:188} INFO - [2025-04-13T18:32:48.764+0000] {dag.py:3036} INFO - Sync 1 DAGs
[2025-04-13T18:32:48.787+0000] {logging_mixin.py:188} INFO - [2025-04-13T18:32:48.787+0000] {dag.py:3823} INFO - Setting next_dagrun for example_dag_decorator to None, run_after=None
[2025-04-13T18:32:48.823+0000] {processor.py:183} INFO - Processing /home/airflow/.local/lib/python3.8/site-packages/airflow/example_dags/example_dag_decorator.py took 0.533 seconds
[2025-04-13T18:33:21.628+0000] {processor.py:161} INFO - Started process (PID=11302) to work on /home/airflow/.local/lib/python3.8/site-packages/airflow/example_dags/example_dag_decorator.py
[2025-04-13T18:33:21.630+0000] {processor.py:830} INFO - Processing file /home/airflow/.local/lib/python3.8/site-packages/airflow/example_dags/example_dag_decorator.py for tasks to queue
[2025-04-13T18:33:21.641+0000] {logging_mixin.py:188} INFO - [2025-04-13T18:33:21.640+0000] {dagbag.py:538} INFO - Filling up the DagBag from /home/airflow/.local/lib/python3.8/site-packages/airflow/example_dags/example_dag_decorator.py
[2025-04-13T18:33:21.932+0000] {processor.py:840} INFO - DAG(s) 'example_dag_decorator' retrieved from /home/airflow/.local/lib/python3.8/site-packages/airflow/example_dags/example_dag_decorator.py
[2025-04-13T18:33:22.348+0000] {logging_mixin.py:188} INFO - [2025-04-13T18:33:22.347+0000] {dag.py:3036} INFO - Sync 1 DAGs
[2025-04-13T18:33:22.372+0000] {logging_mixin.py:188} INFO - [2025-04-13T18:33:22.372+0000] {dag.py:3823} INFO - Setting next_dagrun for example_dag_decorator to None, run_after=None
[2025-04-13T18:33:22.424+0000] {processor.py:183} INFO - Processing /home/airflow/.local/lib/python3.8/site-packages/airflow/example_dags/example_dag_decorator.py took 0.803 seconds
[2025-04-13T18:33:54.893+0000] {processor.py:161} INFO - Started process (PID=11358) to work on /home/airflow/.local/lib/python3.8/site-packages/airflow/example_dags/example_dag_decorator.py
[2025-04-13T18:33:54.895+0000] {processor.py:830} INFO - Processing file /home/airflow/.local/lib/python3.8/site-packages/airflow/example_dags/example_dag_decorator.py for tasks to queue
[2025-04-13T18:33:54.900+0000] {logging_mixin.py:188} INFO - [2025-04-13T18:33:54.899+0000] {dagbag.py:538} INFO - Filling up the DagBag from /home/airflow/.local/lib/python3.8/site-packages/airflow/example_dags/example_dag_decorator.py
[2025-04-13T18:33:55.141+0000] {processor.py:840} INFO - DAG(s) 'example_dag_decorator' retrieved from /home/airflow/.local/lib/python3.8/site-packages/airflow/example_dags/example_dag_decorator.py
[2025-04-13T18:33:55.376+0000] {logging_mixin.py:188} INFO - [2025-04-13T18:33:55.375+0000] {dag.py:3036} INFO - Sync 1 DAGs
[2025-04-13T18:33:55.415+0000] {logging_mixin.py:188} INFO - [2025-04-13T18:33:55.414+0000] {dag.py:3823} INFO - Setting next_dagrun for example_dag_decorator to None, run_after=None
[2025-04-13T18:33:55.512+0000] {processor.py:183} INFO - Processing /home/airflow/.local/lib/python3.8/site-packages/airflow/example_dags/example_dag_decorator.py took 0.627 seconds
[2025-04-13T18:34:28.202+0000] {processor.py:161} INFO - Started process (PID=11414) to work on /home/airflow/.local/lib/python3.8/site-packages/airflow/example_dags/example_dag_decorator.py
[2025-04-13T18:34:28.204+0000] {processor.py:830} INFO - Processing file /home/airflow/.local/lib/python3.8/site-packages/airflow/example_dags/example_dag_decorator.py for tasks to queue
[2025-04-13T18:34:28.208+0000] {logging_mixin.py:188} INFO - [2025-04-13T18:34:28.208+0000] {dagbag.py:538} INFO - Filling up the DagBag from /home/airflow/.local/lib/python3.8/site-packages/airflow/example_dags/example_dag_decorator.py
[2025-04-13T18:34:28.414+0000] {processor.py:840} INFO - DAG(s) 'example_dag_decorator' retrieved from /home/airflow/.local/lib/python3.8/site-packages/airflow/example_dags/example_dag_decorator.py
[2025-04-13T18:34:28.644+0000] {logging_mixin.py:188} INFO - [2025-04-13T18:34:28.643+0000] {dag.py:3036} INFO - Sync 1 DAGs
[2025-04-13T18:34:28.671+0000] {logging_mixin.py:188} INFO - [2025-04-13T18:34:28.671+0000] {dag.py:3823} INFO - Setting next_dagrun for example_dag_decorator to None, run_after=None
[2025-04-13T18:34:28.711+0000] {processor.py:183} INFO - Processing /home/airflow/.local/lib/python3.8/site-packages/airflow/example_dags/example_dag_decorator.py took 0.518 seconds
[2025-04-13T18:35:01.033+0000] {processor.py:161} INFO - Started process (PID=11470) to work on /home/airflow/.local/lib/python3.8/site-packages/airflow/example_dags/example_dag_decorator.py
[2025-04-13T18:35:01.036+0000] {processor.py:830} INFO - Processing file /home/airflow/.local/lib/python3.8/site-packages/airflow/example_dags/example_dag_decorator.py for tasks to queue
[2025-04-13T18:35:01.041+0000] {logging_mixin.py:188} INFO - [2025-04-13T18:35:01.040+0000] {dagbag.py:538} INFO - Filling up the DagBag from /home/airflow/.local/lib/python3.8/site-packages/airflow/example_dags/example_dag_decorator.py
[2025-04-13T18:35:01.238+0000] {processor.py:840} INFO - DAG(s) 'example_dag_decorator' retrieved from /home/airflow/.local/lib/python3.8/site-packages/airflow/example_dags/example_dag_decorator.py
[2025-04-13T18:35:01.433+0000] {logging_mixin.py:188} INFO - [2025-04-13T18:35:01.433+0000] {dag.py:3036} INFO - Sync 1 DAGs
[2025-04-13T18:35:01.452+0000] {logging_mixin.py:188} INFO - [2025-04-13T18:35:01.451+0000] {dag.py:3823} INFO - Setting next_dagrun for example_dag_decorator to None, run_after=None
[2025-04-13T18:35:01.501+0000] {processor.py:183} INFO - Processing /home/airflow/.local/lib/python3.8/site-packages/airflow/example_dags/example_dag_decorator.py took 0.478 seconds
[2025-04-13T18:35:33.639+0000] {processor.py:161} INFO - Started process (PID=11526) to work on /home/airflow/.local/lib/python3.8/site-packages/airflow/example_dags/example_dag_decorator.py
[2025-04-13T18:35:33.641+0000] {processor.py:830} INFO - Processing file /home/airflow/.local/lib/python3.8/site-packages/airflow/example_dags/example_dag_decorator.py for tasks to queue
[2025-04-13T18:35:33.645+0000] {logging_mixin.py:188} INFO - [2025-04-13T18:35:33.645+0000] {dagbag.py:538} INFO - Filling up the DagBag from /home/airflow/.local/lib/python3.8/site-packages/airflow/example_dags/example_dag_decorator.py
[2025-04-13T18:35:33.805+0000] {processor.py:840} INFO - DAG(s) 'example_dag_decorator' retrieved from /home/airflow/.local/lib/python3.8/site-packages/airflow/example_dags/example_dag_decorator.py
[2025-04-13T18:35:33.970+0000] {logging_mixin.py:188} INFO - [2025-04-13T18:35:33.969+0000] {dag.py:3036} INFO - Sync 1 DAGs
[2025-04-13T18:35:33.997+0000] {logging_mixin.py:188} INFO - [2025-04-13T18:35:33.996+0000] {dag.py:3823} INFO - Setting next_dagrun for example_dag_decorator to None, run_after=None
[2025-04-13T18:35:34.031+0000] {processor.py:183} INFO - Processing /home/airflow/.local/lib/python3.8/site-packages/airflow/example_dags/example_dag_decorator.py took 0.399 seconds
[2025-04-13T18:36:04.830+0000] {processor.py:161} INFO - Started process (PID=11582) to work on /home/airflow/.local/lib/python3.8/site-packages/airflow/example_dags/example_dag_decorator.py
[2025-04-13T18:36:04.832+0000] {processor.py:830} INFO - Processing file /home/airflow/.local/lib/python3.8/site-packages/airflow/example_dags/example_dag_decorator.py for tasks to queue
[2025-04-13T18:36:04.836+0000] {logging_mixin.py:188} INFO - [2025-04-13T18:36:04.835+0000] {dagbag.py:538} INFO - Filling up the DagBag from /home/airflow/.local/lib/python3.8/site-packages/airflow/example_dags/example_dag_decorator.py
[2025-04-13T18:36:04.996+0000] {processor.py:840} INFO - DAG(s) 'example_dag_decorator' retrieved from /home/airflow/.local/lib/python3.8/site-packages/airflow/example_dags/example_dag_decorator.py
[2025-04-13T18:36:05.181+0000] {logging_mixin.py:188} INFO - [2025-04-13T18:36:05.181+0000] {dag.py:3036} INFO - Sync 1 DAGs
[2025-04-13T18:36:05.205+0000] {logging_mixin.py:188} INFO - [2025-04-13T18:36:05.205+0000] {dag.py:3823} INFO - Setting next_dagrun for example_dag_decorator to None, run_after=None
[2025-04-13T18:36:05.253+0000] {processor.py:183} INFO - Processing /home/airflow/.local/lib/python3.8/site-packages/airflow/example_dags/example_dag_decorator.py took 0.429 seconds
[2025-04-13T18:36:37.174+0000] {processor.py:161} INFO - Started process (PID=11638) to work on /home/airflow/.local/lib/python3.8/site-packages/airflow/example_dags/example_dag_decorator.py
[2025-04-13T18:36:37.177+0000] {processor.py:830} INFO - Processing file /home/airflow/.local/lib/python3.8/site-packages/airflow/example_dags/example_dag_decorator.py for tasks to queue
[2025-04-13T18:36:37.181+0000] {logging_mixin.py:188} INFO - [2025-04-13T18:36:37.180+0000] {dagbag.py:538} INFO - Filling up the DagBag from /home/airflow/.local/lib/python3.8/site-packages/airflow/example_dags/example_dag_decorator.py
[2025-04-13T18:36:37.389+0000] {processor.py:840} INFO - DAG(s) 'example_dag_decorator' retrieved from /home/airflow/.local/lib/python3.8/site-packages/airflow/example_dags/example_dag_decorator.py
[2025-04-13T18:36:37.690+0000] {logging_mixin.py:188} INFO - [2025-04-13T18:36:37.689+0000] {dag.py:3036} INFO - Sync 1 DAGs
[2025-04-13T18:36:37.719+0000] {logging_mixin.py:188} INFO - [2025-04-13T18:36:37.718+0000] {dag.py:3823} INFO - Setting next_dagrun for example_dag_decorator to None, run_after=None
[2025-04-13T18:36:37.871+0000] {processor.py:183} INFO - Processing /home/airflow/.local/lib/python3.8/site-packages/airflow/example_dags/example_dag_decorator.py took 0.728 seconds
[2025-04-13T18:37:10.717+0000] {processor.py:161} INFO - Started process (PID=11694) to work on /home/airflow/.local/lib/python3.8/site-packages/airflow/example_dags/example_dag_decorator.py
[2025-04-13T18:37:10.719+0000] {processor.py:830} INFO - Processing file /home/airflow/.local/lib/python3.8/site-packages/airflow/example_dags/example_dag_decorator.py for tasks to queue
[2025-04-13T18:37:10.724+0000] {logging_mixin.py:188} INFO - [2025-04-13T18:37:10.723+0000] {dagbag.py:538} INFO - Filling up the DagBag from /home/airflow/.local/lib/python3.8/site-packages/airflow/example_dags/example_dag_decorator.py
[2025-04-13T18:37:10.949+0000] {processor.py:840} INFO - DAG(s) 'example_dag_decorator' retrieved from /home/airflow/.local/lib/python3.8/site-packages/airflow/example_dags/example_dag_decorator.py
[2025-04-13T18:37:11.216+0000] {logging_mixin.py:188} INFO - [2025-04-13T18:37:11.216+0000] {dag.py:3036} INFO - Sync 1 DAGs
[2025-04-13T18:37:11.234+0000] {logging_mixin.py:188} INFO - [2025-04-13T18:37:11.233+0000] {dag.py:3823} INFO - Setting next_dagrun for example_dag_decorator to None, run_after=None
[2025-04-13T18:37:11.270+0000] {processor.py:183} INFO - Processing /home/airflow/.local/lib/python3.8/site-packages/airflow/example_dags/example_dag_decorator.py took 0.563 seconds
[2025-04-13T18:37:44.758+0000] {processor.py:161} INFO - Started process (PID=11750) to work on /home/airflow/.local/lib/python3.8/site-packages/airflow/example_dags/example_dag_decorator.py
[2025-04-13T18:37:44.760+0000] {processor.py:830} INFO - Processing file /home/airflow/.local/lib/python3.8/site-packages/airflow/example_dags/example_dag_decorator.py for tasks to queue
[2025-04-13T18:37:44.765+0000] {logging_mixin.py:188} INFO - [2025-04-13T18:37:44.764+0000] {dagbag.py:538} INFO - Filling up the DagBag from /home/airflow/.local/lib/python3.8/site-packages/airflow/example_dags/example_dag_decorator.py
[2025-04-13T18:37:44.971+0000] {processor.py:840} INFO - DAG(s) 'example_dag_decorator' retrieved from /home/airflow/.local/lib/python3.8/site-packages/airflow/example_dags/example_dag_decorator.py
[2025-04-13T18:37:45.160+0000] {logging_mixin.py:188} INFO - [2025-04-13T18:37:45.159+0000] {dag.py:3036} INFO - Sync 1 DAGs
[2025-04-13T18:37:45.185+0000] {logging_mixin.py:188} INFO - [2025-04-13T18:37:45.185+0000] {dag.py:3823} INFO - Setting next_dagrun for example_dag_decorator to None, run_after=None
[2025-04-13T18:37:45.228+0000] {processor.py:183} INFO - Processing /home/airflow/.local/lib/python3.8/site-packages/airflow/example_dags/example_dag_decorator.py took 0.486 seconds
[2025-04-13T18:38:17.341+0000] {processor.py:161} INFO - Started process (PID=11806) to work on /home/airflow/.local/lib/python3.8/site-packages/airflow/example_dags/example_dag_decorator.py
[2025-04-13T18:38:17.345+0000] {processor.py:830} INFO - Processing file /home/airflow/.local/lib/python3.8/site-packages/airflow/example_dags/example_dag_decorator.py for tasks to queue
[2025-04-13T18:38:17.350+0000] {logging_mixin.py:188} INFO - [2025-04-13T18:38:17.349+0000] {dagbag.py:538} INFO - Filling up the DagBag from /home/airflow/.local/lib/python3.8/site-packages/airflow/example_dags/example_dag_decorator.py
[2025-04-13T18:38:17.588+0000] {processor.py:840} INFO - DAG(s) 'example_dag_decorator' retrieved from /home/airflow/.local/lib/python3.8/site-packages/airflow/example_dags/example_dag_decorator.py
[2025-04-13T18:38:17.782+0000] {logging_mixin.py:188} INFO - [2025-04-13T18:38:17.782+0000] {dag.py:3036} INFO - Sync 1 DAGs
[2025-04-13T18:38:17.801+0000] {logging_mixin.py:188} INFO - [2025-04-13T18:38:17.800+0000] {dag.py:3823} INFO - Setting next_dagrun for example_dag_decorator to None, run_after=None
[2025-04-13T18:38:17.877+0000] {processor.py:183} INFO - Processing /home/airflow/.local/lib/python3.8/site-packages/airflow/example_dags/example_dag_decorator.py took 0.545 seconds
[2025-04-13T18:38:49.756+0000] {processor.py:161} INFO - Started process (PID=11862) to work on /home/airflow/.local/lib/python3.8/site-packages/airflow/example_dags/example_dag_decorator.py
[2025-04-13T18:38:49.765+0000] {processor.py:830} INFO - Processing file /home/airflow/.local/lib/python3.8/site-packages/airflow/example_dags/example_dag_decorator.py for tasks to queue
[2025-04-13T18:38:49.772+0000] {logging_mixin.py:188} INFO - [2025-04-13T18:38:49.771+0000] {dagbag.py:538} INFO - Filling up the DagBag from /home/airflow/.local/lib/python3.8/site-packages/airflow/example_dags/example_dag_decorator.py
[2025-04-13T18:38:50.097+0000] {processor.py:840} INFO - DAG(s) 'example_dag_decorator' retrieved from /home/airflow/.local/lib/python3.8/site-packages/airflow/example_dags/example_dag_decorator.py
[2025-04-13T18:38:50.316+0000] {logging_mixin.py:188} INFO - [2025-04-13T18:38:50.316+0000] {dag.py:3036} INFO - Sync 1 DAGs
[2025-04-13T18:38:50.338+0000] {logging_mixin.py:188} INFO - [2025-04-13T18:38:50.337+0000] {dag.py:3823} INFO - Setting next_dagrun for example_dag_decorator to None, run_after=None
[2025-04-13T18:38:50.370+0000] {processor.py:183} INFO - Processing /home/airflow/.local/lib/python3.8/site-packages/airflow/example_dags/example_dag_decorator.py took 0.620 seconds
[2025-04-13T18:39:23.689+0000] {processor.py:161} INFO - Started process (PID=11918) to work on /home/airflow/.local/lib/python3.8/site-packages/airflow/example_dags/example_dag_decorator.py
[2025-04-13T18:39:23.693+0000] {processor.py:830} INFO - Processing file /home/airflow/.local/lib/python3.8/site-packages/airflow/example_dags/example_dag_decorator.py for tasks to queue
[2025-04-13T18:39:23.701+0000] {logging_mixin.py:188} INFO - [2025-04-13T18:39:23.699+0000] {dagbag.py:538} INFO - Filling up the DagBag from /home/airflow/.local/lib/python3.8/site-packages/airflow/example_dags/example_dag_decorator.py
[2025-04-13T18:39:23.926+0000] {processor.py:840} INFO - DAG(s) 'example_dag_decorator' retrieved from /home/airflow/.local/lib/python3.8/site-packages/airflow/example_dags/example_dag_decorator.py
[2025-04-13T18:39:24.119+0000] {logging_mixin.py:188} INFO - [2025-04-13T18:39:24.118+0000] {dag.py:3036} INFO - Sync 1 DAGs
[2025-04-13T18:39:24.141+0000] {logging_mixin.py:188} INFO - [2025-04-13T18:39:24.141+0000] {dag.py:3823} INFO - Setting next_dagrun for example_dag_decorator to None, run_after=None
[2025-04-13T18:39:24.176+0000] {processor.py:183} INFO - Processing /home/airflow/.local/lib/python3.8/site-packages/airflow/example_dags/example_dag_decorator.py took 0.503 seconds
[2025-04-13T18:39:56.034+0000] {processor.py:161} INFO - Started process (PID=11975) to work on /home/airflow/.local/lib/python3.8/site-packages/airflow/example_dags/example_dag_decorator.py
[2025-04-13T18:39:56.037+0000] {processor.py:830} INFO - Processing file /home/airflow/.local/lib/python3.8/site-packages/airflow/example_dags/example_dag_decorator.py for tasks to queue
[2025-04-13T18:39:56.045+0000] {logging_mixin.py:188} INFO - [2025-04-13T18:39:56.044+0000] {dagbag.py:538} INFO - Filling up the DagBag from /home/airflow/.local/lib/python3.8/site-packages/airflow/example_dags/example_dag_decorator.py
[2025-04-13T18:39:56.210+0000] {processor.py:840} INFO - DAG(s) 'example_dag_decorator' retrieved from /home/airflow/.local/lib/python3.8/site-packages/airflow/example_dags/example_dag_decorator.py
[2025-04-13T18:39:56.413+0000] {logging_mixin.py:188} INFO - [2025-04-13T18:39:56.413+0000] {dag.py:3036} INFO - Sync 1 DAGs
[2025-04-13T18:39:56.430+0000] {logging_mixin.py:188} INFO - [2025-04-13T18:39:56.430+0000] {dag.py:3823} INFO - Setting next_dagrun for example_dag_decorator to None, run_after=None
[2025-04-13T18:39:56.464+0000] {processor.py:183} INFO - Processing /home/airflow/.local/lib/python3.8/site-packages/airflow/example_dags/example_dag_decorator.py took 0.441 seconds
[2025-04-13T18:40:29.868+0000] {processor.py:161} INFO - Started process (PID=12031) to work on /home/airflow/.local/lib/python3.8/site-packages/airflow/example_dags/example_dag_decorator.py
[2025-04-13T18:40:29.872+0000] {processor.py:830} INFO - Processing file /home/airflow/.local/lib/python3.8/site-packages/airflow/example_dags/example_dag_decorator.py for tasks to queue
[2025-04-13T18:40:29.877+0000] {logging_mixin.py:188} INFO - [2025-04-13T18:40:29.876+0000] {dagbag.py:538} INFO - Filling up the DagBag from /home/airflow/.local/lib/python3.8/site-packages/airflow/example_dags/example_dag_decorator.py
[2025-04-13T18:40:30.117+0000] {processor.py:840} INFO - DAG(s) 'example_dag_decorator' retrieved from /home/airflow/.local/lib/python3.8/site-packages/airflow/example_dags/example_dag_decorator.py
[2025-04-13T18:40:30.378+0000] {logging_mixin.py:188} INFO - [2025-04-13T18:40:30.377+0000] {dag.py:3036} INFO - Sync 1 DAGs
[2025-04-13T18:40:30.404+0000] {logging_mixin.py:188} INFO - [2025-04-13T18:40:30.403+0000] {dag.py:3823} INFO - Setting next_dagrun for example_dag_decorator to None, run_after=None
[2025-04-13T18:40:30.476+0000] {processor.py:183} INFO - Processing /home/airflow/.local/lib/python3.8/site-packages/airflow/example_dags/example_dag_decorator.py took 0.618 seconds
[2025-04-13T18:41:03.791+0000] {processor.py:161} INFO - Started process (PID=12087) to work on /home/airflow/.local/lib/python3.8/site-packages/airflow/example_dags/example_dag_decorator.py
[2025-04-13T18:41:03.793+0000] {processor.py:830} INFO - Processing file /home/airflow/.local/lib/python3.8/site-packages/airflow/example_dags/example_dag_decorator.py for tasks to queue
[2025-04-13T18:41:03.797+0000] {logging_mixin.py:188} INFO - [2025-04-13T18:41:03.796+0000] {dagbag.py:538} INFO - Filling up the DagBag from /home/airflow/.local/lib/python3.8/site-packages/airflow/example_dags/example_dag_decorator.py
[2025-04-13T18:41:03.968+0000] {processor.py:840} INFO - DAG(s) 'example_dag_decorator' retrieved from /home/airflow/.local/lib/python3.8/site-packages/airflow/example_dags/example_dag_decorator.py
[2025-04-13T18:41:04.156+0000] {logging_mixin.py:188} INFO - [2025-04-13T18:41:04.156+0000] {dag.py:3036} INFO - Sync 1 DAGs
[2025-04-13T18:41:04.172+0000] {logging_mixin.py:188} INFO - [2025-04-13T18:41:04.172+0000] {dag.py:3823} INFO - Setting next_dagrun for example_dag_decorator to None, run_after=None
[2025-04-13T18:41:04.205+0000] {processor.py:183} INFO - Processing /home/airflow/.local/lib/python3.8/site-packages/airflow/example_dags/example_dag_decorator.py took 0.423 seconds
[2025-04-13T18:41:37.702+0000] {processor.py:161} INFO - Started process (PID=12145) to work on /home/airflow/.local/lib/python3.8/site-packages/airflow/example_dags/example_dag_decorator.py
[2025-04-13T18:41:37.705+0000] {processor.py:830} INFO - Processing file /home/airflow/.local/lib/python3.8/site-packages/airflow/example_dags/example_dag_decorator.py for tasks to queue
[2025-04-13T18:41:37.709+0000] {logging_mixin.py:188} INFO - [2025-04-13T18:41:37.708+0000] {dagbag.py:538} INFO - Filling up the DagBag from /home/airflow/.local/lib/python3.8/site-packages/airflow/example_dags/example_dag_decorator.py
[2025-04-13T18:41:37.913+0000] {processor.py:840} INFO - DAG(s) 'example_dag_decorator' retrieved from /home/airflow/.local/lib/python3.8/site-packages/airflow/example_dags/example_dag_decorator.py
[2025-04-13T18:41:38.092+0000] {logging_mixin.py:188} INFO - [2025-04-13T18:41:38.092+0000] {dag.py:3036} INFO - Sync 1 DAGs
[2025-04-13T18:41:38.111+0000] {logging_mixin.py:188} INFO - [2025-04-13T18:41:38.111+0000] {dag.py:3823} INFO - Setting next_dagrun for example_dag_decorator to None, run_after=None
[2025-04-13T18:41:38.181+0000] {processor.py:183} INFO - Processing /home/airflow/.local/lib/python3.8/site-packages/airflow/example_dags/example_dag_decorator.py took 0.493 seconds
[2025-04-13T18:56:05.251+0000] {processor.py:161} INFO - Started process (PID=12221) to work on /home/airflow/.local/lib/python3.8/site-packages/airflow/example_dags/example_dag_decorator.py
[2025-04-13T18:56:05.260+0000] {processor.py:830} INFO - Processing file /home/airflow/.local/lib/python3.8/site-packages/airflow/example_dags/example_dag_decorator.py for tasks to queue
[2025-04-13T18:56:05.264+0000] {logging_mixin.py:188} INFO - [2025-04-13T18:56:05.264+0000] {dagbag.py:538} INFO - Filling up the DagBag from /home/airflow/.local/lib/python3.8/site-packages/airflow/example_dags/example_dag_decorator.py
[2025-04-13T18:56:05.774+0000] {processor.py:840} INFO - DAG(s) 'example_dag_decorator' retrieved from /home/airflow/.local/lib/python3.8/site-packages/airflow/example_dags/example_dag_decorator.py
[2025-04-13T18:56:06.139+0000] {logging_mixin.py:188} INFO - [2025-04-13T18:56:06.136+0000] {dag.py:3036} INFO - Sync 1 DAGs
[2025-04-13T18:56:06.194+0000] {logging_mixin.py:188} INFO - [2025-04-13T18:56:06.193+0000] {dag.py:3823} INFO - Setting next_dagrun for example_dag_decorator to None, run_after=None
[2025-04-13T18:56:06.310+0000] {processor.py:183} INFO - Processing /home/airflow/.local/lib/python3.8/site-packages/airflow/example_dags/example_dag_decorator.py took 1.069 seconds
[2025-04-13T18:56:37.001+0000] {processor.py:161} INFO - Started process (PID=12272) to work on /home/airflow/.local/lib/python3.8/site-packages/airflow/example_dags/example_dag_decorator.py
[2025-04-13T18:56:37.006+0000] {processor.py:830} INFO - Processing file /home/airflow/.local/lib/python3.8/site-packages/airflow/example_dags/example_dag_decorator.py for tasks to queue
[2025-04-13T18:56:37.010+0000] {logging_mixin.py:188} INFO - [2025-04-13T18:56:37.009+0000] {dagbag.py:538} INFO - Filling up the DagBag from /home/airflow/.local/lib/python3.8/site-packages/airflow/example_dags/example_dag_decorator.py
[2025-04-13T18:56:37.259+0000] {processor.py:840} INFO - DAG(s) 'example_dag_decorator' retrieved from /home/airflow/.local/lib/python3.8/site-packages/airflow/example_dags/example_dag_decorator.py
[2025-04-13T18:56:37.540+0000] {logging_mixin.py:188} INFO - [2025-04-13T18:56:37.539+0000] {dag.py:3036} INFO - Sync 1 DAGs
[2025-04-13T18:56:37.565+0000] {logging_mixin.py:188} INFO - [2025-04-13T18:56:37.564+0000] {dag.py:3823} INFO - Setting next_dagrun for example_dag_decorator to None, run_after=None
[2025-04-13T18:56:37.629+0000] {processor.py:183} INFO - Processing /home/airflow/.local/lib/python3.8/site-packages/airflow/example_dags/example_dag_decorator.py took 0.637 seconds
[2025-04-13T18:57:07.725+0000] {processor.py:161} INFO - Started process (PID=12330) to work on /home/airflow/.local/lib/python3.8/site-packages/airflow/example_dags/example_dag_decorator.py
[2025-04-13T18:57:07.727+0000] {processor.py:830} INFO - Processing file /home/airflow/.local/lib/python3.8/site-packages/airflow/example_dags/example_dag_decorator.py for tasks to queue
[2025-04-13T18:57:07.729+0000] {logging_mixin.py:188} INFO - [2025-04-13T18:57:07.729+0000] {dagbag.py:538} INFO - Filling up the DagBag from /home/airflow/.local/lib/python3.8/site-packages/airflow/example_dags/example_dag_decorator.py
[2025-04-13T18:57:07.907+0000] {processor.py:840} INFO - DAG(s) 'example_dag_decorator' retrieved from /home/airflow/.local/lib/python3.8/site-packages/airflow/example_dags/example_dag_decorator.py
[2025-04-13T18:57:08.083+0000] {logging_mixin.py:188} INFO - [2025-04-13T18:57:08.083+0000] {dag.py:3036} INFO - Sync 1 DAGs
[2025-04-13T18:57:08.096+0000] {logging_mixin.py:188} INFO - [2025-04-13T18:57:08.096+0000] {dag.py:3823} INFO - Setting next_dagrun for example_dag_decorator to None, run_after=None
[2025-04-13T18:57:08.125+0000] {processor.py:183} INFO - Processing /home/airflow/.local/lib/python3.8/site-packages/airflow/example_dags/example_dag_decorator.py took 0.404 seconds
[2025-04-13T18:57:38.234+0000] {processor.py:161} INFO - Started process (PID=12388) to work on /home/airflow/.local/lib/python3.8/site-packages/airflow/example_dags/example_dag_decorator.py
[2025-04-13T18:57:38.235+0000] {processor.py:830} INFO - Processing file /home/airflow/.local/lib/python3.8/site-packages/airflow/example_dags/example_dag_decorator.py for tasks to queue
[2025-04-13T18:57:38.238+0000] {logging_mixin.py:188} INFO - [2025-04-13T18:57:38.237+0000] {dagbag.py:538} INFO - Filling up the DagBag from /home/airflow/.local/lib/python3.8/site-packages/airflow/example_dags/example_dag_decorator.py
[2025-04-13T18:57:38.347+0000] {processor.py:840} INFO - DAG(s) 'example_dag_decorator' retrieved from /home/airflow/.local/lib/python3.8/site-packages/airflow/example_dags/example_dag_decorator.py
[2025-04-13T18:57:38.468+0000] {logging_mixin.py:188} INFO - [2025-04-13T18:57:38.468+0000] {dag.py:3036} INFO - Sync 1 DAGs
[2025-04-13T18:57:38.480+0000] {logging_mixin.py:188} INFO - [2025-04-13T18:57:38.480+0000] {dag.py:3823} INFO - Setting next_dagrun for example_dag_decorator to None, run_after=None
[2025-04-13T18:57:38.514+0000] {processor.py:183} INFO - Processing /home/airflow/.local/lib/python3.8/site-packages/airflow/example_dags/example_dag_decorator.py took 0.284 seconds
[2025-04-13T18:58:09.212+0000] {processor.py:161} INFO - Started process (PID=12445) to work on /home/airflow/.local/lib/python3.8/site-packages/airflow/example_dags/example_dag_decorator.py
[2025-04-13T18:58:09.213+0000] {processor.py:830} INFO - Processing file /home/airflow/.local/lib/python3.8/site-packages/airflow/example_dags/example_dag_decorator.py for tasks to queue
[2025-04-13T18:58:09.216+0000] {logging_mixin.py:188} INFO - [2025-04-13T18:58:09.215+0000] {dagbag.py:538} INFO - Filling up the DagBag from /home/airflow/.local/lib/python3.8/site-packages/airflow/example_dags/example_dag_decorator.py
[2025-04-13T18:58:09.307+0000] {processor.py:840} INFO - DAG(s) 'example_dag_decorator' retrieved from /home/airflow/.local/lib/python3.8/site-packages/airflow/example_dags/example_dag_decorator.py
[2025-04-13T18:58:09.400+0000] {logging_mixin.py:188} INFO - [2025-04-13T18:58:09.400+0000] {dag.py:3036} INFO - Sync 1 DAGs
[2025-04-13T18:58:09.412+0000] {logging_mixin.py:188} INFO - [2025-04-13T18:58:09.412+0000] {dag.py:3823} INFO - Setting next_dagrun for example_dag_decorator to None, run_after=None
[2025-04-13T18:58:09.435+0000] {processor.py:183} INFO - Processing /home/airflow/.local/lib/python3.8/site-packages/airflow/example_dags/example_dag_decorator.py took 0.227 seconds
[2025-04-13T18:58:40.028+0000] {processor.py:161} INFO - Started process (PID=12498) to work on /home/airflow/.local/lib/python3.8/site-packages/airflow/example_dags/example_dag_decorator.py
[2025-04-13T18:58:40.029+0000] {processor.py:830} INFO - Processing file /home/airflow/.local/lib/python3.8/site-packages/airflow/example_dags/example_dag_decorator.py for tasks to queue
[2025-04-13T18:58:40.035+0000] {logging_mixin.py:188} INFO - [2025-04-13T18:58:40.031+0000] {dagbag.py:538} INFO - Filling up the DagBag from /home/airflow/.local/lib/python3.8/site-packages/airflow/example_dags/example_dag_decorator.py
[2025-04-13T18:58:40.250+0000] {processor.py:840} INFO - DAG(s) 'example_dag_decorator' retrieved from /home/airflow/.local/lib/python3.8/site-packages/airflow/example_dags/example_dag_decorator.py
[2025-04-13T18:58:40.297+0000] {logging_mixin.py:188} INFO - [2025-04-13T18:58:40.297+0000] {dag.py:3036} INFO - Sync 1 DAGs
[2025-04-13T18:58:40.341+0000] {logging_mixin.py:188} INFO - [2025-04-13T18:58:40.341+0000] {dag.py:3823} INFO - Setting next_dagrun for example_dag_decorator to None, run_after=None
[2025-04-13T18:58:40.418+0000] {processor.py:183} INFO - Processing /home/airflow/.local/lib/python3.8/site-packages/airflow/example_dags/example_dag_decorator.py took 0.394 seconds
[2025-04-13T18:59:10.717+0000] {processor.py:161} INFO - Started process (PID=12552) to work on /home/airflow/.local/lib/python3.8/site-packages/airflow/example_dags/example_dag_decorator.py
[2025-04-13T18:59:10.721+0000] {processor.py:830} INFO - Processing file /home/airflow/.local/lib/python3.8/site-packages/airflow/example_dags/example_dag_decorator.py for tasks to queue
[2025-04-13T18:59:10.725+0000] {logging_mixin.py:188} INFO - [2025-04-13T18:59:10.724+0000] {dagbag.py:538} INFO - Filling up the DagBag from /home/airflow/.local/lib/python3.8/site-packages/airflow/example_dags/example_dag_decorator.py
[2025-04-13T18:59:10.908+0000] {processor.py:840} INFO - DAG(s) 'example_dag_decorator' retrieved from /home/airflow/.local/lib/python3.8/site-packages/airflow/example_dags/example_dag_decorator.py
[2025-04-13T18:59:11.081+0000] {logging_mixin.py:188} INFO - [2025-04-13T18:59:11.081+0000] {dag.py:3036} INFO - Sync 1 DAGs
[2025-04-13T18:59:11.097+0000] {logging_mixin.py:188} INFO - [2025-04-13T18:59:11.097+0000] {dag.py:3823} INFO - Setting next_dagrun for example_dag_decorator to None, run_after=None
[2025-04-13T18:59:11.122+0000] {processor.py:183} INFO - Processing /home/airflow/.local/lib/python3.8/site-packages/airflow/example_dags/example_dag_decorator.py took 0.410 seconds
[2025-04-13T18:59:42.344+0000] {processor.py:161} INFO - Started process (PID=12608) to work on /home/airflow/.local/lib/python3.8/site-packages/airflow/example_dags/example_dag_decorator.py
[2025-04-13T18:59:42.347+0000] {processor.py:830} INFO - Processing file /home/airflow/.local/lib/python3.8/site-packages/airflow/example_dags/example_dag_decorator.py for tasks to queue
[2025-04-13T18:59:42.350+0000] {logging_mixin.py:188} INFO - [2025-04-13T18:59:42.349+0000] {dagbag.py:538} INFO - Filling up the DagBag from /home/airflow/.local/lib/python3.8/site-packages/airflow/example_dags/example_dag_decorator.py
[2025-04-13T18:59:42.560+0000] {processor.py:840} INFO - DAG(s) 'example_dag_decorator' retrieved from /home/airflow/.local/lib/python3.8/site-packages/airflow/example_dags/example_dag_decorator.py
[2025-04-13T18:59:42.827+0000] {logging_mixin.py:188} INFO - [2025-04-13T18:59:42.827+0000] {dag.py:3036} INFO - Sync 1 DAGs
[2025-04-13T18:59:42.845+0000] {logging_mixin.py:188} INFO - [2025-04-13T18:59:42.845+0000] {dag.py:3823} INFO - Setting next_dagrun for example_dag_decorator to None, run_after=None
[2025-04-13T18:59:42.879+0000] {processor.py:183} INFO - Processing /home/airflow/.local/lib/python3.8/site-packages/airflow/example_dags/example_dag_decorator.py took 0.542 seconds
[2025-04-13T19:00:15.053+0000] {processor.py:161} INFO - Started process (PID=12668) to work on /home/airflow/.local/lib/python3.8/site-packages/airflow/example_dags/example_dag_decorator.py
[2025-04-13T19:00:15.054+0000] {processor.py:830} INFO - Processing file /home/airflow/.local/lib/python3.8/site-packages/airflow/example_dags/example_dag_decorator.py for tasks to queue
[2025-04-13T19:00:15.056+0000] {logging_mixin.py:188} INFO - [2025-04-13T19:00:15.056+0000] {dagbag.py:538} INFO - Filling up the DagBag from /home/airflow/.local/lib/python3.8/site-packages/airflow/example_dags/example_dag_decorator.py
[2025-04-13T19:00:15.233+0000] {processor.py:840} INFO - DAG(s) 'example_dag_decorator' retrieved from /home/airflow/.local/lib/python3.8/site-packages/airflow/example_dags/example_dag_decorator.py
[2025-04-13T19:00:15.432+0000] {logging_mixin.py:188} INFO - [2025-04-13T19:00:15.432+0000] {dag.py:3036} INFO - Sync 1 DAGs
[2025-04-13T19:00:15.446+0000] {logging_mixin.py:188} INFO - [2025-04-13T19:00:15.445+0000] {dag.py:3823} INFO - Setting next_dagrun for example_dag_decorator to None, run_after=None
[2025-04-13T19:00:15.512+0000] {processor.py:183} INFO - Processing /home/airflow/.local/lib/python3.8/site-packages/airflow/example_dags/example_dag_decorator.py took 0.464 seconds
[2025-04-13T19:00:56.134+0000] {processor.py:161} INFO - Started process (PID=12728) to work on /home/airflow/.local/lib/python3.8/site-packages/airflow/example_dags/example_dag_decorator.py
[2025-04-13T19:00:56.147+0000] {processor.py:830} INFO - Processing file /home/airflow/.local/lib/python3.8/site-packages/airflow/example_dags/example_dag_decorator.py for tasks to queue
[2025-04-13T19:00:56.150+0000] {logging_mixin.py:188} INFO - [2025-04-13T19:00:56.149+0000] {dagbag.py:538} INFO - Filling up the DagBag from /home/airflow/.local/lib/python3.8/site-packages/airflow/example_dags/example_dag_decorator.py
[2025-04-13T19:00:56.464+0000] {processor.py:840} INFO - DAG(s) 'example_dag_decorator' retrieved from /home/airflow/.local/lib/python3.8/site-packages/airflow/example_dags/example_dag_decorator.py
[2025-04-13T19:00:56.957+0000] {logging_mixin.py:188} INFO - [2025-04-13T19:00:56.957+0000] {dag.py:3036} INFO - Sync 1 DAGs
[2025-04-13T19:00:56.994+0000] {logging_mixin.py:188} INFO - [2025-04-13T19:00:56.994+0000] {dag.py:3823} INFO - Setting next_dagrun for example_dag_decorator to None, run_after=None
[2025-04-13T19:00:57.069+0000] {processor.py:183} INFO - Processing /home/airflow/.local/lib/python3.8/site-packages/airflow/example_dags/example_dag_decorator.py took 0.942 seconds
[2025-04-13T19:01:27.575+0000] {processor.py:161} INFO - Started process (PID=12785) to work on /home/airflow/.local/lib/python3.8/site-packages/airflow/example_dags/example_dag_decorator.py
[2025-04-13T19:01:27.576+0000] {processor.py:830} INFO - Processing file /home/airflow/.local/lib/python3.8/site-packages/airflow/example_dags/example_dag_decorator.py for tasks to queue
[2025-04-13T19:01:27.579+0000] {logging_mixin.py:188} INFO - [2025-04-13T19:01:27.578+0000] {dagbag.py:538} INFO - Filling up the DagBag from /home/airflow/.local/lib/python3.8/site-packages/airflow/example_dags/example_dag_decorator.py
[2025-04-13T19:01:27.846+0000] {processor.py:840} INFO - DAG(s) 'example_dag_decorator' retrieved from /home/airflow/.local/lib/python3.8/site-packages/airflow/example_dags/example_dag_decorator.py
[2025-04-13T19:01:28.160+0000] {logging_mixin.py:188} INFO - [2025-04-13T19:01:28.160+0000] {dag.py:3036} INFO - Sync 1 DAGs
[2025-04-13T19:01:28.187+0000] {logging_mixin.py:188} INFO - [2025-04-13T19:01:28.187+0000] {dag.py:3823} INFO - Setting next_dagrun for example_dag_decorator to None, run_after=None
[2025-04-13T19:01:28.234+0000] {processor.py:183} INFO - Processing /home/airflow/.local/lib/python3.8/site-packages/airflow/example_dags/example_dag_decorator.py took 0.663 seconds
[2025-04-13T19:01:58.331+0000] {processor.py:161} INFO - Started process (PID=12840) to work on /home/airflow/.local/lib/python3.8/site-packages/airflow/example_dags/example_dag_decorator.py
[2025-04-13T19:01:58.333+0000] {processor.py:830} INFO - Processing file /home/airflow/.local/lib/python3.8/site-packages/airflow/example_dags/example_dag_decorator.py for tasks to queue
[2025-04-13T19:01:58.335+0000] {logging_mixin.py:188} INFO - [2025-04-13T19:01:58.335+0000] {dagbag.py:538} INFO - Filling up the DagBag from /home/airflow/.local/lib/python3.8/site-packages/airflow/example_dags/example_dag_decorator.py
[2025-04-13T19:01:58.504+0000] {processor.py:840} INFO - DAG(s) 'example_dag_decorator' retrieved from /home/airflow/.local/lib/python3.8/site-packages/airflow/example_dags/example_dag_decorator.py
[2025-04-13T19:01:58.657+0000] {logging_mixin.py:188} INFO - [2025-04-13T19:01:58.657+0000] {dag.py:3036} INFO - Sync 1 DAGs
[2025-04-13T19:01:58.672+0000] {logging_mixin.py:188} INFO - [2025-04-13T19:01:58.672+0000] {dag.py:3823} INFO - Setting next_dagrun for example_dag_decorator to None, run_after=None
[2025-04-13T19:01:58.707+0000] {processor.py:183} INFO - Processing /home/airflow/.local/lib/python3.8/site-packages/airflow/example_dags/example_dag_decorator.py took 0.380 seconds
[2025-04-13T19:02:29.425+0000] {processor.py:161} INFO - Started process (PID=12897) to work on /home/airflow/.local/lib/python3.8/site-packages/airflow/example_dags/example_dag_decorator.py
[2025-04-13T19:02:29.427+0000] {processor.py:830} INFO - Processing file /home/airflow/.local/lib/python3.8/site-packages/airflow/example_dags/example_dag_decorator.py for tasks to queue
[2025-04-13T19:02:29.437+0000] {logging_mixin.py:188} INFO - [2025-04-13T19:02:29.429+0000] {dagbag.py:538} INFO - Filling up the DagBag from /home/airflow/.local/lib/python3.8/site-packages/airflow/example_dags/example_dag_decorator.py
[2025-04-13T19:02:29.638+0000] {processor.py:840} INFO - DAG(s) 'example_dag_decorator' retrieved from /home/airflow/.local/lib/python3.8/site-packages/airflow/example_dags/example_dag_decorator.py
[2025-04-13T19:02:29.790+0000] {logging_mixin.py:188} INFO - [2025-04-13T19:02:29.789+0000] {dag.py:3036} INFO - Sync 1 DAGs
[2025-04-13T19:02:29.804+0000] {logging_mixin.py:188} INFO - [2025-04-13T19:02:29.804+0000] {dag.py:3823} INFO - Setting next_dagrun for example_dag_decorator to None, run_after=None
[2025-04-13T19:02:29.852+0000] {processor.py:183} INFO - Processing /home/airflow/.local/lib/python3.8/site-packages/airflow/example_dags/example_dag_decorator.py took 0.431 seconds
[2025-04-13T19:03:02.289+0000] {processor.py:161} INFO - Started process (PID=12953) to work on /home/airflow/.local/lib/python3.8/site-packages/airflow/example_dags/example_dag_decorator.py
[2025-04-13T19:03:02.293+0000] {processor.py:830} INFO - Processing file /home/airflow/.local/lib/python3.8/site-packages/airflow/example_dags/example_dag_decorator.py for tasks to queue
[2025-04-13T19:03:02.297+0000] {logging_mixin.py:188} INFO - [2025-04-13T19:03:02.297+0000] {dagbag.py:538} INFO - Filling up the DagBag from /home/airflow/.local/lib/python3.8/site-packages/airflow/example_dags/example_dag_decorator.py
[2025-04-13T19:03:02.527+0000] {processor.py:840} INFO - DAG(s) 'example_dag_decorator' retrieved from /home/airflow/.local/lib/python3.8/site-packages/airflow/example_dags/example_dag_decorator.py
[2025-04-13T19:03:02.718+0000] {logging_mixin.py:188} INFO - [2025-04-13T19:03:02.718+0000] {dag.py:3036} INFO - Sync 1 DAGs
[2025-04-13T19:03:02.737+0000] {logging_mixin.py:188} INFO - [2025-04-13T19:03:02.737+0000] {dag.py:3823} INFO - Setting next_dagrun for example_dag_decorator to None, run_after=None
[2025-04-13T19:03:02.818+0000] {processor.py:183} INFO - Processing /home/airflow/.local/lib/python3.8/site-packages/airflow/example_dags/example_dag_decorator.py took 0.533 seconds
[2025-04-13T19:03:37.516+0000] {processor.py:161} INFO - Started process (PID=13010) to work on /home/airflow/.local/lib/python3.8/site-packages/airflow/example_dags/example_dag_decorator.py
[2025-04-13T19:03:37.518+0000] {processor.py:830} INFO - Processing file /home/airflow/.local/lib/python3.8/site-packages/airflow/example_dags/example_dag_decorator.py for tasks to queue
[2025-04-13T19:03:37.523+0000] {logging_mixin.py:188} INFO - [2025-04-13T19:03:37.522+0000] {dagbag.py:538} INFO - Filling up the DagBag from /home/airflow/.local/lib/python3.8/site-packages/airflow/example_dags/example_dag_decorator.py
[2025-04-13T19:03:37.672+0000] {processor.py:840} INFO - DAG(s) 'example_dag_decorator' retrieved from /home/airflow/.local/lib/python3.8/site-packages/airflow/example_dags/example_dag_decorator.py
[2025-04-13T19:03:37.829+0000] {logging_mixin.py:188} INFO - [2025-04-13T19:03:37.829+0000] {dag.py:3036} INFO - Sync 1 DAGs
[2025-04-13T19:03:37.872+0000] {logging_mixin.py:188} INFO - [2025-04-13T19:03:37.872+0000] {dag.py:3823} INFO - Setting next_dagrun for example_dag_decorator to None, run_after=None
[2025-04-13T19:03:37.960+0000] {processor.py:183} INFO - Processing /home/airflow/.local/lib/python3.8/site-packages/airflow/example_dags/example_dag_decorator.py took 0.449 seconds
[2025-04-13T19:04:10.294+0000] {processor.py:161} INFO - Started process (PID=13066) to work on /home/airflow/.local/lib/python3.8/site-packages/airflow/example_dags/example_dag_decorator.py
[2025-04-13T19:04:10.298+0000] {processor.py:830} INFO - Processing file /home/airflow/.local/lib/python3.8/site-packages/airflow/example_dags/example_dag_decorator.py for tasks to queue
[2025-04-13T19:04:10.300+0000] {logging_mixin.py:188} INFO - [2025-04-13T19:04:10.300+0000] {dagbag.py:538} INFO - Filling up the DagBag from /home/airflow/.local/lib/python3.8/site-packages/airflow/example_dags/example_dag_decorator.py
[2025-04-13T19:04:10.488+0000] {processor.py:840} INFO - DAG(s) 'example_dag_decorator' retrieved from /home/airflow/.local/lib/python3.8/site-packages/airflow/example_dags/example_dag_decorator.py
[2025-04-13T19:04:10.523+0000] {logging_mixin.py:188} INFO - [2025-04-13T19:04:10.523+0000] {dag.py:3036} INFO - Sync 1 DAGs
[2025-04-13T19:04:10.539+0000] {logging_mixin.py:188} INFO - [2025-04-13T19:04:10.538+0000] {dag.py:3823} INFO - Setting next_dagrun for example_dag_decorator to None, run_after=None
[2025-04-13T19:04:10.565+0000] {processor.py:183} INFO - Processing /home/airflow/.local/lib/python3.8/site-packages/airflow/example_dags/example_dag_decorator.py took 0.281 seconds
[2025-04-13T19:04:42.181+0000] {processor.py:161} INFO - Started process (PID=13123) to work on /home/airflow/.local/lib/python3.8/site-packages/airflow/example_dags/example_dag_decorator.py
[2025-04-13T19:04:42.182+0000] {processor.py:830} INFO - Processing file /home/airflow/.local/lib/python3.8/site-packages/airflow/example_dags/example_dag_decorator.py for tasks to queue
[2025-04-13T19:04:42.185+0000] {logging_mixin.py:188} INFO - [2025-04-13T19:04:42.185+0000] {dagbag.py:538} INFO - Filling up the DagBag from /home/airflow/.local/lib/python3.8/site-packages/airflow/example_dags/example_dag_decorator.py
[2025-04-13T19:04:42.388+0000] {processor.py:840} INFO - DAG(s) 'example_dag_decorator' retrieved from /home/airflow/.local/lib/python3.8/site-packages/airflow/example_dags/example_dag_decorator.py
[2025-04-13T19:04:42.524+0000] {logging_mixin.py:188} INFO - [2025-04-13T19:04:42.524+0000] {dag.py:3036} INFO - Sync 1 DAGs
[2025-04-13T19:04:42.550+0000] {logging_mixin.py:188} INFO - [2025-04-13T19:04:42.549+0000] {dag.py:3823} INFO - Setting next_dagrun for example_dag_decorator to None, run_after=None
[2025-04-13T19:04:42.574+0000] {processor.py:183} INFO - Processing /home/airflow/.local/lib/python3.8/site-packages/airflow/example_dags/example_dag_decorator.py took 0.396 seconds
[2025-04-13T19:05:16.799+0000] {processor.py:161} INFO - Started process (PID=13179) to work on /home/airflow/.local/lib/python3.8/site-packages/airflow/example_dags/example_dag_decorator.py
[2025-04-13T19:05:16.802+0000] {processor.py:830} INFO - Processing file /home/airflow/.local/lib/python3.8/site-packages/airflow/example_dags/example_dag_decorator.py for tasks to queue
[2025-04-13T19:05:16.812+0000] {logging_mixin.py:188} INFO - [2025-04-13T19:05:16.812+0000] {dagbag.py:538} INFO - Filling up the DagBag from /home/airflow/.local/lib/python3.8/site-packages/airflow/example_dags/example_dag_decorator.py
[2025-04-13T19:05:17.021+0000] {processor.py:840} INFO - DAG(s) 'example_dag_decorator' retrieved from /home/airflow/.local/lib/python3.8/site-packages/airflow/example_dags/example_dag_decorator.py
[2025-04-13T19:05:17.102+0000] {logging_mixin.py:188} INFO - [2025-04-13T19:05:17.102+0000] {dag.py:3036} INFO - Sync 1 DAGs
[2025-04-13T19:05:17.130+0000] {logging_mixin.py:188} INFO - [2025-04-13T19:05:17.130+0000] {dag.py:3823} INFO - Setting next_dagrun for example_dag_decorator to None, run_after=None
[2025-04-13T19:05:17.173+0000] {processor.py:183} INFO - Processing /home/airflow/.local/lib/python3.8/site-packages/airflow/example_dags/example_dag_decorator.py took 0.387 seconds
[2025-04-13T19:05:52.062+0000] {processor.py:161} INFO - Started process (PID=13235) to work on /home/airflow/.local/lib/python3.8/site-packages/airflow/example_dags/example_dag_decorator.py
[2025-04-13T19:05:52.065+0000] {processor.py:830} INFO - Processing file /home/airflow/.local/lib/python3.8/site-packages/airflow/example_dags/example_dag_decorator.py for tasks to queue
[2025-04-13T19:05:52.068+0000] {logging_mixin.py:188} INFO - [2025-04-13T19:05:52.068+0000] {dagbag.py:538} INFO - Filling up the DagBag from /home/airflow/.local/lib/python3.8/site-packages/airflow/example_dags/example_dag_decorator.py
[2025-04-13T19:05:52.235+0000] {processor.py:840} INFO - DAG(s) 'example_dag_decorator' retrieved from /home/airflow/.local/lib/python3.8/site-packages/airflow/example_dags/example_dag_decorator.py
[2025-04-13T19:05:52.277+0000] {logging_mixin.py:188} INFO - [2025-04-13T19:05:52.276+0000] {dag.py:3036} INFO - Sync 1 DAGs
[2025-04-13T19:05:52.296+0000] {logging_mixin.py:188} INFO - [2025-04-13T19:05:52.296+0000] {dag.py:3823} INFO - Setting next_dagrun for example_dag_decorator to None, run_after=None
[2025-04-13T19:05:52.329+0000] {processor.py:183} INFO - Processing /home/airflow/.local/lib/python3.8/site-packages/airflow/example_dags/example_dag_decorator.py took 0.271 seconds
[2025-04-13T19:06:22.706+0000] {processor.py:161} INFO - Started process (PID=13291) to work on /home/airflow/.local/lib/python3.8/site-packages/airflow/example_dags/example_dag_decorator.py
[2025-04-13T19:06:22.707+0000] {processor.py:830} INFO - Processing file /home/airflow/.local/lib/python3.8/site-packages/airflow/example_dags/example_dag_decorator.py for tasks to queue
[2025-04-13T19:06:22.709+0000] {logging_mixin.py:188} INFO - [2025-04-13T19:06:22.709+0000] {dagbag.py:538} INFO - Filling up the DagBag from /home/airflow/.local/lib/python3.8/site-packages/airflow/example_dags/example_dag_decorator.py
[2025-04-13T19:06:22.813+0000] {processor.py:840} INFO - DAG(s) 'example_dag_decorator' retrieved from /home/airflow/.local/lib/python3.8/site-packages/airflow/example_dags/example_dag_decorator.py
[2025-04-13T19:06:22.918+0000] {logging_mixin.py:188} INFO - [2025-04-13T19:06:22.918+0000] {dag.py:3036} INFO - Sync 1 DAGs
[2025-04-13T19:06:22.929+0000] {logging_mixin.py:188} INFO - [2025-04-13T19:06:22.929+0000] {dag.py:3823} INFO - Setting next_dagrun for example_dag_decorator to None, run_after=None
[2025-04-13T19:06:22.953+0000] {processor.py:183} INFO - Processing /home/airflow/.local/lib/python3.8/site-packages/airflow/example_dags/example_dag_decorator.py took 0.251 seconds
[2025-04-13T19:06:57.240+0000] {processor.py:161} INFO - Started process (PID=13346) to work on /home/airflow/.local/lib/python3.8/site-packages/airflow/example_dags/example_dag_decorator.py
[2025-04-13T19:06:57.245+0000] {processor.py:830} INFO - Processing file /home/airflow/.local/lib/python3.8/site-packages/airflow/example_dags/example_dag_decorator.py for tasks to queue
[2025-04-13T19:06:57.254+0000] {logging_mixin.py:188} INFO - [2025-04-13T19:06:57.254+0000] {dagbag.py:538} INFO - Filling up the DagBag from /home/airflow/.local/lib/python3.8/site-packages/airflow/example_dags/example_dag_decorator.py
[2025-04-13T19:06:57.474+0000] {processor.py:840} INFO - DAG(s) 'example_dag_decorator' retrieved from /home/airflow/.local/lib/python3.8/site-packages/airflow/example_dags/example_dag_decorator.py
[2025-04-13T19:06:58.017+0000] {logging_mixin.py:188} INFO - [2025-04-13T19:06:58.016+0000] {dag.py:3036} INFO - Sync 1 DAGs
[2025-04-13T19:06:58.050+0000] {logging_mixin.py:188} INFO - [2025-04-13T19:06:58.050+0000] {dag.py:3823} INFO - Setting next_dagrun for example_dag_decorator to None, run_after=None
[2025-04-13T19:06:58.109+0000] {processor.py:183} INFO - Processing /home/airflow/.local/lib/python3.8/site-packages/airflow/example_dags/example_dag_decorator.py took 0.878 seconds
[2025-04-13T19:07:29.569+0000] {processor.py:161} INFO - Started process (PID=13402) to work on /home/airflow/.local/lib/python3.8/site-packages/airflow/example_dags/example_dag_decorator.py
[2025-04-13T19:07:29.571+0000] {processor.py:830} INFO - Processing file /home/airflow/.local/lib/python3.8/site-packages/airflow/example_dags/example_dag_decorator.py for tasks to queue
[2025-04-13T19:07:29.574+0000] {logging_mixin.py:188} INFO - [2025-04-13T19:07:29.574+0000] {dagbag.py:538} INFO - Filling up the DagBag from /home/airflow/.local/lib/python3.8/site-packages/airflow/example_dags/example_dag_decorator.py
[2025-04-13T19:07:29.753+0000] {processor.py:840} INFO - DAG(s) 'example_dag_decorator' retrieved from /home/airflow/.local/lib/python3.8/site-packages/airflow/example_dags/example_dag_decorator.py
[2025-04-13T19:07:29.945+0000] {logging_mixin.py:188} INFO - [2025-04-13T19:07:29.944+0000] {dag.py:3036} INFO - Sync 1 DAGs
[2025-04-13T19:07:29.963+0000] {logging_mixin.py:188} INFO - [2025-04-13T19:07:29.963+0000] {dag.py:3823} INFO - Setting next_dagrun for example_dag_decorator to None, run_after=None
[2025-04-13T19:07:30.021+0000] {processor.py:183} INFO - Processing /home/airflow/.local/lib/python3.8/site-packages/airflow/example_dags/example_dag_decorator.py took 0.456 seconds
[2025-04-13T19:08:03.689+0000] {processor.py:161} INFO - Started process (PID=13457) to work on /home/airflow/.local/lib/python3.8/site-packages/airflow/example_dags/example_dag_decorator.py
[2025-04-13T19:08:03.690+0000] {processor.py:830} INFO - Processing file /home/airflow/.local/lib/python3.8/site-packages/airflow/example_dags/example_dag_decorator.py for tasks to queue
[2025-04-13T19:08:03.693+0000] {logging_mixin.py:188} INFO - [2025-04-13T19:08:03.692+0000] {dagbag.py:538} INFO - Filling up the DagBag from /home/airflow/.local/lib/python3.8/site-packages/airflow/example_dags/example_dag_decorator.py
[2025-04-13T19:08:03.840+0000] {processor.py:840} INFO - DAG(s) 'example_dag_decorator' retrieved from /home/airflow/.local/lib/python3.8/site-packages/airflow/example_dags/example_dag_decorator.py
[2025-04-13T19:08:03.995+0000] {logging_mixin.py:188} INFO - [2025-04-13T19:08:03.995+0000] {dag.py:3036} INFO - Sync 1 DAGs
[2025-04-13T19:08:04.010+0000] {logging_mixin.py:188} INFO - [2025-04-13T19:08:04.010+0000] {dag.py:3823} INFO - Setting next_dagrun for example_dag_decorator to None, run_after=None
[2025-04-13T19:08:04.039+0000] {processor.py:183} INFO - Processing /home/airflow/.local/lib/python3.8/site-packages/airflow/example_dags/example_dag_decorator.py took 0.353 seconds
[2025-04-13T19:08:35.298+0000] {processor.py:161} INFO - Started process (PID=13514) to work on /home/airflow/.local/lib/python3.8/site-packages/airflow/example_dags/example_dag_decorator.py
[2025-04-13T19:08:35.300+0000] {processor.py:830} INFO - Processing file /home/airflow/.local/lib/python3.8/site-packages/airflow/example_dags/example_dag_decorator.py for tasks to queue
[2025-04-13T19:08:35.303+0000] {logging_mixin.py:188} INFO - [2025-04-13T19:08:35.302+0000] {dagbag.py:538} INFO - Filling up the DagBag from /home/airflow/.local/lib/python3.8/site-packages/airflow/example_dags/example_dag_decorator.py
[2025-04-13T19:08:35.434+0000] {processor.py:840} INFO - DAG(s) 'example_dag_decorator' retrieved from /home/airflow/.local/lib/python3.8/site-packages/airflow/example_dags/example_dag_decorator.py
[2025-04-13T19:08:35.553+0000] {logging_mixin.py:188} INFO - [2025-04-13T19:08:35.553+0000] {dag.py:3036} INFO - Sync 1 DAGs
[2025-04-13T19:08:35.565+0000] {logging_mixin.py:188} INFO - [2025-04-13T19:08:35.565+0000] {dag.py:3823} INFO - Setting next_dagrun for example_dag_decorator to None, run_after=None
[2025-04-13T19:08:35.592+0000] {processor.py:183} INFO - Processing /home/airflow/.local/lib/python3.8/site-packages/airflow/example_dags/example_dag_decorator.py took 0.300 seconds
[2025-04-13T19:09:08.932+0000] {processor.py:161} INFO - Started process (PID=13569) to work on /home/airflow/.local/lib/python3.8/site-packages/airflow/example_dags/example_dag_decorator.py
[2025-04-13T19:09:08.934+0000] {processor.py:830} INFO - Processing file /home/airflow/.local/lib/python3.8/site-packages/airflow/example_dags/example_dag_decorator.py for tasks to queue
[2025-04-13T19:09:08.937+0000] {logging_mixin.py:188} INFO - [2025-04-13T19:09:08.936+0000] {dagbag.py:538} INFO - Filling up the DagBag from /home/airflow/.local/lib/python3.8/site-packages/airflow/example_dags/example_dag_decorator.py
[2025-04-13T19:09:09.064+0000] {processor.py:840} INFO - DAG(s) 'example_dag_decorator' retrieved from /home/airflow/.local/lib/python3.8/site-packages/airflow/example_dags/example_dag_decorator.py
[2025-04-13T19:09:09.234+0000] {logging_mixin.py:188} INFO - [2025-04-13T19:09:09.234+0000] {dag.py:3036} INFO - Sync 1 DAGs
[2025-04-13T19:09:09.257+0000] {logging_mixin.py:188} INFO - [2025-04-13T19:09:09.254+0000] {dag.py:3823} INFO - Setting next_dagrun for example_dag_decorator to None, run_after=None
[2025-04-13T19:09:09.327+0000] {processor.py:183} INFO - Processing /home/airflow/.local/lib/python3.8/site-packages/airflow/example_dags/example_dag_decorator.py took 0.399 seconds
[2025-04-13T19:09:42.231+0000] {processor.py:161} INFO - Started process (PID=13625) to work on /home/airflow/.local/lib/python3.8/site-packages/airflow/example_dags/example_dag_decorator.py
[2025-04-13T19:09:42.234+0000] {processor.py:830} INFO - Processing file /home/airflow/.local/lib/python3.8/site-packages/airflow/example_dags/example_dag_decorator.py for tasks to queue
[2025-04-13T19:09:42.237+0000] {logging_mixin.py:188} INFO - [2025-04-13T19:09:42.237+0000] {dagbag.py:538} INFO - Filling up the DagBag from /home/airflow/.local/lib/python3.8/site-packages/airflow/example_dags/example_dag_decorator.py
[2025-04-13T19:09:42.380+0000] {processor.py:840} INFO - DAG(s) 'example_dag_decorator' retrieved from /home/airflow/.local/lib/python3.8/site-packages/airflow/example_dags/example_dag_decorator.py
[2025-04-13T19:09:42.440+0000] {logging_mixin.py:188} INFO - [2025-04-13T19:09:42.439+0000] {dag.py:3036} INFO - Sync 1 DAGs
[2025-04-13T19:09:42.477+0000] {logging_mixin.py:188} INFO - [2025-04-13T19:09:42.476+0000] {dag.py:3823} INFO - Setting next_dagrun for example_dag_decorator to None, run_after=None
[2025-04-13T19:09:42.576+0000] {processor.py:183} INFO - Processing /home/airflow/.local/lib/python3.8/site-packages/airflow/example_dags/example_dag_decorator.py took 0.349 seconds
[2025-04-13T19:10:16.995+0000] {processor.py:161} INFO - Started process (PID=13681) to work on /home/airflow/.local/lib/python3.8/site-packages/airflow/example_dags/example_dag_decorator.py
[2025-04-13T19:10:16.996+0000] {processor.py:830} INFO - Processing file /home/airflow/.local/lib/python3.8/site-packages/airflow/example_dags/example_dag_decorator.py for tasks to queue
[2025-04-13T19:10:16.999+0000] {logging_mixin.py:188} INFO - [2025-04-13T19:10:16.999+0000] {dagbag.py:538} INFO - Filling up the DagBag from /home/airflow/.local/lib/python3.8/site-packages/airflow/example_dags/example_dag_decorator.py
[2025-04-13T19:10:17.135+0000] {processor.py:840} INFO - DAG(s) 'example_dag_decorator' retrieved from /home/airflow/.local/lib/python3.8/site-packages/airflow/example_dags/example_dag_decorator.py
[2025-04-13T19:10:17.300+0000] {logging_mixin.py:188} INFO - [2025-04-13T19:10:17.300+0000] {dag.py:3036} INFO - Sync 1 DAGs
[2025-04-13T19:10:17.322+0000] {logging_mixin.py:188} INFO - [2025-04-13T19:10:17.322+0000] {dag.py:3823} INFO - Setting next_dagrun for example_dag_decorator to None, run_after=None
[2025-04-13T19:10:17.355+0000] {processor.py:183} INFO - Processing /home/airflow/.local/lib/python3.8/site-packages/airflow/example_dags/example_dag_decorator.py took 0.365 seconds
[2025-04-13T19:10:51.296+0000] {processor.py:161} INFO - Started process (PID=13737) to work on /home/airflow/.local/lib/python3.8/site-packages/airflow/example_dags/example_dag_decorator.py
[2025-04-13T19:10:51.305+0000] {processor.py:830} INFO - Processing file /home/airflow/.local/lib/python3.8/site-packages/airflow/example_dags/example_dag_decorator.py for tasks to queue
[2025-04-13T19:10:51.308+0000] {logging_mixin.py:188} INFO - [2025-04-13T19:10:51.307+0000] {dagbag.py:538} INFO - Filling up the DagBag from /home/airflow/.local/lib/python3.8/site-packages/airflow/example_dags/example_dag_decorator.py
[2025-04-13T19:10:51.651+0000] {processor.py:840} INFO - DAG(s) 'example_dag_decorator' retrieved from /home/airflow/.local/lib/python3.8/site-packages/airflow/example_dags/example_dag_decorator.py
[2025-04-13T19:10:51.878+0000] {logging_mixin.py:188} INFO - [2025-04-13T19:10:51.878+0000] {dag.py:3036} INFO - Sync 1 DAGs
[2025-04-13T19:10:51.895+0000] {logging_mixin.py:188} INFO - [2025-04-13T19:10:51.895+0000] {dag.py:3823} INFO - Setting next_dagrun for example_dag_decorator to None, run_after=None
[2025-04-13T19:10:51.944+0000] {processor.py:183} INFO - Processing /home/airflow/.local/lib/python3.8/site-packages/airflow/example_dags/example_dag_decorator.py took 0.653 seconds
[2025-04-13T19:11:22.565+0000] {processor.py:161} INFO - Started process (PID=13793) to work on /home/airflow/.local/lib/python3.8/site-packages/airflow/example_dags/example_dag_decorator.py
[2025-04-13T19:11:22.566+0000] {processor.py:830} INFO - Processing file /home/airflow/.local/lib/python3.8/site-packages/airflow/example_dags/example_dag_decorator.py for tasks to queue
[2025-04-13T19:11:22.569+0000] {logging_mixin.py:188} INFO - [2025-04-13T19:11:22.569+0000] {dagbag.py:538} INFO - Filling up the DagBag from /home/airflow/.local/lib/python3.8/site-packages/airflow/example_dags/example_dag_decorator.py
[2025-04-13T19:11:22.766+0000] {processor.py:840} INFO - DAG(s) 'example_dag_decorator' retrieved from /home/airflow/.local/lib/python3.8/site-packages/airflow/example_dags/example_dag_decorator.py
[2025-04-13T19:11:22.903+0000] {logging_mixin.py:188} INFO - [2025-04-13T19:11:22.903+0000] {dag.py:3036} INFO - Sync 1 DAGs
[2025-04-13T19:11:22.917+0000] {logging_mixin.py:188} INFO - [2025-04-13T19:11:22.917+0000] {dag.py:3823} INFO - Setting next_dagrun for example_dag_decorator to None, run_after=None
[2025-04-13T19:11:22.948+0000] {processor.py:183} INFO - Processing /home/airflow/.local/lib/python3.8/site-packages/airflow/example_dags/example_dag_decorator.py took 0.387 seconds
[2025-04-13T19:11:58.006+0000] {processor.py:161} INFO - Started process (PID=13849) to work on /home/airflow/.local/lib/python3.8/site-packages/airflow/example_dags/example_dag_decorator.py
[2025-04-13T19:11:58.007+0000] {processor.py:830} INFO - Processing file /home/airflow/.local/lib/python3.8/site-packages/airflow/example_dags/example_dag_decorator.py for tasks to queue
[2025-04-13T19:11:58.009+0000] {logging_mixin.py:188} INFO - [2025-04-13T19:11:58.009+0000] {dagbag.py:538} INFO - Filling up the DagBag from /home/airflow/.local/lib/python3.8/site-packages/airflow/example_dags/example_dag_decorator.py
[2025-04-13T19:11:58.162+0000] {processor.py:840} INFO - DAG(s) 'example_dag_decorator' retrieved from /home/airflow/.local/lib/python3.8/site-packages/airflow/example_dags/example_dag_decorator.py
[2025-04-13T19:11:58.331+0000] {logging_mixin.py:188} INFO - [2025-04-13T19:11:58.331+0000] {dag.py:3036} INFO - Sync 1 DAGs
[2025-04-13T19:11:58.351+0000] {logging_mixin.py:188} INFO - [2025-04-13T19:11:58.351+0000] {dag.py:3823} INFO - Setting next_dagrun for example_dag_decorator to None, run_after=None
[2025-04-13T19:11:58.389+0000] {processor.py:183} INFO - Processing /home/airflow/.local/lib/python3.8/site-packages/airflow/example_dags/example_dag_decorator.py took 0.387 seconds
[2025-04-13T19:12:29.173+0000] {processor.py:161} INFO - Started process (PID=13906) to work on /home/airflow/.local/lib/python3.8/site-packages/airflow/example_dags/example_dag_decorator.py
[2025-04-13T19:12:29.175+0000] {processor.py:830} INFO - Processing file /home/airflow/.local/lib/python3.8/site-packages/airflow/example_dags/example_dag_decorator.py for tasks to queue
[2025-04-13T19:12:29.182+0000] {logging_mixin.py:188} INFO - [2025-04-13T19:12:29.181+0000] {dagbag.py:538} INFO - Filling up the DagBag from /home/airflow/.local/lib/python3.8/site-packages/airflow/example_dags/example_dag_decorator.py
[2025-04-13T19:12:29.342+0000] {processor.py:840} INFO - DAG(s) 'example_dag_decorator' retrieved from /home/airflow/.local/lib/python3.8/site-packages/airflow/example_dags/example_dag_decorator.py
[2025-04-13T19:12:29.639+0000] {logging_mixin.py:188} INFO - [2025-04-13T19:12:29.639+0000] {dag.py:3036} INFO - Sync 1 DAGs
[2025-04-13T19:12:29.683+0000] {logging_mixin.py:188} INFO - [2025-04-13T19:12:29.683+0000] {dag.py:3823} INFO - Setting next_dagrun for example_dag_decorator to None, run_after=None
[2025-04-13T19:12:29.749+0000] {processor.py:183} INFO - Processing /home/airflow/.local/lib/python3.8/site-packages/airflow/example_dags/example_dag_decorator.py took 0.581 seconds
[2025-04-13T19:13:01.699+0000] {processor.py:161} INFO - Started process (PID=13961) to work on /home/airflow/.local/lib/python3.8/site-packages/airflow/example_dags/example_dag_decorator.py
[2025-04-13T19:13:01.701+0000] {processor.py:830} INFO - Processing file /home/airflow/.local/lib/python3.8/site-packages/airflow/example_dags/example_dag_decorator.py for tasks to queue
[2025-04-13T19:13:01.706+0000] {logging_mixin.py:188} INFO - [2025-04-13T19:13:01.704+0000] {dagbag.py:538} INFO - Filling up the DagBag from /home/airflow/.local/lib/python3.8/site-packages/airflow/example_dags/example_dag_decorator.py
[2025-04-13T19:13:01.820+0000] {processor.py:840} INFO - DAG(s) 'example_dag_decorator' retrieved from /home/airflow/.local/lib/python3.8/site-packages/airflow/example_dags/example_dag_decorator.py
[2025-04-13T19:13:01.940+0000] {logging_mixin.py:188} INFO - [2025-04-13T19:13:01.939+0000] {dag.py:3036} INFO - Sync 1 DAGs
[2025-04-13T19:13:01.955+0000] {logging_mixin.py:188} INFO - [2025-04-13T19:13:01.954+0000] {dag.py:3823} INFO - Setting next_dagrun for example_dag_decorator to None, run_after=None
[2025-04-13T19:13:01.982+0000] {processor.py:183} INFO - Processing /home/airflow/.local/lib/python3.8/site-packages/airflow/example_dags/example_dag_decorator.py took 0.290 seconds
[2025-04-13T19:13:34.846+0000] {processor.py:161} INFO - Started process (PID=14017) to work on /home/airflow/.local/lib/python3.8/site-packages/airflow/example_dags/example_dag_decorator.py
[2025-04-13T19:13:34.848+0000] {processor.py:830} INFO - Processing file /home/airflow/.local/lib/python3.8/site-packages/airflow/example_dags/example_dag_decorator.py for tasks to queue
[2025-04-13T19:13:34.850+0000] {logging_mixin.py:188} INFO - [2025-04-13T19:13:34.850+0000] {dagbag.py:538} INFO - Filling up the DagBag from /home/airflow/.local/lib/python3.8/site-packages/airflow/example_dags/example_dag_decorator.py
[2025-04-13T19:13:34.965+0000] {processor.py:840} INFO - DAG(s) 'example_dag_decorator' retrieved from /home/airflow/.local/lib/python3.8/site-packages/airflow/example_dags/example_dag_decorator.py
[2025-04-13T19:13:34.995+0000] {logging_mixin.py:188} INFO - [2025-04-13T19:13:34.995+0000] {dag.py:3036} INFO - Sync 1 DAGs
[2025-04-13T19:13:35.010+0000] {logging_mixin.py:188} INFO - [2025-04-13T19:13:35.009+0000] {dag.py:3823} INFO - Setting next_dagrun for example_dag_decorator to None, run_after=None
[2025-04-13T19:13:35.033+0000] {processor.py:183} INFO - Processing /home/airflow/.local/lib/python3.8/site-packages/airflow/example_dags/example_dag_decorator.py took 0.192 seconds
[2025-04-13T19:14:07.980+0000] {processor.py:161} INFO - Started process (PID=14073) to work on /home/airflow/.local/lib/python3.8/site-packages/airflow/example_dags/example_dag_decorator.py
[2025-04-13T19:14:07.982+0000] {processor.py:830} INFO - Processing file /home/airflow/.local/lib/python3.8/site-packages/airflow/example_dags/example_dag_decorator.py for tasks to queue
[2025-04-13T19:14:07.984+0000] {logging_mixin.py:188} INFO - [2025-04-13T19:14:07.984+0000] {dagbag.py:538} INFO - Filling up the DagBag from /home/airflow/.local/lib/python3.8/site-packages/airflow/example_dags/example_dag_decorator.py
[2025-04-13T19:14:08.098+0000] {processor.py:840} INFO - DAG(s) 'example_dag_decorator' retrieved from /home/airflow/.local/lib/python3.8/site-packages/airflow/example_dags/example_dag_decorator.py
[2025-04-13T19:14:08.220+0000] {logging_mixin.py:188} INFO - [2025-04-13T19:14:08.220+0000] {dag.py:3036} INFO - Sync 1 DAGs
[2025-04-13T19:14:08.232+0000] {logging_mixin.py:188} INFO - [2025-04-13T19:14:08.231+0000] {dag.py:3823} INFO - Setting next_dagrun for example_dag_decorator to None, run_after=None
[2025-04-13T19:14:08.259+0000] {processor.py:183} INFO - Processing /home/airflow/.local/lib/python3.8/site-packages/airflow/example_dags/example_dag_decorator.py took 0.282 seconds
[2025-04-13T19:14:41.823+0000] {processor.py:161} INFO - Started process (PID=14128) to work on /home/airflow/.local/lib/python3.8/site-packages/airflow/example_dags/example_dag_decorator.py
[2025-04-13T19:14:41.826+0000] {processor.py:830} INFO - Processing file /home/airflow/.local/lib/python3.8/site-packages/airflow/example_dags/example_dag_decorator.py for tasks to queue
[2025-04-13T19:14:41.834+0000] {logging_mixin.py:188} INFO - [2025-04-13T19:14:41.834+0000] {dagbag.py:538} INFO - Filling up the DagBag from /home/airflow/.local/lib/python3.8/site-packages/airflow/example_dags/example_dag_decorator.py
[2025-04-13T19:14:42.024+0000] {processor.py:840} INFO - DAG(s) 'example_dag_decorator' retrieved from /home/airflow/.local/lib/python3.8/site-packages/airflow/example_dags/example_dag_decorator.py
[2025-04-13T19:14:42.067+0000] {logging_mixin.py:188} INFO - [2025-04-13T19:14:42.066+0000] {dag.py:3036} INFO - Sync 1 DAGs
[2025-04-13T19:14:42.088+0000] {logging_mixin.py:188} INFO - [2025-04-13T19:14:42.088+0000] {dag.py:3823} INFO - Setting next_dagrun for example_dag_decorator to None, run_after=None
[2025-04-13T19:14:42.120+0000] {processor.py:183} INFO - Processing /home/airflow/.local/lib/python3.8/site-packages/airflow/example_dags/example_dag_decorator.py took 0.307 seconds
[2025-04-13T19:15:16.864+0000] {processor.py:161} INFO - Started process (PID=14184) to work on /home/airflow/.local/lib/python3.8/site-packages/airflow/example_dags/example_dag_decorator.py
[2025-04-13T19:15:16.866+0000] {processor.py:830} INFO - Processing file /home/airflow/.local/lib/python3.8/site-packages/airflow/example_dags/example_dag_decorator.py for tasks to queue
[2025-04-13T19:15:16.869+0000] {logging_mixin.py:188} INFO - [2025-04-13T19:15:16.869+0000] {dagbag.py:538} INFO - Filling up the DagBag from /home/airflow/.local/lib/python3.8/site-packages/airflow/example_dags/example_dag_decorator.py
[2025-04-13T19:15:17.044+0000] {processor.py:840} INFO - DAG(s) 'example_dag_decorator' retrieved from /home/airflow/.local/lib/python3.8/site-packages/airflow/example_dags/example_dag_decorator.py
[2025-04-13T19:15:17.192+0000] {logging_mixin.py:188} INFO - [2025-04-13T19:15:17.191+0000] {dag.py:3036} INFO - Sync 1 DAGs
[2025-04-13T19:15:17.209+0000] {logging_mixin.py:188} INFO - [2025-04-13T19:15:17.208+0000] {dag.py:3823} INFO - Setting next_dagrun for example_dag_decorator to None, run_after=None
[2025-04-13T19:15:17.239+0000] {processor.py:183} INFO - Processing /home/airflow/.local/lib/python3.8/site-packages/airflow/example_dags/example_dag_decorator.py took 0.381 seconds
[2025-04-13T19:15:51.285+0000] {processor.py:161} INFO - Started process (PID=14240) to work on /home/airflow/.local/lib/python3.8/site-packages/airflow/example_dags/example_dag_decorator.py
[2025-04-13T19:15:51.292+0000] {processor.py:830} INFO - Processing file /home/airflow/.local/lib/python3.8/site-packages/airflow/example_dags/example_dag_decorator.py for tasks to queue
[2025-04-13T19:15:51.296+0000] {logging_mixin.py:188} INFO - [2025-04-13T19:15:51.295+0000] {dagbag.py:538} INFO - Filling up the DagBag from /home/airflow/.local/lib/python3.8/site-packages/airflow/example_dags/example_dag_decorator.py
[2025-04-13T19:15:51.570+0000] {processor.py:840} INFO - DAG(s) 'example_dag_decorator' retrieved from /home/airflow/.local/lib/python3.8/site-packages/airflow/example_dags/example_dag_decorator.py
[2025-04-13T19:15:51.710+0000] {logging_mixin.py:188} INFO - [2025-04-13T19:15:51.710+0000] {dag.py:3036} INFO - Sync 1 DAGs
[2025-04-13T19:15:51.733+0000] {logging_mixin.py:188} INFO - [2025-04-13T19:15:51.733+0000] {dag.py:3823} INFO - Setting next_dagrun for example_dag_decorator to None, run_after=None
[2025-04-13T19:15:51.764+0000] {processor.py:183} INFO - Processing /home/airflow/.local/lib/python3.8/site-packages/airflow/example_dags/example_dag_decorator.py took 0.486 seconds
[2025-04-13T19:16:22.835+0000] {processor.py:161} INFO - Started process (PID=14296) to work on /home/airflow/.local/lib/python3.8/site-packages/airflow/example_dags/example_dag_decorator.py
[2025-04-13T19:16:22.837+0000] {processor.py:830} INFO - Processing file /home/airflow/.local/lib/python3.8/site-packages/airflow/example_dags/example_dag_decorator.py for tasks to queue
[2025-04-13T19:16:22.840+0000] {logging_mixin.py:188} INFO - [2025-04-13T19:16:22.840+0000] {dagbag.py:538} INFO - Filling up the DagBag from /home/airflow/.local/lib/python3.8/site-packages/airflow/example_dags/example_dag_decorator.py
[2025-04-13T19:16:23.101+0000] {processor.py:840} INFO - DAG(s) 'example_dag_decorator' retrieved from /home/airflow/.local/lib/python3.8/site-packages/airflow/example_dags/example_dag_decorator.py
[2025-04-13T19:16:23.252+0000] {logging_mixin.py:188} INFO - [2025-04-13T19:16:23.252+0000] {dag.py:3036} INFO - Sync 1 DAGs
[2025-04-13T19:16:23.265+0000] {logging_mixin.py:188} INFO - [2025-04-13T19:16:23.265+0000] {dag.py:3823} INFO - Setting next_dagrun for example_dag_decorator to None, run_after=None
[2025-04-13T19:16:23.289+0000] {processor.py:183} INFO - Processing /home/airflow/.local/lib/python3.8/site-packages/airflow/example_dags/example_dag_decorator.py took 0.463 seconds
[2025-04-13T19:16:55.533+0000] {processor.py:161} INFO - Started process (PID=14352) to work on /home/airflow/.local/lib/python3.8/site-packages/airflow/example_dags/example_dag_decorator.py
[2025-04-13T19:16:55.535+0000] {processor.py:830} INFO - Processing file /home/airflow/.local/lib/python3.8/site-packages/airflow/example_dags/example_dag_decorator.py for tasks to queue
[2025-04-13T19:16:55.539+0000] {logging_mixin.py:188} INFO - [2025-04-13T19:16:55.538+0000] {dagbag.py:538} INFO - Filling up the DagBag from /home/airflow/.local/lib/python3.8/site-packages/airflow/example_dags/example_dag_decorator.py
[2025-04-13T19:16:55.753+0000] {processor.py:840} INFO - DAG(s) 'example_dag_decorator' retrieved from /home/airflow/.local/lib/python3.8/site-packages/airflow/example_dags/example_dag_decorator.py
[2025-04-13T19:16:55.795+0000] {logging_mixin.py:188} INFO - [2025-04-13T19:16:55.795+0000] {dag.py:3036} INFO - Sync 1 DAGs
[2025-04-13T19:16:55.812+0000] {logging_mixin.py:188} INFO - [2025-04-13T19:16:55.812+0000] {dag.py:3823} INFO - Setting next_dagrun for example_dag_decorator to None, run_after=None
[2025-04-13T19:16:55.861+0000] {processor.py:183} INFO - Processing /home/airflow/.local/lib/python3.8/site-packages/airflow/example_dags/example_dag_decorator.py took 0.333 seconds
[2025-04-13T19:17:29.039+0000] {processor.py:161} INFO - Started process (PID=14408) to work on /home/airflow/.local/lib/python3.8/site-packages/airflow/example_dags/example_dag_decorator.py
[2025-04-13T19:17:29.040+0000] {processor.py:830} INFO - Processing file /home/airflow/.local/lib/python3.8/site-packages/airflow/example_dags/example_dag_decorator.py for tasks to queue
[2025-04-13T19:17:29.046+0000] {logging_mixin.py:188} INFO - [2025-04-13T19:17:29.045+0000] {dagbag.py:538} INFO - Filling up the DagBag from /home/airflow/.local/lib/python3.8/site-packages/airflow/example_dags/example_dag_decorator.py
[2025-04-13T19:17:29.203+0000] {processor.py:840} INFO - DAG(s) 'example_dag_decorator' retrieved from /home/airflow/.local/lib/python3.8/site-packages/airflow/example_dags/example_dag_decorator.py
[2025-04-13T19:17:29.274+0000] {logging_mixin.py:188} INFO - [2025-04-13T19:17:29.273+0000] {dag.py:3036} INFO - Sync 1 DAGs
[2025-04-13T19:17:29.301+0000] {logging_mixin.py:188} INFO - [2025-04-13T19:17:29.300+0000] {dag.py:3823} INFO - Setting next_dagrun for example_dag_decorator to None, run_after=None
[2025-04-13T19:17:29.340+0000] {processor.py:183} INFO - Processing /home/airflow/.local/lib/python3.8/site-packages/airflow/example_dags/example_dag_decorator.py took 0.306 seconds
[2025-04-13T19:18:01.938+0000] {processor.py:161} INFO - Started process (PID=14464) to work on /home/airflow/.local/lib/python3.8/site-packages/airflow/example_dags/example_dag_decorator.py
[2025-04-13T19:18:01.944+0000] {processor.py:830} INFO - Processing file /home/airflow/.local/lib/python3.8/site-packages/airflow/example_dags/example_dag_decorator.py for tasks to queue
[2025-04-13T19:18:01.948+0000] {logging_mixin.py:188} INFO - [2025-04-13T19:18:01.947+0000] {dagbag.py:538} INFO - Filling up the DagBag from /home/airflow/.local/lib/python3.8/site-packages/airflow/example_dags/example_dag_decorator.py
[2025-04-13T19:18:02.192+0000] {processor.py:840} INFO - DAG(s) 'example_dag_decorator' retrieved from /home/airflow/.local/lib/python3.8/site-packages/airflow/example_dags/example_dag_decorator.py
[2025-04-13T19:18:02.472+0000] {logging_mixin.py:188} INFO - [2025-04-13T19:18:02.472+0000] {dag.py:3036} INFO - Sync 1 DAGs
[2025-04-13T19:18:02.489+0000] {logging_mixin.py:188} INFO - [2025-04-13T19:18:02.489+0000] {dag.py:3823} INFO - Setting next_dagrun for example_dag_decorator to None, run_after=None
[2025-04-13T19:18:02.544+0000] {processor.py:183} INFO - Processing /home/airflow/.local/lib/python3.8/site-packages/airflow/example_dags/example_dag_decorator.py took 0.625 seconds
[2025-04-13T19:18:36.759+0000] {processor.py:161} INFO - Started process (PID=14523) to work on /home/airflow/.local/lib/python3.8/site-packages/airflow/example_dags/example_dag_decorator.py
[2025-04-13T19:18:36.761+0000] {processor.py:830} INFO - Processing file /home/airflow/.local/lib/python3.8/site-packages/airflow/example_dags/example_dag_decorator.py for tasks to queue
[2025-04-13T19:18:36.763+0000] {logging_mixin.py:188} INFO - [2025-04-13T19:18:36.763+0000] {dagbag.py:538} INFO - Filling up the DagBag from /home/airflow/.local/lib/python3.8/site-packages/airflow/example_dags/example_dag_decorator.py
[2025-04-13T19:18:36.939+0000] {processor.py:840} INFO - DAG(s) 'example_dag_decorator' retrieved from /home/airflow/.local/lib/python3.8/site-packages/airflow/example_dags/example_dag_decorator.py
[2025-04-13T19:18:37.251+0000] {logging_mixin.py:188} INFO - [2025-04-13T19:18:37.250+0000] {dag.py:3036} INFO - Sync 1 DAGs
[2025-04-13T19:18:37.296+0000] {logging_mixin.py:188} INFO - [2025-04-13T19:18:37.295+0000] {dag.py:3823} INFO - Setting next_dagrun for example_dag_decorator to None, run_after=None
[2025-04-13T19:18:37.372+0000] {processor.py:183} INFO - Processing /home/airflow/.local/lib/python3.8/site-packages/airflow/example_dags/example_dag_decorator.py took 0.618 seconds
[2025-04-13T19:19:09.594+0000] {processor.py:161} INFO - Started process (PID=14579) to work on /home/airflow/.local/lib/python3.8/site-packages/airflow/example_dags/example_dag_decorator.py
[2025-04-13T19:19:09.596+0000] {processor.py:830} INFO - Processing file /home/airflow/.local/lib/python3.8/site-packages/airflow/example_dags/example_dag_decorator.py for tasks to queue
[2025-04-13T19:19:09.600+0000] {logging_mixin.py:188} INFO - [2025-04-13T19:19:09.599+0000] {dagbag.py:538} INFO - Filling up the DagBag from /home/airflow/.local/lib/python3.8/site-packages/airflow/example_dags/example_dag_decorator.py
[2025-04-13T19:19:09.835+0000] {processor.py:840} INFO - DAG(s) 'example_dag_decorator' retrieved from /home/airflow/.local/lib/python3.8/site-packages/airflow/example_dags/example_dag_decorator.py
[2025-04-13T19:19:10.051+0000] {logging_mixin.py:188} INFO - [2025-04-13T19:19:10.051+0000] {dag.py:3036} INFO - Sync 1 DAGs
[2025-04-13T19:19:10.073+0000] {logging_mixin.py:188} INFO - [2025-04-13T19:19:10.073+0000] {dag.py:3823} INFO - Setting next_dagrun for example_dag_decorator to None, run_after=None
[2025-04-13T19:19:10.109+0000] {processor.py:183} INFO - Processing /home/airflow/.local/lib/python3.8/site-packages/airflow/example_dags/example_dag_decorator.py took 0.522 seconds
[2025-04-13T19:19:43.340+0000] {processor.py:161} INFO - Started process (PID=14635) to work on /home/airflow/.local/lib/python3.8/site-packages/airflow/example_dags/example_dag_decorator.py
[2025-04-13T19:19:43.342+0000] {processor.py:830} INFO - Processing file /home/airflow/.local/lib/python3.8/site-packages/airflow/example_dags/example_dag_decorator.py for tasks to queue
[2025-04-13T19:19:43.344+0000] {logging_mixin.py:188} INFO - [2025-04-13T19:19:43.344+0000] {dagbag.py:538} INFO - Filling up the DagBag from /home/airflow/.local/lib/python3.8/site-packages/airflow/example_dags/example_dag_decorator.py
[2025-04-13T19:19:43.484+0000] {processor.py:840} INFO - DAG(s) 'example_dag_decorator' retrieved from /home/airflow/.local/lib/python3.8/site-packages/airflow/example_dags/example_dag_decorator.py
[2025-04-13T19:19:43.629+0000] {logging_mixin.py:188} INFO - [2025-04-13T19:19:43.629+0000] {dag.py:3036} INFO - Sync 1 DAGs
[2025-04-13T19:19:43.647+0000] {logging_mixin.py:188} INFO - [2025-04-13T19:19:43.646+0000] {dag.py:3823} INFO - Setting next_dagrun for example_dag_decorator to None, run_after=None
[2025-04-13T19:19:43.679+0000] {processor.py:183} INFO - Processing /home/airflow/.local/lib/python3.8/site-packages/airflow/example_dags/example_dag_decorator.py took 0.342 seconds
[2025-04-13T19:20:16.048+0000] {processor.py:161} INFO - Started process (PID=14691) to work on /home/airflow/.local/lib/python3.8/site-packages/airflow/example_dags/example_dag_decorator.py
[2025-04-13T19:20:16.049+0000] {processor.py:830} INFO - Processing file /home/airflow/.local/lib/python3.8/site-packages/airflow/example_dags/example_dag_decorator.py for tasks to queue
[2025-04-13T19:20:16.052+0000] {logging_mixin.py:188} INFO - [2025-04-13T19:20:16.052+0000] {dagbag.py:538} INFO - Filling up the DagBag from /home/airflow/.local/lib/python3.8/site-packages/airflow/example_dags/example_dag_decorator.py
[2025-04-13T19:20:16.253+0000] {processor.py:840} INFO - DAG(s) 'example_dag_decorator' retrieved from /home/airflow/.local/lib/python3.8/site-packages/airflow/example_dags/example_dag_decorator.py
[2025-04-13T19:20:16.290+0000] {logging_mixin.py:188} INFO - [2025-04-13T19:20:16.290+0000] {dag.py:3036} INFO - Sync 1 DAGs
[2025-04-13T19:20:16.310+0000] {logging_mixin.py:188} INFO - [2025-04-13T19:20:16.309+0000] {dag.py:3823} INFO - Setting next_dagrun for example_dag_decorator to None, run_after=None
[2025-04-13T19:20:16.359+0000] {processor.py:183} INFO - Processing /home/airflow/.local/lib/python3.8/site-packages/airflow/example_dags/example_dag_decorator.py took 0.317 seconds
[2025-04-13T19:20:50.355+0000] {processor.py:161} INFO - Started process (PID=14747) to work on /home/airflow/.local/lib/python3.8/site-packages/airflow/example_dags/example_dag_decorator.py
[2025-04-13T19:20:50.357+0000] {processor.py:830} INFO - Processing file /home/airflow/.local/lib/python3.8/site-packages/airflow/example_dags/example_dag_decorator.py for tasks to queue
[2025-04-13T19:20:50.360+0000] {logging_mixin.py:188} INFO - [2025-04-13T19:20:50.359+0000] {dagbag.py:538} INFO - Filling up the DagBag from /home/airflow/.local/lib/python3.8/site-packages/airflow/example_dags/example_dag_decorator.py
[2025-04-13T19:20:50.525+0000] {processor.py:840} INFO - DAG(s) 'example_dag_decorator' retrieved from /home/airflow/.local/lib/python3.8/site-packages/airflow/example_dags/example_dag_decorator.py
[2025-04-13T19:20:50.554+0000] {logging_mixin.py:188} INFO - [2025-04-13T19:20:50.553+0000] {dag.py:3036} INFO - Sync 1 DAGs
[2025-04-13T19:20:50.569+0000] {logging_mixin.py:188} INFO - [2025-04-13T19:20:50.569+0000] {dag.py:3823} INFO - Setting next_dagrun for example_dag_decorator to None, run_after=None
[2025-04-13T19:20:50.595+0000] {processor.py:183} INFO - Processing /home/airflow/.local/lib/python3.8/site-packages/airflow/example_dags/example_dag_decorator.py took 0.245 seconds
[2025-04-13T19:21:22.925+0000] {processor.py:161} INFO - Started process (PID=14803) to work on /home/airflow/.local/lib/python3.8/site-packages/airflow/example_dags/example_dag_decorator.py
[2025-04-13T19:21:22.927+0000] {processor.py:830} INFO - Processing file /home/airflow/.local/lib/python3.8/site-packages/airflow/example_dags/example_dag_decorator.py for tasks to queue
[2025-04-13T19:21:22.929+0000] {logging_mixin.py:188} INFO - [2025-04-13T19:21:22.928+0000] {dagbag.py:538} INFO - Filling up the DagBag from /home/airflow/.local/lib/python3.8/site-packages/airflow/example_dags/example_dag_decorator.py
[2025-04-13T19:21:23.077+0000] {processor.py:840} INFO - DAG(s) 'example_dag_decorator' retrieved from /home/airflow/.local/lib/python3.8/site-packages/airflow/example_dags/example_dag_decorator.py
[2025-04-13T19:21:23.108+0000] {logging_mixin.py:188} INFO - [2025-04-13T19:21:23.108+0000] {dag.py:3036} INFO - Sync 1 DAGs
[2025-04-13T19:21:23.127+0000] {logging_mixin.py:188} INFO - [2025-04-13T19:21:23.127+0000] {dag.py:3823} INFO - Setting next_dagrun for example_dag_decorator to None, run_after=None
[2025-04-13T19:21:23.158+0000] {processor.py:183} INFO - Processing /home/airflow/.local/lib/python3.8/site-packages/airflow/example_dags/example_dag_decorator.py took 0.241 seconds
[2025-04-13T19:21:55.266+0000] {processor.py:161} INFO - Started process (PID=14860) to work on /home/airflow/.local/lib/python3.8/site-packages/airflow/example_dags/example_dag_decorator.py
[2025-04-13T19:21:55.268+0000] {processor.py:830} INFO - Processing file /home/airflow/.local/lib/python3.8/site-packages/airflow/example_dags/example_dag_decorator.py for tasks to queue
[2025-04-13T19:21:55.271+0000] {logging_mixin.py:188} INFO - [2025-04-13T19:21:55.270+0000] {dagbag.py:538} INFO - Filling up the DagBag from /home/airflow/.local/lib/python3.8/site-packages/airflow/example_dags/example_dag_decorator.py
[2025-04-13T19:21:55.435+0000] {processor.py:840} INFO - DAG(s) 'example_dag_decorator' retrieved from /home/airflow/.local/lib/python3.8/site-packages/airflow/example_dags/example_dag_decorator.py
[2025-04-13T19:21:55.471+0000] {logging_mixin.py:188} INFO - [2025-04-13T19:21:55.471+0000] {dag.py:3036} INFO - Sync 1 DAGs
[2025-04-13T19:21:55.498+0000] {logging_mixin.py:188} INFO - [2025-04-13T19:21:55.497+0000] {dag.py:3823} INFO - Setting next_dagrun for example_dag_decorator to None, run_after=None
[2025-04-13T19:21:55.526+0000] {processor.py:183} INFO - Processing /home/airflow/.local/lib/python3.8/site-packages/airflow/example_dags/example_dag_decorator.py took 0.271 seconds
[2025-04-13T19:22:29.043+0000] {processor.py:161} INFO - Started process (PID=14916) to work on /home/airflow/.local/lib/python3.8/site-packages/airflow/example_dags/example_dag_decorator.py
[2025-04-13T19:22:29.044+0000] {processor.py:830} INFO - Processing file /home/airflow/.local/lib/python3.8/site-packages/airflow/example_dags/example_dag_decorator.py for tasks to queue
[2025-04-13T19:22:29.046+0000] {logging_mixin.py:188} INFO - [2025-04-13T19:22:29.046+0000] {dagbag.py:538} INFO - Filling up the DagBag from /home/airflow/.local/lib/python3.8/site-packages/airflow/example_dags/example_dag_decorator.py
[2025-04-13T19:22:29.204+0000] {processor.py:840} INFO - DAG(s) 'example_dag_decorator' retrieved from /home/airflow/.local/lib/python3.8/site-packages/airflow/example_dags/example_dag_decorator.py
[2025-04-13T19:22:29.381+0000] {logging_mixin.py:188} INFO - [2025-04-13T19:22:29.380+0000] {dag.py:3036} INFO - Sync 1 DAGs
[2025-04-13T19:22:29.396+0000] {logging_mixin.py:188} INFO - [2025-04-13T19:22:29.395+0000] {dag.py:3823} INFO - Setting next_dagrun for example_dag_decorator to None, run_after=None
[2025-04-13T19:22:29.428+0000] {processor.py:183} INFO - Processing /home/airflow/.local/lib/python3.8/site-packages/airflow/example_dags/example_dag_decorator.py took 0.391 seconds
[2025-04-13T19:23:02.713+0000] {processor.py:161} INFO - Started process (PID=14975) to work on /home/airflow/.local/lib/python3.8/site-packages/airflow/example_dags/example_dag_decorator.py
[2025-04-13T19:23:02.715+0000] {processor.py:830} INFO - Processing file /home/airflow/.local/lib/python3.8/site-packages/airflow/example_dags/example_dag_decorator.py for tasks to queue
[2025-04-13T19:23:02.718+0000] {logging_mixin.py:188} INFO - [2025-04-13T19:23:02.717+0000] {dagbag.py:538} INFO - Filling up the DagBag from /home/airflow/.local/lib/python3.8/site-packages/airflow/example_dags/example_dag_decorator.py
[2025-04-13T19:23:02.883+0000] {processor.py:840} INFO - DAG(s) 'example_dag_decorator' retrieved from /home/airflow/.local/lib/python3.8/site-packages/airflow/example_dags/example_dag_decorator.py
[2025-04-13T19:23:03.089+0000] {logging_mixin.py:188} INFO - [2025-04-13T19:23:03.088+0000] {dag.py:3036} INFO - Sync 1 DAGs
[2025-04-13T19:23:03.104+0000] {logging_mixin.py:188} INFO - [2025-04-13T19:23:03.103+0000] {dag.py:3823} INFO - Setting next_dagrun for example_dag_decorator to None, run_after=None
[2025-04-13T19:23:03.135+0000] {processor.py:183} INFO - Processing /home/airflow/.local/lib/python3.8/site-packages/airflow/example_dags/example_dag_decorator.py took 0.431 seconds
[2025-04-13T19:23:40.350+0000] {processor.py:161} INFO - Started process (PID=15031) to work on /home/airflow/.local/lib/python3.8/site-packages/airflow/example_dags/example_dag_decorator.py
[2025-04-13T19:23:40.356+0000] {processor.py:830} INFO - Processing file /home/airflow/.local/lib/python3.8/site-packages/airflow/example_dags/example_dag_decorator.py for tasks to queue
[2025-04-13T19:23:40.360+0000] {logging_mixin.py:188} INFO - [2025-04-13T19:23:40.359+0000] {dagbag.py:538} INFO - Filling up the DagBag from /home/airflow/.local/lib/python3.8/site-packages/airflow/example_dags/example_dag_decorator.py
[2025-04-13T19:23:40.634+0000] {processor.py:840} INFO - DAG(s) 'example_dag_decorator' retrieved from /home/airflow/.local/lib/python3.8/site-packages/airflow/example_dags/example_dag_decorator.py
[2025-04-13T19:23:40.927+0000] {logging_mixin.py:188} INFO - [2025-04-13T19:23:40.926+0000] {dag.py:3036} INFO - Sync 1 DAGs
[2025-04-13T19:23:41.006+0000] {logging_mixin.py:188} INFO - [2025-04-13T19:23:41.005+0000] {dag.py:3823} INFO - Setting next_dagrun for example_dag_decorator to None, run_after=None
[2025-04-13T19:23:41.089+0000] {processor.py:183} INFO - Processing /home/airflow/.local/lib/python3.8/site-packages/airflow/example_dags/example_dag_decorator.py took 0.744 seconds
[2025-04-13T19:24:11.265+0000] {processor.py:161} INFO - Started process (PID=15089) to work on /home/airflow/.local/lib/python3.8/site-packages/airflow/example_dags/example_dag_decorator.py
[2025-04-13T19:24:11.270+0000] {processor.py:830} INFO - Processing file /home/airflow/.local/lib/python3.8/site-packages/airflow/example_dags/example_dag_decorator.py for tasks to queue
[2025-04-13T19:24:11.274+0000] {logging_mixin.py:188} INFO - [2025-04-13T19:24:11.274+0000] {dagbag.py:538} INFO - Filling up the DagBag from /home/airflow/.local/lib/python3.8/site-packages/airflow/example_dags/example_dag_decorator.py
[2025-04-13T19:24:11.443+0000] {processor.py:840} INFO - DAG(s) 'example_dag_decorator' retrieved from /home/airflow/.local/lib/python3.8/site-packages/airflow/example_dags/example_dag_decorator.py
[2025-04-13T19:24:11.577+0000] {logging_mixin.py:188} INFO - [2025-04-13T19:24:11.576+0000] {dag.py:3036} INFO - Sync 1 DAGs
[2025-04-13T19:24:11.594+0000] {logging_mixin.py:188} INFO - [2025-04-13T19:24:11.594+0000] {dag.py:3823} INFO - Setting next_dagrun for example_dag_decorator to None, run_after=None
[2025-04-13T19:24:11.625+0000] {processor.py:183} INFO - Processing /home/airflow/.local/lib/python3.8/site-packages/airflow/example_dags/example_dag_decorator.py took 0.365 seconds
[2025-04-13T19:24:44.017+0000] {processor.py:161} INFO - Started process (PID=15143) to work on /home/airflow/.local/lib/python3.8/site-packages/airflow/example_dags/example_dag_decorator.py
[2025-04-13T19:24:44.019+0000] {processor.py:830} INFO - Processing file /home/airflow/.local/lib/python3.8/site-packages/airflow/example_dags/example_dag_decorator.py for tasks to queue
[2025-04-13T19:24:44.022+0000] {logging_mixin.py:188} INFO - [2025-04-13T19:24:44.021+0000] {dagbag.py:538} INFO - Filling up the DagBag from /home/airflow/.local/lib/python3.8/site-packages/airflow/example_dags/example_dag_decorator.py
[2025-04-13T19:24:44.180+0000] {processor.py:840} INFO - DAG(s) 'example_dag_decorator' retrieved from /home/airflow/.local/lib/python3.8/site-packages/airflow/example_dags/example_dag_decorator.py
[2025-04-13T19:24:44.494+0000] {logging_mixin.py:188} INFO - [2025-04-13T19:24:44.486+0000] {dag.py:3036} INFO - Sync 1 DAGs
[2025-04-13T19:24:44.541+0000] {logging_mixin.py:188} INFO - [2025-04-13T19:24:44.540+0000] {dag.py:3823} INFO - Setting next_dagrun for example_dag_decorator to None, run_after=None
[2025-04-13T19:24:44.633+0000] {processor.py:183} INFO - Processing /home/airflow/.local/lib/python3.8/site-packages/airflow/example_dags/example_dag_decorator.py took 0.620 seconds
[2025-04-13T19:25:15.369+0000] {processor.py:161} INFO - Started process (PID=15200) to work on /home/airflow/.local/lib/python3.8/site-packages/airflow/example_dags/example_dag_decorator.py
[2025-04-13T19:25:15.370+0000] {processor.py:830} INFO - Processing file /home/airflow/.local/lib/python3.8/site-packages/airflow/example_dags/example_dag_decorator.py for tasks to queue
[2025-04-13T19:25:15.374+0000] {logging_mixin.py:188} INFO - [2025-04-13T19:25:15.373+0000] {dagbag.py:538} INFO - Filling up the DagBag from /home/airflow/.local/lib/python3.8/site-packages/airflow/example_dags/example_dag_decorator.py
[2025-04-13T19:25:15.508+0000] {processor.py:840} INFO - DAG(s) 'example_dag_decorator' retrieved from /home/airflow/.local/lib/python3.8/site-packages/airflow/example_dags/example_dag_decorator.py
[2025-04-13T19:25:15.666+0000] {logging_mixin.py:188} INFO - [2025-04-13T19:25:15.666+0000] {dag.py:3036} INFO - Sync 1 DAGs
[2025-04-13T19:25:15.681+0000] {logging_mixin.py:188} INFO - [2025-04-13T19:25:15.681+0000] {dag.py:3823} INFO - Setting next_dagrun for example_dag_decorator to None, run_after=None
[2025-04-13T19:25:15.722+0000] {processor.py:183} INFO - Processing /home/airflow/.local/lib/python3.8/site-packages/airflow/example_dags/example_dag_decorator.py took 0.360 seconds
[2025-04-13T19:25:47.016+0000] {processor.py:161} INFO - Started process (PID=15257) to work on /home/airflow/.local/lib/python3.8/site-packages/airflow/example_dags/example_dag_decorator.py
[2025-04-13T19:25:47.018+0000] {processor.py:830} INFO - Processing file /home/airflow/.local/lib/python3.8/site-packages/airflow/example_dags/example_dag_decorator.py for tasks to queue
[2025-04-13T19:25:47.020+0000] {logging_mixin.py:188} INFO - [2025-04-13T19:25:47.019+0000] {dagbag.py:538} INFO - Filling up the DagBag from /home/airflow/.local/lib/python3.8/site-packages/airflow/example_dags/example_dag_decorator.py
[2025-04-13T19:25:47.152+0000] {processor.py:840} INFO - DAG(s) 'example_dag_decorator' retrieved from /home/airflow/.local/lib/python3.8/site-packages/airflow/example_dags/example_dag_decorator.py
[2025-04-13T19:25:47.298+0000] {logging_mixin.py:188} INFO - [2025-04-13T19:25:47.297+0000] {dag.py:3036} INFO - Sync 1 DAGs
[2025-04-13T19:25:47.312+0000] {logging_mixin.py:188} INFO - [2025-04-13T19:25:47.312+0000] {dag.py:3823} INFO - Setting next_dagrun for example_dag_decorator to None, run_after=None
[2025-04-13T19:25:47.337+0000] {processor.py:183} INFO - Processing /home/airflow/.local/lib/python3.8/site-packages/airflow/example_dags/example_dag_decorator.py took 0.324 seconds
[2025-04-13T19:26:20.520+0000] {processor.py:161} INFO - Started process (PID=15312) to work on /home/airflow/.local/lib/python3.8/site-packages/airflow/example_dags/example_dag_decorator.py
[2025-04-13T19:26:20.522+0000] {processor.py:830} INFO - Processing file /home/airflow/.local/lib/python3.8/site-packages/airflow/example_dags/example_dag_decorator.py for tasks to queue
[2025-04-13T19:26:20.524+0000] {logging_mixin.py:188} INFO - [2025-04-13T19:26:20.524+0000] {dagbag.py:538} INFO - Filling up the DagBag from /home/airflow/.local/lib/python3.8/site-packages/airflow/example_dags/example_dag_decorator.py
[2025-04-13T19:26:20.675+0000] {processor.py:840} INFO - DAG(s) 'example_dag_decorator' retrieved from /home/airflow/.local/lib/python3.8/site-packages/airflow/example_dags/example_dag_decorator.py
[2025-04-13T19:26:20.835+0000] {logging_mixin.py:188} INFO - [2025-04-13T19:26:20.834+0000] {dag.py:3036} INFO - Sync 1 DAGs
[2025-04-13T19:26:20.857+0000] {logging_mixin.py:188} INFO - [2025-04-13T19:26:20.857+0000] {dag.py:3823} INFO - Setting next_dagrun for example_dag_decorator to None, run_after=None
[2025-04-13T19:26:20.906+0000] {processor.py:183} INFO - Processing /home/airflow/.local/lib/python3.8/site-packages/airflow/example_dags/example_dag_decorator.py took 0.389 seconds
[2025-04-13T19:26:53.758+0000] {processor.py:161} INFO - Started process (PID=15368) to work on /home/airflow/.local/lib/python3.8/site-packages/airflow/example_dags/example_dag_decorator.py
[2025-04-13T19:26:53.760+0000] {processor.py:830} INFO - Processing file /home/airflow/.local/lib/python3.8/site-packages/airflow/example_dags/example_dag_decorator.py for tasks to queue
[2025-04-13T19:26:53.764+0000] {logging_mixin.py:188} INFO - [2025-04-13T19:26:53.763+0000] {dagbag.py:538} INFO - Filling up the DagBag from /home/airflow/.local/lib/python3.8/site-packages/airflow/example_dags/example_dag_decorator.py
[2025-04-13T19:26:53.882+0000] {processor.py:840} INFO - DAG(s) 'example_dag_decorator' retrieved from /home/airflow/.local/lib/python3.8/site-packages/airflow/example_dags/example_dag_decorator.py
[2025-04-13T19:26:53.914+0000] {logging_mixin.py:188} INFO - [2025-04-13T19:26:53.913+0000] {dag.py:3036} INFO - Sync 1 DAGs
[2025-04-13T19:26:53.934+0000] {logging_mixin.py:188} INFO - [2025-04-13T19:26:53.934+0000] {dag.py:3823} INFO - Setting next_dagrun for example_dag_decorator to None, run_after=None
[2025-04-13T19:26:53.956+0000] {processor.py:183} INFO - Processing /home/airflow/.local/lib/python3.8/site-packages/airflow/example_dags/example_dag_decorator.py took 0.203 seconds
[2025-04-13T19:27:26.847+0000] {processor.py:161} INFO - Started process (PID=15425) to work on /home/airflow/.local/lib/python3.8/site-packages/airflow/example_dags/example_dag_decorator.py
[2025-04-13T19:27:26.849+0000] {processor.py:830} INFO - Processing file /home/airflow/.local/lib/python3.8/site-packages/airflow/example_dags/example_dag_decorator.py for tasks to queue
[2025-04-13T19:27:26.851+0000] {logging_mixin.py:188} INFO - [2025-04-13T19:27:26.850+0000] {dagbag.py:538} INFO - Filling up the DagBag from /home/airflow/.local/lib/python3.8/site-packages/airflow/example_dags/example_dag_decorator.py
[2025-04-13T19:27:26.958+0000] {processor.py:840} INFO - DAG(s) 'example_dag_decorator' retrieved from /home/airflow/.local/lib/python3.8/site-packages/airflow/example_dags/example_dag_decorator.py
[2025-04-13T19:27:27.073+0000] {logging_mixin.py:188} INFO - [2025-04-13T19:27:27.073+0000] {dag.py:3036} INFO - Sync 1 DAGs
[2025-04-13T19:27:27.211+0000] {logging_mixin.py:188} INFO - [2025-04-13T19:27:27.210+0000] {dag.py:3823} INFO - Setting next_dagrun for example_dag_decorator to None, run_after=None
[2025-04-13T19:27:27.257+0000] {processor.py:183} INFO - Processing /home/airflow/.local/lib/python3.8/site-packages/airflow/example_dags/example_dag_decorator.py took 0.414 seconds
[2025-04-13T19:28:00.084+0000] {processor.py:161} INFO - Started process (PID=15481) to work on /home/airflow/.local/lib/python3.8/site-packages/airflow/example_dags/example_dag_decorator.py
[2025-04-13T19:28:00.087+0000] {processor.py:830} INFO - Processing file /home/airflow/.local/lib/python3.8/site-packages/airflow/example_dags/example_dag_decorator.py for tasks to queue
[2025-04-13T19:28:00.093+0000] {logging_mixin.py:188} INFO - [2025-04-13T19:28:00.090+0000] {dagbag.py:538} INFO - Filling up the DagBag from /home/airflow/.local/lib/python3.8/site-packages/airflow/example_dags/example_dag_decorator.py
[2025-04-13T19:28:00.276+0000] {processor.py:840} INFO - DAG(s) 'example_dag_decorator' retrieved from /home/airflow/.local/lib/python3.8/site-packages/airflow/example_dags/example_dag_decorator.py
[2025-04-13T19:28:00.315+0000] {logging_mixin.py:188} INFO - [2025-04-13T19:28:00.314+0000] {dag.py:3036} INFO - Sync 1 DAGs
[2025-04-13T19:28:00.335+0000] {logging_mixin.py:188} INFO - [2025-04-13T19:28:00.335+0000] {dag.py:3823} INFO - Setting next_dagrun for example_dag_decorator to None, run_after=None
[2025-04-13T19:28:00.432+0000] {processor.py:183} INFO - Processing /home/airflow/.local/lib/python3.8/site-packages/airflow/example_dags/example_dag_decorator.py took 0.353 seconds
[2025-04-13T19:28:45.516+0000] {processor.py:161} INFO - Started process (PID=15537) to work on /home/airflow/.local/lib/python3.8/site-packages/airflow/example_dags/example_dag_decorator.py
[2025-04-13T19:28:45.571+0000] {processor.py:830} INFO - Processing file /home/airflow/.local/lib/python3.8/site-packages/airflow/example_dags/example_dag_decorator.py for tasks to queue
[2025-04-13T19:28:45.671+0000] {logging_mixin.py:188} INFO - [2025-04-13T19:28:45.671+0000] {dagbag.py:538} INFO - Filling up the DagBag from /home/airflow/.local/lib/python3.8/site-packages/airflow/example_dags/example_dag_decorator.py
[2025-04-13T19:28:46.765+0000] {processor.py:840} INFO - DAG(s) 'example_dag_decorator' retrieved from /home/airflow/.local/lib/python3.8/site-packages/airflow/example_dags/example_dag_decorator.py
[2025-04-13T19:28:47.255+0000] {logging_mixin.py:188} INFO - [2025-04-13T19:28:47.254+0000] {dag.py:3036} INFO - Sync 1 DAGs
[2025-04-13T19:28:47.320+0000] {logging_mixin.py:188} INFO - [2025-04-13T19:28:47.313+0000] {dag.py:3823} INFO - Setting next_dagrun for example_dag_decorator to None, run_after=None
[2025-04-13T19:28:47.446+0000] {processor.py:183} INFO - Processing /home/airflow/.local/lib/python3.8/site-packages/airflow/example_dags/example_dag_decorator.py took 1.934 seconds
[2025-04-13T19:29:18.040+0000] {processor.py:161} INFO - Started process (PID=15593) to work on /home/airflow/.local/lib/python3.8/site-packages/airflow/example_dags/example_dag_decorator.py
[2025-04-13T19:29:18.044+0000] {processor.py:830} INFO - Processing file /home/airflow/.local/lib/python3.8/site-packages/airflow/example_dags/example_dag_decorator.py for tasks to queue
[2025-04-13T19:29:18.048+0000] {logging_mixin.py:188} INFO - [2025-04-13T19:29:18.047+0000] {dagbag.py:538} INFO - Filling up the DagBag from /home/airflow/.local/lib/python3.8/site-packages/airflow/example_dags/example_dag_decorator.py
[2025-04-13T19:29:18.190+0000] {processor.py:840} INFO - DAG(s) 'example_dag_decorator' retrieved from /home/airflow/.local/lib/python3.8/site-packages/airflow/example_dags/example_dag_decorator.py
[2025-04-13T19:29:18.309+0000] {logging_mixin.py:188} INFO - [2025-04-13T19:29:18.308+0000] {dag.py:3036} INFO - Sync 1 DAGs
[2025-04-13T19:29:18.322+0000] {logging_mixin.py:188} INFO - [2025-04-13T19:29:18.322+0000] {dag.py:3823} INFO - Setting next_dagrun for example_dag_decorator to None, run_after=None
[2025-04-13T19:29:18.361+0000] {processor.py:183} INFO - Processing /home/airflow/.local/lib/python3.8/site-packages/airflow/example_dags/example_dag_decorator.py took 0.325 seconds
[2025-04-13T19:29:49.032+0000] {processor.py:161} INFO - Started process (PID=15649) to work on /home/airflow/.local/lib/python3.8/site-packages/airflow/example_dags/example_dag_decorator.py
[2025-04-13T19:29:49.033+0000] {processor.py:830} INFO - Processing file /home/airflow/.local/lib/python3.8/site-packages/airflow/example_dags/example_dag_decorator.py for tasks to queue
[2025-04-13T19:29:49.035+0000] {logging_mixin.py:188} INFO - [2025-04-13T19:29:49.035+0000] {dagbag.py:538} INFO - Filling up the DagBag from /home/airflow/.local/lib/python3.8/site-packages/airflow/example_dags/example_dag_decorator.py
[2025-04-13T19:29:49.152+0000] {processor.py:840} INFO - DAG(s) 'example_dag_decorator' retrieved from /home/airflow/.local/lib/python3.8/site-packages/airflow/example_dags/example_dag_decorator.py
[2025-04-13T19:29:49.178+0000] {logging_mixin.py:188} INFO - [2025-04-13T19:29:49.178+0000] {dag.py:3036} INFO - Sync 1 DAGs
[2025-04-13T19:29:49.191+0000] {logging_mixin.py:188} INFO - [2025-04-13T19:29:49.191+0000] {dag.py:3823} INFO - Setting next_dagrun for example_dag_decorator to None, run_after=None
[2025-04-13T19:29:49.213+0000] {processor.py:183} INFO - Processing /home/airflow/.local/lib/python3.8/site-packages/airflow/example_dags/example_dag_decorator.py took 0.185 seconds
[2025-04-13T19:30:19.522+0000] {processor.py:161} INFO - Started process (PID=15705) to work on /home/airflow/.local/lib/python3.8/site-packages/airflow/example_dags/example_dag_decorator.py
[2025-04-13T19:30:19.524+0000] {processor.py:830} INFO - Processing file /home/airflow/.local/lib/python3.8/site-packages/airflow/example_dags/example_dag_decorator.py for tasks to queue
[2025-04-13T19:30:19.527+0000] {logging_mixin.py:188} INFO - [2025-04-13T19:30:19.526+0000] {dagbag.py:538} INFO - Filling up the DagBag from /home/airflow/.local/lib/python3.8/site-packages/airflow/example_dags/example_dag_decorator.py
[2025-04-13T19:30:19.649+0000] {processor.py:840} INFO - DAG(s) 'example_dag_decorator' retrieved from /home/airflow/.local/lib/python3.8/site-packages/airflow/example_dags/example_dag_decorator.py
[2025-04-13T19:30:19.782+0000] {logging_mixin.py:188} INFO - [2025-04-13T19:30:19.782+0000] {dag.py:3036} INFO - Sync 1 DAGs
[2025-04-13T19:30:19.972+0000] {logging_mixin.py:188} INFO - [2025-04-13T19:30:19.971+0000] {dag.py:3823} INFO - Setting next_dagrun for example_dag_decorator to None, run_after=None
[2025-04-13T19:30:20.011+0000] {processor.py:183} INFO - Processing /home/airflow/.local/lib/python3.8/site-packages/airflow/example_dags/example_dag_decorator.py took 0.493 seconds
[2025-04-13T19:30:50.119+0000] {processor.py:161} INFO - Started process (PID=15762) to work on /home/airflow/.local/lib/python3.8/site-packages/airflow/example_dags/example_dag_decorator.py
[2025-04-13T19:30:50.121+0000] {processor.py:830} INFO - Processing file /home/airflow/.local/lib/python3.8/site-packages/airflow/example_dags/example_dag_decorator.py for tasks to queue
[2025-04-13T19:30:50.123+0000] {logging_mixin.py:188} INFO - [2025-04-13T19:30:50.123+0000] {dagbag.py:538} INFO - Filling up the DagBag from /home/airflow/.local/lib/python3.8/site-packages/airflow/example_dags/example_dag_decorator.py
[2025-04-13T19:30:50.236+0000] {processor.py:840} INFO - DAG(s) 'example_dag_decorator' retrieved from /home/airflow/.local/lib/python3.8/site-packages/airflow/example_dags/example_dag_decorator.py
[2025-04-13T19:30:50.346+0000] {logging_mixin.py:188} INFO - [2025-04-13T19:30:50.346+0000] {dag.py:3036} INFO - Sync 1 DAGs
[2025-04-13T19:30:50.473+0000] {logging_mixin.py:188} INFO - [2025-04-13T19:30:50.473+0000] {dag.py:3823} INFO - Setting next_dagrun for example_dag_decorator to None, run_after=None
[2025-04-13T19:30:50.504+0000] {processor.py:183} INFO - Processing /home/airflow/.local/lib/python3.8/site-packages/airflow/example_dags/example_dag_decorator.py took 0.389 seconds
[2025-04-13T19:31:21.479+0000] {processor.py:161} INFO - Started process (PID=15817) to work on /home/airflow/.local/lib/python3.8/site-packages/airflow/example_dags/example_dag_decorator.py
[2025-04-13T19:31:21.481+0000] {processor.py:830} INFO - Processing file /home/airflow/.local/lib/python3.8/site-packages/airflow/example_dags/example_dag_decorator.py for tasks to queue
[2025-04-13T19:31:21.483+0000] {logging_mixin.py:188} INFO - [2025-04-13T19:31:21.483+0000] {dagbag.py:538} INFO - Filling up the DagBag from /home/airflow/.local/lib/python3.8/site-packages/airflow/example_dags/example_dag_decorator.py
[2025-04-13T19:31:21.594+0000] {processor.py:840} INFO - DAG(s) 'example_dag_decorator' retrieved from /home/airflow/.local/lib/python3.8/site-packages/airflow/example_dags/example_dag_decorator.py
[2025-04-13T19:31:21.724+0000] {logging_mixin.py:188} INFO - [2025-04-13T19:31:21.724+0000] {dag.py:3036} INFO - Sync 1 DAGs
[2025-04-13T19:31:21.738+0000] {logging_mixin.py:188} INFO - [2025-04-13T19:31:21.738+0000] {dag.py:3823} INFO - Setting next_dagrun for example_dag_decorator to None, run_after=None
[2025-04-13T19:31:21.898+0000] {processor.py:183} INFO - Processing /home/airflow/.local/lib/python3.8/site-packages/airflow/example_dags/example_dag_decorator.py took 0.422 seconds
[2025-04-13T19:31:55.190+0000] {processor.py:161} INFO - Started process (PID=15873) to work on /home/airflow/.local/lib/python3.8/site-packages/airflow/example_dags/example_dag_decorator.py
[2025-04-13T19:31:55.192+0000] {processor.py:830} INFO - Processing file /home/airflow/.local/lib/python3.8/site-packages/airflow/example_dags/example_dag_decorator.py for tasks to queue
[2025-04-13T19:31:55.194+0000] {logging_mixin.py:188} INFO - [2025-04-13T19:31:55.194+0000] {dagbag.py:538} INFO - Filling up the DagBag from /home/airflow/.local/lib/python3.8/site-packages/airflow/example_dags/example_dag_decorator.py
[2025-04-13T19:31:55.312+0000] {processor.py:840} INFO - DAG(s) 'example_dag_decorator' retrieved from /home/airflow/.local/lib/python3.8/site-packages/airflow/example_dags/example_dag_decorator.py
[2025-04-13T19:31:55.344+0000] {logging_mixin.py:188} INFO - [2025-04-13T19:31:55.343+0000] {dag.py:3036} INFO - Sync 1 DAGs
[2025-04-13T19:31:55.358+0000] {logging_mixin.py:188} INFO - [2025-04-13T19:31:55.358+0000] {dag.py:3823} INFO - Setting next_dagrun for example_dag_decorator to None, run_after=None
[2025-04-13T19:31:55.383+0000] {processor.py:183} INFO - Processing /home/airflow/.local/lib/python3.8/site-packages/airflow/example_dags/example_dag_decorator.py took 0.198 seconds
[2025-04-13T19:32:27.928+0000] {processor.py:161} INFO - Started process (PID=15928) to work on /home/airflow/.local/lib/python3.8/site-packages/airflow/example_dags/example_dag_decorator.py
[2025-04-13T19:32:27.929+0000] {processor.py:830} INFO - Processing file /home/airflow/.local/lib/python3.8/site-packages/airflow/example_dags/example_dag_decorator.py for tasks to queue
[2025-04-13T19:32:27.931+0000] {logging_mixin.py:188} INFO - [2025-04-13T19:32:27.931+0000] {dagbag.py:538} INFO - Filling up the DagBag from /home/airflow/.local/lib/python3.8/site-packages/airflow/example_dags/example_dag_decorator.py
[2025-04-13T19:32:28.047+0000] {processor.py:840} INFO - DAG(s) 'example_dag_decorator' retrieved from /home/airflow/.local/lib/python3.8/site-packages/airflow/example_dags/example_dag_decorator.py
[2025-04-13T19:32:28.297+0000] {logging_mixin.py:188} INFO - [2025-04-13T19:32:28.297+0000] {dag.py:3036} INFO - Sync 1 DAGs
[2025-04-13T19:32:28.310+0000] {logging_mixin.py:188} INFO - [2025-04-13T19:32:28.310+0000] {dag.py:3823} INFO - Setting next_dagrun for example_dag_decorator to None, run_after=None
[2025-04-13T19:32:28.337+0000] {processor.py:183} INFO - Processing /home/airflow/.local/lib/python3.8/site-packages/airflow/example_dags/example_dag_decorator.py took 0.412 seconds
[2025-04-13T19:33:01.362+0000] {processor.py:161} INFO - Started process (PID=15984) to work on /home/airflow/.local/lib/python3.8/site-packages/airflow/example_dags/example_dag_decorator.py
[2025-04-13T19:33:01.364+0000] {processor.py:830} INFO - Processing file /home/airflow/.local/lib/python3.8/site-packages/airflow/example_dags/example_dag_decorator.py for tasks to queue
[2025-04-13T19:33:01.367+0000] {logging_mixin.py:188} INFO - [2025-04-13T19:33:01.366+0000] {dagbag.py:538} INFO - Filling up the DagBag from /home/airflow/.local/lib/python3.8/site-packages/airflow/example_dags/example_dag_decorator.py
[2025-04-13T19:33:01.491+0000] {processor.py:840} INFO - DAG(s) 'example_dag_decorator' retrieved from /home/airflow/.local/lib/python3.8/site-packages/airflow/example_dags/example_dag_decorator.py
[2025-04-13T19:33:01.778+0000] {logging_mixin.py:188} INFO - [2025-04-13T19:33:01.778+0000] {dag.py:3036} INFO - Sync 1 DAGs
[2025-04-13T19:33:01.793+0000] {logging_mixin.py:188} INFO - [2025-04-13T19:33:01.793+0000] {dag.py:3823} INFO - Setting next_dagrun for example_dag_decorator to None, run_after=None
[2025-04-13T19:33:01.819+0000] {processor.py:183} INFO - Processing /home/airflow/.local/lib/python3.8/site-packages/airflow/example_dags/example_dag_decorator.py took 0.461 seconds
[2025-04-13T19:33:34.766+0000] {processor.py:161} INFO - Started process (PID=16042) to work on /home/airflow/.local/lib/python3.8/site-packages/airflow/example_dags/example_dag_decorator.py
[2025-04-13T19:33:34.767+0000] {processor.py:830} INFO - Processing file /home/airflow/.local/lib/python3.8/site-packages/airflow/example_dags/example_dag_decorator.py for tasks to queue
[2025-04-13T19:33:34.770+0000] {logging_mixin.py:188} INFO - [2025-04-13T19:33:34.770+0000] {dagbag.py:538} INFO - Filling up the DagBag from /home/airflow/.local/lib/python3.8/site-packages/airflow/example_dags/example_dag_decorator.py
[2025-04-13T19:33:34.891+0000] {processor.py:840} INFO - DAG(s) 'example_dag_decorator' retrieved from /home/airflow/.local/lib/python3.8/site-packages/airflow/example_dags/example_dag_decorator.py
[2025-04-13T19:33:35.162+0000] {logging_mixin.py:188} INFO - [2025-04-13T19:33:35.162+0000] {dag.py:3036} INFO - Sync 1 DAGs
[2025-04-13T19:33:35.173+0000] {logging_mixin.py:188} INFO - [2025-04-13T19:33:35.173+0000] {dag.py:3823} INFO - Setting next_dagrun for example_dag_decorator to None, run_after=None
[2025-04-13T19:33:35.199+0000] {processor.py:183} INFO - Processing /home/airflow/.local/lib/python3.8/site-packages/airflow/example_dags/example_dag_decorator.py took 0.436 seconds
[2025-04-13T19:34:09.242+0000] {processor.py:161} INFO - Started process (PID=16105) to work on /home/airflow/.local/lib/python3.8/site-packages/airflow/example_dags/example_dag_decorator.py
[2025-04-13T19:34:09.243+0000] {processor.py:830} INFO - Processing file /home/airflow/.local/lib/python3.8/site-packages/airflow/example_dags/example_dag_decorator.py for tasks to queue
[2025-04-13T19:34:09.245+0000] {logging_mixin.py:188} INFO - [2025-04-13T19:34:09.245+0000] {dagbag.py:538} INFO - Filling up the DagBag from /home/airflow/.local/lib/python3.8/site-packages/airflow/example_dags/example_dag_decorator.py
[2025-04-13T19:34:09.351+0000] {processor.py:840} INFO - DAG(s) 'example_dag_decorator' retrieved from /home/airflow/.local/lib/python3.8/site-packages/airflow/example_dags/example_dag_decorator.py
[2025-04-13T19:34:09.641+0000] {logging_mixin.py:188} INFO - [2025-04-13T19:34:09.641+0000] {dag.py:3036} INFO - Sync 1 DAGs
[2025-04-13T19:34:09.651+0000] {logging_mixin.py:188} INFO - [2025-04-13T19:34:09.651+0000] {dag.py:3823} INFO - Setting next_dagrun for example_dag_decorator to None, run_after=None
[2025-04-13T19:34:09.676+0000] {processor.py:183} INFO - Processing /home/airflow/.local/lib/python3.8/site-packages/airflow/example_dags/example_dag_decorator.py took 0.438 seconds
[2025-04-13T19:34:43.594+0000] {processor.py:161} INFO - Started process (PID=16166) to work on /home/airflow/.local/lib/python3.8/site-packages/airflow/example_dags/example_dag_decorator.py
[2025-04-13T19:34:43.595+0000] {processor.py:830} INFO - Processing file /home/airflow/.local/lib/python3.8/site-packages/airflow/example_dags/example_dag_decorator.py for tasks to queue
[2025-04-13T19:34:43.601+0000] {logging_mixin.py:188} INFO - [2025-04-13T19:34:43.601+0000] {dagbag.py:538} INFO - Filling up the DagBag from /home/airflow/.local/lib/python3.8/site-packages/airflow/example_dags/example_dag_decorator.py
[2025-04-13T19:34:43.853+0000] {processor.py:840} INFO - DAG(s) 'example_dag_decorator' retrieved from /home/airflow/.local/lib/python3.8/site-packages/airflow/example_dags/example_dag_decorator.py
[2025-04-13T19:34:44.422+0000] {logging_mixin.py:188} INFO - [2025-04-13T19:34:44.421+0000] {dag.py:3036} INFO - Sync 1 DAGs
[2025-04-13T19:34:44.441+0000] {logging_mixin.py:188} INFO - [2025-04-13T19:34:44.441+0000] {dag.py:3823} INFO - Setting next_dagrun for example_dag_decorator to None, run_after=None
[2025-04-13T19:34:44.479+0000] {processor.py:183} INFO - Processing /home/airflow/.local/lib/python3.8/site-packages/airflow/example_dags/example_dag_decorator.py took 0.891 seconds
[2025-04-13T19:35:15.757+0000] {processor.py:161} INFO - Started process (PID=16225) to work on /home/airflow/.local/lib/python3.8/site-packages/airflow/example_dags/example_dag_decorator.py
[2025-04-13T19:35:15.758+0000] {processor.py:830} INFO - Processing file /home/airflow/.local/lib/python3.8/site-packages/airflow/example_dags/example_dag_decorator.py for tasks to queue
[2025-04-13T19:35:15.760+0000] {logging_mixin.py:188} INFO - [2025-04-13T19:35:15.760+0000] {dagbag.py:538} INFO - Filling up the DagBag from /home/airflow/.local/lib/python3.8/site-packages/airflow/example_dags/example_dag_decorator.py
[2025-04-13T19:35:15.874+0000] {processor.py:840} INFO - DAG(s) 'example_dag_decorator' retrieved from /home/airflow/.local/lib/python3.8/site-packages/airflow/example_dags/example_dag_decorator.py
[2025-04-13T19:35:16.199+0000] {logging_mixin.py:188} INFO - [2025-04-13T19:35:16.199+0000] {dag.py:3036} INFO - Sync 1 DAGs
[2025-04-13T19:35:16.210+0000] {logging_mixin.py:188} INFO - [2025-04-13T19:35:16.210+0000] {dag.py:3823} INFO - Setting next_dagrun for example_dag_decorator to None, run_after=None
[2025-04-13T19:35:16.229+0000] {processor.py:183} INFO - Processing /home/airflow/.local/lib/python3.8/site-packages/airflow/example_dags/example_dag_decorator.py took 0.476 seconds
[2025-04-13T19:35:51.365+0000] {processor.py:161} INFO - Started process (PID=16279) to work on /home/airflow/.local/lib/python3.8/site-packages/airflow/example_dags/example_dag_decorator.py
[2025-04-13T19:35:51.367+0000] {processor.py:830} INFO - Processing file /home/airflow/.local/lib/python3.8/site-packages/airflow/example_dags/example_dag_decorator.py for tasks to queue
[2025-04-13T19:35:51.373+0000] {logging_mixin.py:188} INFO - [2025-04-13T19:35:51.372+0000] {dagbag.py:538} INFO - Filling up the DagBag from /home/airflow/.local/lib/python3.8/site-packages/airflow/example_dags/example_dag_decorator.py
[2025-04-13T19:35:51.587+0000] {processor.py:840} INFO - DAG(s) 'example_dag_decorator' retrieved from /home/airflow/.local/lib/python3.8/site-packages/airflow/example_dags/example_dag_decorator.py
[2025-04-13T19:35:51.970+0000] {logging_mixin.py:188} INFO - [2025-04-13T19:35:51.970+0000] {dag.py:3036} INFO - Sync 1 DAGs
[2025-04-13T19:35:51.994+0000] {logging_mixin.py:188} INFO - [2025-04-13T19:35:51.994+0000] {dag.py:3823} INFO - Setting next_dagrun for example_dag_decorator to None, run_after=None
[2025-04-13T19:35:52.050+0000] {processor.py:183} INFO - Processing /home/airflow/.local/lib/python3.8/site-packages/airflow/example_dags/example_dag_decorator.py took 0.690 seconds
[2025-04-13T19:36:31.755+0000] {processor.py:161} INFO - Started process (PID=16335) to work on /home/airflow/.local/lib/python3.8/site-packages/airflow/example_dags/example_dag_decorator.py
[2025-04-13T19:36:31.757+0000] {processor.py:830} INFO - Processing file /home/airflow/.local/lib/python3.8/site-packages/airflow/example_dags/example_dag_decorator.py for tasks to queue
[2025-04-13T19:36:31.797+0000] {logging_mixin.py:188} INFO - [2025-04-13T19:36:31.796+0000] {dagbag.py:538} INFO - Filling up the DagBag from /home/airflow/.local/lib/python3.8/site-packages/airflow/example_dags/example_dag_decorator.py
[2025-04-13T19:36:32.356+0000] {processor.py:840} INFO - DAG(s) 'example_dag_decorator' retrieved from /home/airflow/.local/lib/python3.8/site-packages/airflow/example_dags/example_dag_decorator.py
[2025-04-13T19:36:33.737+0000] {logging_mixin.py:188} INFO - [2025-04-13T19:36:33.736+0000] {dag.py:3036} INFO - Sync 1 DAGs
[2025-04-13T19:36:33.817+0000] {logging_mixin.py:188} INFO - [2025-04-13T19:36:33.817+0000] {dag.py:3823} INFO - Setting next_dagrun for example_dag_decorator to None, run_after=None
[2025-04-13T19:36:33.954+0000] {processor.py:183} INFO - Processing /home/airflow/.local/lib/python3.8/site-packages/airflow/example_dags/example_dag_decorator.py took 2.226 seconds
[2025-04-13T19:37:06.465+0000] {processor.py:161} INFO - Started process (PID=16391) to work on /home/airflow/.local/lib/python3.8/site-packages/airflow/example_dags/example_dag_decorator.py
[2025-04-13T19:37:06.467+0000] {processor.py:830} INFO - Processing file /home/airflow/.local/lib/python3.8/site-packages/airflow/example_dags/example_dag_decorator.py for tasks to queue
[2025-04-13T19:37:06.470+0000] {logging_mixin.py:188} INFO - [2025-04-13T19:37:06.469+0000] {dagbag.py:538} INFO - Filling up the DagBag from /home/airflow/.local/lib/python3.8/site-packages/airflow/example_dags/example_dag_decorator.py
[2025-04-13T19:37:06.991+0000] {processor.py:840} INFO - DAG(s) 'example_dag_decorator' retrieved from /home/airflow/.local/lib/python3.8/site-packages/airflow/example_dags/example_dag_decorator.py
[2025-04-13T19:37:07.140+0000] {logging_mixin.py:188} INFO - [2025-04-13T19:37:07.140+0000] {dag.py:3036} INFO - Sync 1 DAGs
[2025-04-13T19:37:07.155+0000] {logging_mixin.py:188} INFO - [2025-04-13T19:37:07.155+0000] {dag.py:3823} INFO - Setting next_dagrun for example_dag_decorator to None, run_after=None
[2025-04-13T19:37:07.177+0000] {processor.py:183} INFO - Processing /home/airflow/.local/lib/python3.8/site-packages/airflow/example_dags/example_dag_decorator.py took 0.718 seconds
[2025-04-13T19:37:37.947+0000] {processor.py:161} INFO - Started process (PID=16449) to work on /home/airflow/.local/lib/python3.8/site-packages/airflow/example_dags/example_dag_decorator.py
[2025-04-13T19:37:37.951+0000] {processor.py:830} INFO - Processing file /home/airflow/.local/lib/python3.8/site-packages/airflow/example_dags/example_dag_decorator.py for tasks to queue
[2025-04-13T19:37:37.962+0000] {logging_mixin.py:188} INFO - [2025-04-13T19:37:37.954+0000] {dagbag.py:538} INFO - Filling up the DagBag from /home/airflow/.local/lib/python3.8/site-packages/airflow/example_dags/example_dag_decorator.py
[2025-04-13T19:37:38.866+0000] {processor.py:840} INFO - DAG(s) 'example_dag_decorator' retrieved from /home/airflow/.local/lib/python3.8/site-packages/airflow/example_dags/example_dag_decorator.py
[2025-04-13T19:37:39.167+0000] {logging_mixin.py:188} INFO - [2025-04-13T19:37:39.167+0000] {dag.py:3036} INFO - Sync 1 DAGs
[2025-04-13T19:37:39.200+0000] {logging_mixin.py:188} INFO - [2025-04-13T19:37:39.199+0000] {dag.py:3823} INFO - Setting next_dagrun for example_dag_decorator to None, run_after=None
[2025-04-13T19:37:39.265+0000] {processor.py:183} INFO - Processing /home/airflow/.local/lib/python3.8/site-packages/airflow/example_dags/example_dag_decorator.py took 1.324 seconds
[2025-04-13T19:38:09.523+0000] {processor.py:161} INFO - Started process (PID=16509) to work on /home/airflow/.local/lib/python3.8/site-packages/airflow/example_dags/example_dag_decorator.py
[2025-04-13T19:38:09.525+0000] {processor.py:830} INFO - Processing file /home/airflow/.local/lib/python3.8/site-packages/airflow/example_dags/example_dag_decorator.py for tasks to queue
[2025-04-13T19:38:09.527+0000] {logging_mixin.py:188} INFO - [2025-04-13T19:38:09.527+0000] {dagbag.py:538} INFO - Filling up the DagBag from /home/airflow/.local/lib/python3.8/site-packages/airflow/example_dags/example_dag_decorator.py
[2025-04-13T19:38:09.797+0000] {processor.py:840} INFO - DAG(s) 'example_dag_decorator' retrieved from /home/airflow/.local/lib/python3.8/site-packages/airflow/example_dags/example_dag_decorator.py
[2025-04-13T19:38:09.947+0000] {logging_mixin.py:188} INFO - [2025-04-13T19:38:09.947+0000] {dag.py:3036} INFO - Sync 1 DAGs
[2025-04-13T19:38:09.959+0000] {logging_mixin.py:188} INFO - [2025-04-13T19:38:09.958+0000] {dag.py:3823} INFO - Setting next_dagrun for example_dag_decorator to None, run_after=None
[2025-04-13T19:38:09.981+0000] {processor.py:183} INFO - Processing /home/airflow/.local/lib/python3.8/site-packages/airflow/example_dags/example_dag_decorator.py took 0.461 seconds
[2025-04-13T19:38:40.599+0000] {processor.py:161} INFO - Started process (PID=16565) to work on /home/airflow/.local/lib/python3.8/site-packages/airflow/example_dags/example_dag_decorator.py
[2025-04-13T19:38:40.601+0000] {processor.py:830} INFO - Processing file /home/airflow/.local/lib/python3.8/site-packages/airflow/example_dags/example_dag_decorator.py for tasks to queue
[2025-04-13T19:38:40.604+0000] {logging_mixin.py:188} INFO - [2025-04-13T19:38:40.603+0000] {dagbag.py:538} INFO - Filling up the DagBag from /home/airflow/.local/lib/python3.8/site-packages/airflow/example_dags/example_dag_decorator.py
[2025-04-13T19:38:40.734+0000] {processor.py:840} INFO - DAG(s) 'example_dag_decorator' retrieved from /home/airflow/.local/lib/python3.8/site-packages/airflow/example_dags/example_dag_decorator.py
[2025-04-13T19:38:41.003+0000] {logging_mixin.py:188} INFO - [2025-04-13T19:38:41.002+0000] {dag.py:3036} INFO - Sync 1 DAGs
[2025-04-13T19:38:41.016+0000] {logging_mixin.py:188} INFO - [2025-04-13T19:38:41.015+0000] {dag.py:3823} INFO - Setting next_dagrun for example_dag_decorator to None, run_after=None
[2025-04-13T19:38:41.039+0000] {processor.py:183} INFO - Processing /home/airflow/.local/lib/python3.8/site-packages/airflow/example_dags/example_dag_decorator.py took 0.445 seconds
[2025-04-13T19:39:11.730+0000] {processor.py:161} INFO - Started process (PID=16621) to work on /home/airflow/.local/lib/python3.8/site-packages/airflow/example_dags/example_dag_decorator.py
[2025-04-13T19:39:11.731+0000] {processor.py:830} INFO - Processing file /home/airflow/.local/lib/python3.8/site-packages/airflow/example_dags/example_dag_decorator.py for tasks to queue
[2025-04-13T19:39:11.733+0000] {logging_mixin.py:188} INFO - [2025-04-13T19:39:11.733+0000] {dagbag.py:538} INFO - Filling up the DagBag from /home/airflow/.local/lib/python3.8/site-packages/airflow/example_dags/example_dag_decorator.py
[2025-04-13T19:39:11.851+0000] {processor.py:840} INFO - DAG(s) 'example_dag_decorator' retrieved from /home/airflow/.local/lib/python3.8/site-packages/airflow/example_dags/example_dag_decorator.py
[2025-04-13T19:39:12.085+0000] {logging_mixin.py:188} INFO - [2025-04-13T19:39:12.084+0000] {dag.py:3036} INFO - Sync 1 DAGs
[2025-04-13T19:39:12.094+0000] {logging_mixin.py:188} INFO - [2025-04-13T19:39:12.094+0000] {dag.py:3823} INFO - Setting next_dagrun for example_dag_decorator to None, run_after=None
[2025-04-13T19:39:12.117+0000] {processor.py:183} INFO - Processing /home/airflow/.local/lib/python3.8/site-packages/airflow/example_dags/example_dag_decorator.py took 0.396 seconds
[2025-04-13T19:39:46.738+0000] {processor.py:161} INFO - Started process (PID=16671) to work on /home/airflow/.local/lib/python3.8/site-packages/airflow/example_dags/example_dag_decorator.py
[2025-04-13T19:39:46.746+0000] {processor.py:830} INFO - Processing file /home/airflow/.local/lib/python3.8/site-packages/airflow/example_dags/example_dag_decorator.py for tasks to queue
[2025-04-13T19:39:46.751+0000] {logging_mixin.py:188} INFO - [2025-04-13T19:39:46.751+0000] {dagbag.py:538} INFO - Filling up the DagBag from /home/airflow/.local/lib/python3.8/site-packages/airflow/example_dags/example_dag_decorator.py
[2025-04-13T19:39:47.277+0000] {processor.py:840} INFO - DAG(s) 'example_dag_decorator' retrieved from /home/airflow/.local/lib/python3.8/site-packages/airflow/example_dags/example_dag_decorator.py
[2025-04-13T19:39:47.616+0000] {logging_mixin.py:188} INFO - [2025-04-13T19:39:47.616+0000] {dag.py:3036} INFO - Sync 1 DAGs
[2025-04-13T19:39:47.681+0000] {logging_mixin.py:188} INFO - [2025-04-13T19:39:47.681+0000] {dag.py:3823} INFO - Setting next_dagrun for example_dag_decorator to None, run_after=None
[2025-04-13T19:39:47.759+0000] {processor.py:183} INFO - Processing /home/airflow/.local/lib/python3.8/site-packages/airflow/example_dags/example_dag_decorator.py took 1.027 seconds
