[2025-04-13T14:51:13.116+0000] {processor.py:161} INFO - Started process (PID=64) to work on /home/airflow/.local/lib/python3.8/site-packages/airflow/example_dags/example_task_group.py
[2025-04-13T14:51:13.121+0000] {processor.py:830} INFO - Processing file /home/airflow/.local/lib/python3.8/site-packages/airflow/example_dags/example_task_group.py for tasks to queue
[2025-04-13T14:51:13.123+0000] {logging_mixin.py:188} INFO - [2025-04-13T14:51:13.123+0000] {dagbag.py:538} INFO - Filling up the DagBag from /home/airflow/.local/lib/python3.8/site-packages/airflow/example_dags/example_task_group.py
[2025-04-13T14:51:13.160+0000] {processor.py:840} INFO - DAG(s) 'example_task_group' retrieved from /home/airflow/.local/lib/python3.8/site-packages/airflow/example_dags/example_task_group.py
[2025-04-13T14:51:14.155+0000] {logging_mixin.py:188} INFO - [2025-04-13T14:51:14.154+0000] {dag.py:3036} INFO - Sync 1 DAGs
[2025-04-13T14:51:14.304+0000] {logging_mixin.py:188} INFO - [2025-04-13T14:51:14.304+0000] {dag.py:3823} INFO - Setting next_dagrun for example_task_group to 2025-04-12 00:00:00+00:00, run_after=2025-04-13 00:00:00+00:00
[2025-04-13T14:51:14.543+0000] {processor.py:183} INFO - Processing /home/airflow/.local/lib/python3.8/site-packages/airflow/example_dags/example_task_group.py took 1.431 seconds
[2025-04-13T14:51:45.178+0000] {processor.py:161} INFO - Started process (PID=119) to work on /home/airflow/.local/lib/python3.8/site-packages/airflow/example_dags/example_task_group.py
[2025-04-13T14:51:45.199+0000] {processor.py:830} INFO - Processing file /home/airflow/.local/lib/python3.8/site-packages/airflow/example_dags/example_task_group.py for tasks to queue
[2025-04-13T14:51:45.211+0000] {logging_mixin.py:188} INFO - [2025-04-13T14:51:45.210+0000] {dagbag.py:538} INFO - Filling up the DagBag from /home/airflow/.local/lib/python3.8/site-packages/airflow/example_dags/example_task_group.py
[2025-04-13T14:51:45.278+0000] {processor.py:840} INFO - DAG(s) 'example_task_group' retrieved from /home/airflow/.local/lib/python3.8/site-packages/airflow/example_dags/example_task_group.py
[2025-04-13T14:51:45.630+0000] {logging_mixin.py:188} INFO - [2025-04-13T14:51:45.630+0000] {dag.py:3036} INFO - Sync 1 DAGs
[2025-04-13T14:51:46.471+0000] {logging_mixin.py:188} INFO - [2025-04-13T14:51:46.471+0000] {dag.py:3823} INFO - Setting next_dagrun for example_task_group to 2025-04-12 00:00:00+00:00, run_after=2025-04-13 00:00:00+00:00
[2025-04-13T14:51:46.754+0000] {processor.py:183} INFO - Processing /home/airflow/.local/lib/python3.8/site-packages/airflow/example_dags/example_task_group.py took 1.585 seconds
[2025-04-13T14:52:17.378+0000] {processor.py:161} INFO - Started process (PID=174) to work on /home/airflow/.local/lib/python3.8/site-packages/airflow/example_dags/example_task_group.py
[2025-04-13T14:52:17.382+0000] {processor.py:830} INFO - Processing file /home/airflow/.local/lib/python3.8/site-packages/airflow/example_dags/example_task_group.py for tasks to queue
[2025-04-13T14:52:17.385+0000] {logging_mixin.py:188} INFO - [2025-04-13T14:52:17.385+0000] {dagbag.py:538} INFO - Filling up the DagBag from /home/airflow/.local/lib/python3.8/site-packages/airflow/example_dags/example_task_group.py
[2025-04-13T14:52:17.401+0000] {processor.py:840} INFO - DAG(s) 'example_task_group' retrieved from /home/airflow/.local/lib/python3.8/site-packages/airflow/example_dags/example_task_group.py
[2025-04-13T14:52:17.470+0000] {logging_mixin.py:188} INFO - [2025-04-13T14:52:17.470+0000] {dag.py:3036} INFO - Sync 1 DAGs
[2025-04-13T14:52:17.609+0000] {logging_mixin.py:188} INFO - [2025-04-13T14:52:17.609+0000] {dag.py:3823} INFO - Setting next_dagrun for example_task_group to 2025-04-12 00:00:00+00:00, run_after=2025-04-13 00:00:00+00:00
[2025-04-13T14:52:17.746+0000] {processor.py:183} INFO - Processing /home/airflow/.local/lib/python3.8/site-packages/airflow/example_dags/example_task_group.py took 0.372 seconds
[2025-04-13T14:55:23.284+0000] {processor.py:161} INFO - Started process (PID=66) to work on /home/airflow/.local/lib/python3.8/site-packages/airflow/example_dags/example_task_group.py
[2025-04-13T14:55:23.288+0000] {processor.py:830} INFO - Processing file /home/airflow/.local/lib/python3.8/site-packages/airflow/example_dags/example_task_group.py for tasks to queue
[2025-04-13T14:55:23.292+0000] {logging_mixin.py:188} INFO - [2025-04-13T14:55:23.291+0000] {dagbag.py:538} INFO - Filling up the DagBag from /home/airflow/.local/lib/python3.8/site-packages/airflow/example_dags/example_task_group.py
[2025-04-13T14:55:23.315+0000] {processor.py:840} INFO - DAG(s) 'example_task_group' retrieved from /home/airflow/.local/lib/python3.8/site-packages/airflow/example_dags/example_task_group.py
[2025-04-13T14:55:23.406+0000] {logging_mixin.py:188} INFO - [2025-04-13T14:55:23.406+0000] {dag.py:3036} INFO - Sync 1 DAGs
[2025-04-13T14:55:23.455+0000] {logging_mixin.py:188} INFO - [2025-04-13T14:55:23.455+0000] {dag.py:3823} INFO - Setting next_dagrun for example_task_group to 2025-04-12 00:00:00+00:00, run_after=2025-04-13 00:00:00+00:00
[2025-04-13T14:55:23.505+0000] {processor.py:183} INFO - Processing /home/airflow/.local/lib/python3.8/site-packages/airflow/example_dags/example_task_group.py took 0.228 seconds
[2025-04-13T14:55:53.602+0000] {processor.py:161} INFO - Started process (PID=121) to work on /home/airflow/.local/lib/python3.8/site-packages/airflow/example_dags/example_task_group.py
[2025-04-13T14:55:53.603+0000] {processor.py:830} INFO - Processing file /home/airflow/.local/lib/python3.8/site-packages/airflow/example_dags/example_task_group.py for tasks to queue
[2025-04-13T14:55:53.606+0000] {logging_mixin.py:188} INFO - [2025-04-13T14:55:53.606+0000] {dagbag.py:538} INFO - Filling up the DagBag from /home/airflow/.local/lib/python3.8/site-packages/airflow/example_dags/example_task_group.py
[2025-04-13T14:55:53.617+0000] {processor.py:840} INFO - DAG(s) 'example_task_group' retrieved from /home/airflow/.local/lib/python3.8/site-packages/airflow/example_dags/example_task_group.py
[2025-04-13T14:55:53.640+0000] {logging_mixin.py:188} INFO - [2025-04-13T14:55:53.640+0000] {dag.py:3036} INFO - Sync 1 DAGs
[2025-04-13T14:55:53.683+0000] {logging_mixin.py:188} INFO - [2025-04-13T14:55:53.683+0000] {dag.py:3823} INFO - Setting next_dagrun for example_task_group to 2025-04-12 00:00:00+00:00, run_after=2025-04-13 00:00:00+00:00
[2025-04-13T14:55:53.707+0000] {processor.py:183} INFO - Processing /home/airflow/.local/lib/python3.8/site-packages/airflow/example_dags/example_task_group.py took 0.109 seconds
[2025-04-13T14:56:25.891+0000] {processor.py:161} INFO - Started process (PID=176) to work on /home/airflow/.local/lib/python3.8/site-packages/airflow/example_dags/example_task_group.py
[2025-04-13T14:56:25.947+0000] {processor.py:830} INFO - Processing file /home/airflow/.local/lib/python3.8/site-packages/airflow/example_dags/example_task_group.py for tasks to queue
[2025-04-13T14:56:25.975+0000] {logging_mixin.py:188} INFO - [2025-04-13T14:56:25.974+0000] {dagbag.py:538} INFO - Filling up the DagBag from /home/airflow/.local/lib/python3.8/site-packages/airflow/example_dags/example_task_group.py
[2025-04-13T14:56:26.028+0000] {processor.py:840} INFO - DAG(s) 'example_task_group' retrieved from /home/airflow/.local/lib/python3.8/site-packages/airflow/example_dags/example_task_group.py
[2025-04-13T14:56:26.321+0000] {logging_mixin.py:188} INFO - [2025-04-13T14:56:26.321+0000] {dag.py:3036} INFO - Sync 1 DAGs
[2025-04-13T14:56:26.480+0000] {logging_mixin.py:188} INFO - [2025-04-13T14:56:26.480+0000] {dag.py:3823} INFO - Setting next_dagrun for example_task_group to 2025-04-12 00:00:00+00:00, run_after=2025-04-13 00:00:00+00:00
[2025-04-13T14:56:26.596+0000] {processor.py:183} INFO - Processing /home/airflow/.local/lib/python3.8/site-packages/airflow/example_dags/example_task_group.py took 0.732 seconds
[2025-04-13T14:56:56.966+0000] {processor.py:161} INFO - Started process (PID=232) to work on /home/airflow/.local/lib/python3.8/site-packages/airflow/example_dags/example_task_group.py
[2025-04-13T14:56:56.968+0000] {processor.py:830} INFO - Processing file /home/airflow/.local/lib/python3.8/site-packages/airflow/example_dags/example_task_group.py for tasks to queue
[2025-04-13T14:56:56.971+0000] {logging_mixin.py:188} INFO - [2025-04-13T14:56:56.971+0000] {dagbag.py:538} INFO - Filling up the DagBag from /home/airflow/.local/lib/python3.8/site-packages/airflow/example_dags/example_task_group.py
[2025-04-13T14:56:56.982+0000] {processor.py:840} INFO - DAG(s) 'example_task_group' retrieved from /home/airflow/.local/lib/python3.8/site-packages/airflow/example_dags/example_task_group.py
[2025-04-13T14:56:57.015+0000] {logging_mixin.py:188} INFO - [2025-04-13T14:56:57.015+0000] {dag.py:3036} INFO - Sync 1 DAGs
[2025-04-13T14:56:57.044+0000] {logging_mixin.py:188} INFO - [2025-04-13T14:56:57.044+0000] {dag.py:3823} INFO - Setting next_dagrun for example_task_group to 2025-04-12 00:00:00+00:00, run_after=2025-04-13 00:00:00+00:00
[2025-04-13T14:56:57.072+0000] {processor.py:183} INFO - Processing /home/airflow/.local/lib/python3.8/site-packages/airflow/example_dags/example_task_group.py took 0.110 seconds
[2025-04-13T14:57:27.141+0000] {processor.py:161} INFO - Started process (PID=287) to work on /home/airflow/.local/lib/python3.8/site-packages/airflow/example_dags/example_task_group.py
[2025-04-13T14:57:27.143+0000] {processor.py:830} INFO - Processing file /home/airflow/.local/lib/python3.8/site-packages/airflow/example_dags/example_task_group.py for tasks to queue
[2025-04-13T14:57:27.145+0000] {logging_mixin.py:188} INFO - [2025-04-13T14:57:27.145+0000] {dagbag.py:538} INFO - Filling up the DagBag from /home/airflow/.local/lib/python3.8/site-packages/airflow/example_dags/example_task_group.py
[2025-04-13T14:57:27.155+0000] {processor.py:840} INFO - DAG(s) 'example_task_group' retrieved from /home/airflow/.local/lib/python3.8/site-packages/airflow/example_dags/example_task_group.py
[2025-04-13T14:57:27.169+0000] {logging_mixin.py:188} INFO - [2025-04-13T14:57:27.169+0000] {dag.py:3036} INFO - Sync 1 DAGs
[2025-04-13T14:57:27.199+0000] {logging_mixin.py:188} INFO - [2025-04-13T14:57:27.198+0000] {dag.py:3823} INFO - Setting next_dagrun for example_task_group to 2025-04-12 00:00:00+00:00, run_after=2025-04-13 00:00:00+00:00
[2025-04-13T14:57:27.223+0000] {processor.py:183} INFO - Processing /home/airflow/.local/lib/python3.8/site-packages/airflow/example_dags/example_task_group.py took 0.085 seconds
[2025-04-13T14:57:57.535+0000] {processor.py:161} INFO - Started process (PID=342) to work on /home/airflow/.local/lib/python3.8/site-packages/airflow/example_dags/example_task_group.py
[2025-04-13T14:57:57.537+0000] {processor.py:830} INFO - Processing file /home/airflow/.local/lib/python3.8/site-packages/airflow/example_dags/example_task_group.py for tasks to queue
[2025-04-13T14:57:57.539+0000] {logging_mixin.py:188} INFO - [2025-04-13T14:57:57.539+0000] {dagbag.py:538} INFO - Filling up the DagBag from /home/airflow/.local/lib/python3.8/site-packages/airflow/example_dags/example_task_group.py
[2025-04-13T14:57:57.550+0000] {processor.py:840} INFO - DAG(s) 'example_task_group' retrieved from /home/airflow/.local/lib/python3.8/site-packages/airflow/example_dags/example_task_group.py
[2025-04-13T14:57:57.836+0000] {logging_mixin.py:188} INFO - [2025-04-13T14:57:57.835+0000] {dag.py:3036} INFO - Sync 1 DAGs
[2025-04-13T14:57:57.898+0000] {logging_mixin.py:188} INFO - [2025-04-13T14:57:57.897+0000] {dag.py:3823} INFO - Setting next_dagrun for example_task_group to 2025-04-12 00:00:00+00:00, run_after=2025-04-13 00:00:00+00:00
[2025-04-13T14:57:57.933+0000] {processor.py:183} INFO - Processing /home/airflow/.local/lib/python3.8/site-packages/airflow/example_dags/example_task_group.py took 0.402 seconds
[2025-04-13T14:58:28.076+0000] {processor.py:161} INFO - Started process (PID=391) to work on /home/airflow/.local/lib/python3.8/site-packages/airflow/example_dags/example_task_group.py
[2025-04-13T14:58:28.077+0000] {processor.py:830} INFO - Processing file /home/airflow/.local/lib/python3.8/site-packages/airflow/example_dags/example_task_group.py for tasks to queue
[2025-04-13T14:58:28.092+0000] {logging_mixin.py:188} INFO - [2025-04-13T14:58:28.092+0000] {dagbag.py:538} INFO - Filling up the DagBag from /home/airflow/.local/lib/python3.8/site-packages/airflow/example_dags/example_task_group.py
[2025-04-13T14:58:28.143+0000] {processor.py:840} INFO - DAG(s) 'example_task_group' retrieved from /home/airflow/.local/lib/python3.8/site-packages/airflow/example_dags/example_task_group.py
[2025-04-13T14:58:28.256+0000] {logging_mixin.py:188} INFO - [2025-04-13T14:58:28.250+0000] {dag.py:3036} INFO - Sync 1 DAGs
[2025-04-13T14:58:28.379+0000] {logging_mixin.py:188} INFO - [2025-04-13T14:58:28.378+0000] {dag.py:3823} INFO - Setting next_dagrun for example_task_group to 2025-04-12 00:00:00+00:00, run_after=2025-04-13 00:00:00+00:00
[2025-04-13T14:58:28.493+0000] {processor.py:183} INFO - Processing /home/airflow/.local/lib/python3.8/site-packages/airflow/example_dags/example_task_group.py took 0.422 seconds
[2025-04-13T14:58:58.798+0000] {processor.py:161} INFO - Started process (PID=446) to work on /home/airflow/.local/lib/python3.8/site-packages/airflow/example_dags/example_task_group.py
[2025-04-13T14:58:58.800+0000] {processor.py:830} INFO - Processing file /home/airflow/.local/lib/python3.8/site-packages/airflow/example_dags/example_task_group.py for tasks to queue
[2025-04-13T14:58:58.803+0000] {logging_mixin.py:188} INFO - [2025-04-13T14:58:58.802+0000] {dagbag.py:538} INFO - Filling up the DagBag from /home/airflow/.local/lib/python3.8/site-packages/airflow/example_dags/example_task_group.py
[2025-04-13T14:58:58.822+0000] {processor.py:840} INFO - DAG(s) 'example_task_group' retrieved from /home/airflow/.local/lib/python3.8/site-packages/airflow/example_dags/example_task_group.py
[2025-04-13T14:58:58.893+0000] {logging_mixin.py:188} INFO - [2025-04-13T14:58:58.892+0000] {dag.py:3036} INFO - Sync 1 DAGs
[2025-04-13T14:58:58.959+0000] {logging_mixin.py:188} INFO - [2025-04-13T14:58:58.959+0000] {dag.py:3823} INFO - Setting next_dagrun for example_task_group to 2025-04-12 00:00:00+00:00, run_after=2025-04-13 00:00:00+00:00
[2025-04-13T14:58:59.012+0000] {processor.py:183} INFO - Processing /home/airflow/.local/lib/python3.8/site-packages/airflow/example_dags/example_task_group.py took 0.219 seconds
[2025-04-13T14:59:29.223+0000] {processor.py:161} INFO - Started process (PID=501) to work on /home/airflow/.local/lib/python3.8/site-packages/airflow/example_dags/example_task_group.py
[2025-04-13T14:59:29.224+0000] {processor.py:830} INFO - Processing file /home/airflow/.local/lib/python3.8/site-packages/airflow/example_dags/example_task_group.py for tasks to queue
[2025-04-13T14:59:29.230+0000] {logging_mixin.py:188} INFO - [2025-04-13T14:59:29.228+0000] {dagbag.py:538} INFO - Filling up the DagBag from /home/airflow/.local/lib/python3.8/site-packages/airflow/example_dags/example_task_group.py
[2025-04-13T14:59:29.254+0000] {processor.py:840} INFO - DAG(s) 'example_task_group' retrieved from /home/airflow/.local/lib/python3.8/site-packages/airflow/example_dags/example_task_group.py
[2025-04-13T14:59:29.303+0000] {logging_mixin.py:188} INFO - [2025-04-13T14:59:29.303+0000] {dag.py:3036} INFO - Sync 1 DAGs
[2025-04-13T14:59:29.384+0000] {logging_mixin.py:188} INFO - [2025-04-13T14:59:29.384+0000] {dag.py:3823} INFO - Setting next_dagrun for example_task_group to 2025-04-12 00:00:00+00:00, run_after=2025-04-13 00:00:00+00:00
[2025-04-13T14:59:29.459+0000] {processor.py:183} INFO - Processing /home/airflow/.local/lib/python3.8/site-packages/airflow/example_dags/example_task_group.py took 0.241 seconds
[2025-04-13T14:59:59.786+0000] {processor.py:161} INFO - Started process (PID=556) to work on /home/airflow/.local/lib/python3.8/site-packages/airflow/example_dags/example_task_group.py
[2025-04-13T14:59:59.787+0000] {processor.py:830} INFO - Processing file /home/airflow/.local/lib/python3.8/site-packages/airflow/example_dags/example_task_group.py for tasks to queue
[2025-04-13T14:59:59.790+0000] {logging_mixin.py:188} INFO - [2025-04-13T14:59:59.790+0000] {dagbag.py:538} INFO - Filling up the DagBag from /home/airflow/.local/lib/python3.8/site-packages/airflow/example_dags/example_task_group.py
[2025-04-13T14:59:59.799+0000] {processor.py:840} INFO - DAG(s) 'example_task_group' retrieved from /home/airflow/.local/lib/python3.8/site-packages/airflow/example_dags/example_task_group.py
[2025-04-13T14:59:59.826+0000] {logging_mixin.py:188} INFO - [2025-04-13T14:59:59.826+0000] {dag.py:3036} INFO - Sync 1 DAGs
[2025-04-13T14:59:59.850+0000] {logging_mixin.py:188} INFO - [2025-04-13T14:59:59.849+0000] {dag.py:3823} INFO - Setting next_dagrun for example_task_group to 2025-04-12 00:00:00+00:00, run_after=2025-04-13 00:00:00+00:00
[2025-04-13T14:59:59.874+0000] {processor.py:183} INFO - Processing /home/airflow/.local/lib/python3.8/site-packages/airflow/example_dags/example_task_group.py took 0.092 seconds
[2025-04-13T15:00:32.355+0000] {processor.py:161} INFO - Started process (PID=609) to work on /home/airflow/.local/lib/python3.8/site-packages/airflow/example_dags/example_task_group.py
[2025-04-13T15:00:32.356+0000] {processor.py:830} INFO - Processing file /home/airflow/.local/lib/python3.8/site-packages/airflow/example_dags/example_task_group.py for tasks to queue
[2025-04-13T15:00:32.358+0000] {logging_mixin.py:188} INFO - [2025-04-13T15:00:32.358+0000] {dagbag.py:538} INFO - Filling up the DagBag from /home/airflow/.local/lib/python3.8/site-packages/airflow/example_dags/example_task_group.py
[2025-04-13T15:00:32.368+0000] {processor.py:840} INFO - DAG(s) 'example_task_group' retrieved from /home/airflow/.local/lib/python3.8/site-packages/airflow/example_dags/example_task_group.py
[2025-04-13T15:00:32.405+0000] {logging_mixin.py:188} INFO - [2025-04-13T15:00:32.405+0000] {dag.py:3036} INFO - Sync 1 DAGs
[2025-04-13T15:00:32.499+0000] {logging_mixin.py:188} INFO - [2025-04-13T15:00:32.499+0000] {dag.py:3823} INFO - Setting next_dagrun for example_task_group to 2025-04-12 00:00:00+00:00, run_after=2025-04-13 00:00:00+00:00
[2025-04-13T15:00:32.611+0000] {processor.py:183} INFO - Processing /home/airflow/.local/lib/python3.8/site-packages/airflow/example_dags/example_task_group.py took 0.261 seconds
[2025-04-13T15:01:03.295+0000] {processor.py:161} INFO - Started process (PID=664) to work on /home/airflow/.local/lib/python3.8/site-packages/airflow/example_dags/example_task_group.py
[2025-04-13T15:01:03.297+0000] {processor.py:830} INFO - Processing file /home/airflow/.local/lib/python3.8/site-packages/airflow/example_dags/example_task_group.py for tasks to queue
[2025-04-13T15:01:03.303+0000] {logging_mixin.py:188} INFO - [2025-04-13T15:01:03.303+0000] {dagbag.py:538} INFO - Filling up the DagBag from /home/airflow/.local/lib/python3.8/site-packages/airflow/example_dags/example_task_group.py
[2025-04-13T15:01:03.321+0000] {processor.py:840} INFO - DAG(s) 'example_task_group' retrieved from /home/airflow/.local/lib/python3.8/site-packages/airflow/example_dags/example_task_group.py
[2025-04-13T15:01:03.394+0000] {logging_mixin.py:188} INFO - [2025-04-13T15:01:03.394+0000] {dag.py:3036} INFO - Sync 1 DAGs
[2025-04-13T15:01:03.435+0000] {logging_mixin.py:188} INFO - [2025-04-13T15:01:03.435+0000] {dag.py:3823} INFO - Setting next_dagrun for example_task_group to 2025-04-12 00:00:00+00:00, run_after=2025-04-13 00:00:00+00:00
[2025-04-13T15:01:03.469+0000] {processor.py:183} INFO - Processing /home/airflow/.local/lib/python3.8/site-packages/airflow/example_dags/example_task_group.py took 0.183 seconds
[2025-04-13T15:01:33.629+0000] {processor.py:161} INFO - Started process (PID=715) to work on /home/airflow/.local/lib/python3.8/site-packages/airflow/example_dags/example_task_group.py
[2025-04-13T15:01:33.630+0000] {processor.py:830} INFO - Processing file /home/airflow/.local/lib/python3.8/site-packages/airflow/example_dags/example_task_group.py for tasks to queue
[2025-04-13T15:01:33.633+0000] {logging_mixin.py:188} INFO - [2025-04-13T15:01:33.633+0000] {dagbag.py:538} INFO - Filling up the DagBag from /home/airflow/.local/lib/python3.8/site-packages/airflow/example_dags/example_task_group.py
[2025-04-13T15:01:33.646+0000] {processor.py:840} INFO - DAG(s) 'example_task_group' retrieved from /home/airflow/.local/lib/python3.8/site-packages/airflow/example_dags/example_task_group.py
[2025-04-13T15:01:33.678+0000] {logging_mixin.py:188} INFO - [2025-04-13T15:01:33.678+0000] {dag.py:3036} INFO - Sync 1 DAGs
[2025-04-13T15:01:33.713+0000] {logging_mixin.py:188} INFO - [2025-04-13T15:01:33.713+0000] {dag.py:3823} INFO - Setting next_dagrun for example_task_group to 2025-04-12 00:00:00+00:00, run_after=2025-04-13 00:00:00+00:00
[2025-04-13T15:01:33.749+0000] {processor.py:183} INFO - Processing /home/airflow/.local/lib/python3.8/site-packages/airflow/example_dags/example_task_group.py took 0.126 seconds
[2025-04-13T15:02:04.108+0000] {processor.py:161} INFO - Started process (PID=755) to work on /home/airflow/.local/lib/python3.8/site-packages/airflow/example_dags/example_task_group.py
[2025-04-13T15:02:04.110+0000] {processor.py:830} INFO - Processing file /home/airflow/.local/lib/python3.8/site-packages/airflow/example_dags/example_task_group.py for tasks to queue
[2025-04-13T15:02:04.115+0000] {logging_mixin.py:188} INFO - [2025-04-13T15:02:04.115+0000] {dagbag.py:538} INFO - Filling up the DagBag from /home/airflow/.local/lib/python3.8/site-packages/airflow/example_dags/example_task_group.py
[2025-04-13T15:02:04.133+0000] {processor.py:840} INFO - DAG(s) 'example_task_group' retrieved from /home/airflow/.local/lib/python3.8/site-packages/airflow/example_dags/example_task_group.py
[2025-04-13T15:02:04.193+0000] {logging_mixin.py:188} INFO - [2025-04-13T15:02:04.193+0000] {dag.py:3036} INFO - Sync 1 DAGs
[2025-04-13T15:02:04.245+0000] {logging_mixin.py:188} INFO - [2025-04-13T15:02:04.244+0000] {dag.py:3823} INFO - Setting next_dagrun for example_task_group to 2025-04-12 00:00:00+00:00, run_after=2025-04-13 00:00:00+00:00
[2025-04-13T15:02:04.295+0000] {processor.py:183} INFO - Processing /home/airflow/.local/lib/python3.8/site-packages/airflow/example_dags/example_task_group.py took 0.191 seconds
[2025-04-13T15:02:35.618+0000] {processor.py:161} INFO - Started process (PID=809) to work on /home/airflow/.local/lib/python3.8/site-packages/airflow/example_dags/example_task_group.py
[2025-04-13T15:02:35.619+0000] {processor.py:830} INFO - Processing file /home/airflow/.local/lib/python3.8/site-packages/airflow/example_dags/example_task_group.py for tasks to queue
[2025-04-13T15:02:35.622+0000] {logging_mixin.py:188} INFO - [2025-04-13T15:02:35.622+0000] {dagbag.py:538} INFO - Filling up the DagBag from /home/airflow/.local/lib/python3.8/site-packages/airflow/example_dags/example_task_group.py
[2025-04-13T15:02:35.634+0000] {processor.py:840} INFO - DAG(s) 'example_task_group' retrieved from /home/airflow/.local/lib/python3.8/site-packages/airflow/example_dags/example_task_group.py
[2025-04-13T15:02:35.659+0000] {logging_mixin.py:188} INFO - [2025-04-13T15:02:35.658+0000] {dag.py:3036} INFO - Sync 1 DAGs
[2025-04-13T15:02:35.684+0000] {logging_mixin.py:188} INFO - [2025-04-13T15:02:35.683+0000] {dag.py:3823} INFO - Setting next_dagrun for example_task_group to 2025-04-12 00:00:00+00:00, run_after=2025-04-13 00:00:00+00:00
[2025-04-13T15:02:35.707+0000] {processor.py:183} INFO - Processing /home/airflow/.local/lib/python3.8/site-packages/airflow/example_dags/example_task_group.py took 0.095 seconds
[2025-04-13T15:03:06.984+0000] {processor.py:161} INFO - Started process (PID=846) to work on /home/airflow/.local/lib/python3.8/site-packages/airflow/example_dags/example_task_group.py
[2025-04-13T15:03:06.985+0000] {processor.py:830} INFO - Processing file /home/airflow/.local/lib/python3.8/site-packages/airflow/example_dags/example_task_group.py for tasks to queue
[2025-04-13T15:03:06.988+0000] {logging_mixin.py:188} INFO - [2025-04-13T15:03:06.988+0000] {dagbag.py:538} INFO - Filling up the DagBag from /home/airflow/.local/lib/python3.8/site-packages/airflow/example_dags/example_task_group.py
[2025-04-13T15:03:06.996+0000] {processor.py:840} INFO - DAG(s) 'example_task_group' retrieved from /home/airflow/.local/lib/python3.8/site-packages/airflow/example_dags/example_task_group.py
[2025-04-13T15:03:07.025+0000] {logging_mixin.py:188} INFO - [2025-04-13T15:03:07.024+0000] {dag.py:3036} INFO - Sync 1 DAGs
[2025-04-13T15:03:07.060+0000] {logging_mixin.py:188} INFO - [2025-04-13T15:03:07.059+0000] {dag.py:3823} INFO - Setting next_dagrun for example_task_group to 2025-04-12 00:00:00+00:00, run_after=2025-04-13 00:00:00+00:00
[2025-04-13T15:03:07.086+0000] {processor.py:183} INFO - Processing /home/airflow/.local/lib/python3.8/site-packages/airflow/example_dags/example_task_group.py took 0.107 seconds
[2025-04-13T15:03:39.908+0000] {processor.py:161} INFO - Started process (PID=901) to work on /home/airflow/.local/lib/python3.8/site-packages/airflow/example_dags/example_task_group.py
[2025-04-13T15:03:39.909+0000] {processor.py:830} INFO - Processing file /home/airflow/.local/lib/python3.8/site-packages/airflow/example_dags/example_task_group.py for tasks to queue
[2025-04-13T15:03:39.912+0000] {logging_mixin.py:188} INFO - [2025-04-13T15:03:39.912+0000] {dagbag.py:538} INFO - Filling up the DagBag from /home/airflow/.local/lib/python3.8/site-packages/airflow/example_dags/example_task_group.py
[2025-04-13T15:03:39.919+0000] {processor.py:840} INFO - DAG(s) 'example_task_group' retrieved from /home/airflow/.local/lib/python3.8/site-packages/airflow/example_dags/example_task_group.py
[2025-04-13T15:03:39.946+0000] {logging_mixin.py:188} INFO - [2025-04-13T15:03:39.946+0000] {dag.py:3036} INFO - Sync 1 DAGs
[2025-04-13T15:03:39.975+0000] {logging_mixin.py:188} INFO - [2025-04-13T15:03:39.975+0000] {dag.py:3823} INFO - Setting next_dagrun for example_task_group to 2025-04-12 00:00:00+00:00, run_after=2025-04-13 00:00:00+00:00
[2025-04-13T15:03:39.999+0000] {processor.py:183} INFO - Processing /home/airflow/.local/lib/python3.8/site-packages/airflow/example_dags/example_task_group.py took 0.097 seconds
[2025-04-13T15:04:12.445+0000] {processor.py:161} INFO - Started process (PID=956) to work on /home/airflow/.local/lib/python3.8/site-packages/airflow/example_dags/example_task_group.py
[2025-04-13T15:04:12.446+0000] {processor.py:830} INFO - Processing file /home/airflow/.local/lib/python3.8/site-packages/airflow/example_dags/example_task_group.py for tasks to queue
[2025-04-13T15:04:12.449+0000] {logging_mixin.py:188} INFO - [2025-04-13T15:04:12.448+0000] {dagbag.py:538} INFO - Filling up the DagBag from /home/airflow/.local/lib/python3.8/site-packages/airflow/example_dags/example_task_group.py
[2025-04-13T15:04:12.457+0000] {processor.py:840} INFO - DAG(s) 'example_task_group' retrieved from /home/airflow/.local/lib/python3.8/site-packages/airflow/example_dags/example_task_group.py
[2025-04-13T15:04:12.486+0000] {logging_mixin.py:188} INFO - [2025-04-13T15:04:12.485+0000] {dag.py:3036} INFO - Sync 1 DAGs
[2025-04-13T15:04:12.514+0000] {logging_mixin.py:188} INFO - [2025-04-13T15:04:12.513+0000] {dag.py:3823} INFO - Setting next_dagrun for example_task_group to 2025-04-12 00:00:00+00:00, run_after=2025-04-13 00:00:00+00:00
[2025-04-13T15:04:12.539+0000] {processor.py:183} INFO - Processing /home/airflow/.local/lib/python3.8/site-packages/airflow/example_dags/example_task_group.py took 0.097 seconds
[2025-04-13T15:04:44.908+0000] {processor.py:161} INFO - Started process (PID=1012) to work on /home/airflow/.local/lib/python3.8/site-packages/airflow/example_dags/example_task_group.py
[2025-04-13T15:04:44.909+0000] {processor.py:830} INFO - Processing file /home/airflow/.local/lib/python3.8/site-packages/airflow/example_dags/example_task_group.py for tasks to queue
[2025-04-13T15:04:44.913+0000] {logging_mixin.py:188} INFO - [2025-04-13T15:04:44.912+0000] {dagbag.py:538} INFO - Filling up the DagBag from /home/airflow/.local/lib/python3.8/site-packages/airflow/example_dags/example_task_group.py
[2025-04-13T15:04:44.925+0000] {processor.py:840} INFO - DAG(s) 'example_task_group' retrieved from /home/airflow/.local/lib/python3.8/site-packages/airflow/example_dags/example_task_group.py
[2025-04-13T15:04:44.960+0000] {logging_mixin.py:188} INFO - [2025-04-13T15:04:44.959+0000] {dag.py:3036} INFO - Sync 1 DAGs
[2025-04-13T15:04:44.999+0000] {logging_mixin.py:188} INFO - [2025-04-13T15:04:44.999+0000] {dag.py:3823} INFO - Setting next_dagrun for example_task_group to 2025-04-12 00:00:00+00:00, run_after=2025-04-13 00:00:00+00:00
[2025-04-13T15:04:45.032+0000] {processor.py:183} INFO - Processing /home/airflow/.local/lib/python3.8/site-packages/airflow/example_dags/example_task_group.py took 0.132 seconds
[2025-04-13T15:05:18.048+0000] {processor.py:161} INFO - Started process (PID=1067) to work on /home/airflow/.local/lib/python3.8/site-packages/airflow/example_dags/example_task_group.py
[2025-04-13T15:05:18.050+0000] {processor.py:830} INFO - Processing file /home/airflow/.local/lib/python3.8/site-packages/airflow/example_dags/example_task_group.py for tasks to queue
[2025-04-13T15:05:18.061+0000] {logging_mixin.py:188} INFO - [2025-04-13T15:05:18.060+0000] {dagbag.py:538} INFO - Filling up the DagBag from /home/airflow/.local/lib/python3.8/site-packages/airflow/example_dags/example_task_group.py
[2025-04-13T15:05:18.119+0000] {processor.py:840} INFO - DAG(s) 'example_task_group' retrieved from /home/airflow/.local/lib/python3.8/site-packages/airflow/example_dags/example_task_group.py
[2025-04-13T15:05:18.221+0000] {logging_mixin.py:188} INFO - [2025-04-13T15:05:18.221+0000] {dag.py:3036} INFO - Sync 1 DAGs
[2025-04-13T15:05:18.327+0000] {logging_mixin.py:188} INFO - [2025-04-13T15:05:18.326+0000] {dag.py:3823} INFO - Setting next_dagrun for example_task_group to 2025-04-12 00:00:00+00:00, run_after=2025-04-13 00:00:00+00:00
[2025-04-13T15:05:18.438+0000] {processor.py:183} INFO - Processing /home/airflow/.local/lib/python3.8/site-packages/airflow/example_dags/example_task_group.py took 0.394 seconds
[2025-04-13T15:05:50.716+0000] {processor.py:161} INFO - Started process (PID=1122) to work on /home/airflow/.local/lib/python3.8/site-packages/airflow/example_dags/example_task_group.py
[2025-04-13T15:05:50.717+0000] {processor.py:830} INFO - Processing file /home/airflow/.local/lib/python3.8/site-packages/airflow/example_dags/example_task_group.py for tasks to queue
[2025-04-13T15:05:50.720+0000] {logging_mixin.py:188} INFO - [2025-04-13T15:05:50.720+0000] {dagbag.py:538} INFO - Filling up the DagBag from /home/airflow/.local/lib/python3.8/site-packages/airflow/example_dags/example_task_group.py
[2025-04-13T15:05:50.729+0000] {processor.py:840} INFO - DAG(s) 'example_task_group' retrieved from /home/airflow/.local/lib/python3.8/site-packages/airflow/example_dags/example_task_group.py
[2025-04-13T15:05:50.757+0000] {logging_mixin.py:188} INFO - [2025-04-13T15:05:50.756+0000] {dag.py:3036} INFO - Sync 1 DAGs
[2025-04-13T15:05:50.789+0000] {logging_mixin.py:188} INFO - [2025-04-13T15:05:50.788+0000] {dag.py:3823} INFO - Setting next_dagrun for example_task_group to 2025-04-12 00:00:00+00:00, run_after=2025-04-13 00:00:00+00:00
[2025-04-13T15:05:50.816+0000] {processor.py:183} INFO - Processing /home/airflow/.local/lib/python3.8/site-packages/airflow/example_dags/example_task_group.py took 0.104 seconds
[2025-04-13T15:06:23.712+0000] {processor.py:161} INFO - Started process (PID=1177) to work on /home/airflow/.local/lib/python3.8/site-packages/airflow/example_dags/example_task_group.py
[2025-04-13T15:06:23.713+0000] {processor.py:830} INFO - Processing file /home/airflow/.local/lib/python3.8/site-packages/airflow/example_dags/example_task_group.py for tasks to queue
[2025-04-13T15:06:23.716+0000] {logging_mixin.py:188} INFO - [2025-04-13T15:06:23.716+0000] {dagbag.py:538} INFO - Filling up the DagBag from /home/airflow/.local/lib/python3.8/site-packages/airflow/example_dags/example_task_group.py
[2025-04-13T15:06:23.726+0000] {processor.py:840} INFO - DAG(s) 'example_task_group' retrieved from /home/airflow/.local/lib/python3.8/site-packages/airflow/example_dags/example_task_group.py
[2025-04-13T15:06:23.751+0000] {logging_mixin.py:188} INFO - [2025-04-13T15:06:23.750+0000] {dag.py:3036} INFO - Sync 1 DAGs
[2025-04-13T15:06:23.777+0000] {logging_mixin.py:188} INFO - [2025-04-13T15:06:23.777+0000] {dag.py:3823} INFO - Setting next_dagrun for example_task_group to 2025-04-12 00:00:00+00:00, run_after=2025-04-13 00:00:00+00:00
[2025-04-13T15:06:23.800+0000] {processor.py:183} INFO - Processing /home/airflow/.local/lib/python3.8/site-packages/airflow/example_dags/example_task_group.py took 0.092 seconds
[2025-04-13T15:06:56.451+0000] {processor.py:161} INFO - Started process (PID=1232) to work on /home/airflow/.local/lib/python3.8/site-packages/airflow/example_dags/example_task_group.py
[2025-04-13T15:06:56.456+0000] {processor.py:830} INFO - Processing file /home/airflow/.local/lib/python3.8/site-packages/airflow/example_dags/example_task_group.py for tasks to queue
[2025-04-13T15:06:56.465+0000] {logging_mixin.py:188} INFO - [2025-04-13T15:06:56.465+0000] {dagbag.py:538} INFO - Filling up the DagBag from /home/airflow/.local/lib/python3.8/site-packages/airflow/example_dags/example_task_group.py
[2025-04-13T15:06:56.495+0000] {processor.py:840} INFO - DAG(s) 'example_task_group' retrieved from /home/airflow/.local/lib/python3.8/site-packages/airflow/example_dags/example_task_group.py
[2025-04-13T15:06:56.552+0000] {logging_mixin.py:188} INFO - [2025-04-13T15:06:56.552+0000] {dag.py:3036} INFO - Sync 1 DAGs
[2025-04-13T15:06:56.607+0000] {logging_mixin.py:188} INFO - [2025-04-13T15:06:56.606+0000] {dag.py:3823} INFO - Setting next_dagrun for example_task_group to 2025-04-12 00:00:00+00:00, run_after=2025-04-13 00:00:00+00:00
[2025-04-13T15:06:56.640+0000] {processor.py:183} INFO - Processing /home/airflow/.local/lib/python3.8/site-packages/airflow/example_dags/example_task_group.py took 0.194 seconds
[2025-04-13T15:07:29.485+0000] {processor.py:161} INFO - Started process (PID=1288) to work on /home/airflow/.local/lib/python3.8/site-packages/airflow/example_dags/example_task_group.py
[2025-04-13T15:07:29.486+0000] {processor.py:830} INFO - Processing file /home/airflow/.local/lib/python3.8/site-packages/airflow/example_dags/example_task_group.py for tasks to queue
[2025-04-13T15:07:29.489+0000] {logging_mixin.py:188} INFO - [2025-04-13T15:07:29.488+0000] {dagbag.py:538} INFO - Filling up the DagBag from /home/airflow/.local/lib/python3.8/site-packages/airflow/example_dags/example_task_group.py
[2025-04-13T15:07:29.496+0000] {processor.py:840} INFO - DAG(s) 'example_task_group' retrieved from /home/airflow/.local/lib/python3.8/site-packages/airflow/example_dags/example_task_group.py
[2025-04-13T15:07:29.520+0000] {logging_mixin.py:188} INFO - [2025-04-13T15:07:29.519+0000] {dag.py:3036} INFO - Sync 1 DAGs
[2025-04-13T15:07:29.553+0000] {logging_mixin.py:188} INFO - [2025-04-13T15:07:29.553+0000] {dag.py:3823} INFO - Setting next_dagrun for example_task_group to 2025-04-12 00:00:00+00:00, run_after=2025-04-13 00:00:00+00:00
[2025-04-13T15:07:29.578+0000] {processor.py:183} INFO - Processing /home/airflow/.local/lib/python3.8/site-packages/airflow/example_dags/example_task_group.py took 0.097 seconds
[2025-04-13T15:08:01.931+0000] {processor.py:161} INFO - Started process (PID=1343) to work on /home/airflow/.local/lib/python3.8/site-packages/airflow/example_dags/example_task_group.py
[2025-04-13T15:08:01.933+0000] {processor.py:830} INFO - Processing file /home/airflow/.local/lib/python3.8/site-packages/airflow/example_dags/example_task_group.py for tasks to queue
[2025-04-13T15:08:01.935+0000] {logging_mixin.py:188} INFO - [2025-04-13T15:08:01.935+0000] {dagbag.py:538} INFO - Filling up the DagBag from /home/airflow/.local/lib/python3.8/site-packages/airflow/example_dags/example_task_group.py
[2025-04-13T15:08:01.945+0000] {processor.py:840} INFO - DAG(s) 'example_task_group' retrieved from /home/airflow/.local/lib/python3.8/site-packages/airflow/example_dags/example_task_group.py
[2025-04-13T15:08:01.974+0000] {logging_mixin.py:188} INFO - [2025-04-13T15:08:01.974+0000] {dag.py:3036} INFO - Sync 1 DAGs
[2025-04-13T15:08:02.004+0000] {logging_mixin.py:188} INFO - [2025-04-13T15:08:02.004+0000] {dag.py:3823} INFO - Setting next_dagrun for example_task_group to 2025-04-12 00:00:00+00:00, run_after=2025-04-13 00:00:00+00:00
[2025-04-13T15:08:02.032+0000] {processor.py:183} INFO - Processing /home/airflow/.local/lib/python3.8/site-packages/airflow/example_dags/example_task_group.py took 0.105 seconds
[2025-04-13T15:08:34.570+0000] {processor.py:161} INFO - Started process (PID=1397) to work on /home/airflow/.local/lib/python3.8/site-packages/airflow/example_dags/example_task_group.py
[2025-04-13T15:08:34.571+0000] {processor.py:830} INFO - Processing file /home/airflow/.local/lib/python3.8/site-packages/airflow/example_dags/example_task_group.py for tasks to queue
[2025-04-13T15:08:34.573+0000] {logging_mixin.py:188} INFO - [2025-04-13T15:08:34.573+0000] {dagbag.py:538} INFO - Filling up the DagBag from /home/airflow/.local/lib/python3.8/site-packages/airflow/example_dags/example_task_group.py
[2025-04-13T15:08:34.582+0000] {processor.py:840} INFO - DAG(s) 'example_task_group' retrieved from /home/airflow/.local/lib/python3.8/site-packages/airflow/example_dags/example_task_group.py
[2025-04-13T15:08:34.609+0000] {logging_mixin.py:188} INFO - [2025-04-13T15:08:34.609+0000] {dag.py:3036} INFO - Sync 1 DAGs
[2025-04-13T15:08:34.640+0000] {logging_mixin.py:188} INFO - [2025-04-13T15:08:34.640+0000] {dag.py:3823} INFO - Setting next_dagrun for example_task_group to 2025-04-12 00:00:00+00:00, run_after=2025-04-13 00:00:00+00:00
[2025-04-13T15:08:34.666+0000] {processor.py:183} INFO - Processing /home/airflow/.local/lib/python3.8/site-packages/airflow/example_dags/example_task_group.py took 0.100 seconds
[2025-04-13T15:09:07.231+0000] {processor.py:161} INFO - Started process (PID=1452) to work on /home/airflow/.local/lib/python3.8/site-packages/airflow/example_dags/example_task_group.py
[2025-04-13T15:09:07.232+0000] {processor.py:830} INFO - Processing file /home/airflow/.local/lib/python3.8/site-packages/airflow/example_dags/example_task_group.py for tasks to queue
[2025-04-13T15:09:07.235+0000] {logging_mixin.py:188} INFO - [2025-04-13T15:09:07.234+0000] {dagbag.py:538} INFO - Filling up the DagBag from /home/airflow/.local/lib/python3.8/site-packages/airflow/example_dags/example_task_group.py
[2025-04-13T15:09:07.245+0000] {processor.py:840} INFO - DAG(s) 'example_task_group' retrieved from /home/airflow/.local/lib/python3.8/site-packages/airflow/example_dags/example_task_group.py
[2025-04-13T15:09:07.277+0000] {logging_mixin.py:188} INFO - [2025-04-13T15:09:07.276+0000] {dag.py:3036} INFO - Sync 1 DAGs
[2025-04-13T15:09:07.308+0000] {logging_mixin.py:188} INFO - [2025-04-13T15:09:07.307+0000] {dag.py:3823} INFO - Setting next_dagrun for example_task_group to 2025-04-12 00:00:00+00:00, run_after=2025-04-13 00:00:00+00:00
[2025-04-13T15:09:07.332+0000] {processor.py:183} INFO - Processing /home/airflow/.local/lib/python3.8/site-packages/airflow/example_dags/example_task_group.py took 0.105 seconds
[2025-04-13T15:09:39.876+0000] {processor.py:161} INFO - Started process (PID=1507) to work on /home/airflow/.local/lib/python3.8/site-packages/airflow/example_dags/example_task_group.py
[2025-04-13T15:09:39.880+0000] {processor.py:830} INFO - Processing file /home/airflow/.local/lib/python3.8/site-packages/airflow/example_dags/example_task_group.py for tasks to queue
[2025-04-13T15:09:39.884+0000] {logging_mixin.py:188} INFO - [2025-04-13T15:09:39.884+0000] {dagbag.py:538} INFO - Filling up the DagBag from /home/airflow/.local/lib/python3.8/site-packages/airflow/example_dags/example_task_group.py
[2025-04-13T15:09:39.927+0000] {processor.py:840} INFO - DAG(s) 'example_task_group' retrieved from /home/airflow/.local/lib/python3.8/site-packages/airflow/example_dags/example_task_group.py
[2025-04-13T15:09:40.028+0000] {logging_mixin.py:188} INFO - [2025-04-13T15:09:40.028+0000] {dag.py:3036} INFO - Sync 1 DAGs
[2025-04-13T15:09:40.194+0000] {logging_mixin.py:188} INFO - [2025-04-13T15:09:40.193+0000] {dag.py:3823} INFO - Setting next_dagrun for example_task_group to 2025-04-12 00:00:00+00:00, run_after=2025-04-13 00:00:00+00:00
[2025-04-13T15:09:40.263+0000] {processor.py:183} INFO - Processing /home/airflow/.local/lib/python3.8/site-packages/airflow/example_dags/example_task_group.py took 0.395 seconds
[2025-04-13T15:10:13.123+0000] {processor.py:161} INFO - Started process (PID=1562) to work on /home/airflow/.local/lib/python3.8/site-packages/airflow/example_dags/example_task_group.py
[2025-04-13T15:10:13.125+0000] {processor.py:830} INFO - Processing file /home/airflow/.local/lib/python3.8/site-packages/airflow/example_dags/example_task_group.py for tasks to queue
[2025-04-13T15:10:13.128+0000] {logging_mixin.py:188} INFO - [2025-04-13T15:10:13.128+0000] {dagbag.py:538} INFO - Filling up the DagBag from /home/airflow/.local/lib/python3.8/site-packages/airflow/example_dags/example_task_group.py
[2025-04-13T15:10:13.145+0000] {processor.py:840} INFO - DAG(s) 'example_task_group' retrieved from /home/airflow/.local/lib/python3.8/site-packages/airflow/example_dags/example_task_group.py
[2025-04-13T15:10:13.175+0000] {logging_mixin.py:188} INFO - [2025-04-13T15:10:13.174+0000] {dag.py:3036} INFO - Sync 1 DAGs
[2025-04-13T15:10:13.207+0000] {logging_mixin.py:188} INFO - [2025-04-13T15:10:13.206+0000] {dag.py:3823} INFO - Setting next_dagrun for example_task_group to 2025-04-12 00:00:00+00:00, run_after=2025-04-13 00:00:00+00:00
[2025-04-13T15:10:13.231+0000] {processor.py:183} INFO - Processing /home/airflow/.local/lib/python3.8/site-packages/airflow/example_dags/example_task_group.py took 0.112 seconds
[2025-04-13T15:10:45.433+0000] {processor.py:161} INFO - Started process (PID=1617) to work on /home/airflow/.local/lib/python3.8/site-packages/airflow/example_dags/example_task_group.py
[2025-04-13T15:10:45.437+0000] {processor.py:830} INFO - Processing file /home/airflow/.local/lib/python3.8/site-packages/airflow/example_dags/example_task_group.py for tasks to queue
[2025-04-13T15:10:45.440+0000] {logging_mixin.py:188} INFO - [2025-04-13T15:10:45.439+0000] {dagbag.py:538} INFO - Filling up the DagBag from /home/airflow/.local/lib/python3.8/site-packages/airflow/example_dags/example_task_group.py
[2025-04-13T15:10:45.448+0000] {processor.py:840} INFO - DAG(s) 'example_task_group' retrieved from /home/airflow/.local/lib/python3.8/site-packages/airflow/example_dags/example_task_group.py
[2025-04-13T15:10:45.482+0000] {logging_mixin.py:188} INFO - [2025-04-13T15:10:45.482+0000] {dag.py:3036} INFO - Sync 1 DAGs
[2025-04-13T15:10:45.516+0000] {logging_mixin.py:188} INFO - [2025-04-13T15:10:45.516+0000] {dag.py:3823} INFO - Setting next_dagrun for example_task_group to 2025-04-12 00:00:00+00:00, run_after=2025-04-13 00:00:00+00:00
[2025-04-13T15:10:45.547+0000] {processor.py:183} INFO - Processing /home/airflow/.local/lib/python3.8/site-packages/airflow/example_dags/example_task_group.py took 0.118 seconds
[2025-04-13T15:11:17.992+0000] {processor.py:161} INFO - Started process (PID=1672) to work on /home/airflow/.local/lib/python3.8/site-packages/airflow/example_dags/example_task_group.py
[2025-04-13T15:11:18.006+0000] {processor.py:830} INFO - Processing file /home/airflow/.local/lib/python3.8/site-packages/airflow/example_dags/example_task_group.py for tasks to queue
[2025-04-13T15:11:18.011+0000] {logging_mixin.py:188} INFO - [2025-04-13T15:11:18.010+0000] {dagbag.py:538} INFO - Filling up the DagBag from /home/airflow/.local/lib/python3.8/site-packages/airflow/example_dags/example_task_group.py
[2025-04-13T15:11:18.026+0000] {processor.py:840} INFO - DAG(s) 'example_task_group' retrieved from /home/airflow/.local/lib/python3.8/site-packages/airflow/example_dags/example_task_group.py
[2025-04-13T15:11:18.061+0000] {logging_mixin.py:188} INFO - [2025-04-13T15:11:18.060+0000] {dag.py:3036} INFO - Sync 1 DAGs
[2025-04-13T15:11:18.097+0000] {logging_mixin.py:188} INFO - [2025-04-13T15:11:18.096+0000] {dag.py:3823} INFO - Setting next_dagrun for example_task_group to 2025-04-12 00:00:00+00:00, run_after=2025-04-13 00:00:00+00:00
[2025-04-13T15:11:18.133+0000] {processor.py:183} INFO - Processing /home/airflow/.local/lib/python3.8/site-packages/airflow/example_dags/example_task_group.py took 0.145 seconds
[2025-04-13T15:11:50.838+0000] {processor.py:161} INFO - Started process (PID=1726) to work on /home/airflow/.local/lib/python3.8/site-packages/airflow/example_dags/example_task_group.py
[2025-04-13T15:11:50.839+0000] {processor.py:830} INFO - Processing file /home/airflow/.local/lib/python3.8/site-packages/airflow/example_dags/example_task_group.py for tasks to queue
[2025-04-13T15:11:50.845+0000] {logging_mixin.py:188} INFO - [2025-04-13T15:11:50.845+0000] {dagbag.py:538} INFO - Filling up the DagBag from /home/airflow/.local/lib/python3.8/site-packages/airflow/example_dags/example_task_group.py
[2025-04-13T15:11:50.865+0000] {processor.py:840} INFO - DAG(s) 'example_task_group' retrieved from /home/airflow/.local/lib/python3.8/site-packages/airflow/example_dags/example_task_group.py
[2025-04-13T15:11:50.927+0000] {logging_mixin.py:188} INFO - [2025-04-13T15:11:50.927+0000] {dag.py:3036} INFO - Sync 1 DAGs
[2025-04-13T15:11:50.972+0000] {logging_mixin.py:188} INFO - [2025-04-13T15:11:50.972+0000] {dag.py:3823} INFO - Setting next_dagrun for example_task_group to 2025-04-12 00:00:00+00:00, run_after=2025-04-13 00:00:00+00:00
[2025-04-13T15:11:51.032+0000] {processor.py:183} INFO - Processing /home/airflow/.local/lib/python3.8/site-packages/airflow/example_dags/example_task_group.py took 0.198 seconds
[2025-04-13T15:12:24.103+0000] {processor.py:161} INFO - Started process (PID=1781) to work on /home/airflow/.local/lib/python3.8/site-packages/airflow/example_dags/example_task_group.py
[2025-04-13T15:12:24.106+0000] {processor.py:830} INFO - Processing file /home/airflow/.local/lib/python3.8/site-packages/airflow/example_dags/example_task_group.py for tasks to queue
[2025-04-13T15:12:24.111+0000] {logging_mixin.py:188} INFO - [2025-04-13T15:12:24.111+0000] {dagbag.py:538} INFO - Filling up the DagBag from /home/airflow/.local/lib/python3.8/site-packages/airflow/example_dags/example_task_group.py
[2025-04-13T15:12:24.121+0000] {processor.py:840} INFO - DAG(s) 'example_task_group' retrieved from /home/airflow/.local/lib/python3.8/site-packages/airflow/example_dags/example_task_group.py
[2025-04-13T15:12:24.152+0000] {logging_mixin.py:188} INFO - [2025-04-13T15:12:24.152+0000] {dag.py:3036} INFO - Sync 1 DAGs
[2025-04-13T15:12:24.201+0000] {logging_mixin.py:188} INFO - [2025-04-13T15:12:24.200+0000] {dag.py:3823} INFO - Setting next_dagrun for example_task_group to 2025-04-12 00:00:00+00:00, run_after=2025-04-13 00:00:00+00:00
[2025-04-13T15:12:24.242+0000] {processor.py:183} INFO - Processing /home/airflow/.local/lib/python3.8/site-packages/airflow/example_dags/example_task_group.py took 0.145 seconds
[2025-04-13T15:12:56.398+0000] {processor.py:161} INFO - Started process (PID=1835) to work on /home/airflow/.local/lib/python3.8/site-packages/airflow/example_dags/example_task_group.py
[2025-04-13T15:12:56.399+0000] {processor.py:830} INFO - Processing file /home/airflow/.local/lib/python3.8/site-packages/airflow/example_dags/example_task_group.py for tasks to queue
[2025-04-13T15:12:56.402+0000] {logging_mixin.py:188} INFO - [2025-04-13T15:12:56.402+0000] {dagbag.py:538} INFO - Filling up the DagBag from /home/airflow/.local/lib/python3.8/site-packages/airflow/example_dags/example_task_group.py
[2025-04-13T15:12:56.415+0000] {processor.py:840} INFO - DAG(s) 'example_task_group' retrieved from /home/airflow/.local/lib/python3.8/site-packages/airflow/example_dags/example_task_group.py
[2025-04-13T15:12:56.460+0000] {logging_mixin.py:188} INFO - [2025-04-13T15:12:56.460+0000] {dag.py:3036} INFO - Sync 1 DAGs
[2025-04-13T15:12:56.516+0000] {logging_mixin.py:188} INFO - [2025-04-13T15:12:56.505+0000] {dag.py:3823} INFO - Setting next_dagrun for example_task_group to 2025-04-12 00:00:00+00:00, run_after=2025-04-13 00:00:00+00:00
[2025-04-13T15:12:56.585+0000] {processor.py:183} INFO - Processing /home/airflow/.local/lib/python3.8/site-packages/airflow/example_dags/example_task_group.py took 0.192 seconds
[2025-04-13T15:13:29.352+0000] {processor.py:161} INFO - Started process (PID=1891) to work on /home/airflow/.local/lib/python3.8/site-packages/airflow/example_dags/example_task_group.py
[2025-04-13T15:13:29.359+0000] {processor.py:830} INFO - Processing file /home/airflow/.local/lib/python3.8/site-packages/airflow/example_dags/example_task_group.py for tasks to queue
[2025-04-13T15:13:29.384+0000] {logging_mixin.py:188} INFO - [2025-04-13T15:13:29.380+0000] {dagbag.py:538} INFO - Filling up the DagBag from /home/airflow/.local/lib/python3.8/site-packages/airflow/example_dags/example_task_group.py
[2025-04-13T15:13:29.432+0000] {processor.py:840} INFO - DAG(s) 'example_task_group' retrieved from /home/airflow/.local/lib/python3.8/site-packages/airflow/example_dags/example_task_group.py
[2025-04-13T15:13:29.519+0000] {logging_mixin.py:188} INFO - [2025-04-13T15:13:29.519+0000] {dag.py:3036} INFO - Sync 1 DAGs
[2025-04-13T15:13:29.596+0000] {logging_mixin.py:188} INFO - [2025-04-13T15:13:29.596+0000] {dag.py:3823} INFO - Setting next_dagrun for example_task_group to 2025-04-12 00:00:00+00:00, run_after=2025-04-13 00:00:00+00:00
[2025-04-13T15:13:29.651+0000] {processor.py:183} INFO - Processing /home/airflow/.local/lib/python3.8/site-packages/airflow/example_dags/example_task_group.py took 0.334 seconds
[2025-04-13T15:14:01.740+0000] {processor.py:161} INFO - Started process (PID=1946) to work on /home/airflow/.local/lib/python3.8/site-packages/airflow/example_dags/example_task_group.py
[2025-04-13T15:14:01.742+0000] {processor.py:830} INFO - Processing file /home/airflow/.local/lib/python3.8/site-packages/airflow/example_dags/example_task_group.py for tasks to queue
[2025-04-13T15:14:01.745+0000] {logging_mixin.py:188} INFO - [2025-04-13T15:14:01.745+0000] {dagbag.py:538} INFO - Filling up the DagBag from /home/airflow/.local/lib/python3.8/site-packages/airflow/example_dags/example_task_group.py
[2025-04-13T15:14:01.755+0000] {processor.py:840} INFO - DAG(s) 'example_task_group' retrieved from /home/airflow/.local/lib/python3.8/site-packages/airflow/example_dags/example_task_group.py
[2025-04-13T15:14:01.786+0000] {logging_mixin.py:188} INFO - [2025-04-13T15:14:01.786+0000] {dag.py:3036} INFO - Sync 1 DAGs
[2025-04-13T15:14:01.819+0000] {logging_mixin.py:188} INFO - [2025-04-13T15:14:01.819+0000] {dag.py:3823} INFO - Setting next_dagrun for example_task_group to 2025-04-12 00:00:00+00:00, run_after=2025-04-13 00:00:00+00:00
[2025-04-13T15:14:01.847+0000] {processor.py:183} INFO - Processing /home/airflow/.local/lib/python3.8/site-packages/airflow/example_dags/example_task_group.py took 0.112 seconds
[2025-04-13T15:14:34.640+0000] {processor.py:161} INFO - Started process (PID=2000) to work on /home/airflow/.local/lib/python3.8/site-packages/airflow/example_dags/example_task_group.py
[2025-04-13T15:14:34.641+0000] {processor.py:830} INFO - Processing file /home/airflow/.local/lib/python3.8/site-packages/airflow/example_dags/example_task_group.py for tasks to queue
[2025-04-13T15:14:34.644+0000] {logging_mixin.py:188} INFO - [2025-04-13T15:14:34.644+0000] {dagbag.py:538} INFO - Filling up the DagBag from /home/airflow/.local/lib/python3.8/site-packages/airflow/example_dags/example_task_group.py
[2025-04-13T15:14:34.656+0000] {processor.py:840} INFO - DAG(s) 'example_task_group' retrieved from /home/airflow/.local/lib/python3.8/site-packages/airflow/example_dags/example_task_group.py
[2025-04-13T15:14:34.684+0000] {logging_mixin.py:188} INFO - [2025-04-13T15:14:34.684+0000] {dag.py:3036} INFO - Sync 1 DAGs
[2025-04-13T15:14:34.729+0000] {logging_mixin.py:188} INFO - [2025-04-13T15:14:34.729+0000] {dag.py:3823} INFO - Setting next_dagrun for example_task_group to 2025-04-12 00:00:00+00:00, run_after=2025-04-13 00:00:00+00:00
[2025-04-13T15:14:34.758+0000] {processor.py:183} INFO - Processing /home/airflow/.local/lib/python3.8/site-packages/airflow/example_dags/example_task_group.py took 0.122 seconds
[2025-04-13T15:15:07.371+0000] {processor.py:161} INFO - Started process (PID=2056) to work on /home/airflow/.local/lib/python3.8/site-packages/airflow/example_dags/example_task_group.py
[2025-04-13T15:15:07.372+0000] {processor.py:830} INFO - Processing file /home/airflow/.local/lib/python3.8/site-packages/airflow/example_dags/example_task_group.py for tasks to queue
[2025-04-13T15:15:07.375+0000] {logging_mixin.py:188} INFO - [2025-04-13T15:15:07.375+0000] {dagbag.py:538} INFO - Filling up the DagBag from /home/airflow/.local/lib/python3.8/site-packages/airflow/example_dags/example_task_group.py
[2025-04-13T15:15:07.388+0000] {processor.py:840} INFO - DAG(s) 'example_task_group' retrieved from /home/airflow/.local/lib/python3.8/site-packages/airflow/example_dags/example_task_group.py
[2025-04-13T15:15:07.526+0000] {logging_mixin.py:188} INFO - [2025-04-13T15:15:07.525+0000] {dag.py:3036} INFO - Sync 1 DAGs
[2025-04-13T15:15:07.728+0000] {logging_mixin.py:188} INFO - [2025-04-13T15:15:07.728+0000] {dag.py:3823} INFO - Setting next_dagrun for example_task_group to 2025-04-12 00:00:00+00:00, run_after=2025-04-13 00:00:00+00:00
[2025-04-13T15:15:07.759+0000] {processor.py:183} INFO - Processing /home/airflow/.local/lib/python3.8/site-packages/airflow/example_dags/example_task_group.py took 0.394 seconds
[2025-04-13T15:15:40.204+0000] {processor.py:161} INFO - Started process (PID=2112) to work on /home/airflow/.local/lib/python3.8/site-packages/airflow/example_dags/example_task_group.py
[2025-04-13T15:15:40.205+0000] {processor.py:830} INFO - Processing file /home/airflow/.local/lib/python3.8/site-packages/airflow/example_dags/example_task_group.py for tasks to queue
[2025-04-13T15:15:40.208+0000] {logging_mixin.py:188} INFO - [2025-04-13T15:15:40.208+0000] {dagbag.py:538} INFO - Filling up the DagBag from /home/airflow/.local/lib/python3.8/site-packages/airflow/example_dags/example_task_group.py
[2025-04-13T15:15:40.217+0000] {processor.py:840} INFO - DAG(s) 'example_task_group' retrieved from /home/airflow/.local/lib/python3.8/site-packages/airflow/example_dags/example_task_group.py
[2025-04-13T15:15:40.243+0000] {logging_mixin.py:188} INFO - [2025-04-13T15:15:40.243+0000] {dag.py:3036} INFO - Sync 1 DAGs
[2025-04-13T15:15:40.275+0000] {logging_mixin.py:188} INFO - [2025-04-13T15:15:40.274+0000] {dag.py:3823} INFO - Setting next_dagrun for example_task_group to 2025-04-12 00:00:00+00:00, run_after=2025-04-13 00:00:00+00:00
[2025-04-13T15:15:40.328+0000] {processor.py:183} INFO - Processing /home/airflow/.local/lib/python3.8/site-packages/airflow/example_dags/example_task_group.py took 0.128 seconds
[2025-04-13T15:16:13.035+0000] {processor.py:161} INFO - Started process (PID=2168) to work on /home/airflow/.local/lib/python3.8/site-packages/airflow/example_dags/example_task_group.py
[2025-04-13T15:16:13.037+0000] {processor.py:830} INFO - Processing file /home/airflow/.local/lib/python3.8/site-packages/airflow/example_dags/example_task_group.py for tasks to queue
[2025-04-13T15:16:13.040+0000] {logging_mixin.py:188} INFO - [2025-04-13T15:16:13.040+0000] {dagbag.py:538} INFO - Filling up the DagBag from /home/airflow/.local/lib/python3.8/site-packages/airflow/example_dags/example_task_group.py
[2025-04-13T15:16:13.052+0000] {processor.py:840} INFO - DAG(s) 'example_task_group' retrieved from /home/airflow/.local/lib/python3.8/site-packages/airflow/example_dags/example_task_group.py
[2025-04-13T15:16:13.090+0000] {logging_mixin.py:188} INFO - [2025-04-13T15:16:13.090+0000] {dag.py:3036} INFO - Sync 1 DAGs
[2025-04-13T15:16:13.120+0000] {logging_mixin.py:188} INFO - [2025-04-13T15:16:13.120+0000] {dag.py:3823} INFO - Setting next_dagrun for example_task_group to 2025-04-12 00:00:00+00:00, run_after=2025-04-13 00:00:00+00:00
[2025-04-13T15:16:13.151+0000] {processor.py:183} INFO - Processing /home/airflow/.local/lib/python3.8/site-packages/airflow/example_dags/example_task_group.py took 0.121 seconds
[2025-04-13T15:18:39.247+0000] {processor.py:161} INFO - Started process (PID=58) to work on /home/airflow/.local/lib/python3.8/site-packages/airflow/example_dags/example_task_group.py
[2025-04-13T15:18:39.257+0000] {processor.py:830} INFO - Processing file /home/airflow/.local/lib/python3.8/site-packages/airflow/example_dags/example_task_group.py for tasks to queue
[2025-04-13T15:18:39.260+0000] {logging_mixin.py:188} INFO - [2025-04-13T15:18:39.259+0000] {dagbag.py:538} INFO - Filling up the DagBag from /home/airflow/.local/lib/python3.8/site-packages/airflow/example_dags/example_task_group.py
[2025-04-13T15:18:39.315+0000] {processor.py:840} INFO - DAG(s) 'example_task_group' retrieved from /home/airflow/.local/lib/python3.8/site-packages/airflow/example_dags/example_task_group.py
[2025-04-13T15:18:39.987+0000] {logging_mixin.py:188} INFO - [2025-04-13T15:18:39.975+0000] {dag.py:3036} INFO - Sync 1 DAGs
[2025-04-13T15:18:40.096+0000] {logging_mixin.py:188} INFO - [2025-04-13T15:18:40.096+0000] {dag.py:3823} INFO - Setting next_dagrun for example_task_group to 2025-04-12 00:00:00+00:00, run_after=2025-04-13 00:00:00+00:00
[2025-04-13T15:18:40.215+0000] {processor.py:183} INFO - Processing /home/airflow/.local/lib/python3.8/site-packages/airflow/example_dags/example_task_group.py took 0.976 seconds
[2025-04-13T15:19:29.525+0000] {processor.py:161} INFO - Started process (PID=118) to work on /home/airflow/.local/lib/python3.8/site-packages/airflow/example_dags/example_task_group.py
[2025-04-13T15:19:29.528+0000] {processor.py:830} INFO - Processing file /home/airflow/.local/lib/python3.8/site-packages/airflow/example_dags/example_task_group.py for tasks to queue
[2025-04-13T15:19:29.533+0000] {logging_mixin.py:188} INFO - [2025-04-13T15:19:29.533+0000] {dagbag.py:538} INFO - Filling up the DagBag from /home/airflow/.local/lib/python3.8/site-packages/airflow/example_dags/example_task_group.py
[2025-04-13T15:19:29.566+0000] {processor.py:840} INFO - DAG(s) 'example_task_group' retrieved from /home/airflow/.local/lib/python3.8/site-packages/airflow/example_dags/example_task_group.py
[2025-04-13T15:19:29.617+0000] {logging_mixin.py:188} INFO - [2025-04-13T15:19:29.617+0000] {dag.py:3036} INFO - Sync 1 DAGs
[2025-04-13T15:19:29.690+0000] {logging_mixin.py:188} INFO - [2025-04-13T15:19:29.690+0000] {dag.py:3823} INFO - Setting next_dagrun for example_task_group to 2025-04-12 00:00:00+00:00, run_after=2025-04-13 00:00:00+00:00
[2025-04-13T15:19:29.731+0000] {processor.py:183} INFO - Processing /home/airflow/.local/lib/python3.8/site-packages/airflow/example_dags/example_task_group.py took 0.213 seconds
[2025-04-13T15:20:01.903+0000] {processor.py:161} INFO - Started process (PID=172) to work on /home/airflow/.local/lib/python3.8/site-packages/airflow/example_dags/example_task_group.py
[2025-04-13T15:20:01.905+0000] {processor.py:830} INFO - Processing file /home/airflow/.local/lib/python3.8/site-packages/airflow/example_dags/example_task_group.py for tasks to queue
[2025-04-13T15:20:01.909+0000] {logging_mixin.py:188} INFO - [2025-04-13T15:20:01.908+0000] {dagbag.py:538} INFO - Filling up the DagBag from /home/airflow/.local/lib/python3.8/site-packages/airflow/example_dags/example_task_group.py
[2025-04-13T15:20:01.920+0000] {processor.py:840} INFO - DAG(s) 'example_task_group' retrieved from /home/airflow/.local/lib/python3.8/site-packages/airflow/example_dags/example_task_group.py
[2025-04-13T15:20:01.955+0000] {logging_mixin.py:188} INFO - [2025-04-13T15:20:01.955+0000] {dag.py:3036} INFO - Sync 1 DAGs
[2025-04-13T15:20:01.990+0000] {logging_mixin.py:188} INFO - [2025-04-13T15:20:01.989+0000] {dag.py:3823} INFO - Setting next_dagrun for example_task_group to 2025-04-12 00:00:00+00:00, run_after=2025-04-13 00:00:00+00:00
[2025-04-13T15:20:02.020+0000] {processor.py:183} INFO - Processing /home/airflow/.local/lib/python3.8/site-packages/airflow/example_dags/example_task_group.py took 0.122 seconds
[2025-04-13T15:20:34.790+0000] {processor.py:161} INFO - Started process (PID=228) to work on /home/airflow/.local/lib/python3.8/site-packages/airflow/example_dags/example_task_group.py
[2025-04-13T15:20:34.795+0000] {processor.py:830} INFO - Processing file /home/airflow/.local/lib/python3.8/site-packages/airflow/example_dags/example_task_group.py for tasks to queue
[2025-04-13T15:20:34.812+0000] {logging_mixin.py:188} INFO - [2025-04-13T15:20:34.811+0000] {dagbag.py:538} INFO - Filling up the DagBag from /home/airflow/.local/lib/python3.8/site-packages/airflow/example_dags/example_task_group.py
[2025-04-13T15:20:34.852+0000] {processor.py:840} INFO - DAG(s) 'example_task_group' retrieved from /home/airflow/.local/lib/python3.8/site-packages/airflow/example_dags/example_task_group.py
[2025-04-13T15:20:34.940+0000] {logging_mixin.py:188} INFO - [2025-04-13T15:20:34.940+0000] {dag.py:3036} INFO - Sync 1 DAGs
[2025-04-13T15:20:35.182+0000] {logging_mixin.py:188} INFO - [2025-04-13T15:20:35.181+0000] {dag.py:3823} INFO - Setting next_dagrun for example_task_group to 2025-04-12 00:00:00+00:00, run_after=2025-04-13 00:00:00+00:00
[2025-04-13T15:20:35.330+0000] {processor.py:183} INFO - Processing /home/airflow/.local/lib/python3.8/site-packages/airflow/example_dags/example_task_group.py took 0.592 seconds
[2025-04-13T15:21:08.260+0000] {processor.py:161} INFO - Started process (PID=285) to work on /home/airflow/.local/lib/python3.8/site-packages/airflow/example_dags/example_task_group.py
[2025-04-13T15:21:08.267+0000] {processor.py:830} INFO - Processing file /home/airflow/.local/lib/python3.8/site-packages/airflow/example_dags/example_task_group.py for tasks to queue
[2025-04-13T15:21:08.271+0000] {logging_mixin.py:188} INFO - [2025-04-13T15:21:08.270+0000] {dagbag.py:538} INFO - Filling up the DagBag from /home/airflow/.local/lib/python3.8/site-packages/airflow/example_dags/example_task_group.py
[2025-04-13T15:21:08.422+0000] {processor.py:840} INFO - DAG(s) 'example_task_group' retrieved from /home/airflow/.local/lib/python3.8/site-packages/airflow/example_dags/example_task_group.py
[2025-04-13T15:21:08.759+0000] {logging_mixin.py:188} INFO - [2025-04-13T15:21:08.759+0000] {dag.py:3036} INFO - Sync 1 DAGs
[2025-04-13T15:21:08.832+0000] {logging_mixin.py:188} INFO - [2025-04-13T15:21:08.832+0000] {dag.py:3823} INFO - Setting next_dagrun for example_task_group to 2025-04-12 00:00:00+00:00, run_after=2025-04-13 00:00:00+00:00
[2025-04-13T15:21:08.901+0000] {processor.py:183} INFO - Processing /home/airflow/.local/lib/python3.8/site-packages/airflow/example_dags/example_task_group.py took 0.769 seconds
[2025-04-13T15:21:40.626+0000] {processor.py:161} INFO - Started process (PID=341) to work on /home/airflow/.local/lib/python3.8/site-packages/airflow/example_dags/example_task_group.py
[2025-04-13T15:21:40.628+0000] {processor.py:830} INFO - Processing file /home/airflow/.local/lib/python3.8/site-packages/airflow/example_dags/example_task_group.py for tasks to queue
[2025-04-13T15:21:40.631+0000] {logging_mixin.py:188} INFO - [2025-04-13T15:21:40.630+0000] {dagbag.py:538} INFO - Filling up the DagBag from /home/airflow/.local/lib/python3.8/site-packages/airflow/example_dags/example_task_group.py
[2025-04-13T15:21:40.641+0000] {processor.py:840} INFO - DAG(s) 'example_task_group' retrieved from /home/airflow/.local/lib/python3.8/site-packages/airflow/example_dags/example_task_group.py
[2025-04-13T15:21:40.670+0000] {logging_mixin.py:188} INFO - [2025-04-13T15:21:40.669+0000] {dag.py:3036} INFO - Sync 1 DAGs
[2025-04-13T15:21:40.716+0000] {logging_mixin.py:188} INFO - [2025-04-13T15:21:40.716+0000] {dag.py:3823} INFO - Setting next_dagrun for example_task_group to 2025-04-12 00:00:00+00:00, run_after=2025-04-13 00:00:00+00:00
[2025-04-13T15:21:40.758+0000] {processor.py:183} INFO - Processing /home/airflow/.local/lib/python3.8/site-packages/airflow/example_dags/example_task_group.py took 0.136 seconds
[2025-04-13T15:22:13.192+0000] {processor.py:161} INFO - Started process (PID=397) to work on /home/airflow/.local/lib/python3.8/site-packages/airflow/example_dags/example_task_group.py
[2025-04-13T15:22:13.194+0000] {processor.py:830} INFO - Processing file /home/airflow/.local/lib/python3.8/site-packages/airflow/example_dags/example_task_group.py for tasks to queue
[2025-04-13T15:22:13.196+0000] {logging_mixin.py:188} INFO - [2025-04-13T15:22:13.196+0000] {dagbag.py:538} INFO - Filling up the DagBag from /home/airflow/.local/lib/python3.8/site-packages/airflow/example_dags/example_task_group.py
[2025-04-13T15:22:13.206+0000] {processor.py:840} INFO - DAG(s) 'example_task_group' retrieved from /home/airflow/.local/lib/python3.8/site-packages/airflow/example_dags/example_task_group.py
[2025-04-13T15:22:13.231+0000] {logging_mixin.py:188} INFO - [2025-04-13T15:22:13.231+0000] {dag.py:3036} INFO - Sync 1 DAGs
[2025-04-13T15:22:13.256+0000] {logging_mixin.py:188} INFO - [2025-04-13T15:22:13.255+0000] {dag.py:3823} INFO - Setting next_dagrun for example_task_group to 2025-04-12 00:00:00+00:00, run_after=2025-04-13 00:00:00+00:00
[2025-04-13T15:22:13.288+0000] {processor.py:183} INFO - Processing /home/airflow/.local/lib/python3.8/site-packages/airflow/example_dags/example_task_group.py took 0.100 seconds
[2025-04-13T15:22:45.649+0000] {processor.py:161} INFO - Started process (PID=452) to work on /home/airflow/.local/lib/python3.8/site-packages/airflow/example_dags/example_task_group.py
[2025-04-13T15:22:45.650+0000] {processor.py:830} INFO - Processing file /home/airflow/.local/lib/python3.8/site-packages/airflow/example_dags/example_task_group.py for tasks to queue
[2025-04-13T15:22:45.653+0000] {logging_mixin.py:188} INFO - [2025-04-13T15:22:45.652+0000] {dagbag.py:538} INFO - Filling up the DagBag from /home/airflow/.local/lib/python3.8/site-packages/airflow/example_dags/example_task_group.py
[2025-04-13T15:22:45.663+0000] {processor.py:840} INFO - DAG(s) 'example_task_group' retrieved from /home/airflow/.local/lib/python3.8/site-packages/airflow/example_dags/example_task_group.py
[2025-04-13T15:22:45.693+0000] {logging_mixin.py:188} INFO - [2025-04-13T15:22:45.693+0000] {dag.py:3036} INFO - Sync 1 DAGs
[2025-04-13T15:22:45.721+0000] {logging_mixin.py:188} INFO - [2025-04-13T15:22:45.721+0000] {dag.py:3823} INFO - Setting next_dagrun for example_task_group to 2025-04-12 00:00:00+00:00, run_after=2025-04-13 00:00:00+00:00
[2025-04-13T15:22:45.778+0000] {processor.py:183} INFO - Processing /home/airflow/.local/lib/python3.8/site-packages/airflow/example_dags/example_task_group.py took 0.134 seconds
[2025-04-13T15:23:16.047+0000] {processor.py:161} INFO - Started process (PID=508) to work on /home/airflow/.local/lib/python3.8/site-packages/airflow/example_dags/example_task_group.py
[2025-04-13T15:23:16.049+0000] {processor.py:830} INFO - Processing file /home/airflow/.local/lib/python3.8/site-packages/airflow/example_dags/example_task_group.py for tasks to queue
[2025-04-13T15:23:16.051+0000] {logging_mixin.py:188} INFO - [2025-04-13T15:23:16.051+0000] {dagbag.py:538} INFO - Filling up the DagBag from /home/airflow/.local/lib/python3.8/site-packages/airflow/example_dags/example_task_group.py
[2025-04-13T15:23:16.062+0000] {processor.py:840} INFO - DAG(s) 'example_task_group' retrieved from /home/airflow/.local/lib/python3.8/site-packages/airflow/example_dags/example_task_group.py
[2025-04-13T15:23:16.090+0000] {logging_mixin.py:188} INFO - [2025-04-13T15:23:16.090+0000] {dag.py:3036} INFO - Sync 1 DAGs
[2025-04-13T15:23:16.115+0000] {logging_mixin.py:188} INFO - [2025-04-13T15:23:16.115+0000] {dag.py:3823} INFO - Setting next_dagrun for example_task_group to 2025-04-12 00:00:00+00:00, run_after=2025-04-13 00:00:00+00:00
[2025-04-13T15:23:16.138+0000] {processor.py:183} INFO - Processing /home/airflow/.local/lib/python3.8/site-packages/airflow/example_dags/example_task_group.py took 0.095 seconds
[2025-04-13T15:23:46.957+0000] {processor.py:161} INFO - Started process (PID=563) to work on /home/airflow/.local/lib/python3.8/site-packages/airflow/example_dags/example_task_group.py
[2025-04-13T15:23:46.959+0000] {processor.py:830} INFO - Processing file /home/airflow/.local/lib/python3.8/site-packages/airflow/example_dags/example_task_group.py for tasks to queue
[2025-04-13T15:23:46.962+0000] {logging_mixin.py:188} INFO - [2025-04-13T15:23:46.962+0000] {dagbag.py:538} INFO - Filling up the DagBag from /home/airflow/.local/lib/python3.8/site-packages/airflow/example_dags/example_task_group.py
[2025-04-13T15:23:46.972+0000] {processor.py:840} INFO - DAG(s) 'example_task_group' retrieved from /home/airflow/.local/lib/python3.8/site-packages/airflow/example_dags/example_task_group.py
[2025-04-13T15:23:46.999+0000] {logging_mixin.py:188} INFO - [2025-04-13T15:23:46.999+0000] {dag.py:3036} INFO - Sync 1 DAGs
[2025-04-13T15:23:47.030+0000] {logging_mixin.py:188} INFO - [2025-04-13T15:23:47.030+0000] {dag.py:3823} INFO - Setting next_dagrun for example_task_group to 2025-04-12 00:00:00+00:00, run_after=2025-04-13 00:00:00+00:00
[2025-04-13T15:23:47.055+0000] {processor.py:183} INFO - Processing /home/airflow/.local/lib/python3.8/site-packages/airflow/example_dags/example_task_group.py took 0.101 seconds
[2025-04-13T15:24:17.460+0000] {processor.py:161} INFO - Started process (PID=620) to work on /home/airflow/.local/lib/python3.8/site-packages/airflow/example_dags/example_task_group.py
[2025-04-13T15:24:17.462+0000] {processor.py:830} INFO - Processing file /home/airflow/.local/lib/python3.8/site-packages/airflow/example_dags/example_task_group.py for tasks to queue
[2025-04-13T15:24:17.466+0000] {logging_mixin.py:188} INFO - [2025-04-13T15:24:17.465+0000] {dagbag.py:538} INFO - Filling up the DagBag from /home/airflow/.local/lib/python3.8/site-packages/airflow/example_dags/example_task_group.py
[2025-04-13T15:24:17.478+0000] {processor.py:840} INFO - DAG(s) 'example_task_group' retrieved from /home/airflow/.local/lib/python3.8/site-packages/airflow/example_dags/example_task_group.py
[2025-04-13T15:24:17.519+0000] {logging_mixin.py:188} INFO - [2025-04-13T15:24:17.519+0000] {dag.py:3036} INFO - Sync 1 DAGs
[2025-04-13T15:24:17.554+0000] {logging_mixin.py:188} INFO - [2025-04-13T15:24:17.554+0000] {dag.py:3823} INFO - Setting next_dagrun for example_task_group to 2025-04-12 00:00:00+00:00, run_after=2025-04-13 00:00:00+00:00
[2025-04-13T15:24:17.583+0000] {processor.py:183} INFO - Processing /home/airflow/.local/lib/python3.8/site-packages/airflow/example_dags/example_task_group.py took 0.128 seconds
[2025-04-13T15:24:47.828+0000] {processor.py:161} INFO - Started process (PID=676) to work on /home/airflow/.local/lib/python3.8/site-packages/airflow/example_dags/example_task_group.py
[2025-04-13T15:24:47.830+0000] {processor.py:830} INFO - Processing file /home/airflow/.local/lib/python3.8/site-packages/airflow/example_dags/example_task_group.py for tasks to queue
[2025-04-13T15:24:47.833+0000] {logging_mixin.py:188} INFO - [2025-04-13T15:24:47.832+0000] {dagbag.py:538} INFO - Filling up the DagBag from /home/airflow/.local/lib/python3.8/site-packages/airflow/example_dags/example_task_group.py
[2025-04-13T15:24:47.843+0000] {processor.py:840} INFO - DAG(s) 'example_task_group' retrieved from /home/airflow/.local/lib/python3.8/site-packages/airflow/example_dags/example_task_group.py
[2025-04-13T15:24:47.871+0000] {logging_mixin.py:188} INFO - [2025-04-13T15:24:47.871+0000] {dag.py:3036} INFO - Sync 1 DAGs
[2025-04-13T15:24:47.899+0000] {logging_mixin.py:188} INFO - [2025-04-13T15:24:47.899+0000] {dag.py:3823} INFO - Setting next_dagrun for example_task_group to 2025-04-12 00:00:00+00:00, run_after=2025-04-13 00:00:00+00:00
[2025-04-13T15:24:47.924+0000] {processor.py:183} INFO - Processing /home/airflow/.local/lib/python3.8/site-packages/airflow/example_dags/example_task_group.py took 0.100 seconds
[2025-04-13T15:25:18.249+0000] {processor.py:161} INFO - Started process (PID=732) to work on /home/airflow/.local/lib/python3.8/site-packages/airflow/example_dags/example_task_group.py
[2025-04-13T15:25:18.251+0000] {processor.py:830} INFO - Processing file /home/airflow/.local/lib/python3.8/site-packages/airflow/example_dags/example_task_group.py for tasks to queue
[2025-04-13T15:25:18.254+0000] {logging_mixin.py:188} INFO - [2025-04-13T15:25:18.253+0000] {dagbag.py:538} INFO - Filling up the DagBag from /home/airflow/.local/lib/python3.8/site-packages/airflow/example_dags/example_task_group.py
[2025-04-13T15:25:18.266+0000] {processor.py:840} INFO - DAG(s) 'example_task_group' retrieved from /home/airflow/.local/lib/python3.8/site-packages/airflow/example_dags/example_task_group.py
[2025-04-13T15:25:18.293+0000] {logging_mixin.py:188} INFO - [2025-04-13T15:25:18.293+0000] {dag.py:3036} INFO - Sync 1 DAGs
[2025-04-13T15:25:18.323+0000] {logging_mixin.py:188} INFO - [2025-04-13T15:25:18.323+0000] {dag.py:3823} INFO - Setting next_dagrun for example_task_group to 2025-04-12 00:00:00+00:00, run_after=2025-04-13 00:00:00+00:00
[2025-04-13T15:25:18.356+0000] {processor.py:183} INFO - Processing /home/airflow/.local/lib/python3.8/site-packages/airflow/example_dags/example_task_group.py took 0.113 seconds
[2025-04-13T15:25:48.719+0000] {processor.py:161} INFO - Started process (PID=788) to work on /home/airflow/.local/lib/python3.8/site-packages/airflow/example_dags/example_task_group.py
[2025-04-13T15:25:48.720+0000] {processor.py:830} INFO - Processing file /home/airflow/.local/lib/python3.8/site-packages/airflow/example_dags/example_task_group.py for tasks to queue
[2025-04-13T15:25:48.723+0000] {logging_mixin.py:188} INFO - [2025-04-13T15:25:48.723+0000] {dagbag.py:538} INFO - Filling up the DagBag from /home/airflow/.local/lib/python3.8/site-packages/airflow/example_dags/example_task_group.py
[2025-04-13T15:25:48.735+0000] {processor.py:840} INFO - DAG(s) 'example_task_group' retrieved from /home/airflow/.local/lib/python3.8/site-packages/airflow/example_dags/example_task_group.py
[2025-04-13T15:25:48.762+0000] {logging_mixin.py:188} INFO - [2025-04-13T15:25:48.761+0000] {dag.py:3036} INFO - Sync 1 DAGs
[2025-04-13T15:25:48.796+0000] {logging_mixin.py:188} INFO - [2025-04-13T15:25:48.795+0000] {dag.py:3823} INFO - Setting next_dagrun for example_task_group to 2025-04-12 00:00:00+00:00, run_after=2025-04-13 00:00:00+00:00
[2025-04-13T15:25:48.838+0000] {processor.py:183} INFO - Processing /home/airflow/.local/lib/python3.8/site-packages/airflow/example_dags/example_task_group.py took 0.123 seconds
[2025-04-13T15:26:19.264+0000] {processor.py:161} INFO - Started process (PID=838) to work on /home/airflow/.local/lib/python3.8/site-packages/airflow/example_dags/example_task_group.py
[2025-04-13T15:26:19.265+0000] {processor.py:830} INFO - Processing file /home/airflow/.local/lib/python3.8/site-packages/airflow/example_dags/example_task_group.py for tasks to queue
[2025-04-13T15:26:19.267+0000] {logging_mixin.py:188} INFO - [2025-04-13T15:26:19.267+0000] {dagbag.py:538} INFO - Filling up the DagBag from /home/airflow/.local/lib/python3.8/site-packages/airflow/example_dags/example_task_group.py
[2025-04-13T15:26:19.275+0000] {processor.py:840} INFO - DAG(s) 'example_task_group' retrieved from /home/airflow/.local/lib/python3.8/site-packages/airflow/example_dags/example_task_group.py
[2025-04-13T15:26:19.302+0000] {logging_mixin.py:188} INFO - [2025-04-13T15:26:19.301+0000] {dag.py:3036} INFO - Sync 1 DAGs
[2025-04-13T15:26:19.334+0000] {logging_mixin.py:188} INFO - [2025-04-13T15:26:19.334+0000] {dag.py:3823} INFO - Setting next_dagrun for example_task_group to 2025-04-12 00:00:00+00:00, run_after=2025-04-13 00:00:00+00:00
[2025-04-13T15:26:19.373+0000] {processor.py:183} INFO - Processing /home/airflow/.local/lib/python3.8/site-packages/airflow/example_dags/example_task_group.py took 0.113 seconds
[2025-04-13T15:26:51.125+0000] {processor.py:161} INFO - Started process (PID=894) to work on /home/airflow/.local/lib/python3.8/site-packages/airflow/example_dags/example_task_group.py
[2025-04-13T15:26:51.126+0000] {processor.py:830} INFO - Processing file /home/airflow/.local/lib/python3.8/site-packages/airflow/example_dags/example_task_group.py for tasks to queue
[2025-04-13T15:26:51.129+0000] {logging_mixin.py:188} INFO - [2025-04-13T15:26:51.129+0000] {dagbag.py:538} INFO - Filling up the DagBag from /home/airflow/.local/lib/python3.8/site-packages/airflow/example_dags/example_task_group.py
[2025-04-13T15:26:51.140+0000] {processor.py:840} INFO - DAG(s) 'example_task_group' retrieved from /home/airflow/.local/lib/python3.8/site-packages/airflow/example_dags/example_task_group.py
[2025-04-13T15:26:51.171+0000] {logging_mixin.py:188} INFO - [2025-04-13T15:26:51.170+0000] {dag.py:3036} INFO - Sync 1 DAGs
[2025-04-13T15:26:51.203+0000] {logging_mixin.py:188} INFO - [2025-04-13T15:26:51.203+0000] {dag.py:3823} INFO - Setting next_dagrun for example_task_group to 2025-04-12 00:00:00+00:00, run_after=2025-04-13 00:00:00+00:00
[2025-04-13T15:26:51.237+0000] {processor.py:183} INFO - Processing /home/airflow/.local/lib/python3.8/site-packages/airflow/example_dags/example_task_group.py took 0.120 seconds
[2025-04-13T15:27:21.336+0000] {processor.py:161} INFO - Started process (PID=951) to work on /home/airflow/.local/lib/python3.8/site-packages/airflow/example_dags/example_task_group.py
[2025-04-13T15:27:21.337+0000] {processor.py:830} INFO - Processing file /home/airflow/.local/lib/python3.8/site-packages/airflow/example_dags/example_task_group.py for tasks to queue
[2025-04-13T15:27:21.340+0000] {logging_mixin.py:188} INFO - [2025-04-13T15:27:21.339+0000] {dagbag.py:538} INFO - Filling up the DagBag from /home/airflow/.local/lib/python3.8/site-packages/airflow/example_dags/example_task_group.py
[2025-04-13T15:27:21.349+0000] {processor.py:840} INFO - DAG(s) 'example_task_group' retrieved from /home/airflow/.local/lib/python3.8/site-packages/airflow/example_dags/example_task_group.py
[2025-04-13T15:27:21.375+0000] {logging_mixin.py:188} INFO - [2025-04-13T15:27:21.374+0000] {dag.py:3036} INFO - Sync 1 DAGs
[2025-04-13T15:27:21.401+0000] {logging_mixin.py:188} INFO - [2025-04-13T15:27:21.400+0000] {dag.py:3823} INFO - Setting next_dagrun for example_task_group to 2025-04-12 00:00:00+00:00, run_after=2025-04-13 00:00:00+00:00
[2025-04-13T15:27:21.441+0000] {processor.py:183} INFO - Processing /home/airflow/.local/lib/python3.8/site-packages/airflow/example_dags/example_task_group.py took 0.109 seconds
[2025-04-13T15:27:51.795+0000] {processor.py:161} INFO - Started process (PID=1008) to work on /home/airflow/.local/lib/python3.8/site-packages/airflow/example_dags/example_task_group.py
[2025-04-13T15:27:51.797+0000] {processor.py:830} INFO - Processing file /home/airflow/.local/lib/python3.8/site-packages/airflow/example_dags/example_task_group.py for tasks to queue
[2025-04-13T15:27:51.799+0000] {logging_mixin.py:188} INFO - [2025-04-13T15:27:51.799+0000] {dagbag.py:538} INFO - Filling up the DagBag from /home/airflow/.local/lib/python3.8/site-packages/airflow/example_dags/example_task_group.py
[2025-04-13T15:27:51.810+0000] {processor.py:840} INFO - DAG(s) 'example_task_group' retrieved from /home/airflow/.local/lib/python3.8/site-packages/airflow/example_dags/example_task_group.py
[2025-04-13T15:27:51.846+0000] {logging_mixin.py:188} INFO - [2025-04-13T15:27:51.846+0000] {dag.py:3036} INFO - Sync 1 DAGs
[2025-04-13T15:27:51.889+0000] {logging_mixin.py:188} INFO - [2025-04-13T15:27:51.888+0000] {dag.py:3823} INFO - Setting next_dagrun for example_task_group to 2025-04-12 00:00:00+00:00, run_after=2025-04-13 00:00:00+00:00
[2025-04-13T15:27:51.921+0000] {processor.py:183} INFO - Processing /home/airflow/.local/lib/python3.8/site-packages/airflow/example_dags/example_task_group.py took 0.129 seconds
[2025-04-13T15:28:21.995+0000] {processor.py:161} INFO - Started process (PID=1064) to work on /home/airflow/.local/lib/python3.8/site-packages/airflow/example_dags/example_task_group.py
[2025-04-13T15:28:21.997+0000] {processor.py:830} INFO - Processing file /home/airflow/.local/lib/python3.8/site-packages/airflow/example_dags/example_task_group.py for tasks to queue
[2025-04-13T15:28:22.000+0000] {logging_mixin.py:188} INFO - [2025-04-13T15:28:21.999+0000] {dagbag.py:538} INFO - Filling up the DagBag from /home/airflow/.local/lib/python3.8/site-packages/airflow/example_dags/example_task_group.py
[2025-04-13T15:28:22.009+0000] {processor.py:840} INFO - DAG(s) 'example_task_group' retrieved from /home/airflow/.local/lib/python3.8/site-packages/airflow/example_dags/example_task_group.py
[2025-04-13T15:28:22.034+0000] {logging_mixin.py:188} INFO - [2025-04-13T15:28:22.033+0000] {dag.py:3036} INFO - Sync 1 DAGs
[2025-04-13T15:28:22.065+0000] {logging_mixin.py:188} INFO - [2025-04-13T15:28:22.064+0000] {dag.py:3823} INFO - Setting next_dagrun for example_task_group to 2025-04-12 00:00:00+00:00, run_after=2025-04-13 00:00:00+00:00
[2025-04-13T15:28:22.090+0000] {processor.py:183} INFO - Processing /home/airflow/.local/lib/python3.8/site-packages/airflow/example_dags/example_task_group.py took 0.099 seconds
[2025-04-13T15:28:52.700+0000] {processor.py:161} INFO - Started process (PID=1120) to work on /home/airflow/.local/lib/python3.8/site-packages/airflow/example_dags/example_task_group.py
[2025-04-13T15:28:52.701+0000] {processor.py:830} INFO - Processing file /home/airflow/.local/lib/python3.8/site-packages/airflow/example_dags/example_task_group.py for tasks to queue
[2025-04-13T15:28:52.704+0000] {logging_mixin.py:188} INFO - [2025-04-13T15:28:52.703+0000] {dagbag.py:538} INFO - Filling up the DagBag from /home/airflow/.local/lib/python3.8/site-packages/airflow/example_dags/example_task_group.py
[2025-04-13T15:28:52.714+0000] {processor.py:840} INFO - DAG(s) 'example_task_group' retrieved from /home/airflow/.local/lib/python3.8/site-packages/airflow/example_dags/example_task_group.py
[2025-04-13T15:28:52.742+0000] {logging_mixin.py:188} INFO - [2025-04-13T15:28:52.742+0000] {dag.py:3036} INFO - Sync 1 DAGs
[2025-04-13T15:28:52.772+0000] {logging_mixin.py:188} INFO - [2025-04-13T15:28:52.772+0000] {dag.py:3823} INFO - Setting next_dagrun for example_task_group to 2025-04-12 00:00:00+00:00, run_after=2025-04-13 00:00:00+00:00
[2025-04-13T15:28:52.796+0000] {processor.py:183} INFO - Processing /home/airflow/.local/lib/python3.8/site-packages/airflow/example_dags/example_task_group.py took 0.100 seconds
[2025-04-13T15:29:22.978+0000] {processor.py:161} INFO - Started process (PID=1176) to work on /home/airflow/.local/lib/python3.8/site-packages/airflow/example_dags/example_task_group.py
[2025-04-13T15:29:22.980+0000] {processor.py:830} INFO - Processing file /home/airflow/.local/lib/python3.8/site-packages/airflow/example_dags/example_task_group.py for tasks to queue
[2025-04-13T15:29:22.983+0000] {logging_mixin.py:188} INFO - [2025-04-13T15:29:22.983+0000] {dagbag.py:538} INFO - Filling up the DagBag from /home/airflow/.local/lib/python3.8/site-packages/airflow/example_dags/example_task_group.py
[2025-04-13T15:29:22.994+0000] {processor.py:840} INFO - DAG(s) 'example_task_group' retrieved from /home/airflow/.local/lib/python3.8/site-packages/airflow/example_dags/example_task_group.py
[2025-04-13T15:29:23.020+0000] {logging_mixin.py:188} INFO - [2025-04-13T15:29:23.019+0000] {dag.py:3036} INFO - Sync 1 DAGs
[2025-04-13T15:29:23.048+0000] {logging_mixin.py:188} INFO - [2025-04-13T15:29:23.048+0000] {dag.py:3823} INFO - Setting next_dagrun for example_task_group to 2025-04-12 00:00:00+00:00, run_after=2025-04-13 00:00:00+00:00
[2025-04-13T15:29:23.072+0000] {processor.py:183} INFO - Processing /home/airflow/.local/lib/python3.8/site-packages/airflow/example_dags/example_task_group.py took 0.100 seconds
[2025-04-13T15:29:53.305+0000] {processor.py:161} INFO - Started process (PID=1232) to work on /home/airflow/.local/lib/python3.8/site-packages/airflow/example_dags/example_task_group.py
[2025-04-13T15:29:53.306+0000] {processor.py:830} INFO - Processing file /home/airflow/.local/lib/python3.8/site-packages/airflow/example_dags/example_task_group.py for tasks to queue
[2025-04-13T15:29:53.309+0000] {logging_mixin.py:188} INFO - [2025-04-13T15:29:53.309+0000] {dagbag.py:538} INFO - Filling up the DagBag from /home/airflow/.local/lib/python3.8/site-packages/airflow/example_dags/example_task_group.py
[2025-04-13T15:29:53.316+0000] {processor.py:840} INFO - DAG(s) 'example_task_group' retrieved from /home/airflow/.local/lib/python3.8/site-packages/airflow/example_dags/example_task_group.py
[2025-04-13T15:29:53.340+0000] {logging_mixin.py:188} INFO - [2025-04-13T15:29:53.340+0000] {dag.py:3036} INFO - Sync 1 DAGs
[2025-04-13T15:29:53.366+0000] {logging_mixin.py:188} INFO - [2025-04-13T15:29:53.366+0000] {dag.py:3823} INFO - Setting next_dagrun for example_task_group to 2025-04-12 00:00:00+00:00, run_after=2025-04-13 00:00:00+00:00
[2025-04-13T15:29:53.396+0000] {processor.py:183} INFO - Processing /home/airflow/.local/lib/python3.8/site-packages/airflow/example_dags/example_task_group.py took 0.096 seconds
[2025-04-13T15:30:23.759+0000] {processor.py:161} INFO - Started process (PID=1284) to work on /home/airflow/.local/lib/python3.8/site-packages/airflow/example_dags/example_task_group.py
[2025-04-13T15:30:23.760+0000] {processor.py:830} INFO - Processing file /home/airflow/.local/lib/python3.8/site-packages/airflow/example_dags/example_task_group.py for tasks to queue
[2025-04-13T15:30:23.762+0000] {logging_mixin.py:188} INFO - [2025-04-13T15:30:23.762+0000] {dagbag.py:538} INFO - Filling up the DagBag from /home/airflow/.local/lib/python3.8/site-packages/airflow/example_dags/example_task_group.py
[2025-04-13T15:30:23.770+0000] {processor.py:840} INFO - DAG(s) 'example_task_group' retrieved from /home/airflow/.local/lib/python3.8/site-packages/airflow/example_dags/example_task_group.py
[2025-04-13T15:30:23.793+0000] {logging_mixin.py:188} INFO - [2025-04-13T15:30:23.792+0000] {dag.py:3036} INFO - Sync 1 DAGs
[2025-04-13T15:30:23.818+0000] {logging_mixin.py:188} INFO - [2025-04-13T15:30:23.817+0000] {dag.py:3823} INFO - Setting next_dagrun for example_task_group to 2025-04-12 00:00:00+00:00, run_after=2025-04-13 00:00:00+00:00
[2025-04-13T15:30:23.845+0000] {processor.py:183} INFO - Processing /home/airflow/.local/lib/python3.8/site-packages/airflow/example_dags/example_task_group.py took 0.089 seconds
[2025-04-13T15:30:56.153+0000] {processor.py:161} INFO - Started process (PID=1340) to work on /home/airflow/.local/lib/python3.8/site-packages/airflow/example_dags/example_task_group.py
[2025-04-13T15:30:56.155+0000] {processor.py:830} INFO - Processing file /home/airflow/.local/lib/python3.8/site-packages/airflow/example_dags/example_task_group.py for tasks to queue
[2025-04-13T15:30:56.157+0000] {logging_mixin.py:188} INFO - [2025-04-13T15:30:56.156+0000] {dagbag.py:538} INFO - Filling up the DagBag from /home/airflow/.local/lib/python3.8/site-packages/airflow/example_dags/example_task_group.py
[2025-04-13T15:30:56.167+0000] {processor.py:840} INFO - DAG(s) 'example_task_group' retrieved from /home/airflow/.local/lib/python3.8/site-packages/airflow/example_dags/example_task_group.py
[2025-04-13T15:30:56.196+0000] {logging_mixin.py:188} INFO - [2025-04-13T15:30:56.196+0000] {dag.py:3036} INFO - Sync 1 DAGs
[2025-04-13T15:30:56.227+0000] {logging_mixin.py:188} INFO - [2025-04-13T15:30:56.227+0000] {dag.py:3823} INFO - Setting next_dagrun for example_task_group to 2025-04-12 00:00:00+00:00, run_after=2025-04-13 00:00:00+00:00
[2025-04-13T15:30:56.255+0000] {processor.py:183} INFO - Processing /home/airflow/.local/lib/python3.8/site-packages/airflow/example_dags/example_task_group.py took 0.105 seconds
[2025-04-13T15:31:29.569+0000] {processor.py:161} INFO - Started process (PID=1396) to work on /home/airflow/.local/lib/python3.8/site-packages/airflow/example_dags/example_task_group.py
[2025-04-13T15:31:29.571+0000] {processor.py:830} INFO - Processing file /home/airflow/.local/lib/python3.8/site-packages/airflow/example_dags/example_task_group.py for tasks to queue
[2025-04-13T15:31:29.573+0000] {logging_mixin.py:188} INFO - [2025-04-13T15:31:29.573+0000] {dagbag.py:538} INFO - Filling up the DagBag from /home/airflow/.local/lib/python3.8/site-packages/airflow/example_dags/example_task_group.py
[2025-04-13T15:31:29.581+0000] {processor.py:840} INFO - DAG(s) 'example_task_group' retrieved from /home/airflow/.local/lib/python3.8/site-packages/airflow/example_dags/example_task_group.py
[2025-04-13T15:31:29.605+0000] {logging_mixin.py:188} INFO - [2025-04-13T15:31:29.605+0000] {dag.py:3036} INFO - Sync 1 DAGs
[2025-04-13T15:31:29.631+0000] {logging_mixin.py:188} INFO - [2025-04-13T15:31:29.631+0000] {dag.py:3823} INFO - Setting next_dagrun for example_task_group to 2025-04-12 00:00:00+00:00, run_after=2025-04-13 00:00:00+00:00
[2025-04-13T15:31:29.653+0000] {processor.py:183} INFO - Processing /home/airflow/.local/lib/python3.8/site-packages/airflow/example_dags/example_task_group.py took 0.088 seconds
[2025-04-13T15:32:01.768+0000] {processor.py:161} INFO - Started process (PID=1452) to work on /home/airflow/.local/lib/python3.8/site-packages/airflow/example_dags/example_task_group.py
[2025-04-13T15:32:01.775+0000] {processor.py:830} INFO - Processing file /home/airflow/.local/lib/python3.8/site-packages/airflow/example_dags/example_task_group.py for tasks to queue
[2025-04-13T15:32:01.783+0000] {logging_mixin.py:188} INFO - [2025-04-13T15:32:01.782+0000] {dagbag.py:538} INFO - Filling up the DagBag from /home/airflow/.local/lib/python3.8/site-packages/airflow/example_dags/example_task_group.py
[2025-04-13T15:32:01.800+0000] {processor.py:840} INFO - DAG(s) 'example_task_group' retrieved from /home/airflow/.local/lib/python3.8/site-packages/airflow/example_dags/example_task_group.py
[2025-04-13T15:32:01.837+0000] {logging_mixin.py:188} INFO - [2025-04-13T15:32:01.837+0000] {dag.py:3036} INFO - Sync 1 DAGs
[2025-04-13T15:32:01.878+0000] {logging_mixin.py:188} INFO - [2025-04-13T15:32:01.877+0000] {dag.py:3823} INFO - Setting next_dagrun for example_task_group to 2025-04-12 00:00:00+00:00, run_after=2025-04-13 00:00:00+00:00
[2025-04-13T15:32:01.905+0000] {processor.py:183} INFO - Processing /home/airflow/.local/lib/python3.8/site-packages/airflow/example_dags/example_task_group.py took 0.142 seconds
[2025-04-13T15:32:34.196+0000] {processor.py:161} INFO - Started process (PID=1509) to work on /home/airflow/.local/lib/python3.8/site-packages/airflow/example_dags/example_task_group.py
[2025-04-13T15:32:34.197+0000] {processor.py:830} INFO - Processing file /home/airflow/.local/lib/python3.8/site-packages/airflow/example_dags/example_task_group.py for tasks to queue
[2025-04-13T15:32:34.200+0000] {logging_mixin.py:188} INFO - [2025-04-13T15:32:34.199+0000] {dagbag.py:538} INFO - Filling up the DagBag from /home/airflow/.local/lib/python3.8/site-packages/airflow/example_dags/example_task_group.py
[2025-04-13T15:32:34.209+0000] {processor.py:840} INFO - DAG(s) 'example_task_group' retrieved from /home/airflow/.local/lib/python3.8/site-packages/airflow/example_dags/example_task_group.py
[2025-04-13T15:32:34.236+0000] {logging_mixin.py:188} INFO - [2025-04-13T15:32:34.235+0000] {dag.py:3036} INFO - Sync 1 DAGs
[2025-04-13T15:32:34.263+0000] {logging_mixin.py:188} INFO - [2025-04-13T15:32:34.262+0000] {dag.py:3823} INFO - Setting next_dagrun for example_task_group to 2025-04-12 00:00:00+00:00, run_after=2025-04-13 00:00:00+00:00
[2025-04-13T15:32:34.289+0000] {processor.py:183} INFO - Processing /home/airflow/.local/lib/python3.8/site-packages/airflow/example_dags/example_task_group.py took 0.097 seconds
[2025-04-13T15:33:07.689+0000] {processor.py:161} INFO - Started process (PID=1565) to work on /home/airflow/.local/lib/python3.8/site-packages/airflow/example_dags/example_task_group.py
[2025-04-13T15:33:07.690+0000] {processor.py:830} INFO - Processing file /home/airflow/.local/lib/python3.8/site-packages/airflow/example_dags/example_task_group.py for tasks to queue
[2025-04-13T15:33:07.693+0000] {logging_mixin.py:188} INFO - [2025-04-13T15:33:07.692+0000] {dagbag.py:538} INFO - Filling up the DagBag from /home/airflow/.local/lib/python3.8/site-packages/airflow/example_dags/example_task_group.py
[2025-04-13T15:33:07.704+0000] {processor.py:840} INFO - DAG(s) 'example_task_group' retrieved from /home/airflow/.local/lib/python3.8/site-packages/airflow/example_dags/example_task_group.py
[2025-04-13T15:33:07.744+0000] {logging_mixin.py:188} INFO - [2025-04-13T15:33:07.744+0000] {dag.py:3036} INFO - Sync 1 DAGs
[2025-04-13T15:33:07.769+0000] {logging_mixin.py:188} INFO - [2025-04-13T15:33:07.769+0000] {dag.py:3823} INFO - Setting next_dagrun for example_task_group to 2025-04-12 00:00:00+00:00, run_after=2025-04-13 00:00:00+00:00
[2025-04-13T15:33:07.793+0000] {processor.py:183} INFO - Processing /home/airflow/.local/lib/python3.8/site-packages/airflow/example_dags/example_task_group.py took 0.109 seconds
[2025-04-13T15:33:40.285+0000] {processor.py:161} INFO - Started process (PID=1620) to work on /home/airflow/.local/lib/python3.8/site-packages/airflow/example_dags/example_task_group.py
[2025-04-13T15:33:40.287+0000] {processor.py:830} INFO - Processing file /home/airflow/.local/lib/python3.8/site-packages/airflow/example_dags/example_task_group.py for tasks to queue
[2025-04-13T15:33:40.289+0000] {logging_mixin.py:188} INFO - [2025-04-13T15:33:40.289+0000] {dagbag.py:538} INFO - Filling up the DagBag from /home/airflow/.local/lib/python3.8/site-packages/airflow/example_dags/example_task_group.py
[2025-04-13T15:33:40.299+0000] {processor.py:840} INFO - DAG(s) 'example_task_group' retrieved from /home/airflow/.local/lib/python3.8/site-packages/airflow/example_dags/example_task_group.py
[2025-04-13T15:33:40.329+0000] {logging_mixin.py:188} INFO - [2025-04-13T15:33:40.329+0000] {dag.py:3036} INFO - Sync 1 DAGs
[2025-04-13T15:33:40.357+0000] {logging_mixin.py:188} INFO - [2025-04-13T15:33:40.357+0000] {dag.py:3823} INFO - Setting next_dagrun for example_task_group to 2025-04-12 00:00:00+00:00, run_after=2025-04-13 00:00:00+00:00
[2025-04-13T15:33:40.381+0000] {processor.py:183} INFO - Processing /home/airflow/.local/lib/python3.8/site-packages/airflow/example_dags/example_task_group.py took 0.103 seconds
[2025-04-13T15:34:13.016+0000] {processor.py:161} INFO - Started process (PID=1678) to work on /home/airflow/.local/lib/python3.8/site-packages/airflow/example_dags/example_task_group.py
[2025-04-13T15:34:13.018+0000] {processor.py:830} INFO - Processing file /home/airflow/.local/lib/python3.8/site-packages/airflow/example_dags/example_task_group.py for tasks to queue
[2025-04-13T15:34:13.020+0000] {logging_mixin.py:188} INFO - [2025-04-13T15:34:13.020+0000] {dagbag.py:538} INFO - Filling up the DagBag from /home/airflow/.local/lib/python3.8/site-packages/airflow/example_dags/example_task_group.py
[2025-04-13T15:34:13.031+0000] {processor.py:840} INFO - DAG(s) 'example_task_group' retrieved from /home/airflow/.local/lib/python3.8/site-packages/airflow/example_dags/example_task_group.py
[2025-04-13T15:34:13.056+0000] {logging_mixin.py:188} INFO - [2025-04-13T15:34:13.056+0000] {dag.py:3036} INFO - Sync 1 DAGs
[2025-04-13T15:34:13.092+0000] {logging_mixin.py:188} INFO - [2025-04-13T15:34:13.092+0000] {dag.py:3823} INFO - Setting next_dagrun for example_task_group to 2025-04-12 00:00:00+00:00, run_after=2025-04-13 00:00:00+00:00
[2025-04-13T15:34:13.116+0000] {processor.py:183} INFO - Processing /home/airflow/.local/lib/python3.8/site-packages/airflow/example_dags/example_task_group.py took 0.104 seconds
[2025-04-13T15:34:45.621+0000] {processor.py:161} INFO - Started process (PID=1734) to work on /home/airflow/.local/lib/python3.8/site-packages/airflow/example_dags/example_task_group.py
[2025-04-13T15:34:45.624+0000] {processor.py:830} INFO - Processing file /home/airflow/.local/lib/python3.8/site-packages/airflow/example_dags/example_task_group.py for tasks to queue
[2025-04-13T15:34:45.627+0000] {logging_mixin.py:188} INFO - [2025-04-13T15:34:45.627+0000] {dagbag.py:538} INFO - Filling up the DagBag from /home/airflow/.local/lib/python3.8/site-packages/airflow/example_dags/example_task_group.py
[2025-04-13T15:34:45.638+0000] {processor.py:840} INFO - DAG(s) 'example_task_group' retrieved from /home/airflow/.local/lib/python3.8/site-packages/airflow/example_dags/example_task_group.py
[2025-04-13T15:34:45.673+0000] {logging_mixin.py:188} INFO - [2025-04-13T15:34:45.673+0000] {dag.py:3036} INFO - Sync 1 DAGs
[2025-04-13T15:34:45.731+0000] {logging_mixin.py:188} INFO - [2025-04-13T15:34:45.730+0000] {dag.py:3823} INFO - Setting next_dagrun for example_task_group to 2025-04-12 00:00:00+00:00, run_after=2025-04-13 00:00:00+00:00
[2025-04-13T15:34:45.752+0000] {processor.py:183} INFO - Processing /home/airflow/.local/lib/python3.8/site-packages/airflow/example_dags/example_task_group.py took 0.139 seconds
[2025-04-13T15:35:18.015+0000] {processor.py:161} INFO - Started process (PID=1790) to work on /home/airflow/.local/lib/python3.8/site-packages/airflow/example_dags/example_task_group.py
[2025-04-13T15:35:18.017+0000] {processor.py:830} INFO - Processing file /home/airflow/.local/lib/python3.8/site-packages/airflow/example_dags/example_task_group.py for tasks to queue
[2025-04-13T15:35:18.020+0000] {logging_mixin.py:188} INFO - [2025-04-13T15:35:18.019+0000] {dagbag.py:538} INFO - Filling up the DagBag from /home/airflow/.local/lib/python3.8/site-packages/airflow/example_dags/example_task_group.py
[2025-04-13T15:35:18.031+0000] {processor.py:840} INFO - DAG(s) 'example_task_group' retrieved from /home/airflow/.local/lib/python3.8/site-packages/airflow/example_dags/example_task_group.py
[2025-04-13T15:35:18.059+0000] {logging_mixin.py:188} INFO - [2025-04-13T15:35:18.059+0000] {dag.py:3036} INFO - Sync 1 DAGs
[2025-04-13T15:35:18.087+0000] {logging_mixin.py:188} INFO - [2025-04-13T15:35:18.087+0000] {dag.py:3823} INFO - Setting next_dagrun for example_task_group to 2025-04-12 00:00:00+00:00, run_after=2025-04-13 00:00:00+00:00
[2025-04-13T15:35:18.116+0000] {processor.py:183} INFO - Processing /home/airflow/.local/lib/python3.8/site-packages/airflow/example_dags/example_task_group.py took 0.106 seconds
[2025-04-13T15:35:51.051+0000] {processor.py:161} INFO - Started process (PID=1847) to work on /home/airflow/.local/lib/python3.8/site-packages/airflow/example_dags/example_task_group.py
[2025-04-13T15:35:51.052+0000] {processor.py:830} INFO - Processing file /home/airflow/.local/lib/python3.8/site-packages/airflow/example_dags/example_task_group.py for tasks to queue
[2025-04-13T15:35:51.057+0000] {logging_mixin.py:188} INFO - [2025-04-13T15:35:51.056+0000] {dagbag.py:538} INFO - Filling up the DagBag from /home/airflow/.local/lib/python3.8/site-packages/airflow/example_dags/example_task_group.py
[2025-04-13T15:35:51.069+0000] {processor.py:840} INFO - DAG(s) 'example_task_group' retrieved from /home/airflow/.local/lib/python3.8/site-packages/airflow/example_dags/example_task_group.py
[2025-04-13T15:35:51.096+0000] {logging_mixin.py:188} INFO - [2025-04-13T15:35:51.095+0000] {dag.py:3036} INFO - Sync 1 DAGs
[2025-04-13T15:35:51.124+0000] {logging_mixin.py:188} INFO - [2025-04-13T15:35:51.124+0000] {dag.py:3823} INFO - Setting next_dagrun for example_task_group to 2025-04-12 00:00:00+00:00, run_after=2025-04-13 00:00:00+00:00
[2025-04-13T15:35:51.160+0000] {processor.py:183} INFO - Processing /home/airflow/.local/lib/python3.8/site-packages/airflow/example_dags/example_task_group.py took 0.114 seconds
[2025-04-13T15:36:23.770+0000] {processor.py:161} INFO - Started process (PID=1903) to work on /home/airflow/.local/lib/python3.8/site-packages/airflow/example_dags/example_task_group.py
[2025-04-13T15:36:23.771+0000] {processor.py:830} INFO - Processing file /home/airflow/.local/lib/python3.8/site-packages/airflow/example_dags/example_task_group.py for tasks to queue
[2025-04-13T15:36:23.774+0000] {logging_mixin.py:188} INFO - [2025-04-13T15:36:23.774+0000] {dagbag.py:538} INFO - Filling up the DagBag from /home/airflow/.local/lib/python3.8/site-packages/airflow/example_dags/example_task_group.py
[2025-04-13T15:36:23.785+0000] {processor.py:840} INFO - DAG(s) 'example_task_group' retrieved from /home/airflow/.local/lib/python3.8/site-packages/airflow/example_dags/example_task_group.py
[2025-04-13T15:36:23.812+0000] {logging_mixin.py:188} INFO - [2025-04-13T15:36:23.812+0000] {dag.py:3036} INFO - Sync 1 DAGs
[2025-04-13T15:36:23.842+0000] {logging_mixin.py:188} INFO - [2025-04-13T15:36:23.841+0000] {dag.py:3823} INFO - Setting next_dagrun for example_task_group to 2025-04-12 00:00:00+00:00, run_after=2025-04-13 00:00:00+00:00
[2025-04-13T15:36:23.876+0000] {processor.py:183} INFO - Processing /home/airflow/.local/lib/python3.8/site-packages/airflow/example_dags/example_task_group.py took 0.110 seconds
[2025-04-13T15:36:56.354+0000] {processor.py:161} INFO - Started process (PID=1959) to work on /home/airflow/.local/lib/python3.8/site-packages/airflow/example_dags/example_task_group.py
[2025-04-13T15:36:56.355+0000] {processor.py:830} INFO - Processing file /home/airflow/.local/lib/python3.8/site-packages/airflow/example_dags/example_task_group.py for tasks to queue
[2025-04-13T15:36:56.358+0000] {logging_mixin.py:188} INFO - [2025-04-13T15:36:56.357+0000] {dagbag.py:538} INFO - Filling up the DagBag from /home/airflow/.local/lib/python3.8/site-packages/airflow/example_dags/example_task_group.py
[2025-04-13T15:36:56.368+0000] {processor.py:840} INFO - DAG(s) 'example_task_group' retrieved from /home/airflow/.local/lib/python3.8/site-packages/airflow/example_dags/example_task_group.py
[2025-04-13T15:36:56.395+0000] {logging_mixin.py:188} INFO - [2025-04-13T15:36:56.394+0000] {dag.py:3036} INFO - Sync 1 DAGs
[2025-04-13T15:36:56.421+0000] {logging_mixin.py:188} INFO - [2025-04-13T15:36:56.421+0000] {dag.py:3823} INFO - Setting next_dagrun for example_task_group to 2025-04-12 00:00:00+00:00, run_after=2025-04-13 00:00:00+00:00
[2025-04-13T15:36:56.458+0000] {processor.py:183} INFO - Processing /home/airflow/.local/lib/python3.8/site-packages/airflow/example_dags/example_task_group.py took 0.108 seconds
[2025-04-13T15:37:29.097+0000] {processor.py:161} INFO - Started process (PID=2015) to work on /home/airflow/.local/lib/python3.8/site-packages/airflow/example_dags/example_task_group.py
[2025-04-13T15:37:29.099+0000] {processor.py:830} INFO - Processing file /home/airflow/.local/lib/python3.8/site-packages/airflow/example_dags/example_task_group.py for tasks to queue
[2025-04-13T15:37:29.102+0000] {logging_mixin.py:188} INFO - [2025-04-13T15:37:29.102+0000] {dagbag.py:538} INFO - Filling up the DagBag from /home/airflow/.local/lib/python3.8/site-packages/airflow/example_dags/example_task_group.py
[2025-04-13T15:37:29.122+0000] {processor.py:840} INFO - DAG(s) 'example_task_group' retrieved from /home/airflow/.local/lib/python3.8/site-packages/airflow/example_dags/example_task_group.py
[2025-04-13T15:37:29.147+0000] {logging_mixin.py:188} INFO - [2025-04-13T15:37:29.147+0000] {dag.py:3036} INFO - Sync 1 DAGs
[2025-04-13T15:37:29.179+0000] {logging_mixin.py:188} INFO - [2025-04-13T15:37:29.178+0000] {dag.py:3823} INFO - Setting next_dagrun for example_task_group to 2025-04-12 00:00:00+00:00, run_after=2025-04-13 00:00:00+00:00
[2025-04-13T15:37:29.205+0000] {processor.py:183} INFO - Processing /home/airflow/.local/lib/python3.8/site-packages/airflow/example_dags/example_task_group.py took 0.113 seconds
[2025-04-13T15:38:01.750+0000] {processor.py:161} INFO - Started process (PID=2071) to work on /home/airflow/.local/lib/python3.8/site-packages/airflow/example_dags/example_task_group.py
[2025-04-13T15:38:01.751+0000] {processor.py:830} INFO - Processing file /home/airflow/.local/lib/python3.8/site-packages/airflow/example_dags/example_task_group.py for tasks to queue
[2025-04-13T15:38:01.754+0000] {logging_mixin.py:188} INFO - [2025-04-13T15:38:01.753+0000] {dagbag.py:538} INFO - Filling up the DagBag from /home/airflow/.local/lib/python3.8/site-packages/airflow/example_dags/example_task_group.py
[2025-04-13T15:38:01.764+0000] {processor.py:840} INFO - DAG(s) 'example_task_group' retrieved from /home/airflow/.local/lib/python3.8/site-packages/airflow/example_dags/example_task_group.py
[2025-04-13T15:38:01.788+0000] {logging_mixin.py:188} INFO - [2025-04-13T15:38:01.788+0000] {dag.py:3036} INFO - Sync 1 DAGs
[2025-04-13T15:38:01.815+0000] {logging_mixin.py:188} INFO - [2025-04-13T15:38:01.815+0000] {dag.py:3823} INFO - Setting next_dagrun for example_task_group to 2025-04-12 00:00:00+00:00, run_after=2025-04-13 00:00:00+00:00
[2025-04-13T15:38:01.841+0000] {processor.py:183} INFO - Processing /home/airflow/.local/lib/python3.8/site-packages/airflow/example_dags/example_task_group.py took 0.094 seconds
[2025-04-13T15:38:34.341+0000] {processor.py:161} INFO - Started process (PID=2127) to work on /home/airflow/.local/lib/python3.8/site-packages/airflow/example_dags/example_task_group.py
[2025-04-13T15:38:34.343+0000] {processor.py:830} INFO - Processing file /home/airflow/.local/lib/python3.8/site-packages/airflow/example_dags/example_task_group.py for tasks to queue
[2025-04-13T15:38:34.346+0000] {logging_mixin.py:188} INFO - [2025-04-13T15:38:34.345+0000] {dagbag.py:538} INFO - Filling up the DagBag from /home/airflow/.local/lib/python3.8/site-packages/airflow/example_dags/example_task_group.py
[2025-04-13T15:38:34.355+0000] {processor.py:840} INFO - DAG(s) 'example_task_group' retrieved from /home/airflow/.local/lib/python3.8/site-packages/airflow/example_dags/example_task_group.py
[2025-04-13T15:38:34.381+0000] {logging_mixin.py:188} INFO - [2025-04-13T15:38:34.381+0000] {dag.py:3036} INFO - Sync 1 DAGs
[2025-04-13T15:38:34.421+0000] {logging_mixin.py:188} INFO - [2025-04-13T15:38:34.420+0000] {dag.py:3823} INFO - Setting next_dagrun for example_task_group to 2025-04-12 00:00:00+00:00, run_after=2025-04-13 00:00:00+00:00
[2025-04-13T15:38:34.457+0000] {processor.py:183} INFO - Processing /home/airflow/.local/lib/python3.8/site-packages/airflow/example_dags/example_task_group.py took 0.120 seconds
[2025-04-13T15:39:07.235+0000] {processor.py:161} INFO - Started process (PID=2183) to work on /home/airflow/.local/lib/python3.8/site-packages/airflow/example_dags/example_task_group.py
[2025-04-13T15:39:07.237+0000] {processor.py:830} INFO - Processing file /home/airflow/.local/lib/python3.8/site-packages/airflow/example_dags/example_task_group.py for tasks to queue
[2025-04-13T15:39:07.240+0000] {logging_mixin.py:188} INFO - [2025-04-13T15:39:07.239+0000] {dagbag.py:538} INFO - Filling up the DagBag from /home/airflow/.local/lib/python3.8/site-packages/airflow/example_dags/example_task_group.py
[2025-04-13T15:39:07.252+0000] {processor.py:840} INFO - DAG(s) 'example_task_group' retrieved from /home/airflow/.local/lib/python3.8/site-packages/airflow/example_dags/example_task_group.py
[2025-04-13T15:39:07.278+0000] {logging_mixin.py:188} INFO - [2025-04-13T15:39:07.278+0000] {dag.py:3036} INFO - Sync 1 DAGs
[2025-04-13T15:39:07.307+0000] {logging_mixin.py:188} INFO - [2025-04-13T15:39:07.307+0000] {dag.py:3823} INFO - Setting next_dagrun for example_task_group to 2025-04-12 00:00:00+00:00, run_after=2025-04-13 00:00:00+00:00
[2025-04-13T15:39:07.343+0000] {processor.py:183} INFO - Processing /home/airflow/.local/lib/python3.8/site-packages/airflow/example_dags/example_task_group.py took 0.112 seconds
[2025-04-13T15:39:39.949+0000] {processor.py:161} INFO - Started process (PID=2239) to work on /home/airflow/.local/lib/python3.8/site-packages/airflow/example_dags/example_task_group.py
[2025-04-13T15:39:39.951+0000] {processor.py:830} INFO - Processing file /home/airflow/.local/lib/python3.8/site-packages/airflow/example_dags/example_task_group.py for tasks to queue
[2025-04-13T15:39:39.955+0000] {logging_mixin.py:188} INFO - [2025-04-13T15:39:39.954+0000] {dagbag.py:538} INFO - Filling up the DagBag from /home/airflow/.local/lib/python3.8/site-packages/airflow/example_dags/example_task_group.py
[2025-04-13T15:39:39.968+0000] {processor.py:840} INFO - DAG(s) 'example_task_group' retrieved from /home/airflow/.local/lib/python3.8/site-packages/airflow/example_dags/example_task_group.py
[2025-04-13T15:39:40.002+0000] {logging_mixin.py:188} INFO - [2025-04-13T15:39:40.002+0000] {dag.py:3036} INFO - Sync 1 DAGs
[2025-04-13T15:39:40.051+0000] {logging_mixin.py:188} INFO - [2025-04-13T15:39:40.051+0000] {dag.py:3823} INFO - Setting next_dagrun for example_task_group to 2025-04-12 00:00:00+00:00, run_after=2025-04-13 00:00:00+00:00
[2025-04-13T15:39:40.099+0000] {processor.py:183} INFO - Processing /home/airflow/.local/lib/python3.8/site-packages/airflow/example_dags/example_task_group.py took 0.156 seconds
[2025-04-13T15:40:12.670+0000] {processor.py:161} INFO - Started process (PID=2295) to work on /home/airflow/.local/lib/python3.8/site-packages/airflow/example_dags/example_task_group.py
[2025-04-13T15:40:12.672+0000] {processor.py:830} INFO - Processing file /home/airflow/.local/lib/python3.8/site-packages/airflow/example_dags/example_task_group.py for tasks to queue
[2025-04-13T15:40:12.674+0000] {logging_mixin.py:188} INFO - [2025-04-13T15:40:12.674+0000] {dagbag.py:538} INFO - Filling up the DagBag from /home/airflow/.local/lib/python3.8/site-packages/airflow/example_dags/example_task_group.py
[2025-04-13T15:40:12.684+0000] {processor.py:840} INFO - DAG(s) 'example_task_group' retrieved from /home/airflow/.local/lib/python3.8/site-packages/airflow/example_dags/example_task_group.py
[2025-04-13T15:40:12.711+0000] {logging_mixin.py:188} INFO - [2025-04-13T15:40:12.710+0000] {dag.py:3036} INFO - Sync 1 DAGs
[2025-04-13T15:40:12.738+0000] {logging_mixin.py:188} INFO - [2025-04-13T15:40:12.738+0000] {dag.py:3823} INFO - Setting next_dagrun for example_task_group to 2025-04-12 00:00:00+00:00, run_after=2025-04-13 00:00:00+00:00
[2025-04-13T15:40:12.771+0000] {processor.py:183} INFO - Processing /home/airflow/.local/lib/python3.8/site-packages/airflow/example_dags/example_task_group.py took 0.105 seconds
[2025-04-13T15:40:45.498+0000] {processor.py:161} INFO - Started process (PID=2351) to work on /home/airflow/.local/lib/python3.8/site-packages/airflow/example_dags/example_task_group.py
[2025-04-13T15:40:45.500+0000] {processor.py:830} INFO - Processing file /home/airflow/.local/lib/python3.8/site-packages/airflow/example_dags/example_task_group.py for tasks to queue
[2025-04-13T15:40:45.503+0000] {logging_mixin.py:188} INFO - [2025-04-13T15:40:45.502+0000] {dagbag.py:538} INFO - Filling up the DagBag from /home/airflow/.local/lib/python3.8/site-packages/airflow/example_dags/example_task_group.py
[2025-04-13T15:40:45.517+0000] {processor.py:840} INFO - DAG(s) 'example_task_group' retrieved from /home/airflow/.local/lib/python3.8/site-packages/airflow/example_dags/example_task_group.py
[2025-04-13T15:40:45.551+0000] {logging_mixin.py:188} INFO - [2025-04-13T15:40:45.551+0000] {dag.py:3036} INFO - Sync 1 DAGs
[2025-04-13T15:40:45.578+0000] {logging_mixin.py:188} INFO - [2025-04-13T15:40:45.577+0000] {dag.py:3823} INFO - Setting next_dagrun for example_task_group to 2025-04-12 00:00:00+00:00, run_after=2025-04-13 00:00:00+00:00
[2025-04-13T15:40:45.599+0000] {processor.py:183} INFO - Processing /home/airflow/.local/lib/python3.8/site-packages/airflow/example_dags/example_task_group.py took 0.106 seconds
[2025-04-13T15:41:18.306+0000] {processor.py:161} INFO - Started process (PID=2407) to work on /home/airflow/.local/lib/python3.8/site-packages/airflow/example_dags/example_task_group.py
[2025-04-13T15:41:18.308+0000] {processor.py:830} INFO - Processing file /home/airflow/.local/lib/python3.8/site-packages/airflow/example_dags/example_task_group.py for tasks to queue
[2025-04-13T15:41:18.310+0000] {logging_mixin.py:188} INFO - [2025-04-13T15:41:18.310+0000] {dagbag.py:538} INFO - Filling up the DagBag from /home/airflow/.local/lib/python3.8/site-packages/airflow/example_dags/example_task_group.py
[2025-04-13T15:41:18.320+0000] {processor.py:840} INFO - DAG(s) 'example_task_group' retrieved from /home/airflow/.local/lib/python3.8/site-packages/airflow/example_dags/example_task_group.py
[2025-04-13T15:41:18.347+0000] {logging_mixin.py:188} INFO - [2025-04-13T15:41:18.347+0000] {dag.py:3036} INFO - Sync 1 DAGs
[2025-04-13T15:41:18.375+0000] {logging_mixin.py:188} INFO - [2025-04-13T15:41:18.375+0000] {dag.py:3823} INFO - Setting next_dagrun for example_task_group to 2025-04-12 00:00:00+00:00, run_after=2025-04-13 00:00:00+00:00
[2025-04-13T15:41:18.409+0000] {processor.py:183} INFO - Processing /home/airflow/.local/lib/python3.8/site-packages/airflow/example_dags/example_task_group.py took 0.107 seconds
[2025-04-13T15:41:50.703+0000] {processor.py:161} INFO - Started process (PID=2463) to work on /home/airflow/.local/lib/python3.8/site-packages/airflow/example_dags/example_task_group.py
[2025-04-13T15:41:50.704+0000] {processor.py:830} INFO - Processing file /home/airflow/.local/lib/python3.8/site-packages/airflow/example_dags/example_task_group.py for tasks to queue
[2025-04-13T15:41:50.707+0000] {logging_mixin.py:188} INFO - [2025-04-13T15:41:50.706+0000] {dagbag.py:538} INFO - Filling up the DagBag from /home/airflow/.local/lib/python3.8/site-packages/airflow/example_dags/example_task_group.py
[2025-04-13T15:41:50.718+0000] {processor.py:840} INFO - DAG(s) 'example_task_group' retrieved from /home/airflow/.local/lib/python3.8/site-packages/airflow/example_dags/example_task_group.py
[2025-04-13T15:41:50.748+0000] {logging_mixin.py:188} INFO - [2025-04-13T15:41:50.748+0000] {dag.py:3036} INFO - Sync 1 DAGs
[2025-04-13T15:41:50.776+0000] {logging_mixin.py:188} INFO - [2025-04-13T15:41:50.775+0000] {dag.py:3823} INFO - Setting next_dagrun for example_task_group to 2025-04-12 00:00:00+00:00, run_after=2025-04-13 00:00:00+00:00
[2025-04-13T15:41:50.800+0000] {processor.py:183} INFO - Processing /home/airflow/.local/lib/python3.8/site-packages/airflow/example_dags/example_task_group.py took 0.102 seconds
[2025-04-13T15:42:23.662+0000] {processor.py:161} INFO - Started process (PID=2519) to work on /home/airflow/.local/lib/python3.8/site-packages/airflow/example_dags/example_task_group.py
[2025-04-13T15:42:23.663+0000] {processor.py:830} INFO - Processing file /home/airflow/.local/lib/python3.8/site-packages/airflow/example_dags/example_task_group.py for tasks to queue
[2025-04-13T15:42:23.666+0000] {logging_mixin.py:188} INFO - [2025-04-13T15:42:23.665+0000] {dagbag.py:538} INFO - Filling up the DagBag from /home/airflow/.local/lib/python3.8/site-packages/airflow/example_dags/example_task_group.py
[2025-04-13T15:42:23.676+0000] {processor.py:840} INFO - DAG(s) 'example_task_group' retrieved from /home/airflow/.local/lib/python3.8/site-packages/airflow/example_dags/example_task_group.py
[2025-04-13T15:42:23.712+0000] {logging_mixin.py:188} INFO - [2025-04-13T15:42:23.712+0000] {dag.py:3036} INFO - Sync 1 DAGs
[2025-04-13T15:42:23.748+0000] {logging_mixin.py:188} INFO - [2025-04-13T15:42:23.748+0000] {dag.py:3823} INFO - Setting next_dagrun for example_task_group to 2025-04-12 00:00:00+00:00, run_after=2025-04-13 00:00:00+00:00
[2025-04-13T15:42:23.779+0000] {processor.py:183} INFO - Processing /home/airflow/.local/lib/python3.8/site-packages/airflow/example_dags/example_task_group.py took 0.121 seconds
[2025-04-13T15:42:56.288+0000] {processor.py:161} INFO - Started process (PID=2575) to work on /home/airflow/.local/lib/python3.8/site-packages/airflow/example_dags/example_task_group.py
[2025-04-13T15:42:56.290+0000] {processor.py:830} INFO - Processing file /home/airflow/.local/lib/python3.8/site-packages/airflow/example_dags/example_task_group.py for tasks to queue
[2025-04-13T15:42:56.293+0000] {logging_mixin.py:188} INFO - [2025-04-13T15:42:56.292+0000] {dagbag.py:538} INFO - Filling up the DagBag from /home/airflow/.local/lib/python3.8/site-packages/airflow/example_dags/example_task_group.py
[2025-04-13T15:42:56.302+0000] {processor.py:840} INFO - DAG(s) 'example_task_group' retrieved from /home/airflow/.local/lib/python3.8/site-packages/airflow/example_dags/example_task_group.py
[2025-04-13T15:42:56.328+0000] {logging_mixin.py:188} INFO - [2025-04-13T15:42:56.327+0000] {dag.py:3036} INFO - Sync 1 DAGs
[2025-04-13T15:42:56.352+0000] {logging_mixin.py:188} INFO - [2025-04-13T15:42:56.352+0000] {dag.py:3823} INFO - Setting next_dagrun for example_task_group to 2025-04-12 00:00:00+00:00, run_after=2025-04-13 00:00:00+00:00
[2025-04-13T15:42:56.376+0000] {processor.py:183} INFO - Processing /home/airflow/.local/lib/python3.8/site-packages/airflow/example_dags/example_task_group.py took 0.092 seconds
[2025-04-13T15:43:28.879+0000] {processor.py:161} INFO - Started process (PID=2631) to work on /home/airflow/.local/lib/python3.8/site-packages/airflow/example_dags/example_task_group.py
[2025-04-13T15:43:28.881+0000] {processor.py:830} INFO - Processing file /home/airflow/.local/lib/python3.8/site-packages/airflow/example_dags/example_task_group.py for tasks to queue
[2025-04-13T15:43:28.884+0000] {logging_mixin.py:188} INFO - [2025-04-13T15:43:28.883+0000] {dagbag.py:538} INFO - Filling up the DagBag from /home/airflow/.local/lib/python3.8/site-packages/airflow/example_dags/example_task_group.py
[2025-04-13T15:43:28.893+0000] {processor.py:840} INFO - DAG(s) 'example_task_group' retrieved from /home/airflow/.local/lib/python3.8/site-packages/airflow/example_dags/example_task_group.py
[2025-04-13T15:43:28.937+0000] {logging_mixin.py:188} INFO - [2025-04-13T15:43:28.937+0000] {dag.py:3036} INFO - Sync 1 DAGs
[2025-04-13T15:43:28.962+0000] {logging_mixin.py:188} INFO - [2025-04-13T15:43:28.962+0000] {dag.py:3823} INFO - Setting next_dagrun for example_task_group to 2025-04-12 00:00:00+00:00, run_after=2025-04-13 00:00:00+00:00
[2025-04-13T15:43:28.996+0000] {processor.py:183} INFO - Processing /home/airflow/.local/lib/python3.8/site-packages/airflow/example_dags/example_task_group.py took 0.122 seconds
[2025-04-13T15:44:01.902+0000] {processor.py:161} INFO - Started process (PID=2687) to work on /home/airflow/.local/lib/python3.8/site-packages/airflow/example_dags/example_task_group.py
[2025-04-13T15:44:01.905+0000] {processor.py:830} INFO - Processing file /home/airflow/.local/lib/python3.8/site-packages/airflow/example_dags/example_task_group.py for tasks to queue
[2025-04-13T15:44:01.913+0000] {logging_mixin.py:188} INFO - [2025-04-13T15:44:01.912+0000] {dagbag.py:538} INFO - Filling up the DagBag from /home/airflow/.local/lib/python3.8/site-packages/airflow/example_dags/example_task_group.py
[2025-04-13T15:44:01.924+0000] {processor.py:840} INFO - DAG(s) 'example_task_group' retrieved from /home/airflow/.local/lib/python3.8/site-packages/airflow/example_dags/example_task_group.py
[2025-04-13T15:44:01.953+0000] {logging_mixin.py:188} INFO - [2025-04-13T15:44:01.953+0000] {dag.py:3036} INFO - Sync 1 DAGs
[2025-04-13T15:44:02.152+0000] {logging_mixin.py:188} INFO - [2025-04-13T15:44:02.152+0000] {dag.py:3823} INFO - Setting next_dagrun for example_task_group to 2025-04-12 00:00:00+00:00, run_after=2025-04-13 00:00:00+00:00
[2025-04-13T15:44:02.198+0000] {processor.py:183} INFO - Processing /home/airflow/.local/lib/python3.8/site-packages/airflow/example_dags/example_task_group.py took 0.300 seconds
[2025-04-13T15:44:34.563+0000] {processor.py:161} INFO - Started process (PID=2743) to work on /home/airflow/.local/lib/python3.8/site-packages/airflow/example_dags/example_task_group.py
[2025-04-13T15:44:34.569+0000] {processor.py:830} INFO - Processing file /home/airflow/.local/lib/python3.8/site-packages/airflow/example_dags/example_task_group.py for tasks to queue
[2025-04-13T15:44:34.574+0000] {logging_mixin.py:188} INFO - [2025-04-13T15:44:34.574+0000] {dagbag.py:538} INFO - Filling up the DagBag from /home/airflow/.local/lib/python3.8/site-packages/airflow/example_dags/example_task_group.py
[2025-04-13T15:44:34.613+0000] {processor.py:840} INFO - DAG(s) 'example_task_group' retrieved from /home/airflow/.local/lib/python3.8/site-packages/airflow/example_dags/example_task_group.py
[2025-04-13T15:44:34.739+0000] {logging_mixin.py:188} INFO - [2025-04-13T15:44:34.739+0000] {dag.py:3036} INFO - Sync 1 DAGs
[2025-04-13T15:44:34.884+0000] {logging_mixin.py:188} INFO - [2025-04-13T15:44:34.884+0000] {dag.py:3823} INFO - Setting next_dagrun for example_task_group to 2025-04-12 00:00:00+00:00, run_after=2025-04-13 00:00:00+00:00
[2025-04-13T15:44:35.020+0000] {processor.py:183} INFO - Processing /home/airflow/.local/lib/python3.8/site-packages/airflow/example_dags/example_task_group.py took 0.466 seconds
[2025-04-13T15:45:07.215+0000] {processor.py:161} INFO - Started process (PID=2799) to work on /home/airflow/.local/lib/python3.8/site-packages/airflow/example_dags/example_task_group.py
[2025-04-13T15:45:07.217+0000] {processor.py:830} INFO - Processing file /home/airflow/.local/lib/python3.8/site-packages/airflow/example_dags/example_task_group.py for tasks to queue
[2025-04-13T15:45:07.219+0000] {logging_mixin.py:188} INFO - [2025-04-13T15:45:07.219+0000] {dagbag.py:538} INFO - Filling up the DagBag from /home/airflow/.local/lib/python3.8/site-packages/airflow/example_dags/example_task_group.py
[2025-04-13T15:45:07.229+0000] {processor.py:840} INFO - DAG(s) 'example_task_group' retrieved from /home/airflow/.local/lib/python3.8/site-packages/airflow/example_dags/example_task_group.py
[2025-04-13T15:45:07.265+0000] {logging_mixin.py:188} INFO - [2025-04-13T15:45:07.265+0000] {dag.py:3036} INFO - Sync 1 DAGs
[2025-04-13T15:45:07.310+0000] {logging_mixin.py:188} INFO - [2025-04-13T15:45:07.310+0000] {dag.py:3823} INFO - Setting next_dagrun for example_task_group to 2025-04-12 00:00:00+00:00, run_after=2025-04-13 00:00:00+00:00
[2025-04-13T15:45:07.339+0000] {processor.py:183} INFO - Processing /home/airflow/.local/lib/python3.8/site-packages/airflow/example_dags/example_task_group.py took 0.128 seconds
[2025-04-13T15:45:40.260+0000] {processor.py:161} INFO - Started process (PID=2855) to work on /home/airflow/.local/lib/python3.8/site-packages/airflow/example_dags/example_task_group.py
[2025-04-13T15:45:40.262+0000] {processor.py:830} INFO - Processing file /home/airflow/.local/lib/python3.8/site-packages/airflow/example_dags/example_task_group.py for tasks to queue
[2025-04-13T15:45:40.265+0000] {logging_mixin.py:188} INFO - [2025-04-13T15:45:40.264+0000] {dagbag.py:538} INFO - Filling up the DagBag from /home/airflow/.local/lib/python3.8/site-packages/airflow/example_dags/example_task_group.py
[2025-04-13T15:45:40.275+0000] {processor.py:840} INFO - DAG(s) 'example_task_group' retrieved from /home/airflow/.local/lib/python3.8/site-packages/airflow/example_dags/example_task_group.py
[2025-04-13T15:45:40.302+0000] {logging_mixin.py:188} INFO - [2025-04-13T15:45:40.301+0000] {dag.py:3036} INFO - Sync 1 DAGs
[2025-04-13T15:45:40.326+0000] {logging_mixin.py:188} INFO - [2025-04-13T15:45:40.326+0000] {dag.py:3823} INFO - Setting next_dagrun for example_task_group to 2025-04-12 00:00:00+00:00, run_after=2025-04-13 00:00:00+00:00
[2025-04-13T15:45:40.349+0000] {processor.py:183} INFO - Processing /home/airflow/.local/lib/python3.8/site-packages/airflow/example_dags/example_task_group.py took 0.093 seconds
[2025-04-13T15:46:13.247+0000] {processor.py:161} INFO - Started process (PID=2911) to work on /home/airflow/.local/lib/python3.8/site-packages/airflow/example_dags/example_task_group.py
[2025-04-13T15:46:13.248+0000] {processor.py:830} INFO - Processing file /home/airflow/.local/lib/python3.8/site-packages/airflow/example_dags/example_task_group.py for tasks to queue
[2025-04-13T15:46:13.251+0000] {logging_mixin.py:188} INFO - [2025-04-13T15:46:13.251+0000] {dagbag.py:538} INFO - Filling up the DagBag from /home/airflow/.local/lib/python3.8/site-packages/airflow/example_dags/example_task_group.py
[2025-04-13T15:46:13.262+0000] {processor.py:840} INFO - DAG(s) 'example_task_group' retrieved from /home/airflow/.local/lib/python3.8/site-packages/airflow/example_dags/example_task_group.py
[2025-04-13T15:46:13.292+0000] {logging_mixin.py:188} INFO - [2025-04-13T15:46:13.292+0000] {dag.py:3036} INFO - Sync 1 DAGs
[2025-04-13T15:46:13.482+0000] {logging_mixin.py:188} INFO - [2025-04-13T15:46:13.482+0000] {dag.py:3823} INFO - Setting next_dagrun for example_task_group to 2025-04-12 00:00:00+00:00, run_after=2025-04-13 00:00:00+00:00
[2025-04-13T15:46:13.508+0000] {processor.py:183} INFO - Processing /home/airflow/.local/lib/python3.8/site-packages/airflow/example_dags/example_task_group.py took 0.266 seconds
[2025-04-13T15:46:45.324+0000] {processor.py:161} INFO - Started process (PID=2967) to work on /home/airflow/.local/lib/python3.8/site-packages/airflow/example_dags/example_task_group.py
[2025-04-13T15:46:45.326+0000] {processor.py:830} INFO - Processing file /home/airflow/.local/lib/python3.8/site-packages/airflow/example_dags/example_task_group.py for tasks to queue
[2025-04-13T15:46:45.329+0000] {logging_mixin.py:188} INFO - [2025-04-13T15:46:45.328+0000] {dagbag.py:538} INFO - Filling up the DagBag from /home/airflow/.local/lib/python3.8/site-packages/airflow/example_dags/example_task_group.py
[2025-04-13T15:46:45.346+0000] {processor.py:840} INFO - DAG(s) 'example_task_group' retrieved from /home/airflow/.local/lib/python3.8/site-packages/airflow/example_dags/example_task_group.py
[2025-04-13T15:46:45.380+0000] {logging_mixin.py:188} INFO - [2025-04-13T15:46:45.380+0000] {dag.py:3036} INFO - Sync 1 DAGs
[2025-04-13T15:46:45.412+0000] {logging_mixin.py:188} INFO - [2025-04-13T15:46:45.412+0000] {dag.py:3823} INFO - Setting next_dagrun for example_task_group to 2025-04-12 00:00:00+00:00, run_after=2025-04-13 00:00:00+00:00
[2025-04-13T15:46:45.434+0000] {processor.py:183} INFO - Processing /home/airflow/.local/lib/python3.8/site-packages/airflow/example_dags/example_task_group.py took 0.115 seconds
[2025-04-13T15:47:18.173+0000] {processor.py:161} INFO - Started process (PID=3024) to work on /home/airflow/.local/lib/python3.8/site-packages/airflow/example_dags/example_task_group.py
[2025-04-13T15:47:18.175+0000] {processor.py:830} INFO - Processing file /home/airflow/.local/lib/python3.8/site-packages/airflow/example_dags/example_task_group.py for tasks to queue
[2025-04-13T15:47:18.178+0000] {logging_mixin.py:188} INFO - [2025-04-13T15:47:18.178+0000] {dagbag.py:538} INFO - Filling up the DagBag from /home/airflow/.local/lib/python3.8/site-packages/airflow/example_dags/example_task_group.py
[2025-04-13T15:47:18.188+0000] {processor.py:840} INFO - DAG(s) 'example_task_group' retrieved from /home/airflow/.local/lib/python3.8/site-packages/airflow/example_dags/example_task_group.py
[2025-04-13T15:47:18.215+0000] {logging_mixin.py:188} INFO - [2025-04-13T15:47:18.215+0000] {dag.py:3036} INFO - Sync 1 DAGs
[2025-04-13T15:47:18.242+0000] {logging_mixin.py:188} INFO - [2025-04-13T15:47:18.242+0000] {dag.py:3823} INFO - Setting next_dagrun for example_task_group to 2025-04-12 00:00:00+00:00, run_after=2025-04-13 00:00:00+00:00
[2025-04-13T15:47:18.268+0000] {processor.py:183} INFO - Processing /home/airflow/.local/lib/python3.8/site-packages/airflow/example_dags/example_task_group.py took 0.100 seconds
[2025-04-13T15:47:51.026+0000] {processor.py:161} INFO - Started process (PID=3080) to work on /home/airflow/.local/lib/python3.8/site-packages/airflow/example_dags/example_task_group.py
[2025-04-13T15:47:51.027+0000] {processor.py:830} INFO - Processing file /home/airflow/.local/lib/python3.8/site-packages/airflow/example_dags/example_task_group.py for tasks to queue
[2025-04-13T15:47:51.030+0000] {logging_mixin.py:188} INFO - [2025-04-13T15:47:51.029+0000] {dagbag.py:538} INFO - Filling up the DagBag from /home/airflow/.local/lib/python3.8/site-packages/airflow/example_dags/example_task_group.py
[2025-04-13T15:47:51.039+0000] {processor.py:840} INFO - DAG(s) 'example_task_group' retrieved from /home/airflow/.local/lib/python3.8/site-packages/airflow/example_dags/example_task_group.py
[2025-04-13T15:47:51.063+0000] {logging_mixin.py:188} INFO - [2025-04-13T15:47:51.063+0000] {dag.py:3036} INFO - Sync 1 DAGs
[2025-04-13T15:47:51.087+0000] {logging_mixin.py:188} INFO - [2025-04-13T15:47:51.086+0000] {dag.py:3823} INFO - Setting next_dagrun for example_task_group to 2025-04-12 00:00:00+00:00, run_after=2025-04-13 00:00:00+00:00
[2025-04-13T15:47:51.121+0000] {processor.py:183} INFO - Processing /home/airflow/.local/lib/python3.8/site-packages/airflow/example_dags/example_task_group.py took 0.100 seconds
[2025-04-13T15:48:23.606+0000] {processor.py:161} INFO - Started process (PID=3136) to work on /home/airflow/.local/lib/python3.8/site-packages/airflow/example_dags/example_task_group.py
[2025-04-13T15:48:23.607+0000] {processor.py:830} INFO - Processing file /home/airflow/.local/lib/python3.8/site-packages/airflow/example_dags/example_task_group.py for tasks to queue
[2025-04-13T15:48:23.610+0000] {logging_mixin.py:188} INFO - [2025-04-13T15:48:23.609+0000] {dagbag.py:538} INFO - Filling up the DagBag from /home/airflow/.local/lib/python3.8/site-packages/airflow/example_dags/example_task_group.py
[2025-04-13T15:48:23.620+0000] {processor.py:840} INFO - DAG(s) 'example_task_group' retrieved from /home/airflow/.local/lib/python3.8/site-packages/airflow/example_dags/example_task_group.py
[2025-04-13T15:48:23.646+0000] {logging_mixin.py:188} INFO - [2025-04-13T15:48:23.646+0000] {dag.py:3036} INFO - Sync 1 DAGs
[2025-04-13T15:48:23.670+0000] {logging_mixin.py:188} INFO - [2025-04-13T15:48:23.670+0000] {dag.py:3823} INFO - Setting next_dagrun for example_task_group to 2025-04-12 00:00:00+00:00, run_after=2025-04-13 00:00:00+00:00
[2025-04-13T15:48:23.694+0000] {processor.py:183} INFO - Processing /home/airflow/.local/lib/python3.8/site-packages/airflow/example_dags/example_task_group.py took 0.093 seconds
[2025-04-13T15:48:56.323+0000] {processor.py:161} INFO - Started process (PID=3192) to work on /home/airflow/.local/lib/python3.8/site-packages/airflow/example_dags/example_task_group.py
[2025-04-13T15:48:56.324+0000] {processor.py:830} INFO - Processing file /home/airflow/.local/lib/python3.8/site-packages/airflow/example_dags/example_task_group.py for tasks to queue
[2025-04-13T15:48:56.327+0000] {logging_mixin.py:188} INFO - [2025-04-13T15:48:56.326+0000] {dagbag.py:538} INFO - Filling up the DagBag from /home/airflow/.local/lib/python3.8/site-packages/airflow/example_dags/example_task_group.py
[2025-04-13T15:48:56.336+0000] {processor.py:840} INFO - DAG(s) 'example_task_group' retrieved from /home/airflow/.local/lib/python3.8/site-packages/airflow/example_dags/example_task_group.py
[2025-04-13T15:48:56.364+0000] {logging_mixin.py:188} INFO - [2025-04-13T15:48:56.364+0000] {dag.py:3036} INFO - Sync 1 DAGs
[2025-04-13T15:48:56.388+0000] {logging_mixin.py:188} INFO - [2025-04-13T15:48:56.388+0000] {dag.py:3823} INFO - Setting next_dagrun for example_task_group to 2025-04-12 00:00:00+00:00, run_after=2025-04-13 00:00:00+00:00
[2025-04-13T15:48:56.412+0000] {processor.py:183} INFO - Processing /home/airflow/.local/lib/python3.8/site-packages/airflow/example_dags/example_task_group.py took 0.094 seconds
[2025-04-13T15:49:29.520+0000] {processor.py:161} INFO - Started process (PID=3248) to work on /home/airflow/.local/lib/python3.8/site-packages/airflow/example_dags/example_task_group.py
[2025-04-13T15:49:29.522+0000] {processor.py:830} INFO - Processing file /home/airflow/.local/lib/python3.8/site-packages/airflow/example_dags/example_task_group.py for tasks to queue
[2025-04-13T15:49:29.525+0000] {logging_mixin.py:188} INFO - [2025-04-13T15:49:29.524+0000] {dagbag.py:538} INFO - Filling up the DagBag from /home/airflow/.local/lib/python3.8/site-packages/airflow/example_dags/example_task_group.py
[2025-04-13T15:49:29.535+0000] {processor.py:840} INFO - DAG(s) 'example_task_group' retrieved from /home/airflow/.local/lib/python3.8/site-packages/airflow/example_dags/example_task_group.py
[2025-04-13T15:49:29.563+0000] {logging_mixin.py:188} INFO - [2025-04-13T15:49:29.562+0000] {dag.py:3036} INFO - Sync 1 DAGs
[2025-04-13T15:49:29.593+0000] {logging_mixin.py:188} INFO - [2025-04-13T15:49:29.592+0000] {dag.py:3823} INFO - Setting next_dagrun for example_task_group to 2025-04-12 00:00:00+00:00, run_after=2025-04-13 00:00:00+00:00
[2025-04-13T15:49:29.617+0000] {processor.py:183} INFO - Processing /home/airflow/.local/lib/python3.8/site-packages/airflow/example_dags/example_task_group.py took 0.101 seconds
[2025-04-13T15:50:00.091+0000] {processor.py:161} INFO - Started process (PID=3304) to work on /home/airflow/.local/lib/python3.8/site-packages/airflow/example_dags/example_task_group.py
[2025-04-13T15:50:00.092+0000] {processor.py:830} INFO - Processing file /home/airflow/.local/lib/python3.8/site-packages/airflow/example_dags/example_task_group.py for tasks to queue
[2025-04-13T15:50:00.095+0000] {logging_mixin.py:188} INFO - [2025-04-13T15:50:00.094+0000] {dagbag.py:538} INFO - Filling up the DagBag from /home/airflow/.local/lib/python3.8/site-packages/airflow/example_dags/example_task_group.py
[2025-04-13T15:50:00.106+0000] {processor.py:840} INFO - DAG(s) 'example_task_group' retrieved from /home/airflow/.local/lib/python3.8/site-packages/airflow/example_dags/example_task_group.py
[2025-04-13T15:50:00.133+0000] {logging_mixin.py:188} INFO - [2025-04-13T15:50:00.133+0000] {dag.py:3036} INFO - Sync 1 DAGs
[2025-04-13T15:50:00.159+0000] {logging_mixin.py:188} INFO - [2025-04-13T15:50:00.159+0000] {dag.py:3823} INFO - Setting next_dagrun for example_task_group to 2025-04-12 00:00:00+00:00, run_after=2025-04-13 00:00:00+00:00
[2025-04-13T15:50:00.184+0000] {processor.py:183} INFO - Processing /home/airflow/.local/lib/python3.8/site-packages/airflow/example_dags/example_task_group.py took 0.097 seconds
[2025-04-13T15:50:30.518+0000] {processor.py:161} INFO - Started process (PID=3360) to work on /home/airflow/.local/lib/python3.8/site-packages/airflow/example_dags/example_task_group.py
[2025-04-13T15:50:30.520+0000] {processor.py:830} INFO - Processing file /home/airflow/.local/lib/python3.8/site-packages/airflow/example_dags/example_task_group.py for tasks to queue
[2025-04-13T15:50:30.523+0000] {logging_mixin.py:188} INFO - [2025-04-13T15:50:30.523+0000] {dagbag.py:538} INFO - Filling up the DagBag from /home/airflow/.local/lib/python3.8/site-packages/airflow/example_dags/example_task_group.py
[2025-04-13T15:50:30.533+0000] {processor.py:840} INFO - DAG(s) 'example_task_group' retrieved from /home/airflow/.local/lib/python3.8/site-packages/airflow/example_dags/example_task_group.py
[2025-04-13T15:50:30.560+0000] {logging_mixin.py:188} INFO - [2025-04-13T15:50:30.560+0000] {dag.py:3036} INFO - Sync 1 DAGs
[2025-04-13T15:50:30.587+0000] {logging_mixin.py:188} INFO - [2025-04-13T15:50:30.587+0000] {dag.py:3823} INFO - Setting next_dagrun for example_task_group to 2025-04-12 00:00:00+00:00, run_after=2025-04-13 00:00:00+00:00
[2025-04-13T15:50:30.612+0000] {processor.py:183} INFO - Processing /home/airflow/.local/lib/python3.8/site-packages/airflow/example_dags/example_task_group.py took 0.098 seconds
[2025-04-13T15:51:01.102+0000] {processor.py:161} INFO - Started process (PID=3415) to work on /home/airflow/.local/lib/python3.8/site-packages/airflow/example_dags/example_task_group.py
[2025-04-13T15:51:01.104+0000] {processor.py:830} INFO - Processing file /home/airflow/.local/lib/python3.8/site-packages/airflow/example_dags/example_task_group.py for tasks to queue
[2025-04-13T15:51:01.107+0000] {logging_mixin.py:188} INFO - [2025-04-13T15:51:01.106+0000] {dagbag.py:538} INFO - Filling up the DagBag from /home/airflow/.local/lib/python3.8/site-packages/airflow/example_dags/example_task_group.py
[2025-04-13T15:51:01.122+0000] {processor.py:840} INFO - DAG(s) 'example_task_group' retrieved from /home/airflow/.local/lib/python3.8/site-packages/airflow/example_dags/example_task_group.py
[2025-04-13T15:51:01.171+0000] {logging_mixin.py:188} INFO - [2025-04-13T15:51:01.171+0000] {dag.py:3036} INFO - Sync 1 DAGs
[2025-04-13T15:51:01.207+0000] {logging_mixin.py:188} INFO - [2025-04-13T15:51:01.206+0000] {dag.py:3823} INFO - Setting next_dagrun for example_task_group to 2025-04-12 00:00:00+00:00, run_after=2025-04-13 00:00:00+00:00
[2025-04-13T15:51:01.232+0000] {processor.py:183} INFO - Processing /home/airflow/.local/lib/python3.8/site-packages/airflow/example_dags/example_task_group.py took 0.137 seconds
[2025-04-13T15:51:31.931+0000] {processor.py:161} INFO - Started process (PID=3471) to work on /home/airflow/.local/lib/python3.8/site-packages/airflow/example_dags/example_task_group.py
[2025-04-13T15:51:31.933+0000] {processor.py:830} INFO - Processing file /home/airflow/.local/lib/python3.8/site-packages/airflow/example_dags/example_task_group.py for tasks to queue
[2025-04-13T15:51:31.936+0000] {logging_mixin.py:188} INFO - [2025-04-13T15:51:31.936+0000] {dagbag.py:538} INFO - Filling up the DagBag from /home/airflow/.local/lib/python3.8/site-packages/airflow/example_dags/example_task_group.py
[2025-04-13T15:51:31.947+0000] {processor.py:840} INFO - DAG(s) 'example_task_group' retrieved from /home/airflow/.local/lib/python3.8/site-packages/airflow/example_dags/example_task_group.py
[2025-04-13T15:51:31.974+0000] {logging_mixin.py:188} INFO - [2025-04-13T15:51:31.973+0000] {dag.py:3036} INFO - Sync 1 DAGs
[2025-04-13T15:51:31.999+0000] {logging_mixin.py:188} INFO - [2025-04-13T15:51:31.999+0000] {dag.py:3823} INFO - Setting next_dagrun for example_task_group to 2025-04-12 00:00:00+00:00, run_after=2025-04-13 00:00:00+00:00
[2025-04-13T15:51:32.034+0000] {processor.py:183} INFO - Processing /home/airflow/.local/lib/python3.8/site-packages/airflow/example_dags/example_task_group.py took 0.106 seconds
[2025-04-13T15:52:02.587+0000] {processor.py:161} INFO - Started process (PID=3527) to work on /home/airflow/.local/lib/python3.8/site-packages/airflow/example_dags/example_task_group.py
[2025-04-13T15:52:02.589+0000] {processor.py:830} INFO - Processing file /home/airflow/.local/lib/python3.8/site-packages/airflow/example_dags/example_task_group.py for tasks to queue
[2025-04-13T15:52:02.592+0000] {logging_mixin.py:188} INFO - [2025-04-13T15:52:02.591+0000] {dagbag.py:538} INFO - Filling up the DagBag from /home/airflow/.local/lib/python3.8/site-packages/airflow/example_dags/example_task_group.py
[2025-04-13T15:52:02.603+0000] {processor.py:840} INFO - DAG(s) 'example_task_group' retrieved from /home/airflow/.local/lib/python3.8/site-packages/airflow/example_dags/example_task_group.py
[2025-04-13T15:52:02.631+0000] {logging_mixin.py:188} INFO - [2025-04-13T15:52:02.630+0000] {dag.py:3036} INFO - Sync 1 DAGs
[2025-04-13T15:52:02.660+0000] {logging_mixin.py:188} INFO - [2025-04-13T15:52:02.659+0000] {dag.py:3823} INFO - Setting next_dagrun for example_task_group to 2025-04-12 00:00:00+00:00, run_after=2025-04-13 00:00:00+00:00
[2025-04-13T15:52:02.684+0000] {processor.py:183} INFO - Processing /home/airflow/.local/lib/python3.8/site-packages/airflow/example_dags/example_task_group.py took 0.101 seconds
[2025-04-13T15:52:32.830+0000] {processor.py:161} INFO - Started process (PID=3577) to work on /home/airflow/.local/lib/python3.8/site-packages/airflow/example_dags/example_task_group.py
[2025-04-13T15:52:32.831+0000] {processor.py:830} INFO - Processing file /home/airflow/.local/lib/python3.8/site-packages/airflow/example_dags/example_task_group.py for tasks to queue
[2025-04-13T15:52:32.833+0000] {logging_mixin.py:188} INFO - [2025-04-13T15:52:32.833+0000] {dagbag.py:538} INFO - Filling up the DagBag from /home/airflow/.local/lib/python3.8/site-packages/airflow/example_dags/example_task_group.py
[2025-04-13T15:52:32.844+0000] {processor.py:840} INFO - DAG(s) 'example_task_group' retrieved from /home/airflow/.local/lib/python3.8/site-packages/airflow/example_dags/example_task_group.py
[2025-04-13T15:52:32.868+0000] {logging_mixin.py:188} INFO - [2025-04-13T15:52:32.868+0000] {dag.py:3036} INFO - Sync 1 DAGs
[2025-04-13T15:52:32.891+0000] {logging_mixin.py:188} INFO - [2025-04-13T15:52:32.891+0000] {dag.py:3823} INFO - Setting next_dagrun for example_task_group to 2025-04-12 00:00:00+00:00, run_after=2025-04-13 00:00:00+00:00
[2025-04-13T15:52:32.924+0000] {processor.py:183} INFO - Processing /home/airflow/.local/lib/python3.8/site-packages/airflow/example_dags/example_task_group.py took 0.099 seconds
[2025-04-13T17:19:46.363+0000] {processor.py:161} INFO - Started process (PID=3639) to work on /home/airflow/.local/lib/python3.8/site-packages/airflow/example_dags/example_task_group.py
[2025-04-13T17:19:46.452+0000] {processor.py:830} INFO - Processing file /home/airflow/.local/lib/python3.8/site-packages/airflow/example_dags/example_task_group.py for tasks to queue
[2025-04-13T17:19:46.514+0000] {logging_mixin.py:188} INFO - [2025-04-13T17:19:46.513+0000] {dagbag.py:538} INFO - Filling up the DagBag from /home/airflow/.local/lib/python3.8/site-packages/airflow/example_dags/example_task_group.py
[2025-04-13T17:19:48.863+0000] {processor.py:840} INFO - DAG(s) 'example_task_group' retrieved from /home/airflow/.local/lib/python3.8/site-packages/airflow/example_dags/example_task_group.py
[2025-04-13T17:19:51.140+0000] {logging_mixin.py:188} INFO - [2025-04-13T17:19:51.140+0000] {dag.py:3036} INFO - Sync 1 DAGs
[2025-04-13T17:19:52.750+0000] {logging_mixin.py:188} INFO - [2025-04-13T17:19:52.749+0000] {dag.py:3823} INFO - Setting next_dagrun for example_task_group to 2025-04-12 00:00:00+00:00, run_after=2025-04-13 00:00:00+00:00
[2025-04-13T17:19:53.844+0000] {processor.py:183} INFO - Processing /home/airflow/.local/lib/python3.8/site-packages/airflow/example_dags/example_task_group.py took 8.194 seconds
[2025-04-13T17:20:38.432+0000] {processor.py:161} INFO - Started process (PID=3695) to work on /home/airflow/.local/lib/python3.8/site-packages/airflow/example_dags/example_task_group.py
[2025-04-13T17:20:38.435+0000] {processor.py:830} INFO - Processing file /home/airflow/.local/lib/python3.8/site-packages/airflow/example_dags/example_task_group.py for tasks to queue
[2025-04-13T17:20:38.439+0000] {logging_mixin.py:188} INFO - [2025-04-13T17:20:38.439+0000] {dagbag.py:538} INFO - Filling up the DagBag from /home/airflow/.local/lib/python3.8/site-packages/airflow/example_dags/example_task_group.py
[2025-04-13T17:20:38.464+0000] {processor.py:840} INFO - DAG(s) 'example_task_group' retrieved from /home/airflow/.local/lib/python3.8/site-packages/airflow/example_dags/example_task_group.py
[2025-04-13T17:20:38.524+0000] {logging_mixin.py:188} INFO - [2025-04-13T17:20:38.524+0000] {dag.py:3036} INFO - Sync 1 DAGs
[2025-04-13T17:20:38.601+0000] {logging_mixin.py:188} INFO - [2025-04-13T17:20:38.600+0000] {dag.py:3823} INFO - Setting next_dagrun for example_task_group to 2025-04-12 00:00:00+00:00, run_after=2025-04-13 00:00:00+00:00
[2025-04-13T17:20:38.664+0000] {processor.py:183} INFO - Processing /home/airflow/.local/lib/python3.8/site-packages/airflow/example_dags/example_task_group.py took 0.241 seconds
[2025-04-13T17:21:08.818+0000] {processor.py:161} INFO - Started process (PID=3751) to work on /home/airflow/.local/lib/python3.8/site-packages/airflow/example_dags/example_task_group.py
[2025-04-13T17:21:08.820+0000] {processor.py:830} INFO - Processing file /home/airflow/.local/lib/python3.8/site-packages/airflow/example_dags/example_task_group.py for tasks to queue
[2025-04-13T17:21:08.822+0000] {logging_mixin.py:188} INFO - [2025-04-13T17:21:08.822+0000] {dagbag.py:538} INFO - Filling up the DagBag from /home/airflow/.local/lib/python3.8/site-packages/airflow/example_dags/example_task_group.py
[2025-04-13T17:21:08.833+0000] {processor.py:840} INFO - DAG(s) 'example_task_group' retrieved from /home/airflow/.local/lib/python3.8/site-packages/airflow/example_dags/example_task_group.py
[2025-04-13T17:21:08.866+0000] {logging_mixin.py:188} INFO - [2025-04-13T17:21:08.866+0000] {dag.py:3036} INFO - Sync 1 DAGs
[2025-04-13T17:21:08.902+0000] {logging_mixin.py:188} INFO - [2025-04-13T17:21:08.902+0000] {dag.py:3823} INFO - Setting next_dagrun for example_task_group to 2025-04-12 00:00:00+00:00, run_after=2025-04-13 00:00:00+00:00
[2025-04-13T17:21:08.929+0000] {processor.py:183} INFO - Processing /home/airflow/.local/lib/python3.8/site-packages/airflow/example_dags/example_task_group.py took 0.115 seconds
[2025-04-13T17:21:39.115+0000] {processor.py:161} INFO - Started process (PID=3807) to work on /home/airflow/.local/lib/python3.8/site-packages/airflow/example_dags/example_task_group.py
[2025-04-13T17:21:39.117+0000] {processor.py:830} INFO - Processing file /home/airflow/.local/lib/python3.8/site-packages/airflow/example_dags/example_task_group.py for tasks to queue
[2025-04-13T17:21:39.120+0000] {logging_mixin.py:188} INFO - [2025-04-13T17:21:39.119+0000] {dagbag.py:538} INFO - Filling up the DagBag from /home/airflow/.local/lib/python3.8/site-packages/airflow/example_dags/example_task_group.py
[2025-04-13T17:21:39.131+0000] {processor.py:840} INFO - DAG(s) 'example_task_group' retrieved from /home/airflow/.local/lib/python3.8/site-packages/airflow/example_dags/example_task_group.py
[2025-04-13T17:21:39.173+0000] {logging_mixin.py:188} INFO - [2025-04-13T17:21:39.172+0000] {dag.py:3036} INFO - Sync 1 DAGs
[2025-04-13T17:21:39.210+0000] {logging_mixin.py:188} INFO - [2025-04-13T17:21:39.210+0000] {dag.py:3823} INFO - Setting next_dagrun for example_task_group to 2025-04-12 00:00:00+00:00, run_after=2025-04-13 00:00:00+00:00
[2025-04-13T17:21:39.249+0000] {processor.py:183} INFO - Processing /home/airflow/.local/lib/python3.8/site-packages/airflow/example_dags/example_task_group.py took 0.140 seconds
[2025-04-13T17:22:09.361+0000] {processor.py:161} INFO - Started process (PID=3861) to work on /home/airflow/.local/lib/python3.8/site-packages/airflow/example_dags/example_task_group.py
[2025-04-13T17:22:09.363+0000] {processor.py:830} INFO - Processing file /home/airflow/.local/lib/python3.8/site-packages/airflow/example_dags/example_task_group.py for tasks to queue
[2025-04-13T17:22:09.367+0000] {logging_mixin.py:188} INFO - [2025-04-13T17:22:09.366+0000] {dagbag.py:538} INFO - Filling up the DagBag from /home/airflow/.local/lib/python3.8/site-packages/airflow/example_dags/example_task_group.py
[2025-04-13T17:22:09.382+0000] {processor.py:840} INFO - DAG(s) 'example_task_group' retrieved from /home/airflow/.local/lib/python3.8/site-packages/airflow/example_dags/example_task_group.py
[2025-04-13T17:22:09.425+0000] {logging_mixin.py:188} INFO - [2025-04-13T17:22:09.425+0000] {dag.py:3036} INFO - Sync 1 DAGs
[2025-04-13T17:22:09.465+0000] {logging_mixin.py:188} INFO - [2025-04-13T17:22:09.465+0000] {dag.py:3823} INFO - Setting next_dagrun for example_task_group to 2025-04-12 00:00:00+00:00, run_after=2025-04-13 00:00:00+00:00
[2025-04-13T17:22:09.502+0000] {processor.py:183} INFO - Processing /home/airflow/.local/lib/python3.8/site-packages/airflow/example_dags/example_task_group.py took 0.146 seconds
[2025-04-13T17:22:39.762+0000] {processor.py:161} INFO - Started process (PID=3916) to work on /home/airflow/.local/lib/python3.8/site-packages/airflow/example_dags/example_task_group.py
[2025-04-13T17:22:39.764+0000] {processor.py:830} INFO - Processing file /home/airflow/.local/lib/python3.8/site-packages/airflow/example_dags/example_task_group.py for tasks to queue
[2025-04-13T17:22:39.767+0000] {logging_mixin.py:188} INFO - [2025-04-13T17:22:39.767+0000] {dagbag.py:538} INFO - Filling up the DagBag from /home/airflow/.local/lib/python3.8/site-packages/airflow/example_dags/example_task_group.py
[2025-04-13T17:22:39.781+0000] {processor.py:840} INFO - DAG(s) 'example_task_group' retrieved from /home/airflow/.local/lib/python3.8/site-packages/airflow/example_dags/example_task_group.py
[2025-04-13T17:22:39.821+0000] {logging_mixin.py:188} INFO - [2025-04-13T17:22:39.821+0000] {dag.py:3036} INFO - Sync 1 DAGs
[2025-04-13T17:22:39.876+0000] {logging_mixin.py:188} INFO - [2025-04-13T17:22:39.875+0000] {dag.py:3823} INFO - Setting next_dagrun for example_task_group to 2025-04-12 00:00:00+00:00, run_after=2025-04-13 00:00:00+00:00
[2025-04-13T17:22:39.927+0000] {processor.py:183} INFO - Processing /home/airflow/.local/lib/python3.8/site-packages/airflow/example_dags/example_task_group.py took 0.171 seconds
[2025-04-13T17:23:10.386+0000] {processor.py:161} INFO - Started process (PID=3972) to work on /home/airflow/.local/lib/python3.8/site-packages/airflow/example_dags/example_task_group.py
[2025-04-13T17:23:10.387+0000] {processor.py:830} INFO - Processing file /home/airflow/.local/lib/python3.8/site-packages/airflow/example_dags/example_task_group.py for tasks to queue
[2025-04-13T17:23:10.390+0000] {logging_mixin.py:188} INFO - [2025-04-13T17:23:10.390+0000] {dagbag.py:538} INFO - Filling up the DagBag from /home/airflow/.local/lib/python3.8/site-packages/airflow/example_dags/example_task_group.py
[2025-04-13T17:23:10.399+0000] {processor.py:840} INFO - DAG(s) 'example_task_group' retrieved from /home/airflow/.local/lib/python3.8/site-packages/airflow/example_dags/example_task_group.py
[2025-04-13T17:23:10.433+0000] {logging_mixin.py:188} INFO - [2025-04-13T17:23:10.433+0000] {dag.py:3036} INFO - Sync 1 DAGs
[2025-04-13T17:23:10.485+0000] {logging_mixin.py:188} INFO - [2025-04-13T17:23:10.478+0000] {dag.py:3823} INFO - Setting next_dagrun for example_task_group to 2025-04-12 00:00:00+00:00, run_after=2025-04-13 00:00:00+00:00
[2025-04-13T17:23:10.541+0000] {processor.py:183} INFO - Processing /home/airflow/.local/lib/python3.8/site-packages/airflow/example_dags/example_task_group.py took 0.160 seconds
[2025-04-13T17:23:40.971+0000] {processor.py:161} INFO - Started process (PID=4028) to work on /home/airflow/.local/lib/python3.8/site-packages/airflow/example_dags/example_task_group.py
[2025-04-13T17:23:40.972+0000] {processor.py:830} INFO - Processing file /home/airflow/.local/lib/python3.8/site-packages/airflow/example_dags/example_task_group.py for tasks to queue
[2025-04-13T17:23:40.976+0000] {logging_mixin.py:188} INFO - [2025-04-13T17:23:40.975+0000] {dagbag.py:538} INFO - Filling up the DagBag from /home/airflow/.local/lib/python3.8/site-packages/airflow/example_dags/example_task_group.py
[2025-04-13T17:23:40.989+0000] {processor.py:840} INFO - DAG(s) 'example_task_group' retrieved from /home/airflow/.local/lib/python3.8/site-packages/airflow/example_dags/example_task_group.py
[2025-04-13T17:23:41.027+0000] {logging_mixin.py:188} INFO - [2025-04-13T17:23:41.026+0000] {dag.py:3036} INFO - Sync 1 DAGs
[2025-04-13T17:23:41.063+0000] {logging_mixin.py:188} INFO - [2025-04-13T17:23:41.063+0000] {dag.py:3823} INFO - Setting next_dagrun for example_task_group to 2025-04-12 00:00:00+00:00, run_after=2025-04-13 00:00:00+00:00
[2025-04-13T17:23:41.129+0000] {processor.py:183} INFO - Processing /home/airflow/.local/lib/python3.8/site-packages/airflow/example_dags/example_task_group.py took 0.165 seconds
[2025-04-13T17:24:11.263+0000] {processor.py:161} INFO - Started process (PID=4084) to work on /home/airflow/.local/lib/python3.8/site-packages/airflow/example_dags/example_task_group.py
[2025-04-13T17:24:11.265+0000] {processor.py:830} INFO - Processing file /home/airflow/.local/lib/python3.8/site-packages/airflow/example_dags/example_task_group.py for tasks to queue
[2025-04-13T17:24:11.267+0000] {logging_mixin.py:188} INFO - [2025-04-13T17:24:11.267+0000] {dagbag.py:538} INFO - Filling up the DagBag from /home/airflow/.local/lib/python3.8/site-packages/airflow/example_dags/example_task_group.py
[2025-04-13T17:24:11.278+0000] {processor.py:840} INFO - DAG(s) 'example_task_group' retrieved from /home/airflow/.local/lib/python3.8/site-packages/airflow/example_dags/example_task_group.py
[2025-04-13T17:24:11.308+0000] {logging_mixin.py:188} INFO - [2025-04-13T17:24:11.307+0000] {dag.py:3036} INFO - Sync 1 DAGs
[2025-04-13T17:24:11.335+0000] {logging_mixin.py:188} INFO - [2025-04-13T17:24:11.335+0000] {dag.py:3823} INFO - Setting next_dagrun for example_task_group to 2025-04-12 00:00:00+00:00, run_after=2025-04-13 00:00:00+00:00
[2025-04-13T17:24:11.373+0000] {processor.py:183} INFO - Processing /home/airflow/.local/lib/python3.8/site-packages/airflow/example_dags/example_task_group.py took 0.114 seconds
[2025-04-13T17:24:41.627+0000] {processor.py:161} INFO - Started process (PID=4136) to work on /home/airflow/.local/lib/python3.8/site-packages/airflow/example_dags/example_task_group.py
[2025-04-13T17:24:41.628+0000] {processor.py:830} INFO - Processing file /home/airflow/.local/lib/python3.8/site-packages/airflow/example_dags/example_task_group.py for tasks to queue
[2025-04-13T17:24:41.631+0000] {logging_mixin.py:188} INFO - [2025-04-13T17:24:41.631+0000] {dagbag.py:538} INFO - Filling up the DagBag from /home/airflow/.local/lib/python3.8/site-packages/airflow/example_dags/example_task_group.py
[2025-04-13T17:24:41.643+0000] {processor.py:840} INFO - DAG(s) 'example_task_group' retrieved from /home/airflow/.local/lib/python3.8/site-packages/airflow/example_dags/example_task_group.py
[2025-04-13T17:24:41.676+0000] {logging_mixin.py:188} INFO - [2025-04-13T17:24:41.676+0000] {dag.py:3036} INFO - Sync 1 DAGs
[2025-04-13T17:24:41.713+0000] {logging_mixin.py:188} INFO - [2025-04-13T17:24:41.713+0000] {dag.py:3823} INFO - Setting next_dagrun for example_task_group to 2025-04-12 00:00:00+00:00, run_after=2025-04-13 00:00:00+00:00
[2025-04-13T17:24:41.775+0000] {processor.py:183} INFO - Processing /home/airflow/.local/lib/python3.8/site-packages/airflow/example_dags/example_task_group.py took 0.152 seconds
[2025-04-13T17:25:11.919+0000] {processor.py:161} INFO - Started process (PID=4192) to work on /home/airflow/.local/lib/python3.8/site-packages/airflow/example_dags/example_task_group.py
[2025-04-13T17:25:11.920+0000] {processor.py:830} INFO - Processing file /home/airflow/.local/lib/python3.8/site-packages/airflow/example_dags/example_task_group.py for tasks to queue
[2025-04-13T17:25:11.923+0000] {logging_mixin.py:188} INFO - [2025-04-13T17:25:11.922+0000] {dagbag.py:538} INFO - Filling up the DagBag from /home/airflow/.local/lib/python3.8/site-packages/airflow/example_dags/example_task_group.py
[2025-04-13T17:25:11.933+0000] {processor.py:840} INFO - DAG(s) 'example_task_group' retrieved from /home/airflow/.local/lib/python3.8/site-packages/airflow/example_dags/example_task_group.py
[2025-04-13T17:25:11.965+0000] {logging_mixin.py:188} INFO - [2025-04-13T17:25:11.964+0000] {dag.py:3036} INFO - Sync 1 DAGs
[2025-04-13T17:25:11.997+0000] {logging_mixin.py:188} INFO - [2025-04-13T17:25:11.997+0000] {dag.py:3823} INFO - Setting next_dagrun for example_task_group to 2025-04-12 00:00:00+00:00, run_after=2025-04-13 00:00:00+00:00
[2025-04-13T17:25:12.024+0000] {processor.py:183} INFO - Processing /home/airflow/.local/lib/python3.8/site-packages/airflow/example_dags/example_task_group.py took 0.110 seconds
[2025-04-13T17:25:42.785+0000] {processor.py:161} INFO - Started process (PID=4247) to work on /home/airflow/.local/lib/python3.8/site-packages/airflow/example_dags/example_task_group.py
[2025-04-13T17:25:42.786+0000] {processor.py:830} INFO - Processing file /home/airflow/.local/lib/python3.8/site-packages/airflow/example_dags/example_task_group.py for tasks to queue
[2025-04-13T17:25:42.789+0000] {logging_mixin.py:188} INFO - [2025-04-13T17:25:42.789+0000] {dagbag.py:538} INFO - Filling up the DagBag from /home/airflow/.local/lib/python3.8/site-packages/airflow/example_dags/example_task_group.py
[2025-04-13T17:25:42.802+0000] {processor.py:840} INFO - DAG(s) 'example_task_group' retrieved from /home/airflow/.local/lib/python3.8/site-packages/airflow/example_dags/example_task_group.py
[2025-04-13T17:25:42.830+0000] {logging_mixin.py:188} INFO - [2025-04-13T17:25:42.830+0000] {dag.py:3036} INFO - Sync 1 DAGs
[2025-04-13T17:25:42.857+0000] {logging_mixin.py:188} INFO - [2025-04-13T17:25:42.856+0000] {dag.py:3823} INFO - Setting next_dagrun for example_task_group to 2025-04-12 00:00:00+00:00, run_after=2025-04-13 00:00:00+00:00
[2025-04-13T17:25:42.882+0000] {processor.py:183} INFO - Processing /home/airflow/.local/lib/python3.8/site-packages/airflow/example_dags/example_task_group.py took 0.103 seconds
[2025-04-13T17:26:13.386+0000] {processor.py:161} INFO - Started process (PID=4303) to work on /home/airflow/.local/lib/python3.8/site-packages/airflow/example_dags/example_task_group.py
[2025-04-13T17:26:13.388+0000] {processor.py:830} INFO - Processing file /home/airflow/.local/lib/python3.8/site-packages/airflow/example_dags/example_task_group.py for tasks to queue
[2025-04-13T17:26:13.391+0000] {logging_mixin.py:188} INFO - [2025-04-13T17:26:13.391+0000] {dagbag.py:538} INFO - Filling up the DagBag from /home/airflow/.local/lib/python3.8/site-packages/airflow/example_dags/example_task_group.py
[2025-04-13T17:26:13.402+0000] {processor.py:840} INFO - DAG(s) 'example_task_group' retrieved from /home/airflow/.local/lib/python3.8/site-packages/airflow/example_dags/example_task_group.py
[2025-04-13T17:26:13.430+0000] {logging_mixin.py:188} INFO - [2025-04-13T17:26:13.430+0000] {dag.py:3036} INFO - Sync 1 DAGs
[2025-04-13T17:26:13.461+0000] {logging_mixin.py:188} INFO - [2025-04-13T17:26:13.460+0000] {dag.py:3823} INFO - Setting next_dagrun for example_task_group to 2025-04-12 00:00:00+00:00, run_after=2025-04-13 00:00:00+00:00
[2025-04-13T17:26:13.524+0000] {processor.py:183} INFO - Processing /home/airflow/.local/lib/python3.8/site-packages/airflow/example_dags/example_task_group.py took 0.144 seconds
[2025-04-13T17:26:43.617+0000] {processor.py:161} INFO - Started process (PID=4355) to work on /home/airflow/.local/lib/python3.8/site-packages/airflow/example_dags/example_task_group.py
[2025-04-13T17:26:43.725+0000] {processor.py:830} INFO - Processing file /home/airflow/.local/lib/python3.8/site-packages/airflow/example_dags/example_task_group.py for tasks to queue
[2025-04-13T17:26:43.758+0000] {logging_mixin.py:188} INFO - [2025-04-13T17:26:43.758+0000] {dagbag.py:538} INFO - Filling up the DagBag from /home/airflow/.local/lib/python3.8/site-packages/airflow/example_dags/example_task_group.py
[2025-04-13T17:26:43.801+0000] {processor.py:840} INFO - DAG(s) 'example_task_group' retrieved from /home/airflow/.local/lib/python3.8/site-packages/airflow/example_dags/example_task_group.py
[2025-04-13T17:26:43.912+0000] {logging_mixin.py:188} INFO - [2025-04-13T17:26:43.911+0000] {dag.py:3036} INFO - Sync 1 DAGs
[2025-04-13T17:26:44.058+0000] {logging_mixin.py:188} INFO - [2025-04-13T17:26:44.058+0000] {dag.py:3823} INFO - Setting next_dagrun for example_task_group to 2025-04-12 00:00:00+00:00, run_after=2025-04-13 00:00:00+00:00
[2025-04-13T17:26:44.175+0000] {processor.py:183} INFO - Processing /home/airflow/.local/lib/python3.8/site-packages/airflow/example_dags/example_task_group.py took 0.581 seconds
[2025-04-13T17:27:14.499+0000] {processor.py:161} INFO - Started process (PID=4410) to work on /home/airflow/.local/lib/python3.8/site-packages/airflow/example_dags/example_task_group.py
[2025-04-13T17:27:14.500+0000] {processor.py:830} INFO - Processing file /home/airflow/.local/lib/python3.8/site-packages/airflow/example_dags/example_task_group.py for tasks to queue
[2025-04-13T17:27:14.504+0000] {logging_mixin.py:188} INFO - [2025-04-13T17:27:14.503+0000] {dagbag.py:538} INFO - Filling up the DagBag from /home/airflow/.local/lib/python3.8/site-packages/airflow/example_dags/example_task_group.py
[2025-04-13T17:27:14.519+0000] {processor.py:840} INFO - DAG(s) 'example_task_group' retrieved from /home/airflow/.local/lib/python3.8/site-packages/airflow/example_dags/example_task_group.py
[2025-04-13T17:27:14.557+0000] {logging_mixin.py:188} INFO - [2025-04-13T17:27:14.556+0000] {dag.py:3036} INFO - Sync 1 DAGs
[2025-04-13T17:27:14.589+0000] {logging_mixin.py:188} INFO - [2025-04-13T17:27:14.589+0000] {dag.py:3823} INFO - Setting next_dagrun for example_task_group to 2025-04-12 00:00:00+00:00, run_after=2025-04-13 00:00:00+00:00
[2025-04-13T17:27:14.616+0000] {processor.py:183} INFO - Processing /home/airflow/.local/lib/python3.8/site-packages/airflow/example_dags/example_task_group.py took 0.122 seconds
[2025-04-13T17:27:46.580+0000] {processor.py:161} INFO - Started process (PID=4463) to work on /home/airflow/.local/lib/python3.8/site-packages/airflow/example_dags/example_task_group.py
[2025-04-13T17:27:46.582+0000] {processor.py:830} INFO - Processing file /home/airflow/.local/lib/python3.8/site-packages/airflow/example_dags/example_task_group.py for tasks to queue
[2025-04-13T17:27:46.585+0000] {logging_mixin.py:188} INFO - [2025-04-13T17:27:46.584+0000] {dagbag.py:538} INFO - Filling up the DagBag from /home/airflow/.local/lib/python3.8/site-packages/airflow/example_dags/example_task_group.py
[2025-04-13T17:27:46.595+0000] {processor.py:840} INFO - DAG(s) 'example_task_group' retrieved from /home/airflow/.local/lib/python3.8/site-packages/airflow/example_dags/example_task_group.py
[2025-04-13T17:27:46.625+0000] {logging_mixin.py:188} INFO - [2025-04-13T17:27:46.625+0000] {dag.py:3036} INFO - Sync 1 DAGs
[2025-04-13T17:27:46.657+0000] {logging_mixin.py:188} INFO - [2025-04-13T17:27:46.656+0000] {dag.py:3823} INFO - Setting next_dagrun for example_task_group to 2025-04-12 00:00:00+00:00, run_after=2025-04-13 00:00:00+00:00
[2025-04-13T17:27:46.735+0000] {processor.py:183} INFO - Processing /home/airflow/.local/lib/python3.8/site-packages/airflow/example_dags/example_task_group.py took 0.159 seconds
[2025-04-13T17:28:17.455+0000] {processor.py:161} INFO - Started process (PID=4503) to work on /home/airflow/.local/lib/python3.8/site-packages/airflow/example_dags/example_task_group.py
[2025-04-13T17:28:17.457+0000] {processor.py:830} INFO - Processing file /home/airflow/.local/lib/python3.8/site-packages/airflow/example_dags/example_task_group.py for tasks to queue
[2025-04-13T17:28:17.462+0000] {logging_mixin.py:188} INFO - [2025-04-13T17:28:17.461+0000] {dagbag.py:538} INFO - Filling up the DagBag from /home/airflow/.local/lib/python3.8/site-packages/airflow/example_dags/example_task_group.py
[2025-04-13T17:28:17.475+0000] {processor.py:840} INFO - DAG(s) 'example_task_group' retrieved from /home/airflow/.local/lib/python3.8/site-packages/airflow/example_dags/example_task_group.py
[2025-04-13T17:28:17.512+0000] {logging_mixin.py:188} INFO - [2025-04-13T17:28:17.511+0000] {dag.py:3036} INFO - Sync 1 DAGs
[2025-04-13T17:28:17.548+0000] {logging_mixin.py:188} INFO - [2025-04-13T17:28:17.547+0000] {dag.py:3823} INFO - Setting next_dagrun for example_task_group to 2025-04-12 00:00:00+00:00, run_after=2025-04-13 00:00:00+00:00
[2025-04-13T17:28:17.583+0000] {processor.py:183} INFO - Processing /home/airflow/.local/lib/python3.8/site-packages/airflow/example_dags/example_task_group.py took 0.135 seconds
[2025-04-13T17:28:49.187+0000] {processor.py:161} INFO - Started process (PID=4553) to work on /home/airflow/.local/lib/python3.8/site-packages/airflow/example_dags/example_task_group.py
[2025-04-13T17:28:49.190+0000] {processor.py:830} INFO - Processing file /home/airflow/.local/lib/python3.8/site-packages/airflow/example_dags/example_task_group.py for tasks to queue
[2025-04-13T17:28:49.194+0000] {logging_mixin.py:188} INFO - [2025-04-13T17:28:49.193+0000] {dagbag.py:538} INFO - Filling up the DagBag from /home/airflow/.local/lib/python3.8/site-packages/airflow/example_dags/example_task_group.py
[2025-04-13T17:28:49.212+0000] {processor.py:840} INFO - DAG(s) 'example_task_group' retrieved from /home/airflow/.local/lib/python3.8/site-packages/airflow/example_dags/example_task_group.py
[2025-04-13T17:28:49.260+0000] {logging_mixin.py:188} INFO - [2025-04-13T17:28:49.260+0000] {dag.py:3036} INFO - Sync 1 DAGs
[2025-04-13T17:28:49.308+0000] {logging_mixin.py:188} INFO - [2025-04-13T17:28:49.307+0000] {dag.py:3823} INFO - Setting next_dagrun for example_task_group to 2025-04-12 00:00:00+00:00, run_after=2025-04-13 00:00:00+00:00
[2025-04-13T17:28:49.360+0000] {processor.py:183} INFO - Processing /home/airflow/.local/lib/python3.8/site-packages/airflow/example_dags/example_task_group.py took 0.179 seconds
[2025-04-13T17:29:22.037+0000] {processor.py:161} INFO - Started process (PID=4609) to work on /home/airflow/.local/lib/python3.8/site-packages/airflow/example_dags/example_task_group.py
[2025-04-13T17:29:22.038+0000] {processor.py:830} INFO - Processing file /home/airflow/.local/lib/python3.8/site-packages/airflow/example_dags/example_task_group.py for tasks to queue
[2025-04-13T17:29:22.041+0000] {logging_mixin.py:188} INFO - [2025-04-13T17:29:22.041+0000] {dagbag.py:538} INFO - Filling up the DagBag from /home/airflow/.local/lib/python3.8/site-packages/airflow/example_dags/example_task_group.py
[2025-04-13T17:29:22.055+0000] {processor.py:840} INFO - DAG(s) 'example_task_group' retrieved from /home/airflow/.local/lib/python3.8/site-packages/airflow/example_dags/example_task_group.py
[2025-04-13T17:29:22.088+0000] {logging_mixin.py:188} INFO - [2025-04-13T17:29:22.088+0000] {dag.py:3036} INFO - Sync 1 DAGs
[2025-04-13T17:29:22.121+0000] {logging_mixin.py:188} INFO - [2025-04-13T17:29:22.120+0000] {dag.py:3823} INFO - Setting next_dagrun for example_task_group to 2025-04-12 00:00:00+00:00, run_after=2025-04-13 00:00:00+00:00
[2025-04-13T17:29:22.203+0000] {processor.py:183} INFO - Processing /home/airflow/.local/lib/python3.8/site-packages/airflow/example_dags/example_task_group.py took 0.171 seconds
[2025-04-13T17:29:54.383+0000] {processor.py:161} INFO - Started process (PID=4665) to work on /home/airflow/.local/lib/python3.8/site-packages/airflow/example_dags/example_task_group.py
[2025-04-13T17:29:54.385+0000] {processor.py:830} INFO - Processing file /home/airflow/.local/lib/python3.8/site-packages/airflow/example_dags/example_task_group.py for tasks to queue
[2025-04-13T17:29:54.389+0000] {logging_mixin.py:188} INFO - [2025-04-13T17:29:54.388+0000] {dagbag.py:538} INFO - Filling up the DagBag from /home/airflow/.local/lib/python3.8/site-packages/airflow/example_dags/example_task_group.py
[2025-04-13T17:29:54.405+0000] {processor.py:840} INFO - DAG(s) 'example_task_group' retrieved from /home/airflow/.local/lib/python3.8/site-packages/airflow/example_dags/example_task_group.py
[2025-04-13T17:29:54.443+0000] {logging_mixin.py:188} INFO - [2025-04-13T17:29:54.443+0000] {dag.py:3036} INFO - Sync 1 DAGs
[2025-04-13T17:29:54.494+0000] {logging_mixin.py:188} INFO - [2025-04-13T17:29:54.493+0000] {dag.py:3823} INFO - Setting next_dagrun for example_task_group to 2025-04-12 00:00:00+00:00, run_after=2025-04-13 00:00:00+00:00
[2025-04-13T17:29:54.530+0000] {processor.py:183} INFO - Processing /home/airflow/.local/lib/python3.8/site-packages/airflow/example_dags/example_task_group.py took 0.152 seconds
[2025-04-13T17:30:27.240+0000] {processor.py:161} INFO - Started process (PID=4722) to work on /home/airflow/.local/lib/python3.8/site-packages/airflow/example_dags/example_task_group.py
[2025-04-13T17:30:27.242+0000] {processor.py:830} INFO - Processing file /home/airflow/.local/lib/python3.8/site-packages/airflow/example_dags/example_task_group.py for tasks to queue
[2025-04-13T17:30:27.247+0000] {logging_mixin.py:188} INFO - [2025-04-13T17:30:27.246+0000] {dagbag.py:538} INFO - Filling up the DagBag from /home/airflow/.local/lib/python3.8/site-packages/airflow/example_dags/example_task_group.py
[2025-04-13T17:30:27.264+0000] {processor.py:840} INFO - DAG(s) 'example_task_group' retrieved from /home/airflow/.local/lib/python3.8/site-packages/airflow/example_dags/example_task_group.py
[2025-04-13T17:30:27.303+0000] {logging_mixin.py:188} INFO - [2025-04-13T17:30:27.302+0000] {dag.py:3036} INFO - Sync 1 DAGs
[2025-04-13T17:30:27.351+0000] {logging_mixin.py:188} INFO - [2025-04-13T17:30:27.351+0000] {dag.py:3823} INFO - Setting next_dagrun for example_task_group to 2025-04-12 00:00:00+00:00, run_after=2025-04-13 00:00:00+00:00
[2025-04-13T17:30:27.384+0000] {processor.py:183} INFO - Processing /home/airflow/.local/lib/python3.8/site-packages/airflow/example_dags/example_task_group.py took 0.149 seconds
[2025-04-13T17:30:59.313+0000] {processor.py:161} INFO - Started process (PID=4779) to work on /home/airflow/.local/lib/python3.8/site-packages/airflow/example_dags/example_task_group.py
[2025-04-13T17:30:59.314+0000] {processor.py:830} INFO - Processing file /home/airflow/.local/lib/python3.8/site-packages/airflow/example_dags/example_task_group.py for tasks to queue
[2025-04-13T17:30:59.319+0000] {logging_mixin.py:188} INFO - [2025-04-13T17:30:59.317+0000] {dagbag.py:538} INFO - Filling up the DagBag from /home/airflow/.local/lib/python3.8/site-packages/airflow/example_dags/example_task_group.py
[2025-04-13T17:30:59.335+0000] {processor.py:840} INFO - DAG(s) 'example_task_group' retrieved from /home/airflow/.local/lib/python3.8/site-packages/airflow/example_dags/example_task_group.py
[2025-04-13T17:30:59.374+0000] {logging_mixin.py:188} INFO - [2025-04-13T17:30:59.373+0000] {dag.py:3036} INFO - Sync 1 DAGs
[2025-04-13T17:30:59.413+0000] {logging_mixin.py:188} INFO - [2025-04-13T17:30:59.412+0000] {dag.py:3823} INFO - Setting next_dagrun for example_task_group to 2025-04-12 00:00:00+00:00, run_after=2025-04-13 00:00:00+00:00
[2025-04-13T17:30:59.447+0000] {processor.py:183} INFO - Processing /home/airflow/.local/lib/python3.8/site-packages/airflow/example_dags/example_task_group.py took 0.138 seconds
[2025-04-13T17:31:32.169+0000] {processor.py:161} INFO - Started process (PID=4835) to work on /home/airflow/.local/lib/python3.8/site-packages/airflow/example_dags/example_task_group.py
[2025-04-13T17:31:32.171+0000] {processor.py:830} INFO - Processing file /home/airflow/.local/lib/python3.8/site-packages/airflow/example_dags/example_task_group.py for tasks to queue
[2025-04-13T17:31:32.174+0000] {logging_mixin.py:188} INFO - [2025-04-13T17:31:32.174+0000] {dagbag.py:538} INFO - Filling up the DagBag from /home/airflow/.local/lib/python3.8/site-packages/airflow/example_dags/example_task_group.py
[2025-04-13T17:31:32.185+0000] {processor.py:840} INFO - DAG(s) 'example_task_group' retrieved from /home/airflow/.local/lib/python3.8/site-packages/airflow/example_dags/example_task_group.py
[2025-04-13T17:31:32.216+0000] {logging_mixin.py:188} INFO - [2025-04-13T17:31:32.216+0000] {dag.py:3036} INFO - Sync 1 DAGs
[2025-04-13T17:31:32.248+0000] {logging_mixin.py:188} INFO - [2025-04-13T17:31:32.248+0000] {dag.py:3823} INFO - Setting next_dagrun for example_task_group to 2025-04-12 00:00:00+00:00, run_after=2025-04-13 00:00:00+00:00
[2025-04-13T17:31:32.338+0000] {processor.py:183} INFO - Processing /home/airflow/.local/lib/python3.8/site-packages/airflow/example_dags/example_task_group.py took 0.173 seconds
[2025-04-13T17:32:04.801+0000] {processor.py:161} INFO - Started process (PID=4892) to work on /home/airflow/.local/lib/python3.8/site-packages/airflow/example_dags/example_task_group.py
[2025-04-13T17:32:04.803+0000] {processor.py:830} INFO - Processing file /home/airflow/.local/lib/python3.8/site-packages/airflow/example_dags/example_task_group.py for tasks to queue
[2025-04-13T17:32:04.807+0000] {logging_mixin.py:188} INFO - [2025-04-13T17:32:04.807+0000] {dagbag.py:538} INFO - Filling up the DagBag from /home/airflow/.local/lib/python3.8/site-packages/airflow/example_dags/example_task_group.py
[2025-04-13T17:32:04.819+0000] {processor.py:840} INFO - DAG(s) 'example_task_group' retrieved from /home/airflow/.local/lib/python3.8/site-packages/airflow/example_dags/example_task_group.py
[2025-04-13T17:32:04.849+0000] {logging_mixin.py:188} INFO - [2025-04-13T17:32:04.849+0000] {dag.py:3036} INFO - Sync 1 DAGs
[2025-04-13T17:32:04.881+0000] {logging_mixin.py:188} INFO - [2025-04-13T17:32:04.881+0000] {dag.py:3823} INFO - Setting next_dagrun for example_task_group to 2025-04-12 00:00:00+00:00, run_after=2025-04-13 00:00:00+00:00
[2025-04-13T17:32:04.948+0000] {processor.py:183} INFO - Processing /home/airflow/.local/lib/python3.8/site-packages/airflow/example_dags/example_task_group.py took 0.152 seconds
[2025-04-13T17:32:36.754+0000] {processor.py:161} INFO - Started process (PID=4948) to work on /home/airflow/.local/lib/python3.8/site-packages/airflow/example_dags/example_task_group.py
[2025-04-13T17:32:36.756+0000] {processor.py:830} INFO - Processing file /home/airflow/.local/lib/python3.8/site-packages/airflow/example_dags/example_task_group.py for tasks to queue
[2025-04-13T17:32:36.762+0000] {logging_mixin.py:188} INFO - [2025-04-13T17:32:36.761+0000] {dagbag.py:538} INFO - Filling up the DagBag from /home/airflow/.local/lib/python3.8/site-packages/airflow/example_dags/example_task_group.py
[2025-04-13T17:32:36.780+0000] {processor.py:840} INFO - DAG(s) 'example_task_group' retrieved from /home/airflow/.local/lib/python3.8/site-packages/airflow/example_dags/example_task_group.py
[2025-04-13T17:32:36.809+0000] {logging_mixin.py:188} INFO - [2025-04-13T17:32:36.808+0000] {dag.py:3036} INFO - Sync 1 DAGs
[2025-04-13T17:32:36.841+0000] {logging_mixin.py:188} INFO - [2025-04-13T17:32:36.840+0000] {dag.py:3823} INFO - Setting next_dagrun for example_task_group to 2025-04-12 00:00:00+00:00, run_after=2025-04-13 00:00:00+00:00
[2025-04-13T17:32:36.917+0000] {processor.py:183} INFO - Processing /home/airflow/.local/lib/python3.8/site-packages/airflow/example_dags/example_task_group.py took 0.172 seconds
[2025-04-13T17:33:09.121+0000] {processor.py:161} INFO - Started process (PID=5004) to work on /home/airflow/.local/lib/python3.8/site-packages/airflow/example_dags/example_task_group.py
[2025-04-13T17:33:09.122+0000] {processor.py:830} INFO - Processing file /home/airflow/.local/lib/python3.8/site-packages/airflow/example_dags/example_task_group.py for tasks to queue
[2025-04-13T17:33:09.125+0000] {logging_mixin.py:188} INFO - [2025-04-13T17:33:09.125+0000] {dagbag.py:538} INFO - Filling up the DagBag from /home/airflow/.local/lib/python3.8/site-packages/airflow/example_dags/example_task_group.py
[2025-04-13T17:33:09.136+0000] {processor.py:840} INFO - DAG(s) 'example_task_group' retrieved from /home/airflow/.local/lib/python3.8/site-packages/airflow/example_dags/example_task_group.py
[2025-04-13T17:33:09.165+0000] {logging_mixin.py:188} INFO - [2025-04-13T17:33:09.165+0000] {dag.py:3036} INFO - Sync 1 DAGs
[2025-04-13T17:33:09.197+0000] {logging_mixin.py:188} INFO - [2025-04-13T17:33:09.197+0000] {dag.py:3823} INFO - Setting next_dagrun for example_task_group to 2025-04-12 00:00:00+00:00, run_after=2025-04-13 00:00:00+00:00
[2025-04-13T17:33:09.224+0000] {processor.py:183} INFO - Processing /home/airflow/.local/lib/python3.8/site-packages/airflow/example_dags/example_task_group.py took 0.108 seconds
[2025-04-13T17:33:41.242+0000] {processor.py:161} INFO - Started process (PID=5060) to work on /home/airflow/.local/lib/python3.8/site-packages/airflow/example_dags/example_task_group.py
[2025-04-13T17:33:41.244+0000] {processor.py:830} INFO - Processing file /home/airflow/.local/lib/python3.8/site-packages/airflow/example_dags/example_task_group.py for tasks to queue
[2025-04-13T17:33:41.247+0000] {logging_mixin.py:188} INFO - [2025-04-13T17:33:41.246+0000] {dagbag.py:538} INFO - Filling up the DagBag from /home/airflow/.local/lib/python3.8/site-packages/airflow/example_dags/example_task_group.py
[2025-04-13T17:33:41.261+0000] {processor.py:840} INFO - DAG(s) 'example_task_group' retrieved from /home/airflow/.local/lib/python3.8/site-packages/airflow/example_dags/example_task_group.py
[2025-04-13T17:33:41.294+0000] {logging_mixin.py:188} INFO - [2025-04-13T17:33:41.294+0000] {dag.py:3036} INFO - Sync 1 DAGs
[2025-04-13T17:33:41.344+0000] {logging_mixin.py:188} INFO - [2025-04-13T17:33:41.344+0000] {dag.py:3823} INFO - Setting next_dagrun for example_task_group to 2025-04-12 00:00:00+00:00, run_after=2025-04-13 00:00:00+00:00
[2025-04-13T17:33:41.374+0000] {processor.py:183} INFO - Processing /home/airflow/.local/lib/python3.8/site-packages/airflow/example_dags/example_task_group.py took 0.136 seconds
[2025-04-13T17:34:14.048+0000] {processor.py:161} INFO - Started process (PID=5117) to work on /home/airflow/.local/lib/python3.8/site-packages/airflow/example_dags/example_task_group.py
[2025-04-13T17:34:14.051+0000] {processor.py:830} INFO - Processing file /home/airflow/.local/lib/python3.8/site-packages/airflow/example_dags/example_task_group.py for tasks to queue
[2025-04-13T17:34:14.059+0000] {logging_mixin.py:188} INFO - [2025-04-13T17:34:14.058+0000] {dagbag.py:538} INFO - Filling up the DagBag from /home/airflow/.local/lib/python3.8/site-packages/airflow/example_dags/example_task_group.py
[2025-04-13T17:34:14.074+0000] {processor.py:840} INFO - DAG(s) 'example_task_group' retrieved from /home/airflow/.local/lib/python3.8/site-packages/airflow/example_dags/example_task_group.py
[2025-04-13T17:34:14.123+0000] {logging_mixin.py:188} INFO - [2025-04-13T17:34:14.123+0000] {dag.py:3036} INFO - Sync 1 DAGs
[2025-04-13T17:34:14.172+0000] {logging_mixin.py:188} INFO - [2025-04-13T17:34:14.171+0000] {dag.py:3823} INFO - Setting next_dagrun for example_task_group to 2025-04-12 00:00:00+00:00, run_after=2025-04-13 00:00:00+00:00
[2025-04-13T17:34:14.258+0000] {processor.py:183} INFO - Processing /home/airflow/.local/lib/python3.8/site-packages/airflow/example_dags/example_task_group.py took 0.220 seconds
[2025-04-13T17:34:46.224+0000] {processor.py:161} INFO - Started process (PID=5172) to work on /home/airflow/.local/lib/python3.8/site-packages/airflow/example_dags/example_task_group.py
[2025-04-13T17:34:46.226+0000] {processor.py:830} INFO - Processing file /home/airflow/.local/lib/python3.8/site-packages/airflow/example_dags/example_task_group.py for tasks to queue
[2025-04-13T17:34:46.230+0000] {logging_mixin.py:188} INFO - [2025-04-13T17:34:46.229+0000] {dagbag.py:538} INFO - Filling up the DagBag from /home/airflow/.local/lib/python3.8/site-packages/airflow/example_dags/example_task_group.py
[2025-04-13T17:34:46.243+0000] {processor.py:840} INFO - DAG(s) 'example_task_group' retrieved from /home/airflow/.local/lib/python3.8/site-packages/airflow/example_dags/example_task_group.py
[2025-04-13T17:34:46.271+0000] {logging_mixin.py:188} INFO - [2025-04-13T17:34:46.271+0000] {dag.py:3036} INFO - Sync 1 DAGs
[2025-04-13T17:34:46.298+0000] {logging_mixin.py:188} INFO - [2025-04-13T17:34:46.297+0000] {dag.py:3823} INFO - Setting next_dagrun for example_task_group to 2025-04-12 00:00:00+00:00, run_after=2025-04-13 00:00:00+00:00
[2025-04-13T17:34:46.322+0000] {processor.py:183} INFO - Processing /home/airflow/.local/lib/python3.8/site-packages/airflow/example_dags/example_task_group.py took 0.104 seconds
[2025-04-13T17:35:19.096+0000] {processor.py:161} INFO - Started process (PID=5228) to work on /home/airflow/.local/lib/python3.8/site-packages/airflow/example_dags/example_task_group.py
[2025-04-13T17:35:19.097+0000] {processor.py:830} INFO - Processing file /home/airflow/.local/lib/python3.8/site-packages/airflow/example_dags/example_task_group.py for tasks to queue
[2025-04-13T17:35:19.101+0000] {logging_mixin.py:188} INFO - [2025-04-13T17:35:19.099+0000] {dagbag.py:538} INFO - Filling up the DagBag from /home/airflow/.local/lib/python3.8/site-packages/airflow/example_dags/example_task_group.py
[2025-04-13T17:35:19.113+0000] {processor.py:840} INFO - DAG(s) 'example_task_group' retrieved from /home/airflow/.local/lib/python3.8/site-packages/airflow/example_dags/example_task_group.py
[2025-04-13T17:35:19.143+0000] {logging_mixin.py:188} INFO - [2025-04-13T17:35:19.143+0000] {dag.py:3036} INFO - Sync 1 DAGs
[2025-04-13T17:35:19.187+0000] {logging_mixin.py:188} INFO - [2025-04-13T17:35:19.186+0000] {dag.py:3823} INFO - Setting next_dagrun for example_task_group to 2025-04-12 00:00:00+00:00, run_after=2025-04-13 00:00:00+00:00
[2025-04-13T17:35:19.214+0000] {processor.py:183} INFO - Processing /home/airflow/.local/lib/python3.8/site-packages/airflow/example_dags/example_task_group.py took 0.124 seconds
[2025-04-13T17:35:50.893+0000] {processor.py:161} INFO - Started process (PID=5284) to work on /home/airflow/.local/lib/python3.8/site-packages/airflow/example_dags/example_task_group.py
[2025-04-13T17:35:50.895+0000] {processor.py:830} INFO - Processing file /home/airflow/.local/lib/python3.8/site-packages/airflow/example_dags/example_task_group.py for tasks to queue
[2025-04-13T17:35:50.899+0000] {logging_mixin.py:188} INFO - [2025-04-13T17:35:50.898+0000] {dagbag.py:538} INFO - Filling up the DagBag from /home/airflow/.local/lib/python3.8/site-packages/airflow/example_dags/example_task_group.py
[2025-04-13T17:35:50.915+0000] {processor.py:840} INFO - DAG(s) 'example_task_group' retrieved from /home/airflow/.local/lib/python3.8/site-packages/airflow/example_dags/example_task_group.py
[2025-04-13T17:35:50.953+0000] {logging_mixin.py:188} INFO - [2025-04-13T17:35:50.953+0000] {dag.py:3036} INFO - Sync 1 DAGs
[2025-04-13T17:35:50.990+0000] {logging_mixin.py:188} INFO - [2025-04-13T17:35:50.989+0000] {dag.py:3823} INFO - Setting next_dagrun for example_task_group to 2025-04-12 00:00:00+00:00, run_after=2025-04-13 00:00:00+00:00
[2025-04-13T17:35:51.060+0000] {processor.py:183} INFO - Processing /home/airflow/.local/lib/python3.8/site-packages/airflow/example_dags/example_task_group.py took 0.173 seconds
[2025-04-13T17:36:23.727+0000] {processor.py:161} INFO - Started process (PID=5340) to work on /home/airflow/.local/lib/python3.8/site-packages/airflow/example_dags/example_task_group.py
[2025-04-13T17:36:23.729+0000] {processor.py:830} INFO - Processing file /home/airflow/.local/lib/python3.8/site-packages/airflow/example_dags/example_task_group.py for tasks to queue
[2025-04-13T17:36:23.732+0000] {logging_mixin.py:188} INFO - [2025-04-13T17:36:23.732+0000] {dagbag.py:538} INFO - Filling up the DagBag from /home/airflow/.local/lib/python3.8/site-packages/airflow/example_dags/example_task_group.py
[2025-04-13T17:36:23.743+0000] {processor.py:840} INFO - DAG(s) 'example_task_group' retrieved from /home/airflow/.local/lib/python3.8/site-packages/airflow/example_dags/example_task_group.py
[2025-04-13T17:36:23.773+0000] {logging_mixin.py:188} INFO - [2025-04-13T17:36:23.773+0000] {dag.py:3036} INFO - Sync 1 DAGs
[2025-04-13T17:36:23.802+0000] {logging_mixin.py:188} INFO - [2025-04-13T17:36:23.802+0000] {dag.py:3823} INFO - Setting next_dagrun for example_task_group to 2025-04-12 00:00:00+00:00, run_after=2025-04-13 00:00:00+00:00
[2025-04-13T17:36:23.866+0000] {processor.py:183} INFO - Processing /home/airflow/.local/lib/python3.8/site-packages/airflow/example_dags/example_task_group.py took 0.145 seconds
[2025-04-13T17:36:55.776+0000] {processor.py:161} INFO - Started process (PID=5396) to work on /home/airflow/.local/lib/python3.8/site-packages/airflow/example_dags/example_task_group.py
[2025-04-13T17:36:55.780+0000] {processor.py:830} INFO - Processing file /home/airflow/.local/lib/python3.8/site-packages/airflow/example_dags/example_task_group.py for tasks to queue
[2025-04-13T17:36:55.786+0000] {logging_mixin.py:188} INFO - [2025-04-13T17:36:55.785+0000] {dagbag.py:538} INFO - Filling up the DagBag from /home/airflow/.local/lib/python3.8/site-packages/airflow/example_dags/example_task_group.py
[2025-04-13T17:36:55.808+0000] {processor.py:840} INFO - DAG(s) 'example_task_group' retrieved from /home/airflow/.local/lib/python3.8/site-packages/airflow/example_dags/example_task_group.py
[2025-04-13T17:36:55.842+0000] {logging_mixin.py:188} INFO - [2025-04-13T17:36:55.842+0000] {dag.py:3036} INFO - Sync 1 DAGs
[2025-04-13T17:36:55.873+0000] {logging_mixin.py:188} INFO - [2025-04-13T17:36:55.872+0000] {dag.py:3823} INFO - Setting next_dagrun for example_task_group to 2025-04-12 00:00:00+00:00, run_after=2025-04-13 00:00:00+00:00
[2025-04-13T17:36:55.898+0000] {processor.py:183} INFO - Processing /home/airflow/.local/lib/python3.8/site-packages/airflow/example_dags/example_task_group.py took 0.132 seconds
[2025-04-13T17:37:27.916+0000] {processor.py:161} INFO - Started process (PID=5453) to work on /home/airflow/.local/lib/python3.8/site-packages/airflow/example_dags/example_task_group.py
[2025-04-13T17:37:27.917+0000] {processor.py:830} INFO - Processing file /home/airflow/.local/lib/python3.8/site-packages/airflow/example_dags/example_task_group.py for tasks to queue
[2025-04-13T17:37:27.921+0000] {logging_mixin.py:188} INFO - [2025-04-13T17:37:27.920+0000] {dagbag.py:538} INFO - Filling up the DagBag from /home/airflow/.local/lib/python3.8/site-packages/airflow/example_dags/example_task_group.py
[2025-04-13T17:37:27.931+0000] {processor.py:840} INFO - DAG(s) 'example_task_group' retrieved from /home/airflow/.local/lib/python3.8/site-packages/airflow/example_dags/example_task_group.py
[2025-04-13T17:37:27.962+0000] {logging_mixin.py:188} INFO - [2025-04-13T17:37:27.961+0000] {dag.py:3036} INFO - Sync 1 DAGs
[2025-04-13T17:37:27.995+0000] {logging_mixin.py:188} INFO - [2025-04-13T17:37:27.995+0000] {dag.py:3823} INFO - Setting next_dagrun for example_task_group to 2025-04-12 00:00:00+00:00, run_after=2025-04-13 00:00:00+00:00
[2025-04-13T17:37:28.071+0000] {processor.py:183} INFO - Processing /home/airflow/.local/lib/python3.8/site-packages/airflow/example_dags/example_task_group.py took 0.161 seconds
[2025-04-13T17:37:58.397+0000] {processor.py:161} INFO - Started process (PID=5509) to work on /home/airflow/.local/lib/python3.8/site-packages/airflow/example_dags/example_task_group.py
[2025-04-13T17:37:58.399+0000] {processor.py:830} INFO - Processing file /home/airflow/.local/lib/python3.8/site-packages/airflow/example_dags/example_task_group.py for tasks to queue
[2025-04-13T17:37:58.402+0000] {logging_mixin.py:188} INFO - [2025-04-13T17:37:58.402+0000] {dagbag.py:538} INFO - Filling up the DagBag from /home/airflow/.local/lib/python3.8/site-packages/airflow/example_dags/example_task_group.py
[2025-04-13T17:37:58.415+0000] {processor.py:840} INFO - DAG(s) 'example_task_group' retrieved from /home/airflow/.local/lib/python3.8/site-packages/airflow/example_dags/example_task_group.py
[2025-04-13T17:37:58.446+0000] {logging_mixin.py:188} INFO - [2025-04-13T17:37:58.446+0000] {dag.py:3036} INFO - Sync 1 DAGs
[2025-04-13T17:37:58.477+0000] {logging_mixin.py:188} INFO - [2025-04-13T17:37:58.476+0000] {dag.py:3823} INFO - Setting next_dagrun for example_task_group to 2025-04-12 00:00:00+00:00, run_after=2025-04-13 00:00:00+00:00
[2025-04-13T17:37:58.506+0000] {processor.py:183} INFO - Processing /home/airflow/.local/lib/python3.8/site-packages/airflow/example_dags/example_task_group.py took 0.114 seconds
[2025-04-13T17:38:32.549+0000] {processor.py:161} INFO - Started process (PID=5565) to work on /home/airflow/.local/lib/python3.8/site-packages/airflow/example_dags/example_task_group.py
[2025-04-13T17:38:32.551+0000] {processor.py:830} INFO - Processing file /home/airflow/.local/lib/python3.8/site-packages/airflow/example_dags/example_task_group.py for tasks to queue
[2025-04-13T17:38:32.555+0000] {logging_mixin.py:188} INFO - [2025-04-13T17:38:32.555+0000] {dagbag.py:538} INFO - Filling up the DagBag from /home/airflow/.local/lib/python3.8/site-packages/airflow/example_dags/example_task_group.py
[2025-04-13T17:38:32.567+0000] {processor.py:840} INFO - DAG(s) 'example_task_group' retrieved from /home/airflow/.local/lib/python3.8/site-packages/airflow/example_dags/example_task_group.py
[2025-04-13T17:38:32.602+0000] {logging_mixin.py:188} INFO - [2025-04-13T17:38:32.601+0000] {dag.py:3036} INFO - Sync 1 DAGs
[2025-04-13T17:38:32.633+0000] {logging_mixin.py:188} INFO - [2025-04-13T17:38:32.633+0000] {dag.py:3823} INFO - Setting next_dagrun for example_task_group to 2025-04-12 00:00:00+00:00, run_after=2025-04-13 00:00:00+00:00
[2025-04-13T17:38:32.664+0000] {processor.py:183} INFO - Processing /home/airflow/.local/lib/python3.8/site-packages/airflow/example_dags/example_task_group.py took 0.121 seconds
[2025-04-13T17:39:05.203+0000] {processor.py:161} INFO - Started process (PID=5621) to work on /home/airflow/.local/lib/python3.8/site-packages/airflow/example_dags/example_task_group.py
[2025-04-13T17:39:05.205+0000] {processor.py:830} INFO - Processing file /home/airflow/.local/lib/python3.8/site-packages/airflow/example_dags/example_task_group.py for tasks to queue
[2025-04-13T17:39:05.209+0000] {logging_mixin.py:188} INFO - [2025-04-13T17:39:05.208+0000] {dagbag.py:538} INFO - Filling up the DagBag from /home/airflow/.local/lib/python3.8/site-packages/airflow/example_dags/example_task_group.py
[2025-04-13T17:39:05.221+0000] {processor.py:840} INFO - DAG(s) 'example_task_group' retrieved from /home/airflow/.local/lib/python3.8/site-packages/airflow/example_dags/example_task_group.py
[2025-04-13T17:39:05.254+0000] {logging_mixin.py:188} INFO - [2025-04-13T17:39:05.253+0000] {dag.py:3036} INFO - Sync 1 DAGs
[2025-04-13T17:39:05.289+0000] {logging_mixin.py:188} INFO - [2025-04-13T17:39:05.289+0000] {dag.py:3823} INFO - Setting next_dagrun for example_task_group to 2025-04-12 00:00:00+00:00, run_after=2025-04-13 00:00:00+00:00
[2025-04-13T17:39:05.374+0000] {processor.py:183} INFO - Processing /home/airflow/.local/lib/python3.8/site-packages/airflow/example_dags/example_task_group.py took 0.183 seconds
[2025-04-13T17:39:37.707+0000] {processor.py:161} INFO - Started process (PID=5677) to work on /home/airflow/.local/lib/python3.8/site-packages/airflow/example_dags/example_task_group.py
[2025-04-13T17:39:37.710+0000] {processor.py:830} INFO - Processing file /home/airflow/.local/lib/python3.8/site-packages/airflow/example_dags/example_task_group.py for tasks to queue
[2025-04-13T17:39:37.716+0000] {logging_mixin.py:188} INFO - [2025-04-13T17:39:37.715+0000] {dagbag.py:538} INFO - Filling up the DagBag from /home/airflow/.local/lib/python3.8/site-packages/airflow/example_dags/example_task_group.py
[2025-04-13T17:39:37.728+0000] {processor.py:840} INFO - DAG(s) 'example_task_group' retrieved from /home/airflow/.local/lib/python3.8/site-packages/airflow/example_dags/example_task_group.py
[2025-04-13T17:39:37.766+0000] {logging_mixin.py:188} INFO - [2025-04-13T17:39:37.766+0000] {dag.py:3036} INFO - Sync 1 DAGs
[2025-04-13T17:39:37.808+0000] {logging_mixin.py:188} INFO - [2025-04-13T17:39:37.807+0000] {dag.py:3823} INFO - Setting next_dagrun for example_task_group to 2025-04-12 00:00:00+00:00, run_after=2025-04-13 00:00:00+00:00
[2025-04-13T17:39:37.889+0000] {processor.py:183} INFO - Processing /home/airflow/.local/lib/python3.8/site-packages/airflow/example_dags/example_task_group.py took 0.188 seconds
[2025-04-13T17:40:09.965+0000] {processor.py:161} INFO - Started process (PID=5733) to work on /home/airflow/.local/lib/python3.8/site-packages/airflow/example_dags/example_task_group.py
[2025-04-13T17:40:09.967+0000] {processor.py:830} INFO - Processing file /home/airflow/.local/lib/python3.8/site-packages/airflow/example_dags/example_task_group.py for tasks to queue
[2025-04-13T17:40:09.971+0000] {logging_mixin.py:188} INFO - [2025-04-13T17:40:09.970+0000] {dagbag.py:538} INFO - Filling up the DagBag from /home/airflow/.local/lib/python3.8/site-packages/airflow/example_dags/example_task_group.py
[2025-04-13T17:40:09.987+0000] {processor.py:840} INFO - DAG(s) 'example_task_group' retrieved from /home/airflow/.local/lib/python3.8/site-packages/airflow/example_dags/example_task_group.py
[2025-04-13T17:40:10.019+0000] {logging_mixin.py:188} INFO - [2025-04-13T17:40:10.019+0000] {dag.py:3036} INFO - Sync 1 DAGs
[2025-04-13T17:40:10.047+0000] {logging_mixin.py:188} INFO - [2025-04-13T17:40:10.047+0000] {dag.py:3823} INFO - Setting next_dagrun for example_task_group to 2025-04-12 00:00:00+00:00, run_after=2025-04-13 00:00:00+00:00
[2025-04-13T17:40:10.123+0000] {processor.py:183} INFO - Processing /home/airflow/.local/lib/python3.8/site-packages/airflow/example_dags/example_task_group.py took 0.164 seconds
[2025-04-13T17:40:42.260+0000] {processor.py:161} INFO - Started process (PID=5789) to work on /home/airflow/.local/lib/python3.8/site-packages/airflow/example_dags/example_task_group.py
[2025-04-13T17:40:42.261+0000] {processor.py:830} INFO - Processing file /home/airflow/.local/lib/python3.8/site-packages/airflow/example_dags/example_task_group.py for tasks to queue
[2025-04-13T17:40:42.265+0000] {logging_mixin.py:188} INFO - [2025-04-13T17:40:42.265+0000] {dagbag.py:538} INFO - Filling up the DagBag from /home/airflow/.local/lib/python3.8/site-packages/airflow/example_dags/example_task_group.py
[2025-04-13T17:40:42.276+0000] {processor.py:840} INFO - DAG(s) 'example_task_group' retrieved from /home/airflow/.local/lib/python3.8/site-packages/airflow/example_dags/example_task_group.py
[2025-04-13T17:40:42.312+0000] {logging_mixin.py:188} INFO - [2025-04-13T17:40:42.312+0000] {dag.py:3036} INFO - Sync 1 DAGs
[2025-04-13T17:40:42.350+0000] {logging_mixin.py:188} INFO - [2025-04-13T17:40:42.350+0000] {dag.py:3823} INFO - Setting next_dagrun for example_task_group to 2025-04-12 00:00:00+00:00, run_after=2025-04-13 00:00:00+00:00
[2025-04-13T17:40:42.413+0000] {processor.py:183} INFO - Processing /home/airflow/.local/lib/python3.8/site-packages/airflow/example_dags/example_task_group.py took 0.159 seconds
[2025-04-13T17:41:14.907+0000] {processor.py:161} INFO - Started process (PID=5846) to work on /home/airflow/.local/lib/python3.8/site-packages/airflow/example_dags/example_task_group.py
[2025-04-13T17:41:14.917+0000] {processor.py:830} INFO - Processing file /home/airflow/.local/lib/python3.8/site-packages/airflow/example_dags/example_task_group.py for tasks to queue
[2025-04-13T17:41:14.922+0000] {logging_mixin.py:188} INFO - [2025-04-13T17:41:14.921+0000] {dagbag.py:538} INFO - Filling up the DagBag from /home/airflow/.local/lib/python3.8/site-packages/airflow/example_dags/example_task_group.py
[2025-04-13T17:41:14.934+0000] {processor.py:840} INFO - DAG(s) 'example_task_group' retrieved from /home/airflow/.local/lib/python3.8/site-packages/airflow/example_dags/example_task_group.py
[2025-04-13T17:41:14.982+0000] {logging_mixin.py:188} INFO - [2025-04-13T17:41:14.981+0000] {dag.py:3036} INFO - Sync 1 DAGs
[2025-04-13T17:41:15.034+0000] {logging_mixin.py:188} INFO - [2025-04-13T17:41:15.034+0000] {dag.py:3823} INFO - Setting next_dagrun for example_task_group to 2025-04-12 00:00:00+00:00, run_after=2025-04-13 00:00:00+00:00
[2025-04-13T17:41:15.126+0000] {processor.py:183} INFO - Processing /home/airflow/.local/lib/python3.8/site-packages/airflow/example_dags/example_task_group.py took 0.228 seconds
[2025-04-13T17:41:45.609+0000] {processor.py:161} INFO - Started process (PID=5902) to work on /home/airflow/.local/lib/python3.8/site-packages/airflow/example_dags/example_task_group.py
[2025-04-13T17:41:45.611+0000] {processor.py:830} INFO - Processing file /home/airflow/.local/lib/python3.8/site-packages/airflow/example_dags/example_task_group.py for tasks to queue
[2025-04-13T17:41:45.614+0000] {logging_mixin.py:188} INFO - [2025-04-13T17:41:45.613+0000] {dagbag.py:538} INFO - Filling up the DagBag from /home/airflow/.local/lib/python3.8/site-packages/airflow/example_dags/example_task_group.py
[2025-04-13T17:41:45.631+0000] {processor.py:840} INFO - DAG(s) 'example_task_group' retrieved from /home/airflow/.local/lib/python3.8/site-packages/airflow/example_dags/example_task_group.py
[2025-04-13T17:41:45.667+0000] {logging_mixin.py:188} INFO - [2025-04-13T17:41:45.667+0000] {dag.py:3036} INFO - Sync 1 DAGs
[2025-04-13T17:41:45.704+0000] {logging_mixin.py:188} INFO - [2025-04-13T17:41:45.703+0000] {dag.py:3823} INFO - Setting next_dagrun for example_task_group to 2025-04-12 00:00:00+00:00, run_after=2025-04-13 00:00:00+00:00
[2025-04-13T17:41:45.735+0000] {processor.py:183} INFO - Processing /home/airflow/.local/lib/python3.8/site-packages/airflow/example_dags/example_task_group.py took 0.132 seconds
[2025-04-13T17:42:16.179+0000] {processor.py:161} INFO - Started process (PID=5957) to work on /home/airflow/.local/lib/python3.8/site-packages/airflow/example_dags/example_task_group.py
[2025-04-13T17:42:16.180+0000] {processor.py:830} INFO - Processing file /home/airflow/.local/lib/python3.8/site-packages/airflow/example_dags/example_task_group.py for tasks to queue
[2025-04-13T17:42:16.184+0000] {logging_mixin.py:188} INFO - [2025-04-13T17:42:16.184+0000] {dagbag.py:538} INFO - Filling up the DagBag from /home/airflow/.local/lib/python3.8/site-packages/airflow/example_dags/example_task_group.py
[2025-04-13T17:42:16.195+0000] {processor.py:840} INFO - DAG(s) 'example_task_group' retrieved from /home/airflow/.local/lib/python3.8/site-packages/airflow/example_dags/example_task_group.py
[2025-04-13T17:42:16.225+0000] {logging_mixin.py:188} INFO - [2025-04-13T17:42:16.224+0000] {dag.py:3036} INFO - Sync 1 DAGs
[2025-04-13T17:42:16.258+0000] {logging_mixin.py:188} INFO - [2025-04-13T17:42:16.257+0000] {dag.py:3823} INFO - Setting next_dagrun for example_task_group to 2025-04-12 00:00:00+00:00, run_after=2025-04-13 00:00:00+00:00
[2025-04-13T17:42:16.289+0000] {processor.py:183} INFO - Processing /home/airflow/.local/lib/python3.8/site-packages/airflow/example_dags/example_task_group.py took 0.114 seconds
[2025-04-13T17:42:46.501+0000] {processor.py:161} INFO - Started process (PID=6014) to work on /home/airflow/.local/lib/python3.8/site-packages/airflow/example_dags/example_task_group.py
[2025-04-13T17:42:46.503+0000] {processor.py:830} INFO - Processing file /home/airflow/.local/lib/python3.8/site-packages/airflow/example_dags/example_task_group.py for tasks to queue
[2025-04-13T17:42:46.509+0000] {logging_mixin.py:188} INFO - [2025-04-13T17:42:46.508+0000] {dagbag.py:538} INFO - Filling up the DagBag from /home/airflow/.local/lib/python3.8/site-packages/airflow/example_dags/example_task_group.py
[2025-04-13T17:42:46.520+0000] {processor.py:840} INFO - DAG(s) 'example_task_group' retrieved from /home/airflow/.local/lib/python3.8/site-packages/airflow/example_dags/example_task_group.py
[2025-04-13T17:42:46.554+0000] {logging_mixin.py:188} INFO - [2025-04-13T17:42:46.553+0000] {dag.py:3036} INFO - Sync 1 DAGs
[2025-04-13T17:42:46.586+0000] {logging_mixin.py:188} INFO - [2025-04-13T17:42:46.586+0000] {dag.py:3823} INFO - Setting next_dagrun for example_task_group to 2025-04-12 00:00:00+00:00, run_after=2025-04-13 00:00:00+00:00
[2025-04-13T17:42:46.615+0000] {processor.py:183} INFO - Processing /home/airflow/.local/lib/python3.8/site-packages/airflow/example_dags/example_task_group.py took 0.120 seconds
[2025-04-13T17:43:17.242+0000] {processor.py:161} INFO - Started process (PID=6070) to work on /home/airflow/.local/lib/python3.8/site-packages/airflow/example_dags/example_task_group.py
[2025-04-13T17:43:17.243+0000] {processor.py:830} INFO - Processing file /home/airflow/.local/lib/python3.8/site-packages/airflow/example_dags/example_task_group.py for tasks to queue
[2025-04-13T17:43:17.246+0000] {logging_mixin.py:188} INFO - [2025-04-13T17:43:17.246+0000] {dagbag.py:538} INFO - Filling up the DagBag from /home/airflow/.local/lib/python3.8/site-packages/airflow/example_dags/example_task_group.py
[2025-04-13T17:43:17.260+0000] {processor.py:840} INFO - DAG(s) 'example_task_group' retrieved from /home/airflow/.local/lib/python3.8/site-packages/airflow/example_dags/example_task_group.py
[2025-04-13T17:43:17.293+0000] {logging_mixin.py:188} INFO - [2025-04-13T17:43:17.293+0000] {dag.py:3036} INFO - Sync 1 DAGs
[2025-04-13T17:43:17.323+0000] {logging_mixin.py:188} INFO - [2025-04-13T17:43:17.322+0000] {dag.py:3823} INFO - Setting next_dagrun for example_task_group to 2025-04-12 00:00:00+00:00, run_after=2025-04-13 00:00:00+00:00
[2025-04-13T17:43:17.388+0000] {processor.py:183} INFO - Processing /home/airflow/.local/lib/python3.8/site-packages/airflow/example_dags/example_task_group.py took 0.153 seconds
[2025-04-13T17:43:47.667+0000] {processor.py:161} INFO - Started process (PID=6126) to work on /home/airflow/.local/lib/python3.8/site-packages/airflow/example_dags/example_task_group.py
[2025-04-13T17:43:47.669+0000] {processor.py:830} INFO - Processing file /home/airflow/.local/lib/python3.8/site-packages/airflow/example_dags/example_task_group.py for tasks to queue
[2025-04-13T17:43:47.675+0000] {logging_mixin.py:188} INFO - [2025-04-13T17:43:47.674+0000] {dagbag.py:538} INFO - Filling up the DagBag from /home/airflow/.local/lib/python3.8/site-packages/airflow/example_dags/example_task_group.py
[2025-04-13T17:43:47.709+0000] {processor.py:840} INFO - DAG(s) 'example_task_group' retrieved from /home/airflow/.local/lib/python3.8/site-packages/airflow/example_dags/example_task_group.py
[2025-04-13T17:43:47.764+0000] {logging_mixin.py:188} INFO - [2025-04-13T17:43:47.763+0000] {dag.py:3036} INFO - Sync 1 DAGs
[2025-04-13T17:43:47.812+0000] {logging_mixin.py:188} INFO - [2025-04-13T17:43:47.812+0000] {dag.py:3823} INFO - Setting next_dagrun for example_task_group to 2025-04-12 00:00:00+00:00, run_after=2025-04-13 00:00:00+00:00
[2025-04-13T17:43:47.850+0000] {processor.py:183} INFO - Processing /home/airflow/.local/lib/python3.8/site-packages/airflow/example_dags/example_task_group.py took 0.189 seconds
[2025-04-13T17:44:18.308+0000] {processor.py:161} INFO - Started process (PID=6182) to work on /home/airflow/.local/lib/python3.8/site-packages/airflow/example_dags/example_task_group.py
[2025-04-13T17:44:18.310+0000] {processor.py:830} INFO - Processing file /home/airflow/.local/lib/python3.8/site-packages/airflow/example_dags/example_task_group.py for tasks to queue
[2025-04-13T17:44:18.315+0000] {logging_mixin.py:188} INFO - [2025-04-13T17:44:18.314+0000] {dagbag.py:538} INFO - Filling up the DagBag from /home/airflow/.local/lib/python3.8/site-packages/airflow/example_dags/example_task_group.py
[2025-04-13T17:44:18.327+0000] {processor.py:840} INFO - DAG(s) 'example_task_group' retrieved from /home/airflow/.local/lib/python3.8/site-packages/airflow/example_dags/example_task_group.py
[2025-04-13T17:44:18.363+0000] {logging_mixin.py:188} INFO - [2025-04-13T17:44:18.363+0000] {dag.py:3036} INFO - Sync 1 DAGs
[2025-04-13T17:44:18.396+0000] {logging_mixin.py:188} INFO - [2025-04-13T17:44:18.396+0000] {dag.py:3823} INFO - Setting next_dagrun for example_task_group to 2025-04-12 00:00:00+00:00, run_after=2025-04-13 00:00:00+00:00
[2025-04-13T17:44:18.470+0000] {processor.py:183} INFO - Processing /home/airflow/.local/lib/python3.8/site-packages/airflow/example_dags/example_task_group.py took 0.167 seconds
[2025-04-13T17:44:48.699+0000] {processor.py:161} INFO - Started process (PID=6238) to work on /home/airflow/.local/lib/python3.8/site-packages/airflow/example_dags/example_task_group.py
[2025-04-13T17:44:48.701+0000] {processor.py:830} INFO - Processing file /home/airflow/.local/lib/python3.8/site-packages/airflow/example_dags/example_task_group.py for tasks to queue
[2025-04-13T17:44:48.706+0000] {logging_mixin.py:188} INFO - [2025-04-13T17:44:48.705+0000] {dagbag.py:538} INFO - Filling up the DagBag from /home/airflow/.local/lib/python3.8/site-packages/airflow/example_dags/example_task_group.py
[2025-04-13T17:44:48.719+0000] {processor.py:840} INFO - DAG(s) 'example_task_group' retrieved from /home/airflow/.local/lib/python3.8/site-packages/airflow/example_dags/example_task_group.py
[2025-04-13T17:44:48.748+0000] {logging_mixin.py:188} INFO - [2025-04-13T17:44:48.748+0000] {dag.py:3036} INFO - Sync 1 DAGs
[2025-04-13T17:44:48.782+0000] {logging_mixin.py:188} INFO - [2025-04-13T17:44:48.781+0000] {dag.py:3823} INFO - Setting next_dagrun for example_task_group to 2025-04-12 00:00:00+00:00, run_after=2025-04-13 00:00:00+00:00
[2025-04-13T17:44:48.812+0000] {processor.py:183} INFO - Processing /home/airflow/.local/lib/python3.8/site-packages/airflow/example_dags/example_task_group.py took 0.118 seconds
[2025-04-13T17:45:19.384+0000] {processor.py:161} INFO - Started process (PID=6294) to work on /home/airflow/.local/lib/python3.8/site-packages/airflow/example_dags/example_task_group.py
[2025-04-13T17:45:19.386+0000] {processor.py:830} INFO - Processing file /home/airflow/.local/lib/python3.8/site-packages/airflow/example_dags/example_task_group.py for tasks to queue
[2025-04-13T17:45:19.389+0000] {logging_mixin.py:188} INFO - [2025-04-13T17:45:19.389+0000] {dagbag.py:538} INFO - Filling up the DagBag from /home/airflow/.local/lib/python3.8/site-packages/airflow/example_dags/example_task_group.py
[2025-04-13T17:45:19.401+0000] {processor.py:840} INFO - DAG(s) 'example_task_group' retrieved from /home/airflow/.local/lib/python3.8/site-packages/airflow/example_dags/example_task_group.py
[2025-04-13T17:45:19.435+0000] {logging_mixin.py:188} INFO - [2025-04-13T17:45:19.435+0000] {dag.py:3036} INFO - Sync 1 DAGs
[2025-04-13T17:45:19.466+0000] {logging_mixin.py:188} INFO - [2025-04-13T17:45:19.466+0000] {dag.py:3823} INFO - Setting next_dagrun for example_task_group to 2025-04-12 00:00:00+00:00, run_after=2025-04-13 00:00:00+00:00
[2025-04-13T17:45:19.532+0000] {processor.py:183} INFO - Processing /home/airflow/.local/lib/python3.8/site-packages/airflow/example_dags/example_task_group.py took 0.153 seconds
[2025-04-13T17:45:49.920+0000] {processor.py:161} INFO - Started process (PID=6351) to work on /home/airflow/.local/lib/python3.8/site-packages/airflow/example_dags/example_task_group.py
[2025-04-13T17:45:49.922+0000] {processor.py:830} INFO - Processing file /home/airflow/.local/lib/python3.8/site-packages/airflow/example_dags/example_task_group.py for tasks to queue
[2025-04-13T17:45:49.926+0000] {logging_mixin.py:188} INFO - [2025-04-13T17:45:49.925+0000] {dagbag.py:538} INFO - Filling up the DagBag from /home/airflow/.local/lib/python3.8/site-packages/airflow/example_dags/example_task_group.py
[2025-04-13T17:45:49.942+0000] {processor.py:840} INFO - DAG(s) 'example_task_group' retrieved from /home/airflow/.local/lib/python3.8/site-packages/airflow/example_dags/example_task_group.py
[2025-04-13T17:45:49.981+0000] {logging_mixin.py:188} INFO - [2025-04-13T17:45:49.981+0000] {dag.py:3036} INFO - Sync 1 DAGs
[2025-04-13T17:45:50.014+0000] {logging_mixin.py:188} INFO - [2025-04-13T17:45:50.014+0000] {dag.py:3823} INFO - Setting next_dagrun for example_task_group to 2025-04-12 00:00:00+00:00, run_after=2025-04-13 00:00:00+00:00
[2025-04-13T17:45:50.055+0000] {processor.py:183} INFO - Processing /home/airflow/.local/lib/python3.8/site-packages/airflow/example_dags/example_task_group.py took 0.141 seconds
[2025-04-13T17:46:20.565+0000] {processor.py:161} INFO - Started process (PID=6407) to work on /home/airflow/.local/lib/python3.8/site-packages/airflow/example_dags/example_task_group.py
[2025-04-13T17:46:20.567+0000] {processor.py:830} INFO - Processing file /home/airflow/.local/lib/python3.8/site-packages/airflow/example_dags/example_task_group.py for tasks to queue
[2025-04-13T17:46:20.570+0000] {logging_mixin.py:188} INFO - [2025-04-13T17:46:20.569+0000] {dagbag.py:538} INFO - Filling up the DagBag from /home/airflow/.local/lib/python3.8/site-packages/airflow/example_dags/example_task_group.py
[2025-04-13T17:46:20.583+0000] {processor.py:840} INFO - DAG(s) 'example_task_group' retrieved from /home/airflow/.local/lib/python3.8/site-packages/airflow/example_dags/example_task_group.py
[2025-04-13T17:46:20.615+0000] {logging_mixin.py:188} INFO - [2025-04-13T17:46:20.615+0000] {dag.py:3036} INFO - Sync 1 DAGs
[2025-04-13T17:46:20.647+0000] {logging_mixin.py:188} INFO - [2025-04-13T17:46:20.647+0000] {dag.py:3823} INFO - Setting next_dagrun for example_task_group to 2025-04-12 00:00:00+00:00, run_after=2025-04-13 00:00:00+00:00
[2025-04-13T17:46:20.712+0000] {processor.py:183} INFO - Processing /home/airflow/.local/lib/python3.8/site-packages/airflow/example_dags/example_task_group.py took 0.153 seconds
[2025-04-13T17:46:50.873+0000] {processor.py:161} INFO - Started process (PID=6464) to work on /home/airflow/.local/lib/python3.8/site-packages/airflow/example_dags/example_task_group.py
[2025-04-13T17:46:50.874+0000] {processor.py:830} INFO - Processing file /home/airflow/.local/lib/python3.8/site-packages/airflow/example_dags/example_task_group.py for tasks to queue
[2025-04-13T17:46:50.878+0000] {logging_mixin.py:188} INFO - [2025-04-13T17:46:50.877+0000] {dagbag.py:538} INFO - Filling up the DagBag from /home/airflow/.local/lib/python3.8/site-packages/airflow/example_dags/example_task_group.py
[2025-04-13T17:46:50.895+0000] {processor.py:840} INFO - DAG(s) 'example_task_group' retrieved from /home/airflow/.local/lib/python3.8/site-packages/airflow/example_dags/example_task_group.py
[2025-04-13T17:46:50.930+0000] {logging_mixin.py:188} INFO - [2025-04-13T17:46:50.930+0000] {dag.py:3036} INFO - Sync 1 DAGs
[2025-04-13T17:46:50.962+0000] {logging_mixin.py:188} INFO - [2025-04-13T17:46:50.961+0000] {dag.py:3823} INFO - Setting next_dagrun for example_task_group to 2025-04-12 00:00:00+00:00, run_after=2025-04-13 00:00:00+00:00
[2025-04-13T17:46:51.014+0000] {processor.py:183} INFO - Processing /home/airflow/.local/lib/python3.8/site-packages/airflow/example_dags/example_task_group.py took 0.148 seconds
[2025-04-13T17:47:21.060+0000] {processor.py:161} INFO - Started process (PID=6519) to work on /home/airflow/.local/lib/python3.8/site-packages/airflow/example_dags/example_task_group.py
[2025-04-13T17:47:21.062+0000] {processor.py:830} INFO - Processing file /home/airflow/.local/lib/python3.8/site-packages/airflow/example_dags/example_task_group.py for tasks to queue
[2025-04-13T17:47:21.064+0000] {logging_mixin.py:188} INFO - [2025-04-13T17:47:21.063+0000] {dagbag.py:538} INFO - Filling up the DagBag from /home/airflow/.local/lib/python3.8/site-packages/airflow/example_dags/example_task_group.py
[2025-04-13T17:47:21.073+0000] {processor.py:840} INFO - DAG(s) 'example_task_group' retrieved from /home/airflow/.local/lib/python3.8/site-packages/airflow/example_dags/example_task_group.py
[2025-04-13T17:47:21.104+0000] {logging_mixin.py:188} INFO - [2025-04-13T17:47:21.104+0000] {dag.py:3036} INFO - Sync 1 DAGs
[2025-04-13T17:47:21.135+0000] {logging_mixin.py:188} INFO - [2025-04-13T17:47:21.135+0000] {dag.py:3823} INFO - Setting next_dagrun for example_task_group to 2025-04-12 00:00:00+00:00, run_after=2025-04-13 00:00:00+00:00
[2025-04-13T17:47:21.169+0000] {processor.py:183} INFO - Processing /home/airflow/.local/lib/python3.8/site-packages/airflow/example_dags/example_task_group.py took 0.113 seconds
[2025-04-13T17:47:51.589+0000] {processor.py:161} INFO - Started process (PID=6576) to work on /home/airflow/.local/lib/python3.8/site-packages/airflow/example_dags/example_task_group.py
[2025-04-13T17:47:51.591+0000] {processor.py:830} INFO - Processing file /home/airflow/.local/lib/python3.8/site-packages/airflow/example_dags/example_task_group.py for tasks to queue
[2025-04-13T17:47:51.596+0000] {logging_mixin.py:188} INFO - [2025-04-13T17:47:51.595+0000] {dagbag.py:538} INFO - Filling up the DagBag from /home/airflow/.local/lib/python3.8/site-packages/airflow/example_dags/example_task_group.py
[2025-04-13T17:47:51.612+0000] {processor.py:840} INFO - DAG(s) 'example_task_group' retrieved from /home/airflow/.local/lib/python3.8/site-packages/airflow/example_dags/example_task_group.py
[2025-04-13T17:47:51.651+0000] {logging_mixin.py:188} INFO - [2025-04-13T17:47:51.651+0000] {dag.py:3036} INFO - Sync 1 DAGs
[2025-04-13T17:47:51.693+0000] {logging_mixin.py:188} INFO - [2025-04-13T17:47:51.692+0000] {dag.py:3823} INFO - Setting next_dagrun for example_task_group to 2025-04-12 00:00:00+00:00, run_after=2025-04-13 00:00:00+00:00
[2025-04-13T17:47:51.729+0000] {processor.py:183} INFO - Processing /home/airflow/.local/lib/python3.8/site-packages/airflow/example_dags/example_task_group.py took 0.148 seconds
[2025-04-13T17:48:22.449+0000] {processor.py:161} INFO - Started process (PID=6632) to work on /home/airflow/.local/lib/python3.8/site-packages/airflow/example_dags/example_task_group.py
[2025-04-13T17:48:22.451+0000] {processor.py:830} INFO - Processing file /home/airflow/.local/lib/python3.8/site-packages/airflow/example_dags/example_task_group.py for tasks to queue
[2025-04-13T17:48:22.455+0000] {logging_mixin.py:188} INFO - [2025-04-13T17:48:22.454+0000] {dagbag.py:538} INFO - Filling up the DagBag from /home/airflow/.local/lib/python3.8/site-packages/airflow/example_dags/example_task_group.py
[2025-04-13T17:48:22.478+0000] {processor.py:840} INFO - DAG(s) 'example_task_group' retrieved from /home/airflow/.local/lib/python3.8/site-packages/airflow/example_dags/example_task_group.py
[2025-04-13T17:48:22.522+0000] {logging_mixin.py:188} INFO - [2025-04-13T17:48:22.522+0000] {dag.py:3036} INFO - Sync 1 DAGs
[2025-04-13T17:48:22.565+0000] {logging_mixin.py:188} INFO - [2025-04-13T17:48:22.565+0000] {dag.py:3823} INFO - Setting next_dagrun for example_task_group to 2025-04-12 00:00:00+00:00, run_after=2025-04-13 00:00:00+00:00
[2025-04-13T17:48:22.688+0000] {processor.py:183} INFO - Processing /home/airflow/.local/lib/python3.8/site-packages/airflow/example_dags/example_task_group.py took 0.242 seconds
[2025-04-13T17:48:52.797+0000] {processor.py:161} INFO - Started process (PID=6688) to work on /home/airflow/.local/lib/python3.8/site-packages/airflow/example_dags/example_task_group.py
[2025-04-13T17:48:52.800+0000] {processor.py:830} INFO - Processing file /home/airflow/.local/lib/python3.8/site-packages/airflow/example_dags/example_task_group.py for tasks to queue
[2025-04-13T17:48:52.804+0000] {logging_mixin.py:188} INFO - [2025-04-13T17:48:52.804+0000] {dagbag.py:538} INFO - Filling up the DagBag from /home/airflow/.local/lib/python3.8/site-packages/airflow/example_dags/example_task_group.py
[2025-04-13T17:48:52.819+0000] {processor.py:840} INFO - DAG(s) 'example_task_group' retrieved from /home/airflow/.local/lib/python3.8/site-packages/airflow/example_dags/example_task_group.py
[2025-04-13T17:48:52.890+0000] {logging_mixin.py:188} INFO - [2025-04-13T17:48:52.889+0000] {dag.py:3036} INFO - Sync 1 DAGs
[2025-04-13T17:48:53.022+0000] {logging_mixin.py:188} INFO - [2025-04-13T17:48:53.021+0000] {dag.py:3823} INFO - Setting next_dagrun for example_task_group to 2025-04-12 00:00:00+00:00, run_after=2025-04-13 00:00:00+00:00
[2025-04-13T17:48:53.100+0000] {processor.py:183} INFO - Processing /home/airflow/.local/lib/python3.8/site-packages/airflow/example_dags/example_task_group.py took 0.309 seconds
[2025-04-13T17:49:23.388+0000] {processor.py:161} INFO - Started process (PID=6736) to work on /home/airflow/.local/lib/python3.8/site-packages/airflow/example_dags/example_task_group.py
[2025-04-13T17:49:23.389+0000] {processor.py:830} INFO - Processing file /home/airflow/.local/lib/python3.8/site-packages/airflow/example_dags/example_task_group.py for tasks to queue
[2025-04-13T17:49:23.393+0000] {logging_mixin.py:188} INFO - [2025-04-13T17:49:23.392+0000] {dagbag.py:538} INFO - Filling up the DagBag from /home/airflow/.local/lib/python3.8/site-packages/airflow/example_dags/example_task_group.py
[2025-04-13T17:49:23.407+0000] {processor.py:840} INFO - DAG(s) 'example_task_group' retrieved from /home/airflow/.local/lib/python3.8/site-packages/airflow/example_dags/example_task_group.py
[2025-04-13T17:49:23.441+0000] {logging_mixin.py:188} INFO - [2025-04-13T17:49:23.440+0000] {dag.py:3036} INFO - Sync 1 DAGs
[2025-04-13T17:49:23.475+0000] {logging_mixin.py:188} INFO - [2025-04-13T17:49:23.474+0000] {dag.py:3823} INFO - Setting next_dagrun for example_task_group to 2025-04-12 00:00:00+00:00, run_after=2025-04-13 00:00:00+00:00
[2025-04-13T17:49:23.548+0000] {processor.py:183} INFO - Processing /home/airflow/.local/lib/python3.8/site-packages/airflow/example_dags/example_task_group.py took 0.166 seconds
[2025-04-13T17:49:57.255+0000] {processor.py:161} INFO - Started process (PID=6794) to work on /home/airflow/.local/lib/python3.8/site-packages/airflow/example_dags/example_task_group.py
[2025-04-13T17:49:57.257+0000] {processor.py:830} INFO - Processing file /home/airflow/.local/lib/python3.8/site-packages/airflow/example_dags/example_task_group.py for tasks to queue
[2025-04-13T17:49:57.261+0000] {logging_mixin.py:188} INFO - [2025-04-13T17:49:57.260+0000] {dagbag.py:538} INFO - Filling up the DagBag from /home/airflow/.local/lib/python3.8/site-packages/airflow/example_dags/example_task_group.py
[2025-04-13T17:49:57.275+0000] {processor.py:840} INFO - DAG(s) 'example_task_group' retrieved from /home/airflow/.local/lib/python3.8/site-packages/airflow/example_dags/example_task_group.py
[2025-04-13T17:49:57.369+0000] {logging_mixin.py:188} INFO - [2025-04-13T17:49:57.368+0000] {dag.py:3036} INFO - Sync 1 DAGs
[2025-04-13T17:49:57.409+0000] {logging_mixin.py:188} INFO - [2025-04-13T17:49:57.408+0000] {dag.py:3823} INFO - Setting next_dagrun for example_task_group to 2025-04-12 00:00:00+00:00, run_after=2025-04-13 00:00:00+00:00
[2025-04-13T17:49:57.476+0000] {processor.py:183} INFO - Processing /home/airflow/.local/lib/python3.8/site-packages/airflow/example_dags/example_task_group.py took 0.226 seconds
[2025-04-13T17:50:28.439+0000] {processor.py:161} INFO - Started process (PID=6844) to work on /home/airflow/.local/lib/python3.8/site-packages/airflow/example_dags/example_task_group.py
[2025-04-13T17:50:28.440+0000] {processor.py:830} INFO - Processing file /home/airflow/.local/lib/python3.8/site-packages/airflow/example_dags/example_task_group.py for tasks to queue
[2025-04-13T17:50:28.452+0000] {logging_mixin.py:188} INFO - [2025-04-13T17:50:28.451+0000] {dagbag.py:538} INFO - Filling up the DagBag from /home/airflow/.local/lib/python3.8/site-packages/airflow/example_dags/example_task_group.py
[2025-04-13T17:50:28.482+0000] {processor.py:840} INFO - DAG(s) 'example_task_group' retrieved from /home/airflow/.local/lib/python3.8/site-packages/airflow/example_dags/example_task_group.py
[2025-04-13T17:50:28.559+0000] {logging_mixin.py:188} INFO - [2025-04-13T17:50:28.559+0000] {dag.py:3036} INFO - Sync 1 DAGs
[2025-04-13T17:50:28.586+0000] {logging_mixin.py:188} INFO - [2025-04-13T17:50:28.586+0000] {dag.py:3823} INFO - Setting next_dagrun for example_task_group to 2025-04-12 00:00:00+00:00, run_after=2025-04-13 00:00:00+00:00
[2025-04-13T17:50:28.609+0000] {processor.py:183} INFO - Processing /home/airflow/.local/lib/python3.8/site-packages/airflow/example_dags/example_task_group.py took 0.177 seconds
[2025-04-13T17:51:03.601+0000] {processor.py:161} INFO - Started process (PID=6906) to work on /home/airflow/.local/lib/python3.8/site-packages/airflow/example_dags/example_task_group.py
[2025-04-13T17:51:03.603+0000] {processor.py:830} INFO - Processing file /home/airflow/.local/lib/python3.8/site-packages/airflow/example_dags/example_task_group.py for tasks to queue
[2025-04-13T17:51:03.607+0000] {logging_mixin.py:188} INFO - [2025-04-13T17:51:03.606+0000] {dagbag.py:538} INFO - Filling up the DagBag from /home/airflow/.local/lib/python3.8/site-packages/airflow/example_dags/example_task_group.py
[2025-04-13T17:51:03.621+0000] {processor.py:840} INFO - DAG(s) 'example_task_group' retrieved from /home/airflow/.local/lib/python3.8/site-packages/airflow/example_dags/example_task_group.py
[2025-04-13T17:51:03.707+0000] {logging_mixin.py:188} INFO - [2025-04-13T17:51:03.702+0000] {dag.py:3036} INFO - Sync 1 DAGs
[2025-04-13T17:51:03.789+0000] {logging_mixin.py:188} INFO - [2025-04-13T17:51:03.789+0000] {dag.py:3823} INFO - Setting next_dagrun for example_task_group to 2025-04-12 00:00:00+00:00, run_after=2025-04-13 00:00:00+00:00
[2025-04-13T17:51:03.826+0000] {processor.py:183} INFO - Processing /home/airflow/.local/lib/python3.8/site-packages/airflow/example_dags/example_task_group.py took 0.231 seconds
[2025-04-13T17:51:34.077+0000] {processor.py:161} INFO - Started process (PID=6955) to work on /home/airflow/.local/lib/python3.8/site-packages/airflow/example_dags/example_task_group.py
[2025-04-13T17:51:34.080+0000] {processor.py:830} INFO - Processing file /home/airflow/.local/lib/python3.8/site-packages/airflow/example_dags/example_task_group.py for tasks to queue
[2025-04-13T17:51:34.083+0000] {logging_mixin.py:188} INFO - [2025-04-13T17:51:34.082+0000] {dagbag.py:538} INFO - Filling up the DagBag from /home/airflow/.local/lib/python3.8/site-packages/airflow/example_dags/example_task_group.py
[2025-04-13T17:51:34.095+0000] {processor.py:840} INFO - DAG(s) 'example_task_group' retrieved from /home/airflow/.local/lib/python3.8/site-packages/airflow/example_dags/example_task_group.py
[2025-04-13T17:51:34.134+0000] {logging_mixin.py:188} INFO - [2025-04-13T17:51:34.133+0000] {dag.py:3036} INFO - Sync 1 DAGs
[2025-04-13T17:51:34.174+0000] {logging_mixin.py:188} INFO - [2025-04-13T17:51:34.174+0000] {dag.py:3823} INFO - Setting next_dagrun for example_task_group to 2025-04-12 00:00:00+00:00, run_after=2025-04-13 00:00:00+00:00
[2025-04-13T17:51:34.244+0000] {processor.py:183} INFO - Processing /home/airflow/.local/lib/python3.8/site-packages/airflow/example_dags/example_task_group.py took 0.174 seconds
[2025-04-13T17:52:04.779+0000] {processor.py:161} INFO - Started process (PID=7001) to work on /home/airflow/.local/lib/python3.8/site-packages/airflow/example_dags/example_task_group.py
[2025-04-13T17:52:04.780+0000] {processor.py:830} INFO - Processing file /home/airflow/.local/lib/python3.8/site-packages/airflow/example_dags/example_task_group.py for tasks to queue
[2025-04-13T17:52:04.783+0000] {logging_mixin.py:188} INFO - [2025-04-13T17:52:04.783+0000] {dagbag.py:538} INFO - Filling up the DagBag from /home/airflow/.local/lib/python3.8/site-packages/airflow/example_dags/example_task_group.py
[2025-04-13T17:52:04.793+0000] {processor.py:840} INFO - DAG(s) 'example_task_group' retrieved from /home/airflow/.local/lib/python3.8/site-packages/airflow/example_dags/example_task_group.py
[2025-04-13T17:52:04.827+0000] {logging_mixin.py:188} INFO - [2025-04-13T17:52:04.827+0000] {dag.py:3036} INFO - Sync 1 DAGs
[2025-04-13T17:52:04.863+0000] {logging_mixin.py:188} INFO - [2025-04-13T17:52:04.862+0000] {dag.py:3823} INFO - Setting next_dagrun for example_task_group to 2025-04-12 00:00:00+00:00, run_after=2025-04-13 00:00:00+00:00
[2025-04-13T17:52:04.890+0000] {processor.py:183} INFO - Processing /home/airflow/.local/lib/python3.8/site-packages/airflow/example_dags/example_task_group.py took 0.116 seconds
[2025-04-13T17:52:35.406+0000] {processor.py:161} INFO - Started process (PID=7042) to work on /home/airflow/.local/lib/python3.8/site-packages/airflow/example_dags/example_task_group.py
[2025-04-13T17:52:35.407+0000] {processor.py:830} INFO - Processing file /home/airflow/.local/lib/python3.8/site-packages/airflow/example_dags/example_task_group.py for tasks to queue
[2025-04-13T17:52:35.411+0000] {logging_mixin.py:188} INFO - [2025-04-13T17:52:35.411+0000] {dagbag.py:538} INFO - Filling up the DagBag from /home/airflow/.local/lib/python3.8/site-packages/airflow/example_dags/example_task_group.py
[2025-04-13T17:52:35.422+0000] {processor.py:840} INFO - DAG(s) 'example_task_group' retrieved from /home/airflow/.local/lib/python3.8/site-packages/airflow/example_dags/example_task_group.py
[2025-04-13T17:52:35.458+0000] {logging_mixin.py:188} INFO - [2025-04-13T17:52:35.458+0000] {dag.py:3036} INFO - Sync 1 DAGs
[2025-04-13T17:52:35.516+0000] {logging_mixin.py:188} INFO - [2025-04-13T17:52:35.515+0000] {dag.py:3823} INFO - Setting next_dagrun for example_task_group to 2025-04-12 00:00:00+00:00, run_after=2025-04-13 00:00:00+00:00
[2025-04-13T17:52:35.567+0000] {processor.py:183} INFO - Processing /home/airflow/.local/lib/python3.8/site-packages/airflow/example_dags/example_task_group.py took 0.165 seconds
[2025-04-13T17:53:07.892+0000] {processor.py:161} INFO - Started process (PID=7098) to work on /home/airflow/.local/lib/python3.8/site-packages/airflow/example_dags/example_task_group.py
[2025-04-13T17:53:07.893+0000] {processor.py:830} INFO - Processing file /home/airflow/.local/lib/python3.8/site-packages/airflow/example_dags/example_task_group.py for tasks to queue
[2025-04-13T17:53:07.896+0000] {logging_mixin.py:188} INFO - [2025-04-13T17:53:07.895+0000] {dagbag.py:538} INFO - Filling up the DagBag from /home/airflow/.local/lib/python3.8/site-packages/airflow/example_dags/example_task_group.py
[2025-04-13T17:53:07.905+0000] {processor.py:840} INFO - DAG(s) 'example_task_group' retrieved from /home/airflow/.local/lib/python3.8/site-packages/airflow/example_dags/example_task_group.py
[2025-04-13T17:53:07.935+0000] {logging_mixin.py:188} INFO - [2025-04-13T17:53:07.935+0000] {dag.py:3036} INFO - Sync 1 DAGs
[2025-04-13T17:53:07.968+0000] {logging_mixin.py:188} INFO - [2025-04-13T17:53:07.968+0000] {dag.py:3823} INFO - Setting next_dagrun for example_task_group to 2025-04-12 00:00:00+00:00, run_after=2025-04-13 00:00:00+00:00
[2025-04-13T17:53:08.070+0000] {processor.py:183} INFO - Processing /home/airflow/.local/lib/python3.8/site-packages/airflow/example_dags/example_task_group.py took 0.183 seconds
[2025-04-13T17:53:40.646+0000] {processor.py:161} INFO - Started process (PID=7154) to work on /home/airflow/.local/lib/python3.8/site-packages/airflow/example_dags/example_task_group.py
[2025-04-13T17:53:40.649+0000] {processor.py:830} INFO - Processing file /home/airflow/.local/lib/python3.8/site-packages/airflow/example_dags/example_task_group.py for tasks to queue
[2025-04-13T17:53:40.654+0000] {logging_mixin.py:188} INFO - [2025-04-13T17:53:40.654+0000] {dagbag.py:538} INFO - Filling up the DagBag from /home/airflow/.local/lib/python3.8/site-packages/airflow/example_dags/example_task_group.py
[2025-04-13T17:53:40.668+0000] {processor.py:840} INFO - DAG(s) 'example_task_group' retrieved from /home/airflow/.local/lib/python3.8/site-packages/airflow/example_dags/example_task_group.py
[2025-04-13T17:53:40.699+0000] {logging_mixin.py:188} INFO - [2025-04-13T17:53:40.699+0000] {dag.py:3036} INFO - Sync 1 DAGs
[2025-04-13T17:53:40.733+0000] {logging_mixin.py:188} INFO - [2025-04-13T17:53:40.733+0000] {dag.py:3823} INFO - Setting next_dagrun for example_task_group to 2025-04-12 00:00:00+00:00, run_after=2025-04-13 00:00:00+00:00
[2025-04-13T17:53:40.761+0000] {processor.py:183} INFO - Processing /home/airflow/.local/lib/python3.8/site-packages/airflow/example_dags/example_task_group.py took 0.122 seconds
[2025-04-13T17:54:12.922+0000] {processor.py:161} INFO - Started process (PID=7209) to work on /home/airflow/.local/lib/python3.8/site-packages/airflow/example_dags/example_task_group.py
[2025-04-13T17:54:12.924+0000] {processor.py:830} INFO - Processing file /home/airflow/.local/lib/python3.8/site-packages/airflow/example_dags/example_task_group.py for tasks to queue
[2025-04-13T17:54:12.928+0000] {logging_mixin.py:188} INFO - [2025-04-13T17:54:12.928+0000] {dagbag.py:538} INFO - Filling up the DagBag from /home/airflow/.local/lib/python3.8/site-packages/airflow/example_dags/example_task_group.py
[2025-04-13T17:54:12.941+0000] {processor.py:840} INFO - DAG(s) 'example_task_group' retrieved from /home/airflow/.local/lib/python3.8/site-packages/airflow/example_dags/example_task_group.py
[2025-04-13T17:54:12.972+0000] {logging_mixin.py:188} INFO - [2025-04-13T17:54:12.972+0000] {dag.py:3036} INFO - Sync 1 DAGs
[2025-04-13T17:54:13.003+0000] {logging_mixin.py:188} INFO - [2025-04-13T17:54:13.003+0000] {dag.py:3823} INFO - Setting next_dagrun for example_task_group to 2025-04-12 00:00:00+00:00, run_after=2025-04-13 00:00:00+00:00
[2025-04-13T17:54:13.034+0000] {processor.py:183} INFO - Processing /home/airflow/.local/lib/python3.8/site-packages/airflow/example_dags/example_task_group.py took 0.117 seconds
[2025-04-13T17:54:45.545+0000] {processor.py:161} INFO - Started process (PID=7265) to work on /home/airflow/.local/lib/python3.8/site-packages/airflow/example_dags/example_task_group.py
[2025-04-13T17:54:45.548+0000] {processor.py:830} INFO - Processing file /home/airflow/.local/lib/python3.8/site-packages/airflow/example_dags/example_task_group.py for tasks to queue
[2025-04-13T17:54:45.553+0000] {logging_mixin.py:188} INFO - [2025-04-13T17:54:45.552+0000] {dagbag.py:538} INFO - Filling up the DagBag from /home/airflow/.local/lib/python3.8/site-packages/airflow/example_dags/example_task_group.py
[2025-04-13T17:54:45.582+0000] {processor.py:840} INFO - DAG(s) 'example_task_group' retrieved from /home/airflow/.local/lib/python3.8/site-packages/airflow/example_dags/example_task_group.py
[2025-04-13T17:54:45.640+0000] {logging_mixin.py:188} INFO - [2025-04-13T17:54:45.640+0000] {dag.py:3036} INFO - Sync 1 DAGs
[2025-04-13T17:54:45.732+0000] {logging_mixin.py:188} INFO - [2025-04-13T17:54:45.732+0000] {dag.py:3823} INFO - Setting next_dagrun for example_task_group to 2025-04-12 00:00:00+00:00, run_after=2025-04-13 00:00:00+00:00
[2025-04-13T17:54:45.770+0000] {processor.py:183} INFO - Processing /home/airflow/.local/lib/python3.8/site-packages/airflow/example_dags/example_task_group.py took 0.232 seconds
[2025-04-13T17:55:18.026+0000] {processor.py:161} INFO - Started process (PID=7320) to work on /home/airflow/.local/lib/python3.8/site-packages/airflow/example_dags/example_task_group.py
[2025-04-13T17:55:18.038+0000] {processor.py:830} INFO - Processing file /home/airflow/.local/lib/python3.8/site-packages/airflow/example_dags/example_task_group.py for tasks to queue
[2025-04-13T17:55:18.052+0000] {logging_mixin.py:188} INFO - [2025-04-13T17:55:18.050+0000] {dagbag.py:538} INFO - Filling up the DagBag from /home/airflow/.local/lib/python3.8/site-packages/airflow/example_dags/example_task_group.py
[2025-04-13T17:55:18.101+0000] {processor.py:840} INFO - DAG(s) 'example_task_group' retrieved from /home/airflow/.local/lib/python3.8/site-packages/airflow/example_dags/example_task_group.py
[2025-04-13T17:55:18.186+0000] {logging_mixin.py:188} INFO - [2025-04-13T17:55:18.185+0000] {dag.py:3036} INFO - Sync 1 DAGs
[2025-04-13T17:55:18.221+0000] {logging_mixin.py:188} INFO - [2025-04-13T17:55:18.220+0000] {dag.py:3823} INFO - Setting next_dagrun for example_task_group to 2025-04-12 00:00:00+00:00, run_after=2025-04-13 00:00:00+00:00
[2025-04-13T17:55:18.251+0000] {processor.py:183} INFO - Processing /home/airflow/.local/lib/python3.8/site-packages/airflow/example_dags/example_task_group.py took 0.248 seconds
[2025-04-13T17:55:50.384+0000] {processor.py:161} INFO - Started process (PID=7376) to work on /home/airflow/.local/lib/python3.8/site-packages/airflow/example_dags/example_task_group.py
[2025-04-13T17:55:50.387+0000] {processor.py:830} INFO - Processing file /home/airflow/.local/lib/python3.8/site-packages/airflow/example_dags/example_task_group.py for tasks to queue
[2025-04-13T17:55:50.392+0000] {logging_mixin.py:188} INFO - [2025-04-13T17:55:50.391+0000] {dagbag.py:538} INFO - Filling up the DagBag from /home/airflow/.local/lib/python3.8/site-packages/airflow/example_dags/example_task_group.py
[2025-04-13T17:55:50.412+0000] {processor.py:840} INFO - DAG(s) 'example_task_group' retrieved from /home/airflow/.local/lib/python3.8/site-packages/airflow/example_dags/example_task_group.py
[2025-04-13T17:55:50.447+0000] {logging_mixin.py:188} INFO - [2025-04-13T17:55:50.446+0000] {dag.py:3036} INFO - Sync 1 DAGs
[2025-04-13T17:55:50.477+0000] {logging_mixin.py:188} INFO - [2025-04-13T17:55:50.477+0000] {dag.py:3823} INFO - Setting next_dagrun for example_task_group to 2025-04-12 00:00:00+00:00, run_after=2025-04-13 00:00:00+00:00
[2025-04-13T17:55:50.511+0000] {processor.py:183} INFO - Processing /home/airflow/.local/lib/python3.8/site-packages/airflow/example_dags/example_task_group.py took 0.139 seconds
[2025-04-13T17:56:22.654+0000] {processor.py:161} INFO - Started process (PID=7432) to work on /home/airflow/.local/lib/python3.8/site-packages/airflow/example_dags/example_task_group.py
[2025-04-13T17:56:22.656+0000] {processor.py:830} INFO - Processing file /home/airflow/.local/lib/python3.8/site-packages/airflow/example_dags/example_task_group.py for tasks to queue
[2025-04-13T17:56:22.661+0000] {logging_mixin.py:188} INFO - [2025-04-13T17:56:22.660+0000] {dagbag.py:538} INFO - Filling up the DagBag from /home/airflow/.local/lib/python3.8/site-packages/airflow/example_dags/example_task_group.py
[2025-04-13T17:56:22.675+0000] {processor.py:840} INFO - DAG(s) 'example_task_group' retrieved from /home/airflow/.local/lib/python3.8/site-packages/airflow/example_dags/example_task_group.py
[2025-04-13T17:56:22.708+0000] {logging_mixin.py:188} INFO - [2025-04-13T17:56:22.708+0000] {dag.py:3036} INFO - Sync 1 DAGs
[2025-04-13T17:56:22.744+0000] {logging_mixin.py:188} INFO - [2025-04-13T17:56:22.744+0000] {dag.py:3823} INFO - Setting next_dagrun for example_task_group to 2025-04-12 00:00:00+00:00, run_after=2025-04-13 00:00:00+00:00
[2025-04-13T17:56:22.773+0000] {processor.py:183} INFO - Processing /home/airflow/.local/lib/python3.8/site-packages/airflow/example_dags/example_task_group.py took 0.125 seconds
[2025-04-13T17:56:55.287+0000] {processor.py:161} INFO - Started process (PID=7488) to work on /home/airflow/.local/lib/python3.8/site-packages/airflow/example_dags/example_task_group.py
[2025-04-13T17:56:55.290+0000] {processor.py:830} INFO - Processing file /home/airflow/.local/lib/python3.8/site-packages/airflow/example_dags/example_task_group.py for tasks to queue
[2025-04-13T17:56:55.296+0000] {logging_mixin.py:188} INFO - [2025-04-13T17:56:55.295+0000] {dagbag.py:538} INFO - Filling up the DagBag from /home/airflow/.local/lib/python3.8/site-packages/airflow/example_dags/example_task_group.py
[2025-04-13T17:56:55.314+0000] {processor.py:840} INFO - DAG(s) 'example_task_group' retrieved from /home/airflow/.local/lib/python3.8/site-packages/airflow/example_dags/example_task_group.py
[2025-04-13T17:56:55.349+0000] {logging_mixin.py:188} INFO - [2025-04-13T17:56:55.348+0000] {dag.py:3036} INFO - Sync 1 DAGs
[2025-04-13T17:56:55.384+0000] {logging_mixin.py:188} INFO - [2025-04-13T17:56:55.384+0000] {dag.py:3823} INFO - Setting next_dagrun for example_task_group to 2025-04-12 00:00:00+00:00, run_after=2025-04-13 00:00:00+00:00
[2025-04-13T17:56:55.531+0000] {processor.py:183} INFO - Processing /home/airflow/.local/lib/python3.8/site-packages/airflow/example_dags/example_task_group.py took 0.251 seconds
[2025-04-13T17:57:28.142+0000] {processor.py:161} INFO - Started process (PID=7544) to work on /home/airflow/.local/lib/python3.8/site-packages/airflow/example_dags/example_task_group.py
[2025-04-13T17:57:28.144+0000] {processor.py:830} INFO - Processing file /home/airflow/.local/lib/python3.8/site-packages/airflow/example_dags/example_task_group.py for tasks to queue
[2025-04-13T17:57:28.148+0000] {logging_mixin.py:188} INFO - [2025-04-13T17:57:28.148+0000] {dagbag.py:538} INFO - Filling up the DagBag from /home/airflow/.local/lib/python3.8/site-packages/airflow/example_dags/example_task_group.py
[2025-04-13T17:57:28.160+0000] {processor.py:840} INFO - DAG(s) 'example_task_group' retrieved from /home/airflow/.local/lib/python3.8/site-packages/airflow/example_dags/example_task_group.py
[2025-04-13T17:57:28.192+0000] {logging_mixin.py:188} INFO - [2025-04-13T17:57:28.192+0000] {dag.py:3036} INFO - Sync 1 DAGs
[2025-04-13T17:57:28.225+0000] {logging_mixin.py:188} INFO - [2025-04-13T17:57:28.225+0000] {dag.py:3823} INFO - Setting next_dagrun for example_task_group to 2025-04-12 00:00:00+00:00, run_after=2025-04-13 00:00:00+00:00
[2025-04-13T17:57:28.289+0000] {processor.py:183} INFO - Processing /home/airflow/.local/lib/python3.8/site-packages/airflow/example_dags/example_task_group.py took 0.151 seconds
[2025-04-13T17:57:58.561+0000] {processor.py:161} INFO - Started process (PID=7600) to work on /home/airflow/.local/lib/python3.8/site-packages/airflow/example_dags/example_task_group.py
[2025-04-13T17:57:58.563+0000] {processor.py:830} INFO - Processing file /home/airflow/.local/lib/python3.8/site-packages/airflow/example_dags/example_task_group.py for tasks to queue
[2025-04-13T17:57:58.569+0000] {logging_mixin.py:188} INFO - [2025-04-13T17:57:58.568+0000] {dagbag.py:538} INFO - Filling up the DagBag from /home/airflow/.local/lib/python3.8/site-packages/airflow/example_dags/example_task_group.py
[2025-04-13T17:57:58.582+0000] {processor.py:840} INFO - DAG(s) 'example_task_group' retrieved from /home/airflow/.local/lib/python3.8/site-packages/airflow/example_dags/example_task_group.py
[2025-04-13T17:57:58.615+0000] {logging_mixin.py:188} INFO - [2025-04-13T17:57:58.614+0000] {dag.py:3036} INFO - Sync 1 DAGs
[2025-04-13T17:57:58.648+0000] {logging_mixin.py:188} INFO - [2025-04-13T17:57:58.648+0000] {dag.py:3823} INFO - Setting next_dagrun for example_task_group to 2025-04-12 00:00:00+00:00, run_after=2025-04-13 00:00:00+00:00
[2025-04-13T17:57:58.712+0000] {processor.py:183} INFO - Processing /home/airflow/.local/lib/python3.8/site-packages/airflow/example_dags/example_task_group.py took 0.156 seconds
[2025-04-13T17:58:28.880+0000] {processor.py:161} INFO - Started process (PID=7656) to work on /home/airflow/.local/lib/python3.8/site-packages/airflow/example_dags/example_task_group.py
[2025-04-13T17:58:28.882+0000] {processor.py:830} INFO - Processing file /home/airflow/.local/lib/python3.8/site-packages/airflow/example_dags/example_task_group.py for tasks to queue
[2025-04-13T17:58:28.886+0000] {logging_mixin.py:188} INFO - [2025-04-13T17:58:28.885+0000] {dagbag.py:538} INFO - Filling up the DagBag from /home/airflow/.local/lib/python3.8/site-packages/airflow/example_dags/example_task_group.py
[2025-04-13T17:58:28.906+0000] {processor.py:840} INFO - DAG(s) 'example_task_group' retrieved from /home/airflow/.local/lib/python3.8/site-packages/airflow/example_dags/example_task_group.py
[2025-04-13T17:58:28.946+0000] {logging_mixin.py:188} INFO - [2025-04-13T17:58:28.946+0000] {dag.py:3036} INFO - Sync 1 DAGs
[2025-04-13T17:58:28.977+0000] {logging_mixin.py:188} INFO - [2025-04-13T17:58:28.976+0000] {dag.py:3823} INFO - Setting next_dagrun for example_task_group to 2025-04-12 00:00:00+00:00, run_after=2025-04-13 00:00:00+00:00
[2025-04-13T17:58:29.013+0000] {processor.py:183} INFO - Processing /home/airflow/.local/lib/python3.8/site-packages/airflow/example_dags/example_task_group.py took 0.141 seconds
[2025-04-13T17:59:00.083+0000] {processor.py:161} INFO - Started process (PID=7713) to work on /home/airflow/.local/lib/python3.8/site-packages/airflow/example_dags/example_task_group.py
[2025-04-13T17:59:00.085+0000] {processor.py:830} INFO - Processing file /home/airflow/.local/lib/python3.8/site-packages/airflow/example_dags/example_task_group.py for tasks to queue
[2025-04-13T17:59:00.090+0000] {logging_mixin.py:188} INFO - [2025-04-13T17:59:00.089+0000] {dagbag.py:538} INFO - Filling up the DagBag from /home/airflow/.local/lib/python3.8/site-packages/airflow/example_dags/example_task_group.py
[2025-04-13T17:59:00.105+0000] {processor.py:840} INFO - DAG(s) 'example_task_group' retrieved from /home/airflow/.local/lib/python3.8/site-packages/airflow/example_dags/example_task_group.py
[2025-04-13T17:59:00.144+0000] {logging_mixin.py:188} INFO - [2025-04-13T17:59:00.144+0000] {dag.py:3036} INFO - Sync 1 DAGs
[2025-04-13T17:59:00.180+0000] {logging_mixin.py:188} INFO - [2025-04-13T17:59:00.180+0000] {dag.py:3823} INFO - Setting next_dagrun for example_task_group to 2025-04-12 00:00:00+00:00, run_after=2025-04-13 00:00:00+00:00
[2025-04-13T17:59:00.291+0000] {processor.py:183} INFO - Processing /home/airflow/.local/lib/python3.8/site-packages/airflow/example_dags/example_task_group.py took 0.214 seconds
[2025-04-13T17:59:30.570+0000] {processor.py:161} INFO - Started process (PID=7769) to work on /home/airflow/.local/lib/python3.8/site-packages/airflow/example_dags/example_task_group.py
[2025-04-13T17:59:30.571+0000] {processor.py:830} INFO - Processing file /home/airflow/.local/lib/python3.8/site-packages/airflow/example_dags/example_task_group.py for tasks to queue
[2025-04-13T17:59:30.577+0000] {logging_mixin.py:188} INFO - [2025-04-13T17:59:30.577+0000] {dagbag.py:538} INFO - Filling up the DagBag from /home/airflow/.local/lib/python3.8/site-packages/airflow/example_dags/example_task_group.py
[2025-04-13T17:59:30.592+0000] {processor.py:840} INFO - DAG(s) 'example_task_group' retrieved from /home/airflow/.local/lib/python3.8/site-packages/airflow/example_dags/example_task_group.py
[2025-04-13T17:59:30.636+0000] {logging_mixin.py:188} INFO - [2025-04-13T17:59:30.635+0000] {dag.py:3036} INFO - Sync 1 DAGs
[2025-04-13T17:59:30.720+0000] {logging_mixin.py:188} INFO - [2025-04-13T17:59:30.720+0000] {dag.py:3823} INFO - Setting next_dagrun for example_task_group to 2025-04-12 00:00:00+00:00, run_after=2025-04-13 00:00:00+00:00
[2025-04-13T17:59:30.763+0000] {processor.py:183} INFO - Processing /home/airflow/.local/lib/python3.8/site-packages/airflow/example_dags/example_task_group.py took 0.198 seconds
[2025-04-13T18:00:01.059+0000] {processor.py:161} INFO - Started process (PID=7826) to work on /home/airflow/.local/lib/python3.8/site-packages/airflow/example_dags/example_task_group.py
[2025-04-13T18:00:01.061+0000] {processor.py:830} INFO - Processing file /home/airflow/.local/lib/python3.8/site-packages/airflow/example_dags/example_task_group.py for tasks to queue
[2025-04-13T18:00:01.065+0000] {logging_mixin.py:188} INFO - [2025-04-13T18:00:01.064+0000] {dagbag.py:538} INFO - Filling up the DagBag from /home/airflow/.local/lib/python3.8/site-packages/airflow/example_dags/example_task_group.py
[2025-04-13T18:00:01.080+0000] {processor.py:840} INFO - DAG(s) 'example_task_group' retrieved from /home/airflow/.local/lib/python3.8/site-packages/airflow/example_dags/example_task_group.py
[2025-04-13T18:00:01.112+0000] {logging_mixin.py:188} INFO - [2025-04-13T18:00:01.111+0000] {dag.py:3036} INFO - Sync 1 DAGs
[2025-04-13T18:00:01.147+0000] {logging_mixin.py:188} INFO - [2025-04-13T18:00:01.147+0000] {dag.py:3823} INFO - Setting next_dagrun for example_task_group to 2025-04-12 00:00:00+00:00, run_after=2025-04-13 00:00:00+00:00
[2025-04-13T18:00:01.211+0000] {processor.py:183} INFO - Processing /home/airflow/.local/lib/python3.8/site-packages/airflow/example_dags/example_task_group.py took 0.159 seconds
[2025-04-13T18:00:32.236+0000] {processor.py:161} INFO - Started process (PID=7881) to work on /home/airflow/.local/lib/python3.8/site-packages/airflow/example_dags/example_task_group.py
[2025-04-13T18:00:32.238+0000] {processor.py:830} INFO - Processing file /home/airflow/.local/lib/python3.8/site-packages/airflow/example_dags/example_task_group.py for tasks to queue
[2025-04-13T18:00:32.240+0000] {logging_mixin.py:188} INFO - [2025-04-13T18:00:32.240+0000] {dagbag.py:538} INFO - Filling up the DagBag from /home/airflow/.local/lib/python3.8/site-packages/airflow/example_dags/example_task_group.py
[2025-04-13T18:00:32.250+0000] {processor.py:840} INFO - DAG(s) 'example_task_group' retrieved from /home/airflow/.local/lib/python3.8/site-packages/airflow/example_dags/example_task_group.py
[2025-04-13T18:00:32.279+0000] {logging_mixin.py:188} INFO - [2025-04-13T18:00:32.279+0000] {dag.py:3036} INFO - Sync 1 DAGs
[2025-04-13T18:00:32.312+0000] {logging_mixin.py:188} INFO - [2025-04-13T18:00:32.312+0000] {dag.py:3823} INFO - Setting next_dagrun for example_task_group to 2025-04-12 00:00:00+00:00, run_after=2025-04-13 00:00:00+00:00
[2025-04-13T18:00:32.348+0000] {processor.py:183} INFO - Processing /home/airflow/.local/lib/python3.8/site-packages/airflow/example_dags/example_task_group.py took 0.115 seconds
[2025-04-13T18:01:02.425+0000] {processor.py:161} INFO - Started process (PID=7935) to work on /home/airflow/.local/lib/python3.8/site-packages/airflow/example_dags/example_task_group.py
[2025-04-13T18:01:02.428+0000] {processor.py:830} INFO - Processing file /home/airflow/.local/lib/python3.8/site-packages/airflow/example_dags/example_task_group.py for tasks to queue
[2025-04-13T18:01:02.432+0000] {logging_mixin.py:188} INFO - [2025-04-13T18:01:02.431+0000] {dagbag.py:538} INFO - Filling up the DagBag from /home/airflow/.local/lib/python3.8/site-packages/airflow/example_dags/example_task_group.py
[2025-04-13T18:01:02.445+0000] {processor.py:840} INFO - DAG(s) 'example_task_group' retrieved from /home/airflow/.local/lib/python3.8/site-packages/airflow/example_dags/example_task_group.py
[2025-04-13T18:01:02.478+0000] {logging_mixin.py:188} INFO - [2025-04-13T18:01:02.478+0000] {dag.py:3036} INFO - Sync 1 DAGs
[2025-04-13T18:01:02.510+0000] {logging_mixin.py:188} INFO - [2025-04-13T18:01:02.510+0000] {dag.py:3823} INFO - Setting next_dagrun for example_task_group to 2025-04-12 00:00:00+00:00, run_after=2025-04-13 00:00:00+00:00
[2025-04-13T18:01:02.576+0000] {processor.py:183} INFO - Processing /home/airflow/.local/lib/python3.8/site-packages/airflow/example_dags/example_task_group.py took 0.156 seconds
[2025-04-13T18:01:33.147+0000] {processor.py:161} INFO - Started process (PID=7992) to work on /home/airflow/.local/lib/python3.8/site-packages/airflow/example_dags/example_task_group.py
[2025-04-13T18:01:33.148+0000] {processor.py:830} INFO - Processing file /home/airflow/.local/lib/python3.8/site-packages/airflow/example_dags/example_task_group.py for tasks to queue
[2025-04-13T18:01:33.151+0000] {logging_mixin.py:188} INFO - [2025-04-13T18:01:33.150+0000] {dagbag.py:538} INFO - Filling up the DagBag from /home/airflow/.local/lib/python3.8/site-packages/airflow/example_dags/example_task_group.py
[2025-04-13T18:01:33.161+0000] {processor.py:840} INFO - DAG(s) 'example_task_group' retrieved from /home/airflow/.local/lib/python3.8/site-packages/airflow/example_dags/example_task_group.py
[2025-04-13T18:01:33.193+0000] {logging_mixin.py:188} INFO - [2025-04-13T18:01:33.193+0000] {dag.py:3036} INFO - Sync 1 DAGs
[2025-04-13T18:01:33.219+0000] {logging_mixin.py:188} INFO - [2025-04-13T18:01:33.218+0000] {dag.py:3823} INFO - Setting next_dagrun for example_task_group to 2025-04-12 00:00:00+00:00, run_after=2025-04-13 00:00:00+00:00
[2025-04-13T18:01:33.282+0000] {processor.py:183} INFO - Processing /home/airflow/.local/lib/python3.8/site-packages/airflow/example_dags/example_task_group.py took 0.140 seconds
[2025-04-13T18:02:03.807+0000] {processor.py:161} INFO - Started process (PID=8048) to work on /home/airflow/.local/lib/python3.8/site-packages/airflow/example_dags/example_task_group.py
[2025-04-13T18:02:03.809+0000] {processor.py:830} INFO - Processing file /home/airflow/.local/lib/python3.8/site-packages/airflow/example_dags/example_task_group.py for tasks to queue
[2025-04-13T18:02:03.812+0000] {logging_mixin.py:188} INFO - [2025-04-13T18:02:03.811+0000] {dagbag.py:538} INFO - Filling up the DagBag from /home/airflow/.local/lib/python3.8/site-packages/airflow/example_dags/example_task_group.py
[2025-04-13T18:02:03.822+0000] {processor.py:840} INFO - DAG(s) 'example_task_group' retrieved from /home/airflow/.local/lib/python3.8/site-packages/airflow/example_dags/example_task_group.py
[2025-04-13T18:02:03.851+0000] {logging_mixin.py:188} INFO - [2025-04-13T18:02:03.851+0000] {dag.py:3036} INFO - Sync 1 DAGs
[2025-04-13T18:02:03.892+0000] {logging_mixin.py:188} INFO - [2025-04-13T18:02:03.891+0000] {dag.py:3823} INFO - Setting next_dagrun for example_task_group to 2025-04-12 00:00:00+00:00, run_after=2025-04-13 00:00:00+00:00
[2025-04-13T18:02:03.965+0000] {processor.py:183} INFO - Processing /home/airflow/.local/lib/python3.8/site-packages/airflow/example_dags/example_task_group.py took 0.162 seconds
[2025-04-13T18:02:34.147+0000] {processor.py:161} INFO - Started process (PID=8104) to work on /home/airflow/.local/lib/python3.8/site-packages/airflow/example_dags/example_task_group.py
[2025-04-13T18:02:34.151+0000] {processor.py:830} INFO - Processing file /home/airflow/.local/lib/python3.8/site-packages/airflow/example_dags/example_task_group.py for tasks to queue
[2025-04-13T18:02:34.160+0000] {logging_mixin.py:188} INFO - [2025-04-13T18:02:34.160+0000] {dagbag.py:538} INFO - Filling up the DagBag from /home/airflow/.local/lib/python3.8/site-packages/airflow/example_dags/example_task_group.py
[2025-04-13T18:02:34.182+0000] {processor.py:840} INFO - DAG(s) 'example_task_group' retrieved from /home/airflow/.local/lib/python3.8/site-packages/airflow/example_dags/example_task_group.py
[2025-04-13T18:02:34.240+0000] {logging_mixin.py:188} INFO - [2025-04-13T18:02:34.240+0000] {dag.py:3036} INFO - Sync 1 DAGs
[2025-04-13T18:02:34.314+0000] {logging_mixin.py:188} INFO - [2025-04-13T18:02:34.313+0000] {dag.py:3823} INFO - Setting next_dagrun for example_task_group to 2025-04-12 00:00:00+00:00, run_after=2025-04-13 00:00:00+00:00
[2025-04-13T18:02:34.343+0000] {processor.py:183} INFO - Processing /home/airflow/.local/lib/python3.8/site-packages/airflow/example_dags/example_task_group.py took 0.202 seconds
[2025-04-13T18:03:04.586+0000] {processor.py:161} INFO - Started process (PID=8160) to work on /home/airflow/.local/lib/python3.8/site-packages/airflow/example_dags/example_task_group.py
[2025-04-13T18:03:04.589+0000] {processor.py:830} INFO - Processing file /home/airflow/.local/lib/python3.8/site-packages/airflow/example_dags/example_task_group.py for tasks to queue
[2025-04-13T18:03:04.594+0000] {logging_mixin.py:188} INFO - [2025-04-13T18:03:04.593+0000] {dagbag.py:538} INFO - Filling up the DagBag from /home/airflow/.local/lib/python3.8/site-packages/airflow/example_dags/example_task_group.py
[2025-04-13T18:03:04.613+0000] {processor.py:840} INFO - DAG(s) 'example_task_group' retrieved from /home/airflow/.local/lib/python3.8/site-packages/airflow/example_dags/example_task_group.py
[2025-04-13T18:03:04.707+0000] {logging_mixin.py:188} INFO - [2025-04-13T18:03:04.706+0000] {dag.py:3036} INFO - Sync 1 DAGs
[2025-04-13T18:03:04.777+0000] {logging_mixin.py:188} INFO - [2025-04-13T18:03:04.776+0000] {dag.py:3823} INFO - Setting next_dagrun for example_task_group to 2025-04-12 00:00:00+00:00, run_after=2025-04-13 00:00:00+00:00
[2025-04-13T18:03:04.846+0000] {processor.py:183} INFO - Processing /home/airflow/.local/lib/python3.8/site-packages/airflow/example_dags/example_task_group.py took 0.266 seconds
[2025-04-13T18:03:34.925+0000] {processor.py:161} INFO - Started process (PID=8216) to work on /home/airflow/.local/lib/python3.8/site-packages/airflow/example_dags/example_task_group.py
[2025-04-13T18:03:34.927+0000] {processor.py:830} INFO - Processing file /home/airflow/.local/lib/python3.8/site-packages/airflow/example_dags/example_task_group.py for tasks to queue
[2025-04-13T18:03:34.930+0000] {logging_mixin.py:188} INFO - [2025-04-13T18:03:34.929+0000] {dagbag.py:538} INFO - Filling up the DagBag from /home/airflow/.local/lib/python3.8/site-packages/airflow/example_dags/example_task_group.py
[2025-04-13T18:03:34.949+0000] {processor.py:840} INFO - DAG(s) 'example_task_group' retrieved from /home/airflow/.local/lib/python3.8/site-packages/airflow/example_dags/example_task_group.py
[2025-04-13T18:03:34.990+0000] {logging_mixin.py:188} INFO - [2025-04-13T18:03:34.989+0000] {dag.py:3036} INFO - Sync 1 DAGs
[2025-04-13T18:03:35.025+0000] {logging_mixin.py:188} INFO - [2025-04-13T18:03:35.025+0000] {dag.py:3823} INFO - Setting next_dagrun for example_task_group to 2025-04-12 00:00:00+00:00, run_after=2025-04-13 00:00:00+00:00
[2025-04-13T18:03:35.053+0000] {processor.py:183} INFO - Processing /home/airflow/.local/lib/python3.8/site-packages/airflow/example_dags/example_task_group.py took 0.132 seconds
[2025-04-13T18:04:05.262+0000] {processor.py:161} INFO - Started process (PID=8272) to work on /home/airflow/.local/lib/python3.8/site-packages/airflow/example_dags/example_task_group.py
[2025-04-13T18:04:05.264+0000] {processor.py:830} INFO - Processing file /home/airflow/.local/lib/python3.8/site-packages/airflow/example_dags/example_task_group.py for tasks to queue
[2025-04-13T18:04:05.267+0000] {logging_mixin.py:188} INFO - [2025-04-13T18:04:05.267+0000] {dagbag.py:538} INFO - Filling up the DagBag from /home/airflow/.local/lib/python3.8/site-packages/airflow/example_dags/example_task_group.py
[2025-04-13T18:04:05.282+0000] {processor.py:840} INFO - DAG(s) 'example_task_group' retrieved from /home/airflow/.local/lib/python3.8/site-packages/airflow/example_dags/example_task_group.py
[2025-04-13T18:04:05.317+0000] {logging_mixin.py:188} INFO - [2025-04-13T18:04:05.317+0000] {dag.py:3036} INFO - Sync 1 DAGs
[2025-04-13T18:04:05.354+0000] {logging_mixin.py:188} INFO - [2025-04-13T18:04:05.354+0000] {dag.py:3823} INFO - Setting next_dagrun for example_task_group to 2025-04-12 00:00:00+00:00, run_after=2025-04-13 00:00:00+00:00
[2025-04-13T18:04:05.391+0000] {processor.py:183} INFO - Processing /home/airflow/.local/lib/python3.8/site-packages/airflow/example_dags/example_task_group.py took 0.134 seconds
[2025-04-13T18:04:35.725+0000] {processor.py:161} INFO - Started process (PID=8328) to work on /home/airflow/.local/lib/python3.8/site-packages/airflow/example_dags/example_task_group.py
[2025-04-13T18:04:35.727+0000] {processor.py:830} INFO - Processing file /home/airflow/.local/lib/python3.8/site-packages/airflow/example_dags/example_task_group.py for tasks to queue
[2025-04-13T18:04:35.730+0000] {logging_mixin.py:188} INFO - [2025-04-13T18:04:35.730+0000] {dagbag.py:538} INFO - Filling up the DagBag from /home/airflow/.local/lib/python3.8/site-packages/airflow/example_dags/example_task_group.py
[2025-04-13T18:04:35.743+0000] {processor.py:840} INFO - DAG(s) 'example_task_group' retrieved from /home/airflow/.local/lib/python3.8/site-packages/airflow/example_dags/example_task_group.py
[2025-04-13T18:04:35.779+0000] {logging_mixin.py:188} INFO - [2025-04-13T18:04:35.778+0000] {dag.py:3036} INFO - Sync 1 DAGs
[2025-04-13T18:04:35.814+0000] {logging_mixin.py:188} INFO - [2025-04-13T18:04:35.813+0000] {dag.py:3823} INFO - Setting next_dagrun for example_task_group to 2025-04-12 00:00:00+00:00, run_after=2025-04-13 00:00:00+00:00
[2025-04-13T18:04:35.886+0000] {processor.py:183} INFO - Processing /home/airflow/.local/lib/python3.8/site-packages/airflow/example_dags/example_task_group.py took 0.167 seconds
[2025-04-13T18:05:06.547+0000] {processor.py:161} INFO - Started process (PID=8384) to work on /home/airflow/.local/lib/python3.8/site-packages/airflow/example_dags/example_task_group.py
[2025-04-13T18:05:06.549+0000] {processor.py:830} INFO - Processing file /home/airflow/.local/lib/python3.8/site-packages/airflow/example_dags/example_task_group.py for tasks to queue
[2025-04-13T18:05:06.551+0000] {logging_mixin.py:188} INFO - [2025-04-13T18:05:06.551+0000] {dagbag.py:538} INFO - Filling up the DagBag from /home/airflow/.local/lib/python3.8/site-packages/airflow/example_dags/example_task_group.py
[2025-04-13T18:05:06.562+0000] {processor.py:840} INFO - DAG(s) 'example_task_group' retrieved from /home/airflow/.local/lib/python3.8/site-packages/airflow/example_dags/example_task_group.py
[2025-04-13T18:05:06.592+0000] {logging_mixin.py:188} INFO - [2025-04-13T18:05:06.592+0000] {dag.py:3036} INFO - Sync 1 DAGs
[2025-04-13T18:05:06.674+0000] {logging_mixin.py:188} INFO - [2025-04-13T18:05:06.673+0000] {dag.py:3823} INFO - Setting next_dagrun for example_task_group to 2025-04-12 00:00:00+00:00, run_after=2025-04-13 00:00:00+00:00
[2025-04-13T18:05:06.723+0000] {processor.py:183} INFO - Processing /home/airflow/.local/lib/python3.8/site-packages/airflow/example_dags/example_task_group.py took 0.180 seconds
[2025-04-13T18:05:37.181+0000] {processor.py:161} INFO - Started process (PID=8440) to work on /home/airflow/.local/lib/python3.8/site-packages/airflow/example_dags/example_task_group.py
[2025-04-13T18:05:37.182+0000] {processor.py:830} INFO - Processing file /home/airflow/.local/lib/python3.8/site-packages/airflow/example_dags/example_task_group.py for tasks to queue
[2025-04-13T18:05:37.186+0000] {logging_mixin.py:188} INFO - [2025-04-13T18:05:37.185+0000] {dagbag.py:538} INFO - Filling up the DagBag from /home/airflow/.local/lib/python3.8/site-packages/airflow/example_dags/example_task_group.py
[2025-04-13T18:05:37.196+0000] {processor.py:840} INFO - DAG(s) 'example_task_group' retrieved from /home/airflow/.local/lib/python3.8/site-packages/airflow/example_dags/example_task_group.py
[2025-04-13T18:05:37.224+0000] {logging_mixin.py:188} INFO - [2025-04-13T18:05:37.224+0000] {dag.py:3036} INFO - Sync 1 DAGs
[2025-04-13T18:05:37.252+0000] {logging_mixin.py:188} INFO - [2025-04-13T18:05:37.252+0000] {dag.py:3823} INFO - Setting next_dagrun for example_task_group to 2025-04-12 00:00:00+00:00, run_after=2025-04-13 00:00:00+00:00
[2025-04-13T18:05:37.278+0000] {processor.py:183} INFO - Processing /home/airflow/.local/lib/python3.8/site-packages/airflow/example_dags/example_task_group.py took 0.102 seconds
[2025-04-13T18:06:07.537+0000] {processor.py:161} INFO - Started process (PID=8488) to work on /home/airflow/.local/lib/python3.8/site-packages/airflow/example_dags/example_task_group.py
[2025-04-13T18:06:07.538+0000] {processor.py:830} INFO - Processing file /home/airflow/.local/lib/python3.8/site-packages/airflow/example_dags/example_task_group.py for tasks to queue
[2025-04-13T18:06:07.541+0000] {logging_mixin.py:188} INFO - [2025-04-13T18:06:07.541+0000] {dagbag.py:538} INFO - Filling up the DagBag from /home/airflow/.local/lib/python3.8/site-packages/airflow/example_dags/example_task_group.py
[2025-04-13T18:06:07.553+0000] {processor.py:840} INFO - DAG(s) 'example_task_group' retrieved from /home/airflow/.local/lib/python3.8/site-packages/airflow/example_dags/example_task_group.py
[2025-04-13T18:06:07.590+0000] {logging_mixin.py:188} INFO - [2025-04-13T18:06:07.590+0000] {dag.py:3036} INFO - Sync 1 DAGs
[2025-04-13T18:06:07.633+0000] {logging_mixin.py:188} INFO - [2025-04-13T18:06:07.631+0000] {dag.py:3823} INFO - Setting next_dagrun for example_task_group to 2025-04-12 00:00:00+00:00, run_after=2025-04-13 00:00:00+00:00
[2025-04-13T18:06:07.692+0000] {processor.py:183} INFO - Processing /home/airflow/.local/lib/python3.8/site-packages/airflow/example_dags/example_task_group.py took 0.161 seconds
[2025-04-13T18:06:37.877+0000] {processor.py:161} INFO - Started process (PID=8525) to work on /home/airflow/.local/lib/python3.8/site-packages/airflow/example_dags/example_task_group.py
[2025-04-13T18:06:37.879+0000] {processor.py:830} INFO - Processing file /home/airflow/.local/lib/python3.8/site-packages/airflow/example_dags/example_task_group.py for tasks to queue
[2025-04-13T18:06:37.883+0000] {logging_mixin.py:188} INFO - [2025-04-13T18:06:37.882+0000] {dagbag.py:538} INFO - Filling up the DagBag from /home/airflow/.local/lib/python3.8/site-packages/airflow/example_dags/example_task_group.py
[2025-04-13T18:06:37.900+0000] {processor.py:840} INFO - DAG(s) 'example_task_group' retrieved from /home/airflow/.local/lib/python3.8/site-packages/airflow/example_dags/example_task_group.py
[2025-04-13T18:06:37.956+0000] {logging_mixin.py:188} INFO - [2025-04-13T18:06:37.955+0000] {dag.py:3036} INFO - Sync 1 DAGs
[2025-04-13T18:06:38.006+0000] {logging_mixin.py:188} INFO - [2025-04-13T18:06:38.006+0000] {dag.py:3823} INFO - Setting next_dagrun for example_task_group to 2025-04-12 00:00:00+00:00, run_after=2025-04-13 00:00:00+00:00
[2025-04-13T18:06:38.090+0000] {processor.py:183} INFO - Processing /home/airflow/.local/lib/python3.8/site-packages/airflow/example_dags/example_task_group.py took 0.220 seconds
[2025-04-13T18:07:09.171+0000] {processor.py:161} INFO - Started process (PID=8574) to work on /home/airflow/.local/lib/python3.8/site-packages/airflow/example_dags/example_task_group.py
[2025-04-13T18:07:09.172+0000] {processor.py:830} INFO - Processing file /home/airflow/.local/lib/python3.8/site-packages/airflow/example_dags/example_task_group.py for tasks to queue
[2025-04-13T18:07:09.175+0000] {logging_mixin.py:188} INFO - [2025-04-13T18:07:09.175+0000] {dagbag.py:538} INFO - Filling up the DagBag from /home/airflow/.local/lib/python3.8/site-packages/airflow/example_dags/example_task_group.py
[2025-04-13T18:07:09.186+0000] {processor.py:840} INFO - DAG(s) 'example_task_group' retrieved from /home/airflow/.local/lib/python3.8/site-packages/airflow/example_dags/example_task_group.py
[2025-04-13T18:07:09.215+0000] {logging_mixin.py:188} INFO - [2025-04-13T18:07:09.215+0000] {dag.py:3036} INFO - Sync 1 DAGs
[2025-04-13T18:07:09.245+0000] {logging_mixin.py:188} INFO - [2025-04-13T18:07:09.245+0000] {dag.py:3823} INFO - Setting next_dagrun for example_task_group to 2025-04-12 00:00:00+00:00, run_after=2025-04-13 00:00:00+00:00
[2025-04-13T18:07:09.329+0000] {processor.py:183} INFO - Processing /home/airflow/.local/lib/python3.8/site-packages/airflow/example_dags/example_task_group.py took 0.163 seconds
[2025-04-13T18:07:40.351+0000] {processor.py:161} INFO - Started process (PID=8615) to work on /home/airflow/.local/lib/python3.8/site-packages/airflow/example_dags/example_task_group.py
[2025-04-13T18:07:40.354+0000] {processor.py:830} INFO - Processing file /home/airflow/.local/lib/python3.8/site-packages/airflow/example_dags/example_task_group.py for tasks to queue
[2025-04-13T18:07:40.359+0000] {logging_mixin.py:188} INFO - [2025-04-13T18:07:40.358+0000] {dagbag.py:538} INFO - Filling up the DagBag from /home/airflow/.local/lib/python3.8/site-packages/airflow/example_dags/example_task_group.py
[2025-04-13T18:07:40.377+0000] {processor.py:840} INFO - DAG(s) 'example_task_group' retrieved from /home/airflow/.local/lib/python3.8/site-packages/airflow/example_dags/example_task_group.py
[2025-04-13T18:07:40.421+0000] {logging_mixin.py:188} INFO - [2025-04-13T18:07:40.421+0000] {dag.py:3036} INFO - Sync 1 DAGs
[2025-04-13T18:07:40.466+0000] {logging_mixin.py:188} INFO - [2025-04-13T18:07:40.465+0000] {dag.py:3823} INFO - Setting next_dagrun for example_task_group to 2025-04-12 00:00:00+00:00, run_after=2025-04-13 00:00:00+00:00
[2025-04-13T18:07:40.498+0000] {processor.py:183} INFO - Processing /home/airflow/.local/lib/python3.8/site-packages/airflow/example_dags/example_task_group.py took 0.163 seconds
[2025-04-13T18:08:12.619+0000] {processor.py:161} INFO - Started process (PID=8671) to work on /home/airflow/.local/lib/python3.8/site-packages/airflow/example_dags/example_task_group.py
[2025-04-13T18:08:12.623+0000] {processor.py:830} INFO - Processing file /home/airflow/.local/lib/python3.8/site-packages/airflow/example_dags/example_task_group.py for tasks to queue
[2025-04-13T18:08:12.630+0000] {logging_mixin.py:188} INFO - [2025-04-13T18:08:12.629+0000] {dagbag.py:538} INFO - Filling up the DagBag from /home/airflow/.local/lib/python3.8/site-packages/airflow/example_dags/example_task_group.py
[2025-04-13T18:08:12.653+0000] {processor.py:840} INFO - DAG(s) 'example_task_group' retrieved from /home/airflow/.local/lib/python3.8/site-packages/airflow/example_dags/example_task_group.py
[2025-04-13T18:08:12.694+0000] {logging_mixin.py:188} INFO - [2025-04-13T18:08:12.694+0000] {dag.py:3036} INFO - Sync 1 DAGs
[2025-04-13T18:08:12.737+0000] {logging_mixin.py:188} INFO - [2025-04-13T18:08:12.736+0000] {dag.py:3823} INFO - Setting next_dagrun for example_task_group to 2025-04-12 00:00:00+00:00, run_after=2025-04-13 00:00:00+00:00
[2025-04-13T18:08:12.775+0000] {processor.py:183} INFO - Processing /home/airflow/.local/lib/python3.8/site-packages/airflow/example_dags/example_task_group.py took 0.166 seconds
[2025-04-13T18:08:44.853+0000] {processor.py:161} INFO - Started process (PID=8727) to work on /home/airflow/.local/lib/python3.8/site-packages/airflow/example_dags/example_task_group.py
[2025-04-13T18:08:44.858+0000] {processor.py:830} INFO - Processing file /home/airflow/.local/lib/python3.8/site-packages/airflow/example_dags/example_task_group.py for tasks to queue
[2025-04-13T18:08:44.873+0000] {logging_mixin.py:188} INFO - [2025-04-13T18:08:44.871+0000] {dagbag.py:538} INFO - Filling up the DagBag from /home/airflow/.local/lib/python3.8/site-packages/airflow/example_dags/example_task_group.py
[2025-04-13T18:08:44.913+0000] {processor.py:840} INFO - DAG(s) 'example_task_group' retrieved from /home/airflow/.local/lib/python3.8/site-packages/airflow/example_dags/example_task_group.py
[2025-04-13T18:08:44.996+0000] {logging_mixin.py:188} INFO - [2025-04-13T18:08:44.996+0000] {dag.py:3036} INFO - Sync 1 DAGs
[2025-04-13T18:08:45.037+0000] {logging_mixin.py:188} INFO - [2025-04-13T18:08:45.037+0000] {dag.py:3823} INFO - Setting next_dagrun for example_task_group to 2025-04-12 00:00:00+00:00, run_after=2025-04-13 00:00:00+00:00
[2025-04-13T18:08:45.073+0000] {processor.py:183} INFO - Processing /home/airflow/.local/lib/python3.8/site-packages/airflow/example_dags/example_task_group.py took 0.238 seconds
[2025-04-13T18:09:17.486+0000] {processor.py:161} INFO - Started process (PID=8783) to work on /home/airflow/.local/lib/python3.8/site-packages/airflow/example_dags/example_task_group.py
[2025-04-13T18:09:17.499+0000] {processor.py:830} INFO - Processing file /home/airflow/.local/lib/python3.8/site-packages/airflow/example_dags/example_task_group.py for tasks to queue
[2025-04-13T18:09:17.517+0000] {logging_mixin.py:188} INFO - [2025-04-13T18:09:17.516+0000] {dagbag.py:538} INFO - Filling up the DagBag from /home/airflow/.local/lib/python3.8/site-packages/airflow/example_dags/example_task_group.py
[2025-04-13T18:09:17.598+0000] {processor.py:840} INFO - DAG(s) 'example_task_group' retrieved from /home/airflow/.local/lib/python3.8/site-packages/airflow/example_dags/example_task_group.py
[2025-04-13T18:09:17.663+0000] {logging_mixin.py:188} INFO - [2025-04-13T18:09:17.663+0000] {dag.py:3036} INFO - Sync 1 DAGs
[2025-04-13T18:09:17.710+0000] {logging_mixin.py:188} INFO - [2025-04-13T18:09:17.710+0000] {dag.py:3823} INFO - Setting next_dagrun for example_task_group to 2025-04-12 00:00:00+00:00, run_after=2025-04-13 00:00:00+00:00
[2025-04-13T18:09:17.744+0000] {processor.py:183} INFO - Processing /home/airflow/.local/lib/python3.8/site-packages/airflow/example_dags/example_task_group.py took 0.284 seconds
[2025-04-13T18:09:49.670+0000] {processor.py:161} INFO - Started process (PID=8840) to work on /home/airflow/.local/lib/python3.8/site-packages/airflow/example_dags/example_task_group.py
[2025-04-13T18:09:49.673+0000] {processor.py:830} INFO - Processing file /home/airflow/.local/lib/python3.8/site-packages/airflow/example_dags/example_task_group.py for tasks to queue
[2025-04-13T18:09:49.679+0000] {logging_mixin.py:188} INFO - [2025-04-13T18:09:49.678+0000] {dagbag.py:538} INFO - Filling up the DagBag from /home/airflow/.local/lib/python3.8/site-packages/airflow/example_dags/example_task_group.py
[2025-04-13T18:09:49.702+0000] {processor.py:840} INFO - DAG(s) 'example_task_group' retrieved from /home/airflow/.local/lib/python3.8/site-packages/airflow/example_dags/example_task_group.py
[2025-04-13T18:09:49.758+0000] {logging_mixin.py:188} INFO - [2025-04-13T18:09:49.758+0000] {dag.py:3036} INFO - Sync 1 DAGs
[2025-04-13T18:09:49.824+0000] {logging_mixin.py:188} INFO - [2025-04-13T18:09:49.824+0000] {dag.py:3823} INFO - Setting next_dagrun for example_task_group to 2025-04-12 00:00:00+00:00, run_after=2025-04-13 00:00:00+00:00
[2025-04-13T18:09:49.909+0000] {processor.py:183} INFO - Processing /home/airflow/.local/lib/python3.8/site-packages/airflow/example_dags/example_task_group.py took 0.252 seconds
[2025-04-13T18:10:22.446+0000] {processor.py:161} INFO - Started process (PID=8895) to work on /home/airflow/.local/lib/python3.8/site-packages/airflow/example_dags/example_task_group.py
[2025-04-13T18:10:22.451+0000] {processor.py:830} INFO - Processing file /home/airflow/.local/lib/python3.8/site-packages/airflow/example_dags/example_task_group.py for tasks to queue
[2025-04-13T18:10:22.464+0000] {logging_mixin.py:188} INFO - [2025-04-13T18:10:22.462+0000] {dagbag.py:538} INFO - Filling up the DagBag from /home/airflow/.local/lib/python3.8/site-packages/airflow/example_dags/example_task_group.py
[2025-04-13T18:10:22.513+0000] {processor.py:840} INFO - DAG(s) 'example_task_group' retrieved from /home/airflow/.local/lib/python3.8/site-packages/airflow/example_dags/example_task_group.py
[2025-04-13T18:10:22.592+0000] {logging_mixin.py:188} INFO - [2025-04-13T18:10:22.592+0000] {dag.py:3036} INFO - Sync 1 DAGs
[2025-04-13T18:10:22.640+0000] {logging_mixin.py:188} INFO - [2025-04-13T18:10:22.639+0000] {dag.py:3823} INFO - Setting next_dagrun for example_task_group to 2025-04-12 00:00:00+00:00, run_after=2025-04-13 00:00:00+00:00
[2025-04-13T18:10:22.677+0000] {processor.py:183} INFO - Processing /home/airflow/.local/lib/python3.8/site-packages/airflow/example_dags/example_task_group.py took 0.251 seconds
[2025-04-13T18:10:55.300+0000] {processor.py:161} INFO - Started process (PID=8951) to work on /home/airflow/.local/lib/python3.8/site-packages/airflow/example_dags/example_task_group.py
[2025-04-13T18:10:55.304+0000] {processor.py:830} INFO - Processing file /home/airflow/.local/lib/python3.8/site-packages/airflow/example_dags/example_task_group.py for tasks to queue
[2025-04-13T18:10:55.308+0000] {logging_mixin.py:188} INFO - [2025-04-13T18:10:55.308+0000] {dagbag.py:538} INFO - Filling up the DagBag from /home/airflow/.local/lib/python3.8/site-packages/airflow/example_dags/example_task_group.py
[2025-04-13T18:10:55.331+0000] {processor.py:840} INFO - DAG(s) 'example_task_group' retrieved from /home/airflow/.local/lib/python3.8/site-packages/airflow/example_dags/example_task_group.py
[2025-04-13T18:10:55.391+0000] {logging_mixin.py:188} INFO - [2025-04-13T18:10:55.391+0000] {dag.py:3036} INFO - Sync 1 DAGs
[2025-04-13T18:10:55.473+0000] {logging_mixin.py:188} INFO - [2025-04-13T18:10:55.472+0000] {dag.py:3823} INFO - Setting next_dagrun for example_task_group to 2025-04-12 00:00:00+00:00, run_after=2025-04-13 00:00:00+00:00
[2025-04-13T18:10:55.560+0000] {processor.py:183} INFO - Processing /home/airflow/.local/lib/python3.8/site-packages/airflow/example_dags/example_task_group.py took 0.270 seconds
[2025-04-13T18:11:27.949+0000] {processor.py:161} INFO - Started process (PID=9006) to work on /home/airflow/.local/lib/python3.8/site-packages/airflow/example_dags/example_task_group.py
[2025-04-13T18:11:27.954+0000] {processor.py:830} INFO - Processing file /home/airflow/.local/lib/python3.8/site-packages/airflow/example_dags/example_task_group.py for tasks to queue
[2025-04-13T18:11:27.965+0000] {logging_mixin.py:188} INFO - [2025-04-13T18:11:27.963+0000] {dagbag.py:538} INFO - Filling up the DagBag from /home/airflow/.local/lib/python3.8/site-packages/airflow/example_dags/example_task_group.py
[2025-04-13T18:11:28.017+0000] {processor.py:840} INFO - DAG(s) 'example_task_group' retrieved from /home/airflow/.local/lib/python3.8/site-packages/airflow/example_dags/example_task_group.py
[2025-04-13T18:11:28.066+0000] {logging_mixin.py:188} INFO - [2025-04-13T18:11:28.066+0000] {dag.py:3036} INFO - Sync 1 DAGs
[2025-04-13T18:11:28.110+0000] {logging_mixin.py:188} INFO - [2025-04-13T18:11:28.110+0000] {dag.py:3823} INFO - Setting next_dagrun for example_task_group to 2025-04-12 00:00:00+00:00, run_after=2025-04-13 00:00:00+00:00
[2025-04-13T18:11:28.205+0000] {processor.py:183} INFO - Processing /home/airflow/.local/lib/python3.8/site-packages/airflow/example_dags/example_task_group.py took 0.278 seconds
[2025-04-13T18:12:00.567+0000] {processor.py:161} INFO - Started process (PID=9062) to work on /home/airflow/.local/lib/python3.8/site-packages/airflow/example_dags/example_task_group.py
[2025-04-13T18:12:00.572+0000] {processor.py:830} INFO - Processing file /home/airflow/.local/lib/python3.8/site-packages/airflow/example_dags/example_task_group.py for tasks to queue
[2025-04-13T18:12:00.581+0000] {logging_mixin.py:188} INFO - [2025-04-13T18:12:00.580+0000] {dagbag.py:538} INFO - Filling up the DagBag from /home/airflow/.local/lib/python3.8/site-packages/airflow/example_dags/example_task_group.py
[2025-04-13T18:12:00.613+0000] {processor.py:840} INFO - DAG(s) 'example_task_group' retrieved from /home/airflow/.local/lib/python3.8/site-packages/airflow/example_dags/example_task_group.py
[2025-04-13T18:12:00.676+0000] {logging_mixin.py:188} INFO - [2025-04-13T18:12:00.675+0000] {dag.py:3036} INFO - Sync 1 DAGs
[2025-04-13T18:12:00.715+0000] {logging_mixin.py:188} INFO - [2025-04-13T18:12:00.714+0000] {dag.py:3823} INFO - Setting next_dagrun for example_task_group to 2025-04-12 00:00:00+00:00, run_after=2025-04-13 00:00:00+00:00
[2025-04-13T18:12:00.812+0000] {processor.py:183} INFO - Processing /home/airflow/.local/lib/python3.8/site-packages/airflow/example_dags/example_task_group.py took 0.259 seconds
[2025-04-13T18:12:32.524+0000] {processor.py:161} INFO - Started process (PID=9117) to work on /home/airflow/.local/lib/python3.8/site-packages/airflow/example_dags/example_task_group.py
[2025-04-13T18:12:32.529+0000] {processor.py:830} INFO - Processing file /home/airflow/.local/lib/python3.8/site-packages/airflow/example_dags/example_task_group.py for tasks to queue
[2025-04-13T18:12:32.545+0000] {logging_mixin.py:188} INFO - [2025-04-13T18:12:32.543+0000] {dagbag.py:538} INFO - Filling up the DagBag from /home/airflow/.local/lib/python3.8/site-packages/airflow/example_dags/example_task_group.py
[2025-04-13T18:12:32.588+0000] {processor.py:840} INFO - DAG(s) 'example_task_group' retrieved from /home/airflow/.local/lib/python3.8/site-packages/airflow/example_dags/example_task_group.py
[2025-04-13T18:12:32.633+0000] {logging_mixin.py:188} INFO - [2025-04-13T18:12:32.633+0000] {dag.py:3036} INFO - Sync 1 DAGs
[2025-04-13T18:12:32.689+0000] {logging_mixin.py:188} INFO - [2025-04-13T18:12:32.688+0000] {dag.py:3823} INFO - Setting next_dagrun for example_task_group to 2025-04-12 00:00:00+00:00, run_after=2025-04-13 00:00:00+00:00
[2025-04-13T18:12:32.724+0000] {processor.py:183} INFO - Processing /home/airflow/.local/lib/python3.8/site-packages/airflow/example_dags/example_task_group.py took 0.220 seconds
[2025-04-13T18:13:03.236+0000] {processor.py:161} INFO - Started process (PID=9173) to work on /home/airflow/.local/lib/python3.8/site-packages/airflow/example_dags/example_task_group.py
[2025-04-13T18:13:03.241+0000] {processor.py:830} INFO - Processing file /home/airflow/.local/lib/python3.8/site-packages/airflow/example_dags/example_task_group.py for tasks to queue
[2025-04-13T18:13:03.251+0000] {logging_mixin.py:188} INFO - [2025-04-13T18:13:03.249+0000] {dagbag.py:538} INFO - Filling up the DagBag from /home/airflow/.local/lib/python3.8/site-packages/airflow/example_dags/example_task_group.py
[2025-04-13T18:13:03.292+0000] {processor.py:840} INFO - DAG(s) 'example_task_group' retrieved from /home/airflow/.local/lib/python3.8/site-packages/airflow/example_dags/example_task_group.py
[2025-04-13T18:13:03.400+0000] {logging_mixin.py:188} INFO - [2025-04-13T18:13:03.399+0000] {dag.py:3036} INFO - Sync 1 DAGs
[2025-04-13T18:13:03.446+0000] {logging_mixin.py:188} INFO - [2025-04-13T18:13:03.446+0000] {dag.py:3823} INFO - Setting next_dagrun for example_task_group to 2025-04-12 00:00:00+00:00, run_after=2025-04-13 00:00:00+00:00
[2025-04-13T18:13:03.537+0000] {processor.py:183} INFO - Processing /home/airflow/.local/lib/python3.8/site-packages/airflow/example_dags/example_task_group.py took 0.318 seconds
[2025-04-13T18:13:33.720+0000] {processor.py:161} INFO - Started process (PID=9228) to work on /home/airflow/.local/lib/python3.8/site-packages/airflow/example_dags/example_task_group.py
[2025-04-13T18:13:33.723+0000] {processor.py:830} INFO - Processing file /home/airflow/.local/lib/python3.8/site-packages/airflow/example_dags/example_task_group.py for tasks to queue
[2025-04-13T18:13:33.727+0000] {logging_mixin.py:188} INFO - [2025-04-13T18:13:33.726+0000] {dagbag.py:538} INFO - Filling up the DagBag from /home/airflow/.local/lib/python3.8/site-packages/airflow/example_dags/example_task_group.py
[2025-04-13T18:13:33.745+0000] {processor.py:840} INFO - DAG(s) 'example_task_group' retrieved from /home/airflow/.local/lib/python3.8/site-packages/airflow/example_dags/example_task_group.py
[2025-04-13T18:13:33.788+0000] {logging_mixin.py:188} INFO - [2025-04-13T18:13:33.788+0000] {dag.py:3036} INFO - Sync 1 DAGs
[2025-04-13T18:13:33.835+0000] {logging_mixin.py:188} INFO - [2025-04-13T18:13:33.835+0000] {dag.py:3823} INFO - Setting next_dagrun for example_task_group to 2025-04-12 00:00:00+00:00, run_after=2025-04-13 00:00:00+00:00
[2025-04-13T18:13:33.904+0000] {processor.py:183} INFO - Processing /home/airflow/.local/lib/python3.8/site-packages/airflow/example_dags/example_task_group.py took 0.192 seconds
[2025-04-13T18:14:04.483+0000] {processor.py:161} INFO - Started process (PID=9283) to work on /home/airflow/.local/lib/python3.8/site-packages/airflow/example_dags/example_task_group.py
[2025-04-13T18:14:04.488+0000] {processor.py:830} INFO - Processing file /home/airflow/.local/lib/python3.8/site-packages/airflow/example_dags/example_task_group.py for tasks to queue
[2025-04-13T18:14:04.500+0000] {logging_mixin.py:188} INFO - [2025-04-13T18:14:04.497+0000] {dagbag.py:538} INFO - Filling up the DagBag from /home/airflow/.local/lib/python3.8/site-packages/airflow/example_dags/example_task_group.py
[2025-04-13T18:14:04.540+0000] {processor.py:840} INFO - DAG(s) 'example_task_group' retrieved from /home/airflow/.local/lib/python3.8/site-packages/airflow/example_dags/example_task_group.py
[2025-04-13T18:14:04.642+0000] {logging_mixin.py:188} INFO - [2025-04-13T18:14:04.641+0000] {dag.py:3036} INFO - Sync 1 DAGs
[2025-04-13T18:14:04.747+0000] {logging_mixin.py:188} INFO - [2025-04-13T18:14:04.747+0000] {dag.py:3823} INFO - Setting next_dagrun for example_task_group to 2025-04-12 00:00:00+00:00, run_after=2025-04-13 00:00:00+00:00
[2025-04-13T18:14:04.785+0000] {processor.py:183} INFO - Processing /home/airflow/.local/lib/python3.8/site-packages/airflow/example_dags/example_task_group.py took 0.319 seconds
[2025-04-13T18:14:35.534+0000] {processor.py:161} INFO - Started process (PID=9339) to work on /home/airflow/.local/lib/python3.8/site-packages/airflow/example_dags/example_task_group.py
[2025-04-13T18:14:35.542+0000] {processor.py:830} INFO - Processing file /home/airflow/.local/lib/python3.8/site-packages/airflow/example_dags/example_task_group.py for tasks to queue
[2025-04-13T18:14:35.553+0000] {logging_mixin.py:188} INFO - [2025-04-13T18:14:35.551+0000] {dagbag.py:538} INFO - Filling up the DagBag from /home/airflow/.local/lib/python3.8/site-packages/airflow/example_dags/example_task_group.py
[2025-04-13T18:14:35.588+0000] {processor.py:840} INFO - DAG(s) 'example_task_group' retrieved from /home/airflow/.local/lib/python3.8/site-packages/airflow/example_dags/example_task_group.py
[2025-04-13T18:14:35.656+0000] {logging_mixin.py:188} INFO - [2025-04-13T18:14:35.655+0000] {dag.py:3036} INFO - Sync 1 DAGs
[2025-04-13T18:14:35.716+0000] {logging_mixin.py:188} INFO - [2025-04-13T18:14:35.716+0000] {dag.py:3823} INFO - Setting next_dagrun for example_task_group to 2025-04-12 00:00:00+00:00, run_after=2025-04-13 00:00:00+00:00
[2025-04-13T18:14:35.762+0000] {processor.py:183} INFO - Processing /home/airflow/.local/lib/python3.8/site-packages/airflow/example_dags/example_task_group.py took 0.253 seconds
[2025-04-13T18:15:06.012+0000] {processor.py:161} INFO - Started process (PID=9395) to work on /home/airflow/.local/lib/python3.8/site-packages/airflow/example_dags/example_task_group.py
[2025-04-13T18:15:06.015+0000] {processor.py:830} INFO - Processing file /home/airflow/.local/lib/python3.8/site-packages/airflow/example_dags/example_task_group.py for tasks to queue
[2025-04-13T18:15:06.021+0000] {logging_mixin.py:188} INFO - [2025-04-13T18:15:06.020+0000] {dagbag.py:538} INFO - Filling up the DagBag from /home/airflow/.local/lib/python3.8/site-packages/airflow/example_dags/example_task_group.py
[2025-04-13T18:15:06.059+0000] {processor.py:840} INFO - DAG(s) 'example_task_group' retrieved from /home/airflow/.local/lib/python3.8/site-packages/airflow/example_dags/example_task_group.py
[2025-04-13T18:15:06.158+0000] {logging_mixin.py:188} INFO - [2025-04-13T18:15:06.155+0000] {dag.py:3036} INFO - Sync 1 DAGs
[2025-04-13T18:15:06.241+0000] {logging_mixin.py:188} INFO - [2025-04-13T18:15:06.240+0000] {dag.py:3823} INFO - Setting next_dagrun for example_task_group to 2025-04-12 00:00:00+00:00, run_after=2025-04-13 00:00:00+00:00
[2025-04-13T18:15:06.352+0000] {processor.py:183} INFO - Processing /home/airflow/.local/lib/python3.8/site-packages/airflow/example_dags/example_task_group.py took 0.353 seconds
[2025-04-13T18:15:37.035+0000] {processor.py:161} INFO - Started process (PID=9450) to work on /home/airflow/.local/lib/python3.8/site-packages/airflow/example_dags/example_task_group.py
[2025-04-13T18:15:37.040+0000] {processor.py:830} INFO - Processing file /home/airflow/.local/lib/python3.8/site-packages/airflow/example_dags/example_task_group.py for tasks to queue
[2025-04-13T18:15:37.050+0000] {logging_mixin.py:188} INFO - [2025-04-13T18:15:37.048+0000] {dagbag.py:538} INFO - Filling up the DagBag from /home/airflow/.local/lib/python3.8/site-packages/airflow/example_dags/example_task_group.py
[2025-04-13T18:15:37.096+0000] {processor.py:840} INFO - DAG(s) 'example_task_group' retrieved from /home/airflow/.local/lib/python3.8/site-packages/airflow/example_dags/example_task_group.py
[2025-04-13T18:15:37.198+0000] {logging_mixin.py:188} INFO - [2025-04-13T18:15:37.198+0000] {dag.py:3036} INFO - Sync 1 DAGs
[2025-04-13T18:15:37.257+0000] {logging_mixin.py:188} INFO - [2025-04-13T18:15:37.257+0000] {dag.py:3823} INFO - Setting next_dagrun for example_task_group to 2025-04-12 00:00:00+00:00, run_after=2025-04-13 00:00:00+00:00
[2025-04-13T18:15:37.373+0000] {processor.py:183} INFO - Processing /home/airflow/.local/lib/python3.8/site-packages/airflow/example_dags/example_task_group.py took 0.351 seconds
[2025-04-13T18:16:07.994+0000] {processor.py:161} INFO - Started process (PID=9506) to work on /home/airflow/.local/lib/python3.8/site-packages/airflow/example_dags/example_task_group.py
[2025-04-13T18:16:07.997+0000] {processor.py:830} INFO - Processing file /home/airflow/.local/lib/python3.8/site-packages/airflow/example_dags/example_task_group.py for tasks to queue
[2025-04-13T18:16:08.003+0000] {logging_mixin.py:188} INFO - [2025-04-13T18:16:08.002+0000] {dagbag.py:538} INFO - Filling up the DagBag from /home/airflow/.local/lib/python3.8/site-packages/airflow/example_dags/example_task_group.py
[2025-04-13T18:16:08.023+0000] {processor.py:840} INFO - DAG(s) 'example_task_group' retrieved from /home/airflow/.local/lib/python3.8/site-packages/airflow/example_dags/example_task_group.py
[2025-04-13T18:16:08.079+0000] {logging_mixin.py:188} INFO - [2025-04-13T18:16:08.078+0000] {dag.py:3036} INFO - Sync 1 DAGs
[2025-04-13T18:16:08.174+0000] {logging_mixin.py:188} INFO - [2025-04-13T18:16:08.174+0000] {dag.py:3823} INFO - Setting next_dagrun for example_task_group to 2025-04-12 00:00:00+00:00, run_after=2025-04-13 00:00:00+00:00
[2025-04-13T18:16:08.298+0000] {processor.py:183} INFO - Processing /home/airflow/.local/lib/python3.8/site-packages/airflow/example_dags/example_task_group.py took 0.312 seconds
[2025-04-13T18:16:38.644+0000] {processor.py:161} INFO - Started process (PID=9562) to work on /home/airflow/.local/lib/python3.8/site-packages/airflow/example_dags/example_task_group.py
[2025-04-13T18:16:38.650+0000] {processor.py:830} INFO - Processing file /home/airflow/.local/lib/python3.8/site-packages/airflow/example_dags/example_task_group.py for tasks to queue
[2025-04-13T18:16:38.659+0000] {logging_mixin.py:188} INFO - [2025-04-13T18:16:38.658+0000] {dagbag.py:538} INFO - Filling up the DagBag from /home/airflow/.local/lib/python3.8/site-packages/airflow/example_dags/example_task_group.py
[2025-04-13T18:16:38.698+0000] {processor.py:840} INFO - DAG(s) 'example_task_group' retrieved from /home/airflow/.local/lib/python3.8/site-packages/airflow/example_dags/example_task_group.py
[2025-04-13T18:16:38.780+0000] {logging_mixin.py:188} INFO - [2025-04-13T18:16:38.780+0000] {dag.py:3036} INFO - Sync 1 DAGs
[2025-04-13T18:16:38.826+0000] {logging_mixin.py:188} INFO - [2025-04-13T18:16:38.825+0000] {dag.py:3823} INFO - Setting next_dagrun for example_task_group to 2025-04-12 00:00:00+00:00, run_after=2025-04-13 00:00:00+00:00
[2025-04-13T18:16:38.912+0000] {processor.py:183} INFO - Processing /home/airflow/.local/lib/python3.8/site-packages/airflow/example_dags/example_task_group.py took 0.283 seconds
[2025-04-13T18:17:09.195+0000] {processor.py:161} INFO - Started process (PID=9618) to work on /home/airflow/.local/lib/python3.8/site-packages/airflow/example_dags/example_task_group.py
[2025-04-13T18:17:09.198+0000] {processor.py:830} INFO - Processing file /home/airflow/.local/lib/python3.8/site-packages/airflow/example_dags/example_task_group.py for tasks to queue
[2025-04-13T18:17:09.204+0000] {logging_mixin.py:188} INFO - [2025-04-13T18:17:09.203+0000] {dagbag.py:538} INFO - Filling up the DagBag from /home/airflow/.local/lib/python3.8/site-packages/airflow/example_dags/example_task_group.py
[2025-04-13T18:17:09.227+0000] {processor.py:840} INFO - DAG(s) 'example_task_group' retrieved from /home/airflow/.local/lib/python3.8/site-packages/airflow/example_dags/example_task_group.py
[2025-04-13T18:17:09.273+0000] {logging_mixin.py:188} INFO - [2025-04-13T18:17:09.272+0000] {dag.py:3036} INFO - Sync 1 DAGs
[2025-04-13T18:17:09.315+0000] {logging_mixin.py:188} INFO - [2025-04-13T18:17:09.315+0000] {dag.py:3823} INFO - Setting next_dagrun for example_task_group to 2025-04-12 00:00:00+00:00, run_after=2025-04-13 00:00:00+00:00
[2025-04-13T18:17:09.386+0000] {processor.py:183} INFO - Processing /home/airflow/.local/lib/python3.8/site-packages/airflow/example_dags/example_task_group.py took 0.202 seconds
[2025-04-13T18:17:40.514+0000] {processor.py:161} INFO - Started process (PID=9674) to work on /home/airflow/.local/lib/python3.8/site-packages/airflow/example_dags/example_task_group.py
[2025-04-13T18:17:40.516+0000] {processor.py:830} INFO - Processing file /home/airflow/.local/lib/python3.8/site-packages/airflow/example_dags/example_task_group.py for tasks to queue
[2025-04-13T18:17:40.520+0000] {logging_mixin.py:188} INFO - [2025-04-13T18:17:40.519+0000] {dagbag.py:538} INFO - Filling up the DagBag from /home/airflow/.local/lib/python3.8/site-packages/airflow/example_dags/example_task_group.py
[2025-04-13T18:17:40.536+0000] {processor.py:840} INFO - DAG(s) 'example_task_group' retrieved from /home/airflow/.local/lib/python3.8/site-packages/airflow/example_dags/example_task_group.py
[2025-04-13T18:17:40.581+0000] {logging_mixin.py:188} INFO - [2025-04-13T18:17:40.580+0000] {dag.py:3036} INFO - Sync 1 DAGs
[2025-04-13T18:17:40.627+0000] {logging_mixin.py:188} INFO - [2025-04-13T18:17:40.626+0000] {dag.py:3823} INFO - Setting next_dagrun for example_task_group to 2025-04-12 00:00:00+00:00, run_after=2025-04-13 00:00:00+00:00
[2025-04-13T18:17:40.693+0000] {processor.py:183} INFO - Processing /home/airflow/.local/lib/python3.8/site-packages/airflow/example_dags/example_task_group.py took 0.187 seconds
[2025-04-13T18:18:13.574+0000] {processor.py:161} INFO - Started process (PID=9730) to work on /home/airflow/.local/lib/python3.8/site-packages/airflow/example_dags/example_task_group.py
[2025-04-13T18:18:13.579+0000] {processor.py:830} INFO - Processing file /home/airflow/.local/lib/python3.8/site-packages/airflow/example_dags/example_task_group.py for tasks to queue
[2025-04-13T18:18:13.588+0000] {logging_mixin.py:188} INFO - [2025-04-13T18:18:13.586+0000] {dagbag.py:538} INFO - Filling up the DagBag from /home/airflow/.local/lib/python3.8/site-packages/airflow/example_dags/example_task_group.py
[2025-04-13T18:18:13.628+0000] {processor.py:840} INFO - DAG(s) 'example_task_group' retrieved from /home/airflow/.local/lib/python3.8/site-packages/airflow/example_dags/example_task_group.py
[2025-04-13T18:18:13.714+0000] {logging_mixin.py:188} INFO - [2025-04-13T18:18:13.714+0000] {dag.py:3036} INFO - Sync 1 DAGs
[2025-04-13T18:18:13.754+0000] {logging_mixin.py:188} INFO - [2025-04-13T18:18:13.753+0000] {dag.py:3823} INFO - Setting next_dagrun for example_task_group to 2025-04-12 00:00:00+00:00, run_after=2025-04-13 00:00:00+00:00
[2025-04-13T18:18:13.788+0000] {processor.py:183} INFO - Processing /home/airflow/.local/lib/python3.8/site-packages/airflow/example_dags/example_task_group.py took 0.231 seconds
[2025-04-13T18:18:44.137+0000] {processor.py:161} INFO - Started process (PID=9786) to work on /home/airflow/.local/lib/python3.8/site-packages/airflow/example_dags/example_task_group.py
[2025-04-13T18:18:44.140+0000] {processor.py:830} INFO - Processing file /home/airflow/.local/lib/python3.8/site-packages/airflow/example_dags/example_task_group.py for tasks to queue
[2025-04-13T18:18:44.147+0000] {logging_mixin.py:188} INFO - [2025-04-13T18:18:44.146+0000] {dagbag.py:538} INFO - Filling up the DagBag from /home/airflow/.local/lib/python3.8/site-packages/airflow/example_dags/example_task_group.py
[2025-04-13T18:18:44.164+0000] {processor.py:840} INFO - DAG(s) 'example_task_group' retrieved from /home/airflow/.local/lib/python3.8/site-packages/airflow/example_dags/example_task_group.py
[2025-04-13T18:18:44.226+0000] {logging_mixin.py:188} INFO - [2025-04-13T18:18:44.226+0000] {dag.py:3036} INFO - Sync 1 DAGs
[2025-04-13T18:18:44.312+0000] {logging_mixin.py:188} INFO - [2025-04-13T18:18:44.311+0000] {dag.py:3823} INFO - Setting next_dagrun for example_task_group to 2025-04-12 00:00:00+00:00, run_after=2025-04-13 00:00:00+00:00
[2025-04-13T18:18:44.376+0000] {processor.py:183} INFO - Processing /home/airflow/.local/lib/python3.8/site-packages/airflow/example_dags/example_task_group.py took 0.248 seconds
[2025-04-13T18:19:15.083+0000] {processor.py:161} INFO - Started process (PID=9842) to work on /home/airflow/.local/lib/python3.8/site-packages/airflow/example_dags/example_task_group.py
[2025-04-13T18:19:15.086+0000] {processor.py:830} INFO - Processing file /home/airflow/.local/lib/python3.8/site-packages/airflow/example_dags/example_task_group.py for tasks to queue
[2025-04-13T18:19:15.094+0000] {logging_mixin.py:188} INFO - [2025-04-13T18:19:15.093+0000] {dagbag.py:538} INFO - Filling up the DagBag from /home/airflow/.local/lib/python3.8/site-packages/airflow/example_dags/example_task_group.py
[2025-04-13T18:19:15.116+0000] {processor.py:840} INFO - DAG(s) 'example_task_group' retrieved from /home/airflow/.local/lib/python3.8/site-packages/airflow/example_dags/example_task_group.py
[2025-04-13T18:19:15.171+0000] {logging_mixin.py:188} INFO - [2025-04-13T18:19:15.170+0000] {dag.py:3036} INFO - Sync 1 DAGs
[2025-04-13T18:19:15.247+0000] {logging_mixin.py:188} INFO - [2025-04-13T18:19:15.246+0000] {dag.py:3823} INFO - Setting next_dagrun for example_task_group to 2025-04-12 00:00:00+00:00, run_after=2025-04-13 00:00:00+00:00
[2025-04-13T18:19:15.286+0000] {processor.py:183} INFO - Processing /home/airflow/.local/lib/python3.8/site-packages/airflow/example_dags/example_task_group.py took 0.210 seconds
[2025-04-13T18:19:45.624+0000] {processor.py:161} INFO - Started process (PID=9898) to work on /home/airflow/.local/lib/python3.8/site-packages/airflow/example_dags/example_task_group.py
[2025-04-13T18:19:45.630+0000] {processor.py:830} INFO - Processing file /home/airflow/.local/lib/python3.8/site-packages/airflow/example_dags/example_task_group.py for tasks to queue
[2025-04-13T18:19:45.641+0000] {logging_mixin.py:188} INFO - [2025-04-13T18:19:45.640+0000] {dagbag.py:538} INFO - Filling up the DagBag from /home/airflow/.local/lib/python3.8/site-packages/airflow/example_dags/example_task_group.py
[2025-04-13T18:19:45.684+0000] {processor.py:840} INFO - DAG(s) 'example_task_group' retrieved from /home/airflow/.local/lib/python3.8/site-packages/airflow/example_dags/example_task_group.py
[2025-04-13T18:19:45.783+0000] {logging_mixin.py:188} INFO - [2025-04-13T18:19:45.782+0000] {dag.py:3036} INFO - Sync 1 DAGs
[2025-04-13T18:19:45.848+0000] {logging_mixin.py:188} INFO - [2025-04-13T18:19:45.848+0000] {dag.py:3823} INFO - Setting next_dagrun for example_task_group to 2025-04-12 00:00:00+00:00, run_after=2025-04-13 00:00:00+00:00
[2025-04-13T18:19:45.942+0000] {processor.py:183} INFO - Processing /home/airflow/.local/lib/python3.8/site-packages/airflow/example_dags/example_task_group.py took 0.341 seconds
[2025-04-13T18:20:16.250+0000] {processor.py:161} INFO - Started process (PID=9948) to work on /home/airflow/.local/lib/python3.8/site-packages/airflow/example_dags/example_task_group.py
[2025-04-13T18:20:16.252+0000] {processor.py:830} INFO - Processing file /home/airflow/.local/lib/python3.8/site-packages/airflow/example_dags/example_task_group.py for tasks to queue
[2025-04-13T18:20:16.257+0000] {logging_mixin.py:188} INFO - [2025-04-13T18:20:16.256+0000] {dagbag.py:538} INFO - Filling up the DagBag from /home/airflow/.local/lib/python3.8/site-packages/airflow/example_dags/example_task_group.py
[2025-04-13T18:20:16.273+0000] {processor.py:840} INFO - DAG(s) 'example_task_group' retrieved from /home/airflow/.local/lib/python3.8/site-packages/airflow/example_dags/example_task_group.py
[2025-04-13T18:20:16.316+0000] {logging_mixin.py:188} INFO - [2025-04-13T18:20:16.315+0000] {dag.py:3036} INFO - Sync 1 DAGs
[2025-04-13T18:20:16.364+0000] {logging_mixin.py:188} INFO - [2025-04-13T18:20:16.363+0000] {dag.py:3823} INFO - Setting next_dagrun for example_task_group to 2025-04-12 00:00:00+00:00, run_after=2025-04-13 00:00:00+00:00
[2025-04-13T18:20:16.451+0000] {processor.py:183} INFO - Processing /home/airflow/.local/lib/python3.8/site-packages/airflow/example_dags/example_task_group.py took 0.208 seconds
[2025-04-13T18:20:47.543+0000] {processor.py:161} INFO - Started process (PID=10003) to work on /home/airflow/.local/lib/python3.8/site-packages/airflow/example_dags/example_task_group.py
[2025-04-13T18:20:47.544+0000] {processor.py:830} INFO - Processing file /home/airflow/.local/lib/python3.8/site-packages/airflow/example_dags/example_task_group.py for tasks to queue
[2025-04-13T18:20:47.548+0000] {logging_mixin.py:188} INFO - [2025-04-13T18:20:47.548+0000] {dagbag.py:538} INFO - Filling up the DagBag from /home/airflow/.local/lib/python3.8/site-packages/airflow/example_dags/example_task_group.py
[2025-04-13T18:20:47.564+0000] {processor.py:840} INFO - DAG(s) 'example_task_group' retrieved from /home/airflow/.local/lib/python3.8/site-packages/airflow/example_dags/example_task_group.py
[2025-04-13T18:20:47.606+0000] {logging_mixin.py:188} INFO - [2025-04-13T18:20:47.606+0000] {dag.py:3036} INFO - Sync 1 DAGs
[2025-04-13T18:20:47.906+0000] {logging_mixin.py:188} INFO - [2025-04-13T18:20:47.906+0000] {dag.py:3823} INFO - Setting next_dagrun for example_task_group to 2025-04-12 00:00:00+00:00, run_after=2025-04-13 00:00:00+00:00
[2025-04-13T18:20:48.007+0000] {processor.py:183} INFO - Processing /home/airflow/.local/lib/python3.8/site-packages/airflow/example_dags/example_task_group.py took 0.470 seconds
[2025-04-13T18:21:18.248+0000] {processor.py:161} INFO - Started process (PID=10060) to work on /home/airflow/.local/lib/python3.8/site-packages/airflow/example_dags/example_task_group.py
[2025-04-13T18:21:18.251+0000] {processor.py:830} INFO - Processing file /home/airflow/.local/lib/python3.8/site-packages/airflow/example_dags/example_task_group.py for tasks to queue
[2025-04-13T18:21:18.255+0000] {logging_mixin.py:188} INFO - [2025-04-13T18:21:18.255+0000] {dagbag.py:538} INFO - Filling up the DagBag from /home/airflow/.local/lib/python3.8/site-packages/airflow/example_dags/example_task_group.py
[2025-04-13T18:21:18.271+0000] {processor.py:840} INFO - DAG(s) 'example_task_group' retrieved from /home/airflow/.local/lib/python3.8/site-packages/airflow/example_dags/example_task_group.py
[2025-04-13T18:21:18.320+0000] {logging_mixin.py:188} INFO - [2025-04-13T18:21:18.319+0000] {dag.py:3036} INFO - Sync 1 DAGs
[2025-04-13T18:21:18.367+0000] {logging_mixin.py:188} INFO - [2025-04-13T18:21:18.366+0000] {dag.py:3823} INFO - Setting next_dagrun for example_task_group to 2025-04-12 00:00:00+00:00, run_after=2025-04-13 00:00:00+00:00
[2025-04-13T18:21:18.643+0000] {processor.py:183} INFO - Processing /home/airflow/.local/lib/python3.8/site-packages/airflow/example_dags/example_task_group.py took 0.402 seconds
[2025-04-13T18:21:50.111+0000] {processor.py:161} INFO - Started process (PID=10114) to work on /home/airflow/.local/lib/python3.8/site-packages/airflow/example_dags/example_task_group.py
[2025-04-13T18:21:50.113+0000] {processor.py:830} INFO - Processing file /home/airflow/.local/lib/python3.8/site-packages/airflow/example_dags/example_task_group.py for tasks to queue
[2025-04-13T18:21:50.117+0000] {logging_mixin.py:188} INFO - [2025-04-13T18:21:50.116+0000] {dagbag.py:538} INFO - Filling up the DagBag from /home/airflow/.local/lib/python3.8/site-packages/airflow/example_dags/example_task_group.py
[2025-04-13T18:21:50.135+0000] {processor.py:840} INFO - DAG(s) 'example_task_group' retrieved from /home/airflow/.local/lib/python3.8/site-packages/airflow/example_dags/example_task_group.py
[2025-04-13T18:21:50.177+0000] {logging_mixin.py:188} INFO - [2025-04-13T18:21:50.176+0000] {dag.py:3036} INFO - Sync 1 DAGs
[2025-04-13T18:21:50.229+0000] {logging_mixin.py:188} INFO - [2025-04-13T18:21:50.228+0000] {dag.py:3823} INFO - Setting next_dagrun for example_task_group to 2025-04-12 00:00:00+00:00, run_after=2025-04-13 00:00:00+00:00
[2025-04-13T18:21:50.320+0000] {processor.py:183} INFO - Processing /home/airflow/.local/lib/python3.8/site-packages/airflow/example_dags/example_task_group.py took 0.215 seconds
[2025-04-13T18:22:24.158+0000] {processor.py:161} INFO - Started process (PID=10161) to work on /home/airflow/.local/lib/python3.8/site-packages/airflow/example_dags/example_task_group.py
[2025-04-13T18:22:24.160+0000] {processor.py:830} INFO - Processing file /home/airflow/.local/lib/python3.8/site-packages/airflow/example_dags/example_task_group.py for tasks to queue
[2025-04-13T18:22:24.164+0000] {logging_mixin.py:188} INFO - [2025-04-13T18:22:24.163+0000] {dagbag.py:538} INFO - Filling up the DagBag from /home/airflow/.local/lib/python3.8/site-packages/airflow/example_dags/example_task_group.py
[2025-04-13T18:22:24.176+0000] {processor.py:840} INFO - DAG(s) 'example_task_group' retrieved from /home/airflow/.local/lib/python3.8/site-packages/airflow/example_dags/example_task_group.py
[2025-04-13T18:22:24.232+0000] {logging_mixin.py:188} INFO - [2025-04-13T18:22:24.231+0000] {dag.py:3036} INFO - Sync 1 DAGs
[2025-04-13T18:22:24.507+0000] {logging_mixin.py:188} INFO - [2025-04-13T18:22:24.507+0000] {dag.py:3823} INFO - Setting next_dagrun for example_task_group to 2025-04-12 00:00:00+00:00, run_after=2025-04-13 00:00:00+00:00
[2025-04-13T18:22:24.595+0000] {processor.py:183} INFO - Processing /home/airflow/.local/lib/python3.8/site-packages/airflow/example_dags/example_task_group.py took 0.441 seconds
[2025-04-13T18:22:55.520+0000] {processor.py:161} INFO - Started process (PID=10217) to work on /home/airflow/.local/lib/python3.8/site-packages/airflow/example_dags/example_task_group.py
[2025-04-13T18:22:55.521+0000] {processor.py:830} INFO - Processing file /home/airflow/.local/lib/python3.8/site-packages/airflow/example_dags/example_task_group.py for tasks to queue
[2025-04-13T18:22:55.525+0000] {logging_mixin.py:188} INFO - [2025-04-13T18:22:55.524+0000] {dagbag.py:538} INFO - Filling up the DagBag from /home/airflow/.local/lib/python3.8/site-packages/airflow/example_dags/example_task_group.py
[2025-04-13T18:22:55.539+0000] {processor.py:840} INFO - DAG(s) 'example_task_group' retrieved from /home/airflow/.local/lib/python3.8/site-packages/airflow/example_dags/example_task_group.py
[2025-04-13T18:22:55.575+0000] {logging_mixin.py:188} INFO - [2025-04-13T18:22:55.574+0000] {dag.py:3036} INFO - Sync 1 DAGs
[2025-04-13T18:22:55.822+0000] {logging_mixin.py:188} INFO - [2025-04-13T18:22:55.822+0000] {dag.py:3823} INFO - Setting next_dagrun for example_task_group to 2025-04-12 00:00:00+00:00, run_after=2025-04-13 00:00:00+00:00
[2025-04-13T18:22:55.880+0000] {processor.py:183} INFO - Processing /home/airflow/.local/lib/python3.8/site-packages/airflow/example_dags/example_task_group.py took 0.366 seconds
[2025-04-13T18:23:26.376+0000] {processor.py:161} INFO - Started process (PID=10270) to work on /home/airflow/.local/lib/python3.8/site-packages/airflow/example_dags/example_task_group.py
[2025-04-13T18:23:26.381+0000] {processor.py:830} INFO - Processing file /home/airflow/.local/lib/python3.8/site-packages/airflow/example_dags/example_task_group.py for tasks to queue
[2025-04-13T18:23:26.390+0000] {logging_mixin.py:188} INFO - [2025-04-13T18:23:26.389+0000] {dagbag.py:538} INFO - Filling up the DagBag from /home/airflow/.local/lib/python3.8/site-packages/airflow/example_dags/example_task_group.py
[2025-04-13T18:23:26.434+0000] {processor.py:840} INFO - DAG(s) 'example_task_group' retrieved from /home/airflow/.local/lib/python3.8/site-packages/airflow/example_dags/example_task_group.py
[2025-04-13T18:23:26.541+0000] {logging_mixin.py:188} INFO - [2025-04-13T18:23:26.541+0000] {dag.py:3036} INFO - Sync 1 DAGs
[2025-04-13T18:23:26.606+0000] {logging_mixin.py:188} INFO - [2025-04-13T18:23:26.605+0000] {dag.py:3823} INFO - Setting next_dagrun for example_task_group to 2025-04-12 00:00:00+00:00, run_after=2025-04-13 00:00:00+00:00
[2025-04-13T18:23:26.685+0000] {processor.py:183} INFO - Processing /home/airflow/.local/lib/python3.8/site-packages/airflow/example_dags/example_task_group.py took 0.330 seconds
[2025-04-13T18:23:59.048+0000] {processor.py:161} INFO - Started process (PID=10323) to work on /home/airflow/.local/lib/python3.8/site-packages/airflow/example_dags/example_task_group.py
[2025-04-13T18:23:59.050+0000] {processor.py:830} INFO - Processing file /home/airflow/.local/lib/python3.8/site-packages/airflow/example_dags/example_task_group.py for tasks to queue
[2025-04-13T18:23:59.054+0000] {logging_mixin.py:188} INFO - [2025-04-13T18:23:59.053+0000] {dagbag.py:538} INFO - Filling up the DagBag from /home/airflow/.local/lib/python3.8/site-packages/airflow/example_dags/example_task_group.py
[2025-04-13T18:23:59.326+0000] {processor.py:840} INFO - DAG(s) 'example_task_group' retrieved from /home/airflow/.local/lib/python3.8/site-packages/airflow/example_dags/example_task_group.py
[2025-04-13T18:23:59.362+0000] {logging_mixin.py:188} INFO - [2025-04-13T18:23:59.362+0000] {dag.py:3036} INFO - Sync 1 DAGs
[2025-04-13T18:23:59.405+0000] {logging_mixin.py:188} INFO - [2025-04-13T18:23:59.404+0000] {dag.py:3823} INFO - Setting next_dagrun for example_task_group to 2025-04-12 00:00:00+00:00, run_after=2025-04-13 00:00:00+00:00
[2025-04-13T18:23:59.444+0000] {processor.py:183} INFO - Processing /home/airflow/.local/lib/python3.8/site-packages/airflow/example_dags/example_task_group.py took 0.403 seconds
[2025-04-13T18:24:30.369+0000] {processor.py:161} INFO - Started process (PID=10380) to work on /home/airflow/.local/lib/python3.8/site-packages/airflow/example_dags/example_task_group.py
[2025-04-13T18:24:30.370+0000] {processor.py:830} INFO - Processing file /home/airflow/.local/lib/python3.8/site-packages/airflow/example_dags/example_task_group.py for tasks to queue
[2025-04-13T18:24:30.374+0000] {logging_mixin.py:188} INFO - [2025-04-13T18:24:30.373+0000] {dagbag.py:538} INFO - Filling up the DagBag from /home/airflow/.local/lib/python3.8/site-packages/airflow/example_dags/example_task_group.py
[2025-04-13T18:24:30.390+0000] {processor.py:840} INFO - DAG(s) 'example_task_group' retrieved from /home/airflow/.local/lib/python3.8/site-packages/airflow/example_dags/example_task_group.py
[2025-04-13T18:24:30.432+0000] {logging_mixin.py:188} INFO - [2025-04-13T18:24:30.432+0000] {dag.py:3036} INFO - Sync 1 DAGs
[2025-04-13T18:24:30.480+0000] {logging_mixin.py:188} INFO - [2025-04-13T18:24:30.479+0000] {dag.py:3823} INFO - Setting next_dagrun for example_task_group to 2025-04-12 00:00:00+00:00, run_after=2025-04-13 00:00:00+00:00
[2025-04-13T18:24:30.518+0000] {processor.py:183} INFO - Processing /home/airflow/.local/lib/python3.8/site-packages/airflow/example_dags/example_task_group.py took 0.155 seconds
[2025-04-13T18:25:00.634+0000] {processor.py:161} INFO - Started process (PID=10418) to work on /home/airflow/.local/lib/python3.8/site-packages/airflow/example_dags/example_task_group.py
[2025-04-13T18:25:00.637+0000] {processor.py:830} INFO - Processing file /home/airflow/.local/lib/python3.8/site-packages/airflow/example_dags/example_task_group.py for tasks to queue
[2025-04-13T18:25:00.644+0000] {logging_mixin.py:188} INFO - [2025-04-13T18:25:00.643+0000] {dagbag.py:538} INFO - Filling up the DagBag from /home/airflow/.local/lib/python3.8/site-packages/airflow/example_dags/example_task_group.py
[2025-04-13T18:25:00.668+0000] {processor.py:840} INFO - DAG(s) 'example_task_group' retrieved from /home/airflow/.local/lib/python3.8/site-packages/airflow/example_dags/example_task_group.py
[2025-04-13T18:25:00.719+0000] {logging_mixin.py:188} INFO - [2025-04-13T18:25:00.718+0000] {dag.py:3036} INFO - Sync 1 DAGs
[2025-04-13T18:25:00.764+0000] {logging_mixin.py:188} INFO - [2025-04-13T18:25:00.764+0000] {dag.py:3823} INFO - Setting next_dagrun for example_task_group to 2025-04-12 00:00:00+00:00, run_after=2025-04-13 00:00:00+00:00
[2025-04-13T18:25:00.804+0000] {processor.py:183} INFO - Processing /home/airflow/.local/lib/python3.8/site-packages/airflow/example_dags/example_task_group.py took 0.178 seconds
[2025-04-13T18:25:33.273+0000] {processor.py:161} INFO - Started process (PID=10475) to work on /home/airflow/.local/lib/python3.8/site-packages/airflow/example_dags/example_task_group.py
[2025-04-13T18:25:33.275+0000] {processor.py:830} INFO - Processing file /home/airflow/.local/lib/python3.8/site-packages/airflow/example_dags/example_task_group.py for tasks to queue
[2025-04-13T18:25:33.278+0000] {logging_mixin.py:188} INFO - [2025-04-13T18:25:33.278+0000] {dagbag.py:538} INFO - Filling up the DagBag from /home/airflow/.local/lib/python3.8/site-packages/airflow/example_dags/example_task_group.py
[2025-04-13T18:25:33.291+0000] {processor.py:840} INFO - DAG(s) 'example_task_group' retrieved from /home/airflow/.local/lib/python3.8/site-packages/airflow/example_dags/example_task_group.py
[2025-04-13T18:25:33.328+0000] {logging_mixin.py:188} INFO - [2025-04-13T18:25:33.327+0000] {dag.py:3036} INFO - Sync 1 DAGs
[2025-04-13T18:25:33.370+0000] {logging_mixin.py:188} INFO - [2025-04-13T18:25:33.370+0000] {dag.py:3823} INFO - Setting next_dagrun for example_task_group to 2025-04-12 00:00:00+00:00, run_after=2025-04-13 00:00:00+00:00
[2025-04-13T18:25:33.447+0000] {processor.py:183} INFO - Processing /home/airflow/.local/lib/python3.8/site-packages/airflow/example_dags/example_task_group.py took 0.179 seconds
[2025-04-13T18:26:05.849+0000] {processor.py:161} INFO - Started process (PID=10531) to work on /home/airflow/.local/lib/python3.8/site-packages/airflow/example_dags/example_task_group.py
[2025-04-13T18:26:05.855+0000] {processor.py:830} INFO - Processing file /home/airflow/.local/lib/python3.8/site-packages/airflow/example_dags/example_task_group.py for tasks to queue
[2025-04-13T18:26:05.865+0000] {logging_mixin.py:188} INFO - [2025-04-13T18:26:05.864+0000] {dagbag.py:538} INFO - Filling up the DagBag from /home/airflow/.local/lib/python3.8/site-packages/airflow/example_dags/example_task_group.py
[2025-04-13T18:26:05.901+0000] {processor.py:840} INFO - DAG(s) 'example_task_group' retrieved from /home/airflow/.local/lib/python3.8/site-packages/airflow/example_dags/example_task_group.py
[2025-04-13T18:26:05.946+0000] {logging_mixin.py:188} INFO - [2025-04-13T18:26:05.945+0000] {dag.py:3036} INFO - Sync 1 DAGs
[2025-04-13T18:26:05.991+0000] {logging_mixin.py:188} INFO - [2025-04-13T18:26:05.990+0000] {dag.py:3823} INFO - Setting next_dagrun for example_task_group to 2025-04-12 00:00:00+00:00, run_after=2025-04-13 00:00:00+00:00
[2025-04-13T18:26:06.024+0000] {processor.py:183} INFO - Processing /home/airflow/.local/lib/python3.8/site-packages/airflow/example_dags/example_task_group.py took 0.196 seconds
[2025-04-13T18:26:38.780+0000] {processor.py:161} INFO - Started process (PID=10587) to work on /home/airflow/.local/lib/python3.8/site-packages/airflow/example_dags/example_task_group.py
[2025-04-13T18:26:38.784+0000] {processor.py:830} INFO - Processing file /home/airflow/.local/lib/python3.8/site-packages/airflow/example_dags/example_task_group.py for tasks to queue
[2025-04-13T18:26:38.796+0000] {logging_mixin.py:188} INFO - [2025-04-13T18:26:38.795+0000] {dagbag.py:538} INFO - Filling up the DagBag from /home/airflow/.local/lib/python3.8/site-packages/airflow/example_dags/example_task_group.py
[2025-04-13T18:26:38.829+0000] {processor.py:840} INFO - DAG(s) 'example_task_group' retrieved from /home/airflow/.local/lib/python3.8/site-packages/airflow/example_dags/example_task_group.py
[2025-04-13T18:26:38.931+0000] {logging_mixin.py:188} INFO - [2025-04-13T18:26:38.930+0000] {dag.py:3036} INFO - Sync 1 DAGs
[2025-04-13T18:26:39.005+0000] {logging_mixin.py:188} INFO - [2025-04-13T18:26:39.004+0000] {dag.py:3823} INFO - Setting next_dagrun for example_task_group to 2025-04-12 00:00:00+00:00, run_after=2025-04-13 00:00:00+00:00
[2025-04-13T18:26:39.089+0000] {processor.py:183} INFO - Processing /home/airflow/.local/lib/python3.8/site-packages/airflow/example_dags/example_task_group.py took 0.325 seconds
[2025-04-13T18:27:11.561+0000] {processor.py:161} INFO - Started process (PID=10643) to work on /home/airflow/.local/lib/python3.8/site-packages/airflow/example_dags/example_task_group.py
[2025-04-13T18:27:11.565+0000] {processor.py:830} INFO - Processing file /home/airflow/.local/lib/python3.8/site-packages/airflow/example_dags/example_task_group.py for tasks to queue
[2025-04-13T18:27:11.572+0000] {logging_mixin.py:188} INFO - [2025-04-13T18:27:11.572+0000] {dagbag.py:538} INFO - Filling up the DagBag from /home/airflow/.local/lib/python3.8/site-packages/airflow/example_dags/example_task_group.py
[2025-04-13T18:27:11.599+0000] {processor.py:840} INFO - DAG(s) 'example_task_group' retrieved from /home/airflow/.local/lib/python3.8/site-packages/airflow/example_dags/example_task_group.py
[2025-04-13T18:27:11.654+0000] {logging_mixin.py:188} INFO - [2025-04-13T18:27:11.654+0000] {dag.py:3036} INFO - Sync 1 DAGs
[2025-04-13T18:27:11.690+0000] {logging_mixin.py:188} INFO - [2025-04-13T18:27:11.690+0000] {dag.py:3823} INFO - Setting next_dagrun for example_task_group to 2025-04-12 00:00:00+00:00, run_after=2025-04-13 00:00:00+00:00
[2025-04-13T18:27:11.782+0000] {processor.py:183} INFO - Processing /home/airflow/.local/lib/python3.8/site-packages/airflow/example_dags/example_task_group.py took 0.230 seconds
[2025-04-13T18:27:44.382+0000] {processor.py:161} INFO - Started process (PID=10698) to work on /home/airflow/.local/lib/python3.8/site-packages/airflow/example_dags/example_task_group.py
[2025-04-13T18:27:44.385+0000] {processor.py:830} INFO - Processing file /home/airflow/.local/lib/python3.8/site-packages/airflow/example_dags/example_task_group.py for tasks to queue
[2025-04-13T18:27:44.392+0000] {logging_mixin.py:188} INFO - [2025-04-13T18:27:44.391+0000] {dagbag.py:538} INFO - Filling up the DagBag from /home/airflow/.local/lib/python3.8/site-packages/airflow/example_dags/example_task_group.py
[2025-04-13T18:27:44.413+0000] {processor.py:840} INFO - DAG(s) 'example_task_group' retrieved from /home/airflow/.local/lib/python3.8/site-packages/airflow/example_dags/example_task_group.py
[2025-04-13T18:27:44.458+0000] {logging_mixin.py:188} INFO - [2025-04-13T18:27:44.458+0000] {dag.py:3036} INFO - Sync 1 DAGs
[2025-04-13T18:27:44.503+0000] {logging_mixin.py:188} INFO - [2025-04-13T18:27:44.503+0000] {dag.py:3823} INFO - Setting next_dagrun for example_task_group to 2025-04-12 00:00:00+00:00, run_after=2025-04-13 00:00:00+00:00
[2025-04-13T18:27:44.586+0000] {processor.py:183} INFO - Processing /home/airflow/.local/lib/python3.8/site-packages/airflow/example_dags/example_task_group.py took 0.215 seconds
[2025-04-13T18:28:14.958+0000] {processor.py:161} INFO - Started process (PID=10755) to work on /home/airflow/.local/lib/python3.8/site-packages/airflow/example_dags/example_task_group.py
[2025-04-13T18:28:14.960+0000] {processor.py:830} INFO - Processing file /home/airflow/.local/lib/python3.8/site-packages/airflow/example_dags/example_task_group.py for tasks to queue
[2025-04-13T18:28:14.965+0000] {logging_mixin.py:188} INFO - [2025-04-13T18:28:14.964+0000] {dagbag.py:538} INFO - Filling up the DagBag from /home/airflow/.local/lib/python3.8/site-packages/airflow/example_dags/example_task_group.py
[2025-04-13T18:28:17.181+0000] {processor.py:840} INFO - DAG(s) 'example_task_group' retrieved from /home/airflow/.local/lib/python3.8/site-packages/airflow/example_dags/example_task_group.py
[2025-04-13T18:28:17.362+0000] {logging_mixin.py:188} INFO - [2025-04-13T18:28:17.362+0000] {dag.py:3036} INFO - Sync 1 DAGs
[2025-04-13T18:28:17.425+0000] {logging_mixin.py:188} INFO - [2025-04-13T18:28:17.424+0000] {dag.py:3823} INFO - Setting next_dagrun for example_task_group to 2025-04-12 00:00:00+00:00, run_after=2025-04-13 00:00:00+00:00
[2025-04-13T18:28:17.484+0000] {processor.py:183} INFO - Processing /home/airflow/.local/lib/python3.8/site-packages/airflow/example_dags/example_task_group.py took 0.337 seconds
[2025-04-13T18:28:47.920+0000] {processor.py:161} INFO - Started process (PID=10811) to work on /home/airflow/.local/lib/python3.8/site-packages/airflow/example_dags/example_task_group.py
[2025-04-13T18:28:47.923+0000] {processor.py:830} INFO - Processing file /home/airflow/.local/lib/python3.8/site-packages/airflow/example_dags/example_task_group.py for tasks to queue
[2025-04-13T18:28:47.931+0000] {logging_mixin.py:188} INFO - [2025-04-13T18:28:47.930+0000] {dagbag.py:538} INFO - Filling up the DagBag from /home/airflow/.local/lib/python3.8/site-packages/airflow/example_dags/example_task_group.py
[2025-04-13T18:28:47.946+0000] {processor.py:840} INFO - DAG(s) 'example_task_group' retrieved from /home/airflow/.local/lib/python3.8/site-packages/airflow/example_dags/example_task_group.py
[2025-04-13T18:28:50.199+0000] {logging_mixin.py:188} INFO - [2025-04-13T18:28:50.199+0000] {dag.py:3036} INFO - Sync 1 DAGs
[2025-04-13T18:28:50.258+0000] {logging_mixin.py:188} INFO - [2025-04-13T18:28:50.258+0000] {dag.py:3823} INFO - Setting next_dagrun for example_task_group to 2025-04-12 00:00:00+00:00, run_after=2025-04-13 00:00:00+00:00
[2025-04-13T18:28:50.298+0000] {processor.py:183} INFO - Processing /home/airflow/.local/lib/python3.8/site-packages/airflow/example_dags/example_task_group.py took 0.171 seconds
[2025-04-13T18:29:23.301+0000] {processor.py:161} INFO - Started process (PID=10867) to work on /home/airflow/.local/lib/python3.8/site-packages/airflow/example_dags/example_task_group.py
[2025-04-13T18:29:23.307+0000] {processor.py:830} INFO - Processing file /home/airflow/.local/lib/python3.8/site-packages/airflow/example_dags/example_task_group.py for tasks to queue
[2025-04-13T18:29:23.319+0000] {logging_mixin.py:188} INFO - [2025-04-13T18:29:23.318+0000] {dagbag.py:538} INFO - Filling up the DagBag from /home/airflow/.local/lib/python3.8/site-packages/airflow/example_dags/example_task_group.py
[2025-04-13T18:29:23.353+0000] {processor.py:840} INFO - DAG(s) 'example_task_group' retrieved from /home/airflow/.local/lib/python3.8/site-packages/airflow/example_dags/example_task_group.py
[2025-04-13T18:29:23.430+0000] {logging_mixin.py:188} INFO - [2025-04-13T18:29:23.429+0000] {dag.py:3036} INFO - Sync 1 DAGs
[2025-04-13T18:29:23.466+0000] {logging_mixin.py:188} INFO - [2025-04-13T18:29:23.466+0000] {dag.py:3823} INFO - Setting next_dagrun for example_task_group to 2025-04-12 00:00:00+00:00, run_after=2025-04-13 00:00:00+00:00
[2025-04-13T18:29:23.500+0000] {processor.py:183} INFO - Processing /home/airflow/.local/lib/python3.8/site-packages/airflow/example_dags/example_task_group.py took 0.214 seconds
[2025-04-13T18:29:56.453+0000] {processor.py:161} INFO - Started process (PID=10923) to work on /home/airflow/.local/lib/python3.8/site-packages/airflow/example_dags/example_task_group.py
[2025-04-13T18:29:56.459+0000] {processor.py:830} INFO - Processing file /home/airflow/.local/lib/python3.8/site-packages/airflow/example_dags/example_task_group.py for tasks to queue
[2025-04-13T18:29:56.471+0000] {logging_mixin.py:188} INFO - [2025-04-13T18:29:56.470+0000] {dagbag.py:538} INFO - Filling up the DagBag from /home/airflow/.local/lib/python3.8/site-packages/airflow/example_dags/example_task_group.py
[2025-04-13T18:29:56.510+0000] {processor.py:840} INFO - DAG(s) 'example_task_group' retrieved from /home/airflow/.local/lib/python3.8/site-packages/airflow/example_dags/example_task_group.py
[2025-04-13T18:29:56.619+0000] {logging_mixin.py:188} INFO - [2025-04-13T18:29:56.618+0000] {dag.py:3036} INFO - Sync 1 DAGs
[2025-04-13T18:29:56.671+0000] {logging_mixin.py:188} INFO - [2025-04-13T18:29:56.671+0000] {dag.py:3823} INFO - Setting next_dagrun for example_task_group to 2025-04-12 00:00:00+00:00, run_after=2025-04-13 00:00:00+00:00
[2025-04-13T18:29:56.770+0000] {processor.py:183} INFO - Processing /home/airflow/.local/lib/python3.8/site-packages/airflow/example_dags/example_task_group.py took 0.339 seconds
[2025-04-13T18:30:29.301+0000] {processor.py:161} INFO - Started process (PID=10980) to work on /home/airflow/.local/lib/python3.8/site-packages/airflow/example_dags/example_task_group.py
[2025-04-13T18:30:29.303+0000] {processor.py:830} INFO - Processing file /home/airflow/.local/lib/python3.8/site-packages/airflow/example_dags/example_task_group.py for tasks to queue
[2025-04-13T18:30:29.308+0000] {logging_mixin.py:188} INFO - [2025-04-13T18:30:29.307+0000] {dagbag.py:538} INFO - Filling up the DagBag from /home/airflow/.local/lib/python3.8/site-packages/airflow/example_dags/example_task_group.py
[2025-04-13T18:30:29.323+0000] {processor.py:840} INFO - DAG(s) 'example_task_group' retrieved from /home/airflow/.local/lib/python3.8/site-packages/airflow/example_dags/example_task_group.py
[2025-04-13T18:30:29.371+0000] {logging_mixin.py:188} INFO - [2025-04-13T18:30:29.371+0000] {dag.py:3036} INFO - Sync 1 DAGs
[2025-04-13T18:30:29.414+0000] {logging_mixin.py:188} INFO - [2025-04-13T18:30:29.414+0000] {dag.py:3823} INFO - Setting next_dagrun for example_task_group to 2025-04-12 00:00:00+00:00, run_after=2025-04-13 00:00:00+00:00
[2025-04-13T18:30:29.512+0000] {processor.py:183} INFO - Processing /home/airflow/.local/lib/python3.8/site-packages/airflow/example_dags/example_task_group.py took 0.220 seconds
[2025-04-13T18:31:02.452+0000] {processor.py:161} INFO - Started process (PID=11037) to work on /home/airflow/.local/lib/python3.8/site-packages/airflow/example_dags/example_task_group.py
[2025-04-13T18:31:02.454+0000] {processor.py:830} INFO - Processing file /home/airflow/.local/lib/python3.8/site-packages/airflow/example_dags/example_task_group.py for tasks to queue
[2025-04-13T18:31:02.461+0000] {logging_mixin.py:188} INFO - [2025-04-13T18:31:02.460+0000] {dagbag.py:538} INFO - Filling up the DagBag from /home/airflow/.local/lib/python3.8/site-packages/airflow/example_dags/example_task_group.py
[2025-04-13T18:31:02.475+0000] {processor.py:840} INFO - DAG(s) 'example_task_group' retrieved from /home/airflow/.local/lib/python3.8/site-packages/airflow/example_dags/example_task_group.py
[2025-04-13T18:31:02.514+0000] {logging_mixin.py:188} INFO - [2025-04-13T18:31:02.514+0000] {dag.py:3036} INFO - Sync 1 DAGs
[2025-04-13T18:31:02.555+0000] {logging_mixin.py:188} INFO - [2025-04-13T18:31:02.554+0000] {dag.py:3823} INFO - Setting next_dagrun for example_task_group to 2025-04-12 00:00:00+00:00, run_after=2025-04-13 00:00:00+00:00
[2025-04-13T18:31:02.586+0000] {processor.py:183} INFO - Processing /home/airflow/.local/lib/python3.8/site-packages/airflow/example_dags/example_task_group.py took 0.143 seconds
[2025-04-13T18:31:32.987+0000] {processor.py:161} INFO - Started process (PID=11094) to work on /home/airflow/.local/lib/python3.8/site-packages/airflow/example_dags/example_task_group.py
[2025-04-13T18:31:32.990+0000] {processor.py:830} INFO - Processing file /home/airflow/.local/lib/python3.8/site-packages/airflow/example_dags/example_task_group.py for tasks to queue
[2025-04-13T18:31:32.995+0000] {logging_mixin.py:188} INFO - [2025-04-13T18:31:32.995+0000] {dagbag.py:538} INFO - Filling up the DagBag from /home/airflow/.local/lib/python3.8/site-packages/airflow/example_dags/example_task_group.py
[2025-04-13T18:31:33.011+0000] {processor.py:840} INFO - DAG(s) 'example_task_group' retrieved from /home/airflow/.local/lib/python3.8/site-packages/airflow/example_dags/example_task_group.py
[2025-04-13T18:31:35.262+0000] {logging_mixin.py:188} INFO - [2025-04-13T18:31:35.261+0000] {dag.py:3036} INFO - Sync 1 DAGs
[2025-04-13T18:31:35.308+0000] {logging_mixin.py:188} INFO - [2025-04-13T18:31:35.308+0000] {dag.py:3823} INFO - Setting next_dagrun for example_task_group to 2025-04-12 00:00:00+00:00, run_after=2025-04-13 00:00:00+00:00
[2025-04-13T18:31:35.371+0000] {processor.py:183} INFO - Processing /home/airflow/.local/lib/python3.8/site-packages/airflow/example_dags/example_task_group.py took 0.190 seconds
[2025-04-13T18:32:05.841+0000] {processor.py:161} INFO - Started process (PID=11150) to work on /home/airflow/.local/lib/python3.8/site-packages/airflow/example_dags/example_task_group.py
[2025-04-13T18:32:05.846+0000] {processor.py:830} INFO - Processing file /home/airflow/.local/lib/python3.8/site-packages/airflow/example_dags/example_task_group.py for tasks to queue
[2025-04-13T18:32:05.858+0000] {logging_mixin.py:188} INFO - [2025-04-13T18:32:05.857+0000] {dagbag.py:538} INFO - Filling up the DagBag from /home/airflow/.local/lib/python3.8/site-packages/airflow/example_dags/example_task_group.py
[2025-04-13T18:32:05.897+0000] {processor.py:840} INFO - DAG(s) 'example_task_group' retrieved from /home/airflow/.local/lib/python3.8/site-packages/airflow/example_dags/example_task_group.py
[2025-04-13T18:32:05.951+0000] {logging_mixin.py:188} INFO - [2025-04-13T18:32:05.951+0000] {dag.py:3036} INFO - Sync 1 DAGs
[2025-04-13T18:32:08.181+0000] {logging_mixin.py:188} INFO - [2025-04-13T18:32:08.181+0000] {dag.py:3823} INFO - Setting next_dagrun for example_task_group to 2025-04-12 00:00:00+00:00, run_after=2025-04-13 00:00:00+00:00
[2025-04-13T18:32:08.233+0000] {processor.py:183} INFO - Processing /home/airflow/.local/lib/python3.8/site-packages/airflow/example_dags/example_task_group.py took 0.227 seconds
[2025-04-13T18:32:41.512+0000] {processor.py:161} INFO - Started process (PID=11206) to work on /home/airflow/.local/lib/python3.8/site-packages/airflow/example_dags/example_task_group.py
[2025-04-13T18:32:41.514+0000] {processor.py:830} INFO - Processing file /home/airflow/.local/lib/python3.8/site-packages/airflow/example_dags/example_task_group.py for tasks to queue
[2025-04-13T18:32:41.519+0000] {logging_mixin.py:188} INFO - [2025-04-13T18:32:41.518+0000] {dagbag.py:538} INFO - Filling up the DagBag from /home/airflow/.local/lib/python3.8/site-packages/airflow/example_dags/example_task_group.py
[2025-04-13T18:32:41.533+0000] {processor.py:840} INFO - DAG(s) 'example_task_group' retrieved from /home/airflow/.local/lib/python3.8/site-packages/airflow/example_dags/example_task_group.py
[2025-04-13T18:32:41.577+0000] {logging_mixin.py:188} INFO - [2025-04-13T18:32:41.577+0000] {dag.py:3036} INFO - Sync 1 DAGs
[2025-04-13T18:32:41.624+0000] {logging_mixin.py:188} INFO - [2025-04-13T18:32:41.624+0000] {dag.py:3823} INFO - Setting next_dagrun for example_task_group to 2025-04-12 00:00:00+00:00, run_after=2025-04-13 00:00:00+00:00
[2025-04-13T18:32:41.660+0000] {processor.py:183} INFO - Processing /home/airflow/.local/lib/python3.8/site-packages/airflow/example_dags/example_task_group.py took 0.153 seconds
[2025-04-13T18:33:12.113+0000] {processor.py:161} INFO - Started process (PID=11262) to work on /home/airflow/.local/lib/python3.8/site-packages/airflow/example_dags/example_task_group.py
[2025-04-13T18:33:12.115+0000] {processor.py:830} INFO - Processing file /home/airflow/.local/lib/python3.8/site-packages/airflow/example_dags/example_task_group.py for tasks to queue
[2025-04-13T18:33:12.122+0000] {logging_mixin.py:188} INFO - [2025-04-13T18:33:12.121+0000] {dagbag.py:538} INFO - Filling up the DagBag from /home/airflow/.local/lib/python3.8/site-packages/airflow/example_dags/example_task_group.py
[2025-04-13T18:33:12.136+0000] {processor.py:840} INFO - DAG(s) 'example_task_group' retrieved from /home/airflow/.local/lib/python3.8/site-packages/airflow/example_dags/example_task_group.py
[2025-04-13T18:33:14.372+0000] {logging_mixin.py:188} INFO - [2025-04-13T18:33:14.371+0000] {dag.py:3036} INFO - Sync 1 DAGs
[2025-04-13T18:33:14.424+0000] {logging_mixin.py:188} INFO - [2025-04-13T18:33:14.424+0000] {dag.py:3823} INFO - Setting next_dagrun for example_task_group to 2025-04-12 00:00:00+00:00, run_after=2025-04-13 00:00:00+00:00
[2025-04-13T18:33:14.516+0000] {processor.py:183} INFO - Processing /home/airflow/.local/lib/python3.8/site-packages/airflow/example_dags/example_task_group.py took 0.220 seconds
[2025-04-13T18:33:45.224+0000] {processor.py:161} INFO - Started process (PID=11318) to work on /home/airflow/.local/lib/python3.8/site-packages/airflow/example_dags/example_task_group.py
[2025-04-13T18:33:45.227+0000] {processor.py:830} INFO - Processing file /home/airflow/.local/lib/python3.8/site-packages/airflow/example_dags/example_task_group.py for tasks to queue
[2025-04-13T18:33:45.233+0000] {logging_mixin.py:188} INFO - [2025-04-13T18:33:45.232+0000] {dagbag.py:538} INFO - Filling up the DagBag from /home/airflow/.local/lib/python3.8/site-packages/airflow/example_dags/example_task_group.py
[2025-04-13T18:33:45.253+0000] {processor.py:840} INFO - DAG(s) 'example_task_group' retrieved from /home/airflow/.local/lib/python3.8/site-packages/airflow/example_dags/example_task_group.py
[2025-04-13T18:33:47.508+0000] {logging_mixin.py:188} INFO - [2025-04-13T18:33:47.508+0000] {dag.py:3036} INFO - Sync 1 DAGs
[2025-04-13T18:33:47.561+0000] {logging_mixin.py:188} INFO - [2025-04-13T18:33:47.560+0000] {dag.py:3823} INFO - Setting next_dagrun for example_task_group to 2025-04-12 00:00:00+00:00, run_after=2025-04-13 00:00:00+00:00
[2025-04-13T18:33:47.662+0000] {processor.py:183} INFO - Processing /home/airflow/.local/lib/python3.8/site-packages/airflow/example_dags/example_task_group.py took 0.268 seconds
[2025-04-13T18:34:20.757+0000] {processor.py:161} INFO - Started process (PID=11374) to work on /home/airflow/.local/lib/python3.8/site-packages/airflow/example_dags/example_task_group.py
[2025-04-13T18:34:20.760+0000] {processor.py:830} INFO - Processing file /home/airflow/.local/lib/python3.8/site-packages/airflow/example_dags/example_task_group.py for tasks to queue
[2025-04-13T18:34:20.768+0000] {logging_mixin.py:188} INFO - [2025-04-13T18:34:20.767+0000] {dagbag.py:538} INFO - Filling up the DagBag from /home/airflow/.local/lib/python3.8/site-packages/airflow/example_dags/example_task_group.py
[2025-04-13T18:34:20.795+0000] {processor.py:840} INFO - DAG(s) 'example_task_group' retrieved from /home/airflow/.local/lib/python3.8/site-packages/airflow/example_dags/example_task_group.py
[2025-04-13T18:34:20.848+0000] {logging_mixin.py:188} INFO - [2025-04-13T18:34:20.847+0000] {dag.py:3036} INFO - Sync 1 DAGs
[2025-04-13T18:34:20.901+0000] {logging_mixin.py:188} INFO - [2025-04-13T18:34:20.900+0000] {dag.py:3823} INFO - Setting next_dagrun for example_task_group to 2025-04-12 00:00:00+00:00, run_after=2025-04-13 00:00:00+00:00
[2025-04-13T18:34:21.001+0000] {processor.py:183} INFO - Processing /home/airflow/.local/lib/python3.8/site-packages/airflow/example_dags/example_task_group.py took 0.255 seconds
[2025-04-13T18:34:53.992+0000] {processor.py:161} INFO - Started process (PID=11430) to work on /home/airflow/.local/lib/python3.8/site-packages/airflow/example_dags/example_task_group.py
[2025-04-13T18:34:53.996+0000] {processor.py:830} INFO - Processing file /home/airflow/.local/lib/python3.8/site-packages/airflow/example_dags/example_task_group.py for tasks to queue
[2025-04-13T18:34:54.006+0000] {logging_mixin.py:188} INFO - [2025-04-13T18:34:54.004+0000] {dagbag.py:538} INFO - Filling up the DagBag from /home/airflow/.local/lib/python3.8/site-packages/airflow/example_dags/example_task_group.py
[2025-04-13T18:34:54.044+0000] {processor.py:840} INFO - DAG(s) 'example_task_group' retrieved from /home/airflow/.local/lib/python3.8/site-packages/airflow/example_dags/example_task_group.py
[2025-04-13T18:34:54.099+0000] {logging_mixin.py:188} INFO - [2025-04-13T18:34:54.099+0000] {dag.py:3036} INFO - Sync 1 DAGs
[2025-04-13T18:34:54.142+0000] {logging_mixin.py:188} INFO - [2025-04-13T18:34:54.141+0000] {dag.py:3823} INFO - Setting next_dagrun for example_task_group to 2025-04-12 00:00:00+00:00, run_after=2025-04-13 00:00:00+00:00
[2025-04-13T18:34:54.179+0000] {processor.py:183} INFO - Processing /home/airflow/.local/lib/python3.8/site-packages/airflow/example_dags/example_task_group.py took 0.202 seconds
[2025-04-13T18:35:26.976+0000] {processor.py:161} INFO - Started process (PID=11486) to work on /home/airflow/.local/lib/python3.8/site-packages/airflow/example_dags/example_task_group.py
[2025-04-13T18:35:26.982+0000] {processor.py:830} INFO - Processing file /home/airflow/.local/lib/python3.8/site-packages/airflow/example_dags/example_task_group.py for tasks to queue
[2025-04-13T18:35:27.000+0000] {logging_mixin.py:188} INFO - [2025-04-13T18:35:26.998+0000] {dagbag.py:538} INFO - Filling up the DagBag from /home/airflow/.local/lib/python3.8/site-packages/airflow/example_dags/example_task_group.py
[2025-04-13T18:35:27.038+0000] {processor.py:840} INFO - DAG(s) 'example_task_group' retrieved from /home/airflow/.local/lib/python3.8/site-packages/airflow/example_dags/example_task_group.py
[2025-04-13T18:35:27.092+0000] {logging_mixin.py:188} INFO - [2025-04-13T18:35:27.091+0000] {dag.py:3036} INFO - Sync 1 DAGs
[2025-04-13T18:35:27.130+0000] {logging_mixin.py:188} INFO - [2025-04-13T18:35:27.130+0000] {dag.py:3823} INFO - Setting next_dagrun for example_task_group to 2025-04-12 00:00:00+00:00, run_after=2025-04-13 00:00:00+00:00
[2025-04-13T18:35:27.161+0000] {processor.py:183} INFO - Processing /home/airflow/.local/lib/python3.8/site-packages/airflow/example_dags/example_task_group.py took 0.203 seconds
[2025-04-13T18:35:58.105+0000] {processor.py:161} INFO - Started process (PID=11542) to work on /home/airflow/.local/lib/python3.8/site-packages/airflow/example_dags/example_task_group.py
[2025-04-13T18:35:58.107+0000] {processor.py:830} INFO - Processing file /home/airflow/.local/lib/python3.8/site-packages/airflow/example_dags/example_task_group.py for tasks to queue
[2025-04-13T18:35:58.119+0000] {logging_mixin.py:188} INFO - [2025-04-13T18:35:58.117+0000] {dagbag.py:538} INFO - Filling up the DagBag from /home/airflow/.local/lib/python3.8/site-packages/airflow/example_dags/example_task_group.py
[2025-04-13T18:35:58.148+0000] {processor.py:840} INFO - DAG(s) 'example_task_group' retrieved from /home/airflow/.local/lib/python3.8/site-packages/airflow/example_dags/example_task_group.py
[2025-04-13T18:35:58.197+0000] {logging_mixin.py:188} INFO - [2025-04-13T18:35:58.196+0000] {dag.py:3036} INFO - Sync 1 DAGs
[2025-04-13T18:35:58.257+0000] {logging_mixin.py:188} INFO - [2025-04-13T18:35:58.256+0000] {dag.py:3823} INFO - Setting next_dagrun for example_task_group to 2025-04-12 00:00:00+00:00, run_after=2025-04-13 00:00:00+00:00
[2025-04-13T18:35:58.297+0000] {processor.py:183} INFO - Processing /home/airflow/.local/lib/python3.8/site-packages/airflow/example_dags/example_task_group.py took 0.216 seconds
[2025-04-13T18:36:28.740+0000] {processor.py:161} INFO - Started process (PID=11598) to work on /home/airflow/.local/lib/python3.8/site-packages/airflow/example_dags/example_task_group.py
[2025-04-13T18:36:28.743+0000] {processor.py:830} INFO - Processing file /home/airflow/.local/lib/python3.8/site-packages/airflow/example_dags/example_task_group.py for tasks to queue
[2025-04-13T18:36:28.749+0000] {logging_mixin.py:188} INFO - [2025-04-13T18:36:28.748+0000] {dagbag.py:538} INFO - Filling up the DagBag from /home/airflow/.local/lib/python3.8/site-packages/airflow/example_dags/example_task_group.py
[2025-04-13T18:36:28.766+0000] {processor.py:840} INFO - DAG(s) 'example_task_group' retrieved from /home/airflow/.local/lib/python3.8/site-packages/airflow/example_dags/example_task_group.py
[2025-04-13T18:36:28.811+0000] {logging_mixin.py:188} INFO - [2025-04-13T18:36:28.810+0000] {dag.py:3036} INFO - Sync 1 DAGs
[2025-04-13T18:36:28.863+0000] {logging_mixin.py:188} INFO - [2025-04-13T18:36:28.863+0000] {dag.py:3823} INFO - Setting next_dagrun for example_task_group to 2025-04-12 00:00:00+00:00, run_after=2025-04-13 00:00:00+00:00
[2025-04-13T18:36:28.899+0000] {processor.py:183} INFO - Processing /home/airflow/.local/lib/python3.8/site-packages/airflow/example_dags/example_task_group.py took 0.170 seconds
[2025-04-13T18:36:59.335+0000] {processor.py:161} INFO - Started process (PID=11654) to work on /home/airflow/.local/lib/python3.8/site-packages/airflow/example_dags/example_task_group.py
[2025-04-13T18:36:59.342+0000] {processor.py:830} INFO - Processing file /home/airflow/.local/lib/python3.8/site-packages/airflow/example_dags/example_task_group.py for tasks to queue
[2025-04-13T18:36:59.353+0000] {logging_mixin.py:188} INFO - [2025-04-13T18:36:59.351+0000] {dagbag.py:538} INFO - Filling up the DagBag from /home/airflow/.local/lib/python3.8/site-packages/airflow/example_dags/example_task_group.py
[2025-04-13T18:36:59.399+0000] {processor.py:840} INFO - DAG(s) 'example_task_group' retrieved from /home/airflow/.local/lib/python3.8/site-packages/airflow/example_dags/example_task_group.py
[2025-04-13T18:36:59.447+0000] {logging_mixin.py:188} INFO - [2025-04-13T18:36:59.447+0000] {dag.py:3036} INFO - Sync 1 DAGs
[2025-04-13T18:36:59.500+0000] {logging_mixin.py:188} INFO - [2025-04-13T18:36:59.500+0000] {dag.py:3823} INFO - Setting next_dagrun for example_task_group to 2025-04-12 00:00:00+00:00, run_after=2025-04-13 00:00:00+00:00
[2025-04-13T18:36:59.534+0000] {processor.py:183} INFO - Processing /home/airflow/.local/lib/python3.8/site-packages/airflow/example_dags/example_task_group.py took 0.218 seconds
[2025-04-13T18:37:29.730+0000] {processor.py:161} INFO - Started process (PID=11710) to work on /home/airflow/.local/lib/python3.8/site-packages/airflow/example_dags/example_task_group.py
[2025-04-13T18:37:29.735+0000] {processor.py:830} INFO - Processing file /home/airflow/.local/lib/python3.8/site-packages/airflow/example_dags/example_task_group.py for tasks to queue
[2025-04-13T18:37:29.743+0000] {logging_mixin.py:188} INFO - [2025-04-13T18:37:29.742+0000] {dagbag.py:538} INFO - Filling up the DagBag from /home/airflow/.local/lib/python3.8/site-packages/airflow/example_dags/example_task_group.py
[2025-04-13T18:37:29.773+0000] {processor.py:840} INFO - DAG(s) 'example_task_group' retrieved from /home/airflow/.local/lib/python3.8/site-packages/airflow/example_dags/example_task_group.py
[2025-04-13T18:37:29.820+0000] {logging_mixin.py:188} INFO - [2025-04-13T18:37:29.820+0000] {dag.py:3036} INFO - Sync 1 DAGs
[2025-04-13T18:37:29.866+0000] {logging_mixin.py:188} INFO - [2025-04-13T18:37:29.865+0000] {dag.py:3823} INFO - Setting next_dagrun for example_task_group to 2025-04-12 00:00:00+00:00, run_after=2025-04-13 00:00:00+00:00
[2025-04-13T18:37:29.902+0000] {processor.py:183} INFO - Processing /home/airflow/.local/lib/python3.8/site-packages/airflow/example_dags/example_task_group.py took 0.188 seconds
[2025-04-13T18:38:00.367+0000] {processor.py:161} INFO - Started process (PID=11766) to work on /home/airflow/.local/lib/python3.8/site-packages/airflow/example_dags/example_task_group.py
[2025-04-13T18:38:00.372+0000] {processor.py:830} INFO - Processing file /home/airflow/.local/lib/python3.8/site-packages/airflow/example_dags/example_task_group.py for tasks to queue
[2025-04-13T18:38:00.382+0000] {logging_mixin.py:188} INFO - [2025-04-13T18:38:00.380+0000] {dagbag.py:538} INFO - Filling up the DagBag from /home/airflow/.local/lib/python3.8/site-packages/airflow/example_dags/example_task_group.py
[2025-04-13T18:38:00.417+0000] {processor.py:840} INFO - DAG(s) 'example_task_group' retrieved from /home/airflow/.local/lib/python3.8/site-packages/airflow/example_dags/example_task_group.py
[2025-04-13T18:38:00.503+0000] {logging_mixin.py:188} INFO - [2025-04-13T18:38:00.503+0000] {dag.py:3036} INFO - Sync 1 DAGs
[2025-04-13T18:38:00.545+0000] {logging_mixin.py:188} INFO - [2025-04-13T18:38:00.544+0000] {dag.py:3823} INFO - Setting next_dagrun for example_task_group to 2025-04-12 00:00:00+00:00, run_after=2025-04-13 00:00:00+00:00
[2025-04-13T18:38:00.576+0000] {processor.py:183} INFO - Processing /home/airflow/.local/lib/python3.8/site-packages/airflow/example_dags/example_task_group.py took 0.226 seconds
[2025-04-13T18:38:31.202+0000] {processor.py:161} INFO - Started process (PID=11822) to work on /home/airflow/.local/lib/python3.8/site-packages/airflow/example_dags/example_task_group.py
[2025-04-13T18:38:31.204+0000] {processor.py:830} INFO - Processing file /home/airflow/.local/lib/python3.8/site-packages/airflow/example_dags/example_task_group.py for tasks to queue
[2025-04-13T18:38:31.209+0000] {logging_mixin.py:188} INFO - [2025-04-13T18:38:31.208+0000] {dagbag.py:538} INFO - Filling up the DagBag from /home/airflow/.local/lib/python3.8/site-packages/airflow/example_dags/example_task_group.py
[2025-04-13T18:38:31.228+0000] {processor.py:840} INFO - DAG(s) 'example_task_group' retrieved from /home/airflow/.local/lib/python3.8/site-packages/airflow/example_dags/example_task_group.py
[2025-04-13T18:38:31.288+0000] {logging_mixin.py:188} INFO - [2025-04-13T18:38:31.287+0000] {dag.py:3036} INFO - Sync 1 DAGs
[2025-04-13T18:38:31.380+0000] {logging_mixin.py:188} INFO - [2025-04-13T18:38:31.379+0000] {dag.py:3823} INFO - Setting next_dagrun for example_task_group to 2025-04-12 00:00:00+00:00, run_after=2025-04-13 00:00:00+00:00
[2025-04-13T18:38:31.510+0000] {processor.py:183} INFO - Processing /home/airflow/.local/lib/python3.8/site-packages/airflow/example_dags/example_task_group.py took 0.319 seconds
[2025-04-13T18:39:01.799+0000] {processor.py:161} INFO - Started process (PID=11878) to work on /home/airflow/.local/lib/python3.8/site-packages/airflow/example_dags/example_task_group.py
[2025-04-13T18:39:01.804+0000] {processor.py:830} INFO - Processing file /home/airflow/.local/lib/python3.8/site-packages/airflow/example_dags/example_task_group.py for tasks to queue
[2025-04-13T18:39:01.813+0000] {logging_mixin.py:188} INFO - [2025-04-13T18:39:01.812+0000] {dagbag.py:538} INFO - Filling up the DagBag from /home/airflow/.local/lib/python3.8/site-packages/airflow/example_dags/example_task_group.py
[2025-04-13T18:39:01.850+0000] {processor.py:840} INFO - DAG(s) 'example_task_group' retrieved from /home/airflow/.local/lib/python3.8/site-packages/airflow/example_dags/example_task_group.py
[2025-04-13T18:39:01.958+0000] {logging_mixin.py:188} INFO - [2025-04-13T18:39:01.957+0000] {dag.py:3036} INFO - Sync 1 DAGs
[2025-04-13T18:39:02.085+0000] {logging_mixin.py:188} INFO - [2025-04-13T18:39:02.084+0000] {dag.py:3823} INFO - Setting next_dagrun for example_task_group to 2025-04-12 00:00:00+00:00, run_after=2025-04-13 00:00:00+00:00
[2025-04-13T18:39:02.121+0000] {processor.py:183} INFO - Processing /home/airflow/.local/lib/python3.8/site-packages/airflow/example_dags/example_task_group.py took 0.338 seconds
[2025-04-13T18:39:32.442+0000] {processor.py:161} INFO - Started process (PID=11928) to work on /home/airflow/.local/lib/python3.8/site-packages/airflow/example_dags/example_task_group.py
[2025-04-13T18:39:32.445+0000] {processor.py:830} INFO - Processing file /home/airflow/.local/lib/python3.8/site-packages/airflow/example_dags/example_task_group.py for tasks to queue
[2025-04-13T18:39:32.451+0000] {logging_mixin.py:188} INFO - [2025-04-13T18:39:32.450+0000] {dagbag.py:538} INFO - Filling up the DagBag from /home/airflow/.local/lib/python3.8/site-packages/airflow/example_dags/example_task_group.py
[2025-04-13T18:39:32.477+0000] {processor.py:840} INFO - DAG(s) 'example_task_group' retrieved from /home/airflow/.local/lib/python3.8/site-packages/airflow/example_dags/example_task_group.py
[2025-04-13T18:39:32.517+0000] {logging_mixin.py:188} INFO - [2025-04-13T18:39:32.516+0000] {dag.py:3036} INFO - Sync 1 DAGs
[2025-04-13T18:39:32.560+0000] {logging_mixin.py:188} INFO - [2025-04-13T18:39:32.560+0000] {dag.py:3823} INFO - Setting next_dagrun for example_task_group to 2025-04-12 00:00:00+00:00, run_after=2025-04-13 00:00:00+00:00
[2025-04-13T18:39:32.618+0000] {processor.py:183} INFO - Processing /home/airflow/.local/lib/python3.8/site-packages/airflow/example_dags/example_task_group.py took 0.188 seconds
[2025-04-13T18:40:02.979+0000] {processor.py:161} INFO - Started process (PID=11985) to work on /home/airflow/.local/lib/python3.8/site-packages/airflow/example_dags/example_task_group.py
[2025-04-13T18:40:03.008+0000] {processor.py:830} INFO - Processing file /home/airflow/.local/lib/python3.8/site-packages/airflow/example_dags/example_task_group.py for tasks to queue
[2025-04-13T18:40:03.024+0000] {logging_mixin.py:188} INFO - [2025-04-13T18:40:03.017+0000] {dagbag.py:538} INFO - Filling up the DagBag from /home/airflow/.local/lib/python3.8/site-packages/airflow/example_dags/example_task_group.py
[2025-04-13T18:40:03.079+0000] {processor.py:840} INFO - DAG(s) 'example_task_group' retrieved from /home/airflow/.local/lib/python3.8/site-packages/airflow/example_dags/example_task_group.py
[2025-04-13T18:40:03.159+0000] {logging_mixin.py:188} INFO - [2025-04-13T18:40:03.158+0000] {dag.py:3036} INFO - Sync 1 DAGs
[2025-04-13T18:40:03.210+0000] {logging_mixin.py:188} INFO - [2025-04-13T18:40:03.210+0000] {dag.py:3823} INFO - Setting next_dagrun for example_task_group to 2025-04-12 00:00:00+00:00, run_after=2025-04-13 00:00:00+00:00
[2025-04-13T18:40:03.250+0000] {processor.py:183} INFO - Processing /home/airflow/.local/lib/python3.8/site-packages/airflow/example_dags/example_task_group.py took 0.290 seconds
[2025-04-13T18:40:33.774+0000] {processor.py:161} INFO - Started process (PID=12041) to work on /home/airflow/.local/lib/python3.8/site-packages/airflow/example_dags/example_task_group.py
[2025-04-13T18:40:33.776+0000] {processor.py:830} INFO - Processing file /home/airflow/.local/lib/python3.8/site-packages/airflow/example_dags/example_task_group.py for tasks to queue
[2025-04-13T18:40:33.780+0000] {logging_mixin.py:188} INFO - [2025-04-13T18:40:33.779+0000] {dagbag.py:538} INFO - Filling up the DagBag from /home/airflow/.local/lib/python3.8/site-packages/airflow/example_dags/example_task_group.py
[2025-04-13T18:40:33.792+0000] {processor.py:840} INFO - DAG(s) 'example_task_group' retrieved from /home/airflow/.local/lib/python3.8/site-packages/airflow/example_dags/example_task_group.py
[2025-04-13T18:40:33.826+0000] {logging_mixin.py:188} INFO - [2025-04-13T18:40:33.826+0000] {dag.py:3036} INFO - Sync 1 DAGs
[2025-04-13T18:40:33.866+0000] {logging_mixin.py:188} INFO - [2025-04-13T18:40:33.866+0000] {dag.py:3823} INFO - Setting next_dagrun for example_task_group to 2025-04-12 00:00:00+00:00, run_after=2025-04-13 00:00:00+00:00
[2025-04-13T18:40:33.899+0000] {processor.py:183} INFO - Processing /home/airflow/.local/lib/python3.8/site-packages/airflow/example_dags/example_task_group.py took 0.130 seconds
[2025-04-13T18:41:04.902+0000] {processor.py:161} INFO - Started process (PID=12097) to work on /home/airflow/.local/lib/python3.8/site-packages/airflow/example_dags/example_task_group.py
[2025-04-13T18:41:04.904+0000] {processor.py:830} INFO - Processing file /home/airflow/.local/lib/python3.8/site-packages/airflow/example_dags/example_task_group.py for tasks to queue
[2025-04-13T18:41:04.908+0000] {logging_mixin.py:188} INFO - [2025-04-13T18:41:04.907+0000] {dagbag.py:538} INFO - Filling up the DagBag from /home/airflow/.local/lib/python3.8/site-packages/airflow/example_dags/example_task_group.py
[2025-04-13T18:41:04.919+0000] {processor.py:840} INFO - DAG(s) 'example_task_group' retrieved from /home/airflow/.local/lib/python3.8/site-packages/airflow/example_dags/example_task_group.py
[2025-04-13T18:41:04.954+0000] {logging_mixin.py:188} INFO - [2025-04-13T18:41:04.953+0000] {dag.py:3036} INFO - Sync 1 DAGs
[2025-04-13T18:41:04.994+0000] {logging_mixin.py:188} INFO - [2025-04-13T18:41:04.994+0000] {dag.py:3823} INFO - Setting next_dagrun for example_task_group to 2025-04-12 00:00:00+00:00, run_after=2025-04-13 00:00:00+00:00
[2025-04-13T18:41:05.067+0000] {processor.py:183} INFO - Processing /home/airflow/.local/lib/python3.8/site-packages/airflow/example_dags/example_task_group.py took 0.172 seconds
[2025-04-13T18:41:35.296+0000] {processor.py:161} INFO - Started process (PID=12135) to work on /home/airflow/.local/lib/python3.8/site-packages/airflow/example_dags/example_task_group.py
[2025-04-13T18:41:35.299+0000] {processor.py:830} INFO - Processing file /home/airflow/.local/lib/python3.8/site-packages/airflow/example_dags/example_task_group.py for tasks to queue
[2025-04-13T18:41:35.303+0000] {logging_mixin.py:188} INFO - [2025-04-13T18:41:35.302+0000] {dagbag.py:538} INFO - Filling up the DagBag from /home/airflow/.local/lib/python3.8/site-packages/airflow/example_dags/example_task_group.py
[2025-04-13T18:41:35.318+0000] {processor.py:840} INFO - DAG(s) 'example_task_group' retrieved from /home/airflow/.local/lib/python3.8/site-packages/airflow/example_dags/example_task_group.py
[2025-04-13T18:41:35.370+0000] {logging_mixin.py:188} INFO - [2025-04-13T18:41:35.369+0000] {dag.py:3036} INFO - Sync 1 DAGs
[2025-04-13T18:41:35.424+0000] {logging_mixin.py:188} INFO - [2025-04-13T18:41:35.424+0000] {dag.py:3823} INFO - Setting next_dagrun for example_task_group to 2025-04-12 00:00:00+00:00, run_after=2025-04-13 00:00:00+00:00
[2025-04-13T18:41:35.511+0000] {processor.py:183} INFO - Processing /home/airflow/.local/lib/python3.8/site-packages/airflow/example_dags/example_task_group.py took 0.222 seconds
[2025-04-13T18:55:37.596+0000] {processor.py:161} INFO - Started process (PID=12175) to work on /home/airflow/.local/lib/python3.8/site-packages/airflow/example_dags/example_task_group.py
[2025-04-13T18:55:37.606+0000] {processor.py:830} INFO - Processing file /home/airflow/.local/lib/python3.8/site-packages/airflow/example_dags/example_task_group.py for tasks to queue
[2025-04-13T18:55:37.624+0000] {logging_mixin.py:188} INFO - [2025-04-13T18:55:37.624+0000] {dagbag.py:538} INFO - Filling up the DagBag from /home/airflow/.local/lib/python3.8/site-packages/airflow/example_dags/example_task_group.py
[2025-04-13T18:55:37.682+0000] {processor.py:840} INFO - DAG(s) 'example_task_group' retrieved from /home/airflow/.local/lib/python3.8/site-packages/airflow/example_dags/example_task_group.py
[2025-04-13T18:55:37.864+0000] {logging_mixin.py:188} INFO - [2025-04-13T18:55:37.864+0000] {dag.py:3036} INFO - Sync 1 DAGs
[2025-04-13T18:55:38.232+0000] {logging_mixin.py:188} INFO - [2025-04-13T18:55:38.231+0000] {dag.py:3823} INFO - Setting next_dagrun for example_task_group to 2025-04-12 00:00:00+00:00, run_after=2025-04-13 00:00:00+00:00
[2025-04-13T18:55:38.409+0000] {processor.py:183} INFO - Processing /home/airflow/.local/lib/python3.8/site-packages/airflow/example_dags/example_task_group.py took 0.863 seconds
[2025-04-13T18:56:09.071+0000] {processor.py:161} INFO - Started process (PID=12231) to work on /home/airflow/.local/lib/python3.8/site-packages/airflow/example_dags/example_task_group.py
[2025-04-13T18:56:09.073+0000] {processor.py:830} INFO - Processing file /home/airflow/.local/lib/python3.8/site-packages/airflow/example_dags/example_task_group.py for tasks to queue
[2025-04-13T18:56:09.085+0000] {logging_mixin.py:188} INFO - [2025-04-13T18:56:09.084+0000] {dagbag.py:538} INFO - Filling up the DagBag from /home/airflow/.local/lib/python3.8/site-packages/airflow/example_dags/example_task_group.py
[2025-04-13T18:56:09.141+0000] {processor.py:840} INFO - DAG(s) 'example_task_group' retrieved from /home/airflow/.local/lib/python3.8/site-packages/airflow/example_dags/example_task_group.py
[2025-04-13T18:56:09.242+0000] {logging_mixin.py:188} INFO - [2025-04-13T18:56:09.241+0000] {dag.py:3036} INFO - Sync 1 DAGs
[2025-04-13T18:56:09.390+0000] {logging_mixin.py:188} INFO - [2025-04-13T18:56:09.390+0000] {dag.py:3823} INFO - Setting next_dagrun for example_task_group to 2025-04-12 00:00:00+00:00, run_after=2025-04-13 00:00:00+00:00
[2025-04-13T18:56:09.514+0000] {processor.py:183} INFO - Processing /home/airflow/.local/lib/python3.8/site-packages/airflow/example_dags/example_task_group.py took 0.463 seconds
[2025-04-13T18:56:39.854+0000] {processor.py:161} INFO - Started process (PID=12287) to work on /home/airflow/.local/lib/python3.8/site-packages/airflow/example_dags/example_task_group.py
[2025-04-13T18:56:39.856+0000] {processor.py:830} INFO - Processing file /home/airflow/.local/lib/python3.8/site-packages/airflow/example_dags/example_task_group.py for tasks to queue
[2025-04-13T18:56:39.861+0000] {logging_mixin.py:188} INFO - [2025-04-13T18:56:39.860+0000] {dagbag.py:538} INFO - Filling up the DagBag from /home/airflow/.local/lib/python3.8/site-packages/airflow/example_dags/example_task_group.py
[2025-04-13T18:56:39.877+0000] {processor.py:840} INFO - DAG(s) 'example_task_group' retrieved from /home/airflow/.local/lib/python3.8/site-packages/airflow/example_dags/example_task_group.py
[2025-04-13T18:56:39.919+0000] {logging_mixin.py:188} INFO - [2025-04-13T18:56:39.919+0000] {dag.py:3036} INFO - Sync 1 DAGs
[2025-04-13T18:56:39.961+0000] {logging_mixin.py:188} INFO - [2025-04-13T18:56:39.961+0000] {dag.py:3823} INFO - Setting next_dagrun for example_task_group to 2025-04-12 00:00:00+00:00, run_after=2025-04-13 00:00:00+00:00
[2025-04-13T18:56:40.021+0000] {processor.py:183} INFO - Processing /home/airflow/.local/lib/python3.8/site-packages/airflow/example_dags/example_task_group.py took 0.173 seconds
[2025-04-13T18:57:10.095+0000] {processor.py:161} INFO - Started process (PID=12340) to work on /home/airflow/.local/lib/python3.8/site-packages/airflow/example_dags/example_task_group.py
[2025-04-13T18:57:10.097+0000] {processor.py:830} INFO - Processing file /home/airflow/.local/lib/python3.8/site-packages/airflow/example_dags/example_task_group.py for tasks to queue
[2025-04-13T18:57:10.100+0000] {logging_mixin.py:188} INFO - [2025-04-13T18:57:10.099+0000] {dagbag.py:538} INFO - Filling up the DagBag from /home/airflow/.local/lib/python3.8/site-packages/airflow/example_dags/example_task_group.py
[2025-04-13T18:57:10.110+0000] {processor.py:840} INFO - DAG(s) 'example_task_group' retrieved from /home/airflow/.local/lib/python3.8/site-packages/airflow/example_dags/example_task_group.py
[2025-04-13T18:57:10.143+0000] {logging_mixin.py:188} INFO - [2025-04-13T18:57:10.143+0000] {dag.py:3036} INFO - Sync 1 DAGs
[2025-04-13T18:57:10.178+0000] {logging_mixin.py:188} INFO - [2025-04-13T18:57:10.178+0000] {dag.py:3823} INFO - Setting next_dagrun for example_task_group to 2025-04-12 00:00:00+00:00, run_after=2025-04-13 00:00:00+00:00
[2025-04-13T18:57:10.205+0000] {processor.py:183} INFO - Processing /home/airflow/.local/lib/python3.8/site-packages/airflow/example_dags/example_task_group.py took 0.113 seconds
[2025-04-13T18:57:40.365+0000] {processor.py:161} INFO - Started process (PID=12390) to work on /home/airflow/.local/lib/python3.8/site-packages/airflow/example_dags/example_task_group.py
[2025-04-13T18:57:40.367+0000] {processor.py:830} INFO - Processing file /home/airflow/.local/lib/python3.8/site-packages/airflow/example_dags/example_task_group.py for tasks to queue
[2025-04-13T18:57:40.369+0000] {logging_mixin.py:188} INFO - [2025-04-13T18:57:40.369+0000] {dagbag.py:538} INFO - Filling up the DagBag from /home/airflow/.local/lib/python3.8/site-packages/airflow/example_dags/example_task_group.py
[2025-04-13T18:57:40.379+0000] {processor.py:840} INFO - DAG(s) 'example_task_group' retrieved from /home/airflow/.local/lib/python3.8/site-packages/airflow/example_dags/example_task_group.py
[2025-04-13T18:57:40.411+0000] {logging_mixin.py:188} INFO - [2025-04-13T18:57:40.411+0000] {dag.py:3036} INFO - Sync 1 DAGs
[2025-04-13T18:57:40.444+0000] {logging_mixin.py:188} INFO - [2025-04-13T18:57:40.444+0000] {dag.py:3823} INFO - Setting next_dagrun for example_task_group to 2025-04-12 00:00:00+00:00, run_after=2025-04-13 00:00:00+00:00
[2025-04-13T18:57:40.468+0000] {processor.py:183} INFO - Processing /home/airflow/.local/lib/python3.8/site-packages/airflow/example_dags/example_task_group.py took 0.108 seconds
[2025-04-13T18:58:11.272+0000] {processor.py:161} INFO - Started process (PID=12447) to work on /home/airflow/.local/lib/python3.8/site-packages/airflow/example_dags/example_task_group.py
[2025-04-13T18:58:11.274+0000] {processor.py:830} INFO - Processing file /home/airflow/.local/lib/python3.8/site-packages/airflow/example_dags/example_task_group.py for tasks to queue
[2025-04-13T18:58:11.276+0000] {logging_mixin.py:188} INFO - [2025-04-13T18:58:11.276+0000] {dagbag.py:538} INFO - Filling up the DagBag from /home/airflow/.local/lib/python3.8/site-packages/airflow/example_dags/example_task_group.py
[2025-04-13T18:58:11.287+0000] {processor.py:840} INFO - DAG(s) 'example_task_group' retrieved from /home/airflow/.local/lib/python3.8/site-packages/airflow/example_dags/example_task_group.py
[2025-04-13T18:58:11.317+0000] {logging_mixin.py:188} INFO - [2025-04-13T18:58:11.317+0000] {dag.py:3036} INFO - Sync 1 DAGs
[2025-04-13T18:58:11.342+0000] {logging_mixin.py:188} INFO - [2025-04-13T18:58:11.342+0000] {dag.py:3823} INFO - Setting next_dagrun for example_task_group to 2025-04-12 00:00:00+00:00, run_after=2025-04-13 00:00:00+00:00
[2025-04-13T18:58:11.369+0000] {processor.py:183} INFO - Processing /home/airflow/.local/lib/python3.8/site-packages/airflow/example_dags/example_task_group.py took 0.101 seconds
[2025-04-13T18:58:41.537+0000] {processor.py:161} INFO - Started process (PID=12504) to work on /home/airflow/.local/lib/python3.8/site-packages/airflow/example_dags/example_task_group.py
[2025-04-13T18:58:41.539+0000] {processor.py:830} INFO - Processing file /home/airflow/.local/lib/python3.8/site-packages/airflow/example_dags/example_task_group.py for tasks to queue
[2025-04-13T18:58:41.542+0000] {logging_mixin.py:188} INFO - [2025-04-13T18:58:41.541+0000] {dagbag.py:538} INFO - Filling up the DagBag from /home/airflow/.local/lib/python3.8/site-packages/airflow/example_dags/example_task_group.py
[2025-04-13T18:58:41.564+0000] {processor.py:840} INFO - DAG(s) 'example_task_group' retrieved from /home/airflow/.local/lib/python3.8/site-packages/airflow/example_dags/example_task_group.py
[2025-04-13T18:58:41.643+0000] {logging_mixin.py:188} INFO - [2025-04-13T18:58:41.643+0000] {dag.py:3036} INFO - Sync 1 DAGs
[2025-04-13T18:58:41.678+0000] {logging_mixin.py:188} INFO - [2025-04-13T18:58:41.677+0000] {dag.py:3823} INFO - Setting next_dagrun for example_task_group to 2025-04-12 00:00:00+00:00, run_after=2025-04-13 00:00:00+00:00
[2025-04-13T18:58:41.718+0000] {processor.py:183} INFO - Processing /home/airflow/.local/lib/python3.8/site-packages/airflow/example_dags/example_task_group.py took 0.187 seconds
[2025-04-13T18:59:12.344+0000] {processor.py:161} INFO - Started process (PID=12560) to work on /home/airflow/.local/lib/python3.8/site-packages/airflow/example_dags/example_task_group.py
[2025-04-13T18:59:12.346+0000] {processor.py:830} INFO - Processing file /home/airflow/.local/lib/python3.8/site-packages/airflow/example_dags/example_task_group.py for tasks to queue
[2025-04-13T18:59:12.349+0000] {logging_mixin.py:188} INFO - [2025-04-13T18:59:12.349+0000] {dagbag.py:538} INFO - Filling up the DagBag from /home/airflow/.local/lib/python3.8/site-packages/airflow/example_dags/example_task_group.py
[2025-04-13T18:59:12.361+0000] {processor.py:840} INFO - DAG(s) 'example_task_group' retrieved from /home/airflow/.local/lib/python3.8/site-packages/airflow/example_dags/example_task_group.py
[2025-04-13T18:59:12.403+0000] {logging_mixin.py:188} INFO - [2025-04-13T18:59:12.403+0000] {dag.py:3036} INFO - Sync 1 DAGs
[2025-04-13T18:59:12.450+0000] {logging_mixin.py:188} INFO - [2025-04-13T18:59:12.449+0000] {dag.py:3823} INFO - Setting next_dagrun for example_task_group to 2025-04-12 00:00:00+00:00, run_after=2025-04-13 00:00:00+00:00
[2025-04-13T18:59:12.478+0000] {processor.py:183} INFO - Processing /home/airflow/.local/lib/python3.8/site-packages/airflow/example_dags/example_task_group.py took 0.144 seconds
[2025-04-13T18:59:43.293+0000] {processor.py:161} INFO - Started process (PID=12616) to work on /home/airflow/.local/lib/python3.8/site-packages/airflow/example_dags/example_task_group.py
[2025-04-13T18:59:43.295+0000] {processor.py:830} INFO - Processing file /home/airflow/.local/lib/python3.8/site-packages/airflow/example_dags/example_task_group.py for tasks to queue
[2025-04-13T18:59:43.297+0000] {logging_mixin.py:188} INFO - [2025-04-13T18:59:43.296+0000] {dagbag.py:538} INFO - Filling up the DagBag from /home/airflow/.local/lib/python3.8/site-packages/airflow/example_dags/example_task_group.py
[2025-04-13T18:59:43.308+0000] {processor.py:840} INFO - DAG(s) 'example_task_group' retrieved from /home/airflow/.local/lib/python3.8/site-packages/airflow/example_dags/example_task_group.py
[2025-04-13T18:59:43.336+0000] {logging_mixin.py:188} INFO - [2025-04-13T18:59:43.336+0000] {dag.py:3036} INFO - Sync 1 DAGs
[2025-04-13T18:59:43.366+0000] {logging_mixin.py:188} INFO - [2025-04-13T18:59:43.365+0000] {dag.py:3823} INFO - Setting next_dagrun for example_task_group to 2025-04-12 00:00:00+00:00, run_after=2025-04-13 00:00:00+00:00
[2025-04-13T18:59:43.396+0000] {processor.py:183} INFO - Processing /home/airflow/.local/lib/python3.8/site-packages/airflow/example_dags/example_task_group.py took 0.106 seconds
[2025-04-13T19:00:14.486+0000] {processor.py:161} INFO - Started process (PID=12661) to work on /home/airflow/.local/lib/python3.8/site-packages/airflow/example_dags/example_task_group.py
[2025-04-13T19:00:14.487+0000] {processor.py:830} INFO - Processing file /home/airflow/.local/lib/python3.8/site-packages/airflow/example_dags/example_task_group.py for tasks to queue
[2025-04-13T19:00:14.489+0000] {logging_mixin.py:188} INFO - [2025-04-13T19:00:14.489+0000] {dagbag.py:538} INFO - Filling up the DagBag from /home/airflow/.local/lib/python3.8/site-packages/airflow/example_dags/example_task_group.py
[2025-04-13T19:00:14.503+0000] {processor.py:840} INFO - DAG(s) 'example_task_group' retrieved from /home/airflow/.local/lib/python3.8/site-packages/airflow/example_dags/example_task_group.py
[2025-04-13T19:00:14.533+0000] {logging_mixin.py:188} INFO - [2025-04-13T19:00:14.532+0000] {dag.py:3036} INFO - Sync 1 DAGs
[2025-04-13T19:00:14.564+0000] {logging_mixin.py:188} INFO - [2025-04-13T19:00:14.563+0000] {dag.py:3823} INFO - Setting next_dagrun for example_task_group to 2025-04-12 00:00:00+00:00, run_after=2025-04-13 00:00:00+00:00
[2025-04-13T19:00:14.596+0000] {processor.py:183} INFO - Processing /home/airflow/.local/lib/python3.8/site-packages/airflow/example_dags/example_task_group.py took 0.114 seconds
[2025-04-13T19:00:45.326+0000] {processor.py:161} INFO - Started process (PID=12688) to work on /home/airflow/.local/lib/python3.8/site-packages/airflow/example_dags/example_task_group.py
[2025-04-13T19:00:45.327+0000] {processor.py:830} INFO - Processing file /home/airflow/.local/lib/python3.8/site-packages/airflow/example_dags/example_task_group.py for tasks to queue
[2025-04-13T19:00:45.339+0000] {logging_mixin.py:188} INFO - [2025-04-13T19:00:45.338+0000] {dagbag.py:538} INFO - Filling up the DagBag from /home/airflow/.local/lib/python3.8/site-packages/airflow/example_dags/example_task_group.py
[2025-04-13T19:00:45.358+0000] {processor.py:840} INFO - DAG(s) 'example_task_group' retrieved from /home/airflow/.local/lib/python3.8/site-packages/airflow/example_dags/example_task_group.py
[2025-04-13T19:00:45.446+0000] {logging_mixin.py:188} INFO - [2025-04-13T19:00:45.445+0000] {dag.py:3036} INFO - Sync 1 DAGs
[2025-04-13T19:00:45.562+0000] {logging_mixin.py:188} INFO - [2025-04-13T19:00:45.561+0000] {dag.py:3823} INFO - Setting next_dagrun for example_task_group to 2025-04-12 00:00:00+00:00, run_after=2025-04-13 00:00:00+00:00
[2025-04-13T19:00:45.673+0000] {processor.py:183} INFO - Processing /home/airflow/.local/lib/python3.8/site-packages/airflow/example_dags/example_task_group.py took 0.354 seconds
[2025-04-13T19:01:18.626+0000] {processor.py:161} INFO - Started process (PID=12744) to work on /home/airflow/.local/lib/python3.8/site-packages/airflow/example_dags/example_task_group.py
[2025-04-13T19:01:18.630+0000] {processor.py:830} INFO - Processing file /home/airflow/.local/lib/python3.8/site-packages/airflow/example_dags/example_task_group.py for tasks to queue
[2025-04-13T19:01:18.633+0000] {logging_mixin.py:188} INFO - [2025-04-13T19:01:18.633+0000] {dagbag.py:538} INFO - Filling up the DagBag from /home/airflow/.local/lib/python3.8/site-packages/airflow/example_dags/example_task_group.py
[2025-04-13T19:01:18.648+0000] {processor.py:840} INFO - DAG(s) 'example_task_group' retrieved from /home/airflow/.local/lib/python3.8/site-packages/airflow/example_dags/example_task_group.py
[2025-04-13T19:01:18.697+0000] {logging_mixin.py:188} INFO - [2025-04-13T19:01:18.696+0000] {dag.py:3036} INFO - Sync 1 DAGs
[2025-04-13T19:01:18.742+0000] {logging_mixin.py:188} INFO - [2025-04-13T19:01:18.742+0000] {dag.py:3823} INFO - Setting next_dagrun for example_task_group to 2025-04-12 00:00:00+00:00, run_after=2025-04-13 00:00:00+00:00
[2025-04-13T19:01:18.780+0000] {processor.py:183} INFO - Processing /home/airflow/.local/lib/python3.8/site-packages/airflow/example_dags/example_task_group.py took 0.163 seconds
[2025-04-13T19:01:51.923+0000] {processor.py:161} INFO - Started process (PID=12800) to work on /home/airflow/.local/lib/python3.8/site-packages/airflow/example_dags/example_task_group.py
[2025-04-13T19:01:51.925+0000] {processor.py:830} INFO - Processing file /home/airflow/.local/lib/python3.8/site-packages/airflow/example_dags/example_task_group.py for tasks to queue
[2025-04-13T19:01:51.928+0000] {logging_mixin.py:188} INFO - [2025-04-13T19:01:51.927+0000] {dagbag.py:538} INFO - Filling up the DagBag from /home/airflow/.local/lib/python3.8/site-packages/airflow/example_dags/example_task_group.py
[2025-04-13T19:01:51.944+0000] {processor.py:840} INFO - DAG(s) 'example_task_group' retrieved from /home/airflow/.local/lib/python3.8/site-packages/airflow/example_dags/example_task_group.py
[2025-04-13T19:01:51.980+0000] {logging_mixin.py:188} INFO - [2025-04-13T19:01:51.979+0000] {dag.py:3036} INFO - Sync 1 DAGs
[2025-04-13T19:01:52.025+0000] {logging_mixin.py:188} INFO - [2025-04-13T19:01:52.023+0000] {dag.py:3823} INFO - Setting next_dagrun for example_task_group to 2025-04-12 00:00:00+00:00, run_after=2025-04-13 00:00:00+00:00
[2025-04-13T19:01:52.056+0000] {processor.py:183} INFO - Processing /home/airflow/.local/lib/python3.8/site-packages/airflow/example_dags/example_task_group.py took 0.142 seconds
[2025-04-13T19:02:25.737+0000] {processor.py:161} INFO - Started process (PID=12857) to work on /home/airflow/.local/lib/python3.8/site-packages/airflow/example_dags/example_task_group.py
[2025-04-13T19:02:25.740+0000] {processor.py:830} INFO - Processing file /home/airflow/.local/lib/python3.8/site-packages/airflow/example_dags/example_task_group.py for tasks to queue
[2025-04-13T19:02:25.744+0000] {logging_mixin.py:188} INFO - [2025-04-13T19:02:25.744+0000] {dagbag.py:538} INFO - Filling up the DagBag from /home/airflow/.local/lib/python3.8/site-packages/airflow/example_dags/example_task_group.py
[2025-04-13T19:02:25.757+0000] {processor.py:840} INFO - DAG(s) 'example_task_group' retrieved from /home/airflow/.local/lib/python3.8/site-packages/airflow/example_dags/example_task_group.py
[2025-04-13T19:02:25.789+0000] {logging_mixin.py:188} INFO - [2025-04-13T19:02:25.788+0000] {dag.py:3036} INFO - Sync 1 DAGs
[2025-04-13T19:02:25.821+0000] {logging_mixin.py:188} INFO - [2025-04-13T19:02:25.820+0000] {dag.py:3823} INFO - Setting next_dagrun for example_task_group to 2025-04-12 00:00:00+00:00, run_after=2025-04-13 00:00:00+00:00
[2025-04-13T19:02:25.844+0000] {processor.py:183} INFO - Processing /home/airflow/.local/lib/python3.8/site-packages/airflow/example_dags/example_task_group.py took 0.116 seconds
[2025-04-13T19:02:58.924+0000] {processor.py:161} INFO - Started process (PID=12913) to work on /home/airflow/.local/lib/python3.8/site-packages/airflow/example_dags/example_task_group.py
[2025-04-13T19:02:58.926+0000] {processor.py:830} INFO - Processing file /home/airflow/.local/lib/python3.8/site-packages/airflow/example_dags/example_task_group.py for tasks to queue
[2025-04-13T19:02:58.930+0000] {logging_mixin.py:188} INFO - [2025-04-13T19:02:58.928+0000] {dagbag.py:538} INFO - Filling up the DagBag from /home/airflow/.local/lib/python3.8/site-packages/airflow/example_dags/example_task_group.py
[2025-04-13T19:02:58.940+0000] {processor.py:840} INFO - DAG(s) 'example_task_group' retrieved from /home/airflow/.local/lib/python3.8/site-packages/airflow/example_dags/example_task_group.py
[2025-04-13T19:02:58.977+0000] {logging_mixin.py:188} INFO - [2025-04-13T19:02:58.977+0000] {dag.py:3036} INFO - Sync 1 DAGs
[2025-04-13T19:02:59.008+0000] {logging_mixin.py:188} INFO - [2025-04-13T19:02:59.007+0000] {dag.py:3823} INFO - Setting next_dagrun for example_task_group to 2025-04-12 00:00:00+00:00, run_after=2025-04-13 00:00:00+00:00
[2025-04-13T19:02:59.034+0000] {processor.py:183} INFO - Processing /home/airflow/.local/lib/python3.8/site-packages/airflow/example_dags/example_task_group.py took 0.114 seconds
[2025-04-13T19:03:31.816+0000] {processor.py:161} INFO - Started process (PID=12970) to work on /home/airflow/.local/lib/python3.8/site-packages/airflow/example_dags/example_task_group.py
[2025-04-13T19:03:31.818+0000] {processor.py:830} INFO - Processing file /home/airflow/.local/lib/python3.8/site-packages/airflow/example_dags/example_task_group.py for tasks to queue
[2025-04-13T19:03:31.822+0000] {logging_mixin.py:188} INFO - [2025-04-13T19:03:31.821+0000] {dagbag.py:538} INFO - Filling up the DagBag from /home/airflow/.local/lib/python3.8/site-packages/airflow/example_dags/example_task_group.py
[2025-04-13T19:03:31.831+0000] {processor.py:840} INFO - DAG(s) 'example_task_group' retrieved from /home/airflow/.local/lib/python3.8/site-packages/airflow/example_dags/example_task_group.py
[2025-04-13T19:03:31.855+0000] {logging_mixin.py:188} INFO - [2025-04-13T19:03:31.855+0000] {dag.py:3036} INFO - Sync 1 DAGs
[2025-04-13T19:03:31.884+0000] {logging_mixin.py:188} INFO - [2025-04-13T19:03:31.884+0000] {dag.py:3823} INFO - Setting next_dagrun for example_task_group to 2025-04-12 00:00:00+00:00, run_after=2025-04-13 00:00:00+00:00
[2025-04-13T19:03:31.914+0000] {processor.py:183} INFO - Processing /home/airflow/.local/lib/python3.8/site-packages/airflow/example_dags/example_task_group.py took 0.105 seconds
[2025-04-13T19:04:05.026+0000] {processor.py:161} INFO - Started process (PID=13026) to work on /home/airflow/.local/lib/python3.8/site-packages/airflow/example_dags/example_task_group.py
[2025-04-13T19:04:05.027+0000] {processor.py:830} INFO - Processing file /home/airflow/.local/lib/python3.8/site-packages/airflow/example_dags/example_task_group.py for tasks to queue
[2025-04-13T19:04:05.038+0000] {logging_mixin.py:188} INFO - [2025-04-13T19:04:05.037+0000] {dagbag.py:538} INFO - Filling up the DagBag from /home/airflow/.local/lib/python3.8/site-packages/airflow/example_dags/example_task_group.py
[2025-04-13T19:04:05.060+0000] {processor.py:840} INFO - DAG(s) 'example_task_group' retrieved from /home/airflow/.local/lib/python3.8/site-packages/airflow/example_dags/example_task_group.py
[2025-04-13T19:04:05.122+0000] {logging_mixin.py:188} INFO - [2025-04-13T19:04:05.122+0000] {dag.py:3036} INFO - Sync 1 DAGs
[2025-04-13T19:04:05.208+0000] {logging_mixin.py:188} INFO - [2025-04-13T19:04:05.205+0000] {dag.py:3823} INFO - Setting next_dagrun for example_task_group to 2025-04-12 00:00:00+00:00, run_after=2025-04-13 00:00:00+00:00
[2025-04-13T19:04:05.271+0000] {processor.py:183} INFO - Processing /home/airflow/.local/lib/python3.8/site-packages/airflow/example_dags/example_task_group.py took 0.251 seconds
[2025-04-13T19:04:35.655+0000] {processor.py:161} INFO - Started process (PID=13083) to work on /home/airflow/.local/lib/python3.8/site-packages/airflow/example_dags/example_task_group.py
[2025-04-13T19:04:35.669+0000] {processor.py:830} INFO - Processing file /home/airflow/.local/lib/python3.8/site-packages/airflow/example_dags/example_task_group.py for tasks to queue
[2025-04-13T19:04:38.342+0000] {logging_mixin.py:188} INFO - [2025-04-13T19:04:35.687+0000] {dagbag.py:538} INFO - Filling up the DagBag from /home/airflow/.local/lib/python3.8/site-packages/airflow/example_dags/example_task_group.py
[2025-04-13T19:04:38.371+0000] {processor.py:840} INFO - DAG(s) 'example_task_group' retrieved from /home/airflow/.local/lib/python3.8/site-packages/airflow/example_dags/example_task_group.py
[2025-04-13T19:04:38.454+0000] {logging_mixin.py:188} INFO - [2025-04-13T19:04:38.453+0000] {dag.py:3036} INFO - Sync 1 DAGs
[2025-04-13T19:04:38.541+0000] {logging_mixin.py:188} INFO - [2025-04-13T19:04:38.541+0000] {dag.py:3823} INFO - Setting next_dagrun for example_task_group to 2025-04-12 00:00:00+00:00, run_after=2025-04-13 00:00:00+00:00
[2025-04-13T19:04:38.575+0000] {processor.py:183} INFO - Processing /home/airflow/.local/lib/python3.8/site-packages/airflow/example_dags/example_task_group.py took 0.309 seconds
[2025-04-13T19:05:08.982+0000] {processor.py:161} INFO - Started process (PID=13139) to work on /home/airflow/.local/lib/python3.8/site-packages/airflow/example_dags/example_task_group.py
[2025-04-13T19:05:08.985+0000] {processor.py:830} INFO - Processing file /home/airflow/.local/lib/python3.8/site-packages/airflow/example_dags/example_task_group.py for tasks to queue
[2025-04-13T19:05:08.990+0000] {logging_mixin.py:188} INFO - [2025-04-13T19:05:08.989+0000] {dagbag.py:538} INFO - Filling up the DagBag from /home/airflow/.local/lib/python3.8/site-packages/airflow/example_dags/example_task_group.py
[2025-04-13T19:05:11.665+0000] {processor.py:840} INFO - DAG(s) 'example_task_group' retrieved from /home/airflow/.local/lib/python3.8/site-packages/airflow/example_dags/example_task_group.py
[2025-04-13T19:05:11.717+0000] {logging_mixin.py:188} INFO - [2025-04-13T19:05:11.716+0000] {dag.py:3036} INFO - Sync 1 DAGs
[2025-04-13T19:05:11.802+0000] {logging_mixin.py:188} INFO - [2025-04-13T19:05:11.800+0000] {dag.py:3823} INFO - Setting next_dagrun for example_task_group to 2025-04-12 00:00:00+00:00, run_after=2025-04-13 00:00:00+00:00
[2025-04-13T19:05:11.836+0000] {processor.py:183} INFO - Processing /home/airflow/.local/lib/python3.8/site-packages/airflow/example_dags/example_task_group.py took 0.197 seconds
[2025-04-13T19:05:45.144+0000] {processor.py:161} INFO - Started process (PID=13195) to work on /home/airflow/.local/lib/python3.8/site-packages/airflow/example_dags/example_task_group.py
[2025-04-13T19:05:45.146+0000] {processor.py:830} INFO - Processing file /home/airflow/.local/lib/python3.8/site-packages/airflow/example_dags/example_task_group.py for tasks to queue
[2025-04-13T19:05:45.148+0000] {logging_mixin.py:188} INFO - [2025-04-13T19:05:45.148+0000] {dagbag.py:538} INFO - Filling up the DagBag from /home/airflow/.local/lib/python3.8/site-packages/airflow/example_dags/example_task_group.py
[2025-04-13T19:05:45.160+0000] {processor.py:840} INFO - DAG(s) 'example_task_group' retrieved from /home/airflow/.local/lib/python3.8/site-packages/airflow/example_dags/example_task_group.py
[2025-04-13T19:05:45.193+0000] {logging_mixin.py:188} INFO - [2025-04-13T19:05:45.193+0000] {dag.py:3036} INFO - Sync 1 DAGs
[2025-04-13T19:05:45.230+0000] {logging_mixin.py:188} INFO - [2025-04-13T19:05:45.230+0000] {dag.py:3823} INFO - Setting next_dagrun for example_task_group to 2025-04-12 00:00:00+00:00, run_after=2025-04-13 00:00:00+00:00
[2025-04-13T19:05:45.259+0000] {processor.py:183} INFO - Processing /home/airflow/.local/lib/python3.8/site-packages/airflow/example_dags/example_task_group.py took 0.119 seconds
[2025-04-13T19:06:18.356+0000] {processor.py:161} INFO - Started process (PID=13251) to work on /home/airflow/.local/lib/python3.8/site-packages/airflow/example_dags/example_task_group.py
[2025-04-13T19:06:18.357+0000] {processor.py:830} INFO - Processing file /home/airflow/.local/lib/python3.8/site-packages/airflow/example_dags/example_task_group.py for tasks to queue
[2025-04-13T19:06:18.361+0000] {logging_mixin.py:188} INFO - [2025-04-13T19:06:18.360+0000] {dagbag.py:538} INFO - Filling up the DagBag from /home/airflow/.local/lib/python3.8/site-packages/airflow/example_dags/example_task_group.py
[2025-04-13T19:06:18.372+0000] {processor.py:840} INFO - DAG(s) 'example_task_group' retrieved from /home/airflow/.local/lib/python3.8/site-packages/airflow/example_dags/example_task_group.py
[2025-04-13T19:06:18.404+0000] {logging_mixin.py:188} INFO - [2025-04-13T19:06:18.403+0000] {dag.py:3036} INFO - Sync 1 DAGs
[2025-04-13T19:06:18.443+0000] {logging_mixin.py:188} INFO - [2025-04-13T19:06:18.443+0000] {dag.py:3823} INFO - Setting next_dagrun for example_task_group to 2025-04-12 00:00:00+00:00, run_after=2025-04-13 00:00:00+00:00
[2025-04-13T19:06:18.473+0000] {processor.py:183} INFO - Processing /home/airflow/.local/lib/python3.8/site-packages/airflow/example_dags/example_task_group.py took 0.121 seconds
[2025-04-13T19:06:51.975+0000] {processor.py:161} INFO - Started process (PID=13306) to work on /home/airflow/.local/lib/python3.8/site-packages/airflow/example_dags/example_task_group.py
[2025-04-13T19:06:51.977+0000] {processor.py:830} INFO - Processing file /home/airflow/.local/lib/python3.8/site-packages/airflow/example_dags/example_task_group.py for tasks to queue
[2025-04-13T19:06:51.980+0000] {logging_mixin.py:188} INFO - [2025-04-13T19:06:51.979+0000] {dagbag.py:538} INFO - Filling up the DagBag from /home/airflow/.local/lib/python3.8/site-packages/airflow/example_dags/example_task_group.py
[2025-04-13T19:06:51.994+0000] {processor.py:840} INFO - DAG(s) 'example_task_group' retrieved from /home/airflow/.local/lib/python3.8/site-packages/airflow/example_dags/example_task_group.py
[2025-04-13T19:06:52.036+0000] {logging_mixin.py:188} INFO - [2025-04-13T19:06:52.036+0000] {dag.py:3036} INFO - Sync 1 DAGs
[2025-04-13T19:06:52.079+0000] {logging_mixin.py:188} INFO - [2025-04-13T19:06:52.078+0000] {dag.py:3823} INFO - Setting next_dagrun for example_task_group to 2025-04-12 00:00:00+00:00, run_after=2025-04-13 00:00:00+00:00
[2025-04-13T19:06:52.112+0000] {processor.py:183} INFO - Processing /home/airflow/.local/lib/python3.8/site-packages/airflow/example_dags/example_task_group.py took 0.143 seconds
[2025-04-13T19:07:25.070+0000] {processor.py:161} INFO - Started process (PID=13362) to work on /home/airflow/.local/lib/python3.8/site-packages/airflow/example_dags/example_task_group.py
[2025-04-13T19:07:25.071+0000] {processor.py:830} INFO - Processing file /home/airflow/.local/lib/python3.8/site-packages/airflow/example_dags/example_task_group.py for tasks to queue
[2025-04-13T19:07:25.081+0000] {logging_mixin.py:188} INFO - [2025-04-13T19:07:25.080+0000] {dagbag.py:538} INFO - Filling up the DagBag from /home/airflow/.local/lib/python3.8/site-packages/airflow/example_dags/example_task_group.py
[2025-04-13T19:07:25.099+0000] {processor.py:840} INFO - DAG(s) 'example_task_group' retrieved from /home/airflow/.local/lib/python3.8/site-packages/airflow/example_dags/example_task_group.py
[2025-04-13T19:07:25.143+0000] {logging_mixin.py:188} INFO - [2025-04-13T19:07:25.142+0000] {dag.py:3036} INFO - Sync 1 DAGs
[2025-04-13T19:07:25.205+0000] {logging_mixin.py:188} INFO - [2025-04-13T19:07:25.205+0000] {dag.py:3823} INFO - Setting next_dagrun for example_task_group to 2025-04-12 00:00:00+00:00, run_after=2025-04-13 00:00:00+00:00
[2025-04-13T19:07:25.247+0000] {processor.py:183} INFO - Processing /home/airflow/.local/lib/python3.8/site-packages/airflow/example_dags/example_task_group.py took 0.184 seconds
[2025-04-13T19:07:58.399+0000] {processor.py:161} INFO - Started process (PID=13417) to work on /home/airflow/.local/lib/python3.8/site-packages/airflow/example_dags/example_task_group.py
[2025-04-13T19:07:58.400+0000] {processor.py:830} INFO - Processing file /home/airflow/.local/lib/python3.8/site-packages/airflow/example_dags/example_task_group.py for tasks to queue
[2025-04-13T19:07:58.403+0000] {logging_mixin.py:188} INFO - [2025-04-13T19:07:58.403+0000] {dagbag.py:538} INFO - Filling up the DagBag from /home/airflow/.local/lib/python3.8/site-packages/airflow/example_dags/example_task_group.py
[2025-04-13T19:07:58.426+0000] {processor.py:840} INFO - DAG(s) 'example_task_group' retrieved from /home/airflow/.local/lib/python3.8/site-packages/airflow/example_dags/example_task_group.py
[2025-04-13T19:07:58.479+0000] {logging_mixin.py:188} INFO - [2025-04-13T19:07:58.479+0000] {dag.py:3036} INFO - Sync 1 DAGs
[2025-04-13T19:07:58.530+0000] {logging_mixin.py:188} INFO - [2025-04-13T19:07:58.529+0000] {dag.py:3823} INFO - Setting next_dagrun for example_task_group to 2025-04-12 00:00:00+00:00, run_after=2025-04-13 00:00:00+00:00
[2025-04-13T19:07:58.576+0000] {processor.py:183} INFO - Processing /home/airflow/.local/lib/python3.8/site-packages/airflow/example_dags/example_task_group.py took 0.183 seconds
[2025-04-13T19:08:31.918+0000] {processor.py:161} INFO - Started process (PID=13473) to work on /home/airflow/.local/lib/python3.8/site-packages/airflow/example_dags/example_task_group.py
[2025-04-13T19:08:31.922+0000] {processor.py:830} INFO - Processing file /home/airflow/.local/lib/python3.8/site-packages/airflow/example_dags/example_task_group.py for tasks to queue
[2025-04-13T19:08:31.926+0000] {logging_mixin.py:188} INFO - [2025-04-13T19:08:31.925+0000] {dagbag.py:538} INFO - Filling up the DagBag from /home/airflow/.local/lib/python3.8/site-packages/airflow/example_dags/example_task_group.py
[2025-04-13T19:08:31.940+0000] {processor.py:840} INFO - DAG(s) 'example_task_group' retrieved from /home/airflow/.local/lib/python3.8/site-packages/airflow/example_dags/example_task_group.py
[2025-04-13T19:08:31.982+0000] {logging_mixin.py:188} INFO - [2025-04-13T19:08:31.981+0000] {dag.py:3036} INFO - Sync 1 DAGs
[2025-04-13T19:08:32.018+0000] {logging_mixin.py:188} INFO - [2025-04-13T19:08:32.018+0000] {dag.py:3823} INFO - Setting next_dagrun for example_task_group to 2025-04-12 00:00:00+00:00, run_after=2025-04-13 00:00:00+00:00
[2025-04-13T19:08:32.057+0000] {processor.py:183} INFO - Processing /home/airflow/.local/lib/python3.8/site-packages/airflow/example_dags/example_task_group.py took 0.144 seconds
[2025-04-13T19:09:05.376+0000] {processor.py:161} INFO - Started process (PID=13529) to work on /home/airflow/.local/lib/python3.8/site-packages/airflow/example_dags/example_task_group.py
[2025-04-13T19:09:05.377+0000] {processor.py:830} INFO - Processing file /home/airflow/.local/lib/python3.8/site-packages/airflow/example_dags/example_task_group.py for tasks to queue
[2025-04-13T19:09:05.384+0000] {logging_mixin.py:188} INFO - [2025-04-13T19:09:05.380+0000] {dagbag.py:538} INFO - Filling up the DagBag from /home/airflow/.local/lib/python3.8/site-packages/airflow/example_dags/example_task_group.py
[2025-04-13T19:09:05.392+0000] {processor.py:840} INFO - DAG(s) 'example_task_group' retrieved from /home/airflow/.local/lib/python3.8/site-packages/airflow/example_dags/example_task_group.py
[2025-04-13T19:09:05.425+0000] {logging_mixin.py:188} INFO - [2025-04-13T19:09:05.425+0000] {dag.py:3036} INFO - Sync 1 DAGs
[2025-04-13T19:09:05.454+0000] {logging_mixin.py:188} INFO - [2025-04-13T19:09:05.454+0000] {dag.py:3823} INFO - Setting next_dagrun for example_task_group to 2025-04-12 00:00:00+00:00, run_after=2025-04-13 00:00:00+00:00
[2025-04-13T19:09:05.481+0000] {processor.py:183} INFO - Processing /home/airflow/.local/lib/python3.8/site-packages/airflow/example_dags/example_task_group.py took 0.110 seconds
[2025-04-13T19:09:38.533+0000] {processor.py:161} INFO - Started process (PID=13585) to work on /home/airflow/.local/lib/python3.8/site-packages/airflow/example_dags/example_task_group.py
[2025-04-13T19:09:38.535+0000] {processor.py:830} INFO - Processing file /home/airflow/.local/lib/python3.8/site-packages/airflow/example_dags/example_task_group.py for tasks to queue
[2025-04-13T19:09:38.538+0000] {logging_mixin.py:188} INFO - [2025-04-13T19:09:38.537+0000] {dagbag.py:538} INFO - Filling up the DagBag from /home/airflow/.local/lib/python3.8/site-packages/airflow/example_dags/example_task_group.py
[2025-04-13T19:09:38.549+0000] {processor.py:840} INFO - DAG(s) 'example_task_group' retrieved from /home/airflow/.local/lib/python3.8/site-packages/airflow/example_dags/example_task_group.py
[2025-04-13T19:09:38.578+0000] {logging_mixin.py:188} INFO - [2025-04-13T19:09:38.578+0000] {dag.py:3036} INFO - Sync 1 DAGs
[2025-04-13T19:09:38.608+0000] {logging_mixin.py:188} INFO - [2025-04-13T19:09:38.608+0000] {dag.py:3823} INFO - Setting next_dagrun for example_task_group to 2025-04-12 00:00:00+00:00, run_after=2025-04-13 00:00:00+00:00
[2025-04-13T19:09:38.644+0000] {processor.py:183} INFO - Processing /home/airflow/.local/lib/python3.8/site-packages/airflow/example_dags/example_task_group.py took 0.115 seconds
[2025-04-13T19:10:08.986+0000] {processor.py:161} INFO - Started process (PID=13641) to work on /home/airflow/.local/lib/python3.8/site-packages/airflow/example_dags/example_task_group.py
[2025-04-13T19:10:08.989+0000] {processor.py:830} INFO - Processing file /home/airflow/.local/lib/python3.8/site-packages/airflow/example_dags/example_task_group.py for tasks to queue
[2025-04-13T19:10:08.992+0000] {logging_mixin.py:188} INFO - [2025-04-13T19:10:08.991+0000] {dagbag.py:538} INFO - Filling up the DagBag from /home/airflow/.local/lib/python3.8/site-packages/airflow/example_dags/example_task_group.py
[2025-04-13T19:10:09.007+0000] {processor.py:840} INFO - DAG(s) 'example_task_group' retrieved from /home/airflow/.local/lib/python3.8/site-packages/airflow/example_dags/example_task_group.py
[2025-04-13T19:10:09.041+0000] {logging_mixin.py:188} INFO - [2025-04-13T19:10:09.041+0000] {dag.py:3036} INFO - Sync 1 DAGs
[2025-04-13T19:10:11.748+0000] {logging_mixin.py:188} INFO - [2025-04-13T19:10:11.748+0000] {dag.py:3823} INFO - Setting next_dagrun for example_task_group to 2025-04-12 00:00:00+00:00, run_after=2025-04-13 00:00:00+00:00
[2025-04-13T19:10:11.786+0000] {processor.py:183} INFO - Processing /home/airflow/.local/lib/python3.8/site-packages/airflow/example_dags/example_task_group.py took 0.152 seconds
[2025-04-13T19:10:45.435+0000] {processor.py:161} INFO - Started process (PID=13697) to work on /home/airflow/.local/lib/python3.8/site-packages/airflow/example_dags/example_task_group.py
[2025-04-13T19:10:45.437+0000] {processor.py:830} INFO - Processing file /home/airflow/.local/lib/python3.8/site-packages/airflow/example_dags/example_task_group.py for tasks to queue
[2025-04-13T19:10:45.442+0000] {logging_mixin.py:188} INFO - [2025-04-13T19:10:45.442+0000] {dagbag.py:538} INFO - Filling up the DagBag from /home/airflow/.local/lib/python3.8/site-packages/airflow/example_dags/example_task_group.py
[2025-04-13T19:10:45.458+0000] {processor.py:840} INFO - DAG(s) 'example_task_group' retrieved from /home/airflow/.local/lib/python3.8/site-packages/airflow/example_dags/example_task_group.py
[2025-04-13T19:10:45.502+0000] {logging_mixin.py:188} INFO - [2025-04-13T19:10:45.501+0000] {dag.py:3036} INFO - Sync 1 DAGs
[2025-04-13T19:10:45.552+0000] {logging_mixin.py:188} INFO - [2025-04-13T19:10:45.551+0000] {dag.py:3823} INFO - Setting next_dagrun for example_task_group to 2025-04-12 00:00:00+00:00, run_after=2025-04-13 00:00:00+00:00
[2025-04-13T19:10:45.608+0000] {processor.py:183} INFO - Processing /home/airflow/.local/lib/python3.8/site-packages/airflow/example_dags/example_task_group.py took 0.179 seconds
[2025-04-13T19:11:15.697+0000] {processor.py:161} INFO - Started process (PID=13752) to work on /home/airflow/.local/lib/python3.8/site-packages/airflow/example_dags/example_task_group.py
[2025-04-13T19:11:15.698+0000] {processor.py:830} INFO - Processing file /home/airflow/.local/lib/python3.8/site-packages/airflow/example_dags/example_task_group.py for tasks to queue
[2025-04-13T19:11:15.703+0000] {logging_mixin.py:188} INFO - [2025-04-13T19:11:15.702+0000] {dagbag.py:538} INFO - Filling up the DagBag from /home/airflow/.local/lib/python3.8/site-packages/airflow/example_dags/example_task_group.py
[2025-04-13T19:11:18.380+0000] {processor.py:840} INFO - DAG(s) 'example_task_group' retrieved from /home/airflow/.local/lib/python3.8/site-packages/airflow/example_dags/example_task_group.py
[2025-04-13T19:11:18.419+0000] {logging_mixin.py:188} INFO - [2025-04-13T19:11:18.419+0000] {dag.py:3036} INFO - Sync 1 DAGs
[2025-04-13T19:11:18.453+0000] {logging_mixin.py:188} INFO - [2025-04-13T19:11:18.452+0000] {dag.py:3823} INFO - Setting next_dagrun for example_task_group to 2025-04-12 00:00:00+00:00, run_after=2025-04-13 00:00:00+00:00
[2025-04-13T19:11:18.492+0000] {processor.py:183} INFO - Processing /home/airflow/.local/lib/python3.8/site-packages/airflow/example_dags/example_task_group.py took 0.134 seconds
[2025-04-13T19:11:51.778+0000] {processor.py:161} INFO - Started process (PID=13809) to work on /home/airflow/.local/lib/python3.8/site-packages/airflow/example_dags/example_task_group.py
[2025-04-13T19:11:51.782+0000] {processor.py:830} INFO - Processing file /home/airflow/.local/lib/python3.8/site-packages/airflow/example_dags/example_task_group.py for tasks to queue
[2025-04-13T19:11:51.786+0000] {logging_mixin.py:188} INFO - [2025-04-13T19:11:51.785+0000] {dagbag.py:538} INFO - Filling up the DagBag from /home/airflow/.local/lib/python3.8/site-packages/airflow/example_dags/example_task_group.py
[2025-04-13T19:11:51.809+0000] {processor.py:840} INFO - DAG(s) 'example_task_group' retrieved from /home/airflow/.local/lib/python3.8/site-packages/airflow/example_dags/example_task_group.py
[2025-04-13T19:11:51.887+0000] {logging_mixin.py:188} INFO - [2025-04-13T19:11:51.886+0000] {dag.py:3036} INFO - Sync 1 DAGs
[2025-04-13T19:11:51.980+0000] {logging_mixin.py:188} INFO - [2025-04-13T19:11:51.979+0000] {dag.py:3823} INFO - Setting next_dagrun for example_task_group to 2025-04-12 00:00:00+00:00, run_after=2025-04-13 00:00:00+00:00
[2025-04-13T19:11:52.058+0000] {processor.py:183} INFO - Processing /home/airflow/.local/lib/python3.8/site-packages/airflow/example_dags/example_task_group.py took 0.285 seconds
[2025-04-13T19:12:25.156+0000] {processor.py:161} INFO - Started process (PID=13865) to work on /home/airflow/.local/lib/python3.8/site-packages/airflow/example_dags/example_task_group.py
[2025-04-13T19:12:25.158+0000] {processor.py:830} INFO - Processing file /home/airflow/.local/lib/python3.8/site-packages/airflow/example_dags/example_task_group.py for tasks to queue
[2025-04-13T19:12:25.162+0000] {logging_mixin.py:188} INFO - [2025-04-13T19:12:25.162+0000] {dagbag.py:538} INFO - Filling up the DagBag from /home/airflow/.local/lib/python3.8/site-packages/airflow/example_dags/example_task_group.py
[2025-04-13T19:12:25.174+0000] {processor.py:840} INFO - DAG(s) 'example_task_group' retrieved from /home/airflow/.local/lib/python3.8/site-packages/airflow/example_dags/example_task_group.py
[2025-04-13T19:12:25.203+0000] {logging_mixin.py:188} INFO - [2025-04-13T19:12:25.203+0000] {dag.py:3036} INFO - Sync 1 DAGs
[2025-04-13T19:12:25.233+0000] {logging_mixin.py:188} INFO - [2025-04-13T19:12:25.232+0000] {dag.py:3823} INFO - Setting next_dagrun for example_task_group to 2025-04-12 00:00:00+00:00, run_after=2025-04-13 00:00:00+00:00
[2025-04-13T19:12:25.258+0000] {processor.py:183} INFO - Processing /home/airflow/.local/lib/python3.8/site-packages/airflow/example_dags/example_task_group.py took 0.106 seconds
[2025-04-13T19:12:58.680+0000] {processor.py:161} INFO - Started process (PID=13921) to work on /home/airflow/.local/lib/python3.8/site-packages/airflow/example_dags/example_task_group.py
[2025-04-13T19:12:58.682+0000] {processor.py:830} INFO - Processing file /home/airflow/.local/lib/python3.8/site-packages/airflow/example_dags/example_task_group.py for tasks to queue
[2025-04-13T19:12:58.685+0000] {logging_mixin.py:188} INFO - [2025-04-13T19:12:58.684+0000] {dagbag.py:538} INFO - Filling up the DagBag from /home/airflow/.local/lib/python3.8/site-packages/airflow/example_dags/example_task_group.py
[2025-04-13T19:12:58.698+0000] {processor.py:840} INFO - DAG(s) 'example_task_group' retrieved from /home/airflow/.local/lib/python3.8/site-packages/airflow/example_dags/example_task_group.py
[2025-04-13T19:12:58.730+0000] {logging_mixin.py:188} INFO - [2025-04-13T19:12:58.729+0000] {dag.py:3036} INFO - Sync 1 DAGs
[2025-04-13T19:12:58.754+0000] {logging_mixin.py:188} INFO - [2025-04-13T19:12:58.754+0000] {dag.py:3823} INFO - Setting next_dagrun for example_task_group to 2025-04-12 00:00:00+00:00, run_after=2025-04-13 00:00:00+00:00
[2025-04-13T19:12:58.775+0000] {processor.py:183} INFO - Processing /home/airflow/.local/lib/python3.8/site-packages/airflow/example_dags/example_task_group.py took 0.103 seconds
[2025-04-13T19:13:31.815+0000] {processor.py:161} INFO - Started process (PID=13977) to work on /home/airflow/.local/lib/python3.8/site-packages/airflow/example_dags/example_task_group.py
[2025-04-13T19:13:31.816+0000] {processor.py:830} INFO - Processing file /home/airflow/.local/lib/python3.8/site-packages/airflow/example_dags/example_task_group.py for tasks to queue
[2025-04-13T19:13:31.819+0000] {logging_mixin.py:188} INFO - [2025-04-13T19:13:31.818+0000] {dagbag.py:538} INFO - Filling up the DagBag from /home/airflow/.local/lib/python3.8/site-packages/airflow/example_dags/example_task_group.py
[2025-04-13T19:13:31.828+0000] {processor.py:840} INFO - DAG(s) 'example_task_group' retrieved from /home/airflow/.local/lib/python3.8/site-packages/airflow/example_dags/example_task_group.py
[2025-04-13T19:13:31.857+0000] {logging_mixin.py:188} INFO - [2025-04-13T19:13:31.856+0000] {dag.py:3036} INFO - Sync 1 DAGs
[2025-04-13T19:13:31.882+0000] {logging_mixin.py:188} INFO - [2025-04-13T19:13:31.882+0000] {dag.py:3823} INFO - Setting next_dagrun for example_task_group to 2025-04-12 00:00:00+00:00, run_after=2025-04-13 00:00:00+00:00
[2025-04-13T19:13:31.921+0000] {processor.py:183} INFO - Processing /home/airflow/.local/lib/python3.8/site-packages/airflow/example_dags/example_task_group.py took 0.110 seconds
[2025-04-13T19:14:02.266+0000] {processor.py:161} INFO - Started process (PID=14033) to work on /home/airflow/.local/lib/python3.8/site-packages/airflow/example_dags/example_task_group.py
[2025-04-13T19:14:02.268+0000] {processor.py:830} INFO - Processing file /home/airflow/.local/lib/python3.8/site-packages/airflow/example_dags/example_task_group.py for tasks to queue
[2025-04-13T19:14:02.273+0000] {logging_mixin.py:188} INFO - [2025-04-13T19:14:02.271+0000] {dagbag.py:538} INFO - Filling up the DagBag from /home/airflow/.local/lib/python3.8/site-packages/airflow/example_dags/example_task_group.py
[2025-04-13T19:14:02.283+0000] {processor.py:840} INFO - DAG(s) 'example_task_group' retrieved from /home/airflow/.local/lib/python3.8/site-packages/airflow/example_dags/example_task_group.py
[2025-04-13T19:14:02.308+0000] {logging_mixin.py:188} INFO - [2025-04-13T19:14:02.307+0000] {dag.py:3036} INFO - Sync 1 DAGs
[2025-04-13T19:14:02.344+0000] {logging_mixin.py:188} INFO - [2025-04-13T19:14:02.344+0000] {dag.py:3823} INFO - Setting next_dagrun for example_task_group to 2025-04-12 00:00:00+00:00, run_after=2025-04-13 00:00:00+00:00
[2025-04-13T19:14:02.369+0000] {processor.py:183} INFO - Processing /home/airflow/.local/lib/python3.8/site-packages/airflow/example_dags/example_task_group.py took 0.108 seconds
[2025-04-13T19:14:32.875+0000] {processor.py:161} INFO - Started process (PID=14088) to work on /home/airflow/.local/lib/python3.8/site-packages/airflow/example_dags/example_task_group.py
[2025-04-13T19:14:32.876+0000] {processor.py:830} INFO - Processing file /home/airflow/.local/lib/python3.8/site-packages/airflow/example_dags/example_task_group.py for tasks to queue
[2025-04-13T19:14:32.878+0000] {logging_mixin.py:188} INFO - [2025-04-13T19:14:32.878+0000] {dagbag.py:538} INFO - Filling up the DagBag from /home/airflow/.local/lib/python3.8/site-packages/airflow/example_dags/example_task_group.py
[2025-04-13T19:14:32.887+0000] {processor.py:840} INFO - DAG(s) 'example_task_group' retrieved from /home/airflow/.local/lib/python3.8/site-packages/airflow/example_dags/example_task_group.py
[2025-04-13T19:14:32.916+0000] {logging_mixin.py:188} INFO - [2025-04-13T19:14:32.916+0000] {dag.py:3036} INFO - Sync 1 DAGs
[2025-04-13T19:14:32.945+0000] {logging_mixin.py:188} INFO - [2025-04-13T19:14:32.945+0000] {dag.py:3823} INFO - Setting next_dagrun for example_task_group to 2025-04-12 00:00:00+00:00, run_after=2025-04-13 00:00:00+00:00
[2025-04-13T19:14:32.973+0000] {processor.py:183} INFO - Processing /home/airflow/.local/lib/python3.8/site-packages/airflow/example_dags/example_task_group.py took 0.103 seconds
[2025-04-13T19:15:03.585+0000] {processor.py:161} INFO - Started process (PID=14144) to work on /home/airflow/.local/lib/python3.8/site-packages/airflow/example_dags/example_task_group.py
[2025-04-13T19:15:03.586+0000] {processor.py:830} INFO - Processing file /home/airflow/.local/lib/python3.8/site-packages/airflow/example_dags/example_task_group.py for tasks to queue
[2025-04-13T19:15:03.589+0000] {logging_mixin.py:188} INFO - [2025-04-13T19:15:03.589+0000] {dagbag.py:538} INFO - Filling up the DagBag from /home/airflow/.local/lib/python3.8/site-packages/airflow/example_dags/example_task_group.py
[2025-04-13T19:15:03.602+0000] {processor.py:840} INFO - DAG(s) 'example_task_group' retrieved from /home/airflow/.local/lib/python3.8/site-packages/airflow/example_dags/example_task_group.py
[2025-04-13T19:15:03.636+0000] {logging_mixin.py:188} INFO - [2025-04-13T19:15:03.635+0000] {dag.py:3036} INFO - Sync 1 DAGs
[2025-04-13T19:15:03.665+0000] {logging_mixin.py:188} INFO - [2025-04-13T19:15:03.665+0000] {dag.py:3823} INFO - Setting next_dagrun for example_task_group to 2025-04-12 00:00:00+00:00, run_after=2025-04-13 00:00:00+00:00
[2025-04-13T19:15:03.696+0000] {processor.py:183} INFO - Processing /home/airflow/.local/lib/python3.8/site-packages/airflow/example_dags/example_task_group.py took 0.117 seconds
[2025-04-13T19:15:33.978+0000] {processor.py:161} INFO - Started process (PID=14200) to work on /home/airflow/.local/lib/python3.8/site-packages/airflow/example_dags/example_task_group.py
[2025-04-13T19:15:33.980+0000] {processor.py:830} INFO - Processing file /home/airflow/.local/lib/python3.8/site-packages/airflow/example_dags/example_task_group.py for tasks to queue
[2025-04-13T19:15:33.982+0000] {logging_mixin.py:188} INFO - [2025-04-13T19:15:33.982+0000] {dagbag.py:538} INFO - Filling up the DagBag from /home/airflow/.local/lib/python3.8/site-packages/airflow/example_dags/example_task_group.py
[2025-04-13T19:15:34.000+0000] {processor.py:840} INFO - DAG(s) 'example_task_group' retrieved from /home/airflow/.local/lib/python3.8/site-packages/airflow/example_dags/example_task_group.py
[2025-04-13T19:15:34.046+0000] {logging_mixin.py:188} INFO - [2025-04-13T19:15:34.046+0000] {dag.py:3036} INFO - Sync 1 DAGs
[2025-04-13T19:15:34.096+0000] {logging_mixin.py:188} INFO - [2025-04-13T19:15:34.096+0000] {dag.py:3823} INFO - Setting next_dagrun for example_task_group to 2025-04-12 00:00:00+00:00, run_after=2025-04-13 00:00:00+00:00
[2025-04-13T19:15:34.130+0000] {processor.py:183} INFO - Processing /home/airflow/.local/lib/python3.8/site-packages/airflow/example_dags/example_task_group.py took 0.156 seconds
[2025-04-13T19:16:04.883+0000] {processor.py:161} INFO - Started process (PID=14250) to work on /home/airflow/.local/lib/python3.8/site-packages/airflow/example_dags/example_task_group.py
[2025-04-13T19:16:04.884+0000] {processor.py:830} INFO - Processing file /home/airflow/.local/lib/python3.8/site-packages/airflow/example_dags/example_task_group.py for tasks to queue
[2025-04-13T19:16:04.888+0000] {logging_mixin.py:188} INFO - [2025-04-13T19:16:04.887+0000] {dagbag.py:538} INFO - Filling up the DagBag from /home/airflow/.local/lib/python3.8/site-packages/airflow/example_dags/example_task_group.py
[2025-04-13T19:16:04.902+0000] {processor.py:840} INFO - DAG(s) 'example_task_group' retrieved from /home/airflow/.local/lib/python3.8/site-packages/airflow/example_dags/example_task_group.py
[2025-04-13T19:16:04.947+0000] {logging_mixin.py:188} INFO - [2025-04-13T19:16:04.947+0000] {dag.py:3036} INFO - Sync 1 DAGs
[2025-04-13T19:16:04.986+0000] {logging_mixin.py:188} INFO - [2025-04-13T19:16:04.986+0000] {dag.py:3823} INFO - Setting next_dagrun for example_task_group to 2025-04-12 00:00:00+00:00, run_after=2025-04-13 00:00:00+00:00
[2025-04-13T19:16:05.020+0000] {processor.py:183} INFO - Processing /home/airflow/.local/lib/python3.8/site-packages/airflow/example_dags/example_task_group.py took 0.143 seconds
[2025-04-13T19:16:35.139+0000] {processor.py:161} INFO - Started process (PID=14306) to work on /home/airflow/.local/lib/python3.8/site-packages/airflow/example_dags/example_task_group.py
[2025-04-13T19:16:35.141+0000] {processor.py:830} INFO - Processing file /home/airflow/.local/lib/python3.8/site-packages/airflow/example_dags/example_task_group.py for tasks to queue
[2025-04-13T19:16:35.143+0000] {logging_mixin.py:188} INFO - [2025-04-13T19:16:35.143+0000] {dagbag.py:538} INFO - Filling up the DagBag from /home/airflow/.local/lib/python3.8/site-packages/airflow/example_dags/example_task_group.py
[2025-04-13T19:16:35.152+0000] {processor.py:840} INFO - DAG(s) 'example_task_group' retrieved from /home/airflow/.local/lib/python3.8/site-packages/airflow/example_dags/example_task_group.py
[2025-04-13T19:16:35.178+0000] {logging_mixin.py:188} INFO - [2025-04-13T19:16:35.178+0000] {dag.py:3036} INFO - Sync 1 DAGs
[2025-04-13T19:16:35.206+0000] {logging_mixin.py:188} INFO - [2025-04-13T19:16:35.206+0000] {dag.py:3823} INFO - Setting next_dagrun for example_task_group to 2025-04-12 00:00:00+00:00, run_after=2025-04-13 00:00:00+00:00
[2025-04-13T19:16:35.231+0000] {processor.py:183} INFO - Processing /home/airflow/.local/lib/python3.8/site-packages/airflow/example_dags/example_task_group.py took 0.096 seconds
[2025-04-13T19:17:05.291+0000] {processor.py:161} INFO - Started process (PID=14361) to work on /home/airflow/.local/lib/python3.8/site-packages/airflow/example_dags/example_task_group.py
[2025-04-13T19:17:05.294+0000] {processor.py:830} INFO - Processing file /home/airflow/.local/lib/python3.8/site-packages/airflow/example_dags/example_task_group.py for tasks to queue
[2025-04-13T19:17:05.298+0000] {logging_mixin.py:188} INFO - [2025-04-13T19:17:05.298+0000] {dagbag.py:538} INFO - Filling up the DagBag from /home/airflow/.local/lib/python3.8/site-packages/airflow/example_dags/example_task_group.py
[2025-04-13T19:17:05.311+0000] {processor.py:840} INFO - DAG(s) 'example_task_group' retrieved from /home/airflow/.local/lib/python3.8/site-packages/airflow/example_dags/example_task_group.py
[2025-04-13T19:17:05.347+0000] {logging_mixin.py:188} INFO - [2025-04-13T19:17:05.346+0000] {dag.py:3036} INFO - Sync 1 DAGs
[2025-04-13T19:17:05.385+0000] {logging_mixin.py:188} INFO - [2025-04-13T19:17:05.385+0000] {dag.py:3823} INFO - Setting next_dagrun for example_task_group to 2025-04-12 00:00:00+00:00, run_after=2025-04-13 00:00:00+00:00
[2025-04-13T19:17:05.419+0000] {processor.py:183} INFO - Processing /home/airflow/.local/lib/python3.8/site-packages/airflow/example_dags/example_task_group.py took 0.137 seconds
[2025-04-13T19:17:35.484+0000] {processor.py:161} INFO - Started process (PID=14417) to work on /home/airflow/.local/lib/python3.8/site-packages/airflow/example_dags/example_task_group.py
[2025-04-13T19:17:35.485+0000] {processor.py:830} INFO - Processing file /home/airflow/.local/lib/python3.8/site-packages/airflow/example_dags/example_task_group.py for tasks to queue
[2025-04-13T19:17:35.487+0000] {logging_mixin.py:188} INFO - [2025-04-13T19:17:35.487+0000] {dagbag.py:538} INFO - Filling up the DagBag from /home/airflow/.local/lib/python3.8/site-packages/airflow/example_dags/example_task_group.py
[2025-04-13T19:17:35.497+0000] {processor.py:840} INFO - DAG(s) 'example_task_group' retrieved from /home/airflow/.local/lib/python3.8/site-packages/airflow/example_dags/example_task_group.py
[2025-04-13T19:17:35.526+0000] {logging_mixin.py:188} INFO - [2025-04-13T19:17:35.525+0000] {dag.py:3036} INFO - Sync 1 DAGs
[2025-04-13T19:17:35.554+0000] {logging_mixin.py:188} INFO - [2025-04-13T19:17:35.553+0000] {dag.py:3823} INFO - Setting next_dagrun for example_task_group to 2025-04-12 00:00:00+00:00, run_after=2025-04-13 00:00:00+00:00
[2025-04-13T19:17:35.583+0000] {processor.py:183} INFO - Processing /home/airflow/.local/lib/python3.8/site-packages/airflow/example_dags/example_task_group.py took 0.104 seconds
[2025-04-13T19:18:05.933+0000] {processor.py:161} INFO - Started process (PID=14474) to work on /home/airflow/.local/lib/python3.8/site-packages/airflow/example_dags/example_task_group.py
[2025-04-13T19:18:05.934+0000] {processor.py:830} INFO - Processing file /home/airflow/.local/lib/python3.8/site-packages/airflow/example_dags/example_task_group.py for tasks to queue
[2025-04-13T19:18:05.936+0000] {logging_mixin.py:188} INFO - [2025-04-13T19:18:05.936+0000] {dagbag.py:538} INFO - Filling up the DagBag from /home/airflow/.local/lib/python3.8/site-packages/airflow/example_dags/example_task_group.py
[2025-04-13T19:18:05.947+0000] {processor.py:840} INFO - DAG(s) 'example_task_group' retrieved from /home/airflow/.local/lib/python3.8/site-packages/airflow/example_dags/example_task_group.py
[2025-04-13T19:18:05.980+0000] {logging_mixin.py:188} INFO - [2025-04-13T19:18:05.980+0000] {dag.py:3036} INFO - Sync 1 DAGs
[2025-04-13T19:18:06.011+0000] {logging_mixin.py:188} INFO - [2025-04-13T19:18:06.011+0000] {dag.py:3823} INFO - Setting next_dagrun for example_task_group to 2025-04-12 00:00:00+00:00, run_after=2025-04-13 00:00:00+00:00
[2025-04-13T19:18:06.038+0000] {processor.py:183} INFO - Processing /home/airflow/.local/lib/python3.8/site-packages/airflow/example_dags/example_task_group.py took 0.111 seconds
[2025-04-13T19:18:36.284+0000] {processor.py:161} INFO - Started process (PID=14521) to work on /home/airflow/.local/lib/python3.8/site-packages/airflow/example_dags/example_task_group.py
[2025-04-13T19:18:36.285+0000] {processor.py:830} INFO - Processing file /home/airflow/.local/lib/python3.8/site-packages/airflow/example_dags/example_task_group.py for tasks to queue
[2025-04-13T19:18:36.288+0000] {logging_mixin.py:188} INFO - [2025-04-13T19:18:36.287+0000] {dagbag.py:538} INFO - Filling up the DagBag from /home/airflow/.local/lib/python3.8/site-packages/airflow/example_dags/example_task_group.py
[2025-04-13T19:18:36.303+0000] {processor.py:840} INFO - DAG(s) 'example_task_group' retrieved from /home/airflow/.local/lib/python3.8/site-packages/airflow/example_dags/example_task_group.py
[2025-04-13T19:18:36.412+0000] {logging_mixin.py:188} INFO - [2025-04-13T19:18:36.412+0000] {dag.py:3036} INFO - Sync 1 DAGs
[2025-04-13T19:18:36.500+0000] {logging_mixin.py:188} INFO - [2025-04-13T19:18:36.500+0000] {dag.py:3823} INFO - Setting next_dagrun for example_task_group to 2025-04-12 00:00:00+00:00, run_after=2025-04-13 00:00:00+00:00
[2025-04-13T19:18:36.539+0000] {processor.py:183} INFO - Processing /home/airflow/.local/lib/python3.8/site-packages/airflow/example_dags/example_task_group.py took 0.261 seconds
[2025-04-13T19:19:08.730+0000] {processor.py:161} INFO - Started process (PID=14571) to work on /home/airflow/.local/lib/python3.8/site-packages/airflow/example_dags/example_task_group.py
[2025-04-13T19:19:08.732+0000] {processor.py:830} INFO - Processing file /home/airflow/.local/lib/python3.8/site-packages/airflow/example_dags/example_task_group.py for tasks to queue
[2025-04-13T19:19:08.734+0000] {logging_mixin.py:188} INFO - [2025-04-13T19:19:08.734+0000] {dagbag.py:538} INFO - Filling up the DagBag from /home/airflow/.local/lib/python3.8/site-packages/airflow/example_dags/example_task_group.py
[2025-04-13T19:19:08.745+0000] {processor.py:840} INFO - DAG(s) 'example_task_group' retrieved from /home/airflow/.local/lib/python3.8/site-packages/airflow/example_dags/example_task_group.py
[2025-04-13T19:19:08.775+0000] {logging_mixin.py:188} INFO - [2025-04-13T19:19:08.775+0000] {dag.py:3036} INFO - Sync 1 DAGs
[2025-04-13T19:19:08.809+0000] {logging_mixin.py:188} INFO - [2025-04-13T19:19:08.809+0000] {dag.py:3823} INFO - Setting next_dagrun for example_task_group to 2025-04-12 00:00:00+00:00, run_after=2025-04-13 00:00:00+00:00
[2025-04-13T19:19:08.840+0000] {processor.py:183} INFO - Processing /home/airflow/.local/lib/python3.8/site-packages/airflow/example_dags/example_task_group.py took 0.115 seconds
[2025-04-13T19:19:39.331+0000] {processor.py:161} INFO - Started process (PID=14599) to work on /home/airflow/.local/lib/python3.8/site-packages/airflow/example_dags/example_task_group.py
[2025-04-13T19:19:39.332+0000] {processor.py:830} INFO - Processing file /home/airflow/.local/lib/python3.8/site-packages/airflow/example_dags/example_task_group.py for tasks to queue
[2025-04-13T19:19:39.336+0000] {logging_mixin.py:188} INFO - [2025-04-13T19:19:39.336+0000] {dagbag.py:538} INFO - Filling up the DagBag from /home/airflow/.local/lib/python3.8/site-packages/airflow/example_dags/example_task_group.py
[2025-04-13T19:19:39.348+0000] {processor.py:840} INFO - DAG(s) 'example_task_group' retrieved from /home/airflow/.local/lib/python3.8/site-packages/airflow/example_dags/example_task_group.py
[2025-04-13T19:19:39.380+0000] {logging_mixin.py:188} INFO - [2025-04-13T19:19:39.380+0000] {dag.py:3036} INFO - Sync 1 DAGs
[2025-04-13T19:19:39.412+0000] {logging_mixin.py:188} INFO - [2025-04-13T19:19:39.412+0000] {dag.py:3823} INFO - Setting next_dagrun for example_task_group to 2025-04-12 00:00:00+00:00, run_after=2025-04-13 00:00:00+00:00
[2025-04-13T19:19:39.444+0000] {processor.py:183} INFO - Processing /home/airflow/.local/lib/python3.8/site-packages/airflow/example_dags/example_task_group.py took 0.119 seconds
[2025-04-13T19:20:12.601+0000] {processor.py:161} INFO - Started process (PID=14655) to work on /home/airflow/.local/lib/python3.8/site-packages/airflow/example_dags/example_task_group.py
[2025-04-13T19:20:12.603+0000] {processor.py:830} INFO - Processing file /home/airflow/.local/lib/python3.8/site-packages/airflow/example_dags/example_task_group.py for tasks to queue
[2025-04-13T19:20:12.605+0000] {logging_mixin.py:188} INFO - [2025-04-13T19:20:12.605+0000] {dagbag.py:538} INFO - Filling up the DagBag from /home/airflow/.local/lib/python3.8/site-packages/airflow/example_dags/example_task_group.py
[2025-04-13T19:20:12.619+0000] {processor.py:840} INFO - DAG(s) 'example_task_group' retrieved from /home/airflow/.local/lib/python3.8/site-packages/airflow/example_dags/example_task_group.py
[2025-04-13T19:20:12.666+0000] {logging_mixin.py:188} INFO - [2025-04-13T19:20:12.666+0000] {dag.py:3036} INFO - Sync 1 DAGs
[2025-04-13T19:20:12.708+0000] {logging_mixin.py:188} INFO - [2025-04-13T19:20:12.707+0000] {dag.py:3823} INFO - Setting next_dagrun for example_task_group to 2025-04-12 00:00:00+00:00, run_after=2025-04-13 00:00:00+00:00
[2025-04-13T19:20:12.739+0000] {processor.py:183} INFO - Processing /home/airflow/.local/lib/python3.8/site-packages/airflow/example_dags/example_task_group.py took 0.142 seconds
[2025-04-13T19:20:45.966+0000] {processor.py:161} INFO - Started process (PID=14711) to work on /home/airflow/.local/lib/python3.8/site-packages/airflow/example_dags/example_task_group.py
[2025-04-13T19:20:45.969+0000] {processor.py:830} INFO - Processing file /home/airflow/.local/lib/python3.8/site-packages/airflow/example_dags/example_task_group.py for tasks to queue
[2025-04-13T19:20:45.973+0000] {logging_mixin.py:188} INFO - [2025-04-13T19:20:45.973+0000] {dagbag.py:538} INFO - Filling up the DagBag from /home/airflow/.local/lib/python3.8/site-packages/airflow/example_dags/example_task_group.py
[2025-04-13T19:20:45.993+0000] {processor.py:840} INFO - DAG(s) 'example_task_group' retrieved from /home/airflow/.local/lib/python3.8/site-packages/airflow/example_dags/example_task_group.py
[2025-04-13T19:20:46.041+0000] {logging_mixin.py:188} INFO - [2025-04-13T19:20:46.040+0000] {dag.py:3036} INFO - Sync 1 DAGs
[2025-04-13T19:20:46.142+0000] {logging_mixin.py:188} INFO - [2025-04-13T19:20:46.141+0000] {dag.py:3823} INFO - Setting next_dagrun for example_task_group to 2025-04-12 00:00:00+00:00, run_after=2025-04-13 00:00:00+00:00
[2025-04-13T19:20:46.194+0000] {processor.py:183} INFO - Processing /home/airflow/.local/lib/python3.8/site-packages/airflow/example_dags/example_task_group.py took 0.237 seconds
[2025-04-13T19:21:19.371+0000] {processor.py:161} INFO - Started process (PID=14767) to work on /home/airflow/.local/lib/python3.8/site-packages/airflow/example_dags/example_task_group.py
[2025-04-13T19:21:19.372+0000] {processor.py:830} INFO - Processing file /home/airflow/.local/lib/python3.8/site-packages/airflow/example_dags/example_task_group.py for tasks to queue
[2025-04-13T19:21:19.378+0000] {logging_mixin.py:188} INFO - [2025-04-13T19:21:19.376+0000] {dagbag.py:538} INFO - Filling up the DagBag from /home/airflow/.local/lib/python3.8/site-packages/airflow/example_dags/example_task_group.py
[2025-04-13T19:21:19.392+0000] {processor.py:840} INFO - DAG(s) 'example_task_group' retrieved from /home/airflow/.local/lib/python3.8/site-packages/airflow/example_dags/example_task_group.py
[2025-04-13T19:21:19.433+0000] {logging_mixin.py:188} INFO - [2025-04-13T19:21:19.432+0000] {dag.py:3036} INFO - Sync 1 DAGs
[2025-04-13T19:21:19.462+0000] {logging_mixin.py:188} INFO - [2025-04-13T19:21:19.461+0000] {dag.py:3823} INFO - Setting next_dagrun for example_task_group to 2025-04-12 00:00:00+00:00, run_after=2025-04-13 00:00:00+00:00
[2025-04-13T19:21:19.491+0000] {processor.py:183} INFO - Processing /home/airflow/.local/lib/python3.8/site-packages/airflow/example_dags/example_task_group.py took 0.129 seconds
[2025-04-13T19:21:52.025+0000] {processor.py:161} INFO - Started process (PID=14824) to work on /home/airflow/.local/lib/python3.8/site-packages/airflow/example_dags/example_task_group.py
[2025-04-13T19:21:52.026+0000] {processor.py:830} INFO - Processing file /home/airflow/.local/lib/python3.8/site-packages/airflow/example_dags/example_task_group.py for tasks to queue
[2025-04-13T19:21:52.028+0000] {logging_mixin.py:188} INFO - [2025-04-13T19:21:52.028+0000] {dagbag.py:538} INFO - Filling up the DagBag from /home/airflow/.local/lib/python3.8/site-packages/airflow/example_dags/example_task_group.py
[2025-04-13T19:21:52.041+0000] {processor.py:840} INFO - DAG(s) 'example_task_group' retrieved from /home/airflow/.local/lib/python3.8/site-packages/airflow/example_dags/example_task_group.py
[2025-04-13T19:21:52.072+0000] {logging_mixin.py:188} INFO - [2025-04-13T19:21:52.072+0000] {dag.py:3036} INFO - Sync 1 DAGs
[2025-04-13T19:21:52.103+0000] {logging_mixin.py:188} INFO - [2025-04-13T19:21:52.103+0000] {dag.py:3823} INFO - Setting next_dagrun for example_task_group to 2025-04-12 00:00:00+00:00, run_after=2025-04-13 00:00:00+00:00
[2025-04-13T19:21:52.129+0000] {processor.py:183} INFO - Processing /home/airflow/.local/lib/python3.8/site-packages/airflow/example_dags/example_task_group.py took 0.108 seconds
[2025-04-13T19:22:25.813+0000] {processor.py:161} INFO - Started process (PID=14880) to work on /home/airflow/.local/lib/python3.8/site-packages/airflow/example_dags/example_task_group.py
[2025-04-13T19:22:25.815+0000] {processor.py:830} INFO - Processing file /home/airflow/.local/lib/python3.8/site-packages/airflow/example_dags/example_task_group.py for tasks to queue
[2025-04-13T19:22:25.821+0000] {logging_mixin.py:188} INFO - [2025-04-13T19:22:25.820+0000] {dagbag.py:538} INFO - Filling up the DagBag from /home/airflow/.local/lib/python3.8/site-packages/airflow/example_dags/example_task_group.py
[2025-04-13T19:22:25.833+0000] {processor.py:840} INFO - DAG(s) 'example_task_group' retrieved from /home/airflow/.local/lib/python3.8/site-packages/airflow/example_dags/example_task_group.py
[2025-04-13T19:22:25.872+0000] {logging_mixin.py:188} INFO - [2025-04-13T19:22:25.872+0000] {dag.py:3036} INFO - Sync 1 DAGs
[2025-04-13T19:22:25.958+0000] {logging_mixin.py:188} INFO - [2025-04-13T19:22:25.957+0000] {dag.py:3823} INFO - Setting next_dagrun for example_task_group to 2025-04-12 00:00:00+00:00, run_after=2025-04-13 00:00:00+00:00
[2025-04-13T19:22:25.985+0000] {processor.py:183} INFO - Processing /home/airflow/.local/lib/python3.8/site-packages/airflow/example_dags/example_task_group.py took 0.176 seconds
[2025-04-13T19:22:59.077+0000] {processor.py:161} INFO - Started process (PID=14935) to work on /home/airflow/.local/lib/python3.8/site-packages/airflow/example_dags/example_task_group.py
[2025-04-13T19:22:59.080+0000] {processor.py:830} INFO - Processing file /home/airflow/.local/lib/python3.8/site-packages/airflow/example_dags/example_task_group.py for tasks to queue
[2025-04-13T19:22:59.085+0000] {logging_mixin.py:188} INFO - [2025-04-13T19:22:59.084+0000] {dagbag.py:538} INFO - Filling up the DagBag from /home/airflow/.local/lib/python3.8/site-packages/airflow/example_dags/example_task_group.py
[2025-04-13T19:22:59.094+0000] {processor.py:840} INFO - DAG(s) 'example_task_group' retrieved from /home/airflow/.local/lib/python3.8/site-packages/airflow/example_dags/example_task_group.py
[2025-04-13T19:22:59.122+0000] {logging_mixin.py:188} INFO - [2025-04-13T19:22:59.122+0000] {dag.py:3036} INFO - Sync 1 DAGs
[2025-04-13T19:22:59.150+0000] {logging_mixin.py:188} INFO - [2025-04-13T19:22:59.150+0000] {dag.py:3823} INFO - Setting next_dagrun for example_task_group to 2025-04-12 00:00:00+00:00, run_after=2025-04-13 00:00:00+00:00
[2025-04-13T19:22:59.186+0000] {processor.py:183} INFO - Processing /home/airflow/.local/lib/python3.8/site-packages/airflow/example_dags/example_task_group.py took 0.113 seconds
[2025-04-13T19:23:32.308+0000] {processor.py:161} INFO - Started process (PID=14991) to work on /home/airflow/.local/lib/python3.8/site-packages/airflow/example_dags/example_task_group.py
[2025-04-13T19:23:32.310+0000] {processor.py:830} INFO - Processing file /home/airflow/.local/lib/python3.8/site-packages/airflow/example_dags/example_task_group.py for tasks to queue
[2025-04-13T19:23:32.315+0000] {logging_mixin.py:188} INFO - [2025-04-13T19:23:32.314+0000] {dagbag.py:538} INFO - Filling up the DagBag from /home/airflow/.local/lib/python3.8/site-packages/airflow/example_dags/example_task_group.py
[2025-04-13T19:23:32.351+0000] {processor.py:840} INFO - DAG(s) 'example_task_group' retrieved from /home/airflow/.local/lib/python3.8/site-packages/airflow/example_dags/example_task_group.py
[2025-04-13T19:23:32.449+0000] {logging_mixin.py:188} INFO - [2025-04-13T19:23:32.449+0000] {dag.py:3036} INFO - Sync 1 DAGs
[2025-04-13T19:23:32.560+0000] {logging_mixin.py:188} INFO - [2025-04-13T19:23:32.558+0000] {dag.py:3823} INFO - Setting next_dagrun for example_task_group to 2025-04-12 00:00:00+00:00, run_after=2025-04-13 00:00:00+00:00
[2025-04-13T19:23:32.651+0000] {processor.py:183} INFO - Processing /home/airflow/.local/lib/python3.8/site-packages/airflow/example_dags/example_task_group.py took 0.350 seconds
[2025-04-13T19:24:03.135+0000] {processor.py:161} INFO - Started process (PID=15047) to work on /home/airflow/.local/lib/python3.8/site-packages/airflow/example_dags/example_task_group.py
[2025-04-13T19:24:03.139+0000] {processor.py:830} INFO - Processing file /home/airflow/.local/lib/python3.8/site-packages/airflow/example_dags/example_task_group.py for tasks to queue
[2025-04-13T19:24:03.142+0000] {logging_mixin.py:188} INFO - [2025-04-13T19:24:03.142+0000] {dagbag.py:538} INFO - Filling up the DagBag from /home/airflow/.local/lib/python3.8/site-packages/airflow/example_dags/example_task_group.py
[2025-04-13T19:24:03.156+0000] {processor.py:840} INFO - DAG(s) 'example_task_group' retrieved from /home/airflow/.local/lib/python3.8/site-packages/airflow/example_dags/example_task_group.py
[2025-04-13T19:24:03.186+0000] {logging_mixin.py:188} INFO - [2025-04-13T19:24:03.185+0000] {dag.py:3036} INFO - Sync 1 DAGs
[2025-04-13T19:24:03.216+0000] {logging_mixin.py:188} INFO - [2025-04-13T19:24:03.216+0000] {dag.py:3823} INFO - Setting next_dagrun for example_task_group to 2025-04-12 00:00:00+00:00, run_after=2025-04-13 00:00:00+00:00
[2025-04-13T19:24:03.248+0000] {processor.py:183} INFO - Processing /home/airflow/.local/lib/python3.8/site-packages/airflow/example_dags/example_task_group.py took 0.119 seconds
[2025-04-13T19:24:33.837+0000] {processor.py:161} INFO - Started process (PID=15103) to work on /home/airflow/.local/lib/python3.8/site-packages/airflow/example_dags/example_task_group.py
[2025-04-13T19:24:33.848+0000] {processor.py:830} INFO - Processing file /home/airflow/.local/lib/python3.8/site-packages/airflow/example_dags/example_task_group.py for tasks to queue
[2025-04-13T19:24:33.852+0000] {logging_mixin.py:188} INFO - [2025-04-13T19:24:33.851+0000] {dagbag.py:538} INFO - Filling up the DagBag from /home/airflow/.local/lib/python3.8/site-packages/airflow/example_dags/example_task_group.py
[2025-04-13T19:24:33.867+0000] {processor.py:840} INFO - DAG(s) 'example_task_group' retrieved from /home/airflow/.local/lib/python3.8/site-packages/airflow/example_dags/example_task_group.py
[2025-04-13T19:24:33.941+0000] {logging_mixin.py:188} INFO - [2025-04-13T19:24:33.940+0000] {dag.py:3036} INFO - Sync 1 DAGs
[2025-04-13T19:24:34.017+0000] {logging_mixin.py:188} INFO - [2025-04-13T19:24:34.016+0000] {dag.py:3823} INFO - Setting next_dagrun for example_task_group to 2025-04-12 00:00:00+00:00, run_after=2025-04-13 00:00:00+00:00
[2025-04-13T19:24:34.080+0000] {processor.py:183} INFO - Processing /home/airflow/.local/lib/python3.8/site-packages/airflow/example_dags/example_task_group.py took 0.248 seconds
[2025-04-13T19:25:04.189+0000] {processor.py:161} INFO - Started process (PID=15159) to work on /home/airflow/.local/lib/python3.8/site-packages/airflow/example_dags/example_task_group.py
[2025-04-13T19:25:04.191+0000] {processor.py:830} INFO - Processing file /home/airflow/.local/lib/python3.8/site-packages/airflow/example_dags/example_task_group.py for tasks to queue
[2025-04-13T19:25:04.194+0000] {logging_mixin.py:188} INFO - [2025-04-13T19:25:04.194+0000] {dagbag.py:538} INFO - Filling up the DagBag from /home/airflow/.local/lib/python3.8/site-packages/airflow/example_dags/example_task_group.py
[2025-04-13T19:25:04.206+0000] {processor.py:840} INFO - DAG(s) 'example_task_group' retrieved from /home/airflow/.local/lib/python3.8/site-packages/airflow/example_dags/example_task_group.py
[2025-04-13T19:25:04.237+0000] {logging_mixin.py:188} INFO - [2025-04-13T19:25:04.236+0000] {dag.py:3036} INFO - Sync 1 DAGs
[2025-04-13T19:25:04.269+0000] {logging_mixin.py:188} INFO - [2025-04-13T19:25:04.269+0000] {dag.py:3823} INFO - Setting next_dagrun for example_task_group to 2025-04-12 00:00:00+00:00, run_after=2025-04-13 00:00:00+00:00
[2025-04-13T19:25:04.298+0000] {processor.py:183} INFO - Processing /home/airflow/.local/lib/python3.8/site-packages/airflow/example_dags/example_task_group.py took 0.114 seconds
[2025-04-13T19:25:34.915+0000] {processor.py:161} INFO - Started process (PID=15216) to work on /home/airflow/.local/lib/python3.8/site-packages/airflow/example_dags/example_task_group.py
[2025-04-13T19:25:34.917+0000] {processor.py:830} INFO - Processing file /home/airflow/.local/lib/python3.8/site-packages/airflow/example_dags/example_task_group.py for tasks to queue
[2025-04-13T19:25:34.925+0000] {logging_mixin.py:188} INFO - [2025-04-13T19:25:34.923+0000] {dagbag.py:538} INFO - Filling up the DagBag from /home/airflow/.local/lib/python3.8/site-packages/airflow/example_dags/example_task_group.py
[2025-04-13T19:25:34.939+0000] {processor.py:840} INFO - DAG(s) 'example_task_group' retrieved from /home/airflow/.local/lib/python3.8/site-packages/airflow/example_dags/example_task_group.py
[2025-04-13T19:25:34.976+0000] {logging_mixin.py:188} INFO - [2025-04-13T19:25:34.976+0000] {dag.py:3036} INFO - Sync 1 DAGs
[2025-04-13T19:25:35.006+0000] {logging_mixin.py:188} INFO - [2025-04-13T19:25:35.006+0000] {dag.py:3823} INFO - Setting next_dagrun for example_task_group to 2025-04-12 00:00:00+00:00, run_after=2025-04-13 00:00:00+00:00
[2025-04-13T19:25:35.033+0000] {processor.py:183} INFO - Processing /home/airflow/.local/lib/python3.8/site-packages/airflow/example_dags/example_task_group.py took 0.123 seconds
[2025-04-13T19:26:05.090+0000] {processor.py:161} INFO - Started process (PID=15265) to work on /home/airflow/.local/lib/python3.8/site-packages/airflow/example_dags/example_task_group.py
[2025-04-13T19:26:05.093+0000] {processor.py:830} INFO - Processing file /home/airflow/.local/lib/python3.8/site-packages/airflow/example_dags/example_task_group.py for tasks to queue
[2025-04-13T19:26:05.097+0000] {logging_mixin.py:188} INFO - [2025-04-13T19:26:05.096+0000] {dagbag.py:538} INFO - Filling up the DagBag from /home/airflow/.local/lib/python3.8/site-packages/airflow/example_dags/example_task_group.py
[2025-04-13T19:26:05.106+0000] {processor.py:840} INFO - DAG(s) 'example_task_group' retrieved from /home/airflow/.local/lib/python3.8/site-packages/airflow/example_dags/example_task_group.py
[2025-04-13T19:26:05.139+0000] {logging_mixin.py:188} INFO - [2025-04-13T19:26:05.138+0000] {dag.py:3036} INFO - Sync 1 DAGs
[2025-04-13T19:26:05.180+0000] {logging_mixin.py:188} INFO - [2025-04-13T19:26:05.179+0000] {dag.py:3823} INFO - Setting next_dagrun for example_task_group to 2025-04-12 00:00:00+00:00, run_after=2025-04-13 00:00:00+00:00
[2025-04-13T19:26:05.211+0000] {processor.py:183} INFO - Processing /home/airflow/.local/lib/python3.8/site-packages/airflow/example_dags/example_task_group.py took 0.125 seconds
[2025-04-13T19:26:35.553+0000] {processor.py:161} INFO - Started process (PID=15322) to work on /home/airflow/.local/lib/python3.8/site-packages/airflow/example_dags/example_task_group.py
[2025-04-13T19:26:35.554+0000] {processor.py:830} INFO - Processing file /home/airflow/.local/lib/python3.8/site-packages/airflow/example_dags/example_task_group.py for tasks to queue
[2025-04-13T19:26:35.562+0000] {logging_mixin.py:188} INFO - [2025-04-13T19:26:35.561+0000] {dagbag.py:538} INFO - Filling up the DagBag from /home/airflow/.local/lib/python3.8/site-packages/airflow/example_dags/example_task_group.py
[2025-04-13T19:26:35.582+0000] {processor.py:840} INFO - DAG(s) 'example_task_group' retrieved from /home/airflow/.local/lib/python3.8/site-packages/airflow/example_dags/example_task_group.py
[2025-04-13T19:26:35.641+0000] {logging_mixin.py:188} INFO - [2025-04-13T19:26:35.640+0000] {dag.py:3036} INFO - Sync 1 DAGs
[2025-04-13T19:26:35.713+0000] {logging_mixin.py:188} INFO - [2025-04-13T19:26:35.712+0000] {dag.py:3823} INFO - Setting next_dagrun for example_task_group to 2025-04-12 00:00:00+00:00, run_after=2025-04-13 00:00:00+00:00
[2025-04-13T19:26:35.797+0000] {processor.py:183} INFO - Processing /home/airflow/.local/lib/python3.8/site-packages/airflow/example_dags/example_task_group.py took 0.249 seconds
[2025-04-13T19:27:06.355+0000] {processor.py:161} INFO - Started process (PID=15378) to work on /home/airflow/.local/lib/python3.8/site-packages/airflow/example_dags/example_task_group.py
[2025-04-13T19:27:06.357+0000] {processor.py:830} INFO - Processing file /home/airflow/.local/lib/python3.8/site-packages/airflow/example_dags/example_task_group.py for tasks to queue
[2025-04-13T19:27:06.359+0000] {logging_mixin.py:188} INFO - [2025-04-13T19:27:06.359+0000] {dagbag.py:538} INFO - Filling up the DagBag from /home/airflow/.local/lib/python3.8/site-packages/airflow/example_dags/example_task_group.py
[2025-04-13T19:27:06.369+0000] {processor.py:840} INFO - DAG(s) 'example_task_group' retrieved from /home/airflow/.local/lib/python3.8/site-packages/airflow/example_dags/example_task_group.py
[2025-04-13T19:27:06.397+0000] {logging_mixin.py:188} INFO - [2025-04-13T19:27:06.397+0000] {dag.py:3036} INFO - Sync 1 DAGs
[2025-04-13T19:27:06.426+0000] {logging_mixin.py:188} INFO - [2025-04-13T19:27:06.425+0000] {dag.py:3823} INFO - Setting next_dagrun for example_task_group to 2025-04-12 00:00:00+00:00, run_after=2025-04-13 00:00:00+00:00
[2025-04-13T19:27:06.448+0000] {processor.py:183} INFO - Processing /home/airflow/.local/lib/python3.8/site-packages/airflow/example_dags/example_task_group.py took 0.097 seconds
[2025-04-13T19:27:36.490+0000] {processor.py:161} INFO - Started process (PID=15434) to work on /home/airflow/.local/lib/python3.8/site-packages/airflow/example_dags/example_task_group.py
[2025-04-13T19:27:36.491+0000] {processor.py:830} INFO - Processing file /home/airflow/.local/lib/python3.8/site-packages/airflow/example_dags/example_task_group.py for tasks to queue
[2025-04-13T19:27:36.494+0000] {logging_mixin.py:188} INFO - [2025-04-13T19:27:36.494+0000] {dagbag.py:538} INFO - Filling up the DagBag from /home/airflow/.local/lib/python3.8/site-packages/airflow/example_dags/example_task_group.py
[2025-04-13T19:27:36.502+0000] {processor.py:840} INFO - DAG(s) 'example_task_group' retrieved from /home/airflow/.local/lib/python3.8/site-packages/airflow/example_dags/example_task_group.py
[2025-04-13T19:27:36.529+0000] {logging_mixin.py:188} INFO - [2025-04-13T19:27:36.528+0000] {dag.py:3036} INFO - Sync 1 DAGs
[2025-04-13T19:27:36.560+0000] {logging_mixin.py:188} INFO - [2025-04-13T19:27:36.560+0000] {dag.py:3823} INFO - Setting next_dagrun for example_task_group to 2025-04-12 00:00:00+00:00, run_after=2025-04-13 00:00:00+00:00
[2025-04-13T19:27:36.590+0000] {processor.py:183} INFO - Processing /home/airflow/.local/lib/python3.8/site-packages/airflow/example_dags/example_task_group.py took 0.105 seconds
[2025-04-13T19:28:07.011+0000] {processor.py:161} INFO - Started process (PID=15491) to work on /home/airflow/.local/lib/python3.8/site-packages/airflow/example_dags/example_task_group.py
[2025-04-13T19:28:07.012+0000] {processor.py:830} INFO - Processing file /home/airflow/.local/lib/python3.8/site-packages/airflow/example_dags/example_task_group.py for tasks to queue
[2025-04-13T19:28:07.016+0000] {logging_mixin.py:188} INFO - [2025-04-13T19:28:07.015+0000] {dagbag.py:538} INFO - Filling up the DagBag from /home/airflow/.local/lib/python3.8/site-packages/airflow/example_dags/example_task_group.py
[2025-04-13T19:28:07.031+0000] {processor.py:840} INFO - DAG(s) 'example_task_group' retrieved from /home/airflow/.local/lib/python3.8/site-packages/airflow/example_dags/example_task_group.py
[2025-04-13T19:28:07.099+0000] {logging_mixin.py:188} INFO - [2025-04-13T19:28:07.099+0000] {dag.py:3036} INFO - Sync 1 DAGs
[2025-04-13T19:28:07.173+0000] {logging_mixin.py:188} INFO - [2025-04-13T19:28:07.173+0000] {dag.py:3823} INFO - Setting next_dagrun for example_task_group to 2025-04-12 00:00:00+00:00, run_after=2025-04-13 00:00:00+00:00
[2025-04-13T19:28:07.220+0000] {processor.py:183} INFO - Processing /home/airflow/.local/lib/python3.8/site-packages/airflow/example_dags/example_task_group.py took 0.214 seconds
[2025-04-13T19:28:56.168+0000] {processor.py:161} INFO - Started process (PID=15553) to work on /home/airflow/.local/lib/python3.8/site-packages/airflow/example_dags/example_task_group.py
[2025-04-13T19:28:56.170+0000] {processor.py:830} INFO - Processing file /home/airflow/.local/lib/python3.8/site-packages/airflow/example_dags/example_task_group.py for tasks to queue
[2025-04-13T19:28:56.239+0000] {logging_mixin.py:188} INFO - [2025-04-13T19:28:56.239+0000] {dagbag.py:538} INFO - Filling up the DagBag from /home/airflow/.local/lib/python3.8/site-packages/airflow/example_dags/example_task_group.py
[2025-04-13T19:28:56.311+0000] {processor.py:840} INFO - DAG(s) 'example_task_group' retrieved from /home/airflow/.local/lib/python3.8/site-packages/airflow/example_dags/example_task_group.py
[2025-04-13T19:28:56.465+0000] {logging_mixin.py:188} INFO - [2025-04-13T19:28:56.465+0000] {dag.py:3036} INFO - Sync 1 DAGs
[2025-04-13T19:28:56.670+0000] {logging_mixin.py:188} INFO - [2025-04-13T19:28:56.669+0000] {dag.py:3823} INFO - Setting next_dagrun for example_task_group to 2025-04-12 00:00:00+00:00, run_after=2025-04-13 00:00:00+00:00
[2025-04-13T19:28:56.801+0000] {processor.py:183} INFO - Processing /home/airflow/.local/lib/python3.8/site-packages/airflow/example_dags/example_task_group.py took 0.662 seconds
[2025-04-13T19:29:26.897+0000] {processor.py:161} INFO - Started process (PID=15601) to work on /home/airflow/.local/lib/python3.8/site-packages/airflow/example_dags/example_task_group.py
[2025-04-13T19:29:26.899+0000] {processor.py:830} INFO - Processing file /home/airflow/.local/lib/python3.8/site-packages/airflow/example_dags/example_task_group.py for tasks to queue
[2025-04-13T19:29:26.901+0000] {logging_mixin.py:188} INFO - [2025-04-13T19:29:26.900+0000] {dagbag.py:538} INFO - Filling up the DagBag from /home/airflow/.local/lib/python3.8/site-packages/airflow/example_dags/example_task_group.py
[2025-04-13T19:29:26.911+0000] {processor.py:840} INFO - DAG(s) 'example_task_group' retrieved from /home/airflow/.local/lib/python3.8/site-packages/airflow/example_dags/example_task_group.py
[2025-04-13T19:29:26.935+0000] {logging_mixin.py:188} INFO - [2025-04-13T19:29:26.934+0000] {dag.py:3036} INFO - Sync 1 DAGs
[2025-04-13T19:29:26.962+0000] {logging_mixin.py:188} INFO - [2025-04-13T19:29:26.962+0000] {dag.py:3823} INFO - Setting next_dagrun for example_task_group to 2025-04-12 00:00:00+00:00, run_after=2025-04-13 00:00:00+00:00
[2025-04-13T19:29:26.987+0000] {processor.py:183} INFO - Processing /home/airflow/.local/lib/python3.8/site-packages/airflow/example_dags/example_task_group.py took 0.095 seconds
[2025-04-13T19:29:57.412+0000] {processor.py:161} INFO - Started process (PID=15657) to work on /home/airflow/.local/lib/python3.8/site-packages/airflow/example_dags/example_task_group.py
[2025-04-13T19:29:57.414+0000] {processor.py:830} INFO - Processing file /home/airflow/.local/lib/python3.8/site-packages/airflow/example_dags/example_task_group.py for tasks to queue
[2025-04-13T19:29:57.417+0000] {logging_mixin.py:188} INFO - [2025-04-13T19:29:57.417+0000] {dagbag.py:538} INFO - Filling up the DagBag from /home/airflow/.local/lib/python3.8/site-packages/airflow/example_dags/example_task_group.py
[2025-04-13T19:29:57.429+0000] {processor.py:840} INFO - DAG(s) 'example_task_group' retrieved from /home/airflow/.local/lib/python3.8/site-packages/airflow/example_dags/example_task_group.py
[2025-04-13T19:29:57.455+0000] {logging_mixin.py:188} INFO - [2025-04-13T19:29:57.454+0000] {dag.py:3036} INFO - Sync 1 DAGs
[2025-04-13T19:29:57.482+0000] {logging_mixin.py:188} INFO - [2025-04-13T19:29:57.481+0000] {dag.py:3823} INFO - Setting next_dagrun for example_task_group to 2025-04-12 00:00:00+00:00, run_after=2025-04-13 00:00:00+00:00
[2025-04-13T19:29:57.507+0000] {processor.py:183} INFO - Processing /home/airflow/.local/lib/python3.8/site-packages/airflow/example_dags/example_task_group.py took 0.099 seconds
[2025-04-13T19:30:27.828+0000] {processor.py:161} INFO - Started process (PID=15713) to work on /home/airflow/.local/lib/python3.8/site-packages/airflow/example_dags/example_task_group.py
[2025-04-13T19:30:27.829+0000] {processor.py:830} INFO - Processing file /home/airflow/.local/lib/python3.8/site-packages/airflow/example_dags/example_task_group.py for tasks to queue
[2025-04-13T19:30:27.833+0000] {logging_mixin.py:188} INFO - [2025-04-13T19:30:27.832+0000] {dagbag.py:538} INFO - Filling up the DagBag from /home/airflow/.local/lib/python3.8/site-packages/airflow/example_dags/example_task_group.py
[2025-04-13T19:30:27.850+0000] {processor.py:840} INFO - DAG(s) 'example_task_group' retrieved from /home/airflow/.local/lib/python3.8/site-packages/airflow/example_dags/example_task_group.py
[2025-04-13T19:30:27.881+0000] {logging_mixin.py:188} INFO - [2025-04-13T19:30:27.880+0000] {dag.py:3036} INFO - Sync 1 DAGs
[2025-04-13T19:30:27.911+0000] {logging_mixin.py:188} INFO - [2025-04-13T19:30:27.911+0000] {dag.py:3823} INFO - Setting next_dagrun for example_task_group to 2025-04-12 00:00:00+00:00, run_after=2025-04-13 00:00:00+00:00
[2025-04-13T19:30:27.946+0000] {processor.py:183} INFO - Processing /home/airflow/.local/lib/python3.8/site-packages/airflow/example_dags/example_task_group.py took 0.122 seconds
[2025-04-13T19:30:58.467+0000] {processor.py:161} INFO - Started process (PID=15769) to work on /home/airflow/.local/lib/python3.8/site-packages/airflow/example_dags/example_task_group.py
[2025-04-13T19:30:58.468+0000] {processor.py:830} INFO - Processing file /home/airflow/.local/lib/python3.8/site-packages/airflow/example_dags/example_task_group.py for tasks to queue
[2025-04-13T19:30:58.471+0000] {logging_mixin.py:188} INFO - [2025-04-13T19:30:58.470+0000] {dagbag.py:538} INFO - Filling up the DagBag from /home/airflow/.local/lib/python3.8/site-packages/airflow/example_dags/example_task_group.py
[2025-04-13T19:30:58.485+0000] {processor.py:840} INFO - DAG(s) 'example_task_group' retrieved from /home/airflow/.local/lib/python3.8/site-packages/airflow/example_dags/example_task_group.py
[2025-04-13T19:30:58.519+0000] {logging_mixin.py:188} INFO - [2025-04-13T19:30:58.519+0000] {dag.py:3036} INFO - Sync 1 DAGs
[2025-04-13T19:30:58.549+0000] {logging_mixin.py:188} INFO - [2025-04-13T19:30:58.548+0000] {dag.py:3823} INFO - Setting next_dagrun for example_task_group to 2025-04-12 00:00:00+00:00, run_after=2025-04-13 00:00:00+00:00
[2025-04-13T19:30:58.573+0000] {processor.py:183} INFO - Processing /home/airflow/.local/lib/python3.8/site-packages/airflow/example_dags/example_task_group.py took 0.110 seconds
[2025-04-13T19:31:28.947+0000] {processor.py:161} INFO - Started process (PID=15825) to work on /home/airflow/.local/lib/python3.8/site-packages/airflow/example_dags/example_task_group.py
[2025-04-13T19:31:28.948+0000] {processor.py:830} INFO - Processing file /home/airflow/.local/lib/python3.8/site-packages/airflow/example_dags/example_task_group.py for tasks to queue
[2025-04-13T19:31:28.951+0000] {logging_mixin.py:188} INFO - [2025-04-13T19:31:28.951+0000] {dagbag.py:538} INFO - Filling up the DagBag from /home/airflow/.local/lib/python3.8/site-packages/airflow/example_dags/example_task_group.py
[2025-04-13T19:31:28.962+0000] {processor.py:840} INFO - DAG(s) 'example_task_group' retrieved from /home/airflow/.local/lib/python3.8/site-packages/airflow/example_dags/example_task_group.py
[2025-04-13T19:31:28.989+0000] {logging_mixin.py:188} INFO - [2025-04-13T19:31:28.988+0000] {dag.py:3036} INFO - Sync 1 DAGs
[2025-04-13T19:31:29.016+0000] {logging_mixin.py:188} INFO - [2025-04-13T19:31:29.015+0000] {dag.py:3823} INFO - Setting next_dagrun for example_task_group to 2025-04-12 00:00:00+00:00, run_after=2025-04-13 00:00:00+00:00
[2025-04-13T19:31:29.040+0000] {processor.py:183} INFO - Processing /home/airflow/.local/lib/python3.8/site-packages/airflow/example_dags/example_task_group.py took 0.097 seconds
[2025-04-13T19:31:59.793+0000] {processor.py:161} INFO - Started process (PID=15881) to work on /home/airflow/.local/lib/python3.8/site-packages/airflow/example_dags/example_task_group.py
[2025-04-13T19:31:59.794+0000] {processor.py:830} INFO - Processing file /home/airflow/.local/lib/python3.8/site-packages/airflow/example_dags/example_task_group.py for tasks to queue
[2025-04-13T19:31:59.796+0000] {logging_mixin.py:188} INFO - [2025-04-13T19:31:59.796+0000] {dagbag.py:538} INFO - Filling up the DagBag from /home/airflow/.local/lib/python3.8/site-packages/airflow/example_dags/example_task_group.py
[2025-04-13T19:31:59.808+0000] {processor.py:840} INFO - DAG(s) 'example_task_group' retrieved from /home/airflow/.local/lib/python3.8/site-packages/airflow/example_dags/example_task_group.py
[2025-04-13T19:31:59.836+0000] {logging_mixin.py:188} INFO - [2025-04-13T19:31:59.836+0000] {dag.py:3036} INFO - Sync 1 DAGs
[2025-04-13T19:31:59.872+0000] {logging_mixin.py:188} INFO - [2025-04-13T19:31:59.872+0000] {dag.py:3823} INFO - Setting next_dagrun for example_task_group to 2025-04-12 00:00:00+00:00, run_after=2025-04-13 00:00:00+00:00
[2025-04-13T19:31:59.897+0000] {processor.py:183} INFO - Processing /home/airflow/.local/lib/python3.8/site-packages/airflow/example_dags/example_task_group.py took 0.109 seconds
[2025-04-13T19:32:30.439+0000] {processor.py:161} INFO - Started process (PID=15936) to work on /home/airflow/.local/lib/python3.8/site-packages/airflow/example_dags/example_task_group.py
[2025-04-13T19:32:30.440+0000] {processor.py:830} INFO - Processing file /home/airflow/.local/lib/python3.8/site-packages/airflow/example_dags/example_task_group.py for tasks to queue
[2025-04-13T19:32:30.443+0000] {logging_mixin.py:188} INFO - [2025-04-13T19:32:30.443+0000] {dagbag.py:538} INFO - Filling up the DagBag from /home/airflow/.local/lib/python3.8/site-packages/airflow/example_dags/example_task_group.py
[2025-04-13T19:32:30.456+0000] {processor.py:840} INFO - DAG(s) 'example_task_group' retrieved from /home/airflow/.local/lib/python3.8/site-packages/airflow/example_dags/example_task_group.py
[2025-04-13T19:32:30.494+0000] {logging_mixin.py:188} INFO - [2025-04-13T19:32:30.494+0000] {dag.py:3036} INFO - Sync 1 DAGs
[2025-04-13T19:32:30.535+0000] {logging_mixin.py:188} INFO - [2025-04-13T19:32:30.534+0000] {dag.py:3823} INFO - Setting next_dagrun for example_task_group to 2025-04-12 00:00:00+00:00, run_after=2025-04-13 00:00:00+00:00
[2025-04-13T19:32:30.571+0000] {processor.py:183} INFO - Processing /home/airflow/.local/lib/python3.8/site-packages/airflow/example_dags/example_task_group.py took 0.136 seconds
[2025-04-13T19:33:02.006+0000] {processor.py:161} INFO - Started process (PID=15992) to work on /home/airflow/.local/lib/python3.8/site-packages/airflow/example_dags/example_task_group.py
[2025-04-13T19:33:02.008+0000] {processor.py:830} INFO - Processing file /home/airflow/.local/lib/python3.8/site-packages/airflow/example_dags/example_task_group.py for tasks to queue
[2025-04-13T19:33:02.011+0000] {logging_mixin.py:188} INFO - [2025-04-13T19:33:02.010+0000] {dagbag.py:538} INFO - Filling up the DagBag from /home/airflow/.local/lib/python3.8/site-packages/airflow/example_dags/example_task_group.py
[2025-04-13T19:33:02.028+0000] {processor.py:840} INFO - DAG(s) 'example_task_group' retrieved from /home/airflow/.local/lib/python3.8/site-packages/airflow/example_dags/example_task_group.py
[2025-04-13T19:33:02.079+0000] {logging_mixin.py:188} INFO - [2025-04-13T19:33:02.079+0000] {dag.py:3036} INFO - Sync 1 DAGs
[2025-04-13T19:33:02.114+0000] {logging_mixin.py:188} INFO - [2025-04-13T19:33:02.114+0000] {dag.py:3823} INFO - Setting next_dagrun for example_task_group to 2025-04-12 00:00:00+00:00, run_after=2025-04-13 00:00:00+00:00
[2025-04-13T19:33:02.137+0000] {processor.py:183} INFO - Processing /home/airflow/.local/lib/python3.8/site-packages/airflow/example_dags/example_task_group.py took 0.136 seconds
[2025-04-13T19:33:32.556+0000] {processor.py:161} INFO - Started process (PID=16014) to work on /home/airflow/.local/lib/python3.8/site-packages/airflow/example_dags/example_task_group.py
[2025-04-13T19:33:32.558+0000] {processor.py:830} INFO - Processing file /home/airflow/.local/lib/python3.8/site-packages/airflow/example_dags/example_task_group.py for tasks to queue
[2025-04-13T19:33:32.560+0000] {logging_mixin.py:188} INFO - [2025-04-13T19:33:32.560+0000] {dagbag.py:538} INFO - Filling up the DagBag from /home/airflow/.local/lib/python3.8/site-packages/airflow/example_dags/example_task_group.py
[2025-04-13T19:33:32.568+0000] {processor.py:840} INFO - DAG(s) 'example_task_group' retrieved from /home/airflow/.local/lib/python3.8/site-packages/airflow/example_dags/example_task_group.py
[2025-04-13T19:33:32.595+0000] {logging_mixin.py:188} INFO - [2025-04-13T19:33:32.595+0000] {dag.py:3036} INFO - Sync 1 DAGs
[2025-04-13T19:33:32.634+0000] {logging_mixin.py:188} INFO - [2025-04-13T19:33:32.634+0000] {dag.py:3823} INFO - Setting next_dagrun for example_task_group to 2025-04-12 00:00:00+00:00, run_after=2025-04-13 00:00:00+00:00
[2025-04-13T19:33:32.667+0000] {processor.py:183} INFO - Processing /home/airflow/.local/lib/python3.8/site-packages/airflow/example_dags/example_task_group.py took 0.114 seconds
[2025-04-13T19:34:06.010+0000] {processor.py:161} INFO - Started process (PID=16070) to work on /home/airflow/.local/lib/python3.8/site-packages/airflow/example_dags/example_task_group.py
[2025-04-13T19:34:06.013+0000] {processor.py:830} INFO - Processing file /home/airflow/.local/lib/python3.8/site-packages/airflow/example_dags/example_task_group.py for tasks to queue
[2025-04-13T19:34:06.015+0000] {logging_mixin.py:188} INFO - [2025-04-13T19:34:06.015+0000] {dagbag.py:538} INFO - Filling up the DagBag from /home/airflow/.local/lib/python3.8/site-packages/airflow/example_dags/example_task_group.py
[2025-04-13T19:34:06.031+0000] {processor.py:840} INFO - DAG(s) 'example_task_group' retrieved from /home/airflow/.local/lib/python3.8/site-packages/airflow/example_dags/example_task_group.py
[2025-04-13T19:34:06.067+0000] {logging_mixin.py:188} INFO - [2025-04-13T19:34:06.066+0000] {dag.py:3036} INFO - Sync 1 DAGs
[2025-04-13T19:34:06.103+0000] {logging_mixin.py:188} INFO - [2025-04-13T19:34:06.103+0000] {dag.py:3823} INFO - Setting next_dagrun for example_task_group to 2025-04-12 00:00:00+00:00, run_after=2025-04-13 00:00:00+00:00
[2025-04-13T19:34:06.132+0000] {processor.py:183} INFO - Processing /home/airflow/.local/lib/python3.8/site-packages/airflow/example_dags/example_task_group.py took 0.127 seconds
[2025-04-13T19:34:39.379+0000] {processor.py:161} INFO - Started process (PID=16126) to work on /home/airflow/.local/lib/python3.8/site-packages/airflow/example_dags/example_task_group.py
[2025-04-13T19:34:39.388+0000] {processor.py:830} INFO - Processing file /home/airflow/.local/lib/python3.8/site-packages/airflow/example_dags/example_task_group.py for tasks to queue
[2025-04-13T19:34:39.390+0000] {logging_mixin.py:188} INFO - [2025-04-13T19:34:39.390+0000] {dagbag.py:538} INFO - Filling up the DagBag from /home/airflow/.local/lib/python3.8/site-packages/airflow/example_dags/example_task_group.py
[2025-04-13T19:34:39.403+0000] {processor.py:840} INFO - DAG(s) 'example_task_group' retrieved from /home/airflow/.local/lib/python3.8/site-packages/airflow/example_dags/example_task_group.py
[2025-04-13T19:34:39.432+0000] {logging_mixin.py:188} INFO - [2025-04-13T19:34:39.432+0000] {dag.py:3036} INFO - Sync 1 DAGs
[2025-04-13T19:34:39.465+0000] {logging_mixin.py:188} INFO - [2025-04-13T19:34:39.464+0000] {dag.py:3823} INFO - Setting next_dagrun for example_task_group to 2025-04-12 00:00:00+00:00, run_after=2025-04-13 00:00:00+00:00
[2025-04-13T19:34:39.491+0000] {processor.py:183} INFO - Processing /home/airflow/.local/lib/python3.8/site-packages/airflow/example_dags/example_task_group.py took 0.117 seconds
[2025-04-13T19:35:12.240+0000] {processor.py:161} INFO - Started process (PID=16182) to work on /home/airflow/.local/lib/python3.8/site-packages/airflow/example_dags/example_task_group.py
[2025-04-13T19:35:12.242+0000] {processor.py:830} INFO - Processing file /home/airflow/.local/lib/python3.8/site-packages/airflow/example_dags/example_task_group.py for tasks to queue
[2025-04-13T19:35:12.245+0000] {logging_mixin.py:188} INFO - [2025-04-13T19:35:12.245+0000] {dagbag.py:538} INFO - Filling up the DagBag from /home/airflow/.local/lib/python3.8/site-packages/airflow/example_dags/example_task_group.py
[2025-04-13T19:35:12.255+0000] {processor.py:840} INFO - DAG(s) 'example_task_group' retrieved from /home/airflow/.local/lib/python3.8/site-packages/airflow/example_dags/example_task_group.py
[2025-04-13T19:35:12.283+0000] {logging_mixin.py:188} INFO - [2025-04-13T19:35:12.283+0000] {dag.py:3036} INFO - Sync 1 DAGs
[2025-04-13T19:35:12.312+0000] {logging_mixin.py:188} INFO - [2025-04-13T19:35:12.311+0000] {dag.py:3823} INFO - Setting next_dagrun for example_task_group to 2025-04-12 00:00:00+00:00, run_after=2025-04-13 00:00:00+00:00
[2025-04-13T19:35:12.340+0000] {processor.py:183} INFO - Processing /home/airflow/.local/lib/python3.8/site-packages/airflow/example_dags/example_task_group.py took 0.105 seconds
[2025-04-13T19:35:45.660+0000] {processor.py:161} INFO - Started process (PID=16239) to work on /home/airflow/.local/lib/python3.8/site-packages/airflow/example_dags/example_task_group.py
[2025-04-13T19:35:45.720+0000] {processor.py:830} INFO - Processing file /home/airflow/.local/lib/python3.8/site-packages/airflow/example_dags/example_task_group.py for tasks to queue
[2025-04-13T19:35:45.727+0000] {logging_mixin.py:188} INFO - [2025-04-13T19:35:45.727+0000] {dagbag.py:538} INFO - Filling up the DagBag from /home/airflow/.local/lib/python3.8/site-packages/airflow/example_dags/example_task_group.py
[2025-04-13T19:35:45.758+0000] {processor.py:840} INFO - DAG(s) 'example_task_group' retrieved from /home/airflow/.local/lib/python3.8/site-packages/airflow/example_dags/example_task_group.py
[2025-04-13T19:35:45.827+0000] {logging_mixin.py:188} INFO - [2025-04-13T19:35:45.826+0000] {dag.py:3036} INFO - Sync 1 DAGs
[2025-04-13T19:35:45.882+0000] {logging_mixin.py:188} INFO - [2025-04-13T19:35:45.882+0000] {dag.py:3823} INFO - Setting next_dagrun for example_task_group to 2025-04-12 00:00:00+00:00, run_after=2025-04-13 00:00:00+00:00
[2025-04-13T19:35:46.013+0000] {processor.py:183} INFO - Processing /home/airflow/.local/lib/python3.8/site-packages/airflow/example_dags/example_task_group.py took 0.358 seconds
[2025-04-13T19:36:19.096+0000] {processor.py:161} INFO - Started process (PID=16295) to work on /home/airflow/.local/lib/python3.8/site-packages/airflow/example_dags/example_task_group.py
[2025-04-13T19:36:19.098+0000] {processor.py:830} INFO - Processing file /home/airflow/.local/lib/python3.8/site-packages/airflow/example_dags/example_task_group.py for tasks to queue
[2025-04-13T19:36:19.101+0000] {logging_mixin.py:188} INFO - [2025-04-13T19:36:19.101+0000] {dagbag.py:538} INFO - Filling up the DagBag from /home/airflow/.local/lib/python3.8/site-packages/airflow/example_dags/example_task_group.py
[2025-04-13T19:36:19.111+0000] {processor.py:840} INFO - DAG(s) 'example_task_group' retrieved from /home/airflow/.local/lib/python3.8/site-packages/airflow/example_dags/example_task_group.py
[2025-04-13T19:36:19.138+0000] {logging_mixin.py:188} INFO - [2025-04-13T19:36:19.138+0000] {dag.py:3036} INFO - Sync 1 DAGs
[2025-04-13T19:36:19.167+0000] {logging_mixin.py:188} INFO - [2025-04-13T19:36:19.167+0000] {dag.py:3823} INFO - Setting next_dagrun for example_task_group to 2025-04-12 00:00:00+00:00, run_after=2025-04-13 00:00:00+00:00
[2025-04-13T19:36:19.194+0000] {processor.py:183} INFO - Processing /home/airflow/.local/lib/python3.8/site-packages/airflow/example_dags/example_task_group.py took 0.102 seconds
[2025-04-13T19:36:52.987+0000] {processor.py:161} INFO - Started process (PID=16351) to work on /home/airflow/.local/lib/python3.8/site-packages/airflow/example_dags/example_task_group.py
[2025-04-13T19:36:52.989+0000] {processor.py:830} INFO - Processing file /home/airflow/.local/lib/python3.8/site-packages/airflow/example_dags/example_task_group.py for tasks to queue
[2025-04-13T19:36:53.000+0000] {logging_mixin.py:188} INFO - [2025-04-13T19:36:52.999+0000] {dagbag.py:538} INFO - Filling up the DagBag from /home/airflow/.local/lib/python3.8/site-packages/airflow/example_dags/example_task_group.py
[2025-04-13T19:36:53.030+0000] {processor.py:840} INFO - DAG(s) 'example_task_group' retrieved from /home/airflow/.local/lib/python3.8/site-packages/airflow/example_dags/example_task_group.py
[2025-04-13T19:36:53.337+0000] {logging_mixin.py:188} INFO - [2025-04-13T19:36:53.336+0000] {dag.py:3036} INFO - Sync 1 DAGs
[2025-04-13T19:36:53.630+0000] {logging_mixin.py:188} INFO - [2025-04-13T19:36:53.630+0000] {dag.py:3823} INFO - Setting next_dagrun for example_task_group to 2025-04-12 00:00:00+00:00, run_after=2025-04-13 00:00:00+00:00
[2025-04-13T19:36:54.429+0000] {processor.py:183} INFO - Processing /home/airflow/.local/lib/python3.8/site-packages/airflow/example_dags/example_task_group.py took 1.447 seconds
[2025-04-13T19:37:26.343+0000] {processor.py:161} INFO - Started process (PID=16407) to work on /home/airflow/.local/lib/python3.8/site-packages/airflow/example_dags/example_task_group.py
[2025-04-13T19:37:26.345+0000] {processor.py:830} INFO - Processing file /home/airflow/.local/lib/python3.8/site-packages/airflow/example_dags/example_task_group.py for tasks to queue
[2025-04-13T19:37:26.349+0000] {logging_mixin.py:188} INFO - [2025-04-13T19:37:26.348+0000] {dagbag.py:538} INFO - Filling up the DagBag from /home/airflow/.local/lib/python3.8/site-packages/airflow/example_dags/example_task_group.py
[2025-04-13T19:37:26.360+0000] {processor.py:840} INFO - DAG(s) 'example_task_group' retrieved from /home/airflow/.local/lib/python3.8/site-packages/airflow/example_dags/example_task_group.py
[2025-04-13T19:37:26.385+0000] {logging_mixin.py:188} INFO - [2025-04-13T19:37:26.385+0000] {dag.py:3036} INFO - Sync 1 DAGs
[2025-04-13T19:37:26.410+0000] {logging_mixin.py:188} INFO - [2025-04-13T19:37:26.410+0000] {dag.py:3823} INFO - Setting next_dagrun for example_task_group to 2025-04-12 00:00:00+00:00, run_after=2025-04-13 00:00:00+00:00
[2025-04-13T19:37:26.454+0000] {processor.py:183} INFO - Processing /home/airflow/.local/lib/python3.8/site-packages/airflow/example_dags/example_task_group.py took 0.116 seconds
[2025-04-13T19:37:59.834+0000] {processor.py:161} INFO - Started process (PID=16463) to work on /home/airflow/.local/lib/python3.8/site-packages/airflow/example_dags/example_task_group.py
[2025-04-13T19:37:59.844+0000] {processor.py:830} INFO - Processing file /home/airflow/.local/lib/python3.8/site-packages/airflow/example_dags/example_task_group.py for tasks to queue
[2025-04-13T19:37:59.847+0000] {logging_mixin.py:188} INFO - [2025-04-13T19:37:59.847+0000] {dagbag.py:538} INFO - Filling up the DagBag from /home/airflow/.local/lib/python3.8/site-packages/airflow/example_dags/example_task_group.py
[2025-04-13T19:37:59.879+0000] {processor.py:840} INFO - DAG(s) 'example_task_group' retrieved from /home/airflow/.local/lib/python3.8/site-packages/airflow/example_dags/example_task_group.py
[2025-04-13T19:37:59.942+0000] {logging_mixin.py:188} INFO - [2025-04-13T19:37:59.942+0000] {dag.py:3036} INFO - Sync 1 DAGs
[2025-04-13T19:38:00.020+0000] {logging_mixin.py:188} INFO - [2025-04-13T19:38:00.020+0000] {dag.py:3823} INFO - Setting next_dagrun for example_task_group to 2025-04-12 00:00:00+00:00, run_after=2025-04-13 00:00:00+00:00
[2025-04-13T19:38:00.079+0000] {processor.py:183} INFO - Processing /home/airflow/.local/lib/python3.8/site-packages/airflow/example_dags/example_task_group.py took 0.250 seconds
[2025-04-13T19:38:33.036+0000] {processor.py:161} INFO - Started process (PID=16519) to work on /home/airflow/.local/lib/python3.8/site-packages/airflow/example_dags/example_task_group.py
[2025-04-13T19:38:33.037+0000] {processor.py:830} INFO - Processing file /home/airflow/.local/lib/python3.8/site-packages/airflow/example_dags/example_task_group.py for tasks to queue
[2025-04-13T19:38:33.039+0000] {logging_mixin.py:188} INFO - [2025-04-13T19:38:33.039+0000] {dagbag.py:538} INFO - Filling up the DagBag from /home/airflow/.local/lib/python3.8/site-packages/airflow/example_dags/example_task_group.py
[2025-04-13T19:38:33.053+0000] {processor.py:840} INFO - DAG(s) 'example_task_group' retrieved from /home/airflow/.local/lib/python3.8/site-packages/airflow/example_dags/example_task_group.py
[2025-04-13T19:38:33.080+0000] {logging_mixin.py:188} INFO - [2025-04-13T19:38:33.080+0000] {dag.py:3036} INFO - Sync 1 DAGs
[2025-04-13T19:38:33.106+0000] {logging_mixin.py:188} INFO - [2025-04-13T19:38:33.105+0000] {dag.py:3823} INFO - Setting next_dagrun for example_task_group to 2025-04-12 00:00:00+00:00, run_after=2025-04-13 00:00:00+00:00
[2025-04-13T19:38:33.134+0000] {processor.py:183} INFO - Processing /home/airflow/.local/lib/python3.8/site-packages/airflow/example_dags/example_task_group.py took 0.103 seconds
[2025-04-13T19:39:06.637+0000] {processor.py:161} INFO - Started process (PID=16575) to work on /home/airflow/.local/lib/python3.8/site-packages/airflow/example_dags/example_task_group.py
[2025-04-13T19:39:06.638+0000] {processor.py:830} INFO - Processing file /home/airflow/.local/lib/python3.8/site-packages/airflow/example_dags/example_task_group.py for tasks to queue
[2025-04-13T19:39:06.641+0000] {logging_mixin.py:188} INFO - [2025-04-13T19:39:06.640+0000] {dagbag.py:538} INFO - Filling up the DagBag from /home/airflow/.local/lib/python3.8/site-packages/airflow/example_dags/example_task_group.py
[2025-04-13T19:39:06.649+0000] {processor.py:840} INFO - DAG(s) 'example_task_group' retrieved from /home/airflow/.local/lib/python3.8/site-packages/airflow/example_dags/example_task_group.py
[2025-04-13T19:39:06.681+0000] {logging_mixin.py:188} INFO - [2025-04-13T19:39:06.680+0000] {dag.py:3036} INFO - Sync 1 DAGs
[2025-04-13T19:39:06.725+0000] {logging_mixin.py:188} INFO - [2025-04-13T19:39:06.725+0000] {dag.py:3823} INFO - Setting next_dagrun for example_task_group to 2025-04-12 00:00:00+00:00, run_after=2025-04-13 00:00:00+00:00
[2025-04-13T19:39:06.750+0000] {processor.py:183} INFO - Processing /home/airflow/.local/lib/python3.8/site-packages/airflow/example_dags/example_task_group.py took 0.120 seconds
[2025-04-13T19:39:39.841+0000] {processor.py:161} INFO - Started process (PID=16631) to work on /home/airflow/.local/lib/python3.8/site-packages/airflow/example_dags/example_task_group.py
[2025-04-13T19:39:39.842+0000] {processor.py:830} INFO - Processing file /home/airflow/.local/lib/python3.8/site-packages/airflow/example_dags/example_task_group.py for tasks to queue
[2025-04-13T19:39:39.845+0000] {logging_mixin.py:188} INFO - [2025-04-13T19:39:39.845+0000] {dagbag.py:538} INFO - Filling up the DagBag from /home/airflow/.local/lib/python3.8/site-packages/airflow/example_dags/example_task_group.py
[2025-04-13T19:39:39.861+0000] {processor.py:840} INFO - DAG(s) 'example_task_group' retrieved from /home/airflow/.local/lib/python3.8/site-packages/airflow/example_dags/example_task_group.py
[2025-04-13T19:39:39.904+0000] {logging_mixin.py:188} INFO - [2025-04-13T19:39:39.903+0000] {dag.py:3036} INFO - Sync 1 DAGs
[2025-04-13T19:39:39.962+0000] {logging_mixin.py:188} INFO - [2025-04-13T19:39:39.962+0000] {dag.py:3823} INFO - Setting next_dagrun for example_task_group to 2025-04-12 00:00:00+00:00, run_after=2025-04-13 00:00:00+00:00
[2025-04-13T19:39:40.029+0000] {processor.py:183} INFO - Processing /home/airflow/.local/lib/python3.8/site-packages/airflow/example_dags/example_task_group.py took 0.195 seconds
