[2025-04-13T14:51:32.884+0000] {processor.py:161} INFO - Started process (PID=102) to work on /home/airflow/.local/lib/python3.8/site-packages/airflow/example_dags/example_short_circuit_operator.py
[2025-04-13T14:51:32.886+0000] {processor.py:830} INFO - Processing file /home/airflow/.local/lib/python3.8/site-packages/airflow/example_dags/example_short_circuit_operator.py for tasks to queue
[2025-04-13T14:51:32.889+0000] {logging_mixin.py:188} INFO - [2025-04-13T14:51:32.888+0000] {dagbag.py:538} INFO - Filling up the DagBag from /home/airflow/.local/lib/python3.8/site-packages/airflow/example_dags/example_short_circuit_operator.py
[2025-04-13T14:51:33.022+0000] {processor.py:840} INFO - DAG(s) 'example_short_circuit_operator' retrieved from /home/airflow/.local/lib/python3.8/site-packages/airflow/example_dags/example_short_circuit_operator.py
[2025-04-13T14:51:33.248+0000] {logging_mixin.py:188} INFO - [2025-04-13T14:51:33.248+0000] {dag.py:3036} INFO - Sync 1 DAGs
[2025-04-13T14:51:33.279+0000] {logging_mixin.py:188} INFO - [2025-04-13T14:51:33.278+0000] {dag.py:3823} INFO - Setting next_dagrun for example_short_circuit_operator to 2025-04-12 00:00:00+00:00, run_after=2025-04-13 00:00:00+00:00
[2025-04-13T14:51:33.444+0000] {processor.py:183} INFO - Processing /home/airflow/.local/lib/python3.8/site-packages/airflow/example_dags/example_short_circuit_operator.py took 0.564 seconds
[2025-04-13T14:52:04.346+0000] {processor.py:161} INFO - Started process (PID=157) to work on /home/airflow/.local/lib/python3.8/site-packages/airflow/example_dags/example_short_circuit_operator.py
[2025-04-13T14:52:04.363+0000] {processor.py:830} INFO - Processing file /home/airflow/.local/lib/python3.8/site-packages/airflow/example_dags/example_short_circuit_operator.py for tasks to queue
[2025-04-13T14:52:04.366+0000] {logging_mixin.py:188} INFO - [2025-04-13T14:52:04.365+0000] {dagbag.py:538} INFO - Filling up the DagBag from /home/airflow/.local/lib/python3.8/site-packages/airflow/example_dags/example_short_circuit_operator.py
[2025-04-13T14:52:04.383+0000] {processor.py:840} INFO - DAG(s) 'example_short_circuit_operator' retrieved from /home/airflow/.local/lib/python3.8/site-packages/airflow/example_dags/example_short_circuit_operator.py
[2025-04-13T14:52:04.417+0000] {logging_mixin.py:188} INFO - [2025-04-13T14:52:04.417+0000] {dag.py:3036} INFO - Sync 1 DAGs
[2025-04-13T14:52:04.450+0000] {logging_mixin.py:188} INFO - [2025-04-13T14:52:04.449+0000] {dag.py:3823} INFO - Setting next_dagrun for example_short_circuit_operator to 2025-04-12 00:00:00+00:00, run_after=2025-04-13 00:00:00+00:00
[2025-04-13T14:52:04.490+0000] {processor.py:183} INFO - Processing /home/airflow/.local/lib/python3.8/site-packages/airflow/example_dags/example_short_circuit_operator.py took 0.147 seconds
[2025-04-13T14:55:39.576+0000] {processor.py:161} INFO - Started process (PID=104) to work on /home/airflow/.local/lib/python3.8/site-packages/airflow/example_dags/example_short_circuit_operator.py
[2025-04-13T14:55:39.595+0000] {processor.py:830} INFO - Processing file /home/airflow/.local/lib/python3.8/site-packages/airflow/example_dags/example_short_circuit_operator.py for tasks to queue
[2025-04-13T14:55:39.622+0000] {logging_mixin.py:188} INFO - [2025-04-13T14:55:39.621+0000] {dagbag.py:538} INFO - Filling up the DagBag from /home/airflow/.local/lib/python3.8/site-packages/airflow/example_dags/example_short_circuit_operator.py
[2025-04-13T14:55:39.645+0000] {processor.py:840} INFO - DAG(s) 'example_short_circuit_operator' retrieved from /home/airflow/.local/lib/python3.8/site-packages/airflow/example_dags/example_short_circuit_operator.py
[2025-04-13T14:55:39.725+0000] {logging_mixin.py:188} INFO - [2025-04-13T14:55:39.724+0000] {dag.py:3036} INFO - Sync 1 DAGs
[2025-04-13T14:55:39.855+0000] {logging_mixin.py:188} INFO - [2025-04-13T14:55:39.855+0000] {dag.py:3823} INFO - Setting next_dagrun for example_short_circuit_operator to 2025-04-12 00:00:00+00:00, run_after=2025-04-13 00:00:00+00:00
[2025-04-13T14:55:39.950+0000] {processor.py:183} INFO - Processing /home/airflow/.local/lib/python3.8/site-packages/airflow/example_dags/example_short_circuit_operator.py took 0.397 seconds
[2025-04-13T14:56:10.188+0000] {processor.py:161} INFO - Started process (PID=159) to work on /home/airflow/.local/lib/python3.8/site-packages/airflow/example_dags/example_short_circuit_operator.py
[2025-04-13T14:56:10.192+0000] {processor.py:830} INFO - Processing file /home/airflow/.local/lib/python3.8/site-packages/airflow/example_dags/example_short_circuit_operator.py for tasks to queue
[2025-04-13T14:56:10.198+0000] {logging_mixin.py:188} INFO - [2025-04-13T14:56:10.198+0000] {dagbag.py:538} INFO - Filling up the DagBag from /home/airflow/.local/lib/python3.8/site-packages/airflow/example_dags/example_short_circuit_operator.py
[2025-04-13T14:56:10.209+0000] {processor.py:840} INFO - DAG(s) 'example_short_circuit_operator' retrieved from /home/airflow/.local/lib/python3.8/site-packages/airflow/example_dags/example_short_circuit_operator.py
[2025-04-13T14:56:10.246+0000] {logging_mixin.py:188} INFO - [2025-04-13T14:56:10.246+0000] {dag.py:3036} INFO - Sync 1 DAGs
[2025-04-13T14:56:10.283+0000] {logging_mixin.py:188} INFO - [2025-04-13T14:56:10.282+0000] {dag.py:3823} INFO - Setting next_dagrun for example_short_circuit_operator to 2025-04-12 00:00:00+00:00, run_after=2025-04-13 00:00:00+00:00
[2025-04-13T14:56:10.312+0000] {processor.py:183} INFO - Processing /home/airflow/.local/lib/python3.8/site-packages/airflow/example_dags/example_short_circuit_operator.py took 0.129 seconds
[2025-04-13T14:56:44.734+0000] {processor.py:161} INFO - Started process (PID=214) to work on /home/airflow/.local/lib/python3.8/site-packages/airflow/example_dags/example_short_circuit_operator.py
[2025-04-13T14:56:44.735+0000] {processor.py:830} INFO - Processing file /home/airflow/.local/lib/python3.8/site-packages/airflow/example_dags/example_short_circuit_operator.py for tasks to queue
[2025-04-13T14:56:44.737+0000] {logging_mixin.py:188} INFO - [2025-04-13T14:56:44.737+0000] {dagbag.py:538} INFO - Filling up the DagBag from /home/airflow/.local/lib/python3.8/site-packages/airflow/example_dags/example_short_circuit_operator.py
[2025-04-13T14:56:44.747+0000] {processor.py:840} INFO - DAG(s) 'example_short_circuit_operator' retrieved from /home/airflow/.local/lib/python3.8/site-packages/airflow/example_dags/example_short_circuit_operator.py
[2025-04-13T14:56:44.775+0000] {logging_mixin.py:188} INFO - [2025-04-13T14:56:44.775+0000] {dag.py:3036} INFO - Sync 1 DAGs
[2025-04-13T14:56:44.806+0000] {logging_mixin.py:188} INFO - [2025-04-13T14:56:44.806+0000] {dag.py:3823} INFO - Setting next_dagrun for example_short_circuit_operator to 2025-04-12 00:00:00+00:00, run_after=2025-04-13 00:00:00+00:00
[2025-04-13T14:56:44.830+0000] {processor.py:183} INFO - Processing /home/airflow/.local/lib/python3.8/site-packages/airflow/example_dags/example_short_circuit_operator.py took 0.100 seconds
[2025-04-13T14:57:15.086+0000] {processor.py:161} INFO - Started process (PID=269) to work on /home/airflow/.local/lib/python3.8/site-packages/airflow/example_dags/example_short_circuit_operator.py
[2025-04-13T14:57:15.087+0000] {processor.py:830} INFO - Processing file /home/airflow/.local/lib/python3.8/site-packages/airflow/example_dags/example_short_circuit_operator.py for tasks to queue
[2025-04-13T14:57:15.090+0000] {logging_mixin.py:188} INFO - [2025-04-13T14:57:15.089+0000] {dagbag.py:538} INFO - Filling up the DagBag from /home/airflow/.local/lib/python3.8/site-packages/airflow/example_dags/example_short_circuit_operator.py
[2025-04-13T14:57:15.098+0000] {processor.py:840} INFO - DAG(s) 'example_short_circuit_operator' retrieved from /home/airflow/.local/lib/python3.8/site-packages/airflow/example_dags/example_short_circuit_operator.py
[2025-04-13T14:57:15.113+0000] {logging_mixin.py:188} INFO - [2025-04-13T14:57:15.112+0000] {dag.py:3036} INFO - Sync 1 DAGs
[2025-04-13T14:57:15.142+0000] {logging_mixin.py:188} INFO - [2025-04-13T14:57:15.142+0000] {dag.py:3823} INFO - Setting next_dagrun for example_short_circuit_operator to 2025-04-12 00:00:00+00:00, run_after=2025-04-13 00:00:00+00:00
[2025-04-13T14:57:15.166+0000] {processor.py:183} INFO - Processing /home/airflow/.local/lib/python3.8/site-packages/airflow/example_dags/example_short_circuit_operator.py took 0.084 seconds
[2025-04-13T14:57:47.383+0000] {processor.py:161} INFO - Started process (PID=324) to work on /home/airflow/.local/lib/python3.8/site-packages/airflow/example_dags/example_short_circuit_operator.py
[2025-04-13T14:57:47.384+0000] {processor.py:830} INFO - Processing file /home/airflow/.local/lib/python3.8/site-packages/airflow/example_dags/example_short_circuit_operator.py for tasks to queue
[2025-04-13T14:57:47.387+0000] {logging_mixin.py:188} INFO - [2025-04-13T14:57:47.387+0000] {dagbag.py:538} INFO - Filling up the DagBag from /home/airflow/.local/lib/python3.8/site-packages/airflow/example_dags/example_short_circuit_operator.py
[2025-04-13T14:57:47.405+0000] {processor.py:840} INFO - DAG(s) 'example_short_circuit_operator' retrieved from /home/airflow/.local/lib/python3.8/site-packages/airflow/example_dags/example_short_circuit_operator.py
[2025-04-13T14:57:47.640+0000] {logging_mixin.py:188} INFO - [2025-04-13T14:57:47.639+0000] {dag.py:3036} INFO - Sync 1 DAGs
[2025-04-13T14:57:47.706+0000] {logging_mixin.py:188} INFO - [2025-04-13T14:57:47.705+0000] {dag.py:3823} INFO - Setting next_dagrun for example_short_circuit_operator to 2025-04-12 00:00:00+00:00, run_after=2025-04-13 00:00:00+00:00
[2025-04-13T14:57:47.749+0000] {processor.py:183} INFO - Processing /home/airflow/.local/lib/python3.8/site-packages/airflow/example_dags/example_short_circuit_operator.py took 0.370 seconds
[2025-04-13T14:58:18.275+0000] {processor.py:161} INFO - Started process (PID=379) to work on /home/airflow/.local/lib/python3.8/site-packages/airflow/example_dags/example_short_circuit_operator.py
[2025-04-13T14:58:18.277+0000] {processor.py:830} INFO - Processing file /home/airflow/.local/lib/python3.8/site-packages/airflow/example_dags/example_short_circuit_operator.py for tasks to queue
[2025-04-13T14:58:18.279+0000] {logging_mixin.py:188} INFO - [2025-04-13T14:58:18.278+0000] {dagbag.py:538} INFO - Filling up the DagBag from /home/airflow/.local/lib/python3.8/site-packages/airflow/example_dags/example_short_circuit_operator.py
[2025-04-13T14:58:18.288+0000] {processor.py:840} INFO - DAG(s) 'example_short_circuit_operator' retrieved from /home/airflow/.local/lib/python3.8/site-packages/airflow/example_dags/example_short_circuit_operator.py
[2025-04-13T14:58:18.319+0000] {logging_mixin.py:188} INFO - [2025-04-13T14:58:18.319+0000] {dag.py:3036} INFO - Sync 1 DAGs
[2025-04-13T14:58:18.383+0000] {logging_mixin.py:188} INFO - [2025-04-13T14:58:18.382+0000] {dag.py:3823} INFO - Setting next_dagrun for example_short_circuit_operator to 2025-04-12 00:00:00+00:00, run_after=2025-04-13 00:00:00+00:00
[2025-04-13T14:58:18.412+0000] {processor.py:183} INFO - Processing /home/airflow/.local/lib/python3.8/site-packages/airflow/example_dags/example_short_circuit_operator.py took 0.141 seconds
[2025-04-13T14:58:51.441+0000] {processor.py:161} INFO - Started process (PID=434) to work on /home/airflow/.local/lib/python3.8/site-packages/airflow/example_dags/example_short_circuit_operator.py
[2025-04-13T14:58:51.442+0000] {processor.py:830} INFO - Processing file /home/airflow/.local/lib/python3.8/site-packages/airflow/example_dags/example_short_circuit_operator.py for tasks to queue
[2025-04-13T14:58:51.445+0000] {logging_mixin.py:188} INFO - [2025-04-13T14:58:51.445+0000] {dagbag.py:538} INFO - Filling up the DagBag from /home/airflow/.local/lib/python3.8/site-packages/airflow/example_dags/example_short_circuit_operator.py
[2025-04-13T14:58:51.458+0000] {processor.py:840} INFO - DAG(s) 'example_short_circuit_operator' retrieved from /home/airflow/.local/lib/python3.8/site-packages/airflow/example_dags/example_short_circuit_operator.py
[2025-04-13T14:58:51.497+0000] {logging_mixin.py:188} INFO - [2025-04-13T14:58:51.497+0000] {dag.py:3036} INFO - Sync 1 DAGs
[2025-04-13T14:58:51.540+0000] {logging_mixin.py:188} INFO - [2025-04-13T14:58:51.540+0000] {dag.py:3823} INFO - Setting next_dagrun for example_short_circuit_operator to 2025-04-12 00:00:00+00:00, run_after=2025-04-13 00:00:00+00:00
[2025-04-13T14:58:51.597+0000] {processor.py:183} INFO - Processing /home/airflow/.local/lib/python3.8/site-packages/airflow/example_dags/example_short_circuit_operator.py took 0.161 seconds
[2025-04-13T14:59:25.258+0000] {processor.py:161} INFO - Started process (PID=489) to work on /home/airflow/.local/lib/python3.8/site-packages/airflow/example_dags/example_short_circuit_operator.py
[2025-04-13T14:59:25.260+0000] {processor.py:830} INFO - Processing file /home/airflow/.local/lib/python3.8/site-packages/airflow/example_dags/example_short_circuit_operator.py for tasks to queue
[2025-04-13T14:59:25.263+0000] {logging_mixin.py:188} INFO - [2025-04-13T14:59:25.262+0000] {dagbag.py:538} INFO - Filling up the DagBag from /home/airflow/.local/lib/python3.8/site-packages/airflow/example_dags/example_short_circuit_operator.py
[2025-04-13T14:59:25.282+0000] {processor.py:840} INFO - DAG(s) 'example_short_circuit_operator' retrieved from /home/airflow/.local/lib/python3.8/site-packages/airflow/example_dags/example_short_circuit_operator.py
[2025-04-13T14:59:25.331+0000] {logging_mixin.py:188} INFO - [2025-04-13T14:59:25.331+0000] {dag.py:3036} INFO - Sync 1 DAGs
[2025-04-13T14:59:25.405+0000] {logging_mixin.py:188} INFO - [2025-04-13T14:59:25.405+0000] {dag.py:3823} INFO - Setting next_dagrun for example_short_circuit_operator to 2025-04-12 00:00:00+00:00, run_after=2025-04-13 00:00:00+00:00
[2025-04-13T14:59:25.483+0000] {processor.py:183} INFO - Processing /home/airflow/.local/lib/python3.8/site-packages/airflow/example_dags/example_short_circuit_operator.py took 0.233 seconds
[2025-04-13T14:59:55.687+0000] {processor.py:161} INFO - Started process (PID=544) to work on /home/airflow/.local/lib/python3.8/site-packages/airflow/example_dags/example_short_circuit_operator.py
[2025-04-13T14:59:55.688+0000] {processor.py:830} INFO - Processing file /home/airflow/.local/lib/python3.8/site-packages/airflow/example_dags/example_short_circuit_operator.py for tasks to queue
[2025-04-13T14:59:55.690+0000] {logging_mixin.py:188} INFO - [2025-04-13T14:59:55.690+0000] {dagbag.py:538} INFO - Filling up the DagBag from /home/airflow/.local/lib/python3.8/site-packages/airflow/example_dags/example_short_circuit_operator.py
[2025-04-13T14:59:55.700+0000] {processor.py:840} INFO - DAG(s) 'example_short_circuit_operator' retrieved from /home/airflow/.local/lib/python3.8/site-packages/airflow/example_dags/example_short_circuit_operator.py
[2025-04-13T14:59:55.726+0000] {logging_mixin.py:188} INFO - [2025-04-13T14:59:55.726+0000] {dag.py:3036} INFO - Sync 1 DAGs
[2025-04-13T14:59:55.757+0000] {logging_mixin.py:188} INFO - [2025-04-13T14:59:55.757+0000] {dag.py:3823} INFO - Setting next_dagrun for example_short_circuit_operator to 2025-04-12 00:00:00+00:00, run_after=2025-04-13 00:00:00+00:00
[2025-04-13T14:59:55.784+0000] {processor.py:183} INFO - Processing /home/airflow/.local/lib/python3.8/site-packages/airflow/example_dags/example_short_circuit_operator.py took 0.101 seconds
[2025-04-13T15:00:31.363+0000] {processor.py:161} INFO - Started process (PID=600) to work on /home/airflow/.local/lib/python3.8/site-packages/airflow/example_dags/example_short_circuit_operator.py
[2025-04-13T15:00:31.364+0000] {processor.py:830} INFO - Processing file /home/airflow/.local/lib/python3.8/site-packages/airflow/example_dags/example_short_circuit_operator.py for tasks to queue
[2025-04-13T15:00:31.377+0000] {logging_mixin.py:188} INFO - [2025-04-13T15:00:31.377+0000] {dagbag.py:538} INFO - Filling up the DagBag from /home/airflow/.local/lib/python3.8/site-packages/airflow/example_dags/example_short_circuit_operator.py
[2025-04-13T15:00:31.395+0000] {processor.py:840} INFO - DAG(s) 'example_short_circuit_operator' retrieved from /home/airflow/.local/lib/python3.8/site-packages/airflow/example_dags/example_short_circuit_operator.py
[2025-04-13T15:00:31.463+0000] {logging_mixin.py:188} INFO - [2025-04-13T15:00:31.463+0000] {dag.py:3036} INFO - Sync 1 DAGs
[2025-04-13T15:00:31.516+0000] {logging_mixin.py:188} INFO - [2025-04-13T15:00:31.516+0000] {dag.py:3823} INFO - Setting next_dagrun for example_short_circuit_operator to 2025-04-12 00:00:00+00:00, run_after=2025-04-13 00:00:00+00:00
[2025-04-13T15:00:31.564+0000] {processor.py:183} INFO - Processing /home/airflow/.local/lib/python3.8/site-packages/airflow/example_dags/example_short_circuit_operator.py took 0.206 seconds
[2025-04-13T15:01:02.144+0000] {processor.py:161} INFO - Started process (PID=655) to work on /home/airflow/.local/lib/python3.8/site-packages/airflow/example_dags/example_short_circuit_operator.py
[2025-04-13T15:01:02.145+0000] {processor.py:830} INFO - Processing file /home/airflow/.local/lib/python3.8/site-packages/airflow/example_dags/example_short_circuit_operator.py for tasks to queue
[2025-04-13T15:01:02.149+0000] {logging_mixin.py:188} INFO - [2025-04-13T15:01:02.148+0000] {dagbag.py:538} INFO - Filling up the DagBag from /home/airflow/.local/lib/python3.8/site-packages/airflow/example_dags/example_short_circuit_operator.py
[2025-04-13T15:01:02.160+0000] {processor.py:840} INFO - DAG(s) 'example_short_circuit_operator' retrieved from /home/airflow/.local/lib/python3.8/site-packages/airflow/example_dags/example_short_circuit_operator.py
[2025-04-13T15:01:02.243+0000] {logging_mixin.py:188} INFO - [2025-04-13T15:01:02.242+0000] {dag.py:3036} INFO - Sync 1 DAGs
[2025-04-13T15:01:02.309+0000] {logging_mixin.py:188} INFO - [2025-04-13T15:01:02.309+0000] {dag.py:3823} INFO - Setting next_dagrun for example_short_circuit_operator to 2025-04-12 00:00:00+00:00, run_after=2025-04-13 00:00:00+00:00
[2025-04-13T15:01:02.360+0000] {processor.py:183} INFO - Processing /home/airflow/.local/lib/python3.8/site-packages/airflow/example_dags/example_short_circuit_operator.py took 0.220 seconds
[2025-04-13T15:01:32.976+0000] {processor.py:161} INFO - Started process (PID=711) to work on /home/airflow/.local/lib/python3.8/site-packages/airflow/example_dags/example_short_circuit_operator.py
[2025-04-13T15:01:32.978+0000] {processor.py:830} INFO - Processing file /home/airflow/.local/lib/python3.8/site-packages/airflow/example_dags/example_short_circuit_operator.py for tasks to queue
[2025-04-13T15:01:32.983+0000] {logging_mixin.py:188} INFO - [2025-04-13T15:01:32.983+0000] {dagbag.py:538} INFO - Filling up the DagBag from /home/airflow/.local/lib/python3.8/site-packages/airflow/example_dags/example_short_circuit_operator.py
[2025-04-13T15:01:32.993+0000] {processor.py:840} INFO - DAG(s) 'example_short_circuit_operator' retrieved from /home/airflow/.local/lib/python3.8/site-packages/airflow/example_dags/example_short_circuit_operator.py
[2025-04-13T15:01:33.027+0000] {logging_mixin.py:188} INFO - [2025-04-13T15:01:33.026+0000] {dag.py:3036} INFO - Sync 1 DAGs
[2025-04-13T15:01:33.059+0000] {logging_mixin.py:188} INFO - [2025-04-13T15:01:33.059+0000] {dag.py:3823} INFO - Setting next_dagrun for example_short_circuit_operator to 2025-04-12 00:00:00+00:00, run_after=2025-04-13 00:00:00+00:00
[2025-04-13T15:01:33.094+0000] {processor.py:183} INFO - Processing /home/airflow/.local/lib/python3.8/site-packages/airflow/example_dags/example_short_circuit_operator.py took 0.122 seconds
[2025-04-13T15:02:06.095+0000] {processor.py:161} INFO - Started process (PID=769) to work on /home/airflow/.local/lib/python3.8/site-packages/airflow/example_dags/example_short_circuit_operator.py
[2025-04-13T15:02:06.098+0000] {processor.py:830} INFO - Processing file /home/airflow/.local/lib/python3.8/site-packages/airflow/example_dags/example_short_circuit_operator.py for tasks to queue
[2025-04-13T15:02:06.102+0000] {logging_mixin.py:188} INFO - [2025-04-13T15:02:06.101+0000] {dagbag.py:538} INFO - Filling up the DagBag from /home/airflow/.local/lib/python3.8/site-packages/airflow/example_dags/example_short_circuit_operator.py
[2025-04-13T15:02:06.133+0000] {processor.py:840} INFO - DAG(s) 'example_short_circuit_operator' retrieved from /home/airflow/.local/lib/python3.8/site-packages/airflow/example_dags/example_short_circuit_operator.py
[2025-04-13T15:02:06.194+0000] {logging_mixin.py:188} INFO - [2025-04-13T15:02:06.193+0000] {dag.py:3036} INFO - Sync 1 DAGs
[2025-04-13T15:02:06.256+0000] {logging_mixin.py:188} INFO - [2025-04-13T15:02:06.255+0000] {dag.py:3823} INFO - Setting next_dagrun for example_short_circuit_operator to 2025-04-12 00:00:00+00:00, run_after=2025-04-13 00:00:00+00:00
[2025-04-13T15:02:06.303+0000] {processor.py:183} INFO - Processing /home/airflow/.local/lib/python3.8/site-packages/airflow/example_dags/example_short_circuit_operator.py took 0.217 seconds
[2025-04-13T15:02:36.683+0000] {processor.py:161} INFO - Started process (PID=825) to work on /home/airflow/.local/lib/python3.8/site-packages/airflow/example_dags/example_short_circuit_operator.py
[2025-04-13T15:02:36.684+0000] {processor.py:830} INFO - Processing file /home/airflow/.local/lib/python3.8/site-packages/airflow/example_dags/example_short_circuit_operator.py for tasks to queue
[2025-04-13T15:02:36.687+0000] {logging_mixin.py:188} INFO - [2025-04-13T15:02:36.687+0000] {dagbag.py:538} INFO - Filling up the DagBag from /home/airflow/.local/lib/python3.8/site-packages/airflow/example_dags/example_short_circuit_operator.py
[2025-04-13T15:02:36.694+0000] {processor.py:840} INFO - DAG(s) 'example_short_circuit_operator' retrieved from /home/airflow/.local/lib/python3.8/site-packages/airflow/example_dags/example_short_circuit_operator.py
[2025-04-13T15:02:36.724+0000] {logging_mixin.py:188} INFO - [2025-04-13T15:02:36.724+0000] {dag.py:3036} INFO - Sync 1 DAGs
[2025-04-13T15:02:36.749+0000] {logging_mixin.py:188} INFO - [2025-04-13T15:02:36.749+0000] {dag.py:3823} INFO - Setting next_dagrun for example_short_circuit_operator to 2025-04-12 00:00:00+00:00, run_after=2025-04-13 00:00:00+00:00
[2025-04-13T15:02:36.773+0000] {processor.py:183} INFO - Processing /home/airflow/.local/lib/python3.8/site-packages/airflow/example_dags/example_short_circuit_operator.py took 0.092 seconds
[2025-04-13T15:03:09.885+0000] {processor.py:161} INFO - Started process (PID=880) to work on /home/airflow/.local/lib/python3.8/site-packages/airflow/example_dags/example_short_circuit_operator.py
[2025-04-13T15:03:09.886+0000] {processor.py:830} INFO - Processing file /home/airflow/.local/lib/python3.8/site-packages/airflow/example_dags/example_short_circuit_operator.py for tasks to queue
[2025-04-13T15:03:09.889+0000] {logging_mixin.py:188} INFO - [2025-04-13T15:03:09.888+0000] {dagbag.py:538} INFO - Filling up the DagBag from /home/airflow/.local/lib/python3.8/site-packages/airflow/example_dags/example_short_circuit_operator.py
[2025-04-13T15:03:09.898+0000] {processor.py:840} INFO - DAG(s) 'example_short_circuit_operator' retrieved from /home/airflow/.local/lib/python3.8/site-packages/airflow/example_dags/example_short_circuit_operator.py
[2025-04-13T15:03:09.929+0000] {logging_mixin.py:188} INFO - [2025-04-13T15:03:09.928+0000] {dag.py:3036} INFO - Sync 1 DAGs
[2025-04-13T15:03:09.958+0000] {logging_mixin.py:188} INFO - [2025-04-13T15:03:09.957+0000] {dag.py:3823} INFO - Setting next_dagrun for example_short_circuit_operator to 2025-04-12 00:00:00+00:00, run_after=2025-04-13 00:00:00+00:00
[2025-04-13T15:03:09.981+0000] {processor.py:183} INFO - Processing /home/airflow/.local/lib/python3.8/site-packages/airflow/example_dags/example_short_circuit_operator.py took 0.099 seconds
[2025-04-13T15:03:42.824+0000] {processor.py:161} INFO - Started process (PID=939) to work on /home/airflow/.local/lib/python3.8/site-packages/airflow/example_dags/example_short_circuit_operator.py
[2025-04-13T15:03:42.826+0000] {processor.py:830} INFO - Processing file /home/airflow/.local/lib/python3.8/site-packages/airflow/example_dags/example_short_circuit_operator.py for tasks to queue
[2025-04-13T15:03:42.829+0000] {logging_mixin.py:188} INFO - [2025-04-13T15:03:42.828+0000] {dagbag.py:538} INFO - Filling up the DagBag from /home/airflow/.local/lib/python3.8/site-packages/airflow/example_dags/example_short_circuit_operator.py
[2025-04-13T15:03:42.837+0000] {processor.py:840} INFO - DAG(s) 'example_short_circuit_operator' retrieved from /home/airflow/.local/lib/python3.8/site-packages/airflow/example_dags/example_short_circuit_operator.py
[2025-04-13T15:03:42.865+0000] {logging_mixin.py:188} INFO - [2025-04-13T15:03:42.864+0000] {dag.py:3036} INFO - Sync 1 DAGs
[2025-04-13T15:03:42.905+0000] {logging_mixin.py:188} INFO - [2025-04-13T15:03:42.904+0000] {dag.py:3823} INFO - Setting next_dagrun for example_short_circuit_operator to 2025-04-12 00:00:00+00:00, run_after=2025-04-13 00:00:00+00:00
[2025-04-13T15:03:42.943+0000] {processor.py:183} INFO - Processing /home/airflow/.local/lib/python3.8/site-packages/airflow/example_dags/example_short_circuit_operator.py took 0.123 seconds
[2025-04-13T15:04:15.492+0000] {processor.py:161} INFO - Started process (PID=994) to work on /home/airflow/.local/lib/python3.8/site-packages/airflow/example_dags/example_short_circuit_operator.py
[2025-04-13T15:04:15.494+0000] {processor.py:830} INFO - Processing file /home/airflow/.local/lib/python3.8/site-packages/airflow/example_dags/example_short_circuit_operator.py for tasks to queue
[2025-04-13T15:04:15.497+0000] {logging_mixin.py:188} INFO - [2025-04-13T15:04:15.497+0000] {dagbag.py:538} INFO - Filling up the DagBag from /home/airflow/.local/lib/python3.8/site-packages/airflow/example_dags/example_short_circuit_operator.py
[2025-04-13T15:04:15.507+0000] {processor.py:840} INFO - DAG(s) 'example_short_circuit_operator' retrieved from /home/airflow/.local/lib/python3.8/site-packages/airflow/example_dags/example_short_circuit_operator.py
[2025-04-13T15:04:15.541+0000] {logging_mixin.py:188} INFO - [2025-04-13T15:04:15.540+0000] {dag.py:3036} INFO - Sync 1 DAGs
[2025-04-13T15:04:15.587+0000] {logging_mixin.py:188} INFO - [2025-04-13T15:04:15.586+0000] {dag.py:3823} INFO - Setting next_dagrun for example_short_circuit_operator to 2025-04-12 00:00:00+00:00, run_after=2025-04-13 00:00:00+00:00
[2025-04-13T15:04:15.618+0000] {processor.py:183} INFO - Processing /home/airflow/.local/lib/python3.8/site-packages/airflow/example_dags/example_short_circuit_operator.py took 0.133 seconds
[2025-04-13T15:04:49.169+0000] {processor.py:161} INFO - Started process (PID=1050) to work on /home/airflow/.local/lib/python3.8/site-packages/airflow/example_dags/example_short_circuit_operator.py
[2025-04-13T15:04:49.170+0000] {processor.py:830} INFO - Processing file /home/airflow/.local/lib/python3.8/site-packages/airflow/example_dags/example_short_circuit_operator.py for tasks to queue
[2025-04-13T15:04:49.173+0000] {logging_mixin.py:188} INFO - [2025-04-13T15:04:49.172+0000] {dagbag.py:538} INFO - Filling up the DagBag from /home/airflow/.local/lib/python3.8/site-packages/airflow/example_dags/example_short_circuit_operator.py
[2025-04-13T15:04:49.185+0000] {processor.py:840} INFO - DAG(s) 'example_short_circuit_operator' retrieved from /home/airflow/.local/lib/python3.8/site-packages/airflow/example_dags/example_short_circuit_operator.py
[2025-04-13T15:04:49.224+0000] {logging_mixin.py:188} INFO - [2025-04-13T15:04:49.223+0000] {dag.py:3036} INFO - Sync 1 DAGs
[2025-04-13T15:04:49.290+0000] {logging_mixin.py:188} INFO - [2025-04-13T15:04:49.289+0000] {dag.py:3823} INFO - Setting next_dagrun for example_short_circuit_operator to 2025-04-12 00:00:00+00:00, run_after=2025-04-13 00:00:00+00:00
[2025-04-13T15:04:49.344+0000] {processor.py:183} INFO - Processing /home/airflow/.local/lib/python3.8/site-packages/airflow/example_dags/example_short_circuit_operator.py took 0.180 seconds
[2025-04-13T15:05:25.382+0000] {processor.py:161} INFO - Started process (PID=1105) to work on /home/airflow/.local/lib/python3.8/site-packages/airflow/example_dags/example_short_circuit_operator.py
[2025-04-13T15:05:25.384+0000] {processor.py:830} INFO - Processing file /home/airflow/.local/lib/python3.8/site-packages/airflow/example_dags/example_short_circuit_operator.py for tasks to queue
[2025-04-13T15:05:25.389+0000] {logging_mixin.py:188} INFO - [2025-04-13T15:05:25.388+0000] {dagbag.py:538} INFO - Filling up the DagBag from /home/airflow/.local/lib/python3.8/site-packages/airflow/example_dags/example_short_circuit_operator.py
[2025-04-13T15:05:25.419+0000] {processor.py:840} INFO - DAG(s) 'example_short_circuit_operator' retrieved from /home/airflow/.local/lib/python3.8/site-packages/airflow/example_dags/example_short_circuit_operator.py
[2025-04-13T15:05:25.482+0000] {logging_mixin.py:188} INFO - [2025-04-13T15:05:25.480+0000] {dag.py:3036} INFO - Sync 1 DAGs
[2025-04-13T15:05:25.550+0000] {logging_mixin.py:188} INFO - [2025-04-13T15:05:25.549+0000] {dag.py:3823} INFO - Setting next_dagrun for example_short_circuit_operator to 2025-04-12 00:00:00+00:00, run_after=2025-04-13 00:00:00+00:00
[2025-04-13T15:05:25.612+0000] {processor.py:183} INFO - Processing /home/airflow/.local/lib/python3.8/site-packages/airflow/example_dags/example_short_circuit_operator.py took 0.245 seconds
[2025-04-13T15:05:55.667+0000] {processor.py:161} INFO - Started process (PID=1159) to work on /home/airflow/.local/lib/python3.8/site-packages/airflow/example_dags/example_short_circuit_operator.py
[2025-04-13T15:05:55.669+0000] {processor.py:830} INFO - Processing file /home/airflow/.local/lib/python3.8/site-packages/airflow/example_dags/example_short_circuit_operator.py for tasks to queue
[2025-04-13T15:05:55.671+0000] {logging_mixin.py:188} INFO - [2025-04-13T15:05:55.670+0000] {dagbag.py:538} INFO - Filling up the DagBag from /home/airflow/.local/lib/python3.8/site-packages/airflow/example_dags/example_short_circuit_operator.py
[2025-04-13T15:05:55.680+0000] {processor.py:840} INFO - DAG(s) 'example_short_circuit_operator' retrieved from /home/airflow/.local/lib/python3.8/site-packages/airflow/example_dags/example_short_circuit_operator.py
[2025-04-13T15:05:55.708+0000] {logging_mixin.py:188} INFO - [2025-04-13T15:05:55.707+0000] {dag.py:3036} INFO - Sync 1 DAGs
[2025-04-13T15:05:55.744+0000] {logging_mixin.py:188} INFO - [2025-04-13T15:05:55.744+0000] {dag.py:3823} INFO - Setting next_dagrun for example_short_circuit_operator to 2025-04-12 00:00:00+00:00, run_after=2025-04-13 00:00:00+00:00
[2025-04-13T15:05:55.772+0000] {processor.py:183} INFO - Processing /home/airflow/.local/lib/python3.8/site-packages/airflow/example_dags/example_short_circuit_operator.py took 0.109 seconds
[2025-04-13T15:06:26.538+0000] {processor.py:161} INFO - Started process (PID=1215) to work on /home/airflow/.local/lib/python3.8/site-packages/airflow/example_dags/example_short_circuit_operator.py
[2025-04-13T15:06:26.540+0000] {processor.py:830} INFO - Processing file /home/airflow/.local/lib/python3.8/site-packages/airflow/example_dags/example_short_circuit_operator.py for tasks to queue
[2025-04-13T15:06:26.542+0000] {logging_mixin.py:188} INFO - [2025-04-13T15:06:26.542+0000] {dagbag.py:538} INFO - Filling up the DagBag from /home/airflow/.local/lib/python3.8/site-packages/airflow/example_dags/example_short_circuit_operator.py
[2025-04-13T15:06:26.551+0000] {processor.py:840} INFO - DAG(s) 'example_short_circuit_operator' retrieved from /home/airflow/.local/lib/python3.8/site-packages/airflow/example_dags/example_short_circuit_operator.py
[2025-04-13T15:06:26.577+0000] {logging_mixin.py:188} INFO - [2025-04-13T15:06:26.577+0000] {dag.py:3036} INFO - Sync 1 DAGs
[2025-04-13T15:06:26.607+0000] {logging_mixin.py:188} INFO - [2025-04-13T15:06:26.607+0000] {dag.py:3823} INFO - Setting next_dagrun for example_short_circuit_operator to 2025-04-12 00:00:00+00:00, run_after=2025-04-13 00:00:00+00:00
[2025-04-13T15:06:26.633+0000] {processor.py:183} INFO - Processing /home/airflow/.local/lib/python3.8/site-packages/airflow/example_dags/example_short_circuit_operator.py took 0.097 seconds
[2025-04-13T15:06:59.964+0000] {processor.py:161} INFO - Started process (PID=1270) to work on /home/airflow/.local/lib/python3.8/site-packages/airflow/example_dags/example_short_circuit_operator.py
[2025-04-13T15:06:59.966+0000] {processor.py:830} INFO - Processing file /home/airflow/.local/lib/python3.8/site-packages/airflow/example_dags/example_short_circuit_operator.py for tasks to queue
[2025-04-13T15:06:59.969+0000] {logging_mixin.py:188} INFO - [2025-04-13T15:06:59.968+0000] {dagbag.py:538} INFO - Filling up the DagBag from /home/airflow/.local/lib/python3.8/site-packages/airflow/example_dags/example_short_circuit_operator.py
[2025-04-13T15:06:59.980+0000] {processor.py:840} INFO - DAG(s) 'example_short_circuit_operator' retrieved from /home/airflow/.local/lib/python3.8/site-packages/airflow/example_dags/example_short_circuit_operator.py
[2025-04-13T15:07:00.014+0000] {logging_mixin.py:188} INFO - [2025-04-13T15:07:00.014+0000] {dag.py:3036} INFO - Sync 1 DAGs
[2025-04-13T15:07:00.076+0000] {logging_mixin.py:188} INFO - [2025-04-13T15:07:00.076+0000] {dag.py:3823} INFO - Setting next_dagrun for example_short_circuit_operator to 2025-04-12 00:00:00+00:00, run_after=2025-04-13 00:00:00+00:00
[2025-04-13T15:07:00.108+0000] {processor.py:183} INFO - Processing /home/airflow/.local/lib/python3.8/site-packages/airflow/example_dags/example_short_circuit_operator.py took 0.148 seconds
[2025-04-13T15:07:32.456+0000] {processor.py:161} INFO - Started process (PID=1326) to work on /home/airflow/.local/lib/python3.8/site-packages/airflow/example_dags/example_short_circuit_operator.py
[2025-04-13T15:07:32.457+0000] {processor.py:830} INFO - Processing file /home/airflow/.local/lib/python3.8/site-packages/airflow/example_dags/example_short_circuit_operator.py for tasks to queue
[2025-04-13T15:07:32.460+0000] {logging_mixin.py:188} INFO - [2025-04-13T15:07:32.459+0000] {dagbag.py:538} INFO - Filling up the DagBag from /home/airflow/.local/lib/python3.8/site-packages/airflow/example_dags/example_short_circuit_operator.py
[2025-04-13T15:07:32.467+0000] {processor.py:840} INFO - DAG(s) 'example_short_circuit_operator' retrieved from /home/airflow/.local/lib/python3.8/site-packages/airflow/example_dags/example_short_circuit_operator.py
[2025-04-13T15:07:32.495+0000] {logging_mixin.py:188} INFO - [2025-04-13T15:07:32.494+0000] {dag.py:3036} INFO - Sync 1 DAGs
[2025-04-13T15:07:32.521+0000] {logging_mixin.py:188} INFO - [2025-04-13T15:07:32.520+0000] {dag.py:3823} INFO - Setting next_dagrun for example_short_circuit_operator to 2025-04-12 00:00:00+00:00, run_after=2025-04-13 00:00:00+00:00
[2025-04-13T15:07:32.544+0000] {processor.py:183} INFO - Processing /home/airflow/.local/lib/python3.8/site-packages/airflow/example_dags/example_short_circuit_operator.py took 0.091 seconds
[2025-04-13T15:08:05.113+0000] {processor.py:161} INFO - Started process (PID=1381) to work on /home/airflow/.local/lib/python3.8/site-packages/airflow/example_dags/example_short_circuit_operator.py
[2025-04-13T15:08:05.114+0000] {processor.py:830} INFO - Processing file /home/airflow/.local/lib/python3.8/site-packages/airflow/example_dags/example_short_circuit_operator.py for tasks to queue
[2025-04-13T15:08:05.117+0000] {logging_mixin.py:188} INFO - [2025-04-13T15:08:05.117+0000] {dagbag.py:538} INFO - Filling up the DagBag from /home/airflow/.local/lib/python3.8/site-packages/airflow/example_dags/example_short_circuit_operator.py
[2025-04-13T15:08:05.128+0000] {processor.py:840} INFO - DAG(s) 'example_short_circuit_operator' retrieved from /home/airflow/.local/lib/python3.8/site-packages/airflow/example_dags/example_short_circuit_operator.py
[2025-04-13T15:08:05.184+0000] {logging_mixin.py:188} INFO - [2025-04-13T15:08:05.184+0000] {dag.py:3036} INFO - Sync 1 DAGs
[2025-04-13T15:08:05.242+0000] {logging_mixin.py:188} INFO - [2025-04-13T15:08:05.242+0000] {dag.py:3823} INFO - Setting next_dagrun for example_short_circuit_operator to 2025-04-12 00:00:00+00:00, run_after=2025-04-13 00:00:00+00:00
[2025-04-13T15:08:05.280+0000] {processor.py:183} INFO - Processing /home/airflow/.local/lib/python3.8/site-packages/airflow/example_dags/example_short_circuit_operator.py took 0.171 seconds
[2025-04-13T15:08:37.481+0000] {processor.py:161} INFO - Started process (PID=1435) to work on /home/airflow/.local/lib/python3.8/site-packages/airflow/example_dags/example_short_circuit_operator.py
[2025-04-13T15:08:37.482+0000] {processor.py:830} INFO - Processing file /home/airflow/.local/lib/python3.8/site-packages/airflow/example_dags/example_short_circuit_operator.py for tasks to queue
[2025-04-13T15:08:37.485+0000] {logging_mixin.py:188} INFO - [2025-04-13T15:08:37.484+0000] {dagbag.py:538} INFO - Filling up the DagBag from /home/airflow/.local/lib/python3.8/site-packages/airflow/example_dags/example_short_circuit_operator.py
[2025-04-13T15:08:37.493+0000] {processor.py:840} INFO - DAG(s) 'example_short_circuit_operator' retrieved from /home/airflow/.local/lib/python3.8/site-packages/airflow/example_dags/example_short_circuit_operator.py
[2025-04-13T15:08:37.520+0000] {logging_mixin.py:188} INFO - [2025-04-13T15:08:37.520+0000] {dag.py:3036} INFO - Sync 1 DAGs
[2025-04-13T15:08:37.554+0000] {logging_mixin.py:188} INFO - [2025-04-13T15:08:37.553+0000] {dag.py:3823} INFO - Setting next_dagrun for example_short_circuit_operator to 2025-04-12 00:00:00+00:00, run_after=2025-04-13 00:00:00+00:00
[2025-04-13T15:08:37.577+0000] {processor.py:183} INFO - Processing /home/airflow/.local/lib/python3.8/site-packages/airflow/example_dags/example_short_circuit_operator.py took 0.101 seconds
[2025-04-13T15:09:10.186+0000] {processor.py:161} INFO - Started process (PID=1490) to work on /home/airflow/.local/lib/python3.8/site-packages/airflow/example_dags/example_short_circuit_operator.py
[2025-04-13T15:09:10.187+0000] {processor.py:830} INFO - Processing file /home/airflow/.local/lib/python3.8/site-packages/airflow/example_dags/example_short_circuit_operator.py for tasks to queue
[2025-04-13T15:09:10.189+0000] {logging_mixin.py:188} INFO - [2025-04-13T15:09:10.188+0000] {dagbag.py:538} INFO - Filling up the DagBag from /home/airflow/.local/lib/python3.8/site-packages/airflow/example_dags/example_short_circuit_operator.py
[2025-04-13T15:09:10.197+0000] {processor.py:840} INFO - DAG(s) 'example_short_circuit_operator' retrieved from /home/airflow/.local/lib/python3.8/site-packages/airflow/example_dags/example_short_circuit_operator.py
[2025-04-13T15:09:10.223+0000] {logging_mixin.py:188} INFO - [2025-04-13T15:09:10.223+0000] {dag.py:3036} INFO - Sync 1 DAGs
[2025-04-13T15:09:10.262+0000] {logging_mixin.py:188} INFO - [2025-04-13T15:09:10.262+0000] {dag.py:3823} INFO - Setting next_dagrun for example_short_circuit_operator to 2025-04-12 00:00:00+00:00, run_after=2025-04-13 00:00:00+00:00
[2025-04-13T15:09:10.286+0000] {processor.py:183} INFO - Processing /home/airflow/.local/lib/python3.8/site-packages/airflow/example_dags/example_short_circuit_operator.py took 0.103 seconds
[2025-04-13T15:09:49.791+0000] {processor.py:161} INFO - Started process (PID=1545) to work on /home/airflow/.local/lib/python3.8/site-packages/airflow/example_dags/example_short_circuit_operator.py
[2025-04-13T15:09:49.793+0000] {processor.py:830} INFO - Processing file /home/airflow/.local/lib/python3.8/site-packages/airflow/example_dags/example_short_circuit_operator.py for tasks to queue
[2025-04-13T15:09:49.796+0000] {logging_mixin.py:188} INFO - [2025-04-13T15:09:49.795+0000] {dagbag.py:538} INFO - Filling up the DagBag from /home/airflow/.local/lib/python3.8/site-packages/airflow/example_dags/example_short_circuit_operator.py
[2025-04-13T15:09:49.809+0000] {processor.py:840} INFO - DAG(s) 'example_short_circuit_operator' retrieved from /home/airflow/.local/lib/python3.8/site-packages/airflow/example_dags/example_short_circuit_operator.py
[2025-04-13T15:09:49.904+0000] {logging_mixin.py:188} INFO - [2025-04-13T15:09:49.904+0000] {dag.py:3036} INFO - Sync 1 DAGs
[2025-04-13T15:09:49.967+0000] {logging_mixin.py:188} INFO - [2025-04-13T15:09:49.967+0000] {dag.py:3823} INFO - Setting next_dagrun for example_short_circuit_operator to 2025-04-12 00:00:00+00:00, run_after=2025-04-13 00:00:00+00:00
[2025-04-13T15:09:50.041+0000] {processor.py:183} INFO - Processing /home/airflow/.local/lib/python3.8/site-packages/airflow/example_dags/example_short_circuit_operator.py took 0.257 seconds
[2025-04-13T15:10:20.366+0000] {processor.py:161} INFO - Started process (PID=1600) to work on /home/airflow/.local/lib/python3.8/site-packages/airflow/example_dags/example_short_circuit_operator.py
[2025-04-13T15:10:20.368+0000] {processor.py:830} INFO - Processing file /home/airflow/.local/lib/python3.8/site-packages/airflow/example_dags/example_short_circuit_operator.py for tasks to queue
[2025-04-13T15:10:20.370+0000] {logging_mixin.py:188} INFO - [2025-04-13T15:10:20.370+0000] {dagbag.py:538} INFO - Filling up the DagBag from /home/airflow/.local/lib/python3.8/site-packages/airflow/example_dags/example_short_circuit_operator.py
[2025-04-13T15:10:20.380+0000] {processor.py:840} INFO - DAG(s) 'example_short_circuit_operator' retrieved from /home/airflow/.local/lib/python3.8/site-packages/airflow/example_dags/example_short_circuit_operator.py
[2025-04-13T15:10:20.410+0000] {logging_mixin.py:188} INFO - [2025-04-13T15:10:20.409+0000] {dag.py:3036} INFO - Sync 1 DAGs
[2025-04-13T15:10:20.443+0000] {logging_mixin.py:188} INFO - [2025-04-13T15:10:20.442+0000] {dag.py:3823} INFO - Setting next_dagrun for example_short_circuit_operator to 2025-04-12 00:00:00+00:00, run_after=2025-04-13 00:00:00+00:00
[2025-04-13T15:10:20.474+0000] {processor.py:183} INFO - Processing /home/airflow/.local/lib/python3.8/site-packages/airflow/example_dags/example_short_circuit_operator.py took 0.111 seconds
[2025-04-13T15:10:51.879+0000] {processor.py:161} INFO - Started process (PID=1655) to work on /home/airflow/.local/lib/python3.8/site-packages/airflow/example_dags/example_short_circuit_operator.py
[2025-04-13T15:10:51.881+0000] {processor.py:830} INFO - Processing file /home/airflow/.local/lib/python3.8/site-packages/airflow/example_dags/example_short_circuit_operator.py for tasks to queue
[2025-04-13T15:10:51.885+0000] {logging_mixin.py:188} INFO - [2025-04-13T15:10:51.884+0000] {dagbag.py:538} INFO - Filling up the DagBag from /home/airflow/.local/lib/python3.8/site-packages/airflow/example_dags/example_short_circuit_operator.py
[2025-04-13T15:10:51.896+0000] {processor.py:840} INFO - DAG(s) 'example_short_circuit_operator' retrieved from /home/airflow/.local/lib/python3.8/site-packages/airflow/example_dags/example_short_circuit_operator.py
[2025-04-13T15:10:51.929+0000] {logging_mixin.py:188} INFO - [2025-04-13T15:10:51.928+0000] {dag.py:3036} INFO - Sync 1 DAGs
[2025-04-13T15:10:51.962+0000] {logging_mixin.py:188} INFO - [2025-04-13T15:10:51.961+0000] {dag.py:3823} INFO - Setting next_dagrun for example_short_circuit_operator to 2025-04-12 00:00:00+00:00, run_after=2025-04-13 00:00:00+00:00
[2025-04-13T15:10:51.991+0000] {processor.py:183} INFO - Processing /home/airflow/.local/lib/python3.8/site-packages/airflow/example_dags/example_short_circuit_operator.py took 0.116 seconds
[2025-04-13T15:11:22.315+0000] {processor.py:161} INFO - Started process (PID=1710) to work on /home/airflow/.local/lib/python3.8/site-packages/airflow/example_dags/example_short_circuit_operator.py
[2025-04-13T15:11:22.318+0000] {processor.py:830} INFO - Processing file /home/airflow/.local/lib/python3.8/site-packages/airflow/example_dags/example_short_circuit_operator.py for tasks to queue
[2025-04-13T15:11:22.348+0000] {logging_mixin.py:188} INFO - [2025-04-13T15:11:22.347+0000] {dagbag.py:538} INFO - Filling up the DagBag from /home/airflow/.local/lib/python3.8/site-packages/airflow/example_dags/example_short_circuit_operator.py
[2025-04-13T15:11:22.381+0000] {processor.py:840} INFO - DAG(s) 'example_short_circuit_operator' retrieved from /home/airflow/.local/lib/python3.8/site-packages/airflow/example_dags/example_short_circuit_operator.py
[2025-04-13T15:11:22.410+0000] {logging_mixin.py:188} INFO - [2025-04-13T15:11:22.410+0000] {dag.py:3036} INFO - Sync 1 DAGs
[2025-04-13T15:11:22.439+0000] {logging_mixin.py:188} INFO - [2025-04-13T15:11:22.439+0000] {dag.py:3823} INFO - Setting next_dagrun for example_short_circuit_operator to 2025-04-12 00:00:00+00:00, run_after=2025-04-13 00:00:00+00:00
[2025-04-13T15:11:22.465+0000] {processor.py:183} INFO - Processing /home/airflow/.local/lib/python3.8/site-packages/airflow/example_dags/example_short_circuit_operator.py took 0.155 seconds
[2025-04-13T15:11:54.797+0000] {processor.py:161} INFO - Started process (PID=1764) to work on /home/airflow/.local/lib/python3.8/site-packages/airflow/example_dags/example_short_circuit_operator.py
[2025-04-13T15:11:54.803+0000] {processor.py:830} INFO - Processing file /home/airflow/.local/lib/python3.8/site-packages/airflow/example_dags/example_short_circuit_operator.py for tasks to queue
[2025-04-13T15:11:54.806+0000] {logging_mixin.py:188} INFO - [2025-04-13T15:11:54.805+0000] {dagbag.py:538} INFO - Filling up the DagBag from /home/airflow/.local/lib/python3.8/site-packages/airflow/example_dags/example_short_circuit_operator.py
[2025-04-13T15:11:54.819+0000] {processor.py:840} INFO - DAG(s) 'example_short_circuit_operator' retrieved from /home/airflow/.local/lib/python3.8/site-packages/airflow/example_dags/example_short_circuit_operator.py
[2025-04-13T15:11:54.878+0000] {logging_mixin.py:188} INFO - [2025-04-13T15:11:54.878+0000] {dag.py:3036} INFO - Sync 1 DAGs
[2025-04-13T15:11:54.925+0000] {logging_mixin.py:188} INFO - [2025-04-13T15:11:54.925+0000] {dag.py:3823} INFO - Setting next_dagrun for example_short_circuit_operator to 2025-04-12 00:00:00+00:00, run_after=2025-04-13 00:00:00+00:00
[2025-04-13T15:11:54.958+0000] {processor.py:183} INFO - Processing /home/airflow/.local/lib/python3.8/site-packages/airflow/example_dags/example_short_circuit_operator.py took 0.164 seconds
[2025-04-13T15:12:27.206+0000] {processor.py:161} INFO - Started process (PID=1819) to work on /home/airflow/.local/lib/python3.8/site-packages/airflow/example_dags/example_short_circuit_operator.py
[2025-04-13T15:12:27.208+0000] {processor.py:830} INFO - Processing file /home/airflow/.local/lib/python3.8/site-packages/airflow/example_dags/example_short_circuit_operator.py for tasks to queue
[2025-04-13T15:12:27.212+0000] {logging_mixin.py:188} INFO - [2025-04-13T15:12:27.211+0000] {dagbag.py:538} INFO - Filling up the DagBag from /home/airflow/.local/lib/python3.8/site-packages/airflow/example_dags/example_short_circuit_operator.py
[2025-04-13T15:12:27.221+0000] {processor.py:840} INFO - DAG(s) 'example_short_circuit_operator' retrieved from /home/airflow/.local/lib/python3.8/site-packages/airflow/example_dags/example_short_circuit_operator.py
[2025-04-13T15:12:27.265+0000] {logging_mixin.py:188} INFO - [2025-04-13T15:12:27.265+0000] {dag.py:3036} INFO - Sync 1 DAGs
[2025-04-13T15:12:27.297+0000] {logging_mixin.py:188} INFO - [2025-04-13T15:12:27.297+0000] {dag.py:3823} INFO - Setting next_dagrun for example_short_circuit_operator to 2025-04-12 00:00:00+00:00, run_after=2025-04-13 00:00:00+00:00
[2025-04-13T15:12:27.324+0000] {processor.py:183} INFO - Processing /home/airflow/.local/lib/python3.8/site-packages/airflow/example_dags/example_short_circuit_operator.py took 0.122 seconds
[2025-04-13T15:13:03.200+0000] {processor.py:161} INFO - Started process (PID=1873) to work on /home/airflow/.local/lib/python3.8/site-packages/airflow/example_dags/example_short_circuit_operator.py
[2025-04-13T15:13:03.204+0000] {processor.py:830} INFO - Processing file /home/airflow/.local/lib/python3.8/site-packages/airflow/example_dags/example_short_circuit_operator.py for tasks to queue
[2025-04-13T15:13:03.209+0000] {logging_mixin.py:188} INFO - [2025-04-13T15:13:03.208+0000] {dagbag.py:538} INFO - Filling up the DagBag from /home/airflow/.local/lib/python3.8/site-packages/airflow/example_dags/example_short_circuit_operator.py
[2025-04-13T15:13:03.237+0000] {processor.py:840} INFO - DAG(s) 'example_short_circuit_operator' retrieved from /home/airflow/.local/lib/python3.8/site-packages/airflow/example_dags/example_short_circuit_operator.py
[2025-04-13T15:13:03.320+0000] {logging_mixin.py:188} INFO - [2025-04-13T15:13:03.320+0000] {dag.py:3036} INFO - Sync 1 DAGs
[2025-04-13T15:13:03.375+0000] {logging_mixin.py:188} INFO - [2025-04-13T15:13:03.374+0000] {dag.py:3823} INFO - Setting next_dagrun for example_short_circuit_operator to 2025-04-12 00:00:00+00:00, run_after=2025-04-13 00:00:00+00:00
[2025-04-13T15:13:03.425+0000] {processor.py:183} INFO - Processing /home/airflow/.local/lib/python3.8/site-packages/airflow/example_dags/example_short_circuit_operator.py took 0.230 seconds
[2025-04-13T15:13:35.648+0000] {processor.py:161} INFO - Started process (PID=1929) to work on /home/airflow/.local/lib/python3.8/site-packages/airflow/example_dags/example_short_circuit_operator.py
[2025-04-13T15:13:35.652+0000] {processor.py:830} INFO - Processing file /home/airflow/.local/lib/python3.8/site-packages/airflow/example_dags/example_short_circuit_operator.py for tasks to queue
[2025-04-13T15:13:35.657+0000] {logging_mixin.py:188} INFO - [2025-04-13T15:13:35.657+0000] {dagbag.py:538} INFO - Filling up the DagBag from /home/airflow/.local/lib/python3.8/site-packages/airflow/example_dags/example_short_circuit_operator.py
[2025-04-13T15:13:35.671+0000] {processor.py:840} INFO - DAG(s) 'example_short_circuit_operator' retrieved from /home/airflow/.local/lib/python3.8/site-packages/airflow/example_dags/example_short_circuit_operator.py
[2025-04-13T15:13:35.746+0000] {logging_mixin.py:188} INFO - [2025-04-13T15:13:35.745+0000] {dag.py:3036} INFO - Sync 1 DAGs
[2025-04-13T15:13:35.820+0000] {logging_mixin.py:188} INFO - [2025-04-13T15:13:35.820+0000] {dag.py:3823} INFO - Setting next_dagrun for example_short_circuit_operator to 2025-04-12 00:00:00+00:00, run_after=2025-04-13 00:00:00+00:00
[2025-04-13T15:13:35.891+0000] {processor.py:183} INFO - Processing /home/airflow/.local/lib/python3.8/site-packages/airflow/example_dags/example_short_circuit_operator.py took 0.247 seconds
[2025-04-13T15:14:11.100+0000] {processor.py:161} INFO - Started process (PID=1984) to work on /home/airflow/.local/lib/python3.8/site-packages/airflow/example_dags/example_short_circuit_operator.py
[2025-04-13T15:14:11.151+0000] {processor.py:830} INFO - Processing file /home/airflow/.local/lib/python3.8/site-packages/airflow/example_dags/example_short_circuit_operator.py for tasks to queue
[2025-04-13T15:14:11.194+0000] {logging_mixin.py:188} INFO - [2025-04-13T15:14:11.193+0000] {dagbag.py:538} INFO - Filling up the DagBag from /home/airflow/.local/lib/python3.8/site-packages/airflow/example_dags/example_short_circuit_operator.py
[2025-04-13T15:14:11.295+0000] {processor.py:840} INFO - DAG(s) 'example_short_circuit_operator' retrieved from /home/airflow/.local/lib/python3.8/site-packages/airflow/example_dags/example_short_circuit_operator.py
[2025-04-13T15:14:11.545+0000] {logging_mixin.py:188} INFO - [2025-04-13T15:14:11.537+0000] {dag.py:3036} INFO - Sync 1 DAGs
[2025-04-13T15:14:11.654+0000] {logging_mixin.py:188} INFO - [2025-04-13T15:14:11.653+0000] {dag.py:3823} INFO - Setting next_dagrun for example_short_circuit_operator to 2025-04-12 00:00:00+00:00, run_after=2025-04-13 00:00:00+00:00
[2025-04-13T15:14:11.802+0000] {processor.py:183} INFO - Processing /home/airflow/.local/lib/python3.8/site-packages/airflow/example_dags/example_short_circuit_operator.py took 0.708 seconds
[2025-04-13T15:14:42.879+0000] {processor.py:161} INFO - Started process (PID=2038) to work on /home/airflow/.local/lib/python3.8/site-packages/airflow/example_dags/example_short_circuit_operator.py
[2025-04-13T15:14:42.881+0000] {processor.py:830} INFO - Processing file /home/airflow/.local/lib/python3.8/site-packages/airflow/example_dags/example_short_circuit_operator.py for tasks to queue
[2025-04-13T15:14:42.895+0000] {logging_mixin.py:188} INFO - [2025-04-13T15:14:42.894+0000] {dagbag.py:538} INFO - Filling up the DagBag from /home/airflow/.local/lib/python3.8/site-packages/airflow/example_dags/example_short_circuit_operator.py
[2025-04-13T15:14:42.919+0000] {processor.py:840} INFO - DAG(s) 'example_short_circuit_operator' retrieved from /home/airflow/.local/lib/python3.8/site-packages/airflow/example_dags/example_short_circuit_operator.py
[2025-04-13T15:14:43.212+0000] {logging_mixin.py:188} INFO - [2025-04-13T15:14:43.211+0000] {dag.py:3036} INFO - Sync 1 DAGs
[2025-04-13T15:14:43.445+0000] {logging_mixin.py:188} INFO - [2025-04-13T15:14:43.444+0000] {dag.py:3823} INFO - Setting next_dagrun for example_short_circuit_operator to 2025-04-12 00:00:00+00:00, run_after=2025-04-13 00:00:00+00:00
[2025-04-13T15:14:43.479+0000] {processor.py:183} INFO - Processing /home/airflow/.local/lib/python3.8/site-packages/airflow/example_dags/example_short_circuit_operator.py took 0.612 seconds
[2025-04-13T15:15:17.142+0000] {processor.py:161} INFO - Started process (PID=2094) to work on /home/airflow/.local/lib/python3.8/site-packages/airflow/example_dags/example_short_circuit_operator.py
[2025-04-13T15:15:17.143+0000] {processor.py:830} INFO - Processing file /home/airflow/.local/lib/python3.8/site-packages/airflow/example_dags/example_short_circuit_operator.py for tasks to queue
[2025-04-13T15:15:17.147+0000] {logging_mixin.py:188} INFO - [2025-04-13T15:15:17.147+0000] {dagbag.py:538} INFO - Filling up the DagBag from /home/airflow/.local/lib/python3.8/site-packages/airflow/example_dags/example_short_circuit_operator.py
[2025-04-13T15:15:17.159+0000] {processor.py:840} INFO - DAG(s) 'example_short_circuit_operator' retrieved from /home/airflow/.local/lib/python3.8/site-packages/airflow/example_dags/example_short_circuit_operator.py
[2025-04-13T15:15:17.191+0000] {logging_mixin.py:188} INFO - [2025-04-13T15:15:17.191+0000] {dag.py:3036} INFO - Sync 1 DAGs
[2025-04-13T15:15:17.218+0000] {logging_mixin.py:188} INFO - [2025-04-13T15:15:17.218+0000] {dag.py:3823} INFO - Setting next_dagrun for example_short_circuit_operator to 2025-04-12 00:00:00+00:00, run_after=2025-04-13 00:00:00+00:00
[2025-04-13T15:15:17.239+0000] {processor.py:183} INFO - Processing /home/airflow/.local/lib/python3.8/site-packages/airflow/example_dags/example_short_circuit_operator.py took 0.101 seconds
[2025-04-13T15:15:47.490+0000] {processor.py:161} INFO - Started process (PID=2150) to work on /home/airflow/.local/lib/python3.8/site-packages/airflow/example_dags/example_short_circuit_operator.py
[2025-04-13T15:15:47.492+0000] {processor.py:830} INFO - Processing file /home/airflow/.local/lib/python3.8/site-packages/airflow/example_dags/example_short_circuit_operator.py for tasks to queue
[2025-04-13T15:15:47.494+0000] {logging_mixin.py:188} INFO - [2025-04-13T15:15:47.494+0000] {dagbag.py:538} INFO - Filling up the DagBag from /home/airflow/.local/lib/python3.8/site-packages/airflow/example_dags/example_short_circuit_operator.py
[2025-04-13T15:15:47.507+0000] {processor.py:840} INFO - DAG(s) 'example_short_circuit_operator' retrieved from /home/airflow/.local/lib/python3.8/site-packages/airflow/example_dags/example_short_circuit_operator.py
[2025-04-13T15:15:47.537+0000] {logging_mixin.py:188} INFO - [2025-04-13T15:15:47.536+0000] {dag.py:3036} INFO - Sync 1 DAGs
[2025-04-13T15:15:47.564+0000] {logging_mixin.py:188} INFO - [2025-04-13T15:15:47.564+0000] {dag.py:3823} INFO - Setting next_dagrun for example_short_circuit_operator to 2025-04-12 00:00:00+00:00, run_after=2025-04-13 00:00:00+00:00
[2025-04-13T15:15:47.596+0000] {processor.py:183} INFO - Processing /home/airflow/.local/lib/python3.8/site-packages/airflow/example_dags/example_short_circuit_operator.py took 0.108 seconds
[2025-04-13T15:16:18.051+0000] {processor.py:161} INFO - Started process (PID=2206) to work on /home/airflow/.local/lib/python3.8/site-packages/airflow/example_dags/example_short_circuit_operator.py
[2025-04-13T15:16:18.052+0000] {processor.py:830} INFO - Processing file /home/airflow/.local/lib/python3.8/site-packages/airflow/example_dags/example_short_circuit_operator.py for tasks to queue
[2025-04-13T15:16:18.055+0000] {logging_mixin.py:188} INFO - [2025-04-13T15:16:18.054+0000] {dagbag.py:538} INFO - Filling up the DagBag from /home/airflow/.local/lib/python3.8/site-packages/airflow/example_dags/example_short_circuit_operator.py
[2025-04-13T15:16:18.065+0000] {processor.py:840} INFO - DAG(s) 'example_short_circuit_operator' retrieved from /home/airflow/.local/lib/python3.8/site-packages/airflow/example_dags/example_short_circuit_operator.py
[2025-04-13T15:16:18.091+0000] {logging_mixin.py:188} INFO - [2025-04-13T15:16:18.091+0000] {dag.py:3036} INFO - Sync 1 DAGs
[2025-04-13T15:16:18.116+0000] {logging_mixin.py:188} INFO - [2025-04-13T15:16:18.116+0000] {dag.py:3823} INFO - Setting next_dagrun for example_short_circuit_operator to 2025-04-12 00:00:00+00:00, run_after=2025-04-13 00:00:00+00:00
[2025-04-13T15:16:18.142+0000] {processor.py:183} INFO - Processing /home/airflow/.local/lib/python3.8/site-packages/airflow/example_dags/example_short_circuit_operator.py took 0.094 seconds
[2025-04-13T15:19:23.452+0000] {processor.py:161} INFO - Started process (PID=107) to work on /home/airflow/.local/lib/python3.8/site-packages/airflow/example_dags/example_short_circuit_operator.py
[2025-04-13T15:19:23.456+0000] {processor.py:830} INFO - Processing file /home/airflow/.local/lib/python3.8/site-packages/airflow/example_dags/example_short_circuit_operator.py for tasks to queue
[2025-04-13T15:19:23.460+0000] {logging_mixin.py:188} INFO - [2025-04-13T15:19:23.459+0000] {dagbag.py:538} INFO - Filling up the DagBag from /home/airflow/.local/lib/python3.8/site-packages/airflow/example_dags/example_short_circuit_operator.py
[2025-04-13T15:19:23.478+0000] {processor.py:840} INFO - DAG(s) 'example_short_circuit_operator' retrieved from /home/airflow/.local/lib/python3.8/site-packages/airflow/example_dags/example_short_circuit_operator.py
[2025-04-13T15:19:23.749+0000] {logging_mixin.py:188} INFO - [2025-04-13T15:19:23.749+0000] {dag.py:3036} INFO - Sync 1 DAGs
[2025-04-13T15:19:23.855+0000] {logging_mixin.py:188} INFO - [2025-04-13T15:19:23.849+0000] {dag.py:3823} INFO - Setting next_dagrun for example_short_circuit_operator to 2025-04-12 00:00:00+00:00, run_after=2025-04-13 00:00:00+00:00
[2025-04-13T15:19:23.908+0000] {processor.py:183} INFO - Processing /home/airflow/.local/lib/python3.8/site-packages/airflow/example_dags/example_short_circuit_operator.py took 0.461 seconds
[2025-04-13T15:19:54.146+0000] {processor.py:161} INFO - Started process (PID=163) to work on /home/airflow/.local/lib/python3.8/site-packages/airflow/example_dags/example_short_circuit_operator.py
[2025-04-13T15:19:54.148+0000] {processor.py:830} INFO - Processing file /home/airflow/.local/lib/python3.8/site-packages/airflow/example_dags/example_short_circuit_operator.py for tasks to queue
[2025-04-13T15:19:54.153+0000] {logging_mixin.py:188} INFO - [2025-04-13T15:19:54.152+0000] {dagbag.py:538} INFO - Filling up the DagBag from /home/airflow/.local/lib/python3.8/site-packages/airflow/example_dags/example_short_circuit_operator.py
[2025-04-13T15:19:54.181+0000] {processor.py:840} INFO - DAG(s) 'example_short_circuit_operator' retrieved from /home/airflow/.local/lib/python3.8/site-packages/airflow/example_dags/example_short_circuit_operator.py
[2025-04-13T15:19:54.266+0000] {logging_mixin.py:188} INFO - [2025-04-13T15:19:54.266+0000] {dag.py:3036} INFO - Sync 1 DAGs
[2025-04-13T15:19:54.319+0000] {logging_mixin.py:188} INFO - [2025-04-13T15:19:54.318+0000] {dag.py:3823} INFO - Setting next_dagrun for example_short_circuit_operator to 2025-04-12 00:00:00+00:00, run_after=2025-04-13 00:00:00+00:00
[2025-04-13T15:19:54.360+0000] {processor.py:183} INFO - Processing /home/airflow/.local/lib/python3.8/site-packages/airflow/example_dags/example_short_circuit_operator.py took 0.218 seconds
[2025-04-13T15:20:24.424+0000] {processor.py:161} INFO - Started process (PID=219) to work on /home/airflow/.local/lib/python3.8/site-packages/airflow/example_dags/example_short_circuit_operator.py
[2025-04-13T15:20:24.425+0000] {processor.py:830} INFO - Processing file /home/airflow/.local/lib/python3.8/site-packages/airflow/example_dags/example_short_circuit_operator.py for tasks to queue
[2025-04-13T15:20:24.427+0000] {logging_mixin.py:188} INFO - [2025-04-13T15:20:24.427+0000] {dagbag.py:538} INFO - Filling up the DagBag from /home/airflow/.local/lib/python3.8/site-packages/airflow/example_dags/example_short_circuit_operator.py
[2025-04-13T15:20:24.438+0000] {processor.py:840} INFO - DAG(s) 'example_short_circuit_operator' retrieved from /home/airflow/.local/lib/python3.8/site-packages/airflow/example_dags/example_short_circuit_operator.py
[2025-04-13T15:20:24.467+0000] {logging_mixin.py:188} INFO - [2025-04-13T15:20:24.466+0000] {dag.py:3036} INFO - Sync 1 DAGs
[2025-04-13T15:20:24.495+0000] {logging_mixin.py:188} INFO - [2025-04-13T15:20:24.495+0000] {dag.py:3823} INFO - Setting next_dagrun for example_short_circuit_operator to 2025-04-12 00:00:00+00:00, run_after=2025-04-13 00:00:00+00:00
[2025-04-13T15:20:24.517+0000] {processor.py:183} INFO - Processing /home/airflow/.local/lib/python3.8/site-packages/airflow/example_dags/example_short_circuit_operator.py took 0.097 seconds
[2025-04-13T15:20:54.859+0000] {processor.py:161} INFO - Started process (PID=276) to work on /home/airflow/.local/lib/python3.8/site-packages/airflow/example_dags/example_short_circuit_operator.py
[2025-04-13T15:20:54.861+0000] {processor.py:830} INFO - Processing file /home/airflow/.local/lib/python3.8/site-packages/airflow/example_dags/example_short_circuit_operator.py for tasks to queue
[2025-04-13T15:20:54.865+0000] {logging_mixin.py:188} INFO - [2025-04-13T15:20:54.864+0000] {dagbag.py:538} INFO - Filling up the DagBag from /home/airflow/.local/lib/python3.8/site-packages/airflow/example_dags/example_short_circuit_operator.py
[2025-04-13T15:20:54.878+0000] {processor.py:840} INFO - DAG(s) 'example_short_circuit_operator' retrieved from /home/airflow/.local/lib/python3.8/site-packages/airflow/example_dags/example_short_circuit_operator.py
[2025-04-13T15:20:54.919+0000] {logging_mixin.py:188} INFO - [2025-04-13T15:20:54.918+0000] {dag.py:3036} INFO - Sync 1 DAGs
[2025-04-13T15:20:54.958+0000] {logging_mixin.py:188} INFO - [2025-04-13T15:20:54.957+0000] {dag.py:3823} INFO - Setting next_dagrun for example_short_circuit_operator to 2025-04-12 00:00:00+00:00, run_after=2025-04-13 00:00:00+00:00
[2025-04-13T15:20:55.009+0000] {processor.py:183} INFO - Processing /home/airflow/.local/lib/python3.8/site-packages/airflow/example_dags/example_short_circuit_operator.py took 0.154 seconds
[2025-04-13T15:21:25.314+0000] {processor.py:161} INFO - Started process (PID=332) to work on /home/airflow/.local/lib/python3.8/site-packages/airflow/example_dags/example_short_circuit_operator.py
[2025-04-13T15:21:25.316+0000] {processor.py:830} INFO - Processing file /home/airflow/.local/lib/python3.8/site-packages/airflow/example_dags/example_short_circuit_operator.py for tasks to queue
[2025-04-13T15:21:25.318+0000] {logging_mixin.py:188} INFO - [2025-04-13T15:21:25.318+0000] {dagbag.py:538} INFO - Filling up the DagBag from /home/airflow/.local/lib/python3.8/site-packages/airflow/example_dags/example_short_circuit_operator.py
[2025-04-13T15:21:25.333+0000] {processor.py:840} INFO - DAG(s) 'example_short_circuit_operator' retrieved from /home/airflow/.local/lib/python3.8/site-packages/airflow/example_dags/example_short_circuit_operator.py
[2025-04-13T15:21:25.372+0000] {logging_mixin.py:188} INFO - [2025-04-13T15:21:25.372+0000] {dag.py:3036} INFO - Sync 1 DAGs
[2025-04-13T15:21:25.416+0000] {logging_mixin.py:188} INFO - [2025-04-13T15:21:25.415+0000] {dag.py:3823} INFO - Setting next_dagrun for example_short_circuit_operator to 2025-04-12 00:00:00+00:00, run_after=2025-04-13 00:00:00+00:00
[2025-04-13T15:21:25.447+0000] {processor.py:183} INFO - Processing /home/airflow/.local/lib/python3.8/site-packages/airflow/example_dags/example_short_circuit_operator.py took 0.138 seconds
[2025-04-13T15:21:55.858+0000] {processor.py:161} INFO - Started process (PID=382) to work on /home/airflow/.local/lib/python3.8/site-packages/airflow/example_dags/example_short_circuit_operator.py
[2025-04-13T15:21:55.859+0000] {processor.py:830} INFO - Processing file /home/airflow/.local/lib/python3.8/site-packages/airflow/example_dags/example_short_circuit_operator.py for tasks to queue
[2025-04-13T15:21:55.862+0000] {logging_mixin.py:188} INFO - [2025-04-13T15:21:55.862+0000] {dagbag.py:538} INFO - Filling up the DagBag from /home/airflow/.local/lib/python3.8/site-packages/airflow/example_dags/example_short_circuit_operator.py
[2025-04-13T15:21:55.872+0000] {processor.py:840} INFO - DAG(s) 'example_short_circuit_operator' retrieved from /home/airflow/.local/lib/python3.8/site-packages/airflow/example_dags/example_short_circuit_operator.py
[2025-04-13T15:21:55.904+0000] {logging_mixin.py:188} INFO - [2025-04-13T15:21:55.904+0000] {dag.py:3036} INFO - Sync 1 DAGs
[2025-04-13T15:21:55.940+0000] {logging_mixin.py:188} INFO - [2025-04-13T15:21:55.940+0000] {dag.py:3823} INFO - Setting next_dagrun for example_short_circuit_operator to 2025-04-12 00:00:00+00:00, run_after=2025-04-13 00:00:00+00:00
[2025-04-13T15:21:55.962+0000] {processor.py:183} INFO - Processing /home/airflow/.local/lib/python3.8/site-packages/airflow/example_dags/example_short_circuit_operator.py took 0.108 seconds
[2025-04-13T15:22:26.106+0000] {processor.py:161} INFO - Started process (PID=438) to work on /home/airflow/.local/lib/python3.8/site-packages/airflow/example_dags/example_short_circuit_operator.py
[2025-04-13T15:22:26.108+0000] {processor.py:830} INFO - Processing file /home/airflow/.local/lib/python3.8/site-packages/airflow/example_dags/example_short_circuit_operator.py for tasks to queue
[2025-04-13T15:22:26.110+0000] {logging_mixin.py:188} INFO - [2025-04-13T15:22:26.110+0000] {dagbag.py:538} INFO - Filling up the DagBag from /home/airflow/.local/lib/python3.8/site-packages/airflow/example_dags/example_short_circuit_operator.py
[2025-04-13T15:22:26.124+0000] {processor.py:840} INFO - DAG(s) 'example_short_circuit_operator' retrieved from /home/airflow/.local/lib/python3.8/site-packages/airflow/example_dags/example_short_circuit_operator.py
[2025-04-13T15:22:26.162+0000] {logging_mixin.py:188} INFO - [2025-04-13T15:22:26.162+0000] {dag.py:3036} INFO - Sync 1 DAGs
[2025-04-13T15:22:26.192+0000] {logging_mixin.py:188} INFO - [2025-04-13T15:22:26.192+0000] {dag.py:3823} INFO - Setting next_dagrun for example_short_circuit_operator to 2025-04-12 00:00:00+00:00, run_after=2025-04-13 00:00:00+00:00
[2025-04-13T15:22:26.220+0000] {processor.py:183} INFO - Processing /home/airflow/.local/lib/python3.8/site-packages/airflow/example_dags/example_short_circuit_operator.py took 0.117 seconds
[2025-04-13T15:22:56.881+0000] {processor.py:161} INFO - Started process (PID=493) to work on /home/airflow/.local/lib/python3.8/site-packages/airflow/example_dags/example_short_circuit_operator.py
[2025-04-13T15:22:56.882+0000] {processor.py:830} INFO - Processing file /home/airflow/.local/lib/python3.8/site-packages/airflow/example_dags/example_short_circuit_operator.py for tasks to queue
[2025-04-13T15:22:56.885+0000] {logging_mixin.py:188} INFO - [2025-04-13T15:22:56.885+0000] {dagbag.py:538} INFO - Filling up the DagBag from /home/airflow/.local/lib/python3.8/site-packages/airflow/example_dags/example_short_circuit_operator.py
[2025-04-13T15:22:56.902+0000] {processor.py:840} INFO - DAG(s) 'example_short_circuit_operator' retrieved from /home/airflow/.local/lib/python3.8/site-packages/airflow/example_dags/example_short_circuit_operator.py
[2025-04-13T15:22:56.967+0000] {logging_mixin.py:188} INFO - [2025-04-13T15:22:56.967+0000] {dag.py:3036} INFO - Sync 1 DAGs
[2025-04-13T15:22:57.018+0000] {logging_mixin.py:188} INFO - [2025-04-13T15:22:57.017+0000] {dag.py:3823} INFO - Setting next_dagrun for example_short_circuit_operator to 2025-04-12 00:00:00+00:00, run_after=2025-04-13 00:00:00+00:00
[2025-04-13T15:22:57.041+0000] {processor.py:183} INFO - Processing /home/airflow/.local/lib/python3.8/site-packages/airflow/example_dags/example_short_circuit_operator.py took 0.166 seconds
[2025-04-13T15:23:27.154+0000] {processor.py:161} INFO - Started process (PID=549) to work on /home/airflow/.local/lib/python3.8/site-packages/airflow/example_dags/example_short_circuit_operator.py
[2025-04-13T15:23:27.155+0000] {processor.py:830} INFO - Processing file /home/airflow/.local/lib/python3.8/site-packages/airflow/example_dags/example_short_circuit_operator.py for tasks to queue
[2025-04-13T15:23:27.157+0000] {logging_mixin.py:188} INFO - [2025-04-13T15:23:27.157+0000] {dagbag.py:538} INFO - Filling up the DagBag from /home/airflow/.local/lib/python3.8/site-packages/airflow/example_dags/example_short_circuit_operator.py
[2025-04-13T15:23:27.165+0000] {processor.py:840} INFO - DAG(s) 'example_short_circuit_operator' retrieved from /home/airflow/.local/lib/python3.8/site-packages/airflow/example_dags/example_short_circuit_operator.py
[2025-04-13T15:23:27.197+0000] {logging_mixin.py:188} INFO - [2025-04-13T15:23:27.197+0000] {dag.py:3036} INFO - Sync 1 DAGs
[2025-04-13T15:23:27.229+0000] {logging_mixin.py:188} INFO - [2025-04-13T15:23:27.229+0000] {dag.py:3823} INFO - Setting next_dagrun for example_short_circuit_operator to 2025-04-12 00:00:00+00:00, run_after=2025-04-13 00:00:00+00:00
[2025-04-13T15:23:27.254+0000] {processor.py:183} INFO - Processing /home/airflow/.local/lib/python3.8/site-packages/airflow/example_dags/example_short_circuit_operator.py took 0.103 seconds
[2025-04-13T15:23:57.795+0000] {processor.py:161} INFO - Started process (PID=604) to work on /home/airflow/.local/lib/python3.8/site-packages/airflow/example_dags/example_short_circuit_operator.py
[2025-04-13T15:23:57.797+0000] {processor.py:830} INFO - Processing file /home/airflow/.local/lib/python3.8/site-packages/airflow/example_dags/example_short_circuit_operator.py for tasks to queue
[2025-04-13T15:23:57.800+0000] {logging_mixin.py:188} INFO - [2025-04-13T15:23:57.799+0000] {dagbag.py:538} INFO - Filling up the DagBag from /home/airflow/.local/lib/python3.8/site-packages/airflow/example_dags/example_short_circuit_operator.py
[2025-04-13T15:23:57.812+0000] {processor.py:840} INFO - DAG(s) 'example_short_circuit_operator' retrieved from /home/airflow/.local/lib/python3.8/site-packages/airflow/example_dags/example_short_circuit_operator.py
[2025-04-13T15:23:57.847+0000] {logging_mixin.py:188} INFO - [2025-04-13T15:23:57.847+0000] {dag.py:3036} INFO - Sync 1 DAGs
[2025-04-13T15:23:57.874+0000] {logging_mixin.py:188} INFO - [2025-04-13T15:23:57.874+0000] {dag.py:3823} INFO - Setting next_dagrun for example_short_circuit_operator to 2025-04-12 00:00:00+00:00, run_after=2025-04-13 00:00:00+00:00
[2025-04-13T15:23:57.902+0000] {processor.py:183} INFO - Processing /home/airflow/.local/lib/python3.8/site-packages/airflow/example_dags/example_short_circuit_operator.py took 0.113 seconds
[2025-04-13T15:24:28.238+0000] {processor.py:161} INFO - Started process (PID=661) to work on /home/airflow/.local/lib/python3.8/site-packages/airflow/example_dags/example_short_circuit_operator.py
[2025-04-13T15:24:28.239+0000] {processor.py:830} INFO - Processing file /home/airflow/.local/lib/python3.8/site-packages/airflow/example_dags/example_short_circuit_operator.py for tasks to queue
[2025-04-13T15:24:28.242+0000] {logging_mixin.py:188} INFO - [2025-04-13T15:24:28.241+0000] {dagbag.py:538} INFO - Filling up the DagBag from /home/airflow/.local/lib/python3.8/site-packages/airflow/example_dags/example_short_circuit_operator.py
[2025-04-13T15:24:28.253+0000] {processor.py:840} INFO - DAG(s) 'example_short_circuit_operator' retrieved from /home/airflow/.local/lib/python3.8/site-packages/airflow/example_dags/example_short_circuit_operator.py
[2025-04-13T15:24:28.278+0000] {logging_mixin.py:188} INFO - [2025-04-13T15:24:28.278+0000] {dag.py:3036} INFO - Sync 1 DAGs
[2025-04-13T15:24:28.305+0000] {logging_mixin.py:188} INFO - [2025-04-13T15:24:28.304+0000] {dag.py:3823} INFO - Setting next_dagrun for example_short_circuit_operator to 2025-04-12 00:00:00+00:00, run_after=2025-04-13 00:00:00+00:00
[2025-04-13T15:24:28.326+0000] {processor.py:183} INFO - Processing /home/airflow/.local/lib/python3.8/site-packages/airflow/example_dags/example_short_circuit_operator.py took 0.093 seconds
[2025-04-13T15:24:59.022+0000] {processor.py:161} INFO - Started process (PID=717) to work on /home/airflow/.local/lib/python3.8/site-packages/airflow/example_dags/example_short_circuit_operator.py
[2025-04-13T15:24:59.024+0000] {processor.py:830} INFO - Processing file /home/airflow/.local/lib/python3.8/site-packages/airflow/example_dags/example_short_circuit_operator.py for tasks to queue
[2025-04-13T15:24:59.026+0000] {logging_mixin.py:188} INFO - [2025-04-13T15:24:59.026+0000] {dagbag.py:538} INFO - Filling up the DagBag from /home/airflow/.local/lib/python3.8/site-packages/airflow/example_dags/example_short_circuit_operator.py
[2025-04-13T15:24:59.036+0000] {processor.py:840} INFO - DAG(s) 'example_short_circuit_operator' retrieved from /home/airflow/.local/lib/python3.8/site-packages/airflow/example_dags/example_short_circuit_operator.py
[2025-04-13T15:24:59.070+0000] {logging_mixin.py:188} INFO - [2025-04-13T15:24:59.069+0000] {dag.py:3036} INFO - Sync 1 DAGs
[2025-04-13T15:24:59.100+0000] {logging_mixin.py:188} INFO - [2025-04-13T15:24:59.100+0000] {dag.py:3823} INFO - Setting next_dagrun for example_short_circuit_operator to 2025-04-12 00:00:00+00:00, run_after=2025-04-13 00:00:00+00:00
[2025-04-13T15:24:59.127+0000] {processor.py:183} INFO - Processing /home/airflow/.local/lib/python3.8/site-packages/airflow/example_dags/example_short_circuit_operator.py took 0.109 seconds
[2025-04-13T15:25:30.904+0000] {processor.py:161} INFO - Started process (PID=773) to work on /home/airflow/.local/lib/python3.8/site-packages/airflow/example_dags/example_short_circuit_operator.py
[2025-04-13T15:25:30.906+0000] {processor.py:830} INFO - Processing file /home/airflow/.local/lib/python3.8/site-packages/airflow/example_dags/example_short_circuit_operator.py for tasks to queue
[2025-04-13T15:25:30.909+0000] {logging_mixin.py:188} INFO - [2025-04-13T15:25:30.908+0000] {dagbag.py:538} INFO - Filling up the DagBag from /home/airflow/.local/lib/python3.8/site-packages/airflow/example_dags/example_short_circuit_operator.py
[2025-04-13T15:25:30.923+0000] {processor.py:840} INFO - DAG(s) 'example_short_circuit_operator' retrieved from /home/airflow/.local/lib/python3.8/site-packages/airflow/example_dags/example_short_circuit_operator.py
[2025-04-13T15:25:30.963+0000] {logging_mixin.py:188} INFO - [2025-04-13T15:25:30.963+0000] {dag.py:3036} INFO - Sync 1 DAGs
[2025-04-13T15:25:30.999+0000] {logging_mixin.py:188} INFO - [2025-04-13T15:25:30.999+0000] {dag.py:3823} INFO - Setting next_dagrun for example_short_circuit_operator to 2025-04-12 00:00:00+00:00, run_after=2025-04-13 00:00:00+00:00
[2025-04-13T15:25:31.052+0000] {processor.py:183} INFO - Processing /home/airflow/.local/lib/python3.8/site-packages/airflow/example_dags/example_short_circuit_operator.py took 0.153 seconds
[2025-04-13T15:26:03.505+0000] {processor.py:161} INFO - Started process (PID=829) to work on /home/airflow/.local/lib/python3.8/site-packages/airflow/example_dags/example_short_circuit_operator.py
[2025-04-13T15:26:03.507+0000] {processor.py:830} INFO - Processing file /home/airflow/.local/lib/python3.8/site-packages/airflow/example_dags/example_short_circuit_operator.py for tasks to queue
[2025-04-13T15:26:03.509+0000] {logging_mixin.py:188} INFO - [2025-04-13T15:26:03.509+0000] {dagbag.py:538} INFO - Filling up the DagBag from /home/airflow/.local/lib/python3.8/site-packages/airflow/example_dags/example_short_circuit_operator.py
[2025-04-13T15:26:03.519+0000] {processor.py:840} INFO - DAG(s) 'example_short_circuit_operator' retrieved from /home/airflow/.local/lib/python3.8/site-packages/airflow/example_dags/example_short_circuit_operator.py
[2025-04-13T15:26:03.557+0000] {logging_mixin.py:188} INFO - [2025-04-13T15:26:03.557+0000] {dag.py:3036} INFO - Sync 1 DAGs
[2025-04-13T15:26:03.597+0000] {logging_mixin.py:188} INFO - [2025-04-13T15:26:03.597+0000] {dag.py:3823} INFO - Setting next_dagrun for example_short_circuit_operator to 2025-04-12 00:00:00+00:00, run_after=2025-04-13 00:00:00+00:00
[2025-04-13T15:26:03.625+0000] {processor.py:183} INFO - Processing /home/airflow/.local/lib/python3.8/site-packages/airflow/example_dags/example_short_circuit_operator.py took 0.126 seconds
[2025-04-13T15:26:34.009+0000] {processor.py:161} INFO - Started process (PID=886) to work on /home/airflow/.local/lib/python3.8/site-packages/airflow/example_dags/example_short_circuit_operator.py
[2025-04-13T15:26:34.010+0000] {processor.py:830} INFO - Processing file /home/airflow/.local/lib/python3.8/site-packages/airflow/example_dags/example_short_circuit_operator.py for tasks to queue
[2025-04-13T15:26:34.013+0000] {logging_mixin.py:188} INFO - [2025-04-13T15:26:34.013+0000] {dagbag.py:538} INFO - Filling up the DagBag from /home/airflow/.local/lib/python3.8/site-packages/airflow/example_dags/example_short_circuit_operator.py
[2025-04-13T15:26:34.024+0000] {processor.py:840} INFO - DAG(s) 'example_short_circuit_operator' retrieved from /home/airflow/.local/lib/python3.8/site-packages/airflow/example_dags/example_short_circuit_operator.py
[2025-04-13T15:26:34.078+0000] {logging_mixin.py:188} INFO - [2025-04-13T15:26:34.077+0000] {dag.py:3036} INFO - Sync 1 DAGs
[2025-04-13T15:26:34.117+0000] {logging_mixin.py:188} INFO - [2025-04-13T15:26:34.117+0000] {dag.py:3823} INFO - Setting next_dagrun for example_short_circuit_operator to 2025-04-12 00:00:00+00:00, run_after=2025-04-13 00:00:00+00:00
[2025-04-13T15:26:34.150+0000] {processor.py:183} INFO - Processing /home/airflow/.local/lib/python3.8/site-packages/airflow/example_dags/example_short_circuit_operator.py took 0.146 seconds
[2025-04-13T15:27:05.305+0000] {processor.py:161} INFO - Started process (PID=943) to work on /home/airflow/.local/lib/python3.8/site-packages/airflow/example_dags/example_short_circuit_operator.py
[2025-04-13T15:27:05.306+0000] {processor.py:830} INFO - Processing file /home/airflow/.local/lib/python3.8/site-packages/airflow/example_dags/example_short_circuit_operator.py for tasks to queue
[2025-04-13T15:27:05.308+0000] {logging_mixin.py:188} INFO - [2025-04-13T15:27:05.308+0000] {dagbag.py:538} INFO - Filling up the DagBag from /home/airflow/.local/lib/python3.8/site-packages/airflow/example_dags/example_short_circuit_operator.py
[2025-04-13T15:27:05.317+0000] {processor.py:840} INFO - DAG(s) 'example_short_circuit_operator' retrieved from /home/airflow/.local/lib/python3.8/site-packages/airflow/example_dags/example_short_circuit_operator.py
[2025-04-13T15:27:05.348+0000] {logging_mixin.py:188} INFO - [2025-04-13T15:27:05.347+0000] {dag.py:3036} INFO - Sync 1 DAGs
[2025-04-13T15:27:05.385+0000] {logging_mixin.py:188} INFO - [2025-04-13T15:27:05.385+0000] {dag.py:3823} INFO - Setting next_dagrun for example_short_circuit_operator to 2025-04-12 00:00:00+00:00, run_after=2025-04-13 00:00:00+00:00
[2025-04-13T15:27:05.415+0000] {processor.py:183} INFO - Processing /home/airflow/.local/lib/python3.8/site-packages/airflow/example_dags/example_short_circuit_operator.py took 0.114 seconds
[2025-04-13T15:27:36.053+0000] {processor.py:161} INFO - Started process (PID=1003) to work on /home/airflow/.local/lib/python3.8/site-packages/airflow/example_dags/example_short_circuit_operator.py
[2025-04-13T15:27:36.054+0000] {processor.py:830} INFO - Processing file /home/airflow/.local/lib/python3.8/site-packages/airflow/example_dags/example_short_circuit_operator.py for tasks to queue
[2025-04-13T15:27:36.057+0000] {logging_mixin.py:188} INFO - [2025-04-13T15:27:36.057+0000] {dagbag.py:538} INFO - Filling up the DagBag from /home/airflow/.local/lib/python3.8/site-packages/airflow/example_dags/example_short_circuit_operator.py
[2025-04-13T15:27:36.086+0000] {processor.py:840} INFO - DAG(s) 'example_short_circuit_operator' retrieved from /home/airflow/.local/lib/python3.8/site-packages/airflow/example_dags/example_short_circuit_operator.py
[2025-04-13T15:27:36.151+0000] {logging_mixin.py:188} INFO - [2025-04-13T15:27:36.151+0000] {dag.py:3036} INFO - Sync 1 DAGs
[2025-04-13T15:27:36.201+0000] {logging_mixin.py:188} INFO - [2025-04-13T15:27:36.201+0000] {dag.py:3823} INFO - Setting next_dagrun for example_short_circuit_operator to 2025-04-12 00:00:00+00:00, run_after=2025-04-13 00:00:00+00:00
[2025-04-13T15:27:36.240+0000] {processor.py:183} INFO - Processing /home/airflow/.local/lib/python3.8/site-packages/airflow/example_dags/example_short_circuit_operator.py took 0.193 seconds
[2025-04-13T15:28:06.635+0000] {processor.py:161} INFO - Started process (PID=1059) to work on /home/airflow/.local/lib/python3.8/site-packages/airflow/example_dags/example_short_circuit_operator.py
[2025-04-13T15:28:06.636+0000] {processor.py:830} INFO - Processing file /home/airflow/.local/lib/python3.8/site-packages/airflow/example_dags/example_short_circuit_operator.py for tasks to queue
[2025-04-13T15:28:06.638+0000] {logging_mixin.py:188} INFO - [2025-04-13T15:28:06.638+0000] {dagbag.py:538} INFO - Filling up the DagBag from /home/airflow/.local/lib/python3.8/site-packages/airflow/example_dags/example_short_circuit_operator.py
[2025-04-13T15:28:06.647+0000] {processor.py:840} INFO - DAG(s) 'example_short_circuit_operator' retrieved from /home/airflow/.local/lib/python3.8/site-packages/airflow/example_dags/example_short_circuit_operator.py
[2025-04-13T15:28:06.678+0000] {logging_mixin.py:188} INFO - [2025-04-13T15:28:06.677+0000] {dag.py:3036} INFO - Sync 1 DAGs
[2025-04-13T15:28:06.704+0000] {logging_mixin.py:188} INFO - [2025-04-13T15:28:06.704+0000] {dag.py:3823} INFO - Setting next_dagrun for example_short_circuit_operator to 2025-04-12 00:00:00+00:00, run_after=2025-04-13 00:00:00+00:00
[2025-04-13T15:28:06.731+0000] {processor.py:183} INFO - Processing /home/airflow/.local/lib/python3.8/site-packages/airflow/example_dags/example_short_circuit_operator.py took 0.099 seconds
[2025-04-13T15:28:37.409+0000] {processor.py:161} INFO - Started process (PID=1115) to work on /home/airflow/.local/lib/python3.8/site-packages/airflow/example_dags/example_short_circuit_operator.py
[2025-04-13T15:28:37.410+0000] {processor.py:830} INFO - Processing file /home/airflow/.local/lib/python3.8/site-packages/airflow/example_dags/example_short_circuit_operator.py for tasks to queue
[2025-04-13T15:28:37.413+0000] {logging_mixin.py:188} INFO - [2025-04-13T15:28:37.412+0000] {dagbag.py:538} INFO - Filling up the DagBag from /home/airflow/.local/lib/python3.8/site-packages/airflow/example_dags/example_short_circuit_operator.py
[2025-04-13T15:28:37.420+0000] {processor.py:840} INFO - DAG(s) 'example_short_circuit_operator' retrieved from /home/airflow/.local/lib/python3.8/site-packages/airflow/example_dags/example_short_circuit_operator.py
[2025-04-13T15:28:37.452+0000] {logging_mixin.py:188} INFO - [2025-04-13T15:28:37.452+0000] {dag.py:3036} INFO - Sync 1 DAGs
[2025-04-13T15:28:37.487+0000] {logging_mixin.py:188} INFO - [2025-04-13T15:28:37.487+0000] {dag.py:3823} INFO - Setting next_dagrun for example_short_circuit_operator to 2025-04-12 00:00:00+00:00, run_after=2025-04-13 00:00:00+00:00
[2025-04-13T15:28:37.517+0000] {processor.py:183} INFO - Processing /home/airflow/.local/lib/python3.8/site-packages/airflow/example_dags/example_short_circuit_operator.py took 0.112 seconds
[2025-04-13T15:29:08.580+0000] {processor.py:161} INFO - Started process (PID=1171) to work on /home/airflow/.local/lib/python3.8/site-packages/airflow/example_dags/example_short_circuit_operator.py
[2025-04-13T15:29:08.581+0000] {processor.py:830} INFO - Processing file /home/airflow/.local/lib/python3.8/site-packages/airflow/example_dags/example_short_circuit_operator.py for tasks to queue
[2025-04-13T15:29:08.584+0000] {logging_mixin.py:188} INFO - [2025-04-13T15:29:08.584+0000] {dagbag.py:538} INFO - Filling up the DagBag from /home/airflow/.local/lib/python3.8/site-packages/airflow/example_dags/example_short_circuit_operator.py
[2025-04-13T15:29:08.597+0000] {processor.py:840} INFO - DAG(s) 'example_short_circuit_operator' retrieved from /home/airflow/.local/lib/python3.8/site-packages/airflow/example_dags/example_short_circuit_operator.py
[2025-04-13T15:29:08.639+0000] {logging_mixin.py:188} INFO - [2025-04-13T15:29:08.639+0000] {dag.py:3036} INFO - Sync 1 DAGs
[2025-04-13T15:29:08.677+0000] {logging_mixin.py:188} INFO - [2025-04-13T15:29:08.677+0000] {dag.py:3823} INFO - Setting next_dagrun for example_short_circuit_operator to 2025-04-12 00:00:00+00:00, run_after=2025-04-13 00:00:00+00:00
[2025-04-13T15:29:08.705+0000] {processor.py:183} INFO - Processing /home/airflow/.local/lib/python3.8/site-packages/airflow/example_dags/example_short_circuit_operator.py took 0.130 seconds
[2025-04-13T15:29:39.627+0000] {processor.py:161} INFO - Started process (PID=1226) to work on /home/airflow/.local/lib/python3.8/site-packages/airflow/example_dags/example_short_circuit_operator.py
[2025-04-13T15:29:39.629+0000] {processor.py:830} INFO - Processing file /home/airflow/.local/lib/python3.8/site-packages/airflow/example_dags/example_short_circuit_operator.py for tasks to queue
[2025-04-13T15:29:39.632+0000] {logging_mixin.py:188} INFO - [2025-04-13T15:29:39.631+0000] {dagbag.py:538} INFO - Filling up the DagBag from /home/airflow/.local/lib/python3.8/site-packages/airflow/example_dags/example_short_circuit_operator.py
[2025-04-13T15:29:39.644+0000] {processor.py:840} INFO - DAG(s) 'example_short_circuit_operator' retrieved from /home/airflow/.local/lib/python3.8/site-packages/airflow/example_dags/example_short_circuit_operator.py
[2025-04-13T15:29:39.682+0000] {logging_mixin.py:188} INFO - [2025-04-13T15:29:39.682+0000] {dag.py:3036} INFO - Sync 1 DAGs
[2025-04-13T15:29:39.721+0000] {logging_mixin.py:188} INFO - [2025-04-13T15:29:39.720+0000] {dag.py:3823} INFO - Setting next_dagrun for example_short_circuit_operator to 2025-04-12 00:00:00+00:00, run_after=2025-04-13 00:00:00+00:00
[2025-04-13T15:29:39.753+0000] {processor.py:183} INFO - Processing /home/airflow/.local/lib/python3.8/site-packages/airflow/example_dags/example_short_circuit_operator.py took 0.132 seconds
[2025-04-13T15:30:09.817+0000] {processor.py:161} INFO - Started process (PID=1282) to work on /home/airflow/.local/lib/python3.8/site-packages/airflow/example_dags/example_short_circuit_operator.py
[2025-04-13T15:30:09.818+0000] {processor.py:830} INFO - Processing file /home/airflow/.local/lib/python3.8/site-packages/airflow/example_dags/example_short_circuit_operator.py for tasks to queue
[2025-04-13T15:30:09.820+0000] {logging_mixin.py:188} INFO - [2025-04-13T15:30:09.820+0000] {dagbag.py:538} INFO - Filling up the DagBag from /home/airflow/.local/lib/python3.8/site-packages/airflow/example_dags/example_short_circuit_operator.py
[2025-04-13T15:30:09.828+0000] {processor.py:840} INFO - DAG(s) 'example_short_circuit_operator' retrieved from /home/airflow/.local/lib/python3.8/site-packages/airflow/example_dags/example_short_circuit_operator.py
[2025-04-13T15:30:09.854+0000] {logging_mixin.py:188} INFO - [2025-04-13T15:30:09.854+0000] {dag.py:3036} INFO - Sync 1 DAGs
[2025-04-13T15:30:09.881+0000] {logging_mixin.py:188} INFO - [2025-04-13T15:30:09.881+0000] {dag.py:3823} INFO - Setting next_dagrun for example_short_circuit_operator to 2025-04-12 00:00:00+00:00, run_after=2025-04-13 00:00:00+00:00
[2025-04-13T15:30:09.904+0000] {processor.py:183} INFO - Processing /home/airflow/.local/lib/python3.8/site-packages/airflow/example_dags/example_short_circuit_operator.py took 0.090 seconds
[2025-04-13T15:30:40.121+0000] {processor.py:161} INFO - Started process (PID=1332) to work on /home/airflow/.local/lib/python3.8/site-packages/airflow/example_dags/example_short_circuit_operator.py
[2025-04-13T15:30:40.122+0000] {processor.py:830} INFO - Processing file /home/airflow/.local/lib/python3.8/site-packages/airflow/example_dags/example_short_circuit_operator.py for tasks to queue
[2025-04-13T15:30:40.125+0000] {logging_mixin.py:188} INFO - [2025-04-13T15:30:40.125+0000] {dagbag.py:538} INFO - Filling up the DagBag from /home/airflow/.local/lib/python3.8/site-packages/airflow/example_dags/example_short_circuit_operator.py
[2025-04-13T15:30:40.134+0000] {processor.py:840} INFO - DAG(s) 'example_short_circuit_operator' retrieved from /home/airflow/.local/lib/python3.8/site-packages/airflow/example_dags/example_short_circuit_operator.py
[2025-04-13T15:30:40.163+0000] {logging_mixin.py:188} INFO - [2025-04-13T15:30:40.162+0000] {dag.py:3036} INFO - Sync 1 DAGs
[2025-04-13T15:30:40.192+0000] {logging_mixin.py:188} INFO - [2025-04-13T15:30:40.192+0000] {dag.py:3823} INFO - Setting next_dagrun for example_short_circuit_operator to 2025-04-12 00:00:00+00:00, run_after=2025-04-13 00:00:00+00:00
[2025-04-13T15:30:40.218+0000] {processor.py:183} INFO - Processing /home/airflow/.local/lib/python3.8/site-packages/airflow/example_dags/example_short_circuit_operator.py took 0.100 seconds
[2025-04-13T15:31:10.512+0000] {processor.py:161} INFO - Started process (PID=1388) to work on /home/airflow/.local/lib/python3.8/site-packages/airflow/example_dags/example_short_circuit_operator.py
[2025-04-13T15:31:10.514+0000] {processor.py:830} INFO - Processing file /home/airflow/.local/lib/python3.8/site-packages/airflow/example_dags/example_short_circuit_operator.py for tasks to queue
[2025-04-13T15:31:10.516+0000] {logging_mixin.py:188} INFO - [2025-04-13T15:31:10.516+0000] {dagbag.py:538} INFO - Filling up the DagBag from /home/airflow/.local/lib/python3.8/site-packages/airflow/example_dags/example_short_circuit_operator.py
[2025-04-13T15:31:10.524+0000] {processor.py:840} INFO - DAG(s) 'example_short_circuit_operator' retrieved from /home/airflow/.local/lib/python3.8/site-packages/airflow/example_dags/example_short_circuit_operator.py
[2025-04-13T15:31:10.551+0000] {logging_mixin.py:188} INFO - [2025-04-13T15:31:10.551+0000] {dag.py:3036} INFO - Sync 1 DAGs
[2025-04-13T15:31:10.579+0000] {logging_mixin.py:188} INFO - [2025-04-13T15:31:10.579+0000] {dag.py:3823} INFO - Setting next_dagrun for example_short_circuit_operator to 2025-04-12 00:00:00+00:00, run_after=2025-04-13 00:00:00+00:00
[2025-04-13T15:31:10.604+0000] {processor.py:183} INFO - Processing /home/airflow/.local/lib/python3.8/site-packages/airflow/example_dags/example_short_circuit_operator.py took 0.095 seconds
[2025-04-13T15:31:41.732+0000] {processor.py:161} INFO - Started process (PID=1444) to work on /home/airflow/.local/lib/python3.8/site-packages/airflow/example_dags/example_short_circuit_operator.py
[2025-04-13T15:31:41.734+0000] {processor.py:830} INFO - Processing file /home/airflow/.local/lib/python3.8/site-packages/airflow/example_dags/example_short_circuit_operator.py for tasks to queue
[2025-04-13T15:31:41.737+0000] {logging_mixin.py:188} INFO - [2025-04-13T15:31:41.736+0000] {dagbag.py:538} INFO - Filling up the DagBag from /home/airflow/.local/lib/python3.8/site-packages/airflow/example_dags/example_short_circuit_operator.py
[2025-04-13T15:31:41.753+0000] {processor.py:840} INFO - DAG(s) 'example_short_circuit_operator' retrieved from /home/airflow/.local/lib/python3.8/site-packages/airflow/example_dags/example_short_circuit_operator.py
[2025-04-13T15:31:41.797+0000] {logging_mixin.py:188} INFO - [2025-04-13T15:31:41.797+0000] {dag.py:3036} INFO - Sync 1 DAGs
[2025-04-13T15:31:41.848+0000] {logging_mixin.py:188} INFO - [2025-04-13T15:31:41.848+0000] {dag.py:3823} INFO - Setting next_dagrun for example_short_circuit_operator to 2025-04-12 00:00:00+00:00, run_after=2025-04-13 00:00:00+00:00
[2025-04-13T15:31:41.880+0000] {processor.py:183} INFO - Processing /home/airflow/.local/lib/python3.8/site-packages/airflow/example_dags/example_short_circuit_operator.py took 0.152 seconds
[2025-04-13T15:32:12.020+0000] {processor.py:161} INFO - Started process (PID=1500) to work on /home/airflow/.local/lib/python3.8/site-packages/airflow/example_dags/example_short_circuit_operator.py
[2025-04-13T15:32:12.021+0000] {processor.py:830} INFO - Processing file /home/airflow/.local/lib/python3.8/site-packages/airflow/example_dags/example_short_circuit_operator.py for tasks to queue
[2025-04-13T15:32:12.024+0000] {logging_mixin.py:188} INFO - [2025-04-13T15:32:12.023+0000] {dagbag.py:538} INFO - Filling up the DagBag from /home/airflow/.local/lib/python3.8/site-packages/airflow/example_dags/example_short_circuit_operator.py
[2025-04-13T15:32:12.032+0000] {processor.py:840} INFO - DAG(s) 'example_short_circuit_operator' retrieved from /home/airflow/.local/lib/python3.8/site-packages/airflow/example_dags/example_short_circuit_operator.py
[2025-04-13T15:32:12.058+0000] {logging_mixin.py:188} INFO - [2025-04-13T15:32:12.057+0000] {dag.py:3036} INFO - Sync 1 DAGs
[2025-04-13T15:32:12.085+0000] {logging_mixin.py:188} INFO - [2025-04-13T15:32:12.085+0000] {dag.py:3823} INFO - Setting next_dagrun for example_short_circuit_operator to 2025-04-12 00:00:00+00:00, run_after=2025-04-13 00:00:00+00:00
[2025-04-13T15:32:12.114+0000] {processor.py:183} INFO - Processing /home/airflow/.local/lib/python3.8/site-packages/airflow/example_dags/example_short_circuit_operator.py took 0.098 seconds
[2025-04-13T15:32:42.552+0000] {processor.py:161} INFO - Started process (PID=1557) to work on /home/airflow/.local/lib/python3.8/site-packages/airflow/example_dags/example_short_circuit_operator.py
[2025-04-13T15:32:42.553+0000] {processor.py:830} INFO - Processing file /home/airflow/.local/lib/python3.8/site-packages/airflow/example_dags/example_short_circuit_operator.py for tasks to queue
[2025-04-13T15:32:42.556+0000] {logging_mixin.py:188} INFO - [2025-04-13T15:32:42.555+0000] {dagbag.py:538} INFO - Filling up the DagBag from /home/airflow/.local/lib/python3.8/site-packages/airflow/example_dags/example_short_circuit_operator.py
[2025-04-13T15:32:42.564+0000] {processor.py:840} INFO - DAG(s) 'example_short_circuit_operator' retrieved from /home/airflow/.local/lib/python3.8/site-packages/airflow/example_dags/example_short_circuit_operator.py
[2025-04-13T15:32:42.591+0000] {logging_mixin.py:188} INFO - [2025-04-13T15:32:42.590+0000] {dag.py:3036} INFO - Sync 1 DAGs
[2025-04-13T15:32:42.623+0000] {logging_mixin.py:188} INFO - [2025-04-13T15:32:42.622+0000] {dag.py:3823} INFO - Setting next_dagrun for example_short_circuit_operator to 2025-04-12 00:00:00+00:00, run_after=2025-04-13 00:00:00+00:00
[2025-04-13T15:32:42.647+0000] {processor.py:183} INFO - Processing /home/airflow/.local/lib/python3.8/site-packages/airflow/example_dags/example_short_circuit_operator.py took 0.099 seconds
[2025-04-13T15:33:13.167+0000] {processor.py:161} INFO - Started process (PID=1613) to work on /home/airflow/.local/lib/python3.8/site-packages/airflow/example_dags/example_short_circuit_operator.py
[2025-04-13T15:33:13.168+0000] {processor.py:830} INFO - Processing file /home/airflow/.local/lib/python3.8/site-packages/airflow/example_dags/example_short_circuit_operator.py for tasks to queue
[2025-04-13T15:33:13.170+0000] {logging_mixin.py:188} INFO - [2025-04-13T15:33:13.170+0000] {dagbag.py:538} INFO - Filling up the DagBag from /home/airflow/.local/lib/python3.8/site-packages/airflow/example_dags/example_short_circuit_operator.py
[2025-04-13T15:33:13.179+0000] {processor.py:840} INFO - DAG(s) 'example_short_circuit_operator' retrieved from /home/airflow/.local/lib/python3.8/site-packages/airflow/example_dags/example_short_circuit_operator.py
[2025-04-13T15:33:13.215+0000] {logging_mixin.py:188} INFO - [2025-04-13T15:33:13.214+0000] {dag.py:3036} INFO - Sync 1 DAGs
[2025-04-13T15:33:13.241+0000] {logging_mixin.py:188} INFO - [2025-04-13T15:33:13.241+0000] {dag.py:3823} INFO - Setting next_dagrun for example_short_circuit_operator to 2025-04-12 00:00:00+00:00, run_after=2025-04-13 00:00:00+00:00
[2025-04-13T15:33:13.266+0000] {processor.py:183} INFO - Processing /home/airflow/.local/lib/python3.8/site-packages/airflow/example_dags/example_short_circuit_operator.py took 0.103 seconds
[2025-04-13T15:33:43.784+0000] {processor.py:161} INFO - Started process (PID=1668) to work on /home/airflow/.local/lib/python3.8/site-packages/airflow/example_dags/example_short_circuit_operator.py
[2025-04-13T15:33:43.785+0000] {processor.py:830} INFO - Processing file /home/airflow/.local/lib/python3.8/site-packages/airflow/example_dags/example_short_circuit_operator.py for tasks to queue
[2025-04-13T15:33:43.787+0000] {logging_mixin.py:188} INFO - [2025-04-13T15:33:43.787+0000] {dagbag.py:538} INFO - Filling up the DagBag from /home/airflow/.local/lib/python3.8/site-packages/airflow/example_dags/example_short_circuit_operator.py
[2025-04-13T15:33:43.796+0000] {processor.py:840} INFO - DAG(s) 'example_short_circuit_operator' retrieved from /home/airflow/.local/lib/python3.8/site-packages/airflow/example_dags/example_short_circuit_operator.py
[2025-04-13T15:33:43.821+0000] {logging_mixin.py:188} INFO - [2025-04-13T15:33:43.820+0000] {dag.py:3036} INFO - Sync 1 DAGs
[2025-04-13T15:33:43.861+0000] {logging_mixin.py:188} INFO - [2025-04-13T15:33:43.861+0000] {dag.py:3823} INFO - Setting next_dagrun for example_short_circuit_operator to 2025-04-12 00:00:00+00:00, run_after=2025-04-13 00:00:00+00:00
[2025-04-13T15:33:43.891+0000] {processor.py:183} INFO - Processing /home/airflow/.local/lib/python3.8/site-packages/airflow/example_dags/example_short_circuit_operator.py took 0.110 seconds
[2025-04-13T15:34:16.304+0000] {processor.py:161} INFO - Started process (PID=1722) to work on /home/airflow/.local/lib/python3.8/site-packages/airflow/example_dags/example_short_circuit_operator.py
[2025-04-13T15:34:16.305+0000] {processor.py:830} INFO - Processing file /home/airflow/.local/lib/python3.8/site-packages/airflow/example_dags/example_short_circuit_operator.py for tasks to queue
[2025-04-13T15:34:16.307+0000] {logging_mixin.py:188} INFO - [2025-04-13T15:34:16.307+0000] {dagbag.py:538} INFO - Filling up the DagBag from /home/airflow/.local/lib/python3.8/site-packages/airflow/example_dags/example_short_circuit_operator.py
[2025-04-13T15:34:16.316+0000] {processor.py:840} INFO - DAG(s) 'example_short_circuit_operator' retrieved from /home/airflow/.local/lib/python3.8/site-packages/airflow/example_dags/example_short_circuit_operator.py
[2025-04-13T15:34:16.342+0000] {logging_mixin.py:188} INFO - [2025-04-13T15:34:16.342+0000] {dag.py:3036} INFO - Sync 1 DAGs
[2025-04-13T15:34:16.379+0000] {logging_mixin.py:188} INFO - [2025-04-13T15:34:16.379+0000] {dag.py:3823} INFO - Setting next_dagrun for example_short_circuit_operator to 2025-04-12 00:00:00+00:00, run_after=2025-04-13 00:00:00+00:00
[2025-04-13T15:34:16.412+0000] {processor.py:183} INFO - Processing /home/airflow/.local/lib/python3.8/site-packages/airflow/example_dags/example_short_circuit_operator.py took 0.111 seconds
[2025-04-13T15:34:48.741+0000] {processor.py:161} INFO - Started process (PID=1778) to work on /home/airflow/.local/lib/python3.8/site-packages/airflow/example_dags/example_short_circuit_operator.py
[2025-04-13T15:34:48.742+0000] {processor.py:830} INFO - Processing file /home/airflow/.local/lib/python3.8/site-packages/airflow/example_dags/example_short_circuit_operator.py for tasks to queue
[2025-04-13T15:34:48.744+0000] {logging_mixin.py:188} INFO - [2025-04-13T15:34:48.744+0000] {dagbag.py:538} INFO - Filling up the DagBag from /home/airflow/.local/lib/python3.8/site-packages/airflow/example_dags/example_short_circuit_operator.py
[2025-04-13T15:34:48.754+0000] {processor.py:840} INFO - DAG(s) 'example_short_circuit_operator' retrieved from /home/airflow/.local/lib/python3.8/site-packages/airflow/example_dags/example_short_circuit_operator.py
[2025-04-13T15:34:48.781+0000] {logging_mixin.py:188} INFO - [2025-04-13T15:34:48.781+0000] {dag.py:3036} INFO - Sync 1 DAGs
[2025-04-13T15:34:48.807+0000] {logging_mixin.py:188} INFO - [2025-04-13T15:34:48.806+0000] {dag.py:3823} INFO - Setting next_dagrun for example_short_circuit_operator to 2025-04-12 00:00:00+00:00, run_after=2025-04-13 00:00:00+00:00
[2025-04-13T15:34:48.830+0000] {processor.py:183} INFO - Processing /home/airflow/.local/lib/python3.8/site-packages/airflow/example_dags/example_short_circuit_operator.py took 0.093 seconds
[2025-04-13T15:35:21.375+0000] {processor.py:161} INFO - Started process (PID=1832) to work on /home/airflow/.local/lib/python3.8/site-packages/airflow/example_dags/example_short_circuit_operator.py
[2025-04-13T15:35:21.376+0000] {processor.py:830} INFO - Processing file /home/airflow/.local/lib/python3.8/site-packages/airflow/example_dags/example_short_circuit_operator.py for tasks to queue
[2025-04-13T15:35:21.378+0000] {logging_mixin.py:188} INFO - [2025-04-13T15:35:21.378+0000] {dagbag.py:538} INFO - Filling up the DagBag from /home/airflow/.local/lib/python3.8/site-packages/airflow/example_dags/example_short_circuit_operator.py
[2025-04-13T15:35:21.386+0000] {processor.py:840} INFO - DAG(s) 'example_short_circuit_operator' retrieved from /home/airflow/.local/lib/python3.8/site-packages/airflow/example_dags/example_short_circuit_operator.py
[2025-04-13T15:35:21.415+0000] {logging_mixin.py:188} INFO - [2025-04-13T15:35:21.415+0000] {dag.py:3036} INFO - Sync 1 DAGs
[2025-04-13T15:35:21.440+0000] {logging_mixin.py:188} INFO - [2025-04-13T15:35:21.440+0000] {dag.py:3823} INFO - Setting next_dagrun for example_short_circuit_operator to 2025-04-12 00:00:00+00:00, run_after=2025-04-13 00:00:00+00:00
[2025-04-13T15:35:21.465+0000] {processor.py:183} INFO - Processing /home/airflow/.local/lib/python3.8/site-packages/airflow/example_dags/example_short_circuit_operator.py took 0.094 seconds
[2025-04-13T15:35:54.098+0000] {processor.py:161} INFO - Started process (PID=1889) to work on /home/airflow/.local/lib/python3.8/site-packages/airflow/example_dags/example_short_circuit_operator.py
[2025-04-13T15:35:54.099+0000] {processor.py:830} INFO - Processing file /home/airflow/.local/lib/python3.8/site-packages/airflow/example_dags/example_short_circuit_operator.py for tasks to queue
[2025-04-13T15:35:54.102+0000] {logging_mixin.py:188} INFO - [2025-04-13T15:35:54.102+0000] {dagbag.py:538} INFO - Filling up the DagBag from /home/airflow/.local/lib/python3.8/site-packages/airflow/example_dags/example_short_circuit_operator.py
[2025-04-13T15:35:54.120+0000] {processor.py:840} INFO - DAG(s) 'example_short_circuit_operator' retrieved from /home/airflow/.local/lib/python3.8/site-packages/airflow/example_dags/example_short_circuit_operator.py
[2025-04-13T15:35:54.165+0000] {logging_mixin.py:188} INFO - [2025-04-13T15:35:54.165+0000] {dag.py:3036} INFO - Sync 1 DAGs
[2025-04-13T15:35:54.213+0000] {logging_mixin.py:188} INFO - [2025-04-13T15:35:54.212+0000] {dag.py:3823} INFO - Setting next_dagrun for example_short_circuit_operator to 2025-04-12 00:00:00+00:00, run_after=2025-04-13 00:00:00+00:00
[2025-04-13T15:35:54.246+0000] {processor.py:183} INFO - Processing /home/airflow/.local/lib/python3.8/site-packages/airflow/example_dags/example_short_circuit_operator.py took 0.152 seconds
[2025-04-13T15:36:26.785+0000] {processor.py:161} INFO - Started process (PID=1945) to work on /home/airflow/.local/lib/python3.8/site-packages/airflow/example_dags/example_short_circuit_operator.py
[2025-04-13T15:36:26.787+0000] {processor.py:830} INFO - Processing file /home/airflow/.local/lib/python3.8/site-packages/airflow/example_dags/example_short_circuit_operator.py for tasks to queue
[2025-04-13T15:36:26.789+0000] {logging_mixin.py:188} INFO - [2025-04-13T15:36:26.788+0000] {dagbag.py:538} INFO - Filling up the DagBag from /home/airflow/.local/lib/python3.8/site-packages/airflow/example_dags/example_short_circuit_operator.py
[2025-04-13T15:36:26.798+0000] {processor.py:840} INFO - DAG(s) 'example_short_circuit_operator' retrieved from /home/airflow/.local/lib/python3.8/site-packages/airflow/example_dags/example_short_circuit_operator.py
[2025-04-13T15:36:26.828+0000] {logging_mixin.py:188} INFO - [2025-04-13T15:36:26.828+0000] {dag.py:3036} INFO - Sync 1 DAGs
[2025-04-13T15:36:26.854+0000] {logging_mixin.py:188} INFO - [2025-04-13T15:36:26.854+0000] {dag.py:3823} INFO - Setting next_dagrun for example_short_circuit_operator to 2025-04-12 00:00:00+00:00, run_after=2025-04-13 00:00:00+00:00
[2025-04-13T15:36:26.880+0000] {processor.py:183} INFO - Processing /home/airflow/.local/lib/python3.8/site-packages/airflow/example_dags/example_short_circuit_operator.py took 0.098 seconds
[2025-04-13T15:36:59.056+0000] {processor.py:161} INFO - Started process (PID=1998) to work on /home/airflow/.local/lib/python3.8/site-packages/airflow/example_dags/example_short_circuit_operator.py
[2025-04-13T15:36:59.057+0000] {processor.py:830} INFO - Processing file /home/airflow/.local/lib/python3.8/site-packages/airflow/example_dags/example_short_circuit_operator.py for tasks to queue
[2025-04-13T15:36:59.060+0000] {logging_mixin.py:188} INFO - [2025-04-13T15:36:59.059+0000] {dagbag.py:538} INFO - Filling up the DagBag from /home/airflow/.local/lib/python3.8/site-packages/airflow/example_dags/example_short_circuit_operator.py
[2025-04-13T15:36:59.069+0000] {processor.py:840} INFO - DAG(s) 'example_short_circuit_operator' retrieved from /home/airflow/.local/lib/python3.8/site-packages/airflow/example_dags/example_short_circuit_operator.py
[2025-04-13T15:36:59.098+0000] {logging_mixin.py:188} INFO - [2025-04-13T15:36:59.098+0000] {dag.py:3036} INFO - Sync 1 DAGs
[2025-04-13T15:36:59.130+0000] {logging_mixin.py:188} INFO - [2025-04-13T15:36:59.129+0000] {dag.py:3823} INFO - Setting next_dagrun for example_short_circuit_operator to 2025-04-12 00:00:00+00:00, run_after=2025-04-13 00:00:00+00:00
[2025-04-13T15:36:59.154+0000] {processor.py:183} INFO - Processing /home/airflow/.local/lib/python3.8/site-packages/airflow/example_dags/example_short_circuit_operator.py took 0.101 seconds
[2025-04-13T15:37:32.096+0000] {processor.py:161} INFO - Started process (PID=2054) to work on /home/airflow/.local/lib/python3.8/site-packages/airflow/example_dags/example_short_circuit_operator.py
[2025-04-13T15:37:32.098+0000] {processor.py:830} INFO - Processing file /home/airflow/.local/lib/python3.8/site-packages/airflow/example_dags/example_short_circuit_operator.py for tasks to queue
[2025-04-13T15:37:32.100+0000] {logging_mixin.py:188} INFO - [2025-04-13T15:37:32.099+0000] {dagbag.py:538} INFO - Filling up the DagBag from /home/airflow/.local/lib/python3.8/site-packages/airflow/example_dags/example_short_circuit_operator.py
[2025-04-13T15:37:32.108+0000] {processor.py:840} INFO - DAG(s) 'example_short_circuit_operator' retrieved from /home/airflow/.local/lib/python3.8/site-packages/airflow/example_dags/example_short_circuit_operator.py
[2025-04-13T15:37:32.134+0000] {logging_mixin.py:188} INFO - [2025-04-13T15:37:32.134+0000] {dag.py:3036} INFO - Sync 1 DAGs
[2025-04-13T15:37:32.165+0000] {logging_mixin.py:188} INFO - [2025-04-13T15:37:32.165+0000] {dag.py:3823} INFO - Setting next_dagrun for example_short_circuit_operator to 2025-04-12 00:00:00+00:00, run_after=2025-04-13 00:00:00+00:00
[2025-04-13T15:37:32.190+0000] {processor.py:183} INFO - Processing /home/airflow/.local/lib/python3.8/site-packages/airflow/example_dags/example_short_circuit_operator.py took 0.096 seconds
[2025-04-13T15:38:05.050+0000] {processor.py:161} INFO - Started process (PID=2109) to work on /home/airflow/.local/lib/python3.8/site-packages/airflow/example_dags/example_short_circuit_operator.py
[2025-04-13T15:38:05.051+0000] {processor.py:830} INFO - Processing file /home/airflow/.local/lib/python3.8/site-packages/airflow/example_dags/example_short_circuit_operator.py for tasks to queue
[2025-04-13T15:38:05.054+0000] {logging_mixin.py:188} INFO - [2025-04-13T15:38:05.053+0000] {dagbag.py:538} INFO - Filling up the DagBag from /home/airflow/.local/lib/python3.8/site-packages/airflow/example_dags/example_short_circuit_operator.py
[2025-04-13T15:38:05.062+0000] {processor.py:840} INFO - DAG(s) 'example_short_circuit_operator' retrieved from /home/airflow/.local/lib/python3.8/site-packages/airflow/example_dags/example_short_circuit_operator.py
[2025-04-13T15:38:05.108+0000] {logging_mixin.py:188} INFO - [2025-04-13T15:38:05.107+0000] {dag.py:3036} INFO - Sync 1 DAGs
[2025-04-13T15:38:05.147+0000] {logging_mixin.py:188} INFO - [2025-04-13T15:38:05.147+0000] {dag.py:3823} INFO - Setting next_dagrun for example_short_circuit_operator to 2025-04-12 00:00:00+00:00, run_after=2025-04-13 00:00:00+00:00
[2025-04-13T15:38:05.176+0000] {processor.py:183} INFO - Processing /home/airflow/.local/lib/python3.8/site-packages/airflow/example_dags/example_short_circuit_operator.py took 0.130 seconds
[2025-04-13T15:38:37.285+0000] {processor.py:161} INFO - Started process (PID=2165) to work on /home/airflow/.local/lib/python3.8/site-packages/airflow/example_dags/example_short_circuit_operator.py
[2025-04-13T15:38:37.286+0000] {processor.py:830} INFO - Processing file /home/airflow/.local/lib/python3.8/site-packages/airflow/example_dags/example_short_circuit_operator.py for tasks to queue
[2025-04-13T15:38:37.289+0000] {logging_mixin.py:188} INFO - [2025-04-13T15:38:37.288+0000] {dagbag.py:538} INFO - Filling up the DagBag from /home/airflow/.local/lib/python3.8/site-packages/airflow/example_dags/example_short_circuit_operator.py
[2025-04-13T15:38:37.299+0000] {processor.py:840} INFO - DAG(s) 'example_short_circuit_operator' retrieved from /home/airflow/.local/lib/python3.8/site-packages/airflow/example_dags/example_short_circuit_operator.py
[2025-04-13T15:38:37.330+0000] {logging_mixin.py:188} INFO - [2025-04-13T15:38:37.330+0000] {dag.py:3036} INFO - Sync 1 DAGs
[2025-04-13T15:38:37.367+0000] {logging_mixin.py:188} INFO - [2025-04-13T15:38:37.367+0000] {dag.py:3823} INFO - Setting next_dagrun for example_short_circuit_operator to 2025-04-12 00:00:00+00:00, run_after=2025-04-13 00:00:00+00:00
[2025-04-13T15:38:37.398+0000] {processor.py:183} INFO - Processing /home/airflow/.local/lib/python3.8/site-packages/airflow/example_dags/example_short_circuit_operator.py took 0.117 seconds
[2025-04-13T15:39:10.182+0000] {processor.py:161} INFO - Started process (PID=2221) to work on /home/airflow/.local/lib/python3.8/site-packages/airflow/example_dags/example_short_circuit_operator.py
[2025-04-13T15:39:10.183+0000] {processor.py:830} INFO - Processing file /home/airflow/.local/lib/python3.8/site-packages/airflow/example_dags/example_short_circuit_operator.py for tasks to queue
[2025-04-13T15:39:10.186+0000] {logging_mixin.py:188} INFO - [2025-04-13T15:39:10.186+0000] {dagbag.py:538} INFO - Filling up the DagBag from /home/airflow/.local/lib/python3.8/site-packages/airflow/example_dags/example_short_circuit_operator.py
[2025-04-13T15:39:10.197+0000] {processor.py:840} INFO - DAG(s) 'example_short_circuit_operator' retrieved from /home/airflow/.local/lib/python3.8/site-packages/airflow/example_dags/example_short_circuit_operator.py
[2025-04-13T15:39:10.226+0000] {logging_mixin.py:188} INFO - [2025-04-13T15:39:10.225+0000] {dag.py:3036} INFO - Sync 1 DAGs
[2025-04-13T15:39:10.255+0000] {logging_mixin.py:188} INFO - [2025-04-13T15:39:10.255+0000] {dag.py:3823} INFO - Setting next_dagrun for example_short_circuit_operator to 2025-04-12 00:00:00+00:00, run_after=2025-04-13 00:00:00+00:00
[2025-04-13T15:39:10.282+0000] {processor.py:183} INFO - Processing /home/airflow/.local/lib/python3.8/site-packages/airflow/example_dags/example_short_circuit_operator.py took 0.104 seconds
[2025-04-13T15:39:43.113+0000] {processor.py:161} INFO - Started process (PID=2277) to work on /home/airflow/.local/lib/python3.8/site-packages/airflow/example_dags/example_short_circuit_operator.py
[2025-04-13T15:39:43.114+0000] {processor.py:830} INFO - Processing file /home/airflow/.local/lib/python3.8/site-packages/airflow/example_dags/example_short_circuit_operator.py for tasks to queue
[2025-04-13T15:39:43.117+0000] {logging_mixin.py:188} INFO - [2025-04-13T15:39:43.116+0000] {dagbag.py:538} INFO - Filling up the DagBag from /home/airflow/.local/lib/python3.8/site-packages/airflow/example_dags/example_short_circuit_operator.py
[2025-04-13T15:39:43.128+0000] {processor.py:840} INFO - DAG(s) 'example_short_circuit_operator' retrieved from /home/airflow/.local/lib/python3.8/site-packages/airflow/example_dags/example_short_circuit_operator.py
[2025-04-13T15:39:43.160+0000] {logging_mixin.py:188} INFO - [2025-04-13T15:39:43.160+0000] {dag.py:3036} INFO - Sync 1 DAGs
[2025-04-13T15:39:43.192+0000] {logging_mixin.py:188} INFO - [2025-04-13T15:39:43.191+0000] {dag.py:3823} INFO - Setting next_dagrun for example_short_circuit_operator to 2025-04-12 00:00:00+00:00, run_after=2025-04-13 00:00:00+00:00
[2025-04-13T15:39:43.221+0000] {processor.py:183} INFO - Processing /home/airflow/.local/lib/python3.8/site-packages/airflow/example_dags/example_short_circuit_operator.py took 0.112 seconds
[2025-04-13T15:40:15.335+0000] {processor.py:161} INFO - Started process (PID=2333) to work on /home/airflow/.local/lib/python3.8/site-packages/airflow/example_dags/example_short_circuit_operator.py
[2025-04-13T15:40:15.336+0000] {processor.py:830} INFO - Processing file /home/airflow/.local/lib/python3.8/site-packages/airflow/example_dags/example_short_circuit_operator.py for tasks to queue
[2025-04-13T15:40:15.339+0000] {logging_mixin.py:188} INFO - [2025-04-13T15:40:15.338+0000] {dagbag.py:538} INFO - Filling up the DagBag from /home/airflow/.local/lib/python3.8/site-packages/airflow/example_dags/example_short_circuit_operator.py
[2025-04-13T15:40:15.346+0000] {processor.py:840} INFO - DAG(s) 'example_short_circuit_operator' retrieved from /home/airflow/.local/lib/python3.8/site-packages/airflow/example_dags/example_short_circuit_operator.py
[2025-04-13T15:40:15.376+0000] {logging_mixin.py:188} INFO - [2025-04-13T15:40:15.376+0000] {dag.py:3036} INFO - Sync 1 DAGs
[2025-04-13T15:40:15.416+0000] {logging_mixin.py:188} INFO - [2025-04-13T15:40:15.416+0000] {dag.py:3823} INFO - Setting next_dagrun for example_short_circuit_operator to 2025-04-12 00:00:00+00:00, run_after=2025-04-13 00:00:00+00:00
[2025-04-13T15:40:15.452+0000] {processor.py:183} INFO - Processing /home/airflow/.local/lib/python3.8/site-packages/airflow/example_dags/example_short_circuit_operator.py took 0.121 seconds
[2025-04-13T15:40:48.135+0000] {processor.py:161} INFO - Started process (PID=2389) to work on /home/airflow/.local/lib/python3.8/site-packages/airflow/example_dags/example_short_circuit_operator.py
[2025-04-13T15:40:48.137+0000] {processor.py:830} INFO - Processing file /home/airflow/.local/lib/python3.8/site-packages/airflow/example_dags/example_short_circuit_operator.py for tasks to queue
[2025-04-13T15:40:48.139+0000] {logging_mixin.py:188} INFO - [2025-04-13T15:40:48.139+0000] {dagbag.py:538} INFO - Filling up the DagBag from /home/airflow/.local/lib/python3.8/site-packages/airflow/example_dags/example_short_circuit_operator.py
[2025-04-13T15:40:48.147+0000] {processor.py:840} INFO - DAG(s) 'example_short_circuit_operator' retrieved from /home/airflow/.local/lib/python3.8/site-packages/airflow/example_dags/example_short_circuit_operator.py
[2025-04-13T15:40:48.173+0000] {logging_mixin.py:188} INFO - [2025-04-13T15:40:48.173+0000] {dag.py:3036} INFO - Sync 1 DAGs
[2025-04-13T15:40:48.202+0000] {logging_mixin.py:188} INFO - [2025-04-13T15:40:48.202+0000] {dag.py:3823} INFO - Setting next_dagrun for example_short_circuit_operator to 2025-04-12 00:00:00+00:00, run_after=2025-04-13 00:00:00+00:00
[2025-04-13T15:40:48.227+0000] {processor.py:183} INFO - Processing /home/airflow/.local/lib/python3.8/site-packages/airflow/example_dags/example_short_circuit_operator.py took 0.096 seconds
[2025-04-13T15:41:20.961+0000] {processor.py:161} INFO - Started process (PID=2445) to work on /home/airflow/.local/lib/python3.8/site-packages/airflow/example_dags/example_short_circuit_operator.py
[2025-04-13T15:41:20.962+0000] {processor.py:830} INFO - Processing file /home/airflow/.local/lib/python3.8/site-packages/airflow/example_dags/example_short_circuit_operator.py for tasks to queue
[2025-04-13T15:41:20.965+0000] {logging_mixin.py:188} INFO - [2025-04-13T15:41:20.965+0000] {dagbag.py:538} INFO - Filling up the DagBag from /home/airflow/.local/lib/python3.8/site-packages/airflow/example_dags/example_short_circuit_operator.py
[2025-04-13T15:41:20.977+0000] {processor.py:840} INFO - DAG(s) 'example_short_circuit_operator' retrieved from /home/airflow/.local/lib/python3.8/site-packages/airflow/example_dags/example_short_circuit_operator.py
[2025-04-13T15:41:21.004+0000] {logging_mixin.py:188} INFO - [2025-04-13T15:41:21.004+0000] {dag.py:3036} INFO - Sync 1 DAGs
[2025-04-13T15:41:21.035+0000] {logging_mixin.py:188} INFO - [2025-04-13T15:41:21.035+0000] {dag.py:3823} INFO - Setting next_dagrun for example_short_circuit_operator to 2025-04-12 00:00:00+00:00, run_after=2025-04-13 00:00:00+00:00
[2025-04-13T15:41:21.059+0000] {processor.py:183} INFO - Processing /home/airflow/.local/lib/python3.8/site-packages/airflow/example_dags/example_short_circuit_operator.py took 0.103 seconds
[2025-04-13T15:41:53.840+0000] {processor.py:161} INFO - Started process (PID=2501) to work on /home/airflow/.local/lib/python3.8/site-packages/airflow/example_dags/example_short_circuit_operator.py
[2025-04-13T15:41:53.842+0000] {processor.py:830} INFO - Processing file /home/airflow/.local/lib/python3.8/site-packages/airflow/example_dags/example_short_circuit_operator.py for tasks to queue
[2025-04-13T15:41:53.844+0000] {logging_mixin.py:188} INFO - [2025-04-13T15:41:53.843+0000] {dagbag.py:538} INFO - Filling up the DagBag from /home/airflow/.local/lib/python3.8/site-packages/airflow/example_dags/example_short_circuit_operator.py
[2025-04-13T15:41:53.852+0000] {processor.py:840} INFO - DAG(s) 'example_short_circuit_operator' retrieved from /home/airflow/.local/lib/python3.8/site-packages/airflow/example_dags/example_short_circuit_operator.py
[2025-04-13T15:41:53.877+0000] {logging_mixin.py:188} INFO - [2025-04-13T15:41:53.877+0000] {dag.py:3036} INFO - Sync 1 DAGs
[2025-04-13T15:41:53.901+0000] {logging_mixin.py:188} INFO - [2025-04-13T15:41:53.901+0000] {dag.py:3823} INFO - Setting next_dagrun for example_short_circuit_operator to 2025-04-12 00:00:00+00:00, run_after=2025-04-13 00:00:00+00:00
[2025-04-13T15:41:53.925+0000] {processor.py:183} INFO - Processing /home/airflow/.local/lib/python3.8/site-packages/airflow/example_dags/example_short_circuit_operator.py took 0.088 seconds
[2025-04-13T15:42:27.220+0000] {processor.py:161} INFO - Started process (PID=2557) to work on /home/airflow/.local/lib/python3.8/site-packages/airflow/example_dags/example_short_circuit_operator.py
[2025-04-13T15:42:27.221+0000] {processor.py:830} INFO - Processing file /home/airflow/.local/lib/python3.8/site-packages/airflow/example_dags/example_short_circuit_operator.py for tasks to queue
[2025-04-13T15:42:27.225+0000] {logging_mixin.py:188} INFO - [2025-04-13T15:42:27.224+0000] {dagbag.py:538} INFO - Filling up the DagBag from /home/airflow/.local/lib/python3.8/site-packages/airflow/example_dags/example_short_circuit_operator.py
[2025-04-13T15:42:27.239+0000] {processor.py:840} INFO - DAG(s) 'example_short_circuit_operator' retrieved from /home/airflow/.local/lib/python3.8/site-packages/airflow/example_dags/example_short_circuit_operator.py
[2025-04-13T15:42:27.267+0000] {logging_mixin.py:188} INFO - [2025-04-13T15:42:27.267+0000] {dag.py:3036} INFO - Sync 1 DAGs
[2025-04-13T15:42:27.297+0000] {logging_mixin.py:188} INFO - [2025-04-13T15:42:27.296+0000] {dag.py:3823} INFO - Setting next_dagrun for example_short_circuit_operator to 2025-04-12 00:00:00+00:00, run_after=2025-04-13 00:00:00+00:00
[2025-04-13T15:42:27.451+0000] {processor.py:183} INFO - Processing /home/airflow/.local/lib/python3.8/site-packages/airflow/example_dags/example_short_circuit_operator.py took 0.235 seconds
[2025-04-13T15:42:59.021+0000] {processor.py:161} INFO - Started process (PID=2613) to work on /home/airflow/.local/lib/python3.8/site-packages/airflow/example_dags/example_short_circuit_operator.py
[2025-04-13T15:42:59.022+0000] {processor.py:830} INFO - Processing file /home/airflow/.local/lib/python3.8/site-packages/airflow/example_dags/example_short_circuit_operator.py for tasks to queue
[2025-04-13T15:42:59.025+0000] {logging_mixin.py:188} INFO - [2025-04-13T15:42:59.024+0000] {dagbag.py:538} INFO - Filling up the DagBag from /home/airflow/.local/lib/python3.8/site-packages/airflow/example_dags/example_short_circuit_operator.py
[2025-04-13T15:42:59.033+0000] {processor.py:840} INFO - DAG(s) 'example_short_circuit_operator' retrieved from /home/airflow/.local/lib/python3.8/site-packages/airflow/example_dags/example_short_circuit_operator.py
[2025-04-13T15:42:59.059+0000] {logging_mixin.py:188} INFO - [2025-04-13T15:42:59.058+0000] {dag.py:3036} INFO - Sync 1 DAGs
[2025-04-13T15:42:59.085+0000] {logging_mixin.py:188} INFO - [2025-04-13T15:42:59.085+0000] {dag.py:3823} INFO - Setting next_dagrun for example_short_circuit_operator to 2025-04-12 00:00:00+00:00, run_after=2025-04-13 00:00:00+00:00
[2025-04-13T15:42:59.112+0000] {processor.py:183} INFO - Processing /home/airflow/.local/lib/python3.8/site-packages/airflow/example_dags/example_short_circuit_operator.py took 0.096 seconds
[2025-04-13T15:43:31.743+0000] {processor.py:161} INFO - Started process (PID=2669) to work on /home/airflow/.local/lib/python3.8/site-packages/airflow/example_dags/example_short_circuit_operator.py
[2025-04-13T15:43:31.745+0000] {processor.py:830} INFO - Processing file /home/airflow/.local/lib/python3.8/site-packages/airflow/example_dags/example_short_circuit_operator.py for tasks to queue
[2025-04-13T15:43:31.747+0000] {logging_mixin.py:188} INFO - [2025-04-13T15:43:31.746+0000] {dagbag.py:538} INFO - Filling up the DagBag from /home/airflow/.local/lib/python3.8/site-packages/airflow/example_dags/example_short_circuit_operator.py
[2025-04-13T15:43:31.755+0000] {processor.py:840} INFO - DAG(s) 'example_short_circuit_operator' retrieved from /home/airflow/.local/lib/python3.8/site-packages/airflow/example_dags/example_short_circuit_operator.py
[2025-04-13T15:43:31.780+0000] {logging_mixin.py:188} INFO - [2025-04-13T15:43:31.780+0000] {dag.py:3036} INFO - Sync 1 DAGs
[2025-04-13T15:43:31.804+0000] {logging_mixin.py:188} INFO - [2025-04-13T15:43:31.803+0000] {dag.py:3823} INFO - Setting next_dagrun for example_short_circuit_operator to 2025-04-12 00:00:00+00:00, run_after=2025-04-13 00:00:00+00:00
[2025-04-13T15:43:31.828+0000] {processor.py:183} INFO - Processing /home/airflow/.local/lib/python3.8/site-packages/airflow/example_dags/example_short_circuit_operator.py took 0.088 seconds
[2025-04-13T15:44:08.543+0000] {processor.py:161} INFO - Started process (PID=2725) to work on /home/airflow/.local/lib/python3.8/site-packages/airflow/example_dags/example_short_circuit_operator.py
[2025-04-13T15:44:08.544+0000] {processor.py:830} INFO - Processing file /home/airflow/.local/lib/python3.8/site-packages/airflow/example_dags/example_short_circuit_operator.py for tasks to queue
[2025-04-13T15:44:08.546+0000] {logging_mixin.py:188} INFO - [2025-04-13T15:44:08.546+0000] {dagbag.py:538} INFO - Filling up the DagBag from /home/airflow/.local/lib/python3.8/site-packages/airflow/example_dags/example_short_circuit_operator.py
[2025-04-13T15:44:08.558+0000] {processor.py:840} INFO - DAG(s) 'example_short_circuit_operator' retrieved from /home/airflow/.local/lib/python3.8/site-packages/airflow/example_dags/example_short_circuit_operator.py
[2025-04-13T15:44:08.594+0000] {logging_mixin.py:188} INFO - [2025-04-13T15:44:08.593+0000] {dag.py:3036} INFO - Sync 1 DAGs
[2025-04-13T15:44:08.629+0000] {logging_mixin.py:188} INFO - [2025-04-13T15:44:08.629+0000] {dag.py:3823} INFO - Setting next_dagrun for example_short_circuit_operator to 2025-04-12 00:00:00+00:00, run_after=2025-04-13 00:00:00+00:00
[2025-04-13T15:44:08.654+0000] {processor.py:183} INFO - Processing /home/airflow/.local/lib/python3.8/site-packages/airflow/example_dags/example_short_circuit_operator.py took 0.115 seconds
[2025-04-13T15:44:43.802+0000] {processor.py:161} INFO - Started process (PID=2781) to work on /home/airflow/.local/lib/python3.8/site-packages/airflow/example_dags/example_short_circuit_operator.py
[2025-04-13T15:44:43.804+0000] {processor.py:830} INFO - Processing file /home/airflow/.local/lib/python3.8/site-packages/airflow/example_dags/example_short_circuit_operator.py for tasks to queue
[2025-04-13T15:44:43.806+0000] {logging_mixin.py:188} INFO - [2025-04-13T15:44:43.806+0000] {dagbag.py:538} INFO - Filling up the DagBag from /home/airflow/.local/lib/python3.8/site-packages/airflow/example_dags/example_short_circuit_operator.py
[2025-04-13T15:44:43.814+0000] {processor.py:840} INFO - DAG(s) 'example_short_circuit_operator' retrieved from /home/airflow/.local/lib/python3.8/site-packages/airflow/example_dags/example_short_circuit_operator.py
[2025-04-13T15:44:43.839+0000] {logging_mixin.py:188} INFO - [2025-04-13T15:44:43.839+0000] {dag.py:3036} INFO - Sync 1 DAGs
[2025-04-13T15:44:43.867+0000] {logging_mixin.py:188} INFO - [2025-04-13T15:44:43.867+0000] {dag.py:3823} INFO - Setting next_dagrun for example_short_circuit_operator to 2025-04-12 00:00:00+00:00, run_after=2025-04-13 00:00:00+00:00
[2025-04-13T15:44:43.895+0000] {processor.py:183} INFO - Processing /home/airflow/.local/lib/python3.8/site-packages/airflow/example_dags/example_short_circuit_operator.py took 0.097 seconds
[2025-04-13T15:45:15.262+0000] {processor.py:161} INFO - Started process (PID=2837) to work on /home/airflow/.local/lib/python3.8/site-packages/airflow/example_dags/example_short_circuit_operator.py
[2025-04-13T15:45:15.264+0000] {processor.py:830} INFO - Processing file /home/airflow/.local/lib/python3.8/site-packages/airflow/example_dags/example_short_circuit_operator.py for tasks to queue
[2025-04-13T15:45:15.268+0000] {logging_mixin.py:188} INFO - [2025-04-13T15:45:15.267+0000] {dagbag.py:538} INFO - Filling up the DagBag from /home/airflow/.local/lib/python3.8/site-packages/airflow/example_dags/example_short_circuit_operator.py
[2025-04-13T15:45:15.279+0000] {processor.py:840} INFO - DAG(s) 'example_short_circuit_operator' retrieved from /home/airflow/.local/lib/python3.8/site-packages/airflow/example_dags/example_short_circuit_operator.py
[2025-04-13T15:45:15.316+0000] {logging_mixin.py:188} INFO - [2025-04-13T15:45:15.316+0000] {dag.py:3036} INFO - Sync 1 DAGs
[2025-04-13T15:45:15.530+0000] {logging_mixin.py:188} INFO - [2025-04-13T15:45:15.529+0000] {dag.py:3823} INFO - Setting next_dagrun for example_short_circuit_operator to 2025-04-12 00:00:00+00:00, run_after=2025-04-13 00:00:00+00:00
[2025-04-13T15:45:15.564+0000] {processor.py:183} INFO - Processing /home/airflow/.local/lib/python3.8/site-packages/airflow/example_dags/example_short_circuit_operator.py took 0.306 seconds
[2025-04-13T15:45:46.142+0000] {processor.py:161} INFO - Started process (PID=2893) to work on /home/airflow/.local/lib/python3.8/site-packages/airflow/example_dags/example_short_circuit_operator.py
[2025-04-13T15:45:46.143+0000] {processor.py:830} INFO - Processing file /home/airflow/.local/lib/python3.8/site-packages/airflow/example_dags/example_short_circuit_operator.py for tasks to queue
[2025-04-13T15:45:46.146+0000] {logging_mixin.py:188} INFO - [2025-04-13T15:45:46.146+0000] {dagbag.py:538} INFO - Filling up the DagBag from /home/airflow/.local/lib/python3.8/site-packages/airflow/example_dags/example_short_circuit_operator.py
[2025-04-13T15:45:46.156+0000] {processor.py:840} INFO - DAG(s) 'example_short_circuit_operator' retrieved from /home/airflow/.local/lib/python3.8/site-packages/airflow/example_dags/example_short_circuit_operator.py
[2025-04-13T15:45:46.184+0000] {logging_mixin.py:188} INFO - [2025-04-13T15:45:46.184+0000] {dag.py:3036} INFO - Sync 1 DAGs
[2025-04-13T15:45:46.211+0000] {logging_mixin.py:188} INFO - [2025-04-13T15:45:46.211+0000] {dag.py:3823} INFO - Setting next_dagrun for example_short_circuit_operator to 2025-04-12 00:00:00+00:00, run_after=2025-04-13 00:00:00+00:00
[2025-04-13T15:45:46.235+0000] {processor.py:183} INFO - Processing /home/airflow/.local/lib/python3.8/site-packages/airflow/example_dags/example_short_circuit_operator.py took 0.098 seconds
[2025-04-13T15:46:18.393+0000] {processor.py:161} INFO - Started process (PID=2949) to work on /home/airflow/.local/lib/python3.8/site-packages/airflow/example_dags/example_short_circuit_operator.py
[2025-04-13T15:46:18.394+0000] {processor.py:830} INFO - Processing file /home/airflow/.local/lib/python3.8/site-packages/airflow/example_dags/example_short_circuit_operator.py for tasks to queue
[2025-04-13T15:46:18.397+0000] {logging_mixin.py:188} INFO - [2025-04-13T15:46:18.396+0000] {dagbag.py:538} INFO - Filling up the DagBag from /home/airflow/.local/lib/python3.8/site-packages/airflow/example_dags/example_short_circuit_operator.py
[2025-04-13T15:46:18.406+0000] {processor.py:840} INFO - DAG(s) 'example_short_circuit_operator' retrieved from /home/airflow/.local/lib/python3.8/site-packages/airflow/example_dags/example_short_circuit_operator.py
[2025-04-13T15:46:18.433+0000] {logging_mixin.py:188} INFO - [2025-04-13T15:46:18.432+0000] {dag.py:3036} INFO - Sync 1 DAGs
[2025-04-13T15:46:18.461+0000] {logging_mixin.py:188} INFO - [2025-04-13T15:46:18.460+0000] {dag.py:3823} INFO - Setting next_dagrun for example_short_circuit_operator to 2025-04-12 00:00:00+00:00, run_after=2025-04-13 00:00:00+00:00
[2025-04-13T15:46:18.485+0000] {processor.py:183} INFO - Processing /home/airflow/.local/lib/python3.8/site-packages/airflow/example_dags/example_short_circuit_operator.py took 0.096 seconds
[2025-04-13T15:46:49.039+0000] {processor.py:161} INFO - Started process (PID=3005) to work on /home/airflow/.local/lib/python3.8/site-packages/airflow/example_dags/example_short_circuit_operator.py
[2025-04-13T15:46:49.041+0000] {processor.py:830} INFO - Processing file /home/airflow/.local/lib/python3.8/site-packages/airflow/example_dags/example_short_circuit_operator.py for tasks to queue
[2025-04-13T15:46:49.043+0000] {logging_mixin.py:188} INFO - [2025-04-13T15:46:49.043+0000] {dagbag.py:538} INFO - Filling up the DagBag from /home/airflow/.local/lib/python3.8/site-packages/airflow/example_dags/example_short_circuit_operator.py
[2025-04-13T15:46:49.051+0000] {processor.py:840} INFO - DAG(s) 'example_short_circuit_operator' retrieved from /home/airflow/.local/lib/python3.8/site-packages/airflow/example_dags/example_short_circuit_operator.py
[2025-04-13T15:46:49.077+0000] {logging_mixin.py:188} INFO - [2025-04-13T15:46:49.076+0000] {dag.py:3036} INFO - Sync 1 DAGs
[2025-04-13T15:46:49.106+0000] {logging_mixin.py:188} INFO - [2025-04-13T15:46:49.106+0000] {dag.py:3823} INFO - Setting next_dagrun for example_short_circuit_operator to 2025-04-12 00:00:00+00:00, run_after=2025-04-13 00:00:00+00:00
[2025-04-13T15:46:49.132+0000] {processor.py:183} INFO - Processing /home/airflow/.local/lib/python3.8/site-packages/airflow/example_dags/example_short_circuit_operator.py took 0.098 seconds
[2025-04-13T15:47:20.984+0000] {processor.py:161} INFO - Started process (PID=3062) to work on /home/airflow/.local/lib/python3.8/site-packages/airflow/example_dags/example_short_circuit_operator.py
[2025-04-13T15:47:20.986+0000] {processor.py:830} INFO - Processing file /home/airflow/.local/lib/python3.8/site-packages/airflow/example_dags/example_short_circuit_operator.py for tasks to queue
[2025-04-13T15:47:20.988+0000] {logging_mixin.py:188} INFO - [2025-04-13T15:47:20.988+0000] {dagbag.py:538} INFO - Filling up the DagBag from /home/airflow/.local/lib/python3.8/site-packages/airflow/example_dags/example_short_circuit_operator.py
[2025-04-13T15:47:20.997+0000] {processor.py:840} INFO - DAG(s) 'example_short_circuit_operator' retrieved from /home/airflow/.local/lib/python3.8/site-packages/airflow/example_dags/example_short_circuit_operator.py
[2025-04-13T15:47:21.023+0000] {logging_mixin.py:188} INFO - [2025-04-13T15:47:21.022+0000] {dag.py:3036} INFO - Sync 1 DAGs
[2025-04-13T15:47:21.051+0000] {logging_mixin.py:188} INFO - [2025-04-13T15:47:21.051+0000] {dag.py:3823} INFO - Setting next_dagrun for example_short_circuit_operator to 2025-04-12 00:00:00+00:00, run_after=2025-04-13 00:00:00+00:00
[2025-04-13T15:47:21.082+0000] {processor.py:183} INFO - Processing /home/airflow/.local/lib/python3.8/site-packages/airflow/example_dags/example_short_circuit_operator.py took 0.102 seconds
[2025-04-13T15:47:53.822+0000] {processor.py:161} INFO - Started process (PID=3118) to work on /home/airflow/.local/lib/python3.8/site-packages/airflow/example_dags/example_short_circuit_operator.py
[2025-04-13T15:47:53.823+0000] {processor.py:830} INFO - Processing file /home/airflow/.local/lib/python3.8/site-packages/airflow/example_dags/example_short_circuit_operator.py for tasks to queue
[2025-04-13T15:47:53.826+0000] {logging_mixin.py:188} INFO - [2025-04-13T15:47:53.825+0000] {dagbag.py:538} INFO - Filling up the DagBag from /home/airflow/.local/lib/python3.8/site-packages/airflow/example_dags/example_short_circuit_operator.py
[2025-04-13T15:47:53.834+0000] {processor.py:840} INFO - DAG(s) 'example_short_circuit_operator' retrieved from /home/airflow/.local/lib/python3.8/site-packages/airflow/example_dags/example_short_circuit_operator.py
[2025-04-13T15:47:53.860+0000] {logging_mixin.py:188} INFO - [2025-04-13T15:47:53.859+0000] {dag.py:3036} INFO - Sync 1 DAGs
[2025-04-13T15:47:53.885+0000] {logging_mixin.py:188} INFO - [2025-04-13T15:47:53.885+0000] {dag.py:3823} INFO - Setting next_dagrun for example_short_circuit_operator to 2025-04-12 00:00:00+00:00, run_after=2025-04-13 00:00:00+00:00
[2025-04-13T15:47:53.910+0000] {processor.py:183} INFO - Processing /home/airflow/.local/lib/python3.8/site-packages/airflow/example_dags/example_short_circuit_operator.py took 0.093 seconds
[2025-04-13T15:48:26.337+0000] {processor.py:161} INFO - Started process (PID=3174) to work on /home/airflow/.local/lib/python3.8/site-packages/airflow/example_dags/example_short_circuit_operator.py
[2025-04-13T15:48:26.338+0000] {processor.py:830} INFO - Processing file /home/airflow/.local/lib/python3.8/site-packages/airflow/example_dags/example_short_circuit_operator.py for tasks to queue
[2025-04-13T15:48:26.341+0000] {logging_mixin.py:188} INFO - [2025-04-13T15:48:26.340+0000] {dagbag.py:538} INFO - Filling up the DagBag from /home/airflow/.local/lib/python3.8/site-packages/airflow/example_dags/example_short_circuit_operator.py
[2025-04-13T15:48:26.349+0000] {processor.py:840} INFO - DAG(s) 'example_short_circuit_operator' retrieved from /home/airflow/.local/lib/python3.8/site-packages/airflow/example_dags/example_short_circuit_operator.py
[2025-04-13T15:48:26.386+0000] {logging_mixin.py:188} INFO - [2025-04-13T15:48:26.386+0000] {dag.py:3036} INFO - Sync 1 DAGs
[2025-04-13T15:48:26.435+0000] {logging_mixin.py:188} INFO - [2025-04-13T15:48:26.434+0000] {dag.py:3823} INFO - Setting next_dagrun for example_short_circuit_operator to 2025-04-12 00:00:00+00:00, run_after=2025-04-13 00:00:00+00:00
[2025-04-13T15:48:26.457+0000] {processor.py:183} INFO - Processing /home/airflow/.local/lib/python3.8/site-packages/airflow/example_dags/example_short_circuit_operator.py took 0.123 seconds
[2025-04-13T15:48:59.872+0000] {processor.py:161} INFO - Started process (PID=3230) to work on /home/airflow/.local/lib/python3.8/site-packages/airflow/example_dags/example_short_circuit_operator.py
[2025-04-13T15:48:59.873+0000] {processor.py:830} INFO - Processing file /home/airflow/.local/lib/python3.8/site-packages/airflow/example_dags/example_short_circuit_operator.py for tasks to queue
[2025-04-13T15:48:59.876+0000] {logging_mixin.py:188} INFO - [2025-04-13T15:48:59.875+0000] {dagbag.py:538} INFO - Filling up the DagBag from /home/airflow/.local/lib/python3.8/site-packages/airflow/example_dags/example_short_circuit_operator.py
[2025-04-13T15:48:59.885+0000] {processor.py:840} INFO - DAG(s) 'example_short_circuit_operator' retrieved from /home/airflow/.local/lib/python3.8/site-packages/airflow/example_dags/example_short_circuit_operator.py
[2025-04-13T15:48:59.914+0000] {logging_mixin.py:188} INFO - [2025-04-13T15:48:59.914+0000] {dag.py:3036} INFO - Sync 1 DAGs
[2025-04-13T15:48:59.945+0000] {logging_mixin.py:188} INFO - [2025-04-13T15:48:59.944+0000] {dag.py:3823} INFO - Setting next_dagrun for example_short_circuit_operator to 2025-04-12 00:00:00+00:00, run_after=2025-04-13 00:00:00+00:00
[2025-04-13T15:48:59.970+0000] {processor.py:183} INFO - Processing /home/airflow/.local/lib/python3.8/site-packages/airflow/example_dags/example_short_circuit_operator.py took 0.103 seconds
[2025-04-13T15:49:32.149+0000] {processor.py:161} INFO - Started process (PID=3286) to work on /home/airflow/.local/lib/python3.8/site-packages/airflow/example_dags/example_short_circuit_operator.py
[2025-04-13T15:49:32.150+0000] {processor.py:830} INFO - Processing file /home/airflow/.local/lib/python3.8/site-packages/airflow/example_dags/example_short_circuit_operator.py for tasks to queue
[2025-04-13T15:49:32.153+0000] {logging_mixin.py:188} INFO - [2025-04-13T15:49:32.152+0000] {dagbag.py:538} INFO - Filling up the DagBag from /home/airflow/.local/lib/python3.8/site-packages/airflow/example_dags/example_short_circuit_operator.py
[2025-04-13T15:49:32.164+0000] {processor.py:840} INFO - DAG(s) 'example_short_circuit_operator' retrieved from /home/airflow/.local/lib/python3.8/site-packages/airflow/example_dags/example_short_circuit_operator.py
[2025-04-13T15:49:32.192+0000] {logging_mixin.py:188} INFO - [2025-04-13T15:49:32.192+0000] {dag.py:3036} INFO - Sync 1 DAGs
[2025-04-13T15:49:32.221+0000] {logging_mixin.py:188} INFO - [2025-04-13T15:49:32.221+0000] {dag.py:3823} INFO - Setting next_dagrun for example_short_circuit_operator to 2025-04-12 00:00:00+00:00, run_after=2025-04-13 00:00:00+00:00
[2025-04-13T15:49:32.247+0000] {processor.py:183} INFO - Processing /home/airflow/.local/lib/python3.8/site-packages/airflow/example_dags/example_short_circuit_operator.py took 0.103 seconds
[2025-04-13T15:50:03.123+0000] {processor.py:161} INFO - Started process (PID=3342) to work on /home/airflow/.local/lib/python3.8/site-packages/airflow/example_dags/example_short_circuit_operator.py
[2025-04-13T15:50:03.124+0000] {processor.py:830} INFO - Processing file /home/airflow/.local/lib/python3.8/site-packages/airflow/example_dags/example_short_circuit_operator.py for tasks to queue
[2025-04-13T15:50:03.127+0000] {logging_mixin.py:188} INFO - [2025-04-13T15:50:03.127+0000] {dagbag.py:538} INFO - Filling up the DagBag from /home/airflow/.local/lib/python3.8/site-packages/airflow/example_dags/example_short_circuit_operator.py
[2025-04-13T15:50:03.137+0000] {processor.py:840} INFO - DAG(s) 'example_short_circuit_operator' retrieved from /home/airflow/.local/lib/python3.8/site-packages/airflow/example_dags/example_short_circuit_operator.py
[2025-04-13T15:50:03.170+0000] {logging_mixin.py:188} INFO - [2025-04-13T15:50:03.169+0000] {dag.py:3036} INFO - Sync 1 DAGs
[2025-04-13T15:50:03.204+0000] {logging_mixin.py:188} INFO - [2025-04-13T15:50:03.204+0000] {dag.py:3823} INFO - Setting next_dagrun for example_short_circuit_operator to 2025-04-12 00:00:00+00:00, run_after=2025-04-13 00:00:00+00:00
[2025-04-13T15:50:03.228+0000] {processor.py:183} INFO - Processing /home/airflow/.local/lib/python3.8/site-packages/airflow/example_dags/example_short_circuit_operator.py took 0.110 seconds
[2025-04-13T15:50:35.976+0000] {processor.py:161} INFO - Started process (PID=3398) to work on /home/airflow/.local/lib/python3.8/site-packages/airflow/example_dags/example_short_circuit_operator.py
[2025-04-13T15:50:35.977+0000] {processor.py:830} INFO - Processing file /home/airflow/.local/lib/python3.8/site-packages/airflow/example_dags/example_short_circuit_operator.py for tasks to queue
[2025-04-13T15:50:35.980+0000] {logging_mixin.py:188} INFO - [2025-04-13T15:50:35.980+0000] {dagbag.py:538} INFO - Filling up the DagBag from /home/airflow/.local/lib/python3.8/site-packages/airflow/example_dags/example_short_circuit_operator.py
[2025-04-13T15:50:35.991+0000] {processor.py:840} INFO - DAG(s) 'example_short_circuit_operator' retrieved from /home/airflow/.local/lib/python3.8/site-packages/airflow/example_dags/example_short_circuit_operator.py
[2025-04-13T15:50:36.047+0000] {logging_mixin.py:188} INFO - [2025-04-13T15:50:36.046+0000] {dag.py:3036} INFO - Sync 1 DAGs
[2025-04-13T15:50:36.102+0000] {logging_mixin.py:188} INFO - [2025-04-13T15:50:36.102+0000] {dag.py:3823} INFO - Setting next_dagrun for example_short_circuit_operator to 2025-04-12 00:00:00+00:00, run_after=2025-04-13 00:00:00+00:00
[2025-04-13T15:50:36.125+0000] {processor.py:183} INFO - Processing /home/airflow/.local/lib/python3.8/site-packages/airflow/example_dags/example_short_circuit_operator.py took 0.154 seconds
[2025-04-13T15:51:07.954+0000] {processor.py:161} INFO - Started process (PID=3453) to work on /home/airflow/.local/lib/python3.8/site-packages/airflow/example_dags/example_short_circuit_operator.py
[2025-04-13T15:51:07.956+0000] {processor.py:830} INFO - Processing file /home/airflow/.local/lib/python3.8/site-packages/airflow/example_dags/example_short_circuit_operator.py for tasks to queue
[2025-04-13T15:51:07.958+0000] {logging_mixin.py:188} INFO - [2025-04-13T15:51:07.958+0000] {dagbag.py:538} INFO - Filling up the DagBag from /home/airflow/.local/lib/python3.8/site-packages/airflow/example_dags/example_short_circuit_operator.py
[2025-04-13T15:51:07.966+0000] {processor.py:840} INFO - DAG(s) 'example_short_circuit_operator' retrieved from /home/airflow/.local/lib/python3.8/site-packages/airflow/example_dags/example_short_circuit_operator.py
[2025-04-13T15:51:07.995+0000] {logging_mixin.py:188} INFO - [2025-04-13T15:51:07.994+0000] {dag.py:3036} INFO - Sync 1 DAGs
[2025-04-13T15:51:08.028+0000] {logging_mixin.py:188} INFO - [2025-04-13T15:51:08.028+0000] {dag.py:3823} INFO - Setting next_dagrun for example_short_circuit_operator to 2025-04-12 00:00:00+00:00, run_after=2025-04-13 00:00:00+00:00
[2025-04-13T15:51:08.056+0000] {processor.py:183} INFO - Processing /home/airflow/.local/lib/python3.8/site-packages/airflow/example_dags/example_short_circuit_operator.py took 0.105 seconds
[2025-04-13T15:51:40.587+0000] {processor.py:161} INFO - Started process (PID=3509) to work on /home/airflow/.local/lib/python3.8/site-packages/airflow/example_dags/example_short_circuit_operator.py
[2025-04-13T15:51:40.588+0000] {processor.py:830} INFO - Processing file /home/airflow/.local/lib/python3.8/site-packages/airflow/example_dags/example_short_circuit_operator.py for tasks to queue
[2025-04-13T15:51:40.591+0000] {logging_mixin.py:188} INFO - [2025-04-13T15:51:40.591+0000] {dagbag.py:538} INFO - Filling up the DagBag from /home/airflow/.local/lib/python3.8/site-packages/airflow/example_dags/example_short_circuit_operator.py
[2025-04-13T15:51:40.600+0000] {processor.py:840} INFO - DAG(s) 'example_short_circuit_operator' retrieved from /home/airflow/.local/lib/python3.8/site-packages/airflow/example_dags/example_short_circuit_operator.py
[2025-04-13T15:51:40.626+0000] {logging_mixin.py:188} INFO - [2025-04-13T15:51:40.626+0000] {dag.py:3036} INFO - Sync 1 DAGs
[2025-04-13T15:51:40.657+0000] {logging_mixin.py:188} INFO - [2025-04-13T15:51:40.656+0000] {dag.py:3823} INFO - Setting next_dagrun for example_short_circuit_operator to 2025-04-12 00:00:00+00:00, run_after=2025-04-13 00:00:00+00:00
[2025-04-13T15:51:40.686+0000] {processor.py:183} INFO - Processing /home/airflow/.local/lib/python3.8/site-packages/airflow/example_dags/example_short_circuit_operator.py took 0.102 seconds
[2025-04-13T15:52:13.783+0000] {processor.py:161} INFO - Started process (PID=3565) to work on /home/airflow/.local/lib/python3.8/site-packages/airflow/example_dags/example_short_circuit_operator.py
[2025-04-13T15:52:13.784+0000] {processor.py:830} INFO - Processing file /home/airflow/.local/lib/python3.8/site-packages/airflow/example_dags/example_short_circuit_operator.py for tasks to queue
[2025-04-13T15:52:13.786+0000] {logging_mixin.py:188} INFO - [2025-04-13T15:52:13.786+0000] {dagbag.py:538} INFO - Filling up the DagBag from /home/airflow/.local/lib/python3.8/site-packages/airflow/example_dags/example_short_circuit_operator.py
[2025-04-13T15:52:13.795+0000] {processor.py:840} INFO - DAG(s) 'example_short_circuit_operator' retrieved from /home/airflow/.local/lib/python3.8/site-packages/airflow/example_dags/example_short_circuit_operator.py
[2025-04-13T15:52:13.821+0000] {logging_mixin.py:188} INFO - [2025-04-13T15:52:13.821+0000] {dag.py:3036} INFO - Sync 1 DAGs
[2025-04-13T15:52:13.850+0000] {logging_mixin.py:188} INFO - [2025-04-13T15:52:13.850+0000] {dag.py:3823} INFO - Setting next_dagrun for example_short_circuit_operator to 2025-04-12 00:00:00+00:00, run_after=2025-04-13 00:00:00+00:00
[2025-04-13T15:52:13.874+0000] {processor.py:183} INFO - Processing /home/airflow/.local/lib/python3.8/site-packages/airflow/example_dags/example_short_circuit_operator.py took 0.095 seconds
[2025-04-13T15:52:46.009+0000] {processor.py:161} INFO - Started process (PID=3621) to work on /home/airflow/.local/lib/python3.8/site-packages/airflow/example_dags/example_short_circuit_operator.py
[2025-04-13T15:52:46.011+0000] {processor.py:830} INFO - Processing file /home/airflow/.local/lib/python3.8/site-packages/airflow/example_dags/example_short_circuit_operator.py for tasks to queue
[2025-04-13T15:52:46.013+0000] {logging_mixin.py:188} INFO - [2025-04-13T15:52:46.013+0000] {dagbag.py:538} INFO - Filling up the DagBag from /home/airflow/.local/lib/python3.8/site-packages/airflow/example_dags/example_short_circuit_operator.py
[2025-04-13T15:52:46.023+0000] {processor.py:840} INFO - DAG(s) 'example_short_circuit_operator' retrieved from /home/airflow/.local/lib/python3.8/site-packages/airflow/example_dags/example_short_circuit_operator.py
[2025-04-13T15:52:46.056+0000] {logging_mixin.py:188} INFO - [2025-04-13T15:52:46.056+0000] {dag.py:3036} INFO - Sync 1 DAGs
[2025-04-13T15:52:46.084+0000] {logging_mixin.py:188} INFO - [2025-04-13T15:52:46.084+0000] {dag.py:3823} INFO - Setting next_dagrun for example_short_circuit_operator to 2025-04-12 00:00:00+00:00, run_after=2025-04-13 00:00:00+00:00
[2025-04-13T15:52:46.110+0000] {processor.py:183} INFO - Processing /home/airflow/.local/lib/python3.8/site-packages/airflow/example_dags/example_short_circuit_operator.py took 0.104 seconds
[2025-04-13T17:20:35.552+0000] {processor.py:161} INFO - Started process (PID=3684) to work on /home/airflow/.local/lib/python3.8/site-packages/airflow/example_dags/example_short_circuit_operator.py
[2025-04-13T17:20:35.558+0000] {processor.py:830} INFO - Processing file /home/airflow/.local/lib/python3.8/site-packages/airflow/example_dags/example_short_circuit_operator.py for tasks to queue
[2025-04-13T17:20:35.563+0000] {logging_mixin.py:188} INFO - [2025-04-13T17:20:35.562+0000] {dagbag.py:538} INFO - Filling up the DagBag from /home/airflow/.local/lib/python3.8/site-packages/airflow/example_dags/example_short_circuit_operator.py
[2025-04-13T17:20:35.595+0000] {processor.py:840} INFO - DAG(s) 'example_short_circuit_operator' retrieved from /home/airflow/.local/lib/python3.8/site-packages/airflow/example_dags/example_short_circuit_operator.py
[2025-04-13T17:20:35.735+0000] {logging_mixin.py:188} INFO - [2025-04-13T17:20:35.734+0000] {dag.py:3036} INFO - Sync 1 DAGs
[2025-04-13T17:20:35.869+0000] {logging_mixin.py:188} INFO - [2025-04-13T17:20:35.869+0000] {dag.py:3823} INFO - Setting next_dagrun for example_short_circuit_operator to 2025-04-12 00:00:00+00:00, run_after=2025-04-13 00:00:00+00:00
[2025-04-13T17:20:35.933+0000] {processor.py:183} INFO - Processing /home/airflow/.local/lib/python3.8/site-packages/airflow/example_dags/example_short_circuit_operator.py took 0.398 seconds
[2025-04-13T17:21:06.689+0000] {processor.py:161} INFO - Started process (PID=3741) to work on /home/airflow/.local/lib/python3.8/site-packages/airflow/example_dags/example_short_circuit_operator.py
[2025-04-13T17:21:06.690+0000] {processor.py:830} INFO - Processing file /home/airflow/.local/lib/python3.8/site-packages/airflow/example_dags/example_short_circuit_operator.py for tasks to queue
[2025-04-13T17:21:06.693+0000] {logging_mixin.py:188} INFO - [2025-04-13T17:21:06.693+0000] {dagbag.py:538} INFO - Filling up the DagBag from /home/airflow/.local/lib/python3.8/site-packages/airflow/example_dags/example_short_circuit_operator.py
[2025-04-13T17:21:06.709+0000] {processor.py:840} INFO - DAG(s) 'example_short_circuit_operator' retrieved from /home/airflow/.local/lib/python3.8/site-packages/airflow/example_dags/example_short_circuit_operator.py
[2025-04-13T17:21:06.738+0000] {logging_mixin.py:188} INFO - [2025-04-13T17:21:06.737+0000] {dag.py:3036} INFO - Sync 1 DAGs
[2025-04-13T17:21:06.768+0000] {logging_mixin.py:188} INFO - [2025-04-13T17:21:06.768+0000] {dag.py:3823} INFO - Setting next_dagrun for example_short_circuit_operator to 2025-04-12 00:00:00+00:00, run_after=2025-04-13 00:00:00+00:00
[2025-04-13T17:21:06.816+0000] {processor.py:183} INFO - Processing /home/airflow/.local/lib/python3.8/site-packages/airflow/example_dags/example_short_circuit_operator.py took 0.131 seconds
[2025-04-13T17:21:37.026+0000] {processor.py:161} INFO - Started process (PID=3797) to work on /home/airflow/.local/lib/python3.8/site-packages/airflow/example_dags/example_short_circuit_operator.py
[2025-04-13T17:21:37.028+0000] {processor.py:830} INFO - Processing file /home/airflow/.local/lib/python3.8/site-packages/airflow/example_dags/example_short_circuit_operator.py for tasks to queue
[2025-04-13T17:21:37.031+0000] {logging_mixin.py:188} INFO - [2025-04-13T17:21:37.030+0000] {dagbag.py:538} INFO - Filling up the DagBag from /home/airflow/.local/lib/python3.8/site-packages/airflow/example_dags/example_short_circuit_operator.py
[2025-04-13T17:21:37.044+0000] {processor.py:840} INFO - DAG(s) 'example_short_circuit_operator' retrieved from /home/airflow/.local/lib/python3.8/site-packages/airflow/example_dags/example_short_circuit_operator.py
[2025-04-13T17:21:37.086+0000] {logging_mixin.py:188} INFO - [2025-04-13T17:21:37.085+0000] {dag.py:3036} INFO - Sync 1 DAGs
[2025-04-13T17:21:37.126+0000] {logging_mixin.py:188} INFO - [2025-04-13T17:21:37.125+0000] {dag.py:3823} INFO - Setting next_dagrun for example_short_circuit_operator to 2025-04-12 00:00:00+00:00, run_after=2025-04-13 00:00:00+00:00
[2025-04-13T17:21:37.188+0000] {processor.py:183} INFO - Processing /home/airflow/.local/lib/python3.8/site-packages/airflow/example_dags/example_short_circuit_operator.py took 0.167 seconds
[2025-04-13T17:22:07.375+0000] {processor.py:161} INFO - Started process (PID=3853) to work on /home/airflow/.local/lib/python3.8/site-packages/airflow/example_dags/example_short_circuit_operator.py
[2025-04-13T17:22:07.377+0000] {processor.py:830} INFO - Processing file /home/airflow/.local/lib/python3.8/site-packages/airflow/example_dags/example_short_circuit_operator.py for tasks to queue
[2025-04-13T17:22:07.379+0000] {logging_mixin.py:188} INFO - [2025-04-13T17:22:07.378+0000] {dagbag.py:538} INFO - Filling up the DagBag from /home/airflow/.local/lib/python3.8/site-packages/airflow/example_dags/example_short_circuit_operator.py
[2025-04-13T17:22:07.391+0000] {processor.py:840} INFO - DAG(s) 'example_short_circuit_operator' retrieved from /home/airflow/.local/lib/python3.8/site-packages/airflow/example_dags/example_short_circuit_operator.py
[2025-04-13T17:22:07.422+0000] {logging_mixin.py:188} INFO - [2025-04-13T17:22:07.422+0000] {dag.py:3036} INFO - Sync 1 DAGs
[2025-04-13T17:22:07.450+0000] {logging_mixin.py:188} INFO - [2025-04-13T17:22:07.450+0000] {dag.py:3823} INFO - Setting next_dagrun for example_short_circuit_operator to 2025-04-12 00:00:00+00:00, run_after=2025-04-13 00:00:00+00:00
[2025-04-13T17:22:07.492+0000] {processor.py:183} INFO - Processing /home/airflow/.local/lib/python3.8/site-packages/airflow/example_dags/example_short_circuit_operator.py took 0.121 seconds
[2025-04-13T17:22:37.921+0000] {processor.py:161} INFO - Started process (PID=3909) to work on /home/airflow/.local/lib/python3.8/site-packages/airflow/example_dags/example_short_circuit_operator.py
[2025-04-13T17:22:37.923+0000] {processor.py:830} INFO - Processing file /home/airflow/.local/lib/python3.8/site-packages/airflow/example_dags/example_short_circuit_operator.py for tasks to queue
[2025-04-13T17:22:37.925+0000] {logging_mixin.py:188} INFO - [2025-04-13T17:22:37.925+0000] {dagbag.py:538} INFO - Filling up the DagBag from /home/airflow/.local/lib/python3.8/site-packages/airflow/example_dags/example_short_circuit_operator.py
[2025-04-13T17:22:37.938+0000] {processor.py:840} INFO - DAG(s) 'example_short_circuit_operator' retrieved from /home/airflow/.local/lib/python3.8/site-packages/airflow/example_dags/example_short_circuit_operator.py
[2025-04-13T17:22:37.979+0000] {logging_mixin.py:188} INFO - [2025-04-13T17:22:37.979+0000] {dag.py:3036} INFO - Sync 1 DAGs
[2025-04-13T17:22:38.022+0000] {logging_mixin.py:188} INFO - [2025-04-13T17:22:38.021+0000] {dag.py:3823} INFO - Setting next_dagrun for example_short_circuit_operator to 2025-04-12 00:00:00+00:00, run_after=2025-04-13 00:00:00+00:00
[2025-04-13T17:22:38.058+0000] {processor.py:183} INFO - Processing /home/airflow/.local/lib/python3.8/site-packages/airflow/example_dags/example_short_circuit_operator.py took 0.144 seconds
[2025-04-13T17:23:08.366+0000] {processor.py:161} INFO - Started process (PID=3965) to work on /home/airflow/.local/lib/python3.8/site-packages/airflow/example_dags/example_short_circuit_operator.py
[2025-04-13T17:23:08.368+0000] {processor.py:830} INFO - Processing file /home/airflow/.local/lib/python3.8/site-packages/airflow/example_dags/example_short_circuit_operator.py for tasks to queue
[2025-04-13T17:23:08.371+0000] {logging_mixin.py:188} INFO - [2025-04-13T17:23:08.371+0000] {dagbag.py:538} INFO - Filling up the DagBag from /home/airflow/.local/lib/python3.8/site-packages/airflow/example_dags/example_short_circuit_operator.py
[2025-04-13T17:23:08.416+0000] {processor.py:840} INFO - DAG(s) 'example_short_circuit_operator' retrieved from /home/airflow/.local/lib/python3.8/site-packages/airflow/example_dags/example_short_circuit_operator.py
[2025-04-13T17:23:08.474+0000] {logging_mixin.py:188} INFO - [2025-04-13T17:23:08.474+0000] {dag.py:3036} INFO - Sync 1 DAGs
[2025-04-13T17:23:08.511+0000] {logging_mixin.py:188} INFO - [2025-04-13T17:23:08.511+0000] {dag.py:3823} INFO - Setting next_dagrun for example_short_circuit_operator to 2025-04-12 00:00:00+00:00, run_after=2025-04-13 00:00:00+00:00
[2025-04-13T17:23:08.576+0000] {processor.py:183} INFO - Processing /home/airflow/.local/lib/python3.8/site-packages/airflow/example_dags/example_short_circuit_operator.py took 0.222 seconds
[2025-04-13T17:23:39.300+0000] {processor.py:161} INFO - Started process (PID=4021) to work on /home/airflow/.local/lib/python3.8/site-packages/airflow/example_dags/example_short_circuit_operator.py
[2025-04-13T17:23:39.302+0000] {processor.py:830} INFO - Processing file /home/airflow/.local/lib/python3.8/site-packages/airflow/example_dags/example_short_circuit_operator.py for tasks to queue
[2025-04-13T17:23:39.304+0000] {logging_mixin.py:188} INFO - [2025-04-13T17:23:39.304+0000] {dagbag.py:538} INFO - Filling up the DagBag from /home/airflow/.local/lib/python3.8/site-packages/airflow/example_dags/example_short_circuit_operator.py
[2025-04-13T17:23:39.313+0000] {processor.py:840} INFO - DAG(s) 'example_short_circuit_operator' retrieved from /home/airflow/.local/lib/python3.8/site-packages/airflow/example_dags/example_short_circuit_operator.py
[2025-04-13T17:23:39.343+0000] {logging_mixin.py:188} INFO - [2025-04-13T17:23:39.343+0000] {dag.py:3036} INFO - Sync 1 DAGs
[2025-04-13T17:23:39.372+0000] {logging_mixin.py:188} INFO - [2025-04-13T17:23:39.372+0000] {dag.py:3823} INFO - Setting next_dagrun for example_short_circuit_operator to 2025-04-12 00:00:00+00:00, run_after=2025-04-13 00:00:00+00:00
[2025-04-13T17:23:39.396+0000] {processor.py:183} INFO - Processing /home/airflow/.local/lib/python3.8/site-packages/airflow/example_dags/example_short_circuit_operator.py took 0.101 seconds
[2025-04-13T17:24:09.756+0000] {processor.py:161} INFO - Started process (PID=4077) to work on /home/airflow/.local/lib/python3.8/site-packages/airflow/example_dags/example_short_circuit_operator.py
[2025-04-13T17:24:09.757+0000] {processor.py:830} INFO - Processing file /home/airflow/.local/lib/python3.8/site-packages/airflow/example_dags/example_short_circuit_operator.py for tasks to queue
[2025-04-13T17:24:09.760+0000] {logging_mixin.py:188} INFO - [2025-04-13T17:24:09.760+0000] {dagbag.py:538} INFO - Filling up the DagBag from /home/airflow/.local/lib/python3.8/site-packages/airflow/example_dags/example_short_circuit_operator.py
[2025-04-13T17:24:09.771+0000] {processor.py:840} INFO - DAG(s) 'example_short_circuit_operator' retrieved from /home/airflow/.local/lib/python3.8/site-packages/airflow/example_dags/example_short_circuit_operator.py
[2025-04-13T17:24:09.802+0000] {logging_mixin.py:188} INFO - [2025-04-13T17:24:09.802+0000] {dag.py:3036} INFO - Sync 1 DAGs
[2025-04-13T17:24:09.830+0000] {logging_mixin.py:188} INFO - [2025-04-13T17:24:09.830+0000] {dag.py:3823} INFO - Setting next_dagrun for example_short_circuit_operator to 2025-04-12 00:00:00+00:00, run_after=2025-04-13 00:00:00+00:00
[2025-04-13T17:24:09.866+0000] {processor.py:183} INFO - Processing /home/airflow/.local/lib/python3.8/site-packages/airflow/example_dags/example_short_circuit_operator.py took 0.115 seconds
[2025-04-13T17:24:40.382+0000] {processor.py:161} INFO - Started process (PID=4133) to work on /home/airflow/.local/lib/python3.8/site-packages/airflow/example_dags/example_short_circuit_operator.py
[2025-04-13T17:24:40.383+0000] {processor.py:830} INFO - Processing file /home/airflow/.local/lib/python3.8/site-packages/airflow/example_dags/example_short_circuit_operator.py for tasks to queue
[2025-04-13T17:24:40.386+0000] {logging_mixin.py:188} INFO - [2025-04-13T17:24:40.386+0000] {dagbag.py:538} INFO - Filling up the DagBag from /home/airflow/.local/lib/python3.8/site-packages/airflow/example_dags/example_short_circuit_operator.py
[2025-04-13T17:24:40.399+0000] {processor.py:840} INFO - DAG(s) 'example_short_circuit_operator' retrieved from /home/airflow/.local/lib/python3.8/site-packages/airflow/example_dags/example_short_circuit_operator.py
[2025-04-13T17:24:40.435+0000] {logging_mixin.py:188} INFO - [2025-04-13T17:24:40.435+0000] {dag.py:3036} INFO - Sync 1 DAGs
[2025-04-13T17:24:40.471+0000] {logging_mixin.py:188} INFO - [2025-04-13T17:24:40.470+0000] {dag.py:3823} INFO - Setting next_dagrun for example_short_circuit_operator to 2025-04-12 00:00:00+00:00, run_after=2025-04-13 00:00:00+00:00
[2025-04-13T17:24:40.518+0000] {processor.py:183} INFO - Processing /home/airflow/.local/lib/python3.8/site-packages/airflow/example_dags/example_short_circuit_operator.py took 0.140 seconds
[2025-04-13T17:25:10.637+0000] {processor.py:161} INFO - Started process (PID=4189) to work on /home/airflow/.local/lib/python3.8/site-packages/airflow/example_dags/example_short_circuit_operator.py
[2025-04-13T17:25:10.638+0000] {processor.py:830} INFO - Processing file /home/airflow/.local/lib/python3.8/site-packages/airflow/example_dags/example_short_circuit_operator.py for tasks to queue
[2025-04-13T17:25:10.641+0000] {logging_mixin.py:188} INFO - [2025-04-13T17:25:10.640+0000] {dagbag.py:538} INFO - Filling up the DagBag from /home/airflow/.local/lib/python3.8/site-packages/airflow/example_dags/example_short_circuit_operator.py
[2025-04-13T17:25:10.653+0000] {processor.py:840} INFO - DAG(s) 'example_short_circuit_operator' retrieved from /home/airflow/.local/lib/python3.8/site-packages/airflow/example_dags/example_short_circuit_operator.py
[2025-04-13T17:25:10.682+0000] {logging_mixin.py:188} INFO - [2025-04-13T17:25:10.682+0000] {dag.py:3036} INFO - Sync 1 DAGs
[2025-04-13T17:25:10.713+0000] {logging_mixin.py:188} INFO - [2025-04-13T17:25:10.712+0000] {dag.py:3823} INFO - Setting next_dagrun for example_short_circuit_operator to 2025-04-12 00:00:00+00:00, run_after=2025-04-13 00:00:00+00:00
[2025-04-13T17:25:10.782+0000] {processor.py:183} INFO - Processing /home/airflow/.local/lib/python3.8/site-packages/airflow/example_dags/example_short_circuit_operator.py took 0.151 seconds
[2025-04-13T17:25:41.546+0000] {processor.py:161} INFO - Started process (PID=4244) to work on /home/airflow/.local/lib/python3.8/site-packages/airflow/example_dags/example_short_circuit_operator.py
[2025-04-13T17:25:41.547+0000] {processor.py:830} INFO - Processing file /home/airflow/.local/lib/python3.8/site-packages/airflow/example_dags/example_short_circuit_operator.py for tasks to queue
[2025-04-13T17:25:41.551+0000] {logging_mixin.py:188} INFO - [2025-04-13T17:25:41.550+0000] {dagbag.py:538} INFO - Filling up the DagBag from /home/airflow/.local/lib/python3.8/site-packages/airflow/example_dags/example_short_circuit_operator.py
[2025-04-13T17:25:41.565+0000] {processor.py:840} INFO - DAG(s) 'example_short_circuit_operator' retrieved from /home/airflow/.local/lib/python3.8/site-packages/airflow/example_dags/example_short_circuit_operator.py
[2025-04-13T17:25:41.599+0000] {logging_mixin.py:188} INFO - [2025-04-13T17:25:41.599+0000] {dag.py:3036} INFO - Sync 1 DAGs
[2025-04-13T17:25:41.626+0000] {logging_mixin.py:188} INFO - [2025-04-13T17:25:41.626+0000] {dag.py:3823} INFO - Setting next_dagrun for example_short_circuit_operator to 2025-04-12 00:00:00+00:00, run_after=2025-04-13 00:00:00+00:00
[2025-04-13T17:25:41.652+0000] {processor.py:183} INFO - Processing /home/airflow/.local/lib/python3.8/site-packages/airflow/example_dags/example_short_circuit_operator.py took 0.111 seconds
[2025-04-13T17:26:12.124+0000] {processor.py:161} INFO - Started process (PID=4300) to work on /home/airflow/.local/lib/python3.8/site-packages/airflow/example_dags/example_short_circuit_operator.py
[2025-04-13T17:26:12.125+0000] {processor.py:830} INFO - Processing file /home/airflow/.local/lib/python3.8/site-packages/airflow/example_dags/example_short_circuit_operator.py for tasks to queue
[2025-04-13T17:26:12.128+0000] {logging_mixin.py:188} INFO - [2025-04-13T17:26:12.128+0000] {dagbag.py:538} INFO - Filling up the DagBag from /home/airflow/.local/lib/python3.8/site-packages/airflow/example_dags/example_short_circuit_operator.py
[2025-04-13T17:26:12.142+0000] {processor.py:840} INFO - DAG(s) 'example_short_circuit_operator' retrieved from /home/airflow/.local/lib/python3.8/site-packages/airflow/example_dags/example_short_circuit_operator.py
[2025-04-13T17:26:12.193+0000] {logging_mixin.py:188} INFO - [2025-04-13T17:26:12.193+0000] {dag.py:3036} INFO - Sync 1 DAGs
[2025-04-13T17:26:12.245+0000] {logging_mixin.py:188} INFO - [2025-04-13T17:26:12.244+0000] {dag.py:3823} INFO - Setting next_dagrun for example_short_circuit_operator to 2025-04-12 00:00:00+00:00, run_after=2025-04-13 00:00:00+00:00
[2025-04-13T17:26:12.272+0000] {processor.py:183} INFO - Processing /home/airflow/.local/lib/python3.8/site-packages/airflow/example_dags/example_short_circuit_operator.py took 0.153 seconds
[2025-04-13T17:26:44.379+0000] {processor.py:161} INFO - Started process (PID=4357) to work on /home/airflow/.local/lib/python3.8/site-packages/airflow/example_dags/example_short_circuit_operator.py
[2025-04-13T17:26:44.393+0000] {processor.py:830} INFO - Processing file /home/airflow/.local/lib/python3.8/site-packages/airflow/example_dags/example_short_circuit_operator.py for tasks to queue
[2025-04-13T17:26:44.429+0000] {logging_mixin.py:188} INFO - [2025-04-13T17:26:44.428+0000] {dagbag.py:538} INFO - Filling up the DagBag from /home/airflow/.local/lib/python3.8/site-packages/airflow/example_dags/example_short_circuit_operator.py
[2025-04-13T17:26:44.492+0000] {processor.py:840} INFO - DAG(s) 'example_short_circuit_operator' retrieved from /home/airflow/.local/lib/python3.8/site-packages/airflow/example_dags/example_short_circuit_operator.py
[2025-04-13T17:26:44.672+0000] {logging_mixin.py:188} INFO - [2025-04-13T17:26:44.672+0000] {dag.py:3036} INFO - Sync 1 DAGs
[2025-04-13T17:26:44.892+0000] {logging_mixin.py:188} INFO - [2025-04-13T17:26:44.891+0000] {dag.py:3823} INFO - Setting next_dagrun for example_short_circuit_operator to 2025-04-12 00:00:00+00:00, run_after=2025-04-13 00:00:00+00:00
[2025-04-13T17:26:44.966+0000] {processor.py:183} INFO - Processing /home/airflow/.local/lib/python3.8/site-packages/airflow/example_dags/example_short_circuit_operator.py took 0.622 seconds
[2025-04-13T17:27:16.005+0000] {processor.py:161} INFO - Started process (PID=4414) to work on /home/airflow/.local/lib/python3.8/site-packages/airflow/example_dags/example_short_circuit_operator.py
[2025-04-13T17:27:16.007+0000] {processor.py:830} INFO - Processing file /home/airflow/.local/lib/python3.8/site-packages/airflow/example_dags/example_short_circuit_operator.py for tasks to queue
[2025-04-13T17:27:16.012+0000] {logging_mixin.py:188} INFO - [2025-04-13T17:27:16.012+0000] {dagbag.py:538} INFO - Filling up the DagBag from /home/airflow/.local/lib/python3.8/site-packages/airflow/example_dags/example_short_circuit_operator.py
[2025-04-13T17:27:16.032+0000] {processor.py:840} INFO - DAG(s) 'example_short_circuit_operator' retrieved from /home/airflow/.local/lib/python3.8/site-packages/airflow/example_dags/example_short_circuit_operator.py
[2025-04-13T17:27:16.074+0000] {logging_mixin.py:188} INFO - [2025-04-13T17:27:16.074+0000] {dag.py:3036} INFO - Sync 1 DAGs
[2025-04-13T17:27:16.102+0000] {logging_mixin.py:188} INFO - [2025-04-13T17:27:16.102+0000] {dag.py:3823} INFO - Setting next_dagrun for example_short_circuit_operator to 2025-04-12 00:00:00+00:00, run_after=2025-04-13 00:00:00+00:00
[2025-04-13T17:27:16.178+0000] {processor.py:183} INFO - Processing /home/airflow/.local/lib/python3.8/site-packages/airflow/example_dags/example_short_circuit_operator.py took 0.182 seconds
[2025-04-13T17:27:47.559+0000] {processor.py:161} INFO - Started process (PID=4470) to work on /home/airflow/.local/lib/python3.8/site-packages/airflow/example_dags/example_short_circuit_operator.py
[2025-04-13T17:27:47.561+0000] {processor.py:830} INFO - Processing file /home/airflow/.local/lib/python3.8/site-packages/airflow/example_dags/example_short_circuit_operator.py for tasks to queue
[2025-04-13T17:27:47.564+0000] {logging_mixin.py:188} INFO - [2025-04-13T17:27:47.563+0000] {dagbag.py:538} INFO - Filling up the DagBag from /home/airflow/.local/lib/python3.8/site-packages/airflow/example_dags/example_short_circuit_operator.py
[2025-04-13T17:27:47.577+0000] {processor.py:840} INFO - DAG(s) 'example_short_circuit_operator' retrieved from /home/airflow/.local/lib/python3.8/site-packages/airflow/example_dags/example_short_circuit_operator.py
[2025-04-13T17:27:47.614+0000] {logging_mixin.py:188} INFO - [2025-04-13T17:27:47.614+0000] {dag.py:3036} INFO - Sync 1 DAGs
[2025-04-13T17:27:47.648+0000] {logging_mixin.py:188} INFO - [2025-04-13T17:27:47.647+0000] {dag.py:3823} INFO - Setting next_dagrun for example_short_circuit_operator to 2025-04-12 00:00:00+00:00, run_after=2025-04-13 00:00:00+00:00
[2025-04-13T17:27:47.678+0000] {processor.py:183} INFO - Processing /home/airflow/.local/lib/python3.8/site-packages/airflow/example_dags/example_short_circuit_operator.py took 0.124 seconds
[2025-04-13T17:28:21.347+0000] {processor.py:161} INFO - Started process (PID=4530) to work on /home/airflow/.local/lib/python3.8/site-packages/airflow/example_dags/example_short_circuit_operator.py
[2025-04-13T17:28:21.349+0000] {processor.py:830} INFO - Processing file /home/airflow/.local/lib/python3.8/site-packages/airflow/example_dags/example_short_circuit_operator.py for tasks to queue
[2025-04-13T17:28:21.353+0000] {logging_mixin.py:188} INFO - [2025-04-13T17:28:21.352+0000] {dagbag.py:538} INFO - Filling up the DagBag from /home/airflow/.local/lib/python3.8/site-packages/airflow/example_dags/example_short_circuit_operator.py
[2025-04-13T17:28:21.367+0000] {processor.py:840} INFO - DAG(s) 'example_short_circuit_operator' retrieved from /home/airflow/.local/lib/python3.8/site-packages/airflow/example_dags/example_short_circuit_operator.py
[2025-04-13T17:28:21.404+0000] {logging_mixin.py:188} INFO - [2025-04-13T17:28:21.404+0000] {dag.py:3036} INFO - Sync 1 DAGs
[2025-04-13T17:28:21.433+0000] {logging_mixin.py:188} INFO - [2025-04-13T17:28:21.433+0000] {dag.py:3823} INFO - Setting next_dagrun for example_short_circuit_operator to 2025-04-12 00:00:00+00:00, run_after=2025-04-13 00:00:00+00:00
[2025-04-13T17:28:21.461+0000] {processor.py:183} INFO - Processing /home/airflow/.local/lib/python3.8/site-packages/airflow/example_dags/example_short_circuit_operator.py took 0.119 seconds
[2025-04-13T17:28:52.296+0000] {processor.py:161} INFO - Started process (PID=4585) to work on /home/airflow/.local/lib/python3.8/site-packages/airflow/example_dags/example_short_circuit_operator.py
[2025-04-13T17:28:52.299+0000] {processor.py:830} INFO - Processing file /home/airflow/.local/lib/python3.8/site-packages/airflow/example_dags/example_short_circuit_operator.py for tasks to queue
[2025-04-13T17:28:52.305+0000] {logging_mixin.py:188} INFO - [2025-04-13T17:28:52.304+0000] {dagbag.py:538} INFO - Filling up the DagBag from /home/airflow/.local/lib/python3.8/site-packages/airflow/example_dags/example_short_circuit_operator.py
[2025-04-13T17:28:52.321+0000] {processor.py:840} INFO - DAG(s) 'example_short_circuit_operator' retrieved from /home/airflow/.local/lib/python3.8/site-packages/airflow/example_dags/example_short_circuit_operator.py
[2025-04-13T17:28:52.363+0000] {logging_mixin.py:188} INFO - [2025-04-13T17:28:52.363+0000] {dag.py:3036} INFO - Sync 1 DAGs
[2025-04-13T17:28:52.398+0000] {logging_mixin.py:188} INFO - [2025-04-13T17:28:52.398+0000] {dag.py:3823} INFO - Setting next_dagrun for example_short_circuit_operator to 2025-04-12 00:00:00+00:00, run_after=2025-04-13 00:00:00+00:00
[2025-04-13T17:28:52.449+0000] {processor.py:183} INFO - Processing /home/airflow/.local/lib/python3.8/site-packages/airflow/example_dags/example_short_circuit_operator.py took 0.165 seconds
[2025-04-13T17:29:25.516+0000] {processor.py:161} INFO - Started process (PID=4646) to work on /home/airflow/.local/lib/python3.8/site-packages/airflow/example_dags/example_short_circuit_operator.py
[2025-04-13T17:29:25.518+0000] {processor.py:830} INFO - Processing file /home/airflow/.local/lib/python3.8/site-packages/airflow/example_dags/example_short_circuit_operator.py for tasks to queue
[2025-04-13T17:29:25.520+0000] {logging_mixin.py:188} INFO - [2025-04-13T17:29:25.520+0000] {dagbag.py:538} INFO - Filling up the DagBag from /home/airflow/.local/lib/python3.8/site-packages/airflow/example_dags/example_short_circuit_operator.py
[2025-04-13T17:29:25.532+0000] {processor.py:840} INFO - DAG(s) 'example_short_circuit_operator' retrieved from /home/airflow/.local/lib/python3.8/site-packages/airflow/example_dags/example_short_circuit_operator.py
[2025-04-13T17:29:25.574+0000] {logging_mixin.py:188} INFO - [2025-04-13T17:29:25.574+0000] {dag.py:3036} INFO - Sync 1 DAGs
[2025-04-13T17:29:25.614+0000] {logging_mixin.py:188} INFO - [2025-04-13T17:29:25.614+0000] {dag.py:3823} INFO - Setting next_dagrun for example_short_circuit_operator to 2025-04-12 00:00:00+00:00, run_after=2025-04-13 00:00:00+00:00
[2025-04-13T17:29:25.649+0000] {processor.py:183} INFO - Processing /home/airflow/.local/lib/python3.8/site-packages/airflow/example_dags/example_short_circuit_operator.py took 0.137 seconds
[2025-04-13T17:29:58.413+0000] {processor.py:161} INFO - Started process (PID=4703) to work on /home/airflow/.local/lib/python3.8/site-packages/airflow/example_dags/example_short_circuit_operator.py
[2025-04-13T17:29:58.414+0000] {processor.py:830} INFO - Processing file /home/airflow/.local/lib/python3.8/site-packages/airflow/example_dags/example_short_circuit_operator.py for tasks to queue
[2025-04-13T17:29:58.416+0000] {logging_mixin.py:188} INFO - [2025-04-13T17:29:58.416+0000] {dagbag.py:538} INFO - Filling up the DagBag from /home/airflow/.local/lib/python3.8/site-packages/airflow/example_dags/example_short_circuit_operator.py
[2025-04-13T17:29:58.427+0000] {processor.py:840} INFO - DAG(s) 'example_short_circuit_operator' retrieved from /home/airflow/.local/lib/python3.8/site-packages/airflow/example_dags/example_short_circuit_operator.py
[2025-04-13T17:29:58.459+0000] {logging_mixin.py:188} INFO - [2025-04-13T17:29:58.458+0000] {dag.py:3036} INFO - Sync 1 DAGs
[2025-04-13T17:29:58.503+0000] {logging_mixin.py:188} INFO - [2025-04-13T17:29:58.502+0000] {dag.py:3823} INFO - Setting next_dagrun for example_short_circuit_operator to 2025-04-12 00:00:00+00:00, run_after=2025-04-13 00:00:00+00:00
[2025-04-13T17:29:58.543+0000] {processor.py:183} INFO - Processing /home/airflow/.local/lib/python3.8/site-packages/airflow/example_dags/example_short_circuit_operator.py took 0.135 seconds
[2025-04-13T17:30:31.846+0000] {processor.py:161} INFO - Started process (PID=4760) to work on /home/airflow/.local/lib/python3.8/site-packages/airflow/example_dags/example_short_circuit_operator.py
[2025-04-13T17:30:31.848+0000] {processor.py:830} INFO - Processing file /home/airflow/.local/lib/python3.8/site-packages/airflow/example_dags/example_short_circuit_operator.py for tasks to queue
[2025-04-13T17:30:31.852+0000] {logging_mixin.py:188} INFO - [2025-04-13T17:30:31.851+0000] {dagbag.py:538} INFO - Filling up the DagBag from /home/airflow/.local/lib/python3.8/site-packages/airflow/example_dags/example_short_circuit_operator.py
[2025-04-13T17:30:31.865+0000] {processor.py:840} INFO - DAG(s) 'example_short_circuit_operator' retrieved from /home/airflow/.local/lib/python3.8/site-packages/airflow/example_dags/example_short_circuit_operator.py
[2025-04-13T17:30:31.902+0000] {logging_mixin.py:188} INFO - [2025-04-13T17:30:31.902+0000] {dag.py:3036} INFO - Sync 1 DAGs
[2025-04-13T17:30:31.932+0000] {logging_mixin.py:188} INFO - [2025-04-13T17:30:31.932+0000] {dag.py:3823} INFO - Setting next_dagrun for example_short_circuit_operator to 2025-04-12 00:00:00+00:00, run_after=2025-04-13 00:00:00+00:00
[2025-04-13T17:30:31.988+0000] {processor.py:183} INFO - Processing /home/airflow/.local/lib/python3.8/site-packages/airflow/example_dags/example_short_circuit_operator.py took 0.147 seconds
[2025-04-13T17:31:02.781+0000] {processor.py:161} INFO - Started process (PID=4816) to work on /home/airflow/.local/lib/python3.8/site-packages/airflow/example_dags/example_short_circuit_operator.py
[2025-04-13T17:31:02.783+0000] {processor.py:830} INFO - Processing file /home/airflow/.local/lib/python3.8/site-packages/airflow/example_dags/example_short_circuit_operator.py for tasks to queue
[2025-04-13T17:31:02.786+0000] {logging_mixin.py:188} INFO - [2025-04-13T17:31:02.785+0000] {dagbag.py:538} INFO - Filling up the DagBag from /home/airflow/.local/lib/python3.8/site-packages/airflow/example_dags/example_short_circuit_operator.py
[2025-04-13T17:31:02.800+0000] {processor.py:840} INFO - DAG(s) 'example_short_circuit_operator' retrieved from /home/airflow/.local/lib/python3.8/site-packages/airflow/example_dags/example_short_circuit_operator.py
[2025-04-13T17:31:02.838+0000] {logging_mixin.py:188} INFO - [2025-04-13T17:31:02.837+0000] {dag.py:3036} INFO - Sync 1 DAGs
[2025-04-13T17:31:02.876+0000] {logging_mixin.py:188} INFO - [2025-04-13T17:31:02.875+0000] {dag.py:3823} INFO - Setting next_dagrun for example_short_circuit_operator to 2025-04-12 00:00:00+00:00, run_after=2025-04-13 00:00:00+00:00
[2025-04-13T17:31:02.928+0000] {processor.py:183} INFO - Processing /home/airflow/.local/lib/python3.8/site-packages/airflow/example_dags/example_short_circuit_operator.py took 0.153 seconds
[2025-04-13T17:31:35.799+0000] {processor.py:161} INFO - Started process (PID=4873) to work on /home/airflow/.local/lib/python3.8/site-packages/airflow/example_dags/example_short_circuit_operator.py
[2025-04-13T17:31:35.800+0000] {processor.py:830} INFO - Processing file /home/airflow/.local/lib/python3.8/site-packages/airflow/example_dags/example_short_circuit_operator.py for tasks to queue
[2025-04-13T17:31:35.803+0000] {logging_mixin.py:188} INFO - [2025-04-13T17:31:35.803+0000] {dagbag.py:538} INFO - Filling up the DagBag from /home/airflow/.local/lib/python3.8/site-packages/airflow/example_dags/example_short_circuit_operator.py
[2025-04-13T17:31:35.817+0000] {processor.py:840} INFO - DAG(s) 'example_short_circuit_operator' retrieved from /home/airflow/.local/lib/python3.8/site-packages/airflow/example_dags/example_short_circuit_operator.py
[2025-04-13T17:31:35.855+0000] {logging_mixin.py:188} INFO - [2025-04-13T17:31:35.855+0000] {dag.py:3036} INFO - Sync 1 DAGs
[2025-04-13T17:31:35.888+0000] {logging_mixin.py:188} INFO - [2025-04-13T17:31:35.888+0000] {dag.py:3823} INFO - Setting next_dagrun for example_short_circuit_operator to 2025-04-12 00:00:00+00:00, run_after=2025-04-13 00:00:00+00:00
[2025-04-13T17:31:35.953+0000] {processor.py:183} INFO - Processing /home/airflow/.local/lib/python3.8/site-packages/airflow/example_dags/example_short_circuit_operator.py took 0.160 seconds
[2025-04-13T17:32:08.998+0000] {processor.py:161} INFO - Started process (PID=4929) to work on /home/airflow/.local/lib/python3.8/site-packages/airflow/example_dags/example_short_circuit_operator.py
[2025-04-13T17:32:09.004+0000] {processor.py:830} INFO - Processing file /home/airflow/.local/lib/python3.8/site-packages/airflow/example_dags/example_short_circuit_operator.py for tasks to queue
[2025-04-13T17:32:09.019+0000] {logging_mixin.py:188} INFO - [2025-04-13T17:32:09.018+0000] {dagbag.py:538} INFO - Filling up the DagBag from /home/airflow/.local/lib/python3.8/site-packages/airflow/example_dags/example_short_circuit_operator.py
[2025-04-13T17:32:09.038+0000] {processor.py:840} INFO - DAG(s) 'example_short_circuit_operator' retrieved from /home/airflow/.local/lib/python3.8/site-packages/airflow/example_dags/example_short_circuit_operator.py
[2025-04-13T17:32:09.077+0000] {logging_mixin.py:188} INFO - [2025-04-13T17:32:09.077+0000] {dag.py:3036} INFO - Sync 1 DAGs
[2025-04-13T17:32:09.107+0000] {logging_mixin.py:188} INFO - [2025-04-13T17:32:09.107+0000] {dag.py:3823} INFO - Setting next_dagrun for example_short_circuit_operator to 2025-04-12 00:00:00+00:00, run_after=2025-04-13 00:00:00+00:00
[2025-04-13T17:32:09.135+0000] {processor.py:183} INFO - Processing /home/airflow/.local/lib/python3.8/site-packages/airflow/example_dags/example_short_circuit_operator.py took 0.145 seconds
[2025-04-13T17:32:41.606+0000] {processor.py:161} INFO - Started process (PID=4988) to work on /home/airflow/.local/lib/python3.8/site-packages/airflow/example_dags/example_short_circuit_operator.py
[2025-04-13T17:32:41.607+0000] {processor.py:830} INFO - Processing file /home/airflow/.local/lib/python3.8/site-packages/airflow/example_dags/example_short_circuit_operator.py for tasks to queue
[2025-04-13T17:32:41.611+0000] {logging_mixin.py:188} INFO - [2025-04-13T17:32:41.610+0000] {dagbag.py:538} INFO - Filling up the DagBag from /home/airflow/.local/lib/python3.8/site-packages/airflow/example_dags/example_short_circuit_operator.py
[2025-04-13T17:32:41.626+0000] {processor.py:840} INFO - DAG(s) 'example_short_circuit_operator' retrieved from /home/airflow/.local/lib/python3.8/site-packages/airflow/example_dags/example_short_circuit_operator.py
[2025-04-13T17:32:41.669+0000] {logging_mixin.py:188} INFO - [2025-04-13T17:32:41.668+0000] {dag.py:3036} INFO - Sync 1 DAGs
[2025-04-13T17:32:41.697+0000] {logging_mixin.py:188} INFO - [2025-04-13T17:32:41.696+0000] {dag.py:3823} INFO - Setting next_dagrun for example_short_circuit_operator to 2025-04-12 00:00:00+00:00, run_after=2025-04-13 00:00:00+00:00
[2025-04-13T17:32:41.728+0000] {processor.py:183} INFO - Processing /home/airflow/.local/lib/python3.8/site-packages/airflow/example_dags/example_short_circuit_operator.py took 0.127 seconds
[2025-04-13T17:33:14.207+0000] {processor.py:161} INFO - Started process (PID=5048) to work on /home/airflow/.local/lib/python3.8/site-packages/airflow/example_dags/example_short_circuit_operator.py
[2025-04-13T17:33:14.208+0000] {processor.py:830} INFO - Processing file /home/airflow/.local/lib/python3.8/site-packages/airflow/example_dags/example_short_circuit_operator.py for tasks to queue
[2025-04-13T17:33:14.211+0000] {logging_mixin.py:188} INFO - [2025-04-13T17:33:14.210+0000] {dagbag.py:538} INFO - Filling up the DagBag from /home/airflow/.local/lib/python3.8/site-packages/airflow/example_dags/example_short_circuit_operator.py
[2025-04-13T17:33:14.221+0000] {processor.py:840} INFO - DAG(s) 'example_short_circuit_operator' retrieved from /home/airflow/.local/lib/python3.8/site-packages/airflow/example_dags/example_short_circuit_operator.py
[2025-04-13T17:33:14.270+0000] {logging_mixin.py:188} INFO - [2025-04-13T17:33:14.270+0000] {dag.py:3036} INFO - Sync 1 DAGs
[2025-04-13T17:33:14.324+0000] {logging_mixin.py:188} INFO - [2025-04-13T17:33:14.324+0000] {dag.py:3823} INFO - Setting next_dagrun for example_short_circuit_operator to 2025-04-12 00:00:00+00:00, run_after=2025-04-13 00:00:00+00:00
[2025-04-13T17:33:14.383+0000] {processor.py:183} INFO - Processing /home/airflow/.local/lib/python3.8/site-packages/airflow/example_dags/example_short_circuit_operator.py took 0.181 seconds
[2025-04-13T17:33:46.408+0000] {processor.py:161} INFO - Started process (PID=5105) to work on /home/airflow/.local/lib/python3.8/site-packages/airflow/example_dags/example_short_circuit_operator.py
[2025-04-13T17:33:46.409+0000] {processor.py:830} INFO - Processing file /home/airflow/.local/lib/python3.8/site-packages/airflow/example_dags/example_short_circuit_operator.py for tasks to queue
[2025-04-13T17:33:46.412+0000] {logging_mixin.py:188} INFO - [2025-04-13T17:33:46.412+0000] {dagbag.py:538} INFO - Filling up the DagBag from /home/airflow/.local/lib/python3.8/site-packages/airflow/example_dags/example_short_circuit_operator.py
[2025-04-13T17:33:46.423+0000] {processor.py:840} INFO - DAG(s) 'example_short_circuit_operator' retrieved from /home/airflow/.local/lib/python3.8/site-packages/airflow/example_dags/example_short_circuit_operator.py
[2025-04-13T17:33:46.455+0000] {logging_mixin.py:188} INFO - [2025-04-13T17:33:46.454+0000] {dag.py:3036} INFO - Sync 1 DAGs
[2025-04-13T17:33:46.485+0000] {logging_mixin.py:188} INFO - [2025-04-13T17:33:46.485+0000] {dag.py:3823} INFO - Setting next_dagrun for example_short_circuit_operator to 2025-04-12 00:00:00+00:00, run_after=2025-04-13 00:00:00+00:00
[2025-04-13T17:33:46.564+0000] {processor.py:183} INFO - Processing /home/airflow/.local/lib/python3.8/site-packages/airflow/example_dags/example_short_circuit_operator.py took 0.161 seconds
[2025-04-13T17:34:18.812+0000] {processor.py:161} INFO - Started process (PID=5160) to work on /home/airflow/.local/lib/python3.8/site-packages/airflow/example_dags/example_short_circuit_operator.py
[2025-04-13T17:34:18.814+0000] {processor.py:830} INFO - Processing file /home/airflow/.local/lib/python3.8/site-packages/airflow/example_dags/example_short_circuit_operator.py for tasks to queue
[2025-04-13T17:34:18.818+0000] {logging_mixin.py:188} INFO - [2025-04-13T17:34:18.817+0000] {dagbag.py:538} INFO - Filling up the DagBag from /home/airflow/.local/lib/python3.8/site-packages/airflow/example_dags/example_short_circuit_operator.py
[2025-04-13T17:34:18.833+0000] {processor.py:840} INFO - DAG(s) 'example_short_circuit_operator' retrieved from /home/airflow/.local/lib/python3.8/site-packages/airflow/example_dags/example_short_circuit_operator.py
[2025-04-13T17:34:18.873+0000] {logging_mixin.py:188} INFO - [2025-04-13T17:34:18.872+0000] {dag.py:3036} INFO - Sync 1 DAGs
[2025-04-13T17:34:18.916+0000] {logging_mixin.py:188} INFO - [2025-04-13T17:34:18.916+0000] {dag.py:3823} INFO - Setting next_dagrun for example_short_circuit_operator to 2025-04-12 00:00:00+00:00, run_after=2025-04-13 00:00:00+00:00
[2025-04-13T17:34:18.956+0000] {processor.py:183} INFO - Processing /home/airflow/.local/lib/python3.8/site-packages/airflow/example_dags/example_short_circuit_operator.py took 0.151 seconds
[2025-04-13T17:34:50.503+0000] {processor.py:161} INFO - Started process (PID=5216) to work on /home/airflow/.local/lib/python3.8/site-packages/airflow/example_dags/example_short_circuit_operator.py
[2025-04-13T17:34:50.505+0000] {processor.py:830} INFO - Processing file /home/airflow/.local/lib/python3.8/site-packages/airflow/example_dags/example_short_circuit_operator.py for tasks to queue
[2025-04-13T17:34:50.508+0000] {logging_mixin.py:188} INFO - [2025-04-13T17:34:50.507+0000] {dagbag.py:538} INFO - Filling up the DagBag from /home/airflow/.local/lib/python3.8/site-packages/airflow/example_dags/example_short_circuit_operator.py
[2025-04-13T17:34:50.520+0000] {processor.py:840} INFO - DAG(s) 'example_short_circuit_operator' retrieved from /home/airflow/.local/lib/python3.8/site-packages/airflow/example_dags/example_short_circuit_operator.py
[2025-04-13T17:34:50.556+0000] {logging_mixin.py:188} INFO - [2025-04-13T17:34:50.556+0000] {dag.py:3036} INFO - Sync 1 DAGs
[2025-04-13T17:34:50.594+0000] {logging_mixin.py:188} INFO - [2025-04-13T17:34:50.594+0000] {dag.py:3823} INFO - Setting next_dagrun for example_short_circuit_operator to 2025-04-12 00:00:00+00:00, run_after=2025-04-13 00:00:00+00:00
[2025-04-13T17:34:50.627+0000] {processor.py:183} INFO - Processing /home/airflow/.local/lib/python3.8/site-packages/airflow/example_dags/example_short_circuit_operator.py took 0.128 seconds
[2025-04-13T17:35:22.814+0000] {processor.py:161} INFO - Started process (PID=5272) to work on /home/airflow/.local/lib/python3.8/site-packages/airflow/example_dags/example_short_circuit_operator.py
[2025-04-13T17:35:22.816+0000] {processor.py:830} INFO - Processing file /home/airflow/.local/lib/python3.8/site-packages/airflow/example_dags/example_short_circuit_operator.py for tasks to queue
[2025-04-13T17:35:22.819+0000] {logging_mixin.py:188} INFO - [2025-04-13T17:35:22.818+0000] {dagbag.py:538} INFO - Filling up the DagBag from /home/airflow/.local/lib/python3.8/site-packages/airflow/example_dags/example_short_circuit_operator.py
[2025-04-13T17:35:22.829+0000] {processor.py:840} INFO - DAG(s) 'example_short_circuit_operator' retrieved from /home/airflow/.local/lib/python3.8/site-packages/airflow/example_dags/example_short_circuit_operator.py
[2025-04-13T17:35:22.922+0000] {logging_mixin.py:188} INFO - [2025-04-13T17:35:22.922+0000] {dag.py:3036} INFO - Sync 1 DAGs
[2025-04-13T17:35:23.035+0000] {logging_mixin.py:188} INFO - [2025-04-13T17:35:23.034+0000] {dag.py:3823} INFO - Setting next_dagrun for example_short_circuit_operator to 2025-04-12 00:00:00+00:00, run_after=2025-04-13 00:00:00+00:00
[2025-04-13T17:35:23.099+0000] {processor.py:183} INFO - Processing /home/airflow/.local/lib/python3.8/site-packages/airflow/example_dags/example_short_circuit_operator.py took 0.288 seconds
[2025-04-13T17:35:56.271+0000] {processor.py:161} INFO - Started process (PID=5328) to work on /home/airflow/.local/lib/python3.8/site-packages/airflow/example_dags/example_short_circuit_operator.py
[2025-04-13T17:35:56.273+0000] {processor.py:830} INFO - Processing file /home/airflow/.local/lib/python3.8/site-packages/airflow/example_dags/example_short_circuit_operator.py for tasks to queue
[2025-04-13T17:35:56.278+0000] {logging_mixin.py:188} INFO - [2025-04-13T17:35:56.278+0000] {dagbag.py:538} INFO - Filling up the DagBag from /home/airflow/.local/lib/python3.8/site-packages/airflow/example_dags/example_short_circuit_operator.py
[2025-04-13T17:35:56.301+0000] {processor.py:840} INFO - DAG(s) 'example_short_circuit_operator' retrieved from /home/airflow/.local/lib/python3.8/site-packages/airflow/example_dags/example_short_circuit_operator.py
[2025-04-13T17:35:56.350+0000] {logging_mixin.py:188} INFO - [2025-04-13T17:35:56.349+0000] {dag.py:3036} INFO - Sync 1 DAGs
[2025-04-13T17:35:56.393+0000] {logging_mixin.py:188} INFO - [2025-04-13T17:35:56.392+0000] {dag.py:3823} INFO - Setting next_dagrun for example_short_circuit_operator to 2025-04-12 00:00:00+00:00, run_after=2025-04-13 00:00:00+00:00
[2025-04-13T17:35:56.423+0000] {processor.py:183} INFO - Processing /home/airflow/.local/lib/python3.8/site-packages/airflow/example_dags/example_short_circuit_operator.py took 0.158 seconds
[2025-04-13T17:36:28.868+0000] {processor.py:161} INFO - Started process (PID=5384) to work on /home/airflow/.local/lib/python3.8/site-packages/airflow/example_dags/example_short_circuit_operator.py
[2025-04-13T17:36:28.870+0000] {processor.py:830} INFO - Processing file /home/airflow/.local/lib/python3.8/site-packages/airflow/example_dags/example_short_circuit_operator.py for tasks to queue
[2025-04-13T17:36:28.874+0000] {logging_mixin.py:188} INFO - [2025-04-13T17:36:28.874+0000] {dagbag.py:538} INFO - Filling up the DagBag from /home/airflow/.local/lib/python3.8/site-packages/airflow/example_dags/example_short_circuit_operator.py
[2025-04-13T17:36:28.887+0000] {processor.py:840} INFO - DAG(s) 'example_short_circuit_operator' retrieved from /home/airflow/.local/lib/python3.8/site-packages/airflow/example_dags/example_short_circuit_operator.py
[2025-04-13T17:36:28.923+0000] {logging_mixin.py:188} INFO - [2025-04-13T17:36:28.923+0000] {dag.py:3036} INFO - Sync 1 DAGs
[2025-04-13T17:36:28.957+0000] {logging_mixin.py:188} INFO - [2025-04-13T17:36:28.956+0000] {dag.py:3823} INFO - Setting next_dagrun for example_short_circuit_operator to 2025-04-12 00:00:00+00:00, run_after=2025-04-13 00:00:00+00:00
[2025-04-13T17:36:28.992+0000] {processor.py:183} INFO - Processing /home/airflow/.local/lib/python3.8/site-packages/airflow/example_dags/example_short_circuit_operator.py took 0.133 seconds
[2025-04-13T17:36:59.975+0000] {processor.py:161} INFO - Started process (PID=5441) to work on /home/airflow/.local/lib/python3.8/site-packages/airflow/example_dags/example_short_circuit_operator.py
[2025-04-13T17:36:59.977+0000] {processor.py:830} INFO - Processing file /home/airflow/.local/lib/python3.8/site-packages/airflow/example_dags/example_short_circuit_operator.py for tasks to queue
[2025-04-13T17:36:59.980+0000] {logging_mixin.py:188} INFO - [2025-04-13T17:36:59.979+0000] {dagbag.py:538} INFO - Filling up the DagBag from /home/airflow/.local/lib/python3.8/site-packages/airflow/example_dags/example_short_circuit_operator.py
[2025-04-13T17:36:59.989+0000] {processor.py:840} INFO - DAG(s) 'example_short_circuit_operator' retrieved from /home/airflow/.local/lib/python3.8/site-packages/airflow/example_dags/example_short_circuit_operator.py
[2025-04-13T17:37:00.033+0000] {logging_mixin.py:188} INFO - [2025-04-13T17:37:00.032+0000] {dag.py:3036} INFO - Sync 1 DAGs
[2025-04-13T17:37:00.068+0000] {logging_mixin.py:188} INFO - [2025-04-13T17:37:00.068+0000] {dag.py:3823} INFO - Setting next_dagrun for example_short_circuit_operator to 2025-04-12 00:00:00+00:00, run_after=2025-04-13 00:00:00+00:00
[2025-04-13T17:37:00.097+0000] {processor.py:183} INFO - Processing /home/airflow/.local/lib/python3.8/site-packages/airflow/example_dags/example_short_circuit_operator.py took 0.127 seconds
[2025-04-13T17:37:32.988+0000] {processor.py:161} INFO - Started process (PID=5497) to work on /home/airflow/.local/lib/python3.8/site-packages/airflow/example_dags/example_short_circuit_operator.py
[2025-04-13T17:37:32.991+0000] {processor.py:830} INFO - Processing file /home/airflow/.local/lib/python3.8/site-packages/airflow/example_dags/example_short_circuit_operator.py for tasks to queue
[2025-04-13T17:37:32.995+0000] {logging_mixin.py:188} INFO - [2025-04-13T17:37:32.995+0000] {dagbag.py:538} INFO - Filling up the DagBag from /home/airflow/.local/lib/python3.8/site-packages/airflow/example_dags/example_short_circuit_operator.py
[2025-04-13T17:37:33.011+0000] {processor.py:840} INFO - DAG(s) 'example_short_circuit_operator' retrieved from /home/airflow/.local/lib/python3.8/site-packages/airflow/example_dags/example_short_circuit_operator.py
[2025-04-13T17:37:33.059+0000] {logging_mixin.py:188} INFO - [2025-04-13T17:37:33.059+0000] {dag.py:3036} INFO - Sync 1 DAGs
[2025-04-13T17:37:33.105+0000] {logging_mixin.py:188} INFO - [2025-04-13T17:37:33.105+0000] {dag.py:3823} INFO - Setting next_dagrun for example_short_circuit_operator to 2025-04-12 00:00:00+00:00, run_after=2025-04-13 00:00:00+00:00
[2025-04-13T17:37:33.138+0000] {processor.py:183} INFO - Processing /home/airflow/.local/lib/python3.8/site-packages/airflow/example_dags/example_short_circuit_operator.py took 0.155 seconds
[2025-04-13T17:38:03.404+0000] {processor.py:161} INFO - Started process (PID=5553) to work on /home/airflow/.local/lib/python3.8/site-packages/airflow/example_dags/example_short_circuit_operator.py
[2025-04-13T17:38:03.407+0000] {processor.py:830} INFO - Processing file /home/airflow/.local/lib/python3.8/site-packages/airflow/example_dags/example_short_circuit_operator.py for tasks to queue
[2025-04-13T17:38:03.410+0000] {logging_mixin.py:188} INFO - [2025-04-13T17:38:03.410+0000] {dagbag.py:538} INFO - Filling up the DagBag from /home/airflow/.local/lib/python3.8/site-packages/airflow/example_dags/example_short_circuit_operator.py
[2025-04-13T17:38:03.426+0000] {processor.py:840} INFO - DAG(s) 'example_short_circuit_operator' retrieved from /home/airflow/.local/lib/python3.8/site-packages/airflow/example_dags/example_short_circuit_operator.py
[2025-04-13T17:38:03.474+0000] {logging_mixin.py:188} INFO - [2025-04-13T17:38:03.473+0000] {dag.py:3036} INFO - Sync 1 DAGs
[2025-04-13T17:38:03.515+0000] {logging_mixin.py:188} INFO - [2025-04-13T17:38:03.514+0000] {dag.py:3823} INFO - Setting next_dagrun for example_short_circuit_operator to 2025-04-12 00:00:00+00:00, run_after=2025-04-13 00:00:00+00:00
[2025-04-13T17:38:03.561+0000] {processor.py:183} INFO - Processing /home/airflow/.local/lib/python3.8/site-packages/airflow/example_dags/example_short_circuit_operator.py took 0.163 seconds
[2025-04-13T17:38:37.662+0000] {processor.py:161} INFO - Started process (PID=5609) to work on /home/airflow/.local/lib/python3.8/site-packages/airflow/example_dags/example_short_circuit_operator.py
[2025-04-13T17:38:37.665+0000] {processor.py:830} INFO - Processing file /home/airflow/.local/lib/python3.8/site-packages/airflow/example_dags/example_short_circuit_operator.py for tasks to queue
[2025-04-13T17:38:37.669+0000] {logging_mixin.py:188} INFO - [2025-04-13T17:38:37.667+0000] {dagbag.py:538} INFO - Filling up the DagBag from /home/airflow/.local/lib/python3.8/site-packages/airflow/example_dags/example_short_circuit_operator.py
[2025-04-13T17:38:37.684+0000] {processor.py:840} INFO - DAG(s) 'example_short_circuit_operator' retrieved from /home/airflow/.local/lib/python3.8/site-packages/airflow/example_dags/example_short_circuit_operator.py
[2025-04-13T17:38:37.738+0000] {logging_mixin.py:188} INFO - [2025-04-13T17:38:37.738+0000] {dag.py:3036} INFO - Sync 1 DAGs
[2025-04-13T17:38:37.784+0000] {logging_mixin.py:188} INFO - [2025-04-13T17:38:37.784+0000] {dag.py:3823} INFO - Setting next_dagrun for example_short_circuit_operator to 2025-04-12 00:00:00+00:00, run_after=2025-04-13 00:00:00+00:00
[2025-04-13T17:38:37.854+0000] {processor.py:183} INFO - Processing /home/airflow/.local/lib/python3.8/site-packages/airflow/example_dags/example_short_circuit_operator.py took 0.198 seconds
[2025-04-13T17:39:09.931+0000] {processor.py:161} INFO - Started process (PID=5665) to work on /home/airflow/.local/lib/python3.8/site-packages/airflow/example_dags/example_short_circuit_operator.py
[2025-04-13T17:39:09.933+0000] {processor.py:830} INFO - Processing file /home/airflow/.local/lib/python3.8/site-packages/airflow/example_dags/example_short_circuit_operator.py for tasks to queue
[2025-04-13T17:39:09.938+0000] {logging_mixin.py:188} INFO - [2025-04-13T17:39:09.937+0000] {dagbag.py:538} INFO - Filling up the DagBag from /home/airflow/.local/lib/python3.8/site-packages/airflow/example_dags/example_short_circuit_operator.py
[2025-04-13T17:39:09.960+0000] {processor.py:840} INFO - DAG(s) 'example_short_circuit_operator' retrieved from /home/airflow/.local/lib/python3.8/site-packages/airflow/example_dags/example_short_circuit_operator.py
[2025-04-13T17:39:09.995+0000] {logging_mixin.py:188} INFO - [2025-04-13T17:39:09.995+0000] {dag.py:3036} INFO - Sync 1 DAGs
[2025-04-13T17:39:10.030+0000] {logging_mixin.py:188} INFO - [2025-04-13T17:39:10.030+0000] {dag.py:3823} INFO - Setting next_dagrun for example_short_circuit_operator to 2025-04-12 00:00:00+00:00, run_after=2025-04-13 00:00:00+00:00
[2025-04-13T17:39:10.059+0000] {processor.py:183} INFO - Processing /home/airflow/.local/lib/python3.8/site-packages/airflow/example_dags/example_short_circuit_operator.py took 0.136 seconds
[2025-04-13T17:39:42.723+0000] {processor.py:161} INFO - Started process (PID=5721) to work on /home/airflow/.local/lib/python3.8/site-packages/airflow/example_dags/example_short_circuit_operator.py
[2025-04-13T17:39:42.724+0000] {processor.py:830} INFO - Processing file /home/airflow/.local/lib/python3.8/site-packages/airflow/example_dags/example_short_circuit_operator.py for tasks to queue
[2025-04-13T17:39:42.727+0000] {logging_mixin.py:188} INFO - [2025-04-13T17:39:42.726+0000] {dagbag.py:538} INFO - Filling up the DagBag from /home/airflow/.local/lib/python3.8/site-packages/airflow/example_dags/example_short_circuit_operator.py
[2025-04-13T17:39:42.737+0000] {processor.py:840} INFO - DAG(s) 'example_short_circuit_operator' retrieved from /home/airflow/.local/lib/python3.8/site-packages/airflow/example_dags/example_short_circuit_operator.py
[2025-04-13T17:39:42.771+0000] {logging_mixin.py:188} INFO - [2025-04-13T17:39:42.771+0000] {dag.py:3036} INFO - Sync 1 DAGs
[2025-04-13T17:39:42.805+0000] {logging_mixin.py:188} INFO - [2025-04-13T17:39:42.805+0000] {dag.py:3823} INFO - Setting next_dagrun for example_short_circuit_operator to 2025-04-12 00:00:00+00:00, run_after=2025-04-13 00:00:00+00:00
[2025-04-13T17:39:42.843+0000] {processor.py:183} INFO - Processing /home/airflow/.local/lib/python3.8/site-packages/airflow/example_dags/example_short_circuit_operator.py took 0.125 seconds
[2025-04-13T17:40:13.969+0000] {processor.py:161} INFO - Started process (PID=5777) to work on /home/airflow/.local/lib/python3.8/site-packages/airflow/example_dags/example_short_circuit_operator.py
[2025-04-13T17:40:13.971+0000] {processor.py:830} INFO - Processing file /home/airflow/.local/lib/python3.8/site-packages/airflow/example_dags/example_short_circuit_operator.py for tasks to queue
[2025-04-13T17:40:13.974+0000] {logging_mixin.py:188} INFO - [2025-04-13T17:40:13.974+0000] {dagbag.py:538} INFO - Filling up the DagBag from /home/airflow/.local/lib/python3.8/site-packages/airflow/example_dags/example_short_circuit_operator.py
[2025-04-13T17:40:14.000+0000] {processor.py:840} INFO - DAG(s) 'example_short_circuit_operator' retrieved from /home/airflow/.local/lib/python3.8/site-packages/airflow/example_dags/example_short_circuit_operator.py
[2025-04-13T17:40:14.083+0000] {logging_mixin.py:188} INFO - [2025-04-13T17:40:14.083+0000] {dag.py:3036} INFO - Sync 1 DAGs
[2025-04-13T17:40:14.182+0000] {logging_mixin.py:188} INFO - [2025-04-13T17:40:14.182+0000] {dag.py:3823} INFO - Setting next_dagrun for example_short_circuit_operator to 2025-04-12 00:00:00+00:00, run_after=2025-04-13 00:00:00+00:00
[2025-04-13T17:40:14.244+0000] {processor.py:183} INFO - Processing /home/airflow/.local/lib/python3.8/site-packages/airflow/example_dags/example_short_circuit_operator.py took 0.280 seconds
[2025-04-13T17:40:47.414+0000] {processor.py:161} INFO - Started process (PID=5834) to work on /home/airflow/.local/lib/python3.8/site-packages/airflow/example_dags/example_short_circuit_operator.py
[2025-04-13T17:40:47.416+0000] {processor.py:830} INFO - Processing file /home/airflow/.local/lib/python3.8/site-packages/airflow/example_dags/example_short_circuit_operator.py for tasks to queue
[2025-04-13T17:40:47.420+0000] {logging_mixin.py:188} INFO - [2025-04-13T17:40:47.420+0000] {dagbag.py:538} INFO - Filling up the DagBag from /home/airflow/.local/lib/python3.8/site-packages/airflow/example_dags/example_short_circuit_operator.py
[2025-04-13T17:40:47.432+0000] {processor.py:840} INFO - DAG(s) 'example_short_circuit_operator' retrieved from /home/airflow/.local/lib/python3.8/site-packages/airflow/example_dags/example_short_circuit_operator.py
[2025-04-13T17:40:47.465+0000] {logging_mixin.py:188} INFO - [2025-04-13T17:40:47.465+0000] {dag.py:3036} INFO - Sync 1 DAGs
[2025-04-13T17:40:47.497+0000] {logging_mixin.py:188} INFO - [2025-04-13T17:40:47.496+0000] {dag.py:3823} INFO - Setting next_dagrun for example_short_circuit_operator to 2025-04-12 00:00:00+00:00, run_after=2025-04-13 00:00:00+00:00
[2025-04-13T17:40:47.574+0000] {processor.py:183} INFO - Processing /home/airflow/.local/lib/python3.8/site-packages/airflow/example_dags/example_short_circuit_operator.py took 0.166 seconds
[2025-04-13T17:41:20.247+0000] {processor.py:161} INFO - Started process (PID=5890) to work on /home/airflow/.local/lib/python3.8/site-packages/airflow/example_dags/example_short_circuit_operator.py
[2025-04-13T17:41:20.249+0000] {processor.py:830} INFO - Processing file /home/airflow/.local/lib/python3.8/site-packages/airflow/example_dags/example_short_circuit_operator.py for tasks to queue
[2025-04-13T17:41:20.251+0000] {logging_mixin.py:188} INFO - [2025-04-13T17:41:20.251+0000] {dagbag.py:538} INFO - Filling up the DagBag from /home/airflow/.local/lib/python3.8/site-packages/airflow/example_dags/example_short_circuit_operator.py
[2025-04-13T17:41:20.271+0000] {processor.py:840} INFO - DAG(s) 'example_short_circuit_operator' retrieved from /home/airflow/.local/lib/python3.8/site-packages/airflow/example_dags/example_short_circuit_operator.py
[2025-04-13T17:41:20.325+0000] {logging_mixin.py:188} INFO - [2025-04-13T17:41:20.325+0000] {dag.py:3036} INFO - Sync 1 DAGs
[2025-04-13T17:41:20.364+0000] {logging_mixin.py:188} INFO - [2025-04-13T17:41:20.364+0000] {dag.py:3823} INFO - Setting next_dagrun for example_short_circuit_operator to 2025-04-12 00:00:00+00:00, run_after=2025-04-13 00:00:00+00:00
[2025-04-13T17:41:20.435+0000] {processor.py:183} INFO - Processing /home/airflow/.local/lib/python3.8/site-packages/airflow/example_dags/example_short_circuit_operator.py took 0.194 seconds
[2025-04-13T17:41:50.774+0000] {processor.py:161} INFO - Started process (PID=5945) to work on /home/airflow/.local/lib/python3.8/site-packages/airflow/example_dags/example_short_circuit_operator.py
[2025-04-13T17:41:50.802+0000] {processor.py:830} INFO - Processing file /home/airflow/.local/lib/python3.8/site-packages/airflow/example_dags/example_short_circuit_operator.py for tasks to queue
[2025-04-13T17:41:50.806+0000] {logging_mixin.py:188} INFO - [2025-04-13T17:41:50.806+0000] {dagbag.py:538} INFO - Filling up the DagBag from /home/airflow/.local/lib/python3.8/site-packages/airflow/example_dags/example_short_circuit_operator.py
[2025-04-13T17:41:50.825+0000] {processor.py:840} INFO - DAG(s) 'example_short_circuit_operator' retrieved from /home/airflow/.local/lib/python3.8/site-packages/airflow/example_dags/example_short_circuit_operator.py
[2025-04-13T17:41:50.875+0000] {logging_mixin.py:188} INFO - [2025-04-13T17:41:50.875+0000] {dag.py:3036} INFO - Sync 1 DAGs
[2025-04-13T17:41:50.934+0000] {logging_mixin.py:188} INFO - [2025-04-13T17:41:50.934+0000] {dag.py:3823} INFO - Setting next_dagrun for example_short_circuit_operator to 2025-04-12 00:00:00+00:00, run_after=2025-04-13 00:00:00+00:00
[2025-04-13T17:41:51.011+0000] {processor.py:183} INFO - Processing /home/airflow/.local/lib/python3.8/site-packages/airflow/example_dags/example_short_circuit_operator.py took 0.254 seconds
[2025-04-13T17:42:23.276+0000] {processor.py:161} INFO - Started process (PID=6002) to work on /home/airflow/.local/lib/python3.8/site-packages/airflow/example_dags/example_short_circuit_operator.py
[2025-04-13T17:42:23.278+0000] {processor.py:830} INFO - Processing file /home/airflow/.local/lib/python3.8/site-packages/airflow/example_dags/example_short_circuit_operator.py for tasks to queue
[2025-04-13T17:42:23.282+0000] {logging_mixin.py:188} INFO - [2025-04-13T17:42:23.281+0000] {dagbag.py:538} INFO - Filling up the DagBag from /home/airflow/.local/lib/python3.8/site-packages/airflow/example_dags/example_short_circuit_operator.py
[2025-04-13T17:42:23.309+0000] {processor.py:840} INFO - DAG(s) 'example_short_circuit_operator' retrieved from /home/airflow/.local/lib/python3.8/site-packages/airflow/example_dags/example_short_circuit_operator.py
[2025-04-13T17:42:23.357+0000] {logging_mixin.py:188} INFO - [2025-04-13T17:42:23.357+0000] {dag.py:3036} INFO - Sync 1 DAGs
[2025-04-13T17:42:23.396+0000] {logging_mixin.py:188} INFO - [2025-04-13T17:42:23.395+0000] {dag.py:3823} INFO - Setting next_dagrun for example_short_circuit_operator to 2025-04-12 00:00:00+00:00, run_after=2025-04-13 00:00:00+00:00
[2025-04-13T17:42:23.479+0000] {processor.py:183} INFO - Processing /home/airflow/.local/lib/python3.8/site-packages/airflow/example_dags/example_short_circuit_operator.py took 0.212 seconds
[2025-04-13T17:42:55.871+0000] {processor.py:161} INFO - Started process (PID=6058) to work on /home/airflow/.local/lib/python3.8/site-packages/airflow/example_dags/example_short_circuit_operator.py
[2025-04-13T17:42:55.873+0000] {processor.py:830} INFO - Processing file /home/airflow/.local/lib/python3.8/site-packages/airflow/example_dags/example_short_circuit_operator.py for tasks to queue
[2025-04-13T17:42:55.877+0000] {logging_mixin.py:188} INFO - [2025-04-13T17:42:55.876+0000] {dagbag.py:538} INFO - Filling up the DagBag from /home/airflow/.local/lib/python3.8/site-packages/airflow/example_dags/example_short_circuit_operator.py
[2025-04-13T17:42:55.896+0000] {processor.py:840} INFO - DAG(s) 'example_short_circuit_operator' retrieved from /home/airflow/.local/lib/python3.8/site-packages/airflow/example_dags/example_short_circuit_operator.py
[2025-04-13T17:42:55.931+0000] {logging_mixin.py:188} INFO - [2025-04-13T17:42:55.931+0000] {dag.py:3036} INFO - Sync 1 DAGs
[2025-04-13T17:42:55.962+0000] {logging_mixin.py:188} INFO - [2025-04-13T17:42:55.962+0000] {dag.py:3823} INFO - Setting next_dagrun for example_short_circuit_operator to 2025-04-12 00:00:00+00:00, run_after=2025-04-13 00:00:00+00:00
[2025-04-13T17:42:55.992+0000] {processor.py:183} INFO - Processing /home/airflow/.local/lib/python3.8/site-packages/airflow/example_dags/example_short_circuit_operator.py took 0.126 seconds
[2025-04-13T17:43:28.097+0000] {processor.py:161} INFO - Started process (PID=6114) to work on /home/airflow/.local/lib/python3.8/site-packages/airflow/example_dags/example_short_circuit_operator.py
[2025-04-13T17:43:28.099+0000] {processor.py:830} INFO - Processing file /home/airflow/.local/lib/python3.8/site-packages/airflow/example_dags/example_short_circuit_operator.py for tasks to queue
[2025-04-13T17:43:28.101+0000] {logging_mixin.py:188} INFO - [2025-04-13T17:43:28.101+0000] {dagbag.py:538} INFO - Filling up the DagBag from /home/airflow/.local/lib/python3.8/site-packages/airflow/example_dags/example_short_circuit_operator.py
[2025-04-13T17:43:28.114+0000] {processor.py:840} INFO - DAG(s) 'example_short_circuit_operator' retrieved from /home/airflow/.local/lib/python3.8/site-packages/airflow/example_dags/example_short_circuit_operator.py
[2025-04-13T17:43:28.154+0000] {logging_mixin.py:188} INFO - [2025-04-13T17:43:28.153+0000] {dag.py:3036} INFO - Sync 1 DAGs
[2025-04-13T17:43:28.192+0000] {logging_mixin.py:188} INFO - [2025-04-13T17:43:28.192+0000] {dag.py:3823} INFO - Setting next_dagrun for example_short_circuit_operator to 2025-04-12 00:00:00+00:00, run_after=2025-04-13 00:00:00+00:00
[2025-04-13T17:43:28.266+0000] {processor.py:183} INFO - Processing /home/airflow/.local/lib/python3.8/site-packages/airflow/example_dags/example_short_circuit_operator.py took 0.174 seconds
[2025-04-13T17:43:58.648+0000] {processor.py:161} INFO - Started process (PID=6170) to work on /home/airflow/.local/lib/python3.8/site-packages/airflow/example_dags/example_short_circuit_operator.py
[2025-04-13T17:43:58.649+0000] {processor.py:830} INFO - Processing file /home/airflow/.local/lib/python3.8/site-packages/airflow/example_dags/example_short_circuit_operator.py for tasks to queue
[2025-04-13T17:43:58.652+0000] {logging_mixin.py:188} INFO - [2025-04-13T17:43:58.651+0000] {dagbag.py:538} INFO - Filling up the DagBag from /home/airflow/.local/lib/python3.8/site-packages/airflow/example_dags/example_short_circuit_operator.py
[2025-04-13T17:43:58.663+0000] {processor.py:840} INFO - DAG(s) 'example_short_circuit_operator' retrieved from /home/airflow/.local/lib/python3.8/site-packages/airflow/example_dags/example_short_circuit_operator.py
[2025-04-13T17:43:58.708+0000] {logging_mixin.py:188} INFO - [2025-04-13T17:43:58.706+0000] {dag.py:3036} INFO - Sync 1 DAGs
[2025-04-13T17:43:58.773+0000] {logging_mixin.py:188} INFO - [2025-04-13T17:43:58.773+0000] {dag.py:3823} INFO - Setting next_dagrun for example_short_circuit_operator to 2025-04-12 00:00:00+00:00, run_after=2025-04-13 00:00:00+00:00
[2025-04-13T17:43:58.810+0000] {processor.py:183} INFO - Processing /home/airflow/.local/lib/python3.8/site-packages/airflow/example_dags/example_short_circuit_operator.py took 0.167 seconds
[2025-04-13T17:44:30.864+0000] {processor.py:161} INFO - Started process (PID=6220) to work on /home/airflow/.local/lib/python3.8/site-packages/airflow/example_dags/example_short_circuit_operator.py
[2025-04-13T17:44:30.867+0000] {processor.py:830} INFO - Processing file /home/airflow/.local/lib/python3.8/site-packages/airflow/example_dags/example_short_circuit_operator.py for tasks to queue
[2025-04-13T17:44:30.874+0000] {logging_mixin.py:188} INFO - [2025-04-13T17:44:30.872+0000] {dagbag.py:538} INFO - Filling up the DagBag from /home/airflow/.local/lib/python3.8/site-packages/airflow/example_dags/example_short_circuit_operator.py
[2025-04-13T17:44:30.902+0000] {processor.py:840} INFO - DAG(s) 'example_short_circuit_operator' retrieved from /home/airflow/.local/lib/python3.8/site-packages/airflow/example_dags/example_short_circuit_operator.py
[2025-04-13T17:44:30.992+0000] {logging_mixin.py:188} INFO - [2025-04-13T17:44:30.992+0000] {dag.py:3036} INFO - Sync 1 DAGs
[2025-04-13T17:44:31.039+0000] {logging_mixin.py:188} INFO - [2025-04-13T17:44:31.038+0000] {dag.py:3823} INFO - Setting next_dagrun for example_short_circuit_operator to 2025-04-12 00:00:00+00:00, run_after=2025-04-13 00:00:00+00:00
[2025-04-13T17:44:31.070+0000] {processor.py:183} INFO - Processing /home/airflow/.local/lib/python3.8/site-packages/airflow/example_dags/example_short_circuit_operator.py took 0.213 seconds
[2025-04-13T17:45:03.587+0000] {processor.py:161} INFO - Started process (PID=6276) to work on /home/airflow/.local/lib/python3.8/site-packages/airflow/example_dags/example_short_circuit_operator.py
[2025-04-13T17:45:03.589+0000] {processor.py:830} INFO - Processing file /home/airflow/.local/lib/python3.8/site-packages/airflow/example_dags/example_short_circuit_operator.py for tasks to queue
[2025-04-13T17:45:03.594+0000] {logging_mixin.py:188} INFO - [2025-04-13T17:45:03.593+0000] {dagbag.py:538} INFO - Filling up the DagBag from /home/airflow/.local/lib/python3.8/site-packages/airflow/example_dags/example_short_circuit_operator.py
[2025-04-13T17:45:03.605+0000] {processor.py:840} INFO - DAG(s) 'example_short_circuit_operator' retrieved from /home/airflow/.local/lib/python3.8/site-packages/airflow/example_dags/example_short_circuit_operator.py
[2025-04-13T17:45:03.640+0000] {logging_mixin.py:188} INFO - [2025-04-13T17:45:03.639+0000] {dag.py:3036} INFO - Sync 1 DAGs
[2025-04-13T17:45:03.673+0000] {logging_mixin.py:188} INFO - [2025-04-13T17:45:03.673+0000] {dag.py:3823} INFO - Setting next_dagrun for example_short_circuit_operator to 2025-04-12 00:00:00+00:00, run_after=2025-04-13 00:00:00+00:00
[2025-04-13T17:45:03.760+0000] {processor.py:183} INFO - Processing /home/airflow/.local/lib/python3.8/site-packages/airflow/example_dags/example_short_circuit_operator.py took 0.178 seconds
[2025-04-13T17:45:35.366+0000] {processor.py:161} INFO - Started process (PID=6332) to work on /home/airflow/.local/lib/python3.8/site-packages/airflow/example_dags/example_short_circuit_operator.py
[2025-04-13T17:45:35.368+0000] {processor.py:830} INFO - Processing file /home/airflow/.local/lib/python3.8/site-packages/airflow/example_dags/example_short_circuit_operator.py for tasks to queue
[2025-04-13T17:45:35.371+0000] {logging_mixin.py:188} INFO - [2025-04-13T17:45:35.371+0000] {dagbag.py:538} INFO - Filling up the DagBag from /home/airflow/.local/lib/python3.8/site-packages/airflow/example_dags/example_short_circuit_operator.py
[2025-04-13T17:45:35.386+0000] {processor.py:840} INFO - DAG(s) 'example_short_circuit_operator' retrieved from /home/airflow/.local/lib/python3.8/site-packages/airflow/example_dags/example_short_circuit_operator.py
[2025-04-13T17:45:35.428+0000] {logging_mixin.py:188} INFO - [2025-04-13T17:45:35.428+0000] {dag.py:3036} INFO - Sync 1 DAGs
[2025-04-13T17:45:35.485+0000] {logging_mixin.py:188} INFO - [2025-04-13T17:45:35.485+0000] {dag.py:3823} INFO - Setting next_dagrun for example_short_circuit_operator to 2025-04-12 00:00:00+00:00, run_after=2025-04-13 00:00:00+00:00
[2025-04-13T17:45:35.545+0000] {processor.py:183} INFO - Processing /home/airflow/.local/lib/python3.8/site-packages/airflow/example_dags/example_short_circuit_operator.py took 0.183 seconds
[2025-04-13T17:46:08.047+0000] {processor.py:161} INFO - Started process (PID=6389) to work on /home/airflow/.local/lib/python3.8/site-packages/airflow/example_dags/example_short_circuit_operator.py
[2025-04-13T17:46:08.049+0000] {processor.py:830} INFO - Processing file /home/airflow/.local/lib/python3.8/site-packages/airflow/example_dags/example_short_circuit_operator.py for tasks to queue
[2025-04-13T17:46:08.053+0000] {logging_mixin.py:188} INFO - [2025-04-13T17:46:08.052+0000] {dagbag.py:538} INFO - Filling up the DagBag from /home/airflow/.local/lib/python3.8/site-packages/airflow/example_dags/example_short_circuit_operator.py
[2025-04-13T17:46:08.070+0000] {processor.py:840} INFO - DAG(s) 'example_short_circuit_operator' retrieved from /home/airflow/.local/lib/python3.8/site-packages/airflow/example_dags/example_short_circuit_operator.py
[2025-04-13T17:46:08.111+0000] {logging_mixin.py:188} INFO - [2025-04-13T17:46:08.110+0000] {dag.py:3036} INFO - Sync 1 DAGs
[2025-04-13T17:46:08.153+0000] {logging_mixin.py:188} INFO - [2025-04-13T17:46:08.153+0000] {dag.py:3823} INFO - Setting next_dagrun for example_short_circuit_operator to 2025-04-12 00:00:00+00:00, run_after=2025-04-13 00:00:00+00:00
[2025-04-13T17:46:08.185+0000] {processor.py:183} INFO - Processing /home/airflow/.local/lib/python3.8/site-packages/airflow/example_dags/example_short_circuit_operator.py took 0.145 seconds
[2025-04-13T17:46:40.724+0000] {processor.py:161} INFO - Started process (PID=6445) to work on /home/airflow/.local/lib/python3.8/site-packages/airflow/example_dags/example_short_circuit_operator.py
[2025-04-13T17:46:40.725+0000] {processor.py:830} INFO - Processing file /home/airflow/.local/lib/python3.8/site-packages/airflow/example_dags/example_short_circuit_operator.py for tasks to queue
[2025-04-13T17:46:40.729+0000] {logging_mixin.py:188} INFO - [2025-04-13T17:46:40.728+0000] {dagbag.py:538} INFO - Filling up the DagBag from /home/airflow/.local/lib/python3.8/site-packages/airflow/example_dags/example_short_circuit_operator.py
[2025-04-13T17:46:40.741+0000] {processor.py:840} INFO - DAG(s) 'example_short_circuit_operator' retrieved from /home/airflow/.local/lib/python3.8/site-packages/airflow/example_dags/example_short_circuit_operator.py
[2025-04-13T17:46:40.777+0000] {logging_mixin.py:188} INFO - [2025-04-13T17:46:40.777+0000] {dag.py:3036} INFO - Sync 1 DAGs
[2025-04-13T17:46:40.824+0000] {logging_mixin.py:188} INFO - [2025-04-13T17:46:40.824+0000] {dag.py:3823} INFO - Setting next_dagrun for example_short_circuit_operator to 2025-04-12 00:00:00+00:00, run_after=2025-04-13 00:00:00+00:00
[2025-04-13T17:46:40.865+0000] {processor.py:183} INFO - Processing /home/airflow/.local/lib/python3.8/site-packages/airflow/example_dags/example_short_circuit_operator.py took 0.146 seconds
[2025-04-13T17:47:12.724+0000] {processor.py:161} INFO - Started process (PID=6502) to work on /home/airflow/.local/lib/python3.8/site-packages/airflow/example_dags/example_short_circuit_operator.py
[2025-04-13T17:47:12.725+0000] {processor.py:830} INFO - Processing file /home/airflow/.local/lib/python3.8/site-packages/airflow/example_dags/example_short_circuit_operator.py for tasks to queue
[2025-04-13T17:47:12.728+0000] {logging_mixin.py:188} INFO - [2025-04-13T17:47:12.727+0000] {dagbag.py:538} INFO - Filling up the DagBag from /home/airflow/.local/lib/python3.8/site-packages/airflow/example_dags/example_short_circuit_operator.py
[2025-04-13T17:47:12.740+0000] {processor.py:840} INFO - DAG(s) 'example_short_circuit_operator' retrieved from /home/airflow/.local/lib/python3.8/site-packages/airflow/example_dags/example_short_circuit_operator.py
[2025-04-13T17:47:12.773+0000] {logging_mixin.py:188} INFO - [2025-04-13T17:47:12.772+0000] {dag.py:3036} INFO - Sync 1 DAGs
[2025-04-13T17:47:12.804+0000] {logging_mixin.py:188} INFO - [2025-04-13T17:47:12.804+0000] {dag.py:3823} INFO - Setting next_dagrun for example_short_circuit_operator to 2025-04-12 00:00:00+00:00, run_after=2025-04-13 00:00:00+00:00
[2025-04-13T17:47:12.832+0000] {processor.py:183} INFO - Processing /home/airflow/.local/lib/python3.8/site-packages/airflow/example_dags/example_short_circuit_operator.py took 0.115 seconds
[2025-04-13T17:47:45.398+0000] {processor.py:161} INFO - Started process (PID=6558) to work on /home/airflow/.local/lib/python3.8/site-packages/airflow/example_dags/example_short_circuit_operator.py
[2025-04-13T17:47:45.400+0000] {processor.py:830} INFO - Processing file /home/airflow/.local/lib/python3.8/site-packages/airflow/example_dags/example_short_circuit_operator.py for tasks to queue
[2025-04-13T17:47:45.405+0000] {logging_mixin.py:188} INFO - [2025-04-13T17:47:45.404+0000] {dagbag.py:538} INFO - Filling up the DagBag from /home/airflow/.local/lib/python3.8/site-packages/airflow/example_dags/example_short_circuit_operator.py
[2025-04-13T17:47:45.422+0000] {processor.py:840} INFO - DAG(s) 'example_short_circuit_operator' retrieved from /home/airflow/.local/lib/python3.8/site-packages/airflow/example_dags/example_short_circuit_operator.py
[2025-04-13T17:47:45.460+0000] {logging_mixin.py:188} INFO - [2025-04-13T17:47:45.459+0000] {dag.py:3036} INFO - Sync 1 DAGs
[2025-04-13T17:47:45.494+0000] {logging_mixin.py:188} INFO - [2025-04-13T17:47:45.494+0000] {dag.py:3823} INFO - Setting next_dagrun for example_short_circuit_operator to 2025-04-12 00:00:00+00:00, run_after=2025-04-13 00:00:00+00:00
[2025-04-13T17:47:45.638+0000] {processor.py:183} INFO - Processing /home/airflow/.local/lib/python3.8/site-packages/airflow/example_dags/example_short_circuit_operator.py took 0.247 seconds
[2025-04-13T17:48:18.253+0000] {processor.py:161} INFO - Started process (PID=6614) to work on /home/airflow/.local/lib/python3.8/site-packages/airflow/example_dags/example_short_circuit_operator.py
[2025-04-13T17:48:18.255+0000] {processor.py:830} INFO - Processing file /home/airflow/.local/lib/python3.8/site-packages/airflow/example_dags/example_short_circuit_operator.py for tasks to queue
[2025-04-13T17:48:18.257+0000] {logging_mixin.py:188} INFO - [2025-04-13T17:48:18.257+0000] {dagbag.py:538} INFO - Filling up the DagBag from /home/airflow/.local/lib/python3.8/site-packages/airflow/example_dags/example_short_circuit_operator.py
[2025-04-13T17:48:18.269+0000] {processor.py:840} INFO - DAG(s) 'example_short_circuit_operator' retrieved from /home/airflow/.local/lib/python3.8/site-packages/airflow/example_dags/example_short_circuit_operator.py
[2025-04-13T17:48:18.302+0000] {logging_mixin.py:188} INFO - [2025-04-13T17:48:18.302+0000] {dag.py:3036} INFO - Sync 1 DAGs
[2025-04-13T17:48:18.339+0000] {logging_mixin.py:188} INFO - [2025-04-13T17:48:18.339+0000] {dag.py:3823} INFO - Setting next_dagrun for example_short_circuit_operator to 2025-04-12 00:00:00+00:00, run_after=2025-04-13 00:00:00+00:00
[2025-04-13T17:48:18.397+0000] {processor.py:183} INFO - Processing /home/airflow/.local/lib/python3.8/site-packages/airflow/example_dags/example_short_circuit_operator.py took 0.150 seconds
[2025-04-13T17:48:50.246+0000] {processor.py:161} INFO - Started process (PID=6670) to work on /home/airflow/.local/lib/python3.8/site-packages/airflow/example_dags/example_short_circuit_operator.py
[2025-04-13T17:48:50.248+0000] {processor.py:830} INFO - Processing file /home/airflow/.local/lib/python3.8/site-packages/airflow/example_dags/example_short_circuit_operator.py for tasks to queue
[2025-04-13T17:48:50.251+0000] {logging_mixin.py:188} INFO - [2025-04-13T17:48:50.251+0000] {dagbag.py:538} INFO - Filling up the DagBag from /home/airflow/.local/lib/python3.8/site-packages/airflow/example_dags/example_short_circuit_operator.py
[2025-04-13T17:48:50.262+0000] {processor.py:840} INFO - DAG(s) 'example_short_circuit_operator' retrieved from /home/airflow/.local/lib/python3.8/site-packages/airflow/example_dags/example_short_circuit_operator.py
[2025-04-13T17:48:50.303+0000] {logging_mixin.py:188} INFO - [2025-04-13T17:48:50.302+0000] {dag.py:3036} INFO - Sync 1 DAGs
[2025-04-13T17:48:50.334+0000] {logging_mixin.py:188} INFO - [2025-04-13T17:48:50.334+0000] {dag.py:3823} INFO - Setting next_dagrun for example_short_circuit_operator to 2025-04-12 00:00:00+00:00, run_after=2025-04-13 00:00:00+00:00
[2025-04-13T17:48:50.413+0000] {processor.py:183} INFO - Processing /home/airflow/.local/lib/python3.8/site-packages/airflow/example_dags/example_short_circuit_operator.py took 0.171 seconds
[2025-04-13T17:49:22.072+0000] {processor.py:161} INFO - Started process (PID=6726) to work on /home/airflow/.local/lib/python3.8/site-packages/airflow/example_dags/example_short_circuit_operator.py
[2025-04-13T17:49:22.073+0000] {processor.py:830} INFO - Processing file /home/airflow/.local/lib/python3.8/site-packages/airflow/example_dags/example_short_circuit_operator.py for tasks to queue
[2025-04-13T17:49:22.076+0000] {logging_mixin.py:188} INFO - [2025-04-13T17:49:22.076+0000] {dagbag.py:538} INFO - Filling up the DagBag from /home/airflow/.local/lib/python3.8/site-packages/airflow/example_dags/example_short_circuit_operator.py
[2025-04-13T17:49:22.090+0000] {processor.py:840} INFO - DAG(s) 'example_short_circuit_operator' retrieved from /home/airflow/.local/lib/python3.8/site-packages/airflow/example_dags/example_short_circuit_operator.py
[2025-04-13T17:49:22.123+0000] {logging_mixin.py:188} INFO - [2025-04-13T17:49:22.122+0000] {dag.py:3036} INFO - Sync 1 DAGs
[2025-04-13T17:49:22.156+0000] {logging_mixin.py:188} INFO - [2025-04-13T17:49:22.156+0000] {dag.py:3823} INFO - Setting next_dagrun for example_short_circuit_operator to 2025-04-12 00:00:00+00:00, run_after=2025-04-13 00:00:00+00:00
[2025-04-13T17:49:22.225+0000] {processor.py:183} INFO - Processing /home/airflow/.local/lib/python3.8/site-packages/airflow/example_dags/example_short_circuit_operator.py took 0.159 seconds
[2025-04-13T17:49:55.988+0000] {processor.py:161} INFO - Started process (PID=6782) to work on /home/airflow/.local/lib/python3.8/site-packages/airflow/example_dags/example_short_circuit_operator.py
[2025-04-13T17:49:55.990+0000] {processor.py:830} INFO - Processing file /home/airflow/.local/lib/python3.8/site-packages/airflow/example_dags/example_short_circuit_operator.py for tasks to queue
[2025-04-13T17:49:55.994+0000] {logging_mixin.py:188} INFO - [2025-04-13T17:49:55.993+0000] {dagbag.py:538} INFO - Filling up the DagBag from /home/airflow/.local/lib/python3.8/site-packages/airflow/example_dags/example_short_circuit_operator.py
[2025-04-13T17:49:56.006+0000] {processor.py:840} INFO - DAG(s) 'example_short_circuit_operator' retrieved from /home/airflow/.local/lib/python3.8/site-packages/airflow/example_dags/example_short_circuit_operator.py
[2025-04-13T17:49:56.053+0000] {logging_mixin.py:188} INFO - [2025-04-13T17:49:56.053+0000] {dag.py:3036} INFO - Sync 1 DAGs
[2025-04-13T17:49:56.094+0000] {logging_mixin.py:188} INFO - [2025-04-13T17:49:56.093+0000] {dag.py:3823} INFO - Setting next_dagrun for example_short_circuit_operator to 2025-04-12 00:00:00+00:00, run_after=2025-04-13 00:00:00+00:00
[2025-04-13T17:49:56.162+0000] {processor.py:183} INFO - Processing /home/airflow/.local/lib/python3.8/site-packages/airflow/example_dags/example_short_circuit_operator.py took 0.179 seconds
[2025-04-13T17:50:27.735+0000] {processor.py:161} INFO - Started process (PID=6839) to work on /home/airflow/.local/lib/python3.8/site-packages/airflow/example_dags/example_short_circuit_operator.py
[2025-04-13T17:50:27.739+0000] {processor.py:830} INFO - Processing file /home/airflow/.local/lib/python3.8/site-packages/airflow/example_dags/example_short_circuit_operator.py for tasks to queue
[2025-04-13T17:50:27.743+0000] {logging_mixin.py:188} INFO - [2025-04-13T17:50:27.741+0000] {dagbag.py:538} INFO - Filling up the DagBag from /home/airflow/.local/lib/python3.8/site-packages/airflow/example_dags/example_short_circuit_operator.py
[2025-04-13T17:50:27.757+0000] {processor.py:840} INFO - DAG(s) 'example_short_circuit_operator' retrieved from /home/airflow/.local/lib/python3.8/site-packages/airflow/example_dags/example_short_circuit_operator.py
[2025-04-13T17:50:27.789+0000] {logging_mixin.py:188} INFO - [2025-04-13T17:50:27.789+0000] {dag.py:3036} INFO - Sync 1 DAGs
[2025-04-13T17:50:27.826+0000] {logging_mixin.py:188} INFO - [2025-04-13T17:50:27.826+0000] {dag.py:3823} INFO - Setting next_dagrun for example_short_circuit_operator to 2025-04-12 00:00:00+00:00, run_after=2025-04-13 00:00:00+00:00
[2025-04-13T17:50:27.859+0000] {processor.py:183} INFO - Processing /home/airflow/.local/lib/python3.8/site-packages/airflow/example_dags/example_short_circuit_operator.py took 0.130 seconds
[2025-04-13T17:51:02.758+0000] {processor.py:161} INFO - Started process (PID=6901) to work on /home/airflow/.local/lib/python3.8/site-packages/airflow/example_dags/example_short_circuit_operator.py
[2025-04-13T17:51:02.760+0000] {processor.py:830} INFO - Processing file /home/airflow/.local/lib/python3.8/site-packages/airflow/example_dags/example_short_circuit_operator.py for tasks to queue
[2025-04-13T17:51:02.763+0000] {logging_mixin.py:188} INFO - [2025-04-13T17:51:02.763+0000] {dagbag.py:538} INFO - Filling up the DagBag from /home/airflow/.local/lib/python3.8/site-packages/airflow/example_dags/example_short_circuit_operator.py
[2025-04-13T17:51:02.777+0000] {processor.py:840} INFO - DAG(s) 'example_short_circuit_operator' retrieved from /home/airflow/.local/lib/python3.8/site-packages/airflow/example_dags/example_short_circuit_operator.py
[2025-04-13T17:51:02.811+0000] {logging_mixin.py:188} INFO - [2025-04-13T17:51:02.811+0000] {dag.py:3036} INFO - Sync 1 DAGs
[2025-04-13T17:51:02.853+0000] {logging_mixin.py:188} INFO - [2025-04-13T17:51:02.853+0000] {dag.py:3823} INFO - Setting next_dagrun for example_short_circuit_operator to 2025-04-12 00:00:00+00:00, run_after=2025-04-13 00:00:00+00:00
[2025-04-13T17:51:02.929+0000] {processor.py:183} INFO - Processing /home/airflow/.local/lib/python3.8/site-packages/airflow/example_dags/example_short_circuit_operator.py took 0.177 seconds
[2025-04-13T17:51:33.413+0000] {processor.py:161} INFO - Started process (PID=6951) to work on /home/airflow/.local/lib/python3.8/site-packages/airflow/example_dags/example_short_circuit_operator.py
[2025-04-13T17:51:33.414+0000] {processor.py:830} INFO - Processing file /home/airflow/.local/lib/python3.8/site-packages/airflow/example_dags/example_short_circuit_operator.py for tasks to queue
[2025-04-13T17:51:33.416+0000] {logging_mixin.py:188} INFO - [2025-04-13T17:51:33.416+0000] {dagbag.py:538} INFO - Filling up the DagBag from /home/airflow/.local/lib/python3.8/site-packages/airflow/example_dags/example_short_circuit_operator.py
[2025-04-13T17:51:33.428+0000] {processor.py:840} INFO - DAG(s) 'example_short_circuit_operator' retrieved from /home/airflow/.local/lib/python3.8/site-packages/airflow/example_dags/example_short_circuit_operator.py
[2025-04-13T17:51:33.456+0000] {logging_mixin.py:188} INFO - [2025-04-13T17:51:33.455+0000] {dag.py:3036} INFO - Sync 1 DAGs
[2025-04-13T17:51:33.481+0000] {logging_mixin.py:188} INFO - [2025-04-13T17:51:33.481+0000] {dag.py:3823} INFO - Setting next_dagrun for example_short_circuit_operator to 2025-04-12 00:00:00+00:00, run_after=2025-04-13 00:00:00+00:00
[2025-04-13T17:51:33.556+0000] {processor.py:183} INFO - Processing /home/airflow/.local/lib/python3.8/site-packages/airflow/example_dags/example_short_circuit_operator.py took 0.147 seconds
[2025-04-13T17:52:05.547+0000] {processor.py:161} INFO - Started process (PID=7008) to work on /home/airflow/.local/lib/python3.8/site-packages/airflow/example_dags/example_short_circuit_operator.py
[2025-04-13T17:52:05.548+0000] {processor.py:830} INFO - Processing file /home/airflow/.local/lib/python3.8/site-packages/airflow/example_dags/example_short_circuit_operator.py for tasks to queue
[2025-04-13T17:52:05.552+0000] {logging_mixin.py:188} INFO - [2025-04-13T17:52:05.552+0000] {dagbag.py:538} INFO - Filling up the DagBag from /home/airflow/.local/lib/python3.8/site-packages/airflow/example_dags/example_short_circuit_operator.py
[2025-04-13T17:52:05.563+0000] {processor.py:840} INFO - DAG(s) 'example_short_circuit_operator' retrieved from /home/airflow/.local/lib/python3.8/site-packages/airflow/example_dags/example_short_circuit_operator.py
[2025-04-13T17:52:05.595+0000] {logging_mixin.py:188} INFO - [2025-04-13T17:52:05.595+0000] {dag.py:3036} INFO - Sync 1 DAGs
[2025-04-13T17:52:05.667+0000] {logging_mixin.py:188} INFO - [2025-04-13T17:52:05.667+0000] {dag.py:3823} INFO - Setting next_dagrun for example_short_circuit_operator to 2025-04-12 00:00:00+00:00, run_after=2025-04-13 00:00:00+00:00
[2025-04-13T17:52:05.730+0000] {processor.py:183} INFO - Processing /home/airflow/.local/lib/python3.8/site-packages/airflow/example_dags/example_short_circuit_operator.py took 0.188 seconds
[2025-04-13T17:52:40.933+0000] {processor.py:161} INFO - Started process (PID=7085) to work on /home/airflow/.local/lib/python3.8/site-packages/airflow/example_dags/example_short_circuit_operator.py
[2025-04-13T17:52:40.934+0000] {processor.py:830} INFO - Processing file /home/airflow/.local/lib/python3.8/site-packages/airflow/example_dags/example_short_circuit_operator.py for tasks to queue
[2025-04-13T17:52:40.937+0000] {logging_mixin.py:188} INFO - [2025-04-13T17:52:40.936+0000] {dagbag.py:538} INFO - Filling up the DagBag from /home/airflow/.local/lib/python3.8/site-packages/airflow/example_dags/example_short_circuit_operator.py
[2025-04-13T17:52:40.949+0000] {processor.py:840} INFO - DAG(s) 'example_short_circuit_operator' retrieved from /home/airflow/.local/lib/python3.8/site-packages/airflow/example_dags/example_short_circuit_operator.py
[2025-04-13T17:52:40.985+0000] {logging_mixin.py:188} INFO - [2025-04-13T17:52:40.984+0000] {dag.py:3036} INFO - Sync 1 DAGs
[2025-04-13T17:52:41.020+0000] {logging_mixin.py:188} INFO - [2025-04-13T17:52:41.019+0000] {dag.py:3823} INFO - Setting next_dagrun for example_short_circuit_operator to 2025-04-12 00:00:00+00:00, run_after=2025-04-13 00:00:00+00:00
[2025-04-13T17:52:41.057+0000] {processor.py:183} INFO - Processing /home/airflow/.local/lib/python3.8/site-packages/airflow/example_dags/example_short_circuit_operator.py took 0.130 seconds
[2025-04-13T17:53:12.753+0000] {processor.py:161} INFO - Started process (PID=7141) to work on /home/airflow/.local/lib/python3.8/site-packages/airflow/example_dags/example_short_circuit_operator.py
[2025-04-13T17:53:12.754+0000] {processor.py:830} INFO - Processing file /home/airflow/.local/lib/python3.8/site-packages/airflow/example_dags/example_short_circuit_operator.py for tasks to queue
[2025-04-13T17:53:12.757+0000] {logging_mixin.py:188} INFO - [2025-04-13T17:53:12.756+0000] {dagbag.py:538} INFO - Filling up the DagBag from /home/airflow/.local/lib/python3.8/site-packages/airflow/example_dags/example_short_circuit_operator.py
[2025-04-13T17:53:12.772+0000] {processor.py:840} INFO - DAG(s) 'example_short_circuit_operator' retrieved from /home/airflow/.local/lib/python3.8/site-packages/airflow/example_dags/example_short_circuit_operator.py
[2025-04-13T17:53:12.807+0000] {logging_mixin.py:188} INFO - [2025-04-13T17:53:12.807+0000] {dag.py:3036} INFO - Sync 1 DAGs
[2025-04-13T17:53:12.839+0000] {logging_mixin.py:188} INFO - [2025-04-13T17:53:12.838+0000] {dag.py:3823} INFO - Setting next_dagrun for example_short_circuit_operator to 2025-04-12 00:00:00+00:00, run_after=2025-04-13 00:00:00+00:00
[2025-04-13T17:53:12.904+0000] {processor.py:183} INFO - Processing /home/airflow/.local/lib/python3.8/site-packages/airflow/example_dags/example_short_circuit_operator.py took 0.155 seconds
[2025-04-13T17:53:46.680+0000] {processor.py:161} INFO - Started process (PID=7197) to work on /home/airflow/.local/lib/python3.8/site-packages/airflow/example_dags/example_short_circuit_operator.py
[2025-04-13T17:53:46.682+0000] {processor.py:830} INFO - Processing file /home/airflow/.local/lib/python3.8/site-packages/airflow/example_dags/example_short_circuit_operator.py for tasks to queue
[2025-04-13T17:53:46.685+0000] {logging_mixin.py:188} INFO - [2025-04-13T17:53:46.685+0000] {dagbag.py:538} INFO - Filling up the DagBag from /home/airflow/.local/lib/python3.8/site-packages/airflow/example_dags/example_short_circuit_operator.py
[2025-04-13T17:53:46.701+0000] {processor.py:840} INFO - DAG(s) 'example_short_circuit_operator' retrieved from /home/airflow/.local/lib/python3.8/site-packages/airflow/example_dags/example_short_circuit_operator.py
[2025-04-13T17:53:46.736+0000] {logging_mixin.py:188} INFO - [2025-04-13T17:53:46.736+0000] {dag.py:3036} INFO - Sync 1 DAGs
[2025-04-13T17:53:46.782+0000] {logging_mixin.py:188} INFO - [2025-04-13T17:53:46.781+0000] {dag.py:3823} INFO - Setting next_dagrun for example_short_circuit_operator to 2025-04-12 00:00:00+00:00, run_after=2025-04-13 00:00:00+00:00
[2025-04-13T17:53:46.829+0000] {processor.py:183} INFO - Processing /home/airflow/.local/lib/python3.8/site-packages/airflow/example_dags/example_short_circuit_operator.py took 0.155 seconds
[2025-04-13T17:54:17.295+0000] {processor.py:161} INFO - Started process (PID=7247) to work on /home/airflow/.local/lib/python3.8/site-packages/airflow/example_dags/example_short_circuit_operator.py
[2025-04-13T17:54:17.297+0000] {processor.py:830} INFO - Processing file /home/airflow/.local/lib/python3.8/site-packages/airflow/example_dags/example_short_circuit_operator.py for tasks to queue
[2025-04-13T17:54:17.300+0000] {logging_mixin.py:188} INFO - [2025-04-13T17:54:17.300+0000] {dagbag.py:538} INFO - Filling up the DagBag from /home/airflow/.local/lib/python3.8/site-packages/airflow/example_dags/example_short_circuit_operator.py
[2025-04-13T17:54:17.314+0000] {processor.py:840} INFO - DAG(s) 'example_short_circuit_operator' retrieved from /home/airflow/.local/lib/python3.8/site-packages/airflow/example_dags/example_short_circuit_operator.py
[2025-04-13T17:54:17.350+0000] {logging_mixin.py:188} INFO - [2025-04-13T17:54:17.348+0000] {dag.py:3036} INFO - Sync 1 DAGs
[2025-04-13T17:54:17.410+0000] {logging_mixin.py:188} INFO - [2025-04-13T17:54:17.410+0000] {dag.py:3823} INFO - Setting next_dagrun for example_short_circuit_operator to 2025-04-12 00:00:00+00:00, run_after=2025-04-13 00:00:00+00:00
[2025-04-13T17:54:17.453+0000] {processor.py:183} INFO - Processing /home/airflow/.local/lib/python3.8/site-packages/airflow/example_dags/example_short_circuit_operator.py took 0.164 seconds
[2025-04-13T17:54:50.084+0000] {processor.py:161} INFO - Started process (PID=7303) to work on /home/airflow/.local/lib/python3.8/site-packages/airflow/example_dags/example_short_circuit_operator.py
[2025-04-13T17:54:50.086+0000] {processor.py:830} INFO - Processing file /home/airflow/.local/lib/python3.8/site-packages/airflow/example_dags/example_short_circuit_operator.py for tasks to queue
[2025-04-13T17:54:50.089+0000] {logging_mixin.py:188} INFO - [2025-04-13T17:54:50.089+0000] {dagbag.py:538} INFO - Filling up the DagBag from /home/airflow/.local/lib/python3.8/site-packages/airflow/example_dags/example_short_circuit_operator.py
[2025-04-13T17:54:50.104+0000] {processor.py:840} INFO - DAG(s) 'example_short_circuit_operator' retrieved from /home/airflow/.local/lib/python3.8/site-packages/airflow/example_dags/example_short_circuit_operator.py
[2025-04-13T17:54:50.142+0000] {logging_mixin.py:188} INFO - [2025-04-13T17:54:50.142+0000] {dag.py:3036} INFO - Sync 1 DAGs
[2025-04-13T17:54:50.179+0000] {logging_mixin.py:188} INFO - [2025-04-13T17:54:50.178+0000] {dag.py:3823} INFO - Setting next_dagrun for example_short_circuit_operator to 2025-04-12 00:00:00+00:00, run_after=2025-04-13 00:00:00+00:00
[2025-04-13T17:54:50.206+0000] {processor.py:183} INFO - Processing /home/airflow/.local/lib/python3.8/site-packages/airflow/example_dags/example_short_circuit_operator.py took 0.130 seconds
[2025-04-13T17:55:23.231+0000] {processor.py:161} INFO - Started process (PID=7364) to work on /home/airflow/.local/lib/python3.8/site-packages/airflow/example_dags/example_short_circuit_operator.py
[2025-04-13T17:55:23.232+0000] {processor.py:830} INFO - Processing file /home/airflow/.local/lib/python3.8/site-packages/airflow/example_dags/example_short_circuit_operator.py for tasks to queue
[2025-04-13T17:55:23.236+0000] {logging_mixin.py:188} INFO - [2025-04-13T17:55:23.236+0000] {dagbag.py:538} INFO - Filling up the DagBag from /home/airflow/.local/lib/python3.8/site-packages/airflow/example_dags/example_short_circuit_operator.py
[2025-04-13T17:55:23.247+0000] {processor.py:840} INFO - DAG(s) 'example_short_circuit_operator' retrieved from /home/airflow/.local/lib/python3.8/site-packages/airflow/example_dags/example_short_circuit_operator.py
[2025-04-13T17:55:23.281+0000] {logging_mixin.py:188} INFO - [2025-04-13T17:55:23.281+0000] {dag.py:3036} INFO - Sync 1 DAGs
[2025-04-13T17:55:23.318+0000] {logging_mixin.py:188} INFO - [2025-04-13T17:55:23.318+0000] {dag.py:3823} INFO - Setting next_dagrun for example_short_circuit_operator to 2025-04-12 00:00:00+00:00, run_after=2025-04-13 00:00:00+00:00
[2025-04-13T17:55:23.358+0000] {processor.py:183} INFO - Processing /home/airflow/.local/lib/python3.8/site-packages/airflow/example_dags/example_short_circuit_operator.py took 0.132 seconds
[2025-04-13T17:55:56.959+0000] {processor.py:161} INFO - Started process (PID=7420) to work on /home/airflow/.local/lib/python3.8/site-packages/airflow/example_dags/example_short_circuit_operator.py
[2025-04-13T17:55:56.962+0000] {processor.py:830} INFO - Processing file /home/airflow/.local/lib/python3.8/site-packages/airflow/example_dags/example_short_circuit_operator.py for tasks to queue
[2025-04-13T17:55:56.966+0000] {logging_mixin.py:188} INFO - [2025-04-13T17:55:56.966+0000] {dagbag.py:538} INFO - Filling up the DagBag from /home/airflow/.local/lib/python3.8/site-packages/airflow/example_dags/example_short_circuit_operator.py
[2025-04-13T17:55:56.989+0000] {processor.py:840} INFO - DAG(s) 'example_short_circuit_operator' retrieved from /home/airflow/.local/lib/python3.8/site-packages/airflow/example_dags/example_short_circuit_operator.py
[2025-04-13T17:55:57.063+0000] {logging_mixin.py:188} INFO - [2025-04-13T17:55:57.063+0000] {dag.py:3036} INFO - Sync 1 DAGs
[2025-04-13T17:55:57.101+0000] {logging_mixin.py:188} INFO - [2025-04-13T17:55:57.101+0000] {dag.py:3823} INFO - Setting next_dagrun for example_short_circuit_operator to 2025-04-12 00:00:00+00:00, run_after=2025-04-13 00:00:00+00:00
[2025-04-13T17:55:57.135+0000] {processor.py:183} INFO - Processing /home/airflow/.local/lib/python3.8/site-packages/airflow/example_dags/example_short_circuit_operator.py took 0.198 seconds
[2025-04-13T17:56:28.201+0000] {processor.py:161} INFO - Started process (PID=7476) to work on /home/airflow/.local/lib/python3.8/site-packages/airflow/example_dags/example_short_circuit_operator.py
[2025-04-13T17:56:28.209+0000] {processor.py:830} INFO - Processing file /home/airflow/.local/lib/python3.8/site-packages/airflow/example_dags/example_short_circuit_operator.py for tasks to queue
[2025-04-13T17:56:28.217+0000] {logging_mixin.py:188} INFO - [2025-04-13T17:56:28.216+0000] {dagbag.py:538} INFO - Filling up the DagBag from /home/airflow/.local/lib/python3.8/site-packages/airflow/example_dags/example_short_circuit_operator.py
[2025-04-13T17:56:28.232+0000] {processor.py:840} INFO - DAG(s) 'example_short_circuit_operator' retrieved from /home/airflow/.local/lib/python3.8/site-packages/airflow/example_dags/example_short_circuit_operator.py
[2025-04-13T17:56:28.270+0000] {logging_mixin.py:188} INFO - [2025-04-13T17:56:28.270+0000] {dag.py:3036} INFO - Sync 1 DAGs
[2025-04-13T17:56:28.318+0000] {logging_mixin.py:188} INFO - [2025-04-13T17:56:28.317+0000] {dag.py:3823} INFO - Setting next_dagrun for example_short_circuit_operator to 2025-04-12 00:00:00+00:00, run_after=2025-04-13 00:00:00+00:00
[2025-04-13T17:56:28.386+0000] {processor.py:183} INFO - Processing /home/airflow/.local/lib/python3.8/site-packages/airflow/example_dags/example_short_circuit_operator.py took 0.194 seconds
[2025-04-13T17:57:01.677+0000] {processor.py:161} INFO - Started process (PID=7532) to work on /home/airflow/.local/lib/python3.8/site-packages/airflow/example_dags/example_short_circuit_operator.py
[2025-04-13T17:57:01.680+0000] {processor.py:830} INFO - Processing file /home/airflow/.local/lib/python3.8/site-packages/airflow/example_dags/example_short_circuit_operator.py for tasks to queue
[2025-04-13T17:57:01.689+0000] {logging_mixin.py:188} INFO - [2025-04-13T17:57:01.688+0000] {dagbag.py:538} INFO - Filling up the DagBag from /home/airflow/.local/lib/python3.8/site-packages/airflow/example_dags/example_short_circuit_operator.py
[2025-04-13T17:57:01.714+0000] {processor.py:840} INFO - DAG(s) 'example_short_circuit_operator' retrieved from /home/airflow/.local/lib/python3.8/site-packages/airflow/example_dags/example_short_circuit_operator.py
[2025-04-13T17:57:01.764+0000] {logging_mixin.py:188} INFO - [2025-04-13T17:57:01.763+0000] {dag.py:3036} INFO - Sync 1 DAGs
[2025-04-13T17:57:01.795+0000] {logging_mixin.py:188} INFO - [2025-04-13T17:57:01.795+0000] {dag.py:3823} INFO - Setting next_dagrun for example_short_circuit_operator to 2025-04-12 00:00:00+00:00, run_after=2025-04-13 00:00:00+00:00
[2025-04-13T17:57:01.826+0000] {processor.py:183} INFO - Processing /home/airflow/.local/lib/python3.8/site-packages/airflow/example_dags/example_short_circuit_operator.py took 0.161 seconds
[2025-04-13T17:57:33.436+0000] {processor.py:161} INFO - Started process (PID=7582) to work on /home/airflow/.local/lib/python3.8/site-packages/airflow/example_dags/example_short_circuit_operator.py
[2025-04-13T17:57:33.437+0000] {processor.py:830} INFO - Processing file /home/airflow/.local/lib/python3.8/site-packages/airflow/example_dags/example_short_circuit_operator.py for tasks to queue
[2025-04-13T17:57:33.448+0000] {logging_mixin.py:188} INFO - [2025-04-13T17:57:33.447+0000] {dagbag.py:538} INFO - Filling up the DagBag from /home/airflow/.local/lib/python3.8/site-packages/airflow/example_dags/example_short_circuit_operator.py
[2025-04-13T17:57:33.474+0000] {processor.py:840} INFO - DAG(s) 'example_short_circuit_operator' retrieved from /home/airflow/.local/lib/python3.8/site-packages/airflow/example_dags/example_short_circuit_operator.py
[2025-04-13T17:57:33.509+0000] {logging_mixin.py:188} INFO - [2025-04-13T17:57:33.509+0000] {dag.py:3036} INFO - Sync 1 DAGs
[2025-04-13T17:57:33.540+0000] {logging_mixin.py:188} INFO - [2025-04-13T17:57:33.540+0000] {dag.py:3823} INFO - Setting next_dagrun for example_short_circuit_operator to 2025-04-12 00:00:00+00:00, run_after=2025-04-13 00:00:00+00:00
[2025-04-13T17:57:33.636+0000] {processor.py:183} INFO - Processing /home/airflow/.local/lib/python3.8/site-packages/airflow/example_dags/example_short_circuit_operator.py took 0.217 seconds
[2025-04-13T17:58:04.611+0000] {processor.py:161} INFO - Started process (PID=7644) to work on /home/airflow/.local/lib/python3.8/site-packages/airflow/example_dags/example_short_circuit_operator.py
[2025-04-13T17:58:04.613+0000] {processor.py:830} INFO - Processing file /home/airflow/.local/lib/python3.8/site-packages/airflow/example_dags/example_short_circuit_operator.py for tasks to queue
[2025-04-13T17:58:04.616+0000] {logging_mixin.py:188} INFO - [2025-04-13T17:58:04.615+0000] {dagbag.py:538} INFO - Filling up the DagBag from /home/airflow/.local/lib/python3.8/site-packages/airflow/example_dags/example_short_circuit_operator.py
[2025-04-13T17:58:04.626+0000] {processor.py:840} INFO - DAG(s) 'example_short_circuit_operator' retrieved from /home/airflow/.local/lib/python3.8/site-packages/airflow/example_dags/example_short_circuit_operator.py
[2025-04-13T17:58:04.662+0000] {logging_mixin.py:188} INFO - [2025-04-13T17:58:04.662+0000] {dag.py:3036} INFO - Sync 1 DAGs
[2025-04-13T17:58:04.694+0000] {logging_mixin.py:188} INFO - [2025-04-13T17:58:04.693+0000] {dag.py:3823} INFO - Setting next_dagrun for example_short_circuit_operator to 2025-04-12 00:00:00+00:00, run_after=2025-04-13 00:00:00+00:00
[2025-04-13T17:58:04.796+0000] {processor.py:183} INFO - Processing /home/airflow/.local/lib/python3.8/site-packages/airflow/example_dags/example_short_circuit_operator.py took 0.193 seconds
[2025-04-13T17:58:34.929+0000] {processor.py:161} INFO - Started process (PID=7694) to work on /home/airflow/.local/lib/python3.8/site-packages/airflow/example_dags/example_short_circuit_operator.py
[2025-04-13T17:58:34.930+0000] {processor.py:830} INFO - Processing file /home/airflow/.local/lib/python3.8/site-packages/airflow/example_dags/example_short_circuit_operator.py for tasks to queue
[2025-04-13T17:58:34.934+0000] {logging_mixin.py:188} INFO - [2025-04-13T17:58:34.933+0000] {dagbag.py:538} INFO - Filling up the DagBag from /home/airflow/.local/lib/python3.8/site-packages/airflow/example_dags/example_short_circuit_operator.py
[2025-04-13T17:58:34.944+0000] {processor.py:840} INFO - DAG(s) 'example_short_circuit_operator' retrieved from /home/airflow/.local/lib/python3.8/site-packages/airflow/example_dags/example_short_circuit_operator.py
[2025-04-13T17:58:34.980+0000] {logging_mixin.py:188} INFO - [2025-04-13T17:58:34.980+0000] {dag.py:3036} INFO - Sync 1 DAGs
[2025-04-13T17:58:35.017+0000] {logging_mixin.py:188} INFO - [2025-04-13T17:58:35.017+0000] {dag.py:3823} INFO - Setting next_dagrun for example_short_circuit_operator to 2025-04-12 00:00:00+00:00, run_after=2025-04-13 00:00:00+00:00
[2025-04-13T17:58:35.046+0000] {processor.py:183} INFO - Processing /home/airflow/.local/lib/python3.8/site-packages/airflow/example_dags/example_short_circuit_operator.py took 0.122 seconds
[2025-04-13T17:59:08.245+0000] {processor.py:161} INFO - Started process (PID=7749) to work on /home/airflow/.local/lib/python3.8/site-packages/airflow/example_dags/example_short_circuit_operator.py
[2025-04-13T17:59:08.247+0000] {processor.py:830} INFO - Processing file /home/airflow/.local/lib/python3.8/site-packages/airflow/example_dags/example_short_circuit_operator.py for tasks to queue
[2025-04-13T17:59:08.251+0000] {logging_mixin.py:188} INFO - [2025-04-13T17:59:08.250+0000] {dagbag.py:538} INFO - Filling up the DagBag from /home/airflow/.local/lib/python3.8/site-packages/airflow/example_dags/example_short_circuit_operator.py
[2025-04-13T17:59:08.269+0000] {processor.py:840} INFO - DAG(s) 'example_short_circuit_operator' retrieved from /home/airflow/.local/lib/python3.8/site-packages/airflow/example_dags/example_short_circuit_operator.py
[2025-04-13T17:59:08.312+0000] {logging_mixin.py:188} INFO - [2025-04-13T17:59:08.311+0000] {dag.py:3036} INFO - Sync 1 DAGs
[2025-04-13T17:59:08.365+0000] {logging_mixin.py:188} INFO - [2025-04-13T17:59:08.365+0000] {dag.py:3823} INFO - Setting next_dagrun for example_short_circuit_operator to 2025-04-12 00:00:00+00:00, run_after=2025-04-13 00:00:00+00:00
[2025-04-13T17:59:08.394+0000] {processor.py:183} INFO - Processing /home/airflow/.local/lib/python3.8/site-packages/airflow/example_dags/example_short_circuit_operator.py took 0.156 seconds
[2025-04-13T17:59:39.472+0000] {processor.py:161} INFO - Started process (PID=7812) to work on /home/airflow/.local/lib/python3.8/site-packages/airflow/example_dags/example_short_circuit_operator.py
[2025-04-13T17:59:39.474+0000] {processor.py:830} INFO - Processing file /home/airflow/.local/lib/python3.8/site-packages/airflow/example_dags/example_short_circuit_operator.py for tasks to queue
[2025-04-13T17:59:39.476+0000] {logging_mixin.py:188} INFO - [2025-04-13T17:59:39.476+0000] {dagbag.py:538} INFO - Filling up the DagBag from /home/airflow/.local/lib/python3.8/site-packages/airflow/example_dags/example_short_circuit_operator.py
[2025-04-13T17:59:39.488+0000] {processor.py:840} INFO - DAG(s) 'example_short_circuit_operator' retrieved from /home/airflow/.local/lib/python3.8/site-packages/airflow/example_dags/example_short_circuit_operator.py
[2025-04-13T17:59:39.530+0000] {logging_mixin.py:188} INFO - [2025-04-13T17:59:39.530+0000] {dag.py:3036} INFO - Sync 1 DAGs
[2025-04-13T17:59:39.571+0000] {logging_mixin.py:188} INFO - [2025-04-13T17:59:39.571+0000] {dag.py:3823} INFO - Setting next_dagrun for example_short_circuit_operator to 2025-04-12 00:00:00+00:00, run_after=2025-04-13 00:00:00+00:00
[2025-04-13T17:59:39.600+0000] {processor.py:183} INFO - Processing /home/airflow/.local/lib/python3.8/site-packages/airflow/example_dags/example_short_circuit_operator.py took 0.134 seconds
[2025-04-13T18:00:10.426+0000] {processor.py:161} INFO - Started process (PID=7862) to work on /home/airflow/.local/lib/python3.8/site-packages/airflow/example_dags/example_short_circuit_operator.py
[2025-04-13T18:00:10.428+0000] {processor.py:830} INFO - Processing file /home/airflow/.local/lib/python3.8/site-packages/airflow/example_dags/example_short_circuit_operator.py for tasks to queue
[2025-04-13T18:00:10.433+0000] {logging_mixin.py:188} INFO - [2025-04-13T18:00:10.432+0000] {dagbag.py:538} INFO - Filling up the DagBag from /home/airflow/.local/lib/python3.8/site-packages/airflow/example_dags/example_short_circuit_operator.py
[2025-04-13T18:00:10.450+0000] {processor.py:840} INFO - DAG(s) 'example_short_circuit_operator' retrieved from /home/airflow/.local/lib/python3.8/site-packages/airflow/example_dags/example_short_circuit_operator.py
[2025-04-13T18:00:10.505+0000] {logging_mixin.py:188} INFO - [2025-04-13T18:00:10.504+0000] {dag.py:3036} INFO - Sync 1 DAGs
[2025-04-13T18:00:10.551+0000] {logging_mixin.py:188} INFO - [2025-04-13T18:00:10.551+0000] {dag.py:3823} INFO - Setting next_dagrun for example_short_circuit_operator to 2025-04-12 00:00:00+00:00, run_after=2025-04-13 00:00:00+00:00
[2025-04-13T18:00:10.596+0000] {processor.py:183} INFO - Processing /home/airflow/.local/lib/python3.8/site-packages/airflow/example_dags/example_short_circuit_operator.py took 0.176 seconds
[2025-04-13T18:00:41.972+0000] {processor.py:161} INFO - Started process (PID=7917) to work on /home/airflow/.local/lib/python3.8/site-packages/airflow/example_dags/example_short_circuit_operator.py
[2025-04-13T18:00:41.974+0000] {processor.py:830} INFO - Processing file /home/airflow/.local/lib/python3.8/site-packages/airflow/example_dags/example_short_circuit_operator.py for tasks to queue
[2025-04-13T18:00:41.978+0000] {logging_mixin.py:188} INFO - [2025-04-13T18:00:41.977+0000] {dagbag.py:538} INFO - Filling up the DagBag from /home/airflow/.local/lib/python3.8/site-packages/airflow/example_dags/example_short_circuit_operator.py
[2025-04-13T18:00:41.994+0000] {processor.py:840} INFO - DAG(s) 'example_short_circuit_operator' retrieved from /home/airflow/.local/lib/python3.8/site-packages/airflow/example_dags/example_short_circuit_operator.py
[2025-04-13T18:00:42.037+0000] {logging_mixin.py:188} INFO - [2025-04-13T18:00:42.036+0000] {dag.py:3036} INFO - Sync 1 DAGs
[2025-04-13T18:00:42.073+0000] {logging_mixin.py:188} INFO - [2025-04-13T18:00:42.073+0000] {dag.py:3823} INFO - Setting next_dagrun for example_short_circuit_operator to 2025-04-12 00:00:00+00:00, run_after=2025-04-13 00:00:00+00:00
[2025-04-13T18:00:42.136+0000] {processor.py:183} INFO - Processing /home/airflow/.local/lib/python3.8/site-packages/airflow/example_dags/example_short_circuit_operator.py took 0.168 seconds
[2025-04-13T18:01:13.432+0000] {processor.py:161} INFO - Started process (PID=7972) to work on /home/airflow/.local/lib/python3.8/site-packages/airflow/example_dags/example_short_circuit_operator.py
[2025-04-13T18:01:13.433+0000] {processor.py:830} INFO - Processing file /home/airflow/.local/lib/python3.8/site-packages/airflow/example_dags/example_short_circuit_operator.py for tasks to queue
[2025-04-13T18:01:13.436+0000] {logging_mixin.py:188} INFO - [2025-04-13T18:01:13.435+0000] {dagbag.py:538} INFO - Filling up the DagBag from /home/airflow/.local/lib/python3.8/site-packages/airflow/example_dags/example_short_circuit_operator.py
[2025-04-13T18:01:13.445+0000] {processor.py:840} INFO - DAG(s) 'example_short_circuit_operator' retrieved from /home/airflow/.local/lib/python3.8/site-packages/airflow/example_dags/example_short_circuit_operator.py
[2025-04-13T18:01:13.474+0000] {logging_mixin.py:188} INFO - [2025-04-13T18:01:13.474+0000] {dag.py:3036} INFO - Sync 1 DAGs
[2025-04-13T18:01:13.502+0000] {logging_mixin.py:188} INFO - [2025-04-13T18:01:13.501+0000] {dag.py:3823} INFO - Setting next_dagrun for example_short_circuit_operator to 2025-04-12 00:00:00+00:00, run_after=2025-04-13 00:00:00+00:00
[2025-04-13T18:01:13.525+0000] {processor.py:183} INFO - Processing /home/airflow/.local/lib/python3.8/site-packages/airflow/example_dags/example_short_circuit_operator.py took 0.097 seconds
[2025-04-13T18:01:45.748+0000] {processor.py:161} INFO - Started process (PID=8028) to work on /home/airflow/.local/lib/python3.8/site-packages/airflow/example_dags/example_short_circuit_operator.py
[2025-04-13T18:01:45.749+0000] {processor.py:830} INFO - Processing file /home/airflow/.local/lib/python3.8/site-packages/airflow/example_dags/example_short_circuit_operator.py for tasks to queue
[2025-04-13T18:01:45.752+0000] {logging_mixin.py:188} INFO - [2025-04-13T18:01:45.752+0000] {dagbag.py:538} INFO - Filling up the DagBag from /home/airflow/.local/lib/python3.8/site-packages/airflow/example_dags/example_short_circuit_operator.py
[2025-04-13T18:01:45.764+0000] {processor.py:840} INFO - DAG(s) 'example_short_circuit_operator' retrieved from /home/airflow/.local/lib/python3.8/site-packages/airflow/example_dags/example_short_circuit_operator.py
[2025-04-13T18:01:45.793+0000] {logging_mixin.py:188} INFO - [2025-04-13T18:01:45.793+0000] {dag.py:3036} INFO - Sync 1 DAGs
[2025-04-13T18:01:45.824+0000] {logging_mixin.py:188} INFO - [2025-04-13T18:01:45.823+0000] {dag.py:3823} INFO - Setting next_dagrun for example_short_circuit_operator to 2025-04-12 00:00:00+00:00, run_after=2025-04-13 00:00:00+00:00
[2025-04-13T18:01:45.897+0000] {processor.py:183} INFO - Processing /home/airflow/.local/lib/python3.8/site-packages/airflow/example_dags/example_short_circuit_operator.py took 0.153 seconds
[2025-04-13T18:02:19.526+0000] {processor.py:161} INFO - Started process (PID=8084) to work on /home/airflow/.local/lib/python3.8/site-packages/airflow/example_dags/example_short_circuit_operator.py
[2025-04-13T18:02:19.528+0000] {processor.py:830} INFO - Processing file /home/airflow/.local/lib/python3.8/site-packages/airflow/example_dags/example_short_circuit_operator.py for tasks to queue
[2025-04-13T18:02:19.532+0000] {logging_mixin.py:188} INFO - [2025-04-13T18:02:19.532+0000] {dagbag.py:538} INFO - Filling up the DagBag from /home/airflow/.local/lib/python3.8/site-packages/airflow/example_dags/example_short_circuit_operator.py
[2025-04-13T18:02:19.548+0000] {processor.py:840} INFO - DAG(s) 'example_short_circuit_operator' retrieved from /home/airflow/.local/lib/python3.8/site-packages/airflow/example_dags/example_short_circuit_operator.py
[2025-04-13T18:02:19.591+0000] {logging_mixin.py:188} INFO - [2025-04-13T18:02:19.591+0000] {dag.py:3036} INFO - Sync 1 DAGs
[2025-04-13T18:02:19.626+0000] {logging_mixin.py:188} INFO - [2025-04-13T18:02:19.626+0000] {dag.py:3823} INFO - Setting next_dagrun for example_short_circuit_operator to 2025-04-12 00:00:00+00:00, run_after=2025-04-13 00:00:00+00:00
[2025-04-13T18:02:19.654+0000] {processor.py:183} INFO - Processing /home/airflow/.local/lib/python3.8/site-packages/airflow/example_dags/example_short_circuit_operator.py took 0.134 seconds
[2025-04-13T18:02:50.289+0000] {processor.py:161} INFO - Started process (PID=8140) to work on /home/airflow/.local/lib/python3.8/site-packages/airflow/example_dags/example_short_circuit_operator.py
[2025-04-13T18:02:50.291+0000] {processor.py:830} INFO - Processing file /home/airflow/.local/lib/python3.8/site-packages/airflow/example_dags/example_short_circuit_operator.py for tasks to queue
[2025-04-13T18:02:50.294+0000] {logging_mixin.py:188} INFO - [2025-04-13T18:02:50.293+0000] {dagbag.py:538} INFO - Filling up the DagBag from /home/airflow/.local/lib/python3.8/site-packages/airflow/example_dags/example_short_circuit_operator.py
[2025-04-13T18:02:50.303+0000] {processor.py:840} INFO - DAG(s) 'example_short_circuit_operator' retrieved from /home/airflow/.local/lib/python3.8/site-packages/airflow/example_dags/example_short_circuit_operator.py
[2025-04-13T18:02:50.334+0000] {logging_mixin.py:188} INFO - [2025-04-13T18:02:50.333+0000] {dag.py:3036} INFO - Sync 1 DAGs
[2025-04-13T18:02:50.373+0000] {logging_mixin.py:188} INFO - [2025-04-13T18:02:50.372+0000] {dag.py:3823} INFO - Setting next_dagrun for example_short_circuit_operator to 2025-04-12 00:00:00+00:00, run_after=2025-04-13 00:00:00+00:00
[2025-04-13T18:02:50.405+0000] {processor.py:183} INFO - Processing /home/airflow/.local/lib/python3.8/site-packages/airflow/example_dags/example_short_circuit_operator.py took 0.121 seconds
[2025-04-13T18:03:23.656+0000] {processor.py:161} INFO - Started process (PID=8196) to work on /home/airflow/.local/lib/python3.8/site-packages/airflow/example_dags/example_short_circuit_operator.py
[2025-04-13T18:03:23.657+0000] {processor.py:830} INFO - Processing file /home/airflow/.local/lib/python3.8/site-packages/airflow/example_dags/example_short_circuit_operator.py for tasks to queue
[2025-04-13T18:03:23.661+0000] {logging_mixin.py:188} INFO - [2025-04-13T18:03:23.661+0000] {dagbag.py:538} INFO - Filling up the DagBag from /home/airflow/.local/lib/python3.8/site-packages/airflow/example_dags/example_short_circuit_operator.py
[2025-04-13T18:03:23.674+0000] {processor.py:840} INFO - DAG(s) 'example_short_circuit_operator' retrieved from /home/airflow/.local/lib/python3.8/site-packages/airflow/example_dags/example_short_circuit_operator.py
[2025-04-13T18:03:23.705+0000] {logging_mixin.py:188} INFO - [2025-04-13T18:03:23.705+0000] {dag.py:3036} INFO - Sync 1 DAGs
[2025-04-13T18:03:23.736+0000] {logging_mixin.py:188} INFO - [2025-04-13T18:03:23.735+0000] {dag.py:3823} INFO - Setting next_dagrun for example_short_circuit_operator to 2025-04-12 00:00:00+00:00, run_after=2025-04-13 00:00:00+00:00
[2025-04-13T18:03:23.792+0000] {processor.py:183} INFO - Processing /home/airflow/.local/lib/python3.8/site-packages/airflow/example_dags/example_short_circuit_operator.py took 0.140 seconds
[2025-04-13T18:03:54.802+0000] {processor.py:161} INFO - Started process (PID=8252) to work on /home/airflow/.local/lib/python3.8/site-packages/airflow/example_dags/example_short_circuit_operator.py
[2025-04-13T18:03:54.804+0000] {processor.py:830} INFO - Processing file /home/airflow/.local/lib/python3.8/site-packages/airflow/example_dags/example_short_circuit_operator.py for tasks to queue
[2025-04-13T18:03:54.807+0000] {logging_mixin.py:188} INFO - [2025-04-13T18:03:54.806+0000] {dagbag.py:538} INFO - Filling up the DagBag from /home/airflow/.local/lib/python3.8/site-packages/airflow/example_dags/example_short_circuit_operator.py
[2025-04-13T18:03:54.819+0000] {processor.py:840} INFO - DAG(s) 'example_short_circuit_operator' retrieved from /home/airflow/.local/lib/python3.8/site-packages/airflow/example_dags/example_short_circuit_operator.py
[2025-04-13T18:03:54.852+0000] {logging_mixin.py:188} INFO - [2025-04-13T18:03:54.851+0000] {dag.py:3036} INFO - Sync 1 DAGs
[2025-04-13T18:03:54.889+0000] {logging_mixin.py:188} INFO - [2025-04-13T18:03:54.888+0000] {dag.py:3823} INFO - Setting next_dagrun for example_short_circuit_operator to 2025-04-12 00:00:00+00:00, run_after=2025-04-13 00:00:00+00:00
[2025-04-13T18:03:54.916+0000] {processor.py:183} INFO - Processing /home/airflow/.local/lib/python3.8/site-packages/airflow/example_dags/example_short_circuit_operator.py took 0.119 seconds
[2025-04-13T18:04:27.863+0000] {processor.py:161} INFO - Started process (PID=8308) to work on /home/airflow/.local/lib/python3.8/site-packages/airflow/example_dags/example_short_circuit_operator.py
[2025-04-13T18:04:27.865+0000] {processor.py:830} INFO - Processing file /home/airflow/.local/lib/python3.8/site-packages/airflow/example_dags/example_short_circuit_operator.py for tasks to queue
[2025-04-13T18:04:27.869+0000] {logging_mixin.py:188} INFO - [2025-04-13T18:04:27.868+0000] {dagbag.py:538} INFO - Filling up the DagBag from /home/airflow/.local/lib/python3.8/site-packages/airflow/example_dags/example_short_circuit_operator.py
[2025-04-13T18:04:27.880+0000] {processor.py:840} INFO - DAG(s) 'example_short_circuit_operator' retrieved from /home/airflow/.local/lib/python3.8/site-packages/airflow/example_dags/example_short_circuit_operator.py
[2025-04-13T18:04:27.916+0000] {logging_mixin.py:188} INFO - [2025-04-13T18:04:27.916+0000] {dag.py:3036} INFO - Sync 1 DAGs
[2025-04-13T18:04:27.951+0000] {logging_mixin.py:188} INFO - [2025-04-13T18:04:27.951+0000] {dag.py:3823} INFO - Setting next_dagrun for example_short_circuit_operator to 2025-04-12 00:00:00+00:00, run_after=2025-04-13 00:00:00+00:00
[2025-04-13T18:04:27.984+0000] {processor.py:183} INFO - Processing /home/airflow/.local/lib/python3.8/site-packages/airflow/example_dags/example_short_circuit_operator.py took 0.128 seconds
[2025-04-13T18:05:01.531+0000] {processor.py:161} INFO - Started process (PID=8364) to work on /home/airflow/.local/lib/python3.8/site-packages/airflow/example_dags/example_short_circuit_operator.py
[2025-04-13T18:05:01.533+0000] {processor.py:830} INFO - Processing file /home/airflow/.local/lib/python3.8/site-packages/airflow/example_dags/example_short_circuit_operator.py for tasks to queue
[2025-04-13T18:05:01.538+0000] {logging_mixin.py:188} INFO - [2025-04-13T18:05:01.537+0000] {dagbag.py:538} INFO - Filling up the DagBag from /home/airflow/.local/lib/python3.8/site-packages/airflow/example_dags/example_short_circuit_operator.py
[2025-04-13T18:05:01.557+0000] {processor.py:840} INFO - DAG(s) 'example_short_circuit_operator' retrieved from /home/airflow/.local/lib/python3.8/site-packages/airflow/example_dags/example_short_circuit_operator.py
[2025-04-13T18:05:01.593+0000] {logging_mixin.py:188} INFO - [2025-04-13T18:05:01.593+0000] {dag.py:3036} INFO - Sync 1 DAGs
[2025-04-13T18:05:01.634+0000] {logging_mixin.py:188} INFO - [2025-04-13T18:05:01.634+0000] {dag.py:3823} INFO - Setting next_dagrun for example_short_circuit_operator to 2025-04-12 00:00:00+00:00, run_after=2025-04-13 00:00:00+00:00
[2025-04-13T18:05:01.696+0000] {processor.py:183} INFO - Processing /home/airflow/.local/lib/python3.8/site-packages/airflow/example_dags/example_short_circuit_operator.py took 0.173 seconds
[2025-04-13T18:05:33.118+0000] {processor.py:161} INFO - Started process (PID=8420) to work on /home/airflow/.local/lib/python3.8/site-packages/airflow/example_dags/example_short_circuit_operator.py
[2025-04-13T18:05:33.119+0000] {processor.py:830} INFO - Processing file /home/airflow/.local/lib/python3.8/site-packages/airflow/example_dags/example_short_circuit_operator.py for tasks to queue
[2025-04-13T18:05:33.122+0000] {logging_mixin.py:188} INFO - [2025-04-13T18:05:33.122+0000] {dagbag.py:538} INFO - Filling up the DagBag from /home/airflow/.local/lib/python3.8/site-packages/airflow/example_dags/example_short_circuit_operator.py
[2025-04-13T18:05:33.132+0000] {processor.py:840} INFO - DAG(s) 'example_short_circuit_operator' retrieved from /home/airflow/.local/lib/python3.8/site-packages/airflow/example_dags/example_short_circuit_operator.py
[2025-04-13T18:05:33.161+0000] {logging_mixin.py:188} INFO - [2025-04-13T18:05:33.161+0000] {dag.py:3036} INFO - Sync 1 DAGs
[2025-04-13T18:05:33.192+0000] {logging_mixin.py:188} INFO - [2025-04-13T18:05:33.192+0000] {dag.py:3823} INFO - Setting next_dagrun for example_short_circuit_operator to 2025-04-12 00:00:00+00:00, run_after=2025-04-13 00:00:00+00:00
[2025-04-13T18:05:33.252+0000] {processor.py:183} INFO - Processing /home/airflow/.local/lib/python3.8/site-packages/airflow/example_dags/example_short_circuit_operator.py took 0.140 seconds
[2025-04-13T18:06:06.244+0000] {processor.py:161} INFO - Started process (PID=8476) to work on /home/airflow/.local/lib/python3.8/site-packages/airflow/example_dags/example_short_circuit_operator.py
[2025-04-13T18:06:06.246+0000] {processor.py:830} INFO - Processing file /home/airflow/.local/lib/python3.8/site-packages/airflow/example_dags/example_short_circuit_operator.py for tasks to queue
[2025-04-13T18:06:06.256+0000] {logging_mixin.py:188} INFO - [2025-04-13T18:06:06.252+0000] {dagbag.py:538} INFO - Filling up the DagBag from /home/airflow/.local/lib/python3.8/site-packages/airflow/example_dags/example_short_circuit_operator.py
[2025-04-13T18:06:06.267+0000] {processor.py:840} INFO - DAG(s) 'example_short_circuit_operator' retrieved from /home/airflow/.local/lib/python3.8/site-packages/airflow/example_dags/example_short_circuit_operator.py
[2025-04-13T18:06:06.333+0000] {logging_mixin.py:188} INFO - [2025-04-13T18:06:06.332+0000] {dag.py:3036} INFO - Sync 1 DAGs
[2025-04-13T18:06:06.409+0000] {logging_mixin.py:188} INFO - [2025-04-13T18:06:06.409+0000] {dag.py:3823} INFO - Setting next_dagrun for example_short_circuit_operator to 2025-04-12 00:00:00+00:00, run_after=2025-04-13 00:00:00+00:00
[2025-04-13T18:06:06.492+0000] {processor.py:183} INFO - Processing /home/airflow/.local/lib/python3.8/site-packages/airflow/example_dags/example_short_circuit_operator.py took 0.253 seconds
[2025-04-13T18:06:39.190+0000] {processor.py:161} INFO - Started process (PID=8534) to work on /home/airflow/.local/lib/python3.8/site-packages/airflow/example_dags/example_short_circuit_operator.py
[2025-04-13T18:06:39.192+0000] {processor.py:830} INFO - Processing file /home/airflow/.local/lib/python3.8/site-packages/airflow/example_dags/example_short_circuit_operator.py for tasks to queue
[2025-04-13T18:06:39.195+0000] {logging_mixin.py:188} INFO - [2025-04-13T18:06:39.195+0000] {dagbag.py:538} INFO - Filling up the DagBag from /home/airflow/.local/lib/python3.8/site-packages/airflow/example_dags/example_short_circuit_operator.py
[2025-04-13T18:06:39.210+0000] {processor.py:840} INFO - DAG(s) 'example_short_circuit_operator' retrieved from /home/airflow/.local/lib/python3.8/site-packages/airflow/example_dags/example_short_circuit_operator.py
[2025-04-13T18:06:39.241+0000] {logging_mixin.py:188} INFO - [2025-04-13T18:06:39.241+0000] {dag.py:3036} INFO - Sync 1 DAGs
[2025-04-13T18:06:39.288+0000] {logging_mixin.py:188} INFO - [2025-04-13T18:06:39.287+0000] {dag.py:3823} INFO - Setting next_dagrun for example_short_circuit_operator to 2025-04-12 00:00:00+00:00, run_after=2025-04-13 00:00:00+00:00
[2025-04-13T18:06:39.330+0000] {processor.py:183} INFO - Processing /home/airflow/.local/lib/python3.8/site-packages/airflow/example_dags/example_short_circuit_operator.py took 0.146 seconds
[2025-04-13T18:07:11.985+0000] {processor.py:161} INFO - Started process (PID=8597) to work on /home/airflow/.local/lib/python3.8/site-packages/airflow/example_dags/example_short_circuit_operator.py
[2025-04-13T18:07:11.987+0000] {processor.py:830} INFO - Processing file /home/airflow/.local/lib/python3.8/site-packages/airflow/example_dags/example_short_circuit_operator.py for tasks to queue
[2025-04-13T18:07:11.990+0000] {logging_mixin.py:188} INFO - [2025-04-13T18:07:11.990+0000] {dagbag.py:538} INFO - Filling up the DagBag from /home/airflow/.local/lib/python3.8/site-packages/airflow/example_dags/example_short_circuit_operator.py
[2025-04-13T18:07:12.001+0000] {processor.py:840} INFO - DAG(s) 'example_short_circuit_operator' retrieved from /home/airflow/.local/lib/python3.8/site-packages/airflow/example_dags/example_short_circuit_operator.py
[2025-04-13T18:07:12.038+0000] {logging_mixin.py:188} INFO - [2025-04-13T18:07:12.038+0000] {dag.py:3036} INFO - Sync 1 DAGs
[2025-04-13T18:07:12.075+0000] {logging_mixin.py:188} INFO - [2025-04-13T18:07:12.075+0000] {dag.py:3823} INFO - Setting next_dagrun for example_short_circuit_operator to 2025-04-12 00:00:00+00:00, run_after=2025-04-13 00:00:00+00:00
[2025-04-13T18:07:12.135+0000] {processor.py:183} INFO - Processing /home/airflow/.local/lib/python3.8/site-packages/airflow/example_dags/example_short_circuit_operator.py took 0.156 seconds
[2025-04-13T18:07:46.401+0000] {processor.py:161} INFO - Started process (PID=8653) to work on /home/airflow/.local/lib/python3.8/site-packages/airflow/example_dags/example_short_circuit_operator.py
[2025-04-13T18:07:46.404+0000] {processor.py:830} INFO - Processing file /home/airflow/.local/lib/python3.8/site-packages/airflow/example_dags/example_short_circuit_operator.py for tasks to queue
[2025-04-13T18:07:46.408+0000] {logging_mixin.py:188} INFO - [2025-04-13T18:07:46.408+0000] {dagbag.py:538} INFO - Filling up the DagBag from /home/airflow/.local/lib/python3.8/site-packages/airflow/example_dags/example_short_circuit_operator.py
[2025-04-13T18:07:46.424+0000] {processor.py:840} INFO - DAG(s) 'example_short_circuit_operator' retrieved from /home/airflow/.local/lib/python3.8/site-packages/airflow/example_dags/example_short_circuit_operator.py
[2025-04-13T18:07:46.475+0000] {logging_mixin.py:188} INFO - [2025-04-13T18:07:46.475+0000] {dag.py:3036} INFO - Sync 1 DAGs
[2025-04-13T18:07:46.529+0000] {logging_mixin.py:188} INFO - [2025-04-13T18:07:46.529+0000] {dag.py:3823} INFO - Setting next_dagrun for example_short_circuit_operator to 2025-04-12 00:00:00+00:00, run_after=2025-04-13 00:00:00+00:00
[2025-04-13T18:07:46.583+0000] {processor.py:183} INFO - Processing /home/airflow/.local/lib/python3.8/site-packages/airflow/example_dags/example_short_circuit_operator.py took 0.188 seconds
[2025-04-13T18:08:17.823+0000] {processor.py:161} INFO - Started process (PID=8709) to work on /home/airflow/.local/lib/python3.8/site-packages/airflow/example_dags/example_short_circuit_operator.py
[2025-04-13T18:08:17.825+0000] {processor.py:830} INFO - Processing file /home/airflow/.local/lib/python3.8/site-packages/airflow/example_dags/example_short_circuit_operator.py for tasks to queue
[2025-04-13T18:08:17.828+0000] {logging_mixin.py:188} INFO - [2025-04-13T18:08:17.828+0000] {dagbag.py:538} INFO - Filling up the DagBag from /home/airflow/.local/lib/python3.8/site-packages/airflow/example_dags/example_short_circuit_operator.py
[2025-04-13T18:08:17.845+0000] {processor.py:840} INFO - DAG(s) 'example_short_circuit_operator' retrieved from /home/airflow/.local/lib/python3.8/site-packages/airflow/example_dags/example_short_circuit_operator.py
[2025-04-13T18:08:17.892+0000] {logging_mixin.py:188} INFO - [2025-04-13T18:08:17.892+0000] {dag.py:3036} INFO - Sync 1 DAGs
[2025-04-13T18:08:17.928+0000] {logging_mixin.py:188} INFO - [2025-04-13T18:08:17.927+0000] {dag.py:3823} INFO - Setting next_dagrun for example_short_circuit_operator to 2025-04-12 00:00:00+00:00, run_after=2025-04-13 00:00:00+00:00
[2025-04-13T18:08:17.958+0000] {processor.py:183} INFO - Processing /home/airflow/.local/lib/python3.8/site-packages/airflow/example_dags/example_short_circuit_operator.py took 0.140 seconds
[2025-04-13T18:08:51.293+0000] {processor.py:161} INFO - Started process (PID=8765) to work on /home/airflow/.local/lib/python3.8/site-packages/airflow/example_dags/example_short_circuit_operator.py
[2025-04-13T18:08:51.306+0000] {processor.py:830} INFO - Processing file /home/airflow/.local/lib/python3.8/site-packages/airflow/example_dags/example_short_circuit_operator.py for tasks to queue
[2025-04-13T18:08:51.322+0000] {logging_mixin.py:188} INFO - [2025-04-13T18:08:51.321+0000] {dagbag.py:538} INFO - Filling up the DagBag from /home/airflow/.local/lib/python3.8/site-packages/airflow/example_dags/example_short_circuit_operator.py
[2025-04-13T18:08:51.398+0000] {processor.py:840} INFO - DAG(s) 'example_short_circuit_operator' retrieved from /home/airflow/.local/lib/python3.8/site-packages/airflow/example_dags/example_short_circuit_operator.py
[2025-04-13T18:08:51.493+0000] {logging_mixin.py:188} INFO - [2025-04-13T18:08:51.493+0000] {dag.py:3036} INFO - Sync 1 DAGs
[2025-04-13T18:08:51.535+0000] {logging_mixin.py:188} INFO - [2025-04-13T18:08:51.535+0000] {dag.py:3823} INFO - Setting next_dagrun for example_short_circuit_operator to 2025-04-12 00:00:00+00:00, run_after=2025-04-13 00:00:00+00:00
[2025-04-13T18:08:51.572+0000] {processor.py:183} INFO - Processing /home/airflow/.local/lib/python3.8/site-packages/airflow/example_dags/example_short_circuit_operator.py took 0.296 seconds
[2025-04-13T18:09:24.536+0000] {processor.py:161} INFO - Started process (PID=8821) to work on /home/airflow/.local/lib/python3.8/site-packages/airflow/example_dags/example_short_circuit_operator.py
[2025-04-13T18:09:24.539+0000] {processor.py:830} INFO - Processing file /home/airflow/.local/lib/python3.8/site-packages/airflow/example_dags/example_short_circuit_operator.py for tasks to queue
[2025-04-13T18:09:24.543+0000] {logging_mixin.py:188} INFO - [2025-04-13T18:09:24.542+0000] {dagbag.py:538} INFO - Filling up the DagBag from /home/airflow/.local/lib/python3.8/site-packages/airflow/example_dags/example_short_circuit_operator.py
[2025-04-13T18:09:24.560+0000] {processor.py:840} INFO - DAG(s) 'example_short_circuit_operator' retrieved from /home/airflow/.local/lib/python3.8/site-packages/airflow/example_dags/example_short_circuit_operator.py
[2025-04-13T18:09:24.611+0000] {logging_mixin.py:188} INFO - [2025-04-13T18:09:24.610+0000] {dag.py:3036} INFO - Sync 1 DAGs
[2025-04-13T18:09:24.652+0000] {logging_mixin.py:188} INFO - [2025-04-13T18:09:24.651+0000] {dag.py:3823} INFO - Setting next_dagrun for example_short_circuit_operator to 2025-04-12 00:00:00+00:00, run_after=2025-04-13 00:00:00+00:00
[2025-04-13T18:09:24.687+0000] {processor.py:183} INFO - Processing /home/airflow/.local/lib/python3.8/site-packages/airflow/example_dags/example_short_circuit_operator.py took 0.157 seconds
[2025-04-13T18:09:56.628+0000] {processor.py:161} INFO - Started process (PID=8878) to work on /home/airflow/.local/lib/python3.8/site-packages/airflow/example_dags/example_short_circuit_operator.py
[2025-04-13T18:09:56.637+0000] {processor.py:830} INFO - Processing file /home/airflow/.local/lib/python3.8/site-packages/airflow/example_dags/example_short_circuit_operator.py for tasks to queue
[2025-04-13T18:09:56.646+0000] {logging_mixin.py:188} INFO - [2025-04-13T18:09:56.645+0000] {dagbag.py:538} INFO - Filling up the DagBag from /home/airflow/.local/lib/python3.8/site-packages/airflow/example_dags/example_short_circuit_operator.py
[2025-04-13T18:09:56.667+0000] {processor.py:840} INFO - DAG(s) 'example_short_circuit_operator' retrieved from /home/airflow/.local/lib/python3.8/site-packages/airflow/example_dags/example_short_circuit_operator.py
[2025-04-13T18:09:56.726+0000] {logging_mixin.py:188} INFO - [2025-04-13T18:09:56.726+0000] {dag.py:3036} INFO - Sync 1 DAGs
[2025-04-13T18:09:56.787+0000] {logging_mixin.py:188} INFO - [2025-04-13T18:09:56.787+0000] {dag.py:3823} INFO - Setting next_dagrun for example_short_circuit_operator to 2025-04-12 00:00:00+00:00, run_after=2025-04-13 00:00:00+00:00
[2025-04-13T18:09:56.890+0000] {processor.py:183} INFO - Processing /home/airflow/.local/lib/python3.8/site-packages/airflow/example_dags/example_short_circuit_operator.py took 0.276 seconds
[2025-04-13T18:10:30.163+0000] {processor.py:161} INFO - Started process (PID=8933) to work on /home/airflow/.local/lib/python3.8/site-packages/airflow/example_dags/example_short_circuit_operator.py
[2025-04-13T18:10:30.165+0000] {processor.py:830} INFO - Processing file /home/airflow/.local/lib/python3.8/site-packages/airflow/example_dags/example_short_circuit_operator.py for tasks to queue
[2025-04-13T18:10:30.175+0000] {logging_mixin.py:188} INFO - [2025-04-13T18:10:30.169+0000] {dagbag.py:538} INFO - Filling up the DagBag from /home/airflow/.local/lib/python3.8/site-packages/airflow/example_dags/example_short_circuit_operator.py
[2025-04-13T18:10:30.192+0000] {processor.py:840} INFO - DAG(s) 'example_short_circuit_operator' retrieved from /home/airflow/.local/lib/python3.8/site-packages/airflow/example_dags/example_short_circuit_operator.py
[2025-04-13T18:10:30.241+0000] {logging_mixin.py:188} INFO - [2025-04-13T18:10:30.240+0000] {dag.py:3036} INFO - Sync 1 DAGs
[2025-04-13T18:10:30.325+0000] {logging_mixin.py:188} INFO - [2025-04-13T18:10:30.314+0000] {dag.py:3823} INFO - Setting next_dagrun for example_short_circuit_operator to 2025-04-12 00:00:00+00:00, run_after=2025-04-13 00:00:00+00:00
[2025-04-13T18:10:30.386+0000] {processor.py:183} INFO - Processing /home/airflow/.local/lib/python3.8/site-packages/airflow/example_dags/example_short_circuit_operator.py took 0.230 seconds
[2025-04-13T18:11:02.371+0000] {processor.py:161} INFO - Started process (PID=8989) to work on /home/airflow/.local/lib/python3.8/site-packages/airflow/example_dags/example_short_circuit_operator.py
[2025-04-13T18:11:02.374+0000] {processor.py:830} INFO - Processing file /home/airflow/.local/lib/python3.8/site-packages/airflow/example_dags/example_short_circuit_operator.py for tasks to queue
[2025-04-13T18:11:02.381+0000] {logging_mixin.py:188} INFO - [2025-04-13T18:11:02.380+0000] {dagbag.py:538} INFO - Filling up the DagBag from /home/airflow/.local/lib/python3.8/site-packages/airflow/example_dags/example_short_circuit_operator.py
[2025-04-13T18:11:02.401+0000] {processor.py:840} INFO - DAG(s) 'example_short_circuit_operator' retrieved from /home/airflow/.local/lib/python3.8/site-packages/airflow/example_dags/example_short_circuit_operator.py
[2025-04-13T18:11:02.468+0000] {logging_mixin.py:188} INFO - [2025-04-13T18:11:02.467+0000] {dag.py:3036} INFO - Sync 1 DAGs
[2025-04-13T18:11:02.534+0000] {logging_mixin.py:188} INFO - [2025-04-13T18:11:02.534+0000] {dag.py:3823} INFO - Setting next_dagrun for example_short_circuit_operator to 2025-04-12 00:00:00+00:00, run_after=2025-04-13 00:00:00+00:00
[2025-04-13T18:11:02.581+0000] {processor.py:183} INFO - Processing /home/airflow/.local/lib/python3.8/site-packages/airflow/example_dags/example_short_circuit_operator.py took 0.220 seconds
[2025-04-13T18:11:34.690+0000] {processor.py:161} INFO - Started process (PID=9044) to work on /home/airflow/.local/lib/python3.8/site-packages/airflow/example_dags/example_short_circuit_operator.py
[2025-04-13T18:11:34.692+0000] {processor.py:830} INFO - Processing file /home/airflow/.local/lib/python3.8/site-packages/airflow/example_dags/example_short_circuit_operator.py for tasks to queue
[2025-04-13T18:11:34.696+0000] {logging_mixin.py:188} INFO - [2025-04-13T18:11:34.696+0000] {dagbag.py:538} INFO - Filling up the DagBag from /home/airflow/.local/lib/python3.8/site-packages/airflow/example_dags/example_short_circuit_operator.py
[2025-04-13T18:11:34.710+0000] {processor.py:840} INFO - DAG(s) 'example_short_circuit_operator' retrieved from /home/airflow/.local/lib/python3.8/site-packages/airflow/example_dags/example_short_circuit_operator.py
[2025-04-13T18:11:34.756+0000] {logging_mixin.py:188} INFO - [2025-04-13T18:11:34.755+0000] {dag.py:3036} INFO - Sync 1 DAGs
[2025-04-13T18:11:34.836+0000] {logging_mixin.py:188} INFO - [2025-04-13T18:11:34.836+0000] {dag.py:3823} INFO - Setting next_dagrun for example_short_circuit_operator to 2025-04-12 00:00:00+00:00, run_after=2025-04-13 00:00:00+00:00
[2025-04-13T18:11:34.922+0000] {processor.py:183} INFO - Processing /home/airflow/.local/lib/python3.8/site-packages/airflow/example_dags/example_short_circuit_operator.py took 0.238 seconds
[2025-04-13T18:12:08.816+0000] {processor.py:161} INFO - Started process (PID=9105) to work on /home/airflow/.local/lib/python3.8/site-packages/airflow/example_dags/example_short_circuit_operator.py
[2025-04-13T18:12:08.818+0000] {processor.py:830} INFO - Processing file /home/airflow/.local/lib/python3.8/site-packages/airflow/example_dags/example_short_circuit_operator.py for tasks to queue
[2025-04-13T18:12:08.822+0000] {logging_mixin.py:188} INFO - [2025-04-13T18:12:08.821+0000] {dagbag.py:538} INFO - Filling up the DagBag from /home/airflow/.local/lib/python3.8/site-packages/airflow/example_dags/example_short_circuit_operator.py
[2025-04-13T18:12:08.841+0000] {processor.py:840} INFO - DAG(s) 'example_short_circuit_operator' retrieved from /home/airflow/.local/lib/python3.8/site-packages/airflow/example_dags/example_short_circuit_operator.py
[2025-04-13T18:12:08.903+0000] {logging_mixin.py:188} INFO - [2025-04-13T18:12:08.902+0000] {dag.py:3036} INFO - Sync 1 DAGs
[2025-04-13T18:12:08.945+0000] {logging_mixin.py:188} INFO - [2025-04-13T18:12:08.945+0000] {dag.py:3823} INFO - Setting next_dagrun for example_short_circuit_operator to 2025-04-12 00:00:00+00:00, run_after=2025-04-13 00:00:00+00:00
[2025-04-13T18:12:09.017+0000] {processor.py:183} INFO - Processing /home/airflow/.local/lib/python3.8/site-packages/airflow/example_dags/example_short_circuit_operator.py took 0.209 seconds
[2025-04-13T18:12:39.409+0000] {processor.py:161} INFO - Started process (PID=9155) to work on /home/airflow/.local/lib/python3.8/site-packages/airflow/example_dags/example_short_circuit_operator.py
[2025-04-13T18:12:39.411+0000] {processor.py:830} INFO - Processing file /home/airflow/.local/lib/python3.8/site-packages/airflow/example_dags/example_short_circuit_operator.py for tasks to queue
[2025-04-13T18:12:39.415+0000] {logging_mixin.py:188} INFO - [2025-04-13T18:12:39.414+0000] {dagbag.py:538} INFO - Filling up the DagBag from /home/airflow/.local/lib/python3.8/site-packages/airflow/example_dags/example_short_circuit_operator.py
[2025-04-13T18:12:39.433+0000] {processor.py:840} INFO - DAG(s) 'example_short_circuit_operator' retrieved from /home/airflow/.local/lib/python3.8/site-packages/airflow/example_dags/example_short_circuit_operator.py
[2025-04-13T18:12:39.485+0000] {logging_mixin.py:188} INFO - [2025-04-13T18:12:39.485+0000] {dag.py:3036} INFO - Sync 1 DAGs
[2025-04-13T18:12:39.532+0000] {logging_mixin.py:188} INFO - [2025-04-13T18:12:39.531+0000] {dag.py:3823} INFO - Setting next_dagrun for example_short_circuit_operator to 2025-04-12 00:00:00+00:00, run_after=2025-04-13 00:00:00+00:00
[2025-04-13T18:12:39.611+0000] {processor.py:183} INFO - Processing /home/airflow/.local/lib/python3.8/site-packages/airflow/example_dags/example_short_circuit_operator.py took 0.210 seconds
[2025-04-13T18:13:11.126+0000] {processor.py:161} INFO - Started process (PID=9211) to work on /home/airflow/.local/lib/python3.8/site-packages/airflow/example_dags/example_short_circuit_operator.py
[2025-04-13T18:13:11.129+0000] {processor.py:830} INFO - Processing file /home/airflow/.local/lib/python3.8/site-packages/airflow/example_dags/example_short_circuit_operator.py for tasks to queue
[2025-04-13T18:13:11.133+0000] {logging_mixin.py:188} INFO - [2025-04-13T18:13:11.132+0000] {dagbag.py:538} INFO - Filling up the DagBag from /home/airflow/.local/lib/python3.8/site-packages/airflow/example_dags/example_short_circuit_operator.py
[2025-04-13T18:13:11.153+0000] {processor.py:840} INFO - DAG(s) 'example_short_circuit_operator' retrieved from /home/airflow/.local/lib/python3.8/site-packages/airflow/example_dags/example_short_circuit_operator.py
[2025-04-13T18:13:11.245+0000] {logging_mixin.py:188} INFO - [2025-04-13T18:13:11.244+0000] {dag.py:3036} INFO - Sync 1 DAGs
[2025-04-13T18:13:11.304+0000] {logging_mixin.py:188} INFO - [2025-04-13T18:13:11.303+0000] {dag.py:3823} INFO - Setting next_dagrun for example_short_circuit_operator to 2025-04-12 00:00:00+00:00, run_after=2025-04-13 00:00:00+00:00
[2025-04-13T18:13:11.383+0000] {processor.py:183} INFO - Processing /home/airflow/.local/lib/python3.8/site-packages/airflow/example_dags/example_short_circuit_operator.py took 0.272 seconds
[2025-04-13T18:13:43.077+0000] {processor.py:161} INFO - Started process (PID=9266) to work on /home/airflow/.local/lib/python3.8/site-packages/airflow/example_dags/example_short_circuit_operator.py
[2025-04-13T18:13:43.079+0000] {processor.py:830} INFO - Processing file /home/airflow/.local/lib/python3.8/site-packages/airflow/example_dags/example_short_circuit_operator.py for tasks to queue
[2025-04-13T18:13:43.082+0000] {logging_mixin.py:188} INFO - [2025-04-13T18:13:43.081+0000] {dagbag.py:538} INFO - Filling up the DagBag from /home/airflow/.local/lib/python3.8/site-packages/airflow/example_dags/example_short_circuit_operator.py
[2025-04-13T18:13:43.100+0000] {processor.py:840} INFO - DAG(s) 'example_short_circuit_operator' retrieved from /home/airflow/.local/lib/python3.8/site-packages/airflow/example_dags/example_short_circuit_operator.py
[2025-04-13T18:13:43.150+0000] {logging_mixin.py:188} INFO - [2025-04-13T18:13:43.150+0000] {dag.py:3036} INFO - Sync 1 DAGs
[2025-04-13T18:13:43.198+0000] {logging_mixin.py:188} INFO - [2025-04-13T18:13:43.198+0000] {dag.py:3823} INFO - Setting next_dagrun for example_short_circuit_operator to 2025-04-12 00:00:00+00:00, run_after=2025-04-13 00:00:00+00:00
[2025-04-13T18:13:43.269+0000] {processor.py:183} INFO - Processing /home/airflow/.local/lib/python3.8/site-packages/airflow/example_dags/example_short_circuit_operator.py took 0.198 seconds
[2025-04-13T18:14:14.442+0000] {processor.py:161} INFO - Started process (PID=9321) to work on /home/airflow/.local/lib/python3.8/site-packages/airflow/example_dags/example_short_circuit_operator.py
[2025-04-13T18:14:14.444+0000] {processor.py:830} INFO - Processing file /home/airflow/.local/lib/python3.8/site-packages/airflow/example_dags/example_short_circuit_operator.py for tasks to queue
[2025-04-13T18:14:14.447+0000] {logging_mixin.py:188} INFO - [2025-04-13T18:14:14.447+0000] {dagbag.py:538} INFO - Filling up the DagBag from /home/airflow/.local/lib/python3.8/site-packages/airflow/example_dags/example_short_circuit_operator.py
[2025-04-13T18:14:14.463+0000] {processor.py:840} INFO - DAG(s) 'example_short_circuit_operator' retrieved from /home/airflow/.local/lib/python3.8/site-packages/airflow/example_dags/example_short_circuit_operator.py
[2025-04-13T18:14:14.547+0000] {logging_mixin.py:188} INFO - [2025-04-13T18:14:14.547+0000] {dag.py:3036} INFO - Sync 1 DAGs
[2025-04-13T18:14:14.605+0000] {logging_mixin.py:188} INFO - [2025-04-13T18:14:14.604+0000] {dag.py:3823} INFO - Setting next_dagrun for example_short_circuit_operator to 2025-04-12 00:00:00+00:00, run_after=2025-04-13 00:00:00+00:00
[2025-04-13T18:14:14.683+0000] {processor.py:183} INFO - Processing /home/airflow/.local/lib/python3.8/site-packages/airflow/example_dags/example_short_circuit_operator.py took 0.248 seconds
[2025-04-13T18:14:48.580+0000] {processor.py:161} INFO - Started process (PID=9377) to work on /home/airflow/.local/lib/python3.8/site-packages/airflow/example_dags/example_short_circuit_operator.py
[2025-04-13T18:14:48.582+0000] {processor.py:830} INFO - Processing file /home/airflow/.local/lib/python3.8/site-packages/airflow/example_dags/example_short_circuit_operator.py for tasks to queue
[2025-04-13T18:14:48.586+0000] {logging_mixin.py:188} INFO - [2025-04-13T18:14:48.585+0000] {dagbag.py:538} INFO - Filling up the DagBag from /home/airflow/.local/lib/python3.8/site-packages/airflow/example_dags/example_short_circuit_operator.py
[2025-04-13T18:14:48.601+0000] {processor.py:840} INFO - DAG(s) 'example_short_circuit_operator' retrieved from /home/airflow/.local/lib/python3.8/site-packages/airflow/example_dags/example_short_circuit_operator.py
[2025-04-13T18:14:48.649+0000] {logging_mixin.py:188} INFO - [2025-04-13T18:14:48.649+0000] {dag.py:3036} INFO - Sync 1 DAGs
[2025-04-13T18:14:48.697+0000] {logging_mixin.py:188} INFO - [2025-04-13T18:14:48.697+0000] {dag.py:3823} INFO - Setting next_dagrun for example_short_circuit_operator to 2025-04-12 00:00:00+00:00, run_after=2025-04-13 00:00:00+00:00
[2025-04-13T18:14:48.733+0000] {processor.py:183} INFO - Processing /home/airflow/.local/lib/python3.8/site-packages/airflow/example_dags/example_short_circuit_operator.py took 0.159 seconds
[2025-04-13T18:15:20.910+0000] {processor.py:161} INFO - Started process (PID=9433) to work on /home/airflow/.local/lib/python3.8/site-packages/airflow/example_dags/example_short_circuit_operator.py
[2025-04-13T18:15:20.913+0000] {processor.py:830} INFO - Processing file /home/airflow/.local/lib/python3.8/site-packages/airflow/example_dags/example_short_circuit_operator.py for tasks to queue
[2025-04-13T18:15:20.918+0000] {logging_mixin.py:188} INFO - [2025-04-13T18:15:20.917+0000] {dagbag.py:538} INFO - Filling up the DagBag from /home/airflow/.local/lib/python3.8/site-packages/airflow/example_dags/example_short_circuit_operator.py
[2025-04-13T18:15:20.938+0000] {processor.py:840} INFO - DAG(s) 'example_short_circuit_operator' retrieved from /home/airflow/.local/lib/python3.8/site-packages/airflow/example_dags/example_short_circuit_operator.py
[2025-04-13T18:15:20.991+0000] {logging_mixin.py:188} INFO - [2025-04-13T18:15:20.991+0000] {dag.py:3036} INFO - Sync 1 DAGs
[2025-04-13T18:15:21.043+0000] {logging_mixin.py:188} INFO - [2025-04-13T18:15:21.042+0000] {dag.py:3823} INFO - Setting next_dagrun for example_short_circuit_operator to 2025-04-12 00:00:00+00:00, run_after=2025-04-13 00:00:00+00:00
[2025-04-13T18:15:21.116+0000] {processor.py:183} INFO - Processing /home/airflow/.local/lib/python3.8/site-packages/airflow/example_dags/example_short_circuit_operator.py took 0.213 seconds
[2025-04-13T18:15:51.818+0000] {processor.py:161} INFO - Started process (PID=9488) to work on /home/airflow/.local/lib/python3.8/site-packages/airflow/example_dags/example_short_circuit_operator.py
[2025-04-13T18:15:51.820+0000] {processor.py:830} INFO - Processing file /home/airflow/.local/lib/python3.8/site-packages/airflow/example_dags/example_short_circuit_operator.py for tasks to queue
[2025-04-13T18:15:51.827+0000] {logging_mixin.py:188} INFO - [2025-04-13T18:15:51.825+0000] {dagbag.py:538} INFO - Filling up the DagBag from /home/airflow/.local/lib/python3.8/site-packages/airflow/example_dags/example_short_circuit_operator.py
[2025-04-13T18:15:51.852+0000] {processor.py:840} INFO - DAG(s) 'example_short_circuit_operator' retrieved from /home/airflow/.local/lib/python3.8/site-packages/airflow/example_dags/example_short_circuit_operator.py
[2025-04-13T18:15:51.894+0000] {logging_mixin.py:188} INFO - [2025-04-13T18:15:51.893+0000] {dag.py:3036} INFO - Sync 1 DAGs
[2025-04-13T18:15:51.933+0000] {logging_mixin.py:188} INFO - [2025-04-13T18:15:51.933+0000] {dag.py:3823} INFO - Setting next_dagrun for example_short_circuit_operator to 2025-04-12 00:00:00+00:00, run_after=2025-04-13 00:00:00+00:00
[2025-04-13T18:15:52.016+0000] {processor.py:183} INFO - Processing /home/airflow/.local/lib/python3.8/site-packages/airflow/example_dags/example_short_circuit_operator.py took 0.206 seconds
[2025-04-13T18:16:25.798+0000] {processor.py:161} INFO - Started process (PID=9544) to work on /home/airflow/.local/lib/python3.8/site-packages/airflow/example_dags/example_short_circuit_operator.py
[2025-04-13T18:16:25.806+0000] {processor.py:830} INFO - Processing file /home/airflow/.local/lib/python3.8/site-packages/airflow/example_dags/example_short_circuit_operator.py for tasks to queue
[2025-04-13T18:16:25.811+0000] {logging_mixin.py:188} INFO - [2025-04-13T18:16:25.811+0000] {dagbag.py:538} INFO - Filling up the DagBag from /home/airflow/.local/lib/python3.8/site-packages/airflow/example_dags/example_short_circuit_operator.py
[2025-04-13T18:16:25.827+0000] {processor.py:840} INFO - DAG(s) 'example_short_circuit_operator' retrieved from /home/airflow/.local/lib/python3.8/site-packages/airflow/example_dags/example_short_circuit_operator.py
[2025-04-13T18:16:25.871+0000] {logging_mixin.py:188} INFO - [2025-04-13T18:16:25.871+0000] {dag.py:3036} INFO - Sync 1 DAGs
[2025-04-13T18:16:25.911+0000] {logging_mixin.py:188} INFO - [2025-04-13T18:16:25.911+0000] {dag.py:3823} INFO - Setting next_dagrun for example_short_circuit_operator to 2025-04-12 00:00:00+00:00, run_after=2025-04-13 00:00:00+00:00
[2025-04-13T18:16:25.960+0000] {processor.py:183} INFO - Processing /home/airflow/.local/lib/python3.8/site-packages/airflow/example_dags/example_short_circuit_operator.py took 0.169 seconds
[2025-04-13T18:16:58.142+0000] {processor.py:161} INFO - Started process (PID=9600) to work on /home/airflow/.local/lib/python3.8/site-packages/airflow/example_dags/example_short_circuit_operator.py
[2025-04-13T18:16:58.144+0000] {processor.py:830} INFO - Processing file /home/airflow/.local/lib/python3.8/site-packages/airflow/example_dags/example_short_circuit_operator.py for tasks to queue
[2025-04-13T18:16:58.148+0000] {logging_mixin.py:188} INFO - [2025-04-13T18:16:58.148+0000] {dagbag.py:538} INFO - Filling up the DagBag from /home/airflow/.local/lib/python3.8/site-packages/airflow/example_dags/example_short_circuit_operator.py
[2025-04-13T18:16:58.163+0000] {processor.py:840} INFO - DAG(s) 'example_short_circuit_operator' retrieved from /home/airflow/.local/lib/python3.8/site-packages/airflow/example_dags/example_short_circuit_operator.py
[2025-04-13T18:16:58.207+0000] {logging_mixin.py:188} INFO - [2025-04-13T18:16:58.206+0000] {dag.py:3036} INFO - Sync 1 DAGs
[2025-04-13T18:16:58.253+0000] {logging_mixin.py:188} INFO - [2025-04-13T18:16:58.253+0000] {dag.py:3823} INFO - Setting next_dagrun for example_short_circuit_operator to 2025-04-12 00:00:00+00:00, run_after=2025-04-13 00:00:00+00:00
[2025-04-13T18:16:58.323+0000] {processor.py:183} INFO - Processing /home/airflow/.local/lib/python3.8/site-packages/airflow/example_dags/example_short_circuit_operator.py took 0.188 seconds
[2025-04-13T18:17:30.668+0000] {processor.py:161} INFO - Started process (PID=9656) to work on /home/airflow/.local/lib/python3.8/site-packages/airflow/example_dags/example_short_circuit_operator.py
[2025-04-13T18:17:30.671+0000] {processor.py:830} INFO - Processing file /home/airflow/.local/lib/python3.8/site-packages/airflow/example_dags/example_short_circuit_operator.py for tasks to queue
[2025-04-13T18:17:30.676+0000] {logging_mixin.py:188} INFO - [2025-04-13T18:17:30.676+0000] {dagbag.py:538} INFO - Filling up the DagBag from /home/airflow/.local/lib/python3.8/site-packages/airflow/example_dags/example_short_circuit_operator.py
[2025-04-13T18:17:30.695+0000] {processor.py:840} INFO - DAG(s) 'example_short_circuit_operator' retrieved from /home/airflow/.local/lib/python3.8/site-packages/airflow/example_dags/example_short_circuit_operator.py
[2025-04-13T18:17:30.741+0000] {logging_mixin.py:188} INFO - [2025-04-13T18:17:30.741+0000] {dag.py:3036} INFO - Sync 1 DAGs
[2025-04-13T18:17:30.779+0000] {logging_mixin.py:188} INFO - [2025-04-13T18:17:30.779+0000] {dag.py:3823} INFO - Setting next_dagrun for example_short_circuit_operator to 2025-04-12 00:00:00+00:00, run_after=2025-04-13 00:00:00+00:00
[2025-04-13T18:17:30.869+0000] {processor.py:183} INFO - Processing /home/airflow/.local/lib/python3.8/site-packages/airflow/example_dags/example_short_circuit_operator.py took 0.213 seconds
[2025-04-13T18:18:01.795+0000] {processor.py:161} INFO - Started process (PID=9712) to work on /home/airflow/.local/lib/python3.8/site-packages/airflow/example_dags/example_short_circuit_operator.py
[2025-04-13T18:18:01.798+0000] {processor.py:830} INFO - Processing file /home/airflow/.local/lib/python3.8/site-packages/airflow/example_dags/example_short_circuit_operator.py for tasks to queue
[2025-04-13T18:18:01.802+0000] {logging_mixin.py:188} INFO - [2025-04-13T18:18:01.801+0000] {dagbag.py:538} INFO - Filling up the DagBag from /home/airflow/.local/lib/python3.8/site-packages/airflow/example_dags/example_short_circuit_operator.py
[2025-04-13T18:18:01.819+0000] {processor.py:840} INFO - DAG(s) 'example_short_circuit_operator' retrieved from /home/airflow/.local/lib/python3.8/site-packages/airflow/example_dags/example_short_circuit_operator.py
[2025-04-13T18:18:01.869+0000] {logging_mixin.py:188} INFO - [2025-04-13T18:18:01.869+0000] {dag.py:3036} INFO - Sync 1 DAGs
[2025-04-13T18:18:01.916+0000] {logging_mixin.py:188} INFO - [2025-04-13T18:18:01.916+0000] {dag.py:3823} INFO - Setting next_dagrun for example_short_circuit_operator to 2025-04-12 00:00:00+00:00, run_after=2025-04-13 00:00:00+00:00
[2025-04-13T18:18:01.951+0000] {processor.py:183} INFO - Processing /home/airflow/.local/lib/python3.8/site-packages/airflow/example_dags/example_short_circuit_operator.py took 0.161 seconds
[2025-04-13T18:18:32.967+0000] {processor.py:161} INFO - Started process (PID=9768) to work on /home/airflow/.local/lib/python3.8/site-packages/airflow/example_dags/example_short_circuit_operator.py
[2025-04-13T18:18:32.970+0000] {processor.py:830} INFO - Processing file /home/airflow/.local/lib/python3.8/site-packages/airflow/example_dags/example_short_circuit_operator.py for tasks to queue
[2025-04-13T18:18:32.973+0000] {logging_mixin.py:188} INFO - [2025-04-13T18:18:32.973+0000] {dagbag.py:538} INFO - Filling up the DagBag from /home/airflow/.local/lib/python3.8/site-packages/airflow/example_dags/example_short_circuit_operator.py
[2025-04-13T18:18:32.990+0000] {processor.py:840} INFO - DAG(s) 'example_short_circuit_operator' retrieved from /home/airflow/.local/lib/python3.8/site-packages/airflow/example_dags/example_short_circuit_operator.py
[2025-04-13T18:18:33.040+0000] {logging_mixin.py:188} INFO - [2025-04-13T18:18:33.040+0000] {dag.py:3036} INFO - Sync 1 DAGs
[2025-04-13T18:18:33.083+0000] {logging_mixin.py:188} INFO - [2025-04-13T18:18:33.083+0000] {dag.py:3823} INFO - Setting next_dagrun for example_short_circuit_operator to 2025-04-12 00:00:00+00:00, run_after=2025-04-13 00:00:00+00:00
[2025-04-13T18:18:33.180+0000] {processor.py:183} INFO - Processing /home/airflow/.local/lib/python3.8/site-packages/airflow/example_dags/example_short_circuit_operator.py took 0.220 seconds
[2025-04-13T18:19:05.121+0000] {processor.py:161} INFO - Started process (PID=9824) to work on /home/airflow/.local/lib/python3.8/site-packages/airflow/example_dags/example_short_circuit_operator.py
[2025-04-13T18:19:05.123+0000] {processor.py:830} INFO - Processing file /home/airflow/.local/lib/python3.8/site-packages/airflow/example_dags/example_short_circuit_operator.py for tasks to queue
[2025-04-13T18:19:05.129+0000] {logging_mixin.py:188} INFO - [2025-04-13T18:19:05.128+0000] {dagbag.py:538} INFO - Filling up the DagBag from /home/airflow/.local/lib/python3.8/site-packages/airflow/example_dags/example_short_circuit_operator.py
[2025-04-13T18:19:05.147+0000] {processor.py:840} INFO - DAG(s) 'example_short_circuit_operator' retrieved from /home/airflow/.local/lib/python3.8/site-packages/airflow/example_dags/example_short_circuit_operator.py
[2025-04-13T18:19:05.205+0000] {logging_mixin.py:188} INFO - [2025-04-13T18:19:05.204+0000] {dag.py:3036} INFO - Sync 1 DAGs
[2025-04-13T18:19:05.249+0000] {logging_mixin.py:188} INFO - [2025-04-13T18:19:05.248+0000] {dag.py:3823} INFO - Setting next_dagrun for example_short_circuit_operator to 2025-04-12 00:00:00+00:00, run_after=2025-04-13 00:00:00+00:00
[2025-04-13T18:19:05.319+0000] {processor.py:183} INFO - Processing /home/airflow/.local/lib/python3.8/site-packages/airflow/example_dags/example_short_circuit_operator.py took 0.208 seconds
[2025-04-13T18:19:38.237+0000] {processor.py:161} INFO - Started process (PID=9880) to work on /home/airflow/.local/lib/python3.8/site-packages/airflow/example_dags/example_short_circuit_operator.py
[2025-04-13T18:19:38.239+0000] {processor.py:830} INFO - Processing file /home/airflow/.local/lib/python3.8/site-packages/airflow/example_dags/example_short_circuit_operator.py for tasks to queue
[2025-04-13T18:19:38.243+0000] {logging_mixin.py:188} INFO - [2025-04-13T18:19:38.242+0000] {dagbag.py:538} INFO - Filling up the DagBag from /home/airflow/.local/lib/python3.8/site-packages/airflow/example_dags/example_short_circuit_operator.py
[2025-04-13T18:19:38.261+0000] {processor.py:840} INFO - DAG(s) 'example_short_circuit_operator' retrieved from /home/airflow/.local/lib/python3.8/site-packages/airflow/example_dags/example_short_circuit_operator.py
[2025-04-13T18:19:38.324+0000] {logging_mixin.py:188} INFO - [2025-04-13T18:19:38.323+0000] {dag.py:3036} INFO - Sync 1 DAGs
[2025-04-13T18:19:38.393+0000] {logging_mixin.py:188} INFO - [2025-04-13T18:19:38.392+0000] {dag.py:3823} INFO - Setting next_dagrun for example_short_circuit_operator to 2025-04-12 00:00:00+00:00, run_after=2025-04-13 00:00:00+00:00
[2025-04-13T18:19:38.441+0000] {processor.py:183} INFO - Processing /home/airflow/.local/lib/python3.8/site-packages/airflow/example_dags/example_short_circuit_operator.py took 0.212 seconds
[2025-04-13T18:20:10.827+0000] {processor.py:161} INFO - Started process (PID=9936) to work on /home/airflow/.local/lib/python3.8/site-packages/airflow/example_dags/example_short_circuit_operator.py
[2025-04-13T18:20:10.831+0000] {processor.py:830} INFO - Processing file /home/airflow/.local/lib/python3.8/site-packages/airflow/example_dags/example_short_circuit_operator.py for tasks to queue
[2025-04-13T18:20:10.841+0000] {logging_mixin.py:188} INFO - [2025-04-13T18:20:10.841+0000] {dagbag.py:538} INFO - Filling up the DagBag from /home/airflow/.local/lib/python3.8/site-packages/airflow/example_dags/example_short_circuit_operator.py
[2025-04-13T18:20:10.861+0000] {processor.py:840} INFO - DAG(s) 'example_short_circuit_operator' retrieved from /home/airflow/.local/lib/python3.8/site-packages/airflow/example_dags/example_short_circuit_operator.py
[2025-04-13T18:20:10.919+0000] {logging_mixin.py:188} INFO - [2025-04-13T18:20:10.919+0000] {dag.py:3036} INFO - Sync 1 DAGs
[2025-04-13T18:20:10.963+0000] {logging_mixin.py:188} INFO - [2025-04-13T18:20:10.963+0000] {dag.py:3823} INFO - Setting next_dagrun for example_short_circuit_operator to 2025-04-12 00:00:00+00:00, run_after=2025-04-13 00:00:00+00:00
[2025-04-13T18:20:11.039+0000] {processor.py:183} INFO - Processing /home/airflow/.local/lib/python3.8/site-packages/airflow/example_dags/example_short_circuit_operator.py took 0.231 seconds
[2025-04-13T18:20:43.878+0000] {processor.py:161} INFO - Started process (PID=9991) to work on /home/airflow/.local/lib/python3.8/site-packages/airflow/example_dags/example_short_circuit_operator.py
[2025-04-13T18:20:43.880+0000] {processor.py:830} INFO - Processing file /home/airflow/.local/lib/python3.8/site-packages/airflow/example_dags/example_short_circuit_operator.py for tasks to queue
[2025-04-13T18:20:43.884+0000] {logging_mixin.py:188} INFO - [2025-04-13T18:20:43.883+0000] {dagbag.py:538} INFO - Filling up the DagBag from /home/airflow/.local/lib/python3.8/site-packages/airflow/example_dags/example_short_circuit_operator.py
[2025-04-13T18:20:43.903+0000] {processor.py:840} INFO - DAG(s) 'example_short_circuit_operator' retrieved from /home/airflow/.local/lib/python3.8/site-packages/airflow/example_dags/example_short_circuit_operator.py
[2025-04-13T18:20:43.951+0000] {logging_mixin.py:188} INFO - [2025-04-13T18:20:43.951+0000] {dag.py:3036} INFO - Sync 1 DAGs
[2025-04-13T18:20:44.005+0000] {logging_mixin.py:188} INFO - [2025-04-13T18:20:44.005+0000] {dag.py:3823} INFO - Setting next_dagrun for example_short_circuit_operator to 2025-04-12 00:00:00+00:00, run_after=2025-04-13 00:00:00+00:00
[2025-04-13T18:20:44.043+0000] {processor.py:183} INFO - Processing /home/airflow/.local/lib/python3.8/site-packages/airflow/example_dags/example_short_circuit_operator.py took 0.173 seconds
[2025-04-13T18:21:15.224+0000] {processor.py:161} INFO - Started process (PID=10048) to work on /home/airflow/.local/lib/python3.8/site-packages/airflow/example_dags/example_short_circuit_operator.py
[2025-04-13T18:21:15.226+0000] {processor.py:830} INFO - Processing file /home/airflow/.local/lib/python3.8/site-packages/airflow/example_dags/example_short_circuit_operator.py for tasks to queue
[2025-04-13T18:21:15.232+0000] {logging_mixin.py:188} INFO - [2025-04-13T18:21:15.231+0000] {dagbag.py:538} INFO - Filling up the DagBag from /home/airflow/.local/lib/python3.8/site-packages/airflow/example_dags/example_short_circuit_operator.py
[2025-04-13T18:21:15.251+0000] {processor.py:840} INFO - DAG(s) 'example_short_circuit_operator' retrieved from /home/airflow/.local/lib/python3.8/site-packages/airflow/example_dags/example_short_circuit_operator.py
[2025-04-13T18:21:15.306+0000] {logging_mixin.py:188} INFO - [2025-04-13T18:21:15.306+0000] {dag.py:3036} INFO - Sync 1 DAGs
[2025-04-13T18:21:15.355+0000] {logging_mixin.py:188} INFO - [2025-04-13T18:21:15.354+0000] {dag.py:3823} INFO - Setting next_dagrun for example_short_circuit_operator to 2025-04-12 00:00:00+00:00, run_after=2025-04-13 00:00:00+00:00
[2025-04-13T18:21:15.432+0000] {processor.py:183} INFO - Processing /home/airflow/.local/lib/python3.8/site-packages/airflow/example_dags/example_short_circuit_operator.py took 0.213 seconds
[2025-04-13T18:21:48.315+0000] {processor.py:161} INFO - Started process (PID=10104) to work on /home/airflow/.local/lib/python3.8/site-packages/airflow/example_dags/example_short_circuit_operator.py
[2025-04-13T18:21:48.317+0000] {processor.py:830} INFO - Processing file /home/airflow/.local/lib/python3.8/site-packages/airflow/example_dags/example_short_circuit_operator.py for tasks to queue
[2025-04-13T18:21:48.320+0000] {logging_mixin.py:188} INFO - [2025-04-13T18:21:48.320+0000] {dagbag.py:538} INFO - Filling up the DagBag from /home/airflow/.local/lib/python3.8/site-packages/airflow/example_dags/example_short_circuit_operator.py
[2025-04-13T18:21:48.334+0000] {processor.py:840} INFO - DAG(s) 'example_short_circuit_operator' retrieved from /home/airflow/.local/lib/python3.8/site-packages/airflow/example_dags/example_short_circuit_operator.py
[2025-04-13T18:21:48.383+0000] {logging_mixin.py:188} INFO - [2025-04-13T18:21:48.383+0000] {dag.py:3036} INFO - Sync 1 DAGs
[2025-04-13T18:21:48.460+0000] {logging_mixin.py:188} INFO - [2025-04-13T18:21:48.459+0000] {dag.py:3823} INFO - Setting next_dagrun for example_short_circuit_operator to 2025-04-12 00:00:00+00:00, run_after=2025-04-13 00:00:00+00:00
[2025-04-13T18:21:48.527+0000] {processor.py:183} INFO - Processing /home/airflow/.local/lib/python3.8/site-packages/airflow/example_dags/example_short_circuit_operator.py took 0.219 seconds
[2025-04-13T18:22:25.529+0000] {processor.py:161} INFO - Started process (PID=10168) to work on /home/airflow/.local/lib/python3.8/site-packages/airflow/example_dags/example_short_circuit_operator.py
[2025-04-13T18:22:25.531+0000] {processor.py:830} INFO - Processing file /home/airflow/.local/lib/python3.8/site-packages/airflow/example_dags/example_short_circuit_operator.py for tasks to queue
[2025-04-13T18:22:25.535+0000] {logging_mixin.py:188} INFO - [2025-04-13T18:22:25.534+0000] {dagbag.py:538} INFO - Filling up the DagBag from /home/airflow/.local/lib/python3.8/site-packages/airflow/example_dags/example_short_circuit_operator.py
[2025-04-13T18:22:25.550+0000] {processor.py:840} INFO - DAG(s) 'example_short_circuit_operator' retrieved from /home/airflow/.local/lib/python3.8/site-packages/airflow/example_dags/example_short_circuit_operator.py
[2025-04-13T18:22:25.600+0000] {logging_mixin.py:188} INFO - [2025-04-13T18:22:25.600+0000] {dag.py:3036} INFO - Sync 1 DAGs
[2025-04-13T18:22:25.644+0000] {logging_mixin.py:188} INFO - [2025-04-13T18:22:25.644+0000] {dag.py:3823} INFO - Setting next_dagrun for example_short_circuit_operator to 2025-04-12 00:00:00+00:00, run_after=2025-04-13 00:00:00+00:00
[2025-04-13T18:22:25.682+0000] {processor.py:183} INFO - Processing /home/airflow/.local/lib/python3.8/site-packages/airflow/example_dags/example_short_circuit_operator.py took 0.158 seconds
[2025-04-13T18:22:57.546+0000] {processor.py:161} INFO - Started process (PID=10224) to work on /home/airflow/.local/lib/python3.8/site-packages/airflow/example_dags/example_short_circuit_operator.py
[2025-04-13T18:22:57.547+0000] {processor.py:830} INFO - Processing file /home/airflow/.local/lib/python3.8/site-packages/airflow/example_dags/example_short_circuit_operator.py for tasks to queue
[2025-04-13T18:22:57.551+0000] {logging_mixin.py:188} INFO - [2025-04-13T18:22:57.550+0000] {dagbag.py:538} INFO - Filling up the DagBag from /home/airflow/.local/lib/python3.8/site-packages/airflow/example_dags/example_short_circuit_operator.py
[2025-04-13T18:22:57.564+0000] {processor.py:840} INFO - DAG(s) 'example_short_circuit_operator' retrieved from /home/airflow/.local/lib/python3.8/site-packages/airflow/example_dags/example_short_circuit_operator.py
[2025-04-13T18:22:57.608+0000] {logging_mixin.py:188} INFO - [2025-04-13T18:22:57.608+0000] {dag.py:3036} INFO - Sync 1 DAGs
[2025-04-13T18:22:57.845+0000] {logging_mixin.py:188} INFO - [2025-04-13T18:22:57.844+0000] {dag.py:3823} INFO - Setting next_dagrun for example_short_circuit_operator to 2025-04-12 00:00:00+00:00, run_after=2025-04-13 00:00:00+00:00
[2025-04-13T18:22:57.890+0000] {processor.py:183} INFO - Processing /home/airflow/.local/lib/python3.8/site-packages/airflow/example_dags/example_short_circuit_operator.py took 0.350 seconds
[2025-04-13T18:23:28.140+0000] {processor.py:161} INFO - Started process (PID=10280) to work on /home/airflow/.local/lib/python3.8/site-packages/airflow/example_dags/example_short_circuit_operator.py
[2025-04-13T18:23:28.142+0000] {processor.py:830} INFO - Processing file /home/airflow/.local/lib/python3.8/site-packages/airflow/example_dags/example_short_circuit_operator.py for tasks to queue
[2025-04-13T18:23:28.148+0000] {logging_mixin.py:188} INFO - [2025-04-13T18:23:28.147+0000] {dagbag.py:538} INFO - Filling up the DagBag from /home/airflow/.local/lib/python3.8/site-packages/airflow/example_dags/example_short_circuit_operator.py
[2025-04-13T18:23:28.168+0000] {processor.py:840} INFO - DAG(s) 'example_short_circuit_operator' retrieved from /home/airflow/.local/lib/python3.8/site-packages/airflow/example_dags/example_short_circuit_operator.py
[2025-04-13T18:23:28.217+0000] {logging_mixin.py:188} INFO - [2025-04-13T18:23:28.216+0000] {dag.py:3036} INFO - Sync 1 DAGs
[2025-04-13T18:23:28.274+0000] {logging_mixin.py:188} INFO - [2025-04-13T18:23:28.273+0000] {dag.py:3823} INFO - Setting next_dagrun for example_short_circuit_operator to 2025-04-12 00:00:00+00:00, run_after=2025-04-13 00:00:00+00:00
[2025-04-13T18:23:28.546+0000] {processor.py:183} INFO - Processing /home/airflow/.local/lib/python3.8/site-packages/airflow/example_dags/example_short_circuit_operator.py took 0.412 seconds
[2025-04-13T18:24:02.023+0000] {processor.py:161} INFO - Started process (PID=10336) to work on /home/airflow/.local/lib/python3.8/site-packages/airflow/example_dags/example_short_circuit_operator.py
[2025-04-13T18:24:02.025+0000] {processor.py:830} INFO - Processing file /home/airflow/.local/lib/python3.8/site-packages/airflow/example_dags/example_short_circuit_operator.py for tasks to queue
[2025-04-13T18:24:02.032+0000] {logging_mixin.py:188} INFO - [2025-04-13T18:24:02.030+0000] {dagbag.py:538} INFO - Filling up the DagBag from /home/airflow/.local/lib/python3.8/site-packages/airflow/example_dags/example_short_circuit_operator.py
[2025-04-13T18:24:02.049+0000] {processor.py:840} INFO - DAG(s) 'example_short_circuit_operator' retrieved from /home/airflow/.local/lib/python3.8/site-packages/airflow/example_dags/example_short_circuit_operator.py
[2025-04-13T18:24:02.099+0000] {logging_mixin.py:188} INFO - [2025-04-13T18:24:02.099+0000] {dag.py:3036} INFO - Sync 1 DAGs
[2025-04-13T18:24:02.139+0000] {logging_mixin.py:188} INFO - [2025-04-13T18:24:02.139+0000] {dag.py:3823} INFO - Setting next_dagrun for example_short_circuit_operator to 2025-04-12 00:00:00+00:00, run_after=2025-04-13 00:00:00+00:00
[2025-04-13T18:24:02.177+0000] {processor.py:183} INFO - Processing /home/airflow/.local/lib/python3.8/site-packages/airflow/example_dags/example_short_circuit_operator.py took 0.161 seconds
[2025-04-13T18:24:32.974+0000] {processor.py:161} INFO - Started process (PID=10393) to work on /home/airflow/.local/lib/python3.8/site-packages/airflow/example_dags/example_short_circuit_operator.py
[2025-04-13T18:24:32.976+0000] {processor.py:830} INFO - Processing file /home/airflow/.local/lib/python3.8/site-packages/airflow/example_dags/example_short_circuit_operator.py for tasks to queue
[2025-04-13T18:24:32.980+0000] {logging_mixin.py:188} INFO - [2025-04-13T18:24:32.980+0000] {dagbag.py:538} INFO - Filling up the DagBag from /home/airflow/.local/lib/python3.8/site-packages/airflow/example_dags/example_short_circuit_operator.py
[2025-04-13T18:24:33.000+0000] {processor.py:840} INFO - DAG(s) 'example_short_circuit_operator' retrieved from /home/airflow/.local/lib/python3.8/site-packages/airflow/example_dags/example_short_circuit_operator.py
[2025-04-13T18:24:33.053+0000] {logging_mixin.py:188} INFO - [2025-04-13T18:24:33.053+0000] {dag.py:3036} INFO - Sync 1 DAGs
[2025-04-13T18:24:33.105+0000] {logging_mixin.py:188} INFO - [2025-04-13T18:24:33.104+0000] {dag.py:3823} INFO - Setting next_dagrun for example_short_circuit_operator to 2025-04-12 00:00:00+00:00, run_after=2025-04-13 00:00:00+00:00
[2025-04-13T18:24:33.183+0000] {processor.py:183} INFO - Processing /home/airflow/.local/lib/python3.8/site-packages/airflow/example_dags/example_short_circuit_operator.py took 0.216 seconds
[2025-04-13T18:25:05.678+0000] {processor.py:161} INFO - Started process (PID=10449) to work on /home/airflow/.local/lib/python3.8/site-packages/airflow/example_dags/example_short_circuit_operator.py
[2025-04-13T18:25:05.680+0000] {processor.py:830} INFO - Processing file /home/airflow/.local/lib/python3.8/site-packages/airflow/example_dags/example_short_circuit_operator.py for tasks to queue
[2025-04-13T18:25:05.684+0000] {logging_mixin.py:188} INFO - [2025-04-13T18:25:05.684+0000] {dagbag.py:538} INFO - Filling up the DagBag from /home/airflow/.local/lib/python3.8/site-packages/airflow/example_dags/example_short_circuit_operator.py
[2025-04-13T18:25:05.698+0000] {processor.py:840} INFO - DAG(s) 'example_short_circuit_operator' retrieved from /home/airflow/.local/lib/python3.8/site-packages/airflow/example_dags/example_short_circuit_operator.py
[2025-04-13T18:25:05.736+0000] {logging_mixin.py:188} INFO - [2025-04-13T18:25:05.736+0000] {dag.py:3036} INFO - Sync 1 DAGs
[2025-04-13T18:25:05.778+0000] {logging_mixin.py:188} INFO - [2025-04-13T18:25:05.778+0000] {dag.py:3823} INFO - Setting next_dagrun for example_short_circuit_operator to 2025-04-12 00:00:00+00:00, run_after=2025-04-13 00:00:00+00:00
[2025-04-13T18:25:05.874+0000] {processor.py:183} INFO - Processing /home/airflow/.local/lib/python3.8/site-packages/airflow/example_dags/example_short_circuit_operator.py took 0.201 seconds
[2025-04-13T18:25:38.844+0000] {processor.py:161} INFO - Started process (PID=10510) to work on /home/airflow/.local/lib/python3.8/site-packages/airflow/example_dags/example_short_circuit_operator.py
[2025-04-13T18:25:38.846+0000] {processor.py:830} INFO - Processing file /home/airflow/.local/lib/python3.8/site-packages/airflow/example_dags/example_short_circuit_operator.py for tasks to queue
[2025-04-13T18:25:38.854+0000] {logging_mixin.py:188} INFO - [2025-04-13T18:25:38.852+0000] {dagbag.py:538} INFO - Filling up the DagBag from /home/airflow/.local/lib/python3.8/site-packages/airflow/example_dags/example_short_circuit_operator.py
[2025-04-13T18:25:38.874+0000] {processor.py:840} INFO - DAG(s) 'example_short_circuit_operator' retrieved from /home/airflow/.local/lib/python3.8/site-packages/airflow/example_dags/example_short_circuit_operator.py
[2025-04-13T18:25:38.961+0000] {logging_mixin.py:188} INFO - [2025-04-13T18:25:38.960+0000] {dag.py:3036} INFO - Sync 1 DAGs
[2025-04-13T18:25:39.097+0000] {logging_mixin.py:188} INFO - [2025-04-13T18:25:39.097+0000] {dag.py:3823} INFO - Setting next_dagrun for example_short_circuit_operator to 2025-04-12 00:00:00+00:00, run_after=2025-04-13 00:00:00+00:00
[2025-04-13T18:25:39.162+0000] {processor.py:183} INFO - Processing /home/airflow/.local/lib/python3.8/site-packages/airflow/example_dags/example_short_circuit_operator.py took 0.328 seconds
[2025-04-13T18:26:12.366+0000] {processor.py:161} INFO - Started process (PID=10569) to work on /home/airflow/.local/lib/python3.8/site-packages/airflow/example_dags/example_short_circuit_operator.py
[2025-04-13T18:26:12.368+0000] {processor.py:830} INFO - Processing file /home/airflow/.local/lib/python3.8/site-packages/airflow/example_dags/example_short_circuit_operator.py for tasks to queue
[2025-04-13T18:26:12.372+0000] {logging_mixin.py:188} INFO - [2025-04-13T18:26:12.372+0000] {dagbag.py:538} INFO - Filling up the DagBag from /home/airflow/.local/lib/python3.8/site-packages/airflow/example_dags/example_short_circuit_operator.py
[2025-04-13T18:26:12.388+0000] {processor.py:840} INFO - DAG(s) 'example_short_circuit_operator' retrieved from /home/airflow/.local/lib/python3.8/site-packages/airflow/example_dags/example_short_circuit_operator.py
[2025-04-13T18:26:12.428+0000] {logging_mixin.py:188} INFO - [2025-04-13T18:26:12.428+0000] {dag.py:3036} INFO - Sync 1 DAGs
[2025-04-13T18:26:12.466+0000] {logging_mixin.py:188} INFO - [2025-04-13T18:26:12.466+0000] {dag.py:3823} INFO - Setting next_dagrun for example_short_circuit_operator to 2025-04-12 00:00:00+00:00, run_after=2025-04-13 00:00:00+00:00
[2025-04-13T18:26:12.557+0000] {processor.py:183} INFO - Processing /home/airflow/.local/lib/python3.8/site-packages/airflow/example_dags/example_short_circuit_operator.py took 0.198 seconds
[2025-04-13T18:26:45.166+0000] {processor.py:161} INFO - Started process (PID=10625) to work on /home/airflow/.local/lib/python3.8/site-packages/airflow/example_dags/example_short_circuit_operator.py
[2025-04-13T18:26:45.168+0000] {processor.py:830} INFO - Processing file /home/airflow/.local/lib/python3.8/site-packages/airflow/example_dags/example_short_circuit_operator.py for tasks to queue
[2025-04-13T18:26:45.171+0000] {logging_mixin.py:188} INFO - [2025-04-13T18:26:45.171+0000] {dagbag.py:538} INFO - Filling up the DagBag from /home/airflow/.local/lib/python3.8/site-packages/airflow/example_dags/example_short_circuit_operator.py
[2025-04-13T18:26:45.192+0000] {processor.py:840} INFO - DAG(s) 'example_short_circuit_operator' retrieved from /home/airflow/.local/lib/python3.8/site-packages/airflow/example_dags/example_short_circuit_operator.py
[2025-04-13T18:26:45.237+0000] {logging_mixin.py:188} INFO - [2025-04-13T18:26:45.236+0000] {dag.py:3036} INFO - Sync 1 DAGs
[2025-04-13T18:26:45.281+0000] {logging_mixin.py:188} INFO - [2025-04-13T18:26:45.280+0000] {dag.py:3823} INFO - Setting next_dagrun for example_short_circuit_operator to 2025-04-12 00:00:00+00:00, run_after=2025-04-13 00:00:00+00:00
[2025-04-13T18:26:45.374+0000] {processor.py:183} INFO - Processing /home/airflow/.local/lib/python3.8/site-packages/airflow/example_dags/example_short_circuit_operator.py took 0.214 seconds
[2025-04-13T18:27:18.704+0000] {processor.py:161} INFO - Started process (PID=10681) to work on /home/airflow/.local/lib/python3.8/site-packages/airflow/example_dags/example_short_circuit_operator.py
[2025-04-13T18:27:18.709+0000] {processor.py:830} INFO - Processing file /home/airflow/.local/lib/python3.8/site-packages/airflow/example_dags/example_short_circuit_operator.py for tasks to queue
[2025-04-13T18:27:18.715+0000] {logging_mixin.py:188} INFO - [2025-04-13T18:27:18.715+0000] {dagbag.py:538} INFO - Filling up the DagBag from /home/airflow/.local/lib/python3.8/site-packages/airflow/example_dags/example_short_circuit_operator.py
[2025-04-13T18:27:18.738+0000] {processor.py:840} INFO - DAG(s) 'example_short_circuit_operator' retrieved from /home/airflow/.local/lib/python3.8/site-packages/airflow/example_dags/example_short_circuit_operator.py
[2025-04-13T18:27:18.790+0000] {logging_mixin.py:188} INFO - [2025-04-13T18:27:18.789+0000] {dag.py:3036} INFO - Sync 1 DAGs
[2025-04-13T18:27:18.828+0000] {logging_mixin.py:188} INFO - [2025-04-13T18:27:18.828+0000] {dag.py:3823} INFO - Setting next_dagrun for example_short_circuit_operator to 2025-04-12 00:00:00+00:00, run_after=2025-04-13 00:00:00+00:00
[2025-04-13T18:27:18.952+0000] {processor.py:183} INFO - Processing /home/airflow/.local/lib/python3.8/site-packages/airflow/example_dags/example_short_circuit_operator.py took 0.255 seconds
[2025-04-13T18:27:50.993+0000] {processor.py:161} INFO - Started process (PID=10736) to work on /home/airflow/.local/lib/python3.8/site-packages/airflow/example_dags/example_short_circuit_operator.py
[2025-04-13T18:27:50.998+0000] {processor.py:830} INFO - Processing file /home/airflow/.local/lib/python3.8/site-packages/airflow/example_dags/example_short_circuit_operator.py for tasks to queue
[2025-04-13T18:27:51.010+0000] {logging_mixin.py:188} INFO - [2025-04-13T18:27:51.009+0000] {dagbag.py:538} INFO - Filling up the DagBag from /home/airflow/.local/lib/python3.8/site-packages/airflow/example_dags/example_short_circuit_operator.py
[2025-04-13T18:27:51.055+0000] {processor.py:840} INFO - DAG(s) 'example_short_circuit_operator' retrieved from /home/airflow/.local/lib/python3.8/site-packages/airflow/example_dags/example_short_circuit_operator.py
[2025-04-13T18:27:51.119+0000] {logging_mixin.py:188} INFO - [2025-04-13T18:27:51.118+0000] {dag.py:3036} INFO - Sync 1 DAGs
[2025-04-13T18:27:51.170+0000] {logging_mixin.py:188} INFO - [2025-04-13T18:27:51.170+0000] {dag.py:3823} INFO - Setting next_dagrun for example_short_circuit_operator to 2025-04-12 00:00:00+00:00, run_after=2025-04-13 00:00:00+00:00
[2025-04-13T18:27:51.260+0000] {processor.py:183} INFO - Processing /home/airflow/.local/lib/python3.8/site-packages/airflow/example_dags/example_short_circuit_operator.py took 0.283 seconds
[2025-04-13T18:28:23.397+0000] {processor.py:161} INFO - Started process (PID=10793) to work on /home/airflow/.local/lib/python3.8/site-packages/airflow/example_dags/example_short_circuit_operator.py
[2025-04-13T18:28:23.399+0000] {processor.py:830} INFO - Processing file /home/airflow/.local/lib/python3.8/site-packages/airflow/example_dags/example_short_circuit_operator.py for tasks to queue
[2025-04-13T18:28:23.403+0000] {logging_mixin.py:188} INFO - [2025-04-13T18:28:23.403+0000] {dagbag.py:538} INFO - Filling up the DagBag from /home/airflow/.local/lib/python3.8/site-packages/airflow/example_dags/example_short_circuit_operator.py
[2025-04-13T18:28:23.424+0000] {processor.py:840} INFO - DAG(s) 'example_short_circuit_operator' retrieved from /home/airflow/.local/lib/python3.8/site-packages/airflow/example_dags/example_short_circuit_operator.py
[2025-04-13T18:28:23.476+0000] {logging_mixin.py:188} INFO - [2025-04-13T18:28:23.475+0000] {dag.py:3036} INFO - Sync 1 DAGs
[2025-04-13T18:28:23.525+0000] {logging_mixin.py:188} INFO - [2025-04-13T18:28:23.525+0000] {dag.py:3823} INFO - Setting next_dagrun for example_short_circuit_operator to 2025-04-12 00:00:00+00:00, run_after=2025-04-13 00:00:00+00:00
[2025-04-13T18:28:23.599+0000] {processor.py:183} INFO - Processing /home/airflow/.local/lib/python3.8/site-packages/airflow/example_dags/example_short_circuit_operator.py took 0.212 seconds
[2025-04-13T18:28:56.476+0000] {processor.py:161} INFO - Started process (PID=10849) to work on /home/airflow/.local/lib/python3.8/site-packages/airflow/example_dags/example_short_circuit_operator.py
[2025-04-13T18:28:56.478+0000] {processor.py:830} INFO - Processing file /home/airflow/.local/lib/python3.8/site-packages/airflow/example_dags/example_short_circuit_operator.py for tasks to queue
[2025-04-13T18:28:56.491+0000] {logging_mixin.py:188} INFO - [2025-04-13T18:28:56.490+0000] {dagbag.py:538} INFO - Filling up the DagBag from /home/airflow/.local/lib/python3.8/site-packages/airflow/example_dags/example_short_circuit_operator.py
[2025-04-13T18:28:56.523+0000] {processor.py:840} INFO - DAG(s) 'example_short_circuit_operator' retrieved from /home/airflow/.local/lib/python3.8/site-packages/airflow/example_dags/example_short_circuit_operator.py
[2025-04-13T18:28:56.598+0000] {logging_mixin.py:188} INFO - [2025-04-13T18:28:56.597+0000] {dag.py:3036} INFO - Sync 1 DAGs
[2025-04-13T18:28:56.683+0000] {logging_mixin.py:188} INFO - [2025-04-13T18:28:56.682+0000] {dag.py:3823} INFO - Setting next_dagrun for example_short_circuit_operator to 2025-04-12 00:00:00+00:00, run_after=2025-04-13 00:00:00+00:00
[2025-04-13T18:28:56.738+0000] {processor.py:183} INFO - Processing /home/airflow/.local/lib/python3.8/site-packages/airflow/example_dags/example_short_circuit_operator.py took 0.273 seconds
[2025-04-13T18:29:30.336+0000] {processor.py:161} INFO - Started process (PID=10905) to work on /home/airflow/.local/lib/python3.8/site-packages/airflow/example_dags/example_short_circuit_operator.py
[2025-04-13T18:29:30.339+0000] {processor.py:830} INFO - Processing file /home/airflow/.local/lib/python3.8/site-packages/airflow/example_dags/example_short_circuit_operator.py for tasks to queue
[2025-04-13T18:29:30.345+0000] {logging_mixin.py:188} INFO - [2025-04-13T18:29:30.344+0000] {dagbag.py:538} INFO - Filling up the DagBag from /home/airflow/.local/lib/python3.8/site-packages/airflow/example_dags/example_short_circuit_operator.py
[2025-04-13T18:29:30.364+0000] {processor.py:840} INFO - DAG(s) 'example_short_circuit_operator' retrieved from /home/airflow/.local/lib/python3.8/site-packages/airflow/example_dags/example_short_circuit_operator.py
[2025-04-13T18:29:30.420+0000] {logging_mixin.py:188} INFO - [2025-04-13T18:29:30.419+0000] {dag.py:3036} INFO - Sync 1 DAGs
[2025-04-13T18:29:30.462+0000] {logging_mixin.py:188} INFO - [2025-04-13T18:29:30.462+0000] {dag.py:3823} INFO - Setting next_dagrun for example_short_circuit_operator to 2025-04-12 00:00:00+00:00, run_after=2025-04-13 00:00:00+00:00
[2025-04-13T18:29:30.525+0000] {processor.py:183} INFO - Processing /home/airflow/.local/lib/python3.8/site-packages/airflow/example_dags/example_short_circuit_operator.py took 0.197 seconds
[2025-04-13T18:30:02.586+0000] {processor.py:161} INFO - Started process (PID=10961) to work on /home/airflow/.local/lib/python3.8/site-packages/airflow/example_dags/example_short_circuit_operator.py
[2025-04-13T18:30:02.588+0000] {processor.py:830} INFO - Processing file /home/airflow/.local/lib/python3.8/site-packages/airflow/example_dags/example_short_circuit_operator.py for tasks to queue
[2025-04-13T18:30:02.591+0000] {logging_mixin.py:188} INFO - [2025-04-13T18:30:02.591+0000] {dagbag.py:538} INFO - Filling up the DagBag from /home/airflow/.local/lib/python3.8/site-packages/airflow/example_dags/example_short_circuit_operator.py
[2025-04-13T18:30:02.605+0000] {processor.py:840} INFO - DAG(s) 'example_short_circuit_operator' retrieved from /home/airflow/.local/lib/python3.8/site-packages/airflow/example_dags/example_short_circuit_operator.py
[2025-04-13T18:30:02.647+0000] {logging_mixin.py:188} INFO - [2025-04-13T18:30:02.647+0000] {dag.py:3036} INFO - Sync 1 DAGs
[2025-04-13T18:30:02.690+0000] {logging_mixin.py:188} INFO - [2025-04-13T18:30:02.689+0000] {dag.py:3823} INFO - Setting next_dagrun for example_short_circuit_operator to 2025-04-12 00:00:00+00:00, run_after=2025-04-13 00:00:00+00:00
[2025-04-13T18:30:02.783+0000] {processor.py:183} INFO - Processing /home/airflow/.local/lib/python3.8/site-packages/airflow/example_dags/example_short_circuit_operator.py took 0.203 seconds
[2025-04-13T18:30:35.981+0000] {processor.py:161} INFO - Started process (PID=11018) to work on /home/airflow/.local/lib/python3.8/site-packages/airflow/example_dags/example_short_circuit_operator.py
[2025-04-13T18:30:35.983+0000] {processor.py:830} INFO - Processing file /home/airflow/.local/lib/python3.8/site-packages/airflow/example_dags/example_short_circuit_operator.py for tasks to queue
[2025-04-13T18:30:35.988+0000] {logging_mixin.py:188} INFO - [2025-04-13T18:30:35.988+0000] {dagbag.py:538} INFO - Filling up the DagBag from /home/airflow/.local/lib/python3.8/site-packages/airflow/example_dags/example_short_circuit_operator.py
[2025-04-13T18:30:36.006+0000] {processor.py:840} INFO - DAG(s) 'example_short_circuit_operator' retrieved from /home/airflow/.local/lib/python3.8/site-packages/airflow/example_dags/example_short_circuit_operator.py
[2025-04-13T18:30:36.051+0000] {logging_mixin.py:188} INFO - [2025-04-13T18:30:36.051+0000] {dag.py:3036} INFO - Sync 1 DAGs
[2025-04-13T18:30:36.091+0000] {logging_mixin.py:188} INFO - [2025-04-13T18:30:36.090+0000] {dag.py:3823} INFO - Setting next_dagrun for example_short_circuit_operator to 2025-04-12 00:00:00+00:00, run_after=2025-04-13 00:00:00+00:00
[2025-04-13T18:30:36.155+0000] {processor.py:183} INFO - Processing /home/airflow/.local/lib/python3.8/site-packages/airflow/example_dags/example_short_circuit_operator.py took 0.180 seconds
[2025-04-13T18:31:07.783+0000] {processor.py:161} INFO - Started process (PID=11075) to work on /home/airflow/.local/lib/python3.8/site-packages/airflow/example_dags/example_short_circuit_operator.py
[2025-04-13T18:31:07.785+0000] {processor.py:830} INFO - Processing file /home/airflow/.local/lib/python3.8/site-packages/airflow/example_dags/example_short_circuit_operator.py for tasks to queue
[2025-04-13T18:31:07.788+0000] {logging_mixin.py:188} INFO - [2025-04-13T18:31:07.788+0000] {dagbag.py:538} INFO - Filling up the DagBag from /home/airflow/.local/lib/python3.8/site-packages/airflow/example_dags/example_short_circuit_operator.py
[2025-04-13T18:31:07.805+0000] {processor.py:840} INFO - DAG(s) 'example_short_circuit_operator' retrieved from /home/airflow/.local/lib/python3.8/site-packages/airflow/example_dags/example_short_circuit_operator.py
[2025-04-13T18:31:07.874+0000] {logging_mixin.py:188} INFO - [2025-04-13T18:31:07.873+0000] {dag.py:3036} INFO - Sync 1 DAGs
[2025-04-13T18:31:07.940+0000] {logging_mixin.py:188} INFO - [2025-04-13T18:31:07.940+0000] {dag.py:3823} INFO - Setting next_dagrun for example_short_circuit_operator to 2025-04-12 00:00:00+00:00, run_after=2025-04-13 00:00:00+00:00
[2025-04-13T18:31:07.979+0000] {processor.py:183} INFO - Processing /home/airflow/.local/lib/python3.8/site-packages/airflow/example_dags/example_short_circuit_operator.py took 0.202 seconds
[2025-04-13T18:31:41.493+0000] {processor.py:161} INFO - Started process (PID=11132) to work on /home/airflow/.local/lib/python3.8/site-packages/airflow/example_dags/example_short_circuit_operator.py
[2025-04-13T18:31:41.495+0000] {processor.py:830} INFO - Processing file /home/airflow/.local/lib/python3.8/site-packages/airflow/example_dags/example_short_circuit_operator.py for tasks to queue
[2025-04-13T18:31:41.499+0000] {logging_mixin.py:188} INFO - [2025-04-13T18:31:41.498+0000] {dagbag.py:538} INFO - Filling up the DagBag from /home/airflow/.local/lib/python3.8/site-packages/airflow/example_dags/example_short_circuit_operator.py
[2025-04-13T18:31:41.514+0000] {processor.py:840} INFO - DAG(s) 'example_short_circuit_operator' retrieved from /home/airflow/.local/lib/python3.8/site-packages/airflow/example_dags/example_short_circuit_operator.py
[2025-04-13T18:31:41.558+0000] {logging_mixin.py:188} INFO - [2025-04-13T18:31:41.557+0000] {dag.py:3036} INFO - Sync 1 DAGs
[2025-04-13T18:31:41.598+0000] {logging_mixin.py:188} INFO - [2025-04-13T18:31:41.598+0000] {dag.py:3823} INFO - Setting next_dagrun for example_short_circuit_operator to 2025-04-12 00:00:00+00:00, run_after=2025-04-13 00:00:00+00:00
[2025-04-13T18:31:41.636+0000] {processor.py:183} INFO - Processing /home/airflow/.local/lib/python3.8/site-packages/airflow/example_dags/example_short_circuit_operator.py took 0.150 seconds
[2025-04-13T18:32:14.784+0000] {processor.py:161} INFO - Started process (PID=11188) to work on /home/airflow/.local/lib/python3.8/site-packages/airflow/example_dags/example_short_circuit_operator.py
[2025-04-13T18:32:14.792+0000] {processor.py:830} INFO - Processing file /home/airflow/.local/lib/python3.8/site-packages/airflow/example_dags/example_short_circuit_operator.py for tasks to queue
[2025-04-13T18:32:14.796+0000] {logging_mixin.py:188} INFO - [2025-04-13T18:32:14.795+0000] {dagbag.py:538} INFO - Filling up the DagBag from /home/airflow/.local/lib/python3.8/site-packages/airflow/example_dags/example_short_circuit_operator.py
[2025-04-13T18:32:14.812+0000] {processor.py:840} INFO - DAG(s) 'example_short_circuit_operator' retrieved from /home/airflow/.local/lib/python3.8/site-packages/airflow/example_dags/example_short_circuit_operator.py
[2025-04-13T18:32:14.871+0000] {logging_mixin.py:188} INFO - [2025-04-13T18:32:14.870+0000] {dag.py:3036} INFO - Sync 1 DAGs
[2025-04-13T18:32:14.923+0000] {logging_mixin.py:188} INFO - [2025-04-13T18:32:14.923+0000] {dag.py:3823} INFO - Setting next_dagrun for example_short_circuit_operator to 2025-04-12 00:00:00+00:00, run_after=2025-04-13 00:00:00+00:00
[2025-04-13T18:32:14.979+0000] {processor.py:183} INFO - Processing /home/airflow/.local/lib/python3.8/site-packages/airflow/example_dags/example_short_circuit_operator.py took 0.209 seconds
[2025-04-13T18:32:47.742+0000] {processor.py:161} INFO - Started process (PID=11244) to work on /home/airflow/.local/lib/python3.8/site-packages/airflow/example_dags/example_short_circuit_operator.py
[2025-04-13T18:32:47.745+0000] {processor.py:830} INFO - Processing file /home/airflow/.local/lib/python3.8/site-packages/airflow/example_dags/example_short_circuit_operator.py for tasks to queue
[2025-04-13T18:32:47.748+0000] {logging_mixin.py:188} INFO - [2025-04-13T18:32:47.747+0000] {dagbag.py:538} INFO - Filling up the DagBag from /home/airflow/.local/lib/python3.8/site-packages/airflow/example_dags/example_short_circuit_operator.py
[2025-04-13T18:32:47.761+0000] {processor.py:840} INFO - DAG(s) 'example_short_circuit_operator' retrieved from /home/airflow/.local/lib/python3.8/site-packages/airflow/example_dags/example_short_circuit_operator.py
[2025-04-13T18:32:47.802+0000] {logging_mixin.py:188} INFO - [2025-04-13T18:32:47.802+0000] {dag.py:3036} INFO - Sync 1 DAGs
[2025-04-13T18:32:47.850+0000] {logging_mixin.py:188} INFO - [2025-04-13T18:32:47.850+0000] {dag.py:3823} INFO - Setting next_dagrun for example_short_circuit_operator to 2025-04-12 00:00:00+00:00, run_after=2025-04-13 00:00:00+00:00
[2025-04-13T18:32:47.889+0000] {processor.py:183} INFO - Processing /home/airflow/.local/lib/python3.8/site-packages/airflow/example_dags/example_short_circuit_operator.py took 0.154 seconds
[2025-04-13T18:33:21.299+0000] {processor.py:161} INFO - Started process (PID=11300) to work on /home/airflow/.local/lib/python3.8/site-packages/airflow/example_dags/example_short_circuit_operator.py
[2025-04-13T18:33:21.311+0000] {processor.py:830} INFO - Processing file /home/airflow/.local/lib/python3.8/site-packages/airflow/example_dags/example_short_circuit_operator.py for tasks to queue
[2025-04-13T18:33:21.321+0000] {logging_mixin.py:188} INFO - [2025-04-13T18:33:21.319+0000] {dagbag.py:538} INFO - Filling up the DagBag from /home/airflow/.local/lib/python3.8/site-packages/airflow/example_dags/example_short_circuit_operator.py
[2025-04-13T18:33:21.363+0000] {processor.py:840} INFO - DAG(s) 'example_short_circuit_operator' retrieved from /home/airflow/.local/lib/python3.8/site-packages/airflow/example_dags/example_short_circuit_operator.py
[2025-04-13T18:33:21.435+0000] {logging_mixin.py:188} INFO - [2025-04-13T18:33:21.434+0000] {dag.py:3036} INFO - Sync 1 DAGs
[2025-04-13T18:33:21.523+0000] {logging_mixin.py:188} INFO - [2025-04-13T18:33:21.522+0000] {dag.py:3823} INFO - Setting next_dagrun for example_short_circuit_operator to 2025-04-12 00:00:00+00:00, run_after=2025-04-13 00:00:00+00:00
[2025-04-13T18:33:21.568+0000] {processor.py:183} INFO - Processing /home/airflow/.local/lib/python3.8/site-packages/airflow/example_dags/example_short_circuit_operator.py took 0.282 seconds
[2025-04-13T18:33:54.576+0000] {processor.py:161} INFO - Started process (PID=11356) to work on /home/airflow/.local/lib/python3.8/site-packages/airflow/example_dags/example_short_circuit_operator.py
[2025-04-13T18:33:54.579+0000] {processor.py:830} INFO - Processing file /home/airflow/.local/lib/python3.8/site-packages/airflow/example_dags/example_short_circuit_operator.py for tasks to queue
[2025-04-13T18:33:54.584+0000] {logging_mixin.py:188} INFO - [2025-04-13T18:33:54.583+0000] {dagbag.py:538} INFO - Filling up the DagBag from /home/airflow/.local/lib/python3.8/site-packages/airflow/example_dags/example_short_circuit_operator.py
[2025-04-13T18:33:54.603+0000] {processor.py:840} INFO - DAG(s) 'example_short_circuit_operator' retrieved from /home/airflow/.local/lib/python3.8/site-packages/airflow/example_dags/example_short_circuit_operator.py
[2025-04-13T18:33:54.695+0000] {logging_mixin.py:188} INFO - [2025-04-13T18:33:54.694+0000] {dag.py:3036} INFO - Sync 1 DAGs
[2025-04-13T18:33:54.761+0000] {logging_mixin.py:188} INFO - [2025-04-13T18:33:54.761+0000] {dag.py:3823} INFO - Setting next_dagrun for example_short_circuit_operator to 2025-04-12 00:00:00+00:00, run_after=2025-04-13 00:00:00+00:00
[2025-04-13T18:33:54.815+0000] {processor.py:183} INFO - Processing /home/airflow/.local/lib/python3.8/site-packages/airflow/example_dags/example_short_circuit_operator.py took 0.249 seconds
[2025-04-13T18:34:27.806+0000] {processor.py:161} INFO - Started process (PID=11412) to work on /home/airflow/.local/lib/python3.8/site-packages/airflow/example_dags/example_short_circuit_operator.py
[2025-04-13T18:34:27.811+0000] {processor.py:830} INFO - Processing file /home/airflow/.local/lib/python3.8/site-packages/airflow/example_dags/example_short_circuit_operator.py for tasks to queue
[2025-04-13T18:34:27.817+0000] {logging_mixin.py:188} INFO - [2025-04-13T18:34:27.816+0000] {dagbag.py:538} INFO - Filling up the DagBag from /home/airflow/.local/lib/python3.8/site-packages/airflow/example_dags/example_short_circuit_operator.py
[2025-04-13T18:34:27.848+0000] {processor.py:840} INFO - DAG(s) 'example_short_circuit_operator' retrieved from /home/airflow/.local/lib/python3.8/site-packages/airflow/example_dags/example_short_circuit_operator.py
[2025-04-13T18:34:27.929+0000] {logging_mixin.py:188} INFO - [2025-04-13T18:34:27.929+0000] {dag.py:3036} INFO - Sync 1 DAGs
[2025-04-13T18:34:27.980+0000] {logging_mixin.py:188} INFO - [2025-04-13T18:34:27.980+0000] {dag.py:3823} INFO - Setting next_dagrun for example_short_circuit_operator to 2025-04-12 00:00:00+00:00, run_after=2025-04-13 00:00:00+00:00
[2025-04-13T18:34:28.031+0000] {processor.py:183} INFO - Processing /home/airflow/.local/lib/python3.8/site-packages/airflow/example_dags/example_short_circuit_operator.py took 0.235 seconds
[2025-04-13T18:35:00.638+0000] {processor.py:161} INFO - Started process (PID=11468) to work on /home/airflow/.local/lib/python3.8/site-packages/airflow/example_dags/example_short_circuit_operator.py
[2025-04-13T18:35:00.641+0000] {processor.py:830} INFO - Processing file /home/airflow/.local/lib/python3.8/site-packages/airflow/example_dags/example_short_circuit_operator.py for tasks to queue
[2025-04-13T18:35:00.645+0000] {logging_mixin.py:188} INFO - [2025-04-13T18:35:00.644+0000] {dagbag.py:538} INFO - Filling up the DagBag from /home/airflow/.local/lib/python3.8/site-packages/airflow/example_dags/example_short_circuit_operator.py
[2025-04-13T18:35:00.670+0000] {processor.py:840} INFO - DAG(s) 'example_short_circuit_operator' retrieved from /home/airflow/.local/lib/python3.8/site-packages/airflow/example_dags/example_short_circuit_operator.py
[2025-04-13T18:35:00.741+0000] {logging_mixin.py:188} INFO - [2025-04-13T18:35:00.740+0000] {dag.py:3036} INFO - Sync 1 DAGs
[2025-04-13T18:35:00.808+0000] {logging_mixin.py:188} INFO - [2025-04-13T18:35:00.807+0000] {dag.py:3823} INFO - Setting next_dagrun for example_short_circuit_operator to 2025-04-12 00:00:00+00:00, run_after=2025-04-13 00:00:00+00:00
[2025-04-13T18:35:00.904+0000] {processor.py:183} INFO - Processing /home/airflow/.local/lib/python3.8/site-packages/airflow/example_dags/example_short_circuit_operator.py took 0.274 seconds
[2025-04-13T18:35:33.425+0000] {processor.py:161} INFO - Started process (PID=11524) to work on /home/airflow/.local/lib/python3.8/site-packages/airflow/example_dags/example_short_circuit_operator.py
[2025-04-13T18:35:33.428+0000] {processor.py:830} INFO - Processing file /home/airflow/.local/lib/python3.8/site-packages/airflow/example_dags/example_short_circuit_operator.py for tasks to queue
[2025-04-13T18:35:33.433+0000] {logging_mixin.py:188} INFO - [2025-04-13T18:35:33.432+0000] {dagbag.py:538} INFO - Filling up the DagBag from /home/airflow/.local/lib/python3.8/site-packages/airflow/example_dags/example_short_circuit_operator.py
[2025-04-13T18:35:33.454+0000] {processor.py:840} INFO - DAG(s) 'example_short_circuit_operator' retrieved from /home/airflow/.local/lib/python3.8/site-packages/airflow/example_dags/example_short_circuit_operator.py
[2025-04-13T18:35:33.500+0000] {logging_mixin.py:188} INFO - [2025-04-13T18:35:33.499+0000] {dag.py:3036} INFO - Sync 1 DAGs
[2025-04-13T18:35:33.542+0000] {logging_mixin.py:188} INFO - [2025-04-13T18:35:33.541+0000] {dag.py:3823} INFO - Setting next_dagrun for example_short_circuit_operator to 2025-04-12 00:00:00+00:00, run_after=2025-04-13 00:00:00+00:00
[2025-04-13T18:35:33.577+0000] {processor.py:183} INFO - Processing /home/airflow/.local/lib/python3.8/site-packages/airflow/example_dags/example_short_circuit_operator.py took 0.157 seconds
[2025-04-13T18:36:04.546+0000] {processor.py:161} INFO - Started process (PID=11580) to work on /home/airflow/.local/lib/python3.8/site-packages/airflow/example_dags/example_short_circuit_operator.py
[2025-04-13T18:36:04.550+0000] {processor.py:830} INFO - Processing file /home/airflow/.local/lib/python3.8/site-packages/airflow/example_dags/example_short_circuit_operator.py for tasks to queue
[2025-04-13T18:36:04.555+0000] {logging_mixin.py:188} INFO - [2025-04-13T18:36:04.554+0000] {dagbag.py:538} INFO - Filling up the DagBag from /home/airflow/.local/lib/python3.8/site-packages/airflow/example_dags/example_short_circuit_operator.py
[2025-04-13T18:36:04.571+0000] {processor.py:840} INFO - DAG(s) 'example_short_circuit_operator' retrieved from /home/airflow/.local/lib/python3.8/site-packages/airflow/example_dags/example_short_circuit_operator.py
[2025-04-13T18:36:04.628+0000] {logging_mixin.py:188} INFO - [2025-04-13T18:36:04.627+0000] {dag.py:3036} INFO - Sync 1 DAGs
[2025-04-13T18:36:04.744+0000] {logging_mixin.py:188} INFO - [2025-04-13T18:36:04.738+0000] {dag.py:3823} INFO - Setting next_dagrun for example_short_circuit_operator to 2025-04-12 00:00:00+00:00, run_after=2025-04-13 00:00:00+00:00
[2025-04-13T18:36:04.804+0000] {processor.py:183} INFO - Processing /home/airflow/.local/lib/python3.8/site-packages/airflow/example_dags/example_short_circuit_operator.py took 0.273 seconds
[2025-04-13T18:36:36.656+0000] {processor.py:161} INFO - Started process (PID=11636) to work on /home/airflow/.local/lib/python3.8/site-packages/airflow/example_dags/example_short_circuit_operator.py
[2025-04-13T18:36:36.657+0000] {processor.py:830} INFO - Processing file /home/airflow/.local/lib/python3.8/site-packages/airflow/example_dags/example_short_circuit_operator.py for tasks to queue
[2025-04-13T18:36:36.662+0000] {logging_mixin.py:188} INFO - [2025-04-13T18:36:36.661+0000] {dagbag.py:538} INFO - Filling up the DagBag from /home/airflow/.local/lib/python3.8/site-packages/airflow/example_dags/example_short_circuit_operator.py
[2025-04-13T18:36:36.674+0000] {processor.py:840} INFO - DAG(s) 'example_short_circuit_operator' retrieved from /home/airflow/.local/lib/python3.8/site-packages/airflow/example_dags/example_short_circuit_operator.py
[2025-04-13T18:36:36.719+0000] {logging_mixin.py:188} INFO - [2025-04-13T18:36:36.719+0000] {dag.py:3036} INFO - Sync 1 DAGs
[2025-04-13T18:36:36.758+0000] {logging_mixin.py:188} INFO - [2025-04-13T18:36:36.758+0000] {dag.py:3823} INFO - Setting next_dagrun for example_short_circuit_operator to 2025-04-12 00:00:00+00:00, run_after=2025-04-13 00:00:00+00:00
[2025-04-13T18:36:36.814+0000] {processor.py:183} INFO - Processing /home/airflow/.local/lib/python3.8/site-packages/airflow/example_dags/example_short_circuit_operator.py took 0.164 seconds
[2025-04-13T18:37:10.222+0000] {processor.py:161} INFO - Started process (PID=11692) to work on /home/airflow/.local/lib/python3.8/site-packages/airflow/example_dags/example_short_circuit_operator.py
[2025-04-13T18:37:10.225+0000] {processor.py:830} INFO - Processing file /home/airflow/.local/lib/python3.8/site-packages/airflow/example_dags/example_short_circuit_operator.py for tasks to queue
[2025-04-13T18:37:10.229+0000] {logging_mixin.py:188} INFO - [2025-04-13T18:37:10.228+0000] {dagbag.py:538} INFO - Filling up the DagBag from /home/airflow/.local/lib/python3.8/site-packages/airflow/example_dags/example_short_circuit_operator.py
[2025-04-13T18:37:10.246+0000] {processor.py:840} INFO - DAG(s) 'example_short_circuit_operator' retrieved from /home/airflow/.local/lib/python3.8/site-packages/airflow/example_dags/example_short_circuit_operator.py
[2025-04-13T18:37:10.286+0000] {logging_mixin.py:188} INFO - [2025-04-13T18:37:10.285+0000] {dag.py:3036} INFO - Sync 1 DAGs
[2025-04-13T18:37:10.323+0000] {logging_mixin.py:188} INFO - [2025-04-13T18:37:10.323+0000] {dag.py:3823} INFO - Setting next_dagrun for example_short_circuit_operator to 2025-04-12 00:00:00+00:00, run_after=2025-04-13 00:00:00+00:00
[2025-04-13T18:37:10.391+0000] {processor.py:183} INFO - Processing /home/airflow/.local/lib/python3.8/site-packages/airflow/example_dags/example_short_circuit_operator.py took 0.176 seconds
[2025-04-13T18:37:44.540+0000] {processor.py:161} INFO - Started process (PID=11748) to work on /home/airflow/.local/lib/python3.8/site-packages/airflow/example_dags/example_short_circuit_operator.py
[2025-04-13T18:37:44.542+0000] {processor.py:830} INFO - Processing file /home/airflow/.local/lib/python3.8/site-packages/airflow/example_dags/example_short_circuit_operator.py for tasks to queue
[2025-04-13T18:37:44.546+0000] {logging_mixin.py:188} INFO - [2025-04-13T18:37:44.546+0000] {dagbag.py:538} INFO - Filling up the DagBag from /home/airflow/.local/lib/python3.8/site-packages/airflow/example_dags/example_short_circuit_operator.py
[2025-04-13T18:37:44.566+0000] {processor.py:840} INFO - DAG(s) 'example_short_circuit_operator' retrieved from /home/airflow/.local/lib/python3.8/site-packages/airflow/example_dags/example_short_circuit_operator.py
[2025-04-13T18:37:44.614+0000] {logging_mixin.py:188} INFO - [2025-04-13T18:37:44.613+0000] {dag.py:3036} INFO - Sync 1 DAGs
[2025-04-13T18:37:44.654+0000] {logging_mixin.py:188} INFO - [2025-04-13T18:37:44.653+0000] {dag.py:3823} INFO - Setting next_dagrun for example_short_circuit_operator to 2025-04-12 00:00:00+00:00, run_after=2025-04-13 00:00:00+00:00
[2025-04-13T18:37:44.689+0000] {processor.py:183} INFO - Processing /home/airflow/.local/lib/python3.8/site-packages/airflow/example_dags/example_short_circuit_operator.py took 0.156 seconds
[2025-04-13T18:38:16.773+0000] {processor.py:161} INFO - Started process (PID=11804) to work on /home/airflow/.local/lib/python3.8/site-packages/airflow/example_dags/example_short_circuit_operator.py
[2025-04-13T18:38:16.776+0000] {processor.py:830} INFO - Processing file /home/airflow/.local/lib/python3.8/site-packages/airflow/example_dags/example_short_circuit_operator.py for tasks to queue
[2025-04-13T18:38:16.779+0000] {logging_mixin.py:188} INFO - [2025-04-13T18:38:16.778+0000] {dagbag.py:538} INFO - Filling up the DagBag from /home/airflow/.local/lib/python3.8/site-packages/airflow/example_dags/example_short_circuit_operator.py
[2025-04-13T18:38:16.794+0000] {processor.py:840} INFO - DAG(s) 'example_short_circuit_operator' retrieved from /home/airflow/.local/lib/python3.8/site-packages/airflow/example_dags/example_short_circuit_operator.py
[2025-04-13T18:38:16.843+0000] {logging_mixin.py:188} INFO - [2025-04-13T18:38:16.843+0000] {dag.py:3036} INFO - Sync 1 DAGs
[2025-04-13T18:38:16.928+0000] {logging_mixin.py:188} INFO - [2025-04-13T18:38:16.928+0000] {dag.py:3823} INFO - Setting next_dagrun for example_short_circuit_operator to 2025-04-12 00:00:00+00:00, run_after=2025-04-13 00:00:00+00:00
[2025-04-13T18:38:17.068+0000] {processor.py:183} INFO - Processing /home/airflow/.local/lib/python3.8/site-packages/airflow/example_dags/example_short_circuit_operator.py took 0.303 seconds
[2025-04-13T18:38:49.367+0000] {processor.py:161} INFO - Started process (PID=11860) to work on /home/airflow/.local/lib/python3.8/site-packages/airflow/example_dags/example_short_circuit_operator.py
[2025-04-13T18:38:49.368+0000] {processor.py:830} INFO - Processing file /home/airflow/.local/lib/python3.8/site-packages/airflow/example_dags/example_short_circuit_operator.py for tasks to queue
[2025-04-13T18:38:49.372+0000] {logging_mixin.py:188} INFO - [2025-04-13T18:38:49.371+0000] {dagbag.py:538} INFO - Filling up the DagBag from /home/airflow/.local/lib/python3.8/site-packages/airflow/example_dags/example_short_circuit_operator.py
[2025-04-13T18:38:49.385+0000] {processor.py:840} INFO - DAG(s) 'example_short_circuit_operator' retrieved from /home/airflow/.local/lib/python3.8/site-packages/airflow/example_dags/example_short_circuit_operator.py
[2025-04-13T18:38:49.427+0000] {logging_mixin.py:188} INFO - [2025-04-13T18:38:49.426+0000] {dag.py:3036} INFO - Sync 1 DAGs
[2025-04-13T18:38:49.496+0000] {logging_mixin.py:188} INFO - [2025-04-13T18:38:49.496+0000] {dag.py:3823} INFO - Setting next_dagrun for example_short_circuit_operator to 2025-04-12 00:00:00+00:00, run_after=2025-04-13 00:00:00+00:00
[2025-04-13T18:38:49.677+0000] {processor.py:183} INFO - Processing /home/airflow/.local/lib/python3.8/site-packages/airflow/example_dags/example_short_circuit_operator.py took 0.316 seconds
[2025-04-13T18:39:23.158+0000] {processor.py:161} INFO - Started process (PID=11916) to work on /home/airflow/.local/lib/python3.8/site-packages/airflow/example_dags/example_short_circuit_operator.py
[2025-04-13T18:39:23.164+0000] {processor.py:830} INFO - Processing file /home/airflow/.local/lib/python3.8/site-packages/airflow/example_dags/example_short_circuit_operator.py for tasks to queue
[2025-04-13T18:39:23.169+0000] {logging_mixin.py:188} INFO - [2025-04-13T18:39:23.168+0000] {dagbag.py:538} INFO - Filling up the DagBag from /home/airflow/.local/lib/python3.8/site-packages/airflow/example_dags/example_short_circuit_operator.py
[2025-04-13T18:39:23.185+0000] {processor.py:840} INFO - DAG(s) 'example_short_circuit_operator' retrieved from /home/airflow/.local/lib/python3.8/site-packages/airflow/example_dags/example_short_circuit_operator.py
[2025-04-13T18:39:23.253+0000] {logging_mixin.py:188} INFO - [2025-04-13T18:39:23.252+0000] {dag.py:3036} INFO - Sync 1 DAGs
[2025-04-13T18:39:23.309+0000] {logging_mixin.py:188} INFO - [2025-04-13T18:39:23.309+0000] {dag.py:3823} INFO - Setting next_dagrun for example_short_circuit_operator to 2025-04-12 00:00:00+00:00, run_after=2025-04-13 00:00:00+00:00
[2025-04-13T18:39:23.342+0000] {processor.py:183} INFO - Processing /home/airflow/.local/lib/python3.8/site-packages/airflow/example_dags/example_short_circuit_operator.py took 0.200 seconds
[2025-04-13T18:39:55.306+0000] {processor.py:161} INFO - Started process (PID=11973) to work on /home/airflow/.local/lib/python3.8/site-packages/airflow/example_dags/example_short_circuit_operator.py
[2025-04-13T18:39:55.309+0000] {processor.py:830} INFO - Processing file /home/airflow/.local/lib/python3.8/site-packages/airflow/example_dags/example_short_circuit_operator.py for tasks to queue
[2025-04-13T18:39:55.314+0000] {logging_mixin.py:188} INFO - [2025-04-13T18:39:55.313+0000] {dagbag.py:538} INFO - Filling up the DagBag from /home/airflow/.local/lib/python3.8/site-packages/airflow/example_dags/example_short_circuit_operator.py
[2025-04-13T18:39:55.334+0000] {processor.py:840} INFO - DAG(s) 'example_short_circuit_operator' retrieved from /home/airflow/.local/lib/python3.8/site-packages/airflow/example_dags/example_short_circuit_operator.py
[2025-04-13T18:39:55.400+0000] {logging_mixin.py:188} INFO - [2025-04-13T18:39:55.400+0000] {dag.py:3036} INFO - Sync 1 DAGs
[2025-04-13T18:39:55.456+0000] {logging_mixin.py:188} INFO - [2025-04-13T18:39:55.456+0000] {dag.py:3823} INFO - Setting next_dagrun for example_short_circuit_operator to 2025-04-12 00:00:00+00:00, run_after=2025-04-13 00:00:00+00:00
[2025-04-13T18:39:55.532+0000] {processor.py:183} INFO - Processing /home/airflow/.local/lib/python3.8/site-packages/airflow/example_dags/example_short_circuit_operator.py took 0.233 seconds
[2025-04-13T18:40:29.281+0000] {processor.py:161} INFO - Started process (PID=12029) to work on /home/airflow/.local/lib/python3.8/site-packages/airflow/example_dags/example_short_circuit_operator.py
[2025-04-13T18:40:29.284+0000] {processor.py:830} INFO - Processing file /home/airflow/.local/lib/python3.8/site-packages/airflow/example_dags/example_short_circuit_operator.py for tasks to queue
[2025-04-13T18:40:29.288+0000] {logging_mixin.py:188} INFO - [2025-04-13T18:40:29.288+0000] {dagbag.py:538} INFO - Filling up the DagBag from /home/airflow/.local/lib/python3.8/site-packages/airflow/example_dags/example_short_circuit_operator.py
[2025-04-13T18:40:29.310+0000] {processor.py:840} INFO - DAG(s) 'example_short_circuit_operator' retrieved from /home/airflow/.local/lib/python3.8/site-packages/airflow/example_dags/example_short_circuit_operator.py
[2025-04-13T18:40:29.405+0000] {logging_mixin.py:188} INFO - [2025-04-13T18:40:29.404+0000] {dag.py:3036} INFO - Sync 1 DAGs
[2025-04-13T18:40:29.598+0000] {logging_mixin.py:188} INFO - [2025-04-13T18:40:29.597+0000] {dag.py:3823} INFO - Setting next_dagrun for example_short_circuit_operator to 2025-04-12 00:00:00+00:00, run_after=2025-04-13 00:00:00+00:00
[2025-04-13T18:40:29.756+0000] {processor.py:183} INFO - Processing /home/airflow/.local/lib/python3.8/site-packages/airflow/example_dags/example_short_circuit_operator.py took 0.483 seconds
[2025-04-13T18:41:03.233+0000] {processor.py:161} INFO - Started process (PID=12085) to work on /home/airflow/.local/lib/python3.8/site-packages/airflow/example_dags/example_short_circuit_operator.py
[2025-04-13T18:41:03.235+0000] {processor.py:830} INFO - Processing file /home/airflow/.local/lib/python3.8/site-packages/airflow/example_dags/example_short_circuit_operator.py for tasks to queue
[2025-04-13T18:41:03.239+0000] {logging_mixin.py:188} INFO - [2025-04-13T18:41:03.238+0000] {dagbag.py:538} INFO - Filling up the DagBag from /home/airflow/.local/lib/python3.8/site-packages/airflow/example_dags/example_short_circuit_operator.py
[2025-04-13T18:41:03.263+0000] {processor.py:840} INFO - DAG(s) 'example_short_circuit_operator' retrieved from /home/airflow/.local/lib/python3.8/site-packages/airflow/example_dags/example_short_circuit_operator.py
[2025-04-13T18:41:03.325+0000] {logging_mixin.py:188} INFO - [2025-04-13T18:41:03.324+0000] {dag.py:3036} INFO - Sync 1 DAGs
[2025-04-13T18:41:03.379+0000] {logging_mixin.py:188} INFO - [2025-04-13T18:41:03.378+0000] {dag.py:3823} INFO - Setting next_dagrun for example_short_circuit_operator to 2025-04-12 00:00:00+00:00, run_after=2025-04-13 00:00:00+00:00
[2025-04-13T18:41:03.487+0000] {processor.py:183} INFO - Processing /home/airflow/.local/lib/python3.8/site-packages/airflow/example_dags/example_short_circuit_operator.py took 0.262 seconds
[2025-04-13T18:41:37.102+0000] {processor.py:161} INFO - Started process (PID=12143) to work on /home/airflow/.local/lib/python3.8/site-packages/airflow/example_dags/example_short_circuit_operator.py
[2025-04-13T18:41:37.104+0000] {processor.py:830} INFO - Processing file /home/airflow/.local/lib/python3.8/site-packages/airflow/example_dags/example_short_circuit_operator.py for tasks to queue
[2025-04-13T18:41:37.109+0000] {logging_mixin.py:188} INFO - [2025-04-13T18:41:37.108+0000] {dagbag.py:538} INFO - Filling up the DagBag from /home/airflow/.local/lib/python3.8/site-packages/airflow/example_dags/example_short_circuit_operator.py
[2025-04-13T18:41:37.134+0000] {processor.py:840} INFO - DAG(s) 'example_short_circuit_operator' retrieved from /home/airflow/.local/lib/python3.8/site-packages/airflow/example_dags/example_short_circuit_operator.py
[2025-04-13T18:41:37.191+0000] {logging_mixin.py:188} INFO - [2025-04-13T18:41:37.191+0000] {dag.py:3036} INFO - Sync 1 DAGs
[2025-04-13T18:41:37.243+0000] {logging_mixin.py:188} INFO - [2025-04-13T18:41:37.242+0000] {dag.py:3823} INFO - Setting next_dagrun for example_short_circuit_operator to 2025-04-12 00:00:00+00:00, run_after=2025-04-13 00:00:00+00:00
[2025-04-13T18:41:37.314+0000] {processor.py:183} INFO - Processing /home/airflow/.local/lib/python3.8/site-packages/airflow/example_dags/example_short_circuit_operator.py took 0.220 seconds
[2025-04-13T18:56:04.821+0000] {processor.py:161} INFO - Started process (PID=12219) to work on /home/airflow/.local/lib/python3.8/site-packages/airflow/example_dags/example_short_circuit_operator.py
[2025-04-13T18:56:04.823+0000] {processor.py:830} INFO - Processing file /home/airflow/.local/lib/python3.8/site-packages/airflow/example_dags/example_short_circuit_operator.py for tasks to queue
[2025-04-13T18:56:04.832+0000] {logging_mixin.py:188} INFO - [2025-04-13T18:56:04.831+0000] {dagbag.py:538} INFO - Filling up the DagBag from /home/airflow/.local/lib/python3.8/site-packages/airflow/example_dags/example_short_circuit_operator.py
[2025-04-13T18:56:04.872+0000] {processor.py:840} INFO - DAG(s) 'example_short_circuit_operator' retrieved from /home/airflow/.local/lib/python3.8/site-packages/airflow/example_dags/example_short_circuit_operator.py
[2025-04-13T18:56:04.991+0000] {logging_mixin.py:188} INFO - [2025-04-13T18:56:04.990+0000] {dag.py:3036} INFO - Sync 1 DAGs
[2025-04-13T18:56:05.096+0000] {logging_mixin.py:188} INFO - [2025-04-13T18:56:05.095+0000] {dag.py:3823} INFO - Setting next_dagrun for example_short_circuit_operator to 2025-04-12 00:00:00+00:00, run_after=2025-04-13 00:00:00+00:00
[2025-04-13T18:56:05.152+0000] {processor.py:183} INFO - Processing /home/airflow/.local/lib/python3.8/site-packages/airflow/example_dags/example_short_circuit_operator.py took 0.345 seconds
[2025-04-13T18:56:35.501+0000] {processor.py:161} INFO - Started process (PID=12269) to work on /home/airflow/.local/lib/python3.8/site-packages/airflow/example_dags/example_short_circuit_operator.py
[2025-04-13T18:56:35.504+0000] {processor.py:830} INFO - Processing file /home/airflow/.local/lib/python3.8/site-packages/airflow/example_dags/example_short_circuit_operator.py for tasks to queue
[2025-04-13T18:56:35.508+0000] {logging_mixin.py:188} INFO - [2025-04-13T18:56:35.507+0000] {dagbag.py:538} INFO - Filling up the DagBag from /home/airflow/.local/lib/python3.8/site-packages/airflow/example_dags/example_short_circuit_operator.py
[2025-04-13T18:56:35.527+0000] {processor.py:840} INFO - DAG(s) 'example_short_circuit_operator' retrieved from /home/airflow/.local/lib/python3.8/site-packages/airflow/example_dags/example_short_circuit_operator.py
[2025-04-13T18:56:35.588+0000] {logging_mixin.py:188} INFO - [2025-04-13T18:56:35.587+0000] {dag.py:3036} INFO - Sync 1 DAGs
[2025-04-13T18:56:35.656+0000] {logging_mixin.py:188} INFO - [2025-04-13T18:56:35.655+0000] {dag.py:3823} INFO - Setting next_dagrun for example_short_circuit_operator to 2025-04-12 00:00:00+00:00, run_after=2025-04-13 00:00:00+00:00
[2025-04-13T18:56:35.709+0000] {processor.py:183} INFO - Processing /home/airflow/.local/lib/python3.8/site-packages/airflow/example_dags/example_short_circuit_operator.py took 0.215 seconds
[2025-04-13T18:57:07.126+0000] {processor.py:161} INFO - Started process (PID=12325) to work on /home/airflow/.local/lib/python3.8/site-packages/airflow/example_dags/example_short_circuit_operator.py
[2025-04-13T18:57:07.127+0000] {processor.py:830} INFO - Processing file /home/airflow/.local/lib/python3.8/site-packages/airflow/example_dags/example_short_circuit_operator.py for tasks to queue
[2025-04-13T18:57:07.130+0000] {logging_mixin.py:188} INFO - [2025-04-13T18:57:07.129+0000] {dagbag.py:538} INFO - Filling up the DagBag from /home/airflow/.local/lib/python3.8/site-packages/airflow/example_dags/example_short_circuit_operator.py
[2025-04-13T18:57:07.147+0000] {processor.py:840} INFO - DAG(s) 'example_short_circuit_operator' retrieved from /home/airflow/.local/lib/python3.8/site-packages/airflow/example_dags/example_short_circuit_operator.py
[2025-04-13T18:57:07.214+0000] {logging_mixin.py:188} INFO - [2025-04-13T18:57:07.205+0000] {dag.py:3036} INFO - Sync 1 DAGs
[2025-04-13T18:57:07.266+0000] {logging_mixin.py:188} INFO - [2025-04-13T18:57:07.266+0000] {dag.py:3823} INFO - Setting next_dagrun for example_short_circuit_operator to 2025-04-12 00:00:00+00:00, run_after=2025-04-13 00:00:00+00:00
[2025-04-13T18:57:07.348+0000] {processor.py:183} INFO - Processing /home/airflow/.local/lib/python3.8/site-packages/airflow/example_dags/example_short_circuit_operator.py took 0.228 seconds
[2025-04-13T18:57:37.665+0000] {processor.py:161} INFO - Started process (PID=12381) to work on /home/airflow/.local/lib/python3.8/site-packages/airflow/example_dags/example_short_circuit_operator.py
[2025-04-13T18:57:37.667+0000] {processor.py:830} INFO - Processing file /home/airflow/.local/lib/python3.8/site-packages/airflow/example_dags/example_short_circuit_operator.py for tasks to queue
[2025-04-13T18:57:37.669+0000] {logging_mixin.py:188} INFO - [2025-04-13T18:57:37.668+0000] {dagbag.py:538} INFO - Filling up the DagBag from /home/airflow/.local/lib/python3.8/site-packages/airflow/example_dags/example_short_circuit_operator.py
[2025-04-13T18:57:37.679+0000] {processor.py:840} INFO - DAG(s) 'example_short_circuit_operator' retrieved from /home/airflow/.local/lib/python3.8/site-packages/airflow/example_dags/example_short_circuit_operator.py
[2025-04-13T18:57:37.707+0000] {logging_mixin.py:188} INFO - [2025-04-13T18:57:37.707+0000] {dag.py:3036} INFO - Sync 1 DAGs
[2025-04-13T18:57:37.732+0000] {logging_mixin.py:188} INFO - [2025-04-13T18:57:37.732+0000] {dag.py:3823} INFO - Setting next_dagrun for example_short_circuit_operator to 2025-04-12 00:00:00+00:00, run_after=2025-04-13 00:00:00+00:00
[2025-04-13T18:57:37.755+0000] {processor.py:183} INFO - Processing /home/airflow/.local/lib/python3.8/site-packages/airflow/example_dags/example_short_circuit_operator.py took 0.094 seconds
[2025-04-13T18:58:08.691+0000] {processor.py:161} INFO - Started process (PID=12437) to work on /home/airflow/.local/lib/python3.8/site-packages/airflow/example_dags/example_short_circuit_operator.py
[2025-04-13T18:58:08.692+0000] {processor.py:830} INFO - Processing file /home/airflow/.local/lib/python3.8/site-packages/airflow/example_dags/example_short_circuit_operator.py for tasks to queue
[2025-04-13T18:58:08.695+0000] {logging_mixin.py:188} INFO - [2025-04-13T18:58:08.694+0000] {dagbag.py:538} INFO - Filling up the DagBag from /home/airflow/.local/lib/python3.8/site-packages/airflow/example_dags/example_short_circuit_operator.py
[2025-04-13T18:58:08.703+0000] {processor.py:840} INFO - DAG(s) 'example_short_circuit_operator' retrieved from /home/airflow/.local/lib/python3.8/site-packages/airflow/example_dags/example_short_circuit_operator.py
[2025-04-13T18:58:08.727+0000] {logging_mixin.py:188} INFO - [2025-04-13T18:58:08.727+0000] {dag.py:3036} INFO - Sync 1 DAGs
[2025-04-13T18:58:08.753+0000] {logging_mixin.py:188} INFO - [2025-04-13T18:58:08.753+0000] {dag.py:3823} INFO - Setting next_dagrun for example_short_circuit_operator to 2025-04-12 00:00:00+00:00, run_after=2025-04-13 00:00:00+00:00
[2025-04-13T18:58:08.775+0000] {processor.py:183} INFO - Processing /home/airflow/.local/lib/python3.8/site-packages/airflow/example_dags/example_short_circuit_operator.py took 0.088 seconds
[2025-04-13T18:58:39.605+0000] {processor.py:161} INFO - Started process (PID=12494) to work on /home/airflow/.local/lib/python3.8/site-packages/airflow/example_dags/example_short_circuit_operator.py
[2025-04-13T18:58:39.606+0000] {processor.py:830} INFO - Processing file /home/airflow/.local/lib/python3.8/site-packages/airflow/example_dags/example_short_circuit_operator.py for tasks to queue
[2025-04-13T18:58:39.608+0000] {logging_mixin.py:188} INFO - [2025-04-13T18:58:39.608+0000] {dagbag.py:538} INFO - Filling up the DagBag from /home/airflow/.local/lib/python3.8/site-packages/airflow/example_dags/example_short_circuit_operator.py
[2025-04-13T18:58:39.620+0000] {processor.py:840} INFO - DAG(s) 'example_short_circuit_operator' retrieved from /home/airflow/.local/lib/python3.8/site-packages/airflow/example_dags/example_short_circuit_operator.py
[2025-04-13T18:58:39.651+0000] {logging_mixin.py:188} INFO - [2025-04-13T18:58:39.651+0000] {dag.py:3036} INFO - Sync 1 DAGs
[2025-04-13T18:58:39.679+0000] {logging_mixin.py:188} INFO - [2025-04-13T18:58:39.679+0000] {dag.py:3823} INFO - Setting next_dagrun for example_short_circuit_operator to 2025-04-12 00:00:00+00:00, run_after=2025-04-13 00:00:00+00:00
[2025-04-13T18:58:39.704+0000] {processor.py:183} INFO - Processing /home/airflow/.local/lib/python3.8/site-packages/airflow/example_dags/example_short_circuit_operator.py took 0.102 seconds
[2025-04-13T18:59:10.355+0000] {processor.py:161} INFO - Started process (PID=12550) to work on /home/airflow/.local/lib/python3.8/site-packages/airflow/example_dags/example_short_circuit_operator.py
[2025-04-13T18:59:10.360+0000] {processor.py:830} INFO - Processing file /home/airflow/.local/lib/python3.8/site-packages/airflow/example_dags/example_short_circuit_operator.py for tasks to queue
[2025-04-13T18:59:10.362+0000] {logging_mixin.py:188} INFO - [2025-04-13T18:59:10.362+0000] {dagbag.py:538} INFO - Filling up the DagBag from /home/airflow/.local/lib/python3.8/site-packages/airflow/example_dags/example_short_circuit_operator.py
[2025-04-13T18:59:10.378+0000] {processor.py:840} INFO - DAG(s) 'example_short_circuit_operator' retrieved from /home/airflow/.local/lib/python3.8/site-packages/airflow/example_dags/example_short_circuit_operator.py
[2025-04-13T18:59:10.415+0000] {logging_mixin.py:188} INFO - [2025-04-13T18:59:10.414+0000] {dag.py:3036} INFO - Sync 1 DAGs
[2025-04-13T18:59:10.460+0000] {logging_mixin.py:188} INFO - [2025-04-13T18:59:10.460+0000] {dag.py:3823} INFO - Setting next_dagrun for example_short_circuit_operator to 2025-04-12 00:00:00+00:00, run_after=2025-04-13 00:00:00+00:00
[2025-04-13T18:59:10.499+0000] {processor.py:183} INFO - Processing /home/airflow/.local/lib/python3.8/site-packages/airflow/example_dags/example_short_circuit_operator.py took 0.150 seconds
[2025-04-13T18:59:42.039+0000] {processor.py:161} INFO - Started process (PID=12606) to work on /home/airflow/.local/lib/python3.8/site-packages/airflow/example_dags/example_short_circuit_operator.py
[2025-04-13T18:59:42.043+0000] {processor.py:830} INFO - Processing file /home/airflow/.local/lib/python3.8/site-packages/airflow/example_dags/example_short_circuit_operator.py for tasks to queue
[2025-04-13T18:59:42.050+0000] {logging_mixin.py:188} INFO - [2025-04-13T18:59:42.049+0000] {dagbag.py:538} INFO - Filling up the DagBag from /home/airflow/.local/lib/python3.8/site-packages/airflow/example_dags/example_short_circuit_operator.py
[2025-04-13T18:59:42.063+0000] {processor.py:840} INFO - DAG(s) 'example_short_circuit_operator' retrieved from /home/airflow/.local/lib/python3.8/site-packages/airflow/example_dags/example_short_circuit_operator.py
[2025-04-13T18:59:42.128+0000] {logging_mixin.py:188} INFO - [2025-04-13T18:59:42.128+0000] {dag.py:3036} INFO - Sync 1 DAGs
[2025-04-13T18:59:42.188+0000] {logging_mixin.py:188} INFO - [2025-04-13T18:59:42.187+0000] {dag.py:3823} INFO - Setting next_dagrun for example_short_circuit_operator to 2025-04-12 00:00:00+00:00, run_after=2025-04-13 00:00:00+00:00
[2025-04-13T18:59:42.228+0000] {processor.py:183} INFO - Processing /home/airflow/.local/lib/python3.8/site-packages/airflow/example_dags/example_short_circuit_operator.py took 0.192 seconds
[2025-04-13T19:00:14.893+0000] {processor.py:161} INFO - Started process (PID=12666) to work on /home/airflow/.local/lib/python3.8/site-packages/airflow/example_dags/example_short_circuit_operator.py
[2025-04-13T19:00:14.895+0000] {processor.py:830} INFO - Processing file /home/airflow/.local/lib/python3.8/site-packages/airflow/example_dags/example_short_circuit_operator.py for tasks to queue
[2025-04-13T19:00:14.897+0000] {logging_mixin.py:188} INFO - [2025-04-13T19:00:14.896+0000] {dagbag.py:538} INFO - Filling up the DagBag from /home/airflow/.local/lib/python3.8/site-packages/airflow/example_dags/example_short_circuit_operator.py
[2025-04-13T19:00:14.908+0000] {processor.py:840} INFO - DAG(s) 'example_short_circuit_operator' retrieved from /home/airflow/.local/lib/python3.8/site-packages/airflow/example_dags/example_short_circuit_operator.py
[2025-04-13T19:00:14.938+0000] {logging_mixin.py:188} INFO - [2025-04-13T19:00:14.938+0000] {dag.py:3036} INFO - Sync 1 DAGs
[2025-04-13T19:00:14.983+0000] {logging_mixin.py:188} INFO - [2025-04-13T19:00:14.982+0000] {dag.py:3823} INFO - Setting next_dagrun for example_short_circuit_operator to 2025-04-12 00:00:00+00:00, run_after=2025-04-13 00:00:00+00:00
[2025-04-13T19:00:15.016+0000] {processor.py:183} INFO - Processing /home/airflow/.local/lib/python3.8/site-packages/airflow/example_dags/example_short_circuit_operator.py took 0.126 seconds
[2025-04-13T19:00:55.088+0000] {processor.py:161} INFO - Started process (PID=12722) to work on /home/airflow/.local/lib/python3.8/site-packages/airflow/example_dags/example_short_circuit_operator.py
[2025-04-13T19:00:55.090+0000] {processor.py:830} INFO - Processing file /home/airflow/.local/lib/python3.8/site-packages/airflow/example_dags/example_short_circuit_operator.py for tasks to queue
[2025-04-13T19:00:55.098+0000] {logging_mixin.py:188} INFO - [2025-04-13T19:00:55.096+0000] {dagbag.py:538} INFO - Filling up the DagBag from /home/airflow/.local/lib/python3.8/site-packages/airflow/example_dags/example_short_circuit_operator.py
[2025-04-13T19:00:55.117+0000] {processor.py:840} INFO - DAG(s) 'example_short_circuit_operator' retrieved from /home/airflow/.local/lib/python3.8/site-packages/airflow/example_dags/example_short_circuit_operator.py
[2025-04-13T19:00:55.159+0000] {logging_mixin.py:188} INFO - [2025-04-13T19:00:55.158+0000] {dag.py:3036} INFO - Sync 1 DAGs
[2025-04-13T19:00:55.204+0000] {logging_mixin.py:188} INFO - [2025-04-13T19:00:55.203+0000] {dag.py:3823} INFO - Setting next_dagrun for example_short_circuit_operator to 2025-04-12 00:00:00+00:00, run_after=2025-04-13 00:00:00+00:00
[2025-04-13T19:00:55.257+0000] {processor.py:183} INFO - Processing /home/airflow/.local/lib/python3.8/site-packages/airflow/example_dags/example_short_circuit_operator.py took 0.174 seconds
[2025-04-13T19:01:25.621+0000] {processor.py:161} INFO - Started process (PID=12778) to work on /home/airflow/.local/lib/python3.8/site-packages/airflow/example_dags/example_short_circuit_operator.py
[2025-04-13T19:01:25.622+0000] {processor.py:830} INFO - Processing file /home/airflow/.local/lib/python3.8/site-packages/airflow/example_dags/example_short_circuit_operator.py for tasks to queue
[2025-04-13T19:01:25.625+0000] {logging_mixin.py:188} INFO - [2025-04-13T19:01:25.624+0000] {dagbag.py:538} INFO - Filling up the DagBag from /home/airflow/.local/lib/python3.8/site-packages/airflow/example_dags/example_short_circuit_operator.py
[2025-04-13T19:01:25.635+0000] {processor.py:840} INFO - DAG(s) 'example_short_circuit_operator' retrieved from /home/airflow/.local/lib/python3.8/site-packages/airflow/example_dags/example_short_circuit_operator.py
[2025-04-13T19:01:25.672+0000] {logging_mixin.py:188} INFO - [2025-04-13T19:01:25.672+0000] {dag.py:3036} INFO - Sync 1 DAGs
[2025-04-13T19:01:25.709+0000] {logging_mixin.py:188} INFO - [2025-04-13T19:01:25.708+0000] {dag.py:3823} INFO - Setting next_dagrun for example_short_circuit_operator to 2025-04-12 00:00:00+00:00, run_after=2025-04-13 00:00:00+00:00
[2025-04-13T19:01:25.732+0000] {processor.py:183} INFO - Processing /home/airflow/.local/lib/python3.8/site-packages/airflow/example_dags/example_short_circuit_operator.py took 0.115 seconds
[2025-04-13T19:01:56.633+0000] {processor.py:161} INFO - Started process (PID=12834) to work on /home/airflow/.local/lib/python3.8/site-packages/airflow/example_dags/example_short_circuit_operator.py
[2025-04-13T19:01:56.634+0000] {processor.py:830} INFO - Processing file /home/airflow/.local/lib/python3.8/site-packages/airflow/example_dags/example_short_circuit_operator.py for tasks to queue
[2025-04-13T19:01:56.637+0000] {logging_mixin.py:188} INFO - [2025-04-13T19:01:56.636+0000] {dagbag.py:538} INFO - Filling up the DagBag from /home/airflow/.local/lib/python3.8/site-packages/airflow/example_dags/example_short_circuit_operator.py
[2025-04-13T19:01:56.648+0000] {processor.py:840} INFO - DAG(s) 'example_short_circuit_operator' retrieved from /home/airflow/.local/lib/python3.8/site-packages/airflow/example_dags/example_short_circuit_operator.py
[2025-04-13T19:01:56.690+0000] {logging_mixin.py:188} INFO - [2025-04-13T19:01:56.690+0000] {dag.py:3036} INFO - Sync 1 DAGs
[2025-04-13T19:01:56.752+0000] {logging_mixin.py:188} INFO - [2025-04-13T19:01:56.752+0000] {dag.py:3823} INFO - Setting next_dagrun for example_short_circuit_operator to 2025-04-12 00:00:00+00:00, run_after=2025-04-13 00:00:00+00:00
[2025-04-13T19:01:56.843+0000] {processor.py:183} INFO - Processing /home/airflow/.local/lib/python3.8/site-packages/airflow/example_dags/example_short_circuit_operator.py took 0.215 seconds
[2025-04-13T19:02:29.112+0000] {processor.py:161} INFO - Started process (PID=12895) to work on /home/airflow/.local/lib/python3.8/site-packages/airflow/example_dags/example_short_circuit_operator.py
[2025-04-13T19:02:29.115+0000] {processor.py:830} INFO - Processing file /home/airflow/.local/lib/python3.8/site-packages/airflow/example_dags/example_short_circuit_operator.py for tasks to queue
[2025-04-13T19:02:29.117+0000] {logging_mixin.py:188} INFO - [2025-04-13T19:02:29.117+0000] {dagbag.py:538} INFO - Filling up the DagBag from /home/airflow/.local/lib/python3.8/site-packages/airflow/example_dags/example_short_circuit_operator.py
[2025-04-13T19:02:29.134+0000] {processor.py:840} INFO - DAG(s) 'example_short_circuit_operator' retrieved from /home/airflow/.local/lib/python3.8/site-packages/airflow/example_dags/example_short_circuit_operator.py
[2025-04-13T19:02:29.170+0000] {logging_mixin.py:188} INFO - [2025-04-13T19:02:29.170+0000] {dag.py:3036} INFO - Sync 1 DAGs
[2025-04-13T19:02:29.204+0000] {logging_mixin.py:188} INFO - [2025-04-13T19:02:29.204+0000] {dag.py:3823} INFO - Setting next_dagrun for example_short_circuit_operator to 2025-04-12 00:00:00+00:00, run_after=2025-04-13 00:00:00+00:00
[2025-04-13T19:02:29.235+0000] {processor.py:183} INFO - Processing /home/airflow/.local/lib/python3.8/site-packages/airflow/example_dags/example_short_circuit_operator.py took 0.129 seconds
[2025-04-13T19:03:02.103+0000] {processor.py:161} INFO - Started process (PID=12951) to work on /home/airflow/.local/lib/python3.8/site-packages/airflow/example_dags/example_short_circuit_operator.py
[2025-04-13T19:03:02.105+0000] {processor.py:830} INFO - Processing file /home/airflow/.local/lib/python3.8/site-packages/airflow/example_dags/example_short_circuit_operator.py for tasks to queue
[2025-04-13T19:03:02.107+0000] {logging_mixin.py:188} INFO - [2025-04-13T19:03:02.107+0000] {dagbag.py:538} INFO - Filling up the DagBag from /home/airflow/.local/lib/python3.8/site-packages/airflow/example_dags/example_short_circuit_operator.py
[2025-04-13T19:03:02.115+0000] {processor.py:840} INFO - DAG(s) 'example_short_circuit_operator' retrieved from /home/airflow/.local/lib/python3.8/site-packages/airflow/example_dags/example_short_circuit_operator.py
[2025-04-13T19:03:02.146+0000] {logging_mixin.py:188} INFO - [2025-04-13T19:03:02.145+0000] {dag.py:3036} INFO - Sync 1 DAGs
[2025-04-13T19:03:02.179+0000] {logging_mixin.py:188} INFO - [2025-04-13T19:03:02.178+0000] {dag.py:3823} INFO - Setting next_dagrun for example_short_circuit_operator to 2025-04-12 00:00:00+00:00, run_after=2025-04-13 00:00:00+00:00
[2025-04-13T19:03:02.237+0000] {processor.py:183} INFO - Processing /home/airflow/.local/lib/python3.8/site-packages/airflow/example_dags/example_short_circuit_operator.py took 0.138 seconds
[2025-04-13T19:03:37.304+0000] {processor.py:161} INFO - Started process (PID=13008) to work on /home/airflow/.local/lib/python3.8/site-packages/airflow/example_dags/example_short_circuit_operator.py
[2025-04-13T19:03:37.305+0000] {processor.py:830} INFO - Processing file /home/airflow/.local/lib/python3.8/site-packages/airflow/example_dags/example_short_circuit_operator.py for tasks to queue
[2025-04-13T19:03:37.307+0000] {logging_mixin.py:188} INFO - [2025-04-13T19:03:37.307+0000] {dagbag.py:538} INFO - Filling up the DagBag from /home/airflow/.local/lib/python3.8/site-packages/airflow/example_dags/example_short_circuit_operator.py
[2025-04-13T19:03:37.320+0000] {processor.py:840} INFO - DAG(s) 'example_short_circuit_operator' retrieved from /home/airflow/.local/lib/python3.8/site-packages/airflow/example_dags/example_short_circuit_operator.py
[2025-04-13T19:03:37.360+0000] {logging_mixin.py:188} INFO - [2025-04-13T19:03:37.359+0000] {dag.py:3036} INFO - Sync 1 DAGs
[2025-04-13T19:03:37.410+0000] {logging_mixin.py:188} INFO - [2025-04-13T19:03:37.409+0000] {dag.py:3823} INFO - Setting next_dagrun for example_short_circuit_operator to 2025-04-12 00:00:00+00:00, run_after=2025-04-13 00:00:00+00:00
[2025-04-13T19:03:37.450+0000] {processor.py:183} INFO - Processing /home/airflow/.local/lib/python3.8/site-packages/airflow/example_dags/example_short_circuit_operator.py took 0.150 seconds
[2025-04-13T19:04:10.016+0000] {processor.py:161} INFO - Started process (PID=13064) to work on /home/airflow/.local/lib/python3.8/site-packages/airflow/example_dags/example_short_circuit_operator.py
[2025-04-13T19:04:10.018+0000] {processor.py:830} INFO - Processing file /home/airflow/.local/lib/python3.8/site-packages/airflow/example_dags/example_short_circuit_operator.py for tasks to queue
[2025-04-13T19:04:10.022+0000] {logging_mixin.py:188} INFO - [2025-04-13T19:04:10.021+0000] {dagbag.py:538} INFO - Filling up the DagBag from /home/airflow/.local/lib/python3.8/site-packages/airflow/example_dags/example_short_circuit_operator.py
[2025-04-13T19:04:10.031+0000] {processor.py:840} INFO - DAG(s) 'example_short_circuit_operator' retrieved from /home/airflow/.local/lib/python3.8/site-packages/airflow/example_dags/example_short_circuit_operator.py
[2025-04-13T19:04:10.107+0000] {logging_mixin.py:188} INFO - [2025-04-13T19:04:10.107+0000] {dag.py:3036} INFO - Sync 1 DAGs
[2025-04-13T19:04:10.191+0000] {logging_mixin.py:188} INFO - [2025-04-13T19:04:10.191+0000] {dag.py:3823} INFO - Setting next_dagrun for example_short_circuit_operator to 2025-04-12 00:00:00+00:00, run_after=2025-04-13 00:00:00+00:00
[2025-04-13T19:04:10.235+0000] {processor.py:183} INFO - Processing /home/airflow/.local/lib/python3.8/site-packages/airflow/example_dags/example_short_circuit_operator.py took 0.223 seconds
[2025-04-13T19:04:42.012+0000] {processor.py:161} INFO - Started process (PID=13121) to work on /home/airflow/.local/lib/python3.8/site-packages/airflow/example_dags/example_short_circuit_operator.py
[2025-04-13T19:04:42.013+0000] {processor.py:830} INFO - Processing file /home/airflow/.local/lib/python3.8/site-packages/airflow/example_dags/example_short_circuit_operator.py for tasks to queue
[2025-04-13T19:04:42.015+0000] {logging_mixin.py:188} INFO - [2025-04-13T19:04:42.015+0000] {dagbag.py:538} INFO - Filling up the DagBag from /home/airflow/.local/lib/python3.8/site-packages/airflow/example_dags/example_short_circuit_operator.py
[2025-04-13T19:04:42.024+0000] {processor.py:840} INFO - DAG(s) 'example_short_circuit_operator' retrieved from /home/airflow/.local/lib/python3.8/site-packages/airflow/example_dags/example_short_circuit_operator.py
[2025-04-13T19:04:42.055+0000] {logging_mixin.py:188} INFO - [2025-04-13T19:04:42.054+0000] {dag.py:3036} INFO - Sync 1 DAGs
[2025-04-13T19:04:42.101+0000] {logging_mixin.py:188} INFO - [2025-04-13T19:04:42.101+0000] {dag.py:3823} INFO - Setting next_dagrun for example_short_circuit_operator to 2025-04-12 00:00:00+00:00, run_after=2025-04-13 00:00:00+00:00
[2025-04-13T19:04:42.133+0000] {processor.py:183} INFO - Processing /home/airflow/.local/lib/python3.8/site-packages/airflow/example_dags/example_short_circuit_operator.py took 0.126 seconds
[2025-04-13T19:05:16.482+0000] {processor.py:161} INFO - Started process (PID=13177) to work on /home/airflow/.local/lib/python3.8/site-packages/airflow/example_dags/example_short_circuit_operator.py
[2025-04-13T19:05:16.484+0000] {processor.py:830} INFO - Processing file /home/airflow/.local/lib/python3.8/site-packages/airflow/example_dags/example_short_circuit_operator.py for tasks to queue
[2025-04-13T19:05:16.490+0000] {logging_mixin.py:188} INFO - [2025-04-13T19:05:16.487+0000] {dagbag.py:538} INFO - Filling up the DagBag from /home/airflow/.local/lib/python3.8/site-packages/airflow/example_dags/example_short_circuit_operator.py
[2025-04-13T19:05:16.510+0000] {processor.py:840} INFO - DAG(s) 'example_short_circuit_operator' retrieved from /home/airflow/.local/lib/python3.8/site-packages/airflow/example_dags/example_short_circuit_operator.py
[2025-04-13T19:05:16.552+0000] {logging_mixin.py:188} INFO - [2025-04-13T19:05:16.551+0000] {dag.py:3036} INFO - Sync 1 DAGs
[2025-04-13T19:05:16.619+0000] {logging_mixin.py:188} INFO - [2025-04-13T19:05:16.619+0000] {dag.py:3823} INFO - Setting next_dagrun for example_short_circuit_operator to 2025-04-12 00:00:00+00:00, run_after=2025-04-13 00:00:00+00:00
[2025-04-13T19:05:16.691+0000] {processor.py:183} INFO - Processing /home/airflow/.local/lib/python3.8/site-packages/airflow/example_dags/example_short_circuit_operator.py took 0.214 seconds
[2025-04-13T19:05:51.485+0000] {processor.py:161} INFO - Started process (PID=13233) to work on /home/airflow/.local/lib/python3.8/site-packages/airflow/example_dags/example_short_circuit_operator.py
[2025-04-13T19:05:51.504+0000] {processor.py:830} INFO - Processing file /home/airflow/.local/lib/python3.8/site-packages/airflow/example_dags/example_short_circuit_operator.py for tasks to queue
[2025-04-13T19:05:51.511+0000] {logging_mixin.py:188} INFO - [2025-04-13T19:05:51.511+0000] {dagbag.py:538} INFO - Filling up the DagBag from /home/airflow/.local/lib/python3.8/site-packages/airflow/example_dags/example_short_circuit_operator.py
[2025-04-13T19:05:51.530+0000] {processor.py:840} INFO - DAG(s) 'example_short_circuit_operator' retrieved from /home/airflow/.local/lib/python3.8/site-packages/airflow/example_dags/example_short_circuit_operator.py
[2025-04-13T19:05:51.729+0000] {logging_mixin.py:188} INFO - [2025-04-13T19:05:51.728+0000] {dag.py:3036} INFO - Sync 1 DAGs
[2025-04-13T19:05:51.855+0000] {logging_mixin.py:188} INFO - [2025-04-13T19:05:51.855+0000] {dag.py:3823} INFO - Setting next_dagrun for example_short_circuit_operator to 2025-04-12 00:00:00+00:00, run_after=2025-04-13 00:00:00+00:00
[2025-04-13T19:05:51.925+0000] {processor.py:183} INFO - Processing /home/airflow/.local/lib/python3.8/site-packages/airflow/example_dags/example_short_circuit_operator.py took 0.444 seconds
[2025-04-13T19:06:22.539+0000] {processor.py:161} INFO - Started process (PID=13289) to work on /home/airflow/.local/lib/python3.8/site-packages/airflow/example_dags/example_short_circuit_operator.py
[2025-04-13T19:06:22.541+0000] {processor.py:830} INFO - Processing file /home/airflow/.local/lib/python3.8/site-packages/airflow/example_dags/example_short_circuit_operator.py for tasks to queue
[2025-04-13T19:06:22.544+0000] {logging_mixin.py:188} INFO - [2025-04-13T19:06:22.543+0000] {dagbag.py:538} INFO - Filling up the DagBag from /home/airflow/.local/lib/python3.8/site-packages/airflow/example_dags/example_short_circuit_operator.py
[2025-04-13T19:06:22.552+0000] {processor.py:840} INFO - DAG(s) 'example_short_circuit_operator' retrieved from /home/airflow/.local/lib/python3.8/site-packages/airflow/example_dags/example_short_circuit_operator.py
[2025-04-13T19:06:22.586+0000] {logging_mixin.py:188} INFO - [2025-04-13T19:06:22.585+0000] {dag.py:3036} INFO - Sync 1 DAGs
[2025-04-13T19:06:22.620+0000] {logging_mixin.py:188} INFO - [2025-04-13T19:06:22.619+0000] {dag.py:3823} INFO - Setting next_dagrun for example_short_circuit_operator to 2025-04-12 00:00:00+00:00, run_after=2025-04-13 00:00:00+00:00
[2025-04-13T19:06:22.653+0000] {processor.py:183} INFO - Processing /home/airflow/.local/lib/python3.8/site-packages/airflow/example_dags/example_short_circuit_operator.py took 0.117 seconds
[2025-04-13T19:06:56.780+0000] {processor.py:161} INFO - Started process (PID=13344) to work on /home/airflow/.local/lib/python3.8/site-packages/airflow/example_dags/example_short_circuit_operator.py
[2025-04-13T19:06:56.788+0000] {processor.py:830} INFO - Processing file /home/airflow/.local/lib/python3.8/site-packages/airflow/example_dags/example_short_circuit_operator.py for tasks to queue
[2025-04-13T19:06:56.793+0000] {logging_mixin.py:188} INFO - [2025-04-13T19:06:56.793+0000] {dagbag.py:538} INFO - Filling up the DagBag from /home/airflow/.local/lib/python3.8/site-packages/airflow/example_dags/example_short_circuit_operator.py
[2025-04-13T19:06:56.809+0000] {processor.py:840} INFO - DAG(s) 'example_short_circuit_operator' retrieved from /home/airflow/.local/lib/python3.8/site-packages/airflow/example_dags/example_short_circuit_operator.py
[2025-04-13T19:06:56.890+0000] {logging_mixin.py:188} INFO - [2025-04-13T19:06:56.880+0000] {dag.py:3036} INFO - Sync 1 DAGs
[2025-04-13T19:06:56.953+0000] {logging_mixin.py:188} INFO - [2025-04-13T19:06:56.953+0000] {dag.py:3823} INFO - Setting next_dagrun for example_short_circuit_operator to 2025-04-12 00:00:00+00:00, run_after=2025-04-13 00:00:00+00:00
[2025-04-13T19:06:56.990+0000] {processor.py:183} INFO - Processing /home/airflow/.local/lib/python3.8/site-packages/airflow/example_dags/example_short_circuit_operator.py took 0.215 seconds
[2025-04-13T19:07:29.240+0000] {processor.py:161} INFO - Started process (PID=13400) to work on /home/airflow/.local/lib/python3.8/site-packages/airflow/example_dags/example_short_circuit_operator.py
[2025-04-13T19:07:29.241+0000] {processor.py:830} INFO - Processing file /home/airflow/.local/lib/python3.8/site-packages/airflow/example_dags/example_short_circuit_operator.py for tasks to queue
[2025-04-13T19:07:29.243+0000] {logging_mixin.py:188} INFO - [2025-04-13T19:07:29.242+0000] {dagbag.py:538} INFO - Filling up the DagBag from /home/airflow/.local/lib/python3.8/site-packages/airflow/example_dags/example_short_circuit_operator.py
[2025-04-13T19:07:29.253+0000] {processor.py:840} INFO - DAG(s) 'example_short_circuit_operator' retrieved from /home/airflow/.local/lib/python3.8/site-packages/airflow/example_dags/example_short_circuit_operator.py
[2025-04-13T19:07:29.279+0000] {logging_mixin.py:188} INFO - [2025-04-13T19:07:29.278+0000] {dag.py:3036} INFO - Sync 1 DAGs
[2025-04-13T19:07:29.312+0000] {logging_mixin.py:188} INFO - [2025-04-13T19:07:29.311+0000] {dag.py:3823} INFO - Setting next_dagrun for example_short_circuit_operator to 2025-04-12 00:00:00+00:00, run_after=2025-04-13 00:00:00+00:00
[2025-04-13T19:07:29.378+0000] {processor.py:183} INFO - Processing /home/airflow/.local/lib/python3.8/site-packages/airflow/example_dags/example_short_circuit_operator.py took 0.142 seconds
[2025-04-13T19:08:03.361+0000] {processor.py:161} INFO - Started process (PID=13455) to work on /home/airflow/.local/lib/python3.8/site-packages/airflow/example_dags/example_short_circuit_operator.py
[2025-04-13T19:08:03.363+0000] {processor.py:830} INFO - Processing file /home/airflow/.local/lib/python3.8/site-packages/airflow/example_dags/example_short_circuit_operator.py for tasks to queue
[2025-04-13T19:08:03.367+0000] {logging_mixin.py:188} INFO - [2025-04-13T19:08:03.366+0000] {dagbag.py:538} INFO - Filling up the DagBag from /home/airflow/.local/lib/python3.8/site-packages/airflow/example_dags/example_short_circuit_operator.py
[2025-04-13T19:08:03.396+0000] {processor.py:840} INFO - DAG(s) 'example_short_circuit_operator' retrieved from /home/airflow/.local/lib/python3.8/site-packages/airflow/example_dags/example_short_circuit_operator.py
[2025-04-13T19:08:03.443+0000] {logging_mixin.py:188} INFO - [2025-04-13T19:08:03.439+0000] {dag.py:3036} INFO - Sync 1 DAGs
[2025-04-13T19:08:03.480+0000] {logging_mixin.py:188} INFO - [2025-04-13T19:08:03.480+0000] {dag.py:3823} INFO - Setting next_dagrun for example_short_circuit_operator to 2025-04-12 00:00:00+00:00, run_after=2025-04-13 00:00:00+00:00
[2025-04-13T19:08:03.509+0000] {processor.py:183} INFO - Processing /home/airflow/.local/lib/python3.8/site-packages/airflow/example_dags/example_short_circuit_operator.py took 0.154 seconds
[2025-04-13T19:08:35.081+0000] {processor.py:161} INFO - Started process (PID=13511) to work on /home/airflow/.local/lib/python3.8/site-packages/airflow/example_dags/example_short_circuit_operator.py
[2025-04-13T19:08:35.082+0000] {processor.py:830} INFO - Processing file /home/airflow/.local/lib/python3.8/site-packages/airflow/example_dags/example_short_circuit_operator.py for tasks to queue
[2025-04-13T19:08:35.085+0000] {logging_mixin.py:188} INFO - [2025-04-13T19:08:35.085+0000] {dagbag.py:538} INFO - Filling up the DagBag from /home/airflow/.local/lib/python3.8/site-packages/airflow/example_dags/example_short_circuit_operator.py
[2025-04-13T19:08:35.093+0000] {processor.py:840} INFO - DAG(s) 'example_short_circuit_operator' retrieved from /home/airflow/.local/lib/python3.8/site-packages/airflow/example_dags/example_short_circuit_operator.py
[2025-04-13T19:08:35.123+0000] {logging_mixin.py:188} INFO - [2025-04-13T19:08:35.122+0000] {dag.py:3036} INFO - Sync 1 DAGs
[2025-04-13T19:08:35.157+0000] {logging_mixin.py:188} INFO - [2025-04-13T19:08:35.157+0000] {dag.py:3823} INFO - Setting next_dagrun for example_short_circuit_operator to 2025-04-12 00:00:00+00:00, run_after=2025-04-13 00:00:00+00:00
[2025-04-13T19:08:35.178+0000] {processor.py:183} INFO - Processing /home/airflow/.local/lib/python3.8/site-packages/airflow/example_dags/example_short_circuit_operator.py took 0.101 seconds
[2025-04-13T19:09:08.753+0000] {processor.py:161} INFO - Started process (PID=13567) to work on /home/airflow/.local/lib/python3.8/site-packages/airflow/example_dags/example_short_circuit_operator.py
[2025-04-13T19:09:08.755+0000] {processor.py:830} INFO - Processing file /home/airflow/.local/lib/python3.8/site-packages/airflow/example_dags/example_short_circuit_operator.py for tasks to queue
[2025-04-13T19:09:08.762+0000] {logging_mixin.py:188} INFO - [2025-04-13T19:09:08.761+0000] {dagbag.py:538} INFO - Filling up the DagBag from /home/airflow/.local/lib/python3.8/site-packages/airflow/example_dags/example_short_circuit_operator.py
[2025-04-13T19:09:08.775+0000] {processor.py:840} INFO - DAG(s) 'example_short_circuit_operator' retrieved from /home/airflow/.local/lib/python3.8/site-packages/airflow/example_dags/example_short_circuit_operator.py
[2025-04-13T19:09:08.815+0000] {logging_mixin.py:188} INFO - [2025-04-13T19:09:08.814+0000] {dag.py:3036} INFO - Sync 1 DAGs
[2025-04-13T19:09:08.857+0000] {logging_mixin.py:188} INFO - [2025-04-13T19:09:08.857+0000] {dag.py:3823} INFO - Setting next_dagrun for example_short_circuit_operator to 2025-04-12 00:00:00+00:00, run_after=2025-04-13 00:00:00+00:00
[2025-04-13T19:09:08.884+0000] {processor.py:183} INFO - Processing /home/airflow/.local/lib/python3.8/site-packages/airflow/example_dags/example_short_circuit_operator.py took 0.135 seconds
[2025-04-13T19:09:42.060+0000] {processor.py:161} INFO - Started process (PID=13623) to work on /home/airflow/.local/lib/python3.8/site-packages/airflow/example_dags/example_short_circuit_operator.py
[2025-04-13T19:09:42.062+0000] {processor.py:830} INFO - Processing file /home/airflow/.local/lib/python3.8/site-packages/airflow/example_dags/example_short_circuit_operator.py for tasks to queue
[2025-04-13T19:09:42.065+0000] {logging_mixin.py:188} INFO - [2025-04-13T19:09:42.065+0000] {dagbag.py:538} INFO - Filling up the DagBag from /home/airflow/.local/lib/python3.8/site-packages/airflow/example_dags/example_short_circuit_operator.py
[2025-04-13T19:09:42.083+0000] {processor.py:840} INFO - DAG(s) 'example_short_circuit_operator' retrieved from /home/airflow/.local/lib/python3.8/site-packages/airflow/example_dags/example_short_circuit_operator.py
[2025-04-13T19:09:42.123+0000] {logging_mixin.py:188} INFO - [2025-04-13T19:09:42.122+0000] {dag.py:3036} INFO - Sync 1 DAGs
[2025-04-13T19:09:42.163+0000] {logging_mixin.py:188} INFO - [2025-04-13T19:09:42.162+0000] {dag.py:3823} INFO - Setting next_dagrun for example_short_circuit_operator to 2025-04-12 00:00:00+00:00, run_after=2025-04-13 00:00:00+00:00
[2025-04-13T19:09:42.193+0000] {processor.py:183} INFO - Processing /home/airflow/.local/lib/python3.8/site-packages/airflow/example_dags/example_short_circuit_operator.py took 0.144 seconds
[2025-04-13T19:10:16.850+0000] {processor.py:161} INFO - Started process (PID=13679) to work on /home/airflow/.local/lib/python3.8/site-packages/airflow/example_dags/example_short_circuit_operator.py
[2025-04-13T19:10:16.851+0000] {processor.py:830} INFO - Processing file /home/airflow/.local/lib/python3.8/site-packages/airflow/example_dags/example_short_circuit_operator.py for tasks to queue
[2025-04-13T19:10:16.854+0000] {logging_mixin.py:188} INFO - [2025-04-13T19:10:16.854+0000] {dagbag.py:538} INFO - Filling up the DagBag from /home/airflow/.local/lib/python3.8/site-packages/airflow/example_dags/example_short_circuit_operator.py
[2025-04-13T19:10:16.863+0000] {processor.py:840} INFO - DAG(s) 'example_short_circuit_operator' retrieved from /home/airflow/.local/lib/python3.8/site-packages/airflow/example_dags/example_short_circuit_operator.py
[2025-04-13T19:10:16.897+0000] {logging_mixin.py:188} INFO - [2025-04-13T19:10:16.896+0000] {dag.py:3036} INFO - Sync 1 DAGs
[2025-04-13T19:10:16.931+0000] {logging_mixin.py:188} INFO - [2025-04-13T19:10:16.931+0000] {dag.py:3823} INFO - Setting next_dagrun for example_short_circuit_operator to 2025-04-12 00:00:00+00:00, run_after=2025-04-13 00:00:00+00:00
[2025-04-13T19:10:16.957+0000] {processor.py:183} INFO - Processing /home/airflow/.local/lib/python3.8/site-packages/airflow/example_dags/example_short_circuit_operator.py took 0.112 seconds
[2025-04-13T19:10:50.099+0000] {processor.py:161} INFO - Started process (PID=13735) to work on /home/airflow/.local/lib/python3.8/site-packages/airflow/example_dags/example_short_circuit_operator.py
[2025-04-13T19:10:50.101+0000] {processor.py:830} INFO - Processing file /home/airflow/.local/lib/python3.8/site-packages/airflow/example_dags/example_short_circuit_operator.py for tasks to queue
[2025-04-13T19:10:50.104+0000] {logging_mixin.py:188} INFO - [2025-04-13T19:10:50.104+0000] {dagbag.py:538} INFO - Filling up the DagBag from /home/airflow/.local/lib/python3.8/site-packages/airflow/example_dags/example_short_circuit_operator.py
[2025-04-13T19:10:50.121+0000] {processor.py:840} INFO - DAG(s) 'example_short_circuit_operator' retrieved from /home/airflow/.local/lib/python3.8/site-packages/airflow/example_dags/example_short_circuit_operator.py
[2025-04-13T19:10:50.171+0000] {logging_mixin.py:188} INFO - [2025-04-13T19:10:50.170+0000] {dag.py:3036} INFO - Sync 1 DAGs
[2025-04-13T19:10:50.272+0000] {logging_mixin.py:188} INFO - [2025-04-13T19:10:50.271+0000] {dag.py:3823} INFO - Setting next_dagrun for example_short_circuit_operator to 2025-04-12 00:00:00+00:00, run_after=2025-04-13 00:00:00+00:00
[2025-04-13T19:10:50.455+0000] {processor.py:183} INFO - Processing /home/airflow/.local/lib/python3.8/site-packages/airflow/example_dags/example_short_circuit_operator.py took 0.361 seconds
[2025-04-13T19:11:22.410+0000] {processor.py:161} INFO - Started process (PID=13791) to work on /home/airflow/.local/lib/python3.8/site-packages/airflow/example_dags/example_short_circuit_operator.py
[2025-04-13T19:11:22.420+0000] {processor.py:830} INFO - Processing file /home/airflow/.local/lib/python3.8/site-packages/airflow/example_dags/example_short_circuit_operator.py for tasks to queue
[2025-04-13T19:11:22.424+0000] {logging_mixin.py:188} INFO - [2025-04-13T19:11:22.424+0000] {dagbag.py:538} INFO - Filling up the DagBag from /home/airflow/.local/lib/python3.8/site-packages/airflow/example_dags/example_short_circuit_operator.py
[2025-04-13T19:11:22.438+0000] {processor.py:840} INFO - DAG(s) 'example_short_circuit_operator' retrieved from /home/airflow/.local/lib/python3.8/site-packages/airflow/example_dags/example_short_circuit_operator.py
[2025-04-13T19:11:22.471+0000] {logging_mixin.py:188} INFO - [2025-04-13T19:11:22.471+0000] {dag.py:3036} INFO - Sync 1 DAGs
[2025-04-13T19:11:22.502+0000] {logging_mixin.py:188} INFO - [2025-04-13T19:11:22.501+0000] {dag.py:3823} INFO - Setting next_dagrun for example_short_circuit_operator to 2025-04-12 00:00:00+00:00, run_after=2025-04-13 00:00:00+00:00
[2025-04-13T19:11:22.528+0000] {processor.py:183} INFO - Processing /home/airflow/.local/lib/python3.8/site-packages/airflow/example_dags/example_short_circuit_operator.py took 0.128 seconds
[2025-04-13T19:11:57.760+0000] {processor.py:161} INFO - Started process (PID=13847) to work on /home/airflow/.local/lib/python3.8/site-packages/airflow/example_dags/example_short_circuit_operator.py
[2025-04-13T19:11:57.766+0000] {processor.py:830} INFO - Processing file /home/airflow/.local/lib/python3.8/site-packages/airflow/example_dags/example_short_circuit_operator.py for tasks to queue
[2025-04-13T19:11:57.771+0000] {logging_mixin.py:188} INFO - [2025-04-13T19:11:57.770+0000] {dagbag.py:538} INFO - Filling up the DagBag from /home/airflow/.local/lib/python3.8/site-packages/airflow/example_dags/example_short_circuit_operator.py
[2025-04-13T19:11:57.789+0000] {processor.py:840} INFO - DAG(s) 'example_short_circuit_operator' retrieved from /home/airflow/.local/lib/python3.8/site-packages/airflow/example_dags/example_short_circuit_operator.py
[2025-04-13T19:11:57.879+0000] {logging_mixin.py:188} INFO - [2025-04-13T19:11:57.879+0000] {dag.py:3036} INFO - Sync 1 DAGs
[2025-04-13T19:11:57.945+0000] {logging_mixin.py:188} INFO - [2025-04-13T19:11:57.944+0000] {dag.py:3823} INFO - Setting next_dagrun for example_short_circuit_operator to 2025-04-12 00:00:00+00:00, run_after=2025-04-13 00:00:00+00:00
[2025-04-13T19:11:57.970+0000] {processor.py:183} INFO - Processing /home/airflow/.local/lib/python3.8/site-packages/airflow/example_dags/example_short_circuit_operator.py took 0.214 seconds
[2025-04-13T19:12:28.783+0000] {processor.py:161} INFO - Started process (PID=13903) to work on /home/airflow/.local/lib/python3.8/site-packages/airflow/example_dags/example_short_circuit_operator.py
[2025-04-13T19:12:28.784+0000] {processor.py:830} INFO - Processing file /home/airflow/.local/lib/python3.8/site-packages/airflow/example_dags/example_short_circuit_operator.py for tasks to queue
[2025-04-13T19:12:28.787+0000] {logging_mixin.py:188} INFO - [2025-04-13T19:12:28.787+0000] {dagbag.py:538} INFO - Filling up the DagBag from /home/airflow/.local/lib/python3.8/site-packages/airflow/example_dags/example_short_circuit_operator.py
[2025-04-13T19:12:28.799+0000] {processor.py:840} INFO - DAG(s) 'example_short_circuit_operator' retrieved from /home/airflow/.local/lib/python3.8/site-packages/airflow/example_dags/example_short_circuit_operator.py
[2025-04-13T19:12:28.859+0000] {logging_mixin.py:188} INFO - [2025-04-13T19:12:28.858+0000] {dag.py:3036} INFO - Sync 1 DAGs
[2025-04-13T19:12:28.927+0000] {logging_mixin.py:188} INFO - [2025-04-13T19:12:28.927+0000] {dag.py:3823} INFO - Setting next_dagrun for example_short_circuit_operator to 2025-04-12 00:00:00+00:00, run_after=2025-04-13 00:00:00+00:00
[2025-04-13T19:12:29.011+0000] {processor.py:183} INFO - Processing /home/airflow/.local/lib/python3.8/site-packages/airflow/example_dags/example_short_circuit_operator.py took 0.231 seconds
[2025-04-13T19:13:01.512+0000] {processor.py:161} INFO - Started process (PID=13959) to work on /home/airflow/.local/lib/python3.8/site-packages/airflow/example_dags/example_short_circuit_operator.py
[2025-04-13T19:13:01.514+0000] {processor.py:830} INFO - Processing file /home/airflow/.local/lib/python3.8/site-packages/airflow/example_dags/example_short_circuit_operator.py for tasks to queue
[2025-04-13T19:13:01.516+0000] {logging_mixin.py:188} INFO - [2025-04-13T19:13:01.515+0000] {dagbag.py:538} INFO - Filling up the DagBag from /home/airflow/.local/lib/python3.8/site-packages/airflow/example_dags/example_short_circuit_operator.py
[2025-04-13T19:13:01.525+0000] {processor.py:840} INFO - DAG(s) 'example_short_circuit_operator' retrieved from /home/airflow/.local/lib/python3.8/site-packages/airflow/example_dags/example_short_circuit_operator.py
[2025-04-13T19:13:01.561+0000] {logging_mixin.py:188} INFO - [2025-04-13T19:13:01.561+0000] {dag.py:3036} INFO - Sync 1 DAGs
[2025-04-13T19:13:01.597+0000] {logging_mixin.py:188} INFO - [2025-04-13T19:13:01.597+0000] {dag.py:3823} INFO - Setting next_dagrun for example_short_circuit_operator to 2025-04-12 00:00:00+00:00, run_after=2025-04-13 00:00:00+00:00
[2025-04-13T19:13:01.644+0000] {processor.py:183} INFO - Processing /home/airflow/.local/lib/python3.8/site-packages/airflow/example_dags/example_short_circuit_operator.py took 0.136 seconds
[2025-04-13T19:13:34.695+0000] {processor.py:161} INFO - Started process (PID=14015) to work on /home/airflow/.local/lib/python3.8/site-packages/airflow/example_dags/example_short_circuit_operator.py
[2025-04-13T19:13:34.696+0000] {processor.py:830} INFO - Processing file /home/airflow/.local/lib/python3.8/site-packages/airflow/example_dags/example_short_circuit_operator.py for tasks to queue
[2025-04-13T19:13:34.699+0000] {logging_mixin.py:188} INFO - [2025-04-13T19:13:34.698+0000] {dagbag.py:538} INFO - Filling up the DagBag from /home/airflow/.local/lib/python3.8/site-packages/airflow/example_dags/example_short_circuit_operator.py
[2025-04-13T19:13:34.707+0000] {processor.py:840} INFO - DAG(s) 'example_short_circuit_operator' retrieved from /home/airflow/.local/lib/python3.8/site-packages/airflow/example_dags/example_short_circuit_operator.py
[2025-04-13T19:13:34.734+0000] {logging_mixin.py:188} INFO - [2025-04-13T19:13:34.733+0000] {dag.py:3036} INFO - Sync 1 DAGs
[2025-04-13T19:13:34.759+0000] {logging_mixin.py:188} INFO - [2025-04-13T19:13:34.758+0000] {dag.py:3823} INFO - Setting next_dagrun for example_short_circuit_operator to 2025-04-12 00:00:00+00:00, run_after=2025-04-13 00:00:00+00:00
[2025-04-13T19:13:34.806+0000] {processor.py:183} INFO - Processing /home/airflow/.local/lib/python3.8/site-packages/airflow/example_dags/example_short_circuit_operator.py took 0.114 seconds
[2025-04-13T19:14:07.855+0000] {processor.py:161} INFO - Started process (PID=14071) to work on /home/airflow/.local/lib/python3.8/site-packages/airflow/example_dags/example_short_circuit_operator.py
[2025-04-13T19:14:07.856+0000] {processor.py:830} INFO - Processing file /home/airflow/.local/lib/python3.8/site-packages/airflow/example_dags/example_short_circuit_operator.py for tasks to queue
[2025-04-13T19:14:07.858+0000] {logging_mixin.py:188} INFO - [2025-04-13T19:14:07.858+0000] {dagbag.py:538} INFO - Filling up the DagBag from /home/airflow/.local/lib/python3.8/site-packages/airflow/example_dags/example_short_circuit_operator.py
[2025-04-13T19:14:07.867+0000] {processor.py:840} INFO - DAG(s) 'example_short_circuit_operator' retrieved from /home/airflow/.local/lib/python3.8/site-packages/airflow/example_dags/example_short_circuit_operator.py
[2025-04-13T19:14:07.894+0000] {logging_mixin.py:188} INFO - [2025-04-13T19:14:07.894+0000] {dag.py:3036} INFO - Sync 1 DAGs
[2025-04-13T19:14:07.923+0000] {logging_mixin.py:188} INFO - [2025-04-13T19:14:07.923+0000] {dag.py:3823} INFO - Setting next_dagrun for example_short_circuit_operator to 2025-04-12 00:00:00+00:00, run_after=2025-04-13 00:00:00+00:00
[2025-04-13T19:14:07.950+0000] {processor.py:183} INFO - Processing /home/airflow/.local/lib/python3.8/site-packages/airflow/example_dags/example_short_circuit_operator.py took 0.098 seconds
[2025-04-13T19:14:41.565+0000] {processor.py:161} INFO - Started process (PID=14126) to work on /home/airflow/.local/lib/python3.8/site-packages/airflow/example_dags/example_short_circuit_operator.py
[2025-04-13T19:14:41.566+0000] {processor.py:830} INFO - Processing file /home/airflow/.local/lib/python3.8/site-packages/airflow/example_dags/example_short_circuit_operator.py for tasks to queue
[2025-04-13T19:14:41.568+0000] {logging_mixin.py:188} INFO - [2025-04-13T19:14:41.567+0000] {dagbag.py:538} INFO - Filling up the DagBag from /home/airflow/.local/lib/python3.8/site-packages/airflow/example_dags/example_short_circuit_operator.py
[2025-04-13T19:14:41.580+0000] {processor.py:840} INFO - DAG(s) 'example_short_circuit_operator' retrieved from /home/airflow/.local/lib/python3.8/site-packages/airflow/example_dags/example_short_circuit_operator.py
[2025-04-13T19:14:41.631+0000] {logging_mixin.py:188} INFO - [2025-04-13T19:14:41.630+0000] {dag.py:3036} INFO - Sync 1 DAGs
[2025-04-13T19:14:41.681+0000] {logging_mixin.py:188} INFO - [2025-04-13T19:14:41.681+0000] {dag.py:3823} INFO - Setting next_dagrun for example_short_circuit_operator to 2025-04-12 00:00:00+00:00, run_after=2025-04-13 00:00:00+00:00
[2025-04-13T19:14:41.730+0000] {processor.py:183} INFO - Processing /home/airflow/.local/lib/python3.8/site-packages/airflow/example_dags/example_short_circuit_operator.py took 0.171 seconds
[2025-04-13T19:15:16.714+0000] {processor.py:161} INFO - Started process (PID=14182) to work on /home/airflow/.local/lib/python3.8/site-packages/airflow/example_dags/example_short_circuit_operator.py
[2025-04-13T19:15:16.715+0000] {processor.py:830} INFO - Processing file /home/airflow/.local/lib/python3.8/site-packages/airflow/example_dags/example_short_circuit_operator.py for tasks to queue
[2025-04-13T19:15:16.718+0000] {logging_mixin.py:188} INFO - [2025-04-13T19:15:16.717+0000] {dagbag.py:538} INFO - Filling up the DagBag from /home/airflow/.local/lib/python3.8/site-packages/airflow/example_dags/example_short_circuit_operator.py
[2025-04-13T19:15:16.731+0000] {processor.py:840} INFO - DAG(s) 'example_short_circuit_operator' retrieved from /home/airflow/.local/lib/python3.8/site-packages/airflow/example_dags/example_short_circuit_operator.py
[2025-04-13T19:15:16.762+0000] {logging_mixin.py:188} INFO - [2025-04-13T19:15:16.762+0000] {dag.py:3036} INFO - Sync 1 DAGs
[2025-04-13T19:15:16.797+0000] {logging_mixin.py:188} INFO - [2025-04-13T19:15:16.797+0000] {dag.py:3823} INFO - Setting next_dagrun for example_short_circuit_operator to 2025-04-12 00:00:00+00:00, run_after=2025-04-13 00:00:00+00:00
[2025-04-13T19:15:16.825+0000] {processor.py:183} INFO - Processing /home/airflow/.local/lib/python3.8/site-packages/airflow/example_dags/example_short_circuit_operator.py took 0.117 seconds
[2025-04-13T19:15:51.116+0000] {processor.py:161} INFO - Started process (PID=14238) to work on /home/airflow/.local/lib/python3.8/site-packages/airflow/example_dags/example_short_circuit_operator.py
[2025-04-13T19:15:51.117+0000] {processor.py:830} INFO - Processing file /home/airflow/.local/lib/python3.8/site-packages/airflow/example_dags/example_short_circuit_operator.py for tasks to queue
[2025-04-13T19:15:51.120+0000] {logging_mixin.py:188} INFO - [2025-04-13T19:15:51.119+0000] {dagbag.py:538} INFO - Filling up the DagBag from /home/airflow/.local/lib/python3.8/site-packages/airflow/example_dags/example_short_circuit_operator.py
[2025-04-13T19:15:51.131+0000] {processor.py:840} INFO - DAG(s) 'example_short_circuit_operator' retrieved from /home/airflow/.local/lib/python3.8/site-packages/airflow/example_dags/example_short_circuit_operator.py
[2025-04-13T19:15:51.162+0000] {logging_mixin.py:188} INFO - [2025-04-13T19:15:51.162+0000] {dag.py:3036} INFO - Sync 1 DAGs
[2025-04-13T19:15:51.200+0000] {logging_mixin.py:188} INFO - [2025-04-13T19:15:51.200+0000] {dag.py:3823} INFO - Setting next_dagrun for example_short_circuit_operator to 2025-04-12 00:00:00+00:00, run_after=2025-04-13 00:00:00+00:00
[2025-04-13T19:15:51.229+0000] {processor.py:183} INFO - Processing /home/airflow/.local/lib/python3.8/site-packages/airflow/example_dags/example_short_circuit_operator.py took 0.121 seconds
[2025-04-13T19:16:22.627+0000] {processor.py:161} INFO - Started process (PID=14294) to work on /home/airflow/.local/lib/python3.8/site-packages/airflow/example_dags/example_short_circuit_operator.py
[2025-04-13T19:16:22.629+0000] {processor.py:830} INFO - Processing file /home/airflow/.local/lib/python3.8/site-packages/airflow/example_dags/example_short_circuit_operator.py for tasks to queue
[2025-04-13T19:16:22.631+0000] {logging_mixin.py:188} INFO - [2025-04-13T19:16:22.631+0000] {dagbag.py:538} INFO - Filling up the DagBag from /home/airflow/.local/lib/python3.8/site-packages/airflow/example_dags/example_short_circuit_operator.py
[2025-04-13T19:16:22.642+0000] {processor.py:840} INFO - DAG(s) 'example_short_circuit_operator' retrieved from /home/airflow/.local/lib/python3.8/site-packages/airflow/example_dags/example_short_circuit_operator.py
[2025-04-13T19:16:22.677+0000] {logging_mixin.py:188} INFO - [2025-04-13T19:16:22.676+0000] {dag.py:3036} INFO - Sync 1 DAGs
[2025-04-13T19:16:22.726+0000] {logging_mixin.py:188} INFO - [2025-04-13T19:16:22.726+0000] {dag.py:3823} INFO - Setting next_dagrun for example_short_circuit_operator to 2025-04-12 00:00:00+00:00, run_after=2025-04-13 00:00:00+00:00
[2025-04-13T19:16:22.780+0000] {processor.py:183} INFO - Processing /home/airflow/.local/lib/python3.8/site-packages/airflow/example_dags/example_short_circuit_operator.py took 0.163 seconds
[2025-04-13T19:16:55.363+0000] {processor.py:161} INFO - Started process (PID=14350) to work on /home/airflow/.local/lib/python3.8/site-packages/airflow/example_dags/example_short_circuit_operator.py
[2025-04-13T19:16:55.365+0000] {processor.py:830} INFO - Processing file /home/airflow/.local/lib/python3.8/site-packages/airflow/example_dags/example_short_circuit_operator.py for tasks to queue
[2025-04-13T19:16:55.367+0000] {logging_mixin.py:188} INFO - [2025-04-13T19:16:55.367+0000] {dagbag.py:538} INFO - Filling up the DagBag from /home/airflow/.local/lib/python3.8/site-packages/airflow/example_dags/example_short_circuit_operator.py
[2025-04-13T19:16:55.376+0000] {processor.py:840} INFO - DAG(s) 'example_short_circuit_operator' retrieved from /home/airflow/.local/lib/python3.8/site-packages/airflow/example_dags/example_short_circuit_operator.py
[2025-04-13T19:16:55.403+0000] {logging_mixin.py:188} INFO - [2025-04-13T19:16:55.403+0000] {dag.py:3036} INFO - Sync 1 DAGs
[2025-04-13T19:16:55.431+0000] {logging_mixin.py:188} INFO - [2025-04-13T19:16:55.431+0000] {dag.py:3823} INFO - Setting next_dagrun for example_short_circuit_operator to 2025-04-12 00:00:00+00:00, run_after=2025-04-13 00:00:00+00:00
[2025-04-13T19:16:55.463+0000] {processor.py:183} INFO - Processing /home/airflow/.local/lib/python3.8/site-packages/airflow/example_dags/example_short_circuit_operator.py took 0.103 seconds
[2025-04-13T19:17:28.866+0000] {processor.py:161} INFO - Started process (PID=14406) to work on /home/airflow/.local/lib/python3.8/site-packages/airflow/example_dags/example_short_circuit_operator.py
[2025-04-13T19:17:28.867+0000] {processor.py:830} INFO - Processing file /home/airflow/.local/lib/python3.8/site-packages/airflow/example_dags/example_short_circuit_operator.py for tasks to queue
[2025-04-13T19:17:28.869+0000] {logging_mixin.py:188} INFO - [2025-04-13T19:17:28.869+0000] {dagbag.py:538} INFO - Filling up the DagBag from /home/airflow/.local/lib/python3.8/site-packages/airflow/example_dags/example_short_circuit_operator.py
[2025-04-13T19:17:28.881+0000] {processor.py:840} INFO - DAG(s) 'example_short_circuit_operator' retrieved from /home/airflow/.local/lib/python3.8/site-packages/airflow/example_dags/example_short_circuit_operator.py
[2025-04-13T19:17:28.916+0000] {logging_mixin.py:188} INFO - [2025-04-13T19:17:28.916+0000] {dag.py:3036} INFO - Sync 1 DAGs
[2025-04-13T19:17:28.949+0000] {logging_mixin.py:188} INFO - [2025-04-13T19:17:28.949+0000] {dag.py:3823} INFO - Setting next_dagrun for example_short_circuit_operator to 2025-04-12 00:00:00+00:00, run_after=2025-04-13 00:00:00+00:00
[2025-04-13T19:17:28.985+0000] {processor.py:183} INFO - Processing /home/airflow/.local/lib/python3.8/site-packages/airflow/example_dags/example_short_circuit_operator.py took 0.125 seconds
[2025-04-13T19:18:01.629+0000] {processor.py:161} INFO - Started process (PID=14462) to work on /home/airflow/.local/lib/python3.8/site-packages/airflow/example_dags/example_short_circuit_operator.py
[2025-04-13T19:18:01.630+0000] {processor.py:830} INFO - Processing file /home/airflow/.local/lib/python3.8/site-packages/airflow/example_dags/example_short_circuit_operator.py for tasks to queue
[2025-04-13T19:18:01.633+0000] {logging_mixin.py:188} INFO - [2025-04-13T19:18:01.632+0000] {dagbag.py:538} INFO - Filling up the DagBag from /home/airflow/.local/lib/python3.8/site-packages/airflow/example_dags/example_short_circuit_operator.py
[2025-04-13T19:18:01.644+0000] {processor.py:840} INFO - DAG(s) 'example_short_circuit_operator' retrieved from /home/airflow/.local/lib/python3.8/site-packages/airflow/example_dags/example_short_circuit_operator.py
[2025-04-13T19:18:01.689+0000] {logging_mixin.py:188} INFO - [2025-04-13T19:18:01.688+0000] {dag.py:3036} INFO - Sync 1 DAGs
[2025-04-13T19:18:01.744+0000] {logging_mixin.py:188} INFO - [2025-04-13T19:18:01.744+0000] {dag.py:3823} INFO - Setting next_dagrun for example_short_circuit_operator to 2025-04-12 00:00:00+00:00, run_after=2025-04-13 00:00:00+00:00
[2025-04-13T19:18:01.811+0000] {processor.py:183} INFO - Processing /home/airflow/.local/lib/python3.8/site-packages/airflow/example_dags/example_short_circuit_operator.py took 0.186 seconds
[2025-04-13T19:18:36.080+0000] {processor.py:161} INFO - Started process (PID=14519) to work on /home/airflow/.local/lib/python3.8/site-packages/airflow/example_dags/example_short_circuit_operator.py
[2025-04-13T19:18:36.082+0000] {processor.py:830} INFO - Processing file /home/airflow/.local/lib/python3.8/site-packages/airflow/example_dags/example_short_circuit_operator.py for tasks to queue
[2025-04-13T19:18:36.086+0000] {logging_mixin.py:188} INFO - [2025-04-13T19:18:36.085+0000] {dagbag.py:538} INFO - Filling up the DagBag from /home/airflow/.local/lib/python3.8/site-packages/airflow/example_dags/example_short_circuit_operator.py
[2025-04-13T19:18:36.097+0000] {processor.py:840} INFO - DAG(s) 'example_short_circuit_operator' retrieved from /home/airflow/.local/lib/python3.8/site-packages/airflow/example_dags/example_short_circuit_operator.py
[2025-04-13T19:18:36.134+0000] {logging_mixin.py:188} INFO - [2025-04-13T19:18:36.133+0000] {dag.py:3036} INFO - Sync 1 DAGs
[2025-04-13T19:18:36.177+0000] {logging_mixin.py:188} INFO - [2025-04-13T19:18:36.177+0000] {dag.py:3823} INFO - Setting next_dagrun for example_short_circuit_operator to 2025-04-12 00:00:00+00:00, run_after=2025-04-13 00:00:00+00:00
[2025-04-13T19:18:36.230+0000] {processor.py:183} INFO - Processing /home/airflow/.local/lib/python3.8/site-packages/airflow/example_dags/example_short_circuit_operator.py took 0.156 seconds
[2025-04-13T19:19:09.270+0000] {processor.py:161} INFO - Started process (PID=14577) to work on /home/airflow/.local/lib/python3.8/site-packages/airflow/example_dags/example_short_circuit_operator.py
[2025-04-13T19:19:09.271+0000] {processor.py:830} INFO - Processing file /home/airflow/.local/lib/python3.8/site-packages/airflow/example_dags/example_short_circuit_operator.py for tasks to queue
[2025-04-13T19:19:09.274+0000] {logging_mixin.py:188} INFO - [2025-04-13T19:19:09.273+0000] {dagbag.py:538} INFO - Filling up the DagBag from /home/airflow/.local/lib/python3.8/site-packages/airflow/example_dags/example_short_circuit_operator.py
[2025-04-13T19:19:09.284+0000] {processor.py:840} INFO - DAG(s) 'example_short_circuit_operator' retrieved from /home/airflow/.local/lib/python3.8/site-packages/airflow/example_dags/example_short_circuit_operator.py
[2025-04-13T19:19:09.316+0000] {logging_mixin.py:188} INFO - [2025-04-13T19:19:09.315+0000] {dag.py:3036} INFO - Sync 1 DAGs
[2025-04-13T19:19:09.350+0000] {logging_mixin.py:188} INFO - [2025-04-13T19:19:09.350+0000] {dag.py:3823} INFO - Setting next_dagrun for example_short_circuit_operator to 2025-04-12 00:00:00+00:00, run_after=2025-04-13 00:00:00+00:00
[2025-04-13T19:19:09.390+0000] {processor.py:183} INFO - Processing /home/airflow/.local/lib/python3.8/site-packages/airflow/example_dags/example_short_circuit_operator.py took 0.126 seconds
[2025-04-13T19:19:43.170+0000] {processor.py:161} INFO - Started process (PID=14633) to work on /home/airflow/.local/lib/python3.8/site-packages/airflow/example_dags/example_short_circuit_operator.py
[2025-04-13T19:19:43.172+0000] {processor.py:830} INFO - Processing file /home/airflow/.local/lib/python3.8/site-packages/airflow/example_dags/example_short_circuit_operator.py for tasks to queue
[2025-04-13T19:19:43.175+0000] {logging_mixin.py:188} INFO - [2025-04-13T19:19:43.174+0000] {dagbag.py:538} INFO - Filling up the DagBag from /home/airflow/.local/lib/python3.8/site-packages/airflow/example_dags/example_short_circuit_operator.py
[2025-04-13T19:19:43.190+0000] {processor.py:840} INFO - DAG(s) 'example_short_circuit_operator' retrieved from /home/airflow/.local/lib/python3.8/site-packages/airflow/example_dags/example_short_circuit_operator.py
[2025-04-13T19:19:43.231+0000] {logging_mixin.py:188} INFO - [2025-04-13T19:19:43.230+0000] {dag.py:3036} INFO - Sync 1 DAGs
[2025-04-13T19:19:43.269+0000] {logging_mixin.py:188} INFO - [2025-04-13T19:19:43.268+0000] {dag.py:3823} INFO - Setting next_dagrun for example_short_circuit_operator to 2025-04-12 00:00:00+00:00, run_after=2025-04-13 00:00:00+00:00
[2025-04-13T19:19:43.300+0000] {processor.py:183} INFO - Processing /home/airflow/.local/lib/python3.8/site-packages/airflow/example_dags/example_short_circuit_operator.py took 0.135 seconds
[2025-04-13T19:20:15.875+0000] {processor.py:161} INFO - Started process (PID=14689) to work on /home/airflow/.local/lib/python3.8/site-packages/airflow/example_dags/example_short_circuit_operator.py
[2025-04-13T19:20:15.877+0000] {processor.py:830} INFO - Processing file /home/airflow/.local/lib/python3.8/site-packages/airflow/example_dags/example_short_circuit_operator.py for tasks to queue
[2025-04-13T19:20:15.880+0000] {logging_mixin.py:188} INFO - [2025-04-13T19:20:15.880+0000] {dagbag.py:538} INFO - Filling up the DagBag from /home/airflow/.local/lib/python3.8/site-packages/airflow/example_dags/example_short_circuit_operator.py
[2025-04-13T19:20:15.893+0000] {processor.py:840} INFO - DAG(s) 'example_short_circuit_operator' retrieved from /home/airflow/.local/lib/python3.8/site-packages/airflow/example_dags/example_short_circuit_operator.py
[2025-04-13T19:20:15.924+0000] {logging_mixin.py:188} INFO - [2025-04-13T19:20:15.924+0000] {dag.py:3036} INFO - Sync 1 DAGs
[2025-04-13T19:20:15.956+0000] {logging_mixin.py:188} INFO - [2025-04-13T19:20:15.956+0000] {dag.py:3823} INFO - Setting next_dagrun for example_short_circuit_operator to 2025-04-12 00:00:00+00:00, run_after=2025-04-13 00:00:00+00:00
[2025-04-13T19:20:15.998+0000] {processor.py:183} INFO - Processing /home/airflow/.local/lib/python3.8/site-packages/airflow/example_dags/example_short_circuit_operator.py took 0.129 seconds
[2025-04-13T19:20:50.159+0000] {processor.py:161} INFO - Started process (PID=14745) to work on /home/airflow/.local/lib/python3.8/site-packages/airflow/example_dags/example_short_circuit_operator.py
[2025-04-13T19:20:50.162+0000] {processor.py:830} INFO - Processing file /home/airflow/.local/lib/python3.8/site-packages/airflow/example_dags/example_short_circuit_operator.py for tasks to queue
[2025-04-13T19:20:50.165+0000] {logging_mixin.py:188} INFO - [2025-04-13T19:20:50.164+0000] {dagbag.py:538} INFO - Filling up the DagBag from /home/airflow/.local/lib/python3.8/site-packages/airflow/example_dags/example_short_circuit_operator.py
[2025-04-13T19:20:50.195+0000] {processor.py:840} INFO - DAG(s) 'example_short_circuit_operator' retrieved from /home/airflow/.local/lib/python3.8/site-packages/airflow/example_dags/example_short_circuit_operator.py
[2025-04-13T19:20:50.254+0000] {logging_mixin.py:188} INFO - [2025-04-13T19:20:50.254+0000] {dag.py:3036} INFO - Sync 1 DAGs
[2025-04-13T19:20:50.297+0000] {logging_mixin.py:188} INFO - [2025-04-13T19:20:50.297+0000] {dag.py:3823} INFO - Setting next_dagrun for example_short_circuit_operator to 2025-04-12 00:00:00+00:00, run_after=2025-04-13 00:00:00+00:00
[2025-04-13T19:20:50.319+0000] {processor.py:183} INFO - Processing /home/airflow/.local/lib/python3.8/site-packages/airflow/example_dags/example_short_circuit_operator.py took 0.165 seconds
[2025-04-13T19:21:22.686+0000] {processor.py:161} INFO - Started process (PID=14801) to work on /home/airflow/.local/lib/python3.8/site-packages/airflow/example_dags/example_short_circuit_operator.py
[2025-04-13T19:21:22.687+0000] {processor.py:830} INFO - Processing file /home/airflow/.local/lib/python3.8/site-packages/airflow/example_dags/example_short_circuit_operator.py for tasks to queue
[2025-04-13T19:21:22.689+0000] {logging_mixin.py:188} INFO - [2025-04-13T19:21:22.689+0000] {dagbag.py:538} INFO - Filling up the DagBag from /home/airflow/.local/lib/python3.8/site-packages/airflow/example_dags/example_short_circuit_operator.py
[2025-04-13T19:21:22.704+0000] {processor.py:840} INFO - DAG(s) 'example_short_circuit_operator' retrieved from /home/airflow/.local/lib/python3.8/site-packages/airflow/example_dags/example_short_circuit_operator.py
[2025-04-13T19:21:22.752+0000] {logging_mixin.py:188} INFO - [2025-04-13T19:21:22.751+0000] {dag.py:3036} INFO - Sync 1 DAGs
[2025-04-13T19:21:22.797+0000] {logging_mixin.py:188} INFO - [2025-04-13T19:21:22.797+0000] {dag.py:3823} INFO - Setting next_dagrun for example_short_circuit_operator to 2025-04-12 00:00:00+00:00, run_after=2025-04-13 00:00:00+00:00
[2025-04-13T19:21:22.850+0000] {processor.py:183} INFO - Processing /home/airflow/.local/lib/python3.8/site-packages/airflow/example_dags/example_short_circuit_operator.py took 0.170 seconds
[2025-04-13T19:21:55.054+0000] {processor.py:161} INFO - Started process (PID=14858) to work on /home/airflow/.local/lib/python3.8/site-packages/airflow/example_dags/example_short_circuit_operator.py
[2025-04-13T19:21:55.055+0000] {processor.py:830} INFO - Processing file /home/airflow/.local/lib/python3.8/site-packages/airflow/example_dags/example_short_circuit_operator.py for tasks to queue
[2025-04-13T19:21:55.058+0000] {logging_mixin.py:188} INFO - [2025-04-13T19:21:55.057+0000] {dagbag.py:538} INFO - Filling up the DagBag from /home/airflow/.local/lib/python3.8/site-packages/airflow/example_dags/example_short_circuit_operator.py
[2025-04-13T19:21:55.075+0000] {processor.py:840} INFO - DAG(s) 'example_short_circuit_operator' retrieved from /home/airflow/.local/lib/python3.8/site-packages/airflow/example_dags/example_short_circuit_operator.py
[2025-04-13T19:21:55.115+0000] {logging_mixin.py:188} INFO - [2025-04-13T19:21:55.115+0000] {dag.py:3036} INFO - Sync 1 DAGs
[2025-04-13T19:21:55.157+0000] {logging_mixin.py:188} INFO - [2025-04-13T19:21:55.156+0000] {dag.py:3823} INFO - Setting next_dagrun for example_short_circuit_operator to 2025-04-12 00:00:00+00:00, run_after=2025-04-13 00:00:00+00:00
[2025-04-13T19:21:55.203+0000] {processor.py:183} INFO - Processing /home/airflow/.local/lib/python3.8/site-packages/airflow/example_dags/example_short_circuit_operator.py took 0.157 seconds
[2025-04-13T19:22:28.885+0000] {processor.py:161} INFO - Started process (PID=14914) to work on /home/airflow/.local/lib/python3.8/site-packages/airflow/example_dags/example_short_circuit_operator.py
[2025-04-13T19:22:28.886+0000] {processor.py:830} INFO - Processing file /home/airflow/.local/lib/python3.8/site-packages/airflow/example_dags/example_short_circuit_operator.py for tasks to queue
[2025-04-13T19:22:28.888+0000] {logging_mixin.py:188} INFO - [2025-04-13T19:22:28.888+0000] {dagbag.py:538} INFO - Filling up the DagBag from /home/airflow/.local/lib/python3.8/site-packages/airflow/example_dags/example_short_circuit_operator.py
[2025-04-13T19:22:28.902+0000] {processor.py:840} INFO - DAG(s) 'example_short_circuit_operator' retrieved from /home/airflow/.local/lib/python3.8/site-packages/airflow/example_dags/example_short_circuit_operator.py
[2025-04-13T19:22:28.941+0000] {logging_mixin.py:188} INFO - [2025-04-13T19:22:28.940+0000] {dag.py:3036} INFO - Sync 1 DAGs
[2025-04-13T19:22:28.969+0000] {logging_mixin.py:188} INFO - [2025-04-13T19:22:28.969+0000] {dag.py:3823} INFO - Setting next_dagrun for example_short_circuit_operator to 2025-04-12 00:00:00+00:00, run_after=2025-04-13 00:00:00+00:00
[2025-04-13T19:22:29.002+0000] {processor.py:183} INFO - Processing /home/airflow/.local/lib/python3.8/site-packages/airflow/example_dags/example_short_circuit_operator.py took 0.120 seconds
[2025-04-13T19:23:02.054+0000] {processor.py:161} INFO - Started process (PID=14969) to work on /home/airflow/.local/lib/python3.8/site-packages/airflow/example_dags/example_short_circuit_operator.py
[2025-04-13T19:23:02.055+0000] {processor.py:830} INFO - Processing file /home/airflow/.local/lib/python3.8/site-packages/airflow/example_dags/example_short_circuit_operator.py for tasks to queue
[2025-04-13T19:23:02.059+0000] {logging_mixin.py:188} INFO - [2025-04-13T19:23:02.059+0000] {dagbag.py:538} INFO - Filling up the DagBag from /home/airflow/.local/lib/python3.8/site-packages/airflow/example_dags/example_short_circuit_operator.py
[2025-04-13T19:23:02.086+0000] {processor.py:840} INFO - DAG(s) 'example_short_circuit_operator' retrieved from /home/airflow/.local/lib/python3.8/site-packages/airflow/example_dags/example_short_circuit_operator.py
[2025-04-13T19:23:02.136+0000] {logging_mixin.py:188} INFO - [2025-04-13T19:23:02.136+0000] {dag.py:3036} INFO - Sync 1 DAGs
[2025-04-13T19:23:02.192+0000] {logging_mixin.py:188} INFO - [2025-04-13T19:23:02.192+0000] {dag.py:3823} INFO - Setting next_dagrun for example_short_circuit_operator to 2025-04-12 00:00:00+00:00, run_after=2025-04-13 00:00:00+00:00
[2025-04-13T19:23:02.229+0000] {processor.py:183} INFO - Processing /home/airflow/.local/lib/python3.8/site-packages/airflow/example_dags/example_short_circuit_operator.py took 0.180 seconds
[2025-04-13T19:23:40.098+0000] {processor.py:161} INFO - Started process (PID=15029) to work on /home/airflow/.local/lib/python3.8/site-packages/airflow/example_dags/example_short_circuit_operator.py
[2025-04-13T19:23:40.100+0000] {processor.py:830} INFO - Processing file /home/airflow/.local/lib/python3.8/site-packages/airflow/example_dags/example_short_circuit_operator.py for tasks to queue
[2025-04-13T19:23:40.103+0000] {logging_mixin.py:188} INFO - [2025-04-13T19:23:40.102+0000] {dagbag.py:538} INFO - Filling up the DagBag from /home/airflow/.local/lib/python3.8/site-packages/airflow/example_dags/example_short_circuit_operator.py
[2025-04-13T19:23:40.122+0000] {processor.py:840} INFO - DAG(s) 'example_short_circuit_operator' retrieved from /home/airflow/.local/lib/python3.8/site-packages/airflow/example_dags/example_short_circuit_operator.py
[2025-04-13T19:23:40.188+0000] {logging_mixin.py:188} INFO - [2025-04-13T19:23:40.187+0000] {dag.py:3036} INFO - Sync 1 DAGs
[2025-04-13T19:23:40.254+0000] {logging_mixin.py:188} INFO - [2025-04-13T19:23:40.254+0000] {dag.py:3823} INFO - Setting next_dagrun for example_short_circuit_operator to 2025-04-12 00:00:00+00:00, run_after=2025-04-13 00:00:00+00:00
[2025-04-13T19:23:40.288+0000] {processor.py:183} INFO - Processing /home/airflow/.local/lib/python3.8/site-packages/airflow/example_dags/example_short_circuit_operator.py took 0.195 seconds
[2025-04-13T19:24:10.647+0000] {processor.py:161} INFO - Started process (PID=15085) to work on /home/airflow/.local/lib/python3.8/site-packages/airflow/example_dags/example_short_circuit_operator.py
[2025-04-13T19:24:10.649+0000] {processor.py:830} INFO - Processing file /home/airflow/.local/lib/python3.8/site-packages/airflow/example_dags/example_short_circuit_operator.py for tasks to queue
[2025-04-13T19:24:10.660+0000] {logging_mixin.py:188} INFO - [2025-04-13T19:24:10.660+0000] {dagbag.py:538} INFO - Filling up the DagBag from /home/airflow/.local/lib/python3.8/site-packages/airflow/example_dags/example_short_circuit_operator.py
[2025-04-13T19:24:10.685+0000] {processor.py:840} INFO - DAG(s) 'example_short_circuit_operator' retrieved from /home/airflow/.local/lib/python3.8/site-packages/airflow/example_dags/example_short_circuit_operator.py
[2025-04-13T19:24:10.765+0000] {logging_mixin.py:188} INFO - [2025-04-13T19:24:10.764+0000] {dag.py:3036} INFO - Sync 1 DAGs
[2025-04-13T19:24:10.835+0000] {logging_mixin.py:188} INFO - [2025-04-13T19:24:10.834+0000] {dag.py:3823} INFO - Setting next_dagrun for example_short_circuit_operator to 2025-04-12 00:00:00+00:00, run_after=2025-04-13 00:00:00+00:00
[2025-04-13T19:24:10.883+0000] {processor.py:183} INFO - Processing /home/airflow/.local/lib/python3.8/site-packages/airflow/example_dags/example_short_circuit_operator.py took 0.241 seconds
[2025-04-13T19:24:43.812+0000] {processor.py:161} INFO - Started process (PID=15141) to work on /home/airflow/.local/lib/python3.8/site-packages/airflow/example_dags/example_short_circuit_operator.py
[2025-04-13T19:24:43.813+0000] {processor.py:830} INFO - Processing file /home/airflow/.local/lib/python3.8/site-packages/airflow/example_dags/example_short_circuit_operator.py for tasks to queue
[2025-04-13T19:24:43.817+0000] {logging_mixin.py:188} INFO - [2025-04-13T19:24:43.816+0000] {dagbag.py:538} INFO - Filling up the DagBag from /home/airflow/.local/lib/python3.8/site-packages/airflow/example_dags/example_short_circuit_operator.py
[2025-04-13T19:24:43.837+0000] {processor.py:840} INFO - DAG(s) 'example_short_circuit_operator' retrieved from /home/airflow/.local/lib/python3.8/site-packages/airflow/example_dags/example_short_circuit_operator.py
[2025-04-13T19:24:43.880+0000] {logging_mixin.py:188} INFO - [2025-04-13T19:24:43.880+0000] {dag.py:3036} INFO - Sync 1 DAGs
[2025-04-13T19:24:43.921+0000] {logging_mixin.py:188} INFO - [2025-04-13T19:24:43.920+0000] {dag.py:3823} INFO - Setting next_dagrun for example_short_circuit_operator to 2025-04-12 00:00:00+00:00, run_after=2025-04-13 00:00:00+00:00
[2025-04-13T19:24:43.953+0000] {processor.py:183} INFO - Processing /home/airflow/.local/lib/python3.8/site-packages/airflow/example_dags/example_short_circuit_operator.py took 0.145 seconds
[2025-04-13T19:25:14.048+0000] {processor.py:161} INFO - Started process (PID=15197) to work on /home/airflow/.local/lib/python3.8/site-packages/airflow/example_dags/example_short_circuit_operator.py
[2025-04-13T19:25:14.049+0000] {processor.py:830} INFO - Processing file /home/airflow/.local/lib/python3.8/site-packages/airflow/example_dags/example_short_circuit_operator.py for tasks to queue
[2025-04-13T19:25:14.051+0000] {logging_mixin.py:188} INFO - [2025-04-13T19:25:14.051+0000] {dagbag.py:538} INFO - Filling up the DagBag from /home/airflow/.local/lib/python3.8/site-packages/airflow/example_dags/example_short_circuit_operator.py
[2025-04-13T19:25:14.062+0000] {processor.py:840} INFO - DAG(s) 'example_short_circuit_operator' retrieved from /home/airflow/.local/lib/python3.8/site-packages/airflow/example_dags/example_short_circuit_operator.py
[2025-04-13T19:25:14.092+0000] {logging_mixin.py:188} INFO - [2025-04-13T19:25:14.092+0000] {dag.py:3036} INFO - Sync 1 DAGs
[2025-04-13T19:25:14.126+0000] {logging_mixin.py:188} INFO - [2025-04-13T19:25:14.125+0000] {dag.py:3823} INFO - Setting next_dagrun for example_short_circuit_operator to 2025-04-12 00:00:00+00:00, run_after=2025-04-13 00:00:00+00:00
[2025-04-13T19:25:14.152+0000] {processor.py:183} INFO - Processing /home/airflow/.local/lib/python3.8/site-packages/airflow/example_dags/example_short_circuit_operator.py took 0.110 seconds
[2025-04-13T19:25:46.776+0000] {processor.py:161} INFO - Started process (PID=15254) to work on /home/airflow/.local/lib/python3.8/site-packages/airflow/example_dags/example_short_circuit_operator.py
[2025-04-13T19:25:46.777+0000] {processor.py:830} INFO - Processing file /home/airflow/.local/lib/python3.8/site-packages/airflow/example_dags/example_short_circuit_operator.py for tasks to queue
[2025-04-13T19:25:46.780+0000] {logging_mixin.py:188} INFO - [2025-04-13T19:25:46.780+0000] {dagbag.py:538} INFO - Filling up the DagBag from /home/airflow/.local/lib/python3.8/site-packages/airflow/example_dags/example_short_circuit_operator.py
[2025-04-13T19:25:46.790+0000] {processor.py:840} INFO - DAG(s) 'example_short_circuit_operator' retrieved from /home/airflow/.local/lib/python3.8/site-packages/airflow/example_dags/example_short_circuit_operator.py
[2025-04-13T19:25:46.849+0000] {logging_mixin.py:188} INFO - [2025-04-13T19:25:46.848+0000] {dag.py:3036} INFO - Sync 1 DAGs
[2025-04-13T19:25:46.886+0000] {logging_mixin.py:188} INFO - [2025-04-13T19:25:46.886+0000] {dag.py:3823} INFO - Setting next_dagrun for example_short_circuit_operator to 2025-04-12 00:00:00+00:00, run_after=2025-04-13 00:00:00+00:00
[2025-04-13T19:25:46.914+0000] {processor.py:183} INFO - Processing /home/airflow/.local/lib/python3.8/site-packages/airflow/example_dags/example_short_circuit_operator.py took 0.143 seconds
[2025-04-13T19:26:20.394+0000] {processor.py:161} INFO - Started process (PID=15310) to work on /home/airflow/.local/lib/python3.8/site-packages/airflow/example_dags/example_short_circuit_operator.py
[2025-04-13T19:26:20.395+0000] {processor.py:830} INFO - Processing file /home/airflow/.local/lib/python3.8/site-packages/airflow/example_dags/example_short_circuit_operator.py for tasks to queue
[2025-04-13T19:26:20.397+0000] {logging_mixin.py:188} INFO - [2025-04-13T19:26:20.397+0000] {dagbag.py:538} INFO - Filling up the DagBag from /home/airflow/.local/lib/python3.8/site-packages/airflow/example_dags/example_short_circuit_operator.py
[2025-04-13T19:26:20.407+0000] {processor.py:840} INFO - DAG(s) 'example_short_circuit_operator' retrieved from /home/airflow/.local/lib/python3.8/site-packages/airflow/example_dags/example_short_circuit_operator.py
[2025-04-13T19:26:20.434+0000] {logging_mixin.py:188} INFO - [2025-04-13T19:26:20.434+0000] {dag.py:3036} INFO - Sync 1 DAGs
[2025-04-13T19:26:20.460+0000] {logging_mixin.py:188} INFO - [2025-04-13T19:26:20.460+0000] {dag.py:3823} INFO - Setting next_dagrun for example_short_circuit_operator to 2025-04-12 00:00:00+00:00, run_after=2025-04-13 00:00:00+00:00
[2025-04-13T19:26:20.485+0000] {processor.py:183} INFO - Processing /home/airflow/.local/lib/python3.8/site-packages/airflow/example_dags/example_short_circuit_operator.py took 0.095 seconds
[2025-04-13T19:26:53.596+0000] {processor.py:161} INFO - Started process (PID=15366) to work on /home/airflow/.local/lib/python3.8/site-packages/airflow/example_dags/example_short_circuit_operator.py
[2025-04-13T19:26:53.598+0000] {processor.py:830} INFO - Processing file /home/airflow/.local/lib/python3.8/site-packages/airflow/example_dags/example_short_circuit_operator.py for tasks to queue
[2025-04-13T19:26:53.601+0000] {logging_mixin.py:188} INFO - [2025-04-13T19:26:53.601+0000] {dagbag.py:538} INFO - Filling up the DagBag from /home/airflow/.local/lib/python3.8/site-packages/airflow/example_dags/example_short_circuit_operator.py
[2025-04-13T19:26:53.613+0000] {processor.py:840} INFO - DAG(s) 'example_short_circuit_operator' retrieved from /home/airflow/.local/lib/python3.8/site-packages/airflow/example_dags/example_short_circuit_operator.py
[2025-04-13T19:26:53.646+0000] {logging_mixin.py:188} INFO - [2025-04-13T19:26:53.646+0000] {dag.py:3036} INFO - Sync 1 DAGs
[2025-04-13T19:26:53.681+0000] {logging_mixin.py:188} INFO - [2025-04-13T19:26:53.681+0000] {dag.py:3823} INFO - Setting next_dagrun for example_short_circuit_operator to 2025-04-12 00:00:00+00:00, run_after=2025-04-13 00:00:00+00:00
[2025-04-13T19:26:53.704+0000] {processor.py:183} INFO - Processing /home/airflow/.local/lib/python3.8/site-packages/airflow/example_dags/example_short_circuit_operator.py took 0.114 seconds
[2025-04-13T19:27:26.705+0000] {processor.py:161} INFO - Started process (PID=15423) to work on /home/airflow/.local/lib/python3.8/site-packages/airflow/example_dags/example_short_circuit_operator.py
[2025-04-13T19:27:26.706+0000] {processor.py:830} INFO - Processing file /home/airflow/.local/lib/python3.8/site-packages/airflow/example_dags/example_short_circuit_operator.py for tasks to queue
[2025-04-13T19:27:26.709+0000] {logging_mixin.py:188} INFO - [2025-04-13T19:27:26.708+0000] {dagbag.py:538} INFO - Filling up the DagBag from /home/airflow/.local/lib/python3.8/site-packages/airflow/example_dags/example_short_circuit_operator.py
[2025-04-13T19:27:26.717+0000] {processor.py:840} INFO - DAG(s) 'example_short_circuit_operator' retrieved from /home/airflow/.local/lib/python3.8/site-packages/airflow/example_dags/example_short_circuit_operator.py
[2025-04-13T19:27:26.750+0000] {logging_mixin.py:188} INFO - [2025-04-13T19:27:26.750+0000] {dag.py:3036} INFO - Sync 1 DAGs
[2025-04-13T19:27:26.784+0000] {logging_mixin.py:188} INFO - [2025-04-13T19:27:26.784+0000] {dag.py:3823} INFO - Setting next_dagrun for example_short_circuit_operator to 2025-04-12 00:00:00+00:00, run_after=2025-04-13 00:00:00+00:00
[2025-04-13T19:27:26.815+0000] {processor.py:183} INFO - Processing /home/airflow/.local/lib/python3.8/site-packages/airflow/example_dags/example_short_circuit_operator.py took 0.115 seconds
[2025-04-13T19:27:59.862+0000] {processor.py:161} INFO - Started process (PID=15479) to work on /home/airflow/.local/lib/python3.8/site-packages/airflow/example_dags/example_short_circuit_operator.py
[2025-04-13T19:27:59.863+0000] {processor.py:830} INFO - Processing file /home/airflow/.local/lib/python3.8/site-packages/airflow/example_dags/example_short_circuit_operator.py for tasks to queue
[2025-04-13T19:27:59.866+0000] {logging_mixin.py:188} INFO - [2025-04-13T19:27:59.866+0000] {dagbag.py:538} INFO - Filling up the DagBag from /home/airflow/.local/lib/python3.8/site-packages/airflow/example_dags/example_short_circuit_operator.py
[2025-04-13T19:27:59.878+0000] {processor.py:840} INFO - DAG(s) 'example_short_circuit_operator' retrieved from /home/airflow/.local/lib/python3.8/site-packages/airflow/example_dags/example_short_circuit_operator.py
[2025-04-13T19:27:59.930+0000] {logging_mixin.py:188} INFO - [2025-04-13T19:27:59.930+0000] {dag.py:3036} INFO - Sync 1 DAGs
[2025-04-13T19:27:59.990+0000] {logging_mixin.py:188} INFO - [2025-04-13T19:27:59.980+0000] {dag.py:3823} INFO - Setting next_dagrun for example_short_circuit_operator to 2025-04-12 00:00:00+00:00, run_after=2025-04-13 00:00:00+00:00
[2025-04-13T19:28:00.036+0000] {processor.py:183} INFO - Processing /home/airflow/.local/lib/python3.8/site-packages/airflow/example_dags/example_short_circuit_operator.py took 0.182 seconds
[2025-04-13T19:28:42.501+0000] {processor.py:161} INFO - Started process (PID=15535) to work on /home/airflow/.local/lib/python3.8/site-packages/airflow/example_dags/example_short_circuit_operator.py
[2025-04-13T19:28:42.644+0000] {processor.py:830} INFO - Processing file /home/airflow/.local/lib/python3.8/site-packages/airflow/example_dags/example_short_circuit_operator.py for tasks to queue
[2025-04-13T19:28:42.784+0000] {logging_mixin.py:188} INFO - [2025-04-13T19:28:42.784+0000] {dagbag.py:538} INFO - Filling up the DagBag from /home/airflow/.local/lib/python3.8/site-packages/airflow/example_dags/example_short_circuit_operator.py
[2025-04-13T19:28:42.918+0000] {processor.py:840} INFO - DAG(s) 'example_short_circuit_operator' retrieved from /home/airflow/.local/lib/python3.8/site-packages/airflow/example_dags/example_short_circuit_operator.py
[2025-04-13T19:28:43.072+0000] {logging_mixin.py:188} INFO - [2025-04-13T19:28:43.071+0000] {dag.py:3036} INFO - Sync 1 DAGs
[2025-04-13T19:28:43.188+0000] {logging_mixin.py:188} INFO - [2025-04-13T19:28:43.188+0000] {dag.py:3823} INFO - Setting next_dagrun for example_short_circuit_operator to 2025-04-12 00:00:00+00:00, run_after=2025-04-13 00:00:00+00:00
[2025-04-13T19:28:43.314+0000] {processor.py:183} INFO - Processing /home/airflow/.local/lib/python3.8/site-packages/airflow/example_dags/example_short_circuit_operator.py took 0.817 seconds
[2025-04-13T19:29:13.737+0000] {processor.py:161} INFO - Started process (PID=15590) to work on /home/airflow/.local/lib/python3.8/site-packages/airflow/example_dags/example_short_circuit_operator.py
[2025-04-13T19:29:13.741+0000] {processor.py:830} INFO - Processing file /home/airflow/.local/lib/python3.8/site-packages/airflow/example_dags/example_short_circuit_operator.py for tasks to queue
[2025-04-13T19:29:13.751+0000] {logging_mixin.py:188} INFO - [2025-04-13T19:29:13.750+0000] {dagbag.py:538} INFO - Filling up the DagBag from /home/airflow/.local/lib/python3.8/site-packages/airflow/example_dags/example_short_circuit_operator.py
[2025-04-13T19:29:13.772+0000] {processor.py:840} INFO - DAG(s) 'example_short_circuit_operator' retrieved from /home/airflow/.local/lib/python3.8/site-packages/airflow/example_dags/example_short_circuit_operator.py
[2025-04-13T19:29:13.807+0000] {logging_mixin.py:188} INFO - [2025-04-13T19:29:13.807+0000] {dag.py:3036} INFO - Sync 1 DAGs
[2025-04-13T19:29:13.848+0000] {logging_mixin.py:188} INFO - [2025-04-13T19:29:13.847+0000] {dag.py:3823} INFO - Setting next_dagrun for example_short_circuit_operator to 2025-04-12 00:00:00+00:00, run_after=2025-04-13 00:00:00+00:00
[2025-04-13T19:29:13.936+0000] {processor.py:183} INFO - Processing /home/airflow/.local/lib/python3.8/site-packages/airflow/example_dags/example_short_circuit_operator.py took 0.203 seconds
[2025-04-13T19:29:44.824+0000] {processor.py:161} INFO - Started process (PID=15647) to work on /home/airflow/.local/lib/python3.8/site-packages/airflow/example_dags/example_short_circuit_operator.py
[2025-04-13T19:29:44.825+0000] {processor.py:830} INFO - Processing file /home/airflow/.local/lib/python3.8/site-packages/airflow/example_dags/example_short_circuit_operator.py for tasks to queue
[2025-04-13T19:29:44.828+0000] {logging_mixin.py:188} INFO - [2025-04-13T19:29:44.828+0000] {dagbag.py:538} INFO - Filling up the DagBag from /home/airflow/.local/lib/python3.8/site-packages/airflow/example_dags/example_short_circuit_operator.py
[2025-04-13T19:29:44.839+0000] {processor.py:840} INFO - DAG(s) 'example_short_circuit_operator' retrieved from /home/airflow/.local/lib/python3.8/site-packages/airflow/example_dags/example_short_circuit_operator.py
[2025-04-13T19:29:44.873+0000] {logging_mixin.py:188} INFO - [2025-04-13T19:29:44.872+0000] {dag.py:3036} INFO - Sync 1 DAGs
[2025-04-13T19:29:44.906+0000] {logging_mixin.py:188} INFO - [2025-04-13T19:29:44.905+0000] {dag.py:3823} INFO - Setting next_dagrun for example_short_circuit_operator to 2025-04-12 00:00:00+00:00, run_after=2025-04-13 00:00:00+00:00
[2025-04-13T19:29:44.934+0000] {processor.py:183} INFO - Processing /home/airflow/.local/lib/python3.8/site-packages/airflow/example_dags/example_short_circuit_operator.py took 0.114 seconds
[2025-04-13T19:30:15.294+0000] {processor.py:161} INFO - Started process (PID=15703) to work on /home/airflow/.local/lib/python3.8/site-packages/airflow/example_dags/example_short_circuit_operator.py
[2025-04-13T19:30:15.296+0000] {processor.py:830} INFO - Processing file /home/airflow/.local/lib/python3.8/site-packages/airflow/example_dags/example_short_circuit_operator.py for tasks to queue
[2025-04-13T19:30:15.298+0000] {logging_mixin.py:188} INFO - [2025-04-13T19:30:15.297+0000] {dagbag.py:538} INFO - Filling up the DagBag from /home/airflow/.local/lib/python3.8/site-packages/airflow/example_dags/example_short_circuit_operator.py
[2025-04-13T19:30:15.307+0000] {processor.py:840} INFO - DAG(s) 'example_short_circuit_operator' retrieved from /home/airflow/.local/lib/python3.8/site-packages/airflow/example_dags/example_short_circuit_operator.py
[2025-04-13T19:30:15.354+0000] {logging_mixin.py:188} INFO - [2025-04-13T19:30:15.354+0000] {dag.py:3036} INFO - Sync 1 DAGs
[2025-04-13T19:30:15.403+0000] {logging_mixin.py:188} INFO - [2025-04-13T19:30:15.402+0000] {dag.py:3823} INFO - Setting next_dagrun for example_short_circuit_operator to 2025-04-12 00:00:00+00:00, run_after=2025-04-13 00:00:00+00:00
[2025-04-13T19:30:15.450+0000] {processor.py:183} INFO - Processing /home/airflow/.local/lib/python3.8/site-packages/airflow/example_dags/example_short_circuit_operator.py took 0.159 seconds
[2025-04-13T19:30:47.897+0000] {processor.py:161} INFO - Started process (PID=15759) to work on /home/airflow/.local/lib/python3.8/site-packages/airflow/example_dags/example_short_circuit_operator.py
[2025-04-13T19:30:47.899+0000] {processor.py:830} INFO - Processing file /home/airflow/.local/lib/python3.8/site-packages/airflow/example_dags/example_short_circuit_operator.py for tasks to queue
[2025-04-13T19:30:47.902+0000] {logging_mixin.py:188} INFO - [2025-04-13T19:30:47.901+0000] {dagbag.py:538} INFO - Filling up the DagBag from /home/airflow/.local/lib/python3.8/site-packages/airflow/example_dags/example_short_circuit_operator.py
[2025-04-13T19:30:47.912+0000] {processor.py:840} INFO - DAG(s) 'example_short_circuit_operator' retrieved from /home/airflow/.local/lib/python3.8/site-packages/airflow/example_dags/example_short_circuit_operator.py
[2025-04-13T19:30:47.944+0000] {logging_mixin.py:188} INFO - [2025-04-13T19:30:47.943+0000] {dag.py:3036} INFO - Sync 1 DAGs
[2025-04-13T19:30:47.970+0000] {logging_mixin.py:188} INFO - [2025-04-13T19:30:47.970+0000] {dag.py:3823} INFO - Setting next_dagrun for example_short_circuit_operator to 2025-04-12 00:00:00+00:00, run_after=2025-04-13 00:00:00+00:00
[2025-04-13T19:30:47.991+0000] {processor.py:183} INFO - Processing /home/airflow/.local/lib/python3.8/site-packages/airflow/example_dags/example_short_circuit_operator.py took 0.099 seconds
[2025-04-13T19:31:21.349+0000] {processor.py:161} INFO - Started process (PID=15815) to work on /home/airflow/.local/lib/python3.8/site-packages/airflow/example_dags/example_short_circuit_operator.py
[2025-04-13T19:31:21.350+0000] {processor.py:830} INFO - Processing file /home/airflow/.local/lib/python3.8/site-packages/airflow/example_dags/example_short_circuit_operator.py for tasks to queue
[2025-04-13T19:31:21.353+0000] {logging_mixin.py:188} INFO - [2025-04-13T19:31:21.352+0000] {dagbag.py:538} INFO - Filling up the DagBag from /home/airflow/.local/lib/python3.8/site-packages/airflow/example_dags/example_short_circuit_operator.py
[2025-04-13T19:31:21.362+0000] {processor.py:840} INFO - DAG(s) 'example_short_circuit_operator' retrieved from /home/airflow/.local/lib/python3.8/site-packages/airflow/example_dags/example_short_circuit_operator.py
[2025-04-13T19:31:21.393+0000] {logging_mixin.py:188} INFO - [2025-04-13T19:31:21.392+0000] {dag.py:3036} INFO - Sync 1 DAGs
[2025-04-13T19:31:21.425+0000] {logging_mixin.py:188} INFO - [2025-04-13T19:31:21.424+0000] {dag.py:3823} INFO - Setting next_dagrun for example_short_circuit_operator to 2025-04-12 00:00:00+00:00, run_after=2025-04-13 00:00:00+00:00
[2025-04-13T19:31:21.448+0000] {processor.py:183} INFO - Processing /home/airflow/.local/lib/python3.8/site-packages/airflow/example_dags/example_short_circuit_operator.py took 0.104 seconds
[2025-04-13T19:31:55.053+0000] {processor.py:161} INFO - Started process (PID=15871) to work on /home/airflow/.local/lib/python3.8/site-packages/airflow/example_dags/example_short_circuit_operator.py
[2025-04-13T19:31:55.054+0000] {processor.py:830} INFO - Processing file /home/airflow/.local/lib/python3.8/site-packages/airflow/example_dags/example_short_circuit_operator.py for tasks to queue
[2025-04-13T19:31:55.057+0000] {logging_mixin.py:188} INFO - [2025-04-13T19:31:55.056+0000] {dagbag.py:538} INFO - Filling up the DagBag from /home/airflow/.local/lib/python3.8/site-packages/airflow/example_dags/example_short_circuit_operator.py
[2025-04-13T19:31:55.067+0000] {processor.py:840} INFO - DAG(s) 'example_short_circuit_operator' retrieved from /home/airflow/.local/lib/python3.8/site-packages/airflow/example_dags/example_short_circuit_operator.py
[2025-04-13T19:31:55.096+0000] {logging_mixin.py:188} INFO - [2025-04-13T19:31:55.095+0000] {dag.py:3036} INFO - Sync 1 DAGs
[2025-04-13T19:31:55.123+0000] {logging_mixin.py:188} INFO - [2025-04-13T19:31:55.122+0000] {dag.py:3823} INFO - Setting next_dagrun for example_short_circuit_operator to 2025-04-12 00:00:00+00:00, run_after=2025-04-13 00:00:00+00:00
[2025-04-13T19:31:55.153+0000] {processor.py:183} INFO - Processing /home/airflow/.local/lib/python3.8/site-packages/airflow/example_dags/example_short_circuit_operator.py took 0.105 seconds
[2025-04-13T19:32:27.683+0000] {processor.py:161} INFO - Started process (PID=15926) to work on /home/airflow/.local/lib/python3.8/site-packages/airflow/example_dags/example_short_circuit_operator.py
[2025-04-13T19:32:27.686+0000] {processor.py:830} INFO - Processing file /home/airflow/.local/lib/python3.8/site-packages/airflow/example_dags/example_short_circuit_operator.py for tasks to queue
[2025-04-13T19:32:27.689+0000] {logging_mixin.py:188} INFO - [2025-04-13T19:32:27.688+0000] {dagbag.py:538} INFO - Filling up the DagBag from /home/airflow/.local/lib/python3.8/site-packages/airflow/example_dags/example_short_circuit_operator.py
[2025-04-13T19:32:27.699+0000] {processor.py:840} INFO - DAG(s) 'example_short_circuit_operator' retrieved from /home/airflow/.local/lib/python3.8/site-packages/airflow/example_dags/example_short_circuit_operator.py
[2025-04-13T19:32:27.732+0000] {logging_mixin.py:188} INFO - [2025-04-13T19:32:27.732+0000] {dag.py:3036} INFO - Sync 1 DAGs
[2025-04-13T19:32:27.763+0000] {logging_mixin.py:188} INFO - [2025-04-13T19:32:27.763+0000] {dag.py:3823} INFO - Setting next_dagrun for example_short_circuit_operator to 2025-04-12 00:00:00+00:00, run_after=2025-04-13 00:00:00+00:00
[2025-04-13T19:32:27.790+0000] {processor.py:183} INFO - Processing /home/airflow/.local/lib/python3.8/site-packages/airflow/example_dags/example_short_circuit_operator.py took 0.114 seconds
[2025-04-13T19:33:01.231+0000] {processor.py:161} INFO - Started process (PID=15982) to work on /home/airflow/.local/lib/python3.8/site-packages/airflow/example_dags/example_short_circuit_operator.py
[2025-04-13T19:33:01.233+0000] {processor.py:830} INFO - Processing file /home/airflow/.local/lib/python3.8/site-packages/airflow/example_dags/example_short_circuit_operator.py for tasks to queue
[2025-04-13T19:33:01.235+0000] {logging_mixin.py:188} INFO - [2025-04-13T19:33:01.235+0000] {dagbag.py:538} INFO - Filling up the DagBag from /home/airflow/.local/lib/python3.8/site-packages/airflow/example_dags/example_short_circuit_operator.py
[2025-04-13T19:33:01.244+0000] {processor.py:840} INFO - DAG(s) 'example_short_circuit_operator' retrieved from /home/airflow/.local/lib/python3.8/site-packages/airflow/example_dags/example_short_circuit_operator.py
[2025-04-13T19:33:01.269+0000] {logging_mixin.py:188} INFO - [2025-04-13T19:33:01.269+0000] {dag.py:3036} INFO - Sync 1 DAGs
[2025-04-13T19:33:01.298+0000] {logging_mixin.py:188} INFO - [2025-04-13T19:33:01.298+0000] {dag.py:3823} INFO - Setting next_dagrun for example_short_circuit_operator to 2025-04-12 00:00:00+00:00, run_after=2025-04-13 00:00:00+00:00
[2025-04-13T19:33:01.326+0000] {processor.py:183} INFO - Processing /home/airflow/.local/lib/python3.8/site-packages/airflow/example_dags/example_short_circuit_operator.py took 0.101 seconds
[2025-04-13T19:33:34.631+0000] {processor.py:161} INFO - Started process (PID=16040) to work on /home/airflow/.local/lib/python3.8/site-packages/airflow/example_dags/example_short_circuit_operator.py
[2025-04-13T19:33:34.632+0000] {processor.py:830} INFO - Processing file /home/airflow/.local/lib/python3.8/site-packages/airflow/example_dags/example_short_circuit_operator.py for tasks to queue
[2025-04-13T19:33:34.635+0000] {logging_mixin.py:188} INFO - [2025-04-13T19:33:34.634+0000] {dagbag.py:538} INFO - Filling up the DagBag from /home/airflow/.local/lib/python3.8/site-packages/airflow/example_dags/example_short_circuit_operator.py
[2025-04-13T19:33:34.644+0000] {processor.py:840} INFO - DAG(s) 'example_short_circuit_operator' retrieved from /home/airflow/.local/lib/python3.8/site-packages/airflow/example_dags/example_short_circuit_operator.py
[2025-04-13T19:33:34.672+0000] {logging_mixin.py:188} INFO - [2025-04-13T19:33:34.672+0000] {dag.py:3036} INFO - Sync 1 DAGs
[2025-04-13T19:33:34.706+0000] {logging_mixin.py:188} INFO - [2025-04-13T19:33:34.705+0000] {dag.py:3823} INFO - Setting next_dagrun for example_short_circuit_operator to 2025-04-12 00:00:00+00:00, run_after=2025-04-13 00:00:00+00:00
[2025-04-13T19:33:34.734+0000] {processor.py:183} INFO - Processing /home/airflow/.local/lib/python3.8/site-packages/airflow/example_dags/example_short_circuit_operator.py took 0.107 seconds
[2025-04-13T19:34:09.106+0000] {processor.py:161} INFO - Started process (PID=16103) to work on /home/airflow/.local/lib/python3.8/site-packages/airflow/example_dags/example_short_circuit_operator.py
[2025-04-13T19:34:09.108+0000] {processor.py:830} INFO - Processing file /home/airflow/.local/lib/python3.8/site-packages/airflow/example_dags/example_short_circuit_operator.py for tasks to queue
[2025-04-13T19:34:09.111+0000] {logging_mixin.py:188} INFO - [2025-04-13T19:34:09.111+0000] {dagbag.py:538} INFO - Filling up the DagBag from /home/airflow/.local/lib/python3.8/site-packages/airflow/example_dags/example_short_circuit_operator.py
[2025-04-13T19:34:09.120+0000] {processor.py:840} INFO - DAG(s) 'example_short_circuit_operator' retrieved from /home/airflow/.local/lib/python3.8/site-packages/airflow/example_dags/example_short_circuit_operator.py
[2025-04-13T19:34:09.149+0000] {logging_mixin.py:188} INFO - [2025-04-13T19:34:09.148+0000] {dag.py:3036} INFO - Sync 1 DAGs
[2025-04-13T19:34:09.185+0000] {logging_mixin.py:188} INFO - [2025-04-13T19:34:09.184+0000] {dag.py:3823} INFO - Setting next_dagrun for example_short_circuit_operator to 2025-04-12 00:00:00+00:00, run_after=2025-04-13 00:00:00+00:00
[2025-04-13T19:34:09.210+0000] {processor.py:183} INFO - Processing /home/airflow/.local/lib/python3.8/site-packages/airflow/example_dags/example_short_circuit_operator.py took 0.109 seconds
[2025-04-13T19:34:42.716+0000] {processor.py:161} INFO - Started process (PID=16159) to work on /home/airflow/.local/lib/python3.8/site-packages/airflow/example_dags/example_short_circuit_operator.py
[2025-04-13T19:34:42.717+0000] {processor.py:830} INFO - Processing file /home/airflow/.local/lib/python3.8/site-packages/airflow/example_dags/example_short_circuit_operator.py for tasks to queue
[2025-04-13T19:34:42.720+0000] {logging_mixin.py:188} INFO - [2025-04-13T19:34:42.720+0000] {dagbag.py:538} INFO - Filling up the DagBag from /home/airflow/.local/lib/python3.8/site-packages/airflow/example_dags/example_short_circuit_operator.py
[2025-04-13T19:34:42.733+0000] {processor.py:840} INFO - DAG(s) 'example_short_circuit_operator' retrieved from /home/airflow/.local/lib/python3.8/site-packages/airflow/example_dags/example_short_circuit_operator.py
[2025-04-13T19:34:42.769+0000] {logging_mixin.py:188} INFO - [2025-04-13T19:34:42.768+0000] {dag.py:3036} INFO - Sync 1 DAGs
[2025-04-13T19:34:42.802+0000] {logging_mixin.py:188} INFO - [2025-04-13T19:34:42.801+0000] {dag.py:3823} INFO - Setting next_dagrun for example_short_circuit_operator to 2025-04-12 00:00:00+00:00, run_after=2025-04-13 00:00:00+00:00
[2025-04-13T19:34:42.862+0000] {processor.py:183} INFO - Processing /home/airflow/.local/lib/python3.8/site-packages/airflow/example_dags/example_short_circuit_operator.py took 0.153 seconds
[2025-04-13T19:35:15.317+0000] {processor.py:161} INFO - Started process (PID=16220) to work on /home/airflow/.local/lib/python3.8/site-packages/airflow/example_dags/example_short_circuit_operator.py
[2025-04-13T19:35:15.320+0000] {processor.py:830} INFO - Processing file /home/airflow/.local/lib/python3.8/site-packages/airflow/example_dags/example_short_circuit_operator.py for tasks to queue
[2025-04-13T19:35:15.322+0000] {logging_mixin.py:188} INFO - [2025-04-13T19:35:15.322+0000] {dagbag.py:538} INFO - Filling up the DagBag from /home/airflow/.local/lib/python3.8/site-packages/airflow/example_dags/example_short_circuit_operator.py
[2025-04-13T19:35:15.333+0000] {processor.py:840} INFO - DAG(s) 'example_short_circuit_operator' retrieved from /home/airflow/.local/lib/python3.8/site-packages/airflow/example_dags/example_short_circuit_operator.py
[2025-04-13T19:35:15.368+0000] {logging_mixin.py:188} INFO - [2025-04-13T19:35:15.368+0000] {dag.py:3036} INFO - Sync 1 DAGs
[2025-04-13T19:35:15.398+0000] {logging_mixin.py:188} INFO - [2025-04-13T19:35:15.397+0000] {dag.py:3823} INFO - Setting next_dagrun for example_short_circuit_operator to 2025-04-12 00:00:00+00:00, run_after=2025-04-13 00:00:00+00:00
[2025-04-13T19:35:15.424+0000] {processor.py:183} INFO - Processing /home/airflow/.local/lib/python3.8/site-packages/airflow/example_dags/example_short_circuit_operator.py took 0.112 seconds
[2025-04-13T19:35:51.026+0000] {processor.py:161} INFO - Started process (PID=16277) to work on /home/airflow/.local/lib/python3.8/site-packages/airflow/example_dags/example_short_circuit_operator.py
[2025-04-13T19:35:51.029+0000] {processor.py:830} INFO - Processing file /home/airflow/.local/lib/python3.8/site-packages/airflow/example_dags/example_short_circuit_operator.py for tasks to queue
[2025-04-13T19:35:51.035+0000] {logging_mixin.py:188} INFO - [2025-04-13T19:35:51.035+0000] {dagbag.py:538} INFO - Filling up the DagBag from /home/airflow/.local/lib/python3.8/site-packages/airflow/example_dags/example_short_circuit_operator.py
[2025-04-13T19:35:51.054+0000] {processor.py:840} INFO - DAG(s) 'example_short_circuit_operator' retrieved from /home/airflow/.local/lib/python3.8/site-packages/airflow/example_dags/example_short_circuit_operator.py
[2025-04-13T19:35:51.137+0000] {logging_mixin.py:188} INFO - [2025-04-13T19:35:51.136+0000] {dag.py:3036} INFO - Sync 1 DAGs
[2025-04-13T19:35:51.231+0000] {logging_mixin.py:188} INFO - [2025-04-13T19:35:51.227+0000] {dag.py:3823} INFO - Setting next_dagrun for example_short_circuit_operator to 2025-04-12 00:00:00+00:00, run_after=2025-04-13 00:00:00+00:00
[2025-04-13T19:35:51.283+0000] {processor.py:183} INFO - Processing /home/airflow/.local/lib/python3.8/site-packages/airflow/example_dags/example_short_circuit_operator.py took 0.265 seconds
[2025-04-13T19:36:30.541+0000] {processor.py:161} INFO - Started process (PID=16333) to work on /home/airflow/.local/lib/python3.8/site-packages/airflow/example_dags/example_short_circuit_operator.py
[2025-04-13T19:36:30.698+0000] {processor.py:830} INFO - Processing file /home/airflow/.local/lib/python3.8/site-packages/airflow/example_dags/example_short_circuit_operator.py for tasks to queue
[2025-04-13T19:36:30.781+0000] {logging_mixin.py:188} INFO - [2025-04-13T19:36:30.781+0000] {dagbag.py:538} INFO - Filling up the DagBag from /home/airflow/.local/lib/python3.8/site-packages/airflow/example_dags/example_short_circuit_operator.py
[2025-04-13T19:36:31.095+0000] {processor.py:840} INFO - DAG(s) 'example_short_circuit_operator' retrieved from /home/airflow/.local/lib/python3.8/site-packages/airflow/example_dags/example_short_circuit_operator.py
[2025-04-13T19:36:31.328+0000] {logging_mixin.py:188} INFO - [2025-04-13T19:36:31.327+0000] {dag.py:3036} INFO - Sync 1 DAGs
[2025-04-13T19:36:31.451+0000] {logging_mixin.py:188} INFO - [2025-04-13T19:36:31.451+0000] {dag.py:3823} INFO - Setting next_dagrun for example_short_circuit_operator to 2025-04-12 00:00:00+00:00, run_after=2025-04-13 00:00:00+00:00
[2025-04-13T19:36:31.610+0000] {processor.py:183} INFO - Processing /home/airflow/.local/lib/python3.8/site-packages/airflow/example_dags/example_short_circuit_operator.py took 1.164 seconds
[2025-04-13T19:37:06.325+0000] {processor.py:161} INFO - Started process (PID=16389) to work on /home/airflow/.local/lib/python3.8/site-packages/airflow/example_dags/example_short_circuit_operator.py
[2025-04-13T19:37:06.326+0000] {processor.py:830} INFO - Processing file /home/airflow/.local/lib/python3.8/site-packages/airflow/example_dags/example_short_circuit_operator.py for tasks to queue
[2025-04-13T19:37:06.328+0000] {logging_mixin.py:188} INFO - [2025-04-13T19:37:06.328+0000] {dagbag.py:538} INFO - Filling up the DagBag from /home/airflow/.local/lib/python3.8/site-packages/airflow/example_dags/example_short_circuit_operator.py
[2025-04-13T19:37:06.337+0000] {processor.py:840} INFO - DAG(s) 'example_short_circuit_operator' retrieved from /home/airflow/.local/lib/python3.8/site-packages/airflow/example_dags/example_short_circuit_operator.py
[2025-04-13T19:37:06.370+0000] {logging_mixin.py:188} INFO - [2025-04-13T19:37:06.369+0000] {dag.py:3036} INFO - Sync 1 DAGs
[2025-04-13T19:37:06.404+0000] {logging_mixin.py:188} INFO - [2025-04-13T19:37:06.403+0000] {dag.py:3823} INFO - Setting next_dagrun for example_short_circuit_operator to 2025-04-12 00:00:00+00:00, run_after=2025-04-13 00:00:00+00:00
[2025-04-13T19:37:06.428+0000] {processor.py:183} INFO - Processing /home/airflow/.local/lib/python3.8/site-packages/airflow/example_dags/example_short_circuit_operator.py took 0.107 seconds
[2025-04-13T19:37:37.250+0000] {processor.py:161} INFO - Started process (PID=16445) to work on /home/airflow/.local/lib/python3.8/site-packages/airflow/example_dags/example_short_circuit_operator.py
[2025-04-13T19:37:37.261+0000] {processor.py:830} INFO - Processing file /home/airflow/.local/lib/python3.8/site-packages/airflow/example_dags/example_short_circuit_operator.py for tasks to queue
[2025-04-13T19:37:37.264+0000] {logging_mixin.py:188} INFO - [2025-04-13T19:37:37.263+0000] {dagbag.py:538} INFO - Filling up the DagBag from /home/airflow/.local/lib/python3.8/site-packages/airflow/example_dags/example_short_circuit_operator.py
[2025-04-13T19:37:37.290+0000] {processor.py:840} INFO - DAG(s) 'example_short_circuit_operator' retrieved from /home/airflow/.local/lib/python3.8/site-packages/airflow/example_dags/example_short_circuit_operator.py
[2025-04-13T19:37:37.350+0000] {logging_mixin.py:188} INFO - [2025-04-13T19:37:37.348+0000] {dag.py:3036} INFO - Sync 1 DAGs
[2025-04-13T19:37:37.438+0000] {logging_mixin.py:188} INFO - [2025-04-13T19:37:37.438+0000] {dag.py:3823} INFO - Setting next_dagrun for example_short_circuit_operator to 2025-04-12 00:00:00+00:00, run_after=2025-04-13 00:00:00+00:00
[2025-04-13T19:37:37.510+0000] {processor.py:183} INFO - Processing /home/airflow/.local/lib/python3.8/site-packages/airflow/example_dags/example_short_circuit_operator.py took 0.264 seconds
[2025-04-13T19:38:08.015+0000] {processor.py:161} INFO - Started process (PID=16501) to work on /home/airflow/.local/lib/python3.8/site-packages/airflow/example_dags/example_short_circuit_operator.py
[2025-04-13T19:38:08.016+0000] {processor.py:830} INFO - Processing file /home/airflow/.local/lib/python3.8/site-packages/airflow/example_dags/example_short_circuit_operator.py for tasks to queue
[2025-04-13T19:38:08.019+0000] {logging_mixin.py:188} INFO - [2025-04-13T19:38:08.018+0000] {dagbag.py:538} INFO - Filling up the DagBag from /home/airflow/.local/lib/python3.8/site-packages/airflow/example_dags/example_short_circuit_operator.py
[2025-04-13T19:38:08.028+0000] {processor.py:840} INFO - DAG(s) 'example_short_circuit_operator' retrieved from /home/airflow/.local/lib/python3.8/site-packages/airflow/example_dags/example_short_circuit_operator.py
[2025-04-13T19:38:08.054+0000] {logging_mixin.py:188} INFO - [2025-04-13T19:38:08.054+0000] {dag.py:3036} INFO - Sync 1 DAGs
[2025-04-13T19:38:08.079+0000] {logging_mixin.py:188} INFO - [2025-04-13T19:38:08.079+0000] {dag.py:3823} INFO - Setting next_dagrun for example_short_circuit_operator to 2025-04-12 00:00:00+00:00, run_after=2025-04-13 00:00:00+00:00
[2025-04-13T19:38:08.105+0000] {processor.py:183} INFO - Processing /home/airflow/.local/lib/python3.8/site-packages/airflow/example_dags/example_short_circuit_operator.py took 0.093 seconds
[2025-04-13T19:38:39.090+0000] {processor.py:161} INFO - Started process (PID=16557) to work on /home/airflow/.local/lib/python3.8/site-packages/airflow/example_dags/example_short_circuit_operator.py
[2025-04-13T19:38:39.092+0000] {processor.py:830} INFO - Processing file /home/airflow/.local/lib/python3.8/site-packages/airflow/example_dags/example_short_circuit_operator.py for tasks to queue
[2025-04-13T19:38:39.094+0000] {logging_mixin.py:188} INFO - [2025-04-13T19:38:39.094+0000] {dagbag.py:538} INFO - Filling up the DagBag from /home/airflow/.local/lib/python3.8/site-packages/airflow/example_dags/example_short_circuit_operator.py
[2025-04-13T19:38:39.104+0000] {processor.py:840} INFO - DAG(s) 'example_short_circuit_operator' retrieved from /home/airflow/.local/lib/python3.8/site-packages/airflow/example_dags/example_short_circuit_operator.py
[2025-04-13T19:38:39.134+0000] {logging_mixin.py:188} INFO - [2025-04-13T19:38:39.133+0000] {dag.py:3036} INFO - Sync 1 DAGs
[2025-04-13T19:38:39.164+0000] {logging_mixin.py:188} INFO - [2025-04-13T19:38:39.164+0000] {dag.py:3823} INFO - Setting next_dagrun for example_short_circuit_operator to 2025-04-12 00:00:00+00:00, run_after=2025-04-13 00:00:00+00:00
[2025-04-13T19:38:39.186+0000] {processor.py:183} INFO - Processing /home/airflow/.local/lib/python3.8/site-packages/airflow/example_dags/example_short_circuit_operator.py took 0.100 seconds
[2025-04-13T19:39:10.598+0000] {processor.py:161} INFO - Started process (PID=16613) to work on /home/airflow/.local/lib/python3.8/site-packages/airflow/example_dags/example_short_circuit_operator.py
[2025-04-13T19:39:10.599+0000] {processor.py:830} INFO - Processing file /home/airflow/.local/lib/python3.8/site-packages/airflow/example_dags/example_short_circuit_operator.py for tasks to queue
[2025-04-13T19:39:10.602+0000] {logging_mixin.py:188} INFO - [2025-04-13T19:39:10.601+0000] {dagbag.py:538} INFO - Filling up the DagBag from /home/airflow/.local/lib/python3.8/site-packages/airflow/example_dags/example_short_circuit_operator.py
[2025-04-13T19:39:10.613+0000] {processor.py:840} INFO - DAG(s) 'example_short_circuit_operator' retrieved from /home/airflow/.local/lib/python3.8/site-packages/airflow/example_dags/example_short_circuit_operator.py
[2025-04-13T19:39:10.642+0000] {logging_mixin.py:188} INFO - [2025-04-13T19:39:10.642+0000] {dag.py:3036} INFO - Sync 1 DAGs
[2025-04-13T19:39:10.679+0000] {logging_mixin.py:188} INFO - [2025-04-13T19:39:10.679+0000] {dag.py:3823} INFO - Setting next_dagrun for example_short_circuit_operator to 2025-04-12 00:00:00+00:00, run_after=2025-04-13 00:00:00+00:00
[2025-04-13T19:39:10.868+0000] {processor.py:183} INFO - Processing /home/airflow/.local/lib/python3.8/site-packages/airflow/example_dags/example_short_circuit_operator.py took 0.274 seconds
[2025-04-13T19:39:46.337+0000] {processor.py:161} INFO - Started process (PID=16669) to work on /home/airflow/.local/lib/python3.8/site-packages/airflow/example_dags/example_short_circuit_operator.py
[2025-04-13T19:39:46.339+0000] {processor.py:830} INFO - Processing file /home/airflow/.local/lib/python3.8/site-packages/airflow/example_dags/example_short_circuit_operator.py for tasks to queue
[2025-04-13T19:39:46.342+0000] {logging_mixin.py:188} INFO - [2025-04-13T19:39:46.341+0000] {dagbag.py:538} INFO - Filling up the DagBag from /home/airflow/.local/lib/python3.8/site-packages/airflow/example_dags/example_short_circuit_operator.py
[2025-04-13T19:39:46.359+0000] {processor.py:840} INFO - DAG(s) 'example_short_circuit_operator' retrieved from /home/airflow/.local/lib/python3.8/site-packages/airflow/example_dags/example_short_circuit_operator.py
[2025-04-13T19:39:46.445+0000] {logging_mixin.py:188} INFO - [2025-04-13T19:39:46.445+0000] {dag.py:3036} INFO - Sync 1 DAGs
[2025-04-13T19:39:46.538+0000] {logging_mixin.py:188} INFO - [2025-04-13T19:39:46.538+0000] {dag.py:3823} INFO - Setting next_dagrun for example_short_circuit_operator to 2025-04-12 00:00:00+00:00, run_after=2025-04-13 00:00:00+00:00
[2025-04-13T19:39:46.610+0000] {processor.py:183} INFO - Processing /home/airflow/.local/lib/python3.8/site-packages/airflow/example_dags/example_short_circuit_operator.py took 0.282 seconds
