[2025-04-13T14:51:23.899+0000] {processor.py:161} INFO - Started process (PID=88) to work on /home/airflow/.local/lib/python3.8/site-packages/airflow/example_dags/example_local_kubernetes_executor.py
[2025-04-13T14:51:23.901+0000] {processor.py:830} INFO - Processing file /home/airflow/.local/lib/python3.8/site-packages/airflow/example_dags/example_local_kubernetes_executor.py for tasks to queue
[2025-04-13T14:51:23.911+0000] {logging_mixin.py:188} INFO - [2025-04-13T14:51:23.909+0000] {dagbag.py:538} INFO - Filling up the DagBag from /home/airflow/.local/lib/python3.8/site-packages/airflow/example_dags/example_local_kubernetes_executor.py
[2025-04-13T14:51:23.963+0000] {processor.py:840} INFO - DAG(s) 'example_local_kubernetes_executor' retrieved from /home/airflow/.local/lib/python3.8/site-packages/airflow/example_dags/example_local_kubernetes_executor.py
[2025-04-13T14:51:24.344+0000] {logging_mixin.py:188} INFO - [2025-04-13T14:51:24.343+0000] {dag.py:3036} INFO - Sync 1 DAGs
[2025-04-13T14:51:24.373+0000] {logging_mixin.py:188} INFO - [2025-04-13T14:51:24.372+0000] {dag.py:3823} INFO - Setting next_dagrun for example_local_kubernetes_executor to None, run_after=None
[2025-04-13T14:51:24.462+0000] {processor.py:183} INFO - Processing /home/airflow/.local/lib/python3.8/site-packages/airflow/example_dags/example_local_kubernetes_executor.py took 0.567 seconds
[2025-04-13T14:51:54.680+0000] {processor.py:161} INFO - Started process (PID=143) to work on /home/airflow/.local/lib/python3.8/site-packages/airflow/example_dags/example_local_kubernetes_executor.py
[2025-04-13T14:51:54.691+0000] {processor.py:830} INFO - Processing file /home/airflow/.local/lib/python3.8/site-packages/airflow/example_dags/example_local_kubernetes_executor.py for tasks to queue
[2025-04-13T14:51:54.704+0000] {logging_mixin.py:188} INFO - [2025-04-13T14:51:54.704+0000] {dagbag.py:538} INFO - Filling up the DagBag from /home/airflow/.local/lib/python3.8/site-packages/airflow/example_dags/example_local_kubernetes_executor.py
[2025-04-13T14:51:54.727+0000] {processor.py:840} INFO - DAG(s) 'example_local_kubernetes_executor' retrieved from /home/airflow/.local/lib/python3.8/site-packages/airflow/example_dags/example_local_kubernetes_executor.py
[2025-04-13T14:51:54.830+0000] {logging_mixin.py:188} INFO - [2025-04-13T14:51:54.829+0000] {dag.py:3036} INFO - Sync 1 DAGs
[2025-04-13T14:51:54.875+0000] {logging_mixin.py:188} INFO - [2025-04-13T14:51:54.875+0000] {dag.py:3823} INFO - Setting next_dagrun for example_local_kubernetes_executor to None, run_after=None
[2025-04-13T14:51:54.959+0000] {processor.py:183} INFO - Processing /home/airflow/.local/lib/python3.8/site-packages/airflow/example_dags/example_local_kubernetes_executor.py took 0.298 seconds
[2025-04-13T14:55:33.927+0000] {processor.py:161} INFO - Started process (PID=90) to work on /home/airflow/.local/lib/python3.8/site-packages/airflow/example_dags/example_local_kubernetes_executor.py
[2025-04-13T14:55:33.935+0000] {processor.py:830} INFO - Processing file /home/airflow/.local/lib/python3.8/site-packages/airflow/example_dags/example_local_kubernetes_executor.py for tasks to queue
[2025-04-13T14:55:33.952+0000] {logging_mixin.py:188} INFO - [2025-04-13T14:55:33.949+0000] {dagbag.py:538} INFO - Filling up the DagBag from /home/airflow/.local/lib/python3.8/site-packages/airflow/example_dags/example_local_kubernetes_executor.py
[2025-04-13T14:55:34.211+0000] {processor.py:840} INFO - DAG(s) 'example_local_kubernetes_executor' retrieved from /home/airflow/.local/lib/python3.8/site-packages/airflow/example_dags/example_local_kubernetes_executor.py
[2025-04-13T14:55:34.817+0000] {logging_mixin.py:188} INFO - [2025-04-13T14:55:34.817+0000] {dag.py:3036} INFO - Sync 1 DAGs
[2025-04-13T14:55:34.930+0000] {logging_mixin.py:188} INFO - [2025-04-13T14:55:34.929+0000] {dag.py:3823} INFO - Setting next_dagrun for example_local_kubernetes_executor to None, run_after=None
[2025-04-13T14:55:35.023+0000] {processor.py:183} INFO - Processing /home/airflow/.local/lib/python3.8/site-packages/airflow/example_dags/example_local_kubernetes_executor.py took 1.162 seconds
[2025-04-13T14:56:05.749+0000] {processor.py:161} INFO - Started process (PID=145) to work on /home/airflow/.local/lib/python3.8/site-packages/airflow/example_dags/example_local_kubernetes_executor.py
[2025-04-13T14:56:05.757+0000] {processor.py:830} INFO - Processing file /home/airflow/.local/lib/python3.8/site-packages/airflow/example_dags/example_local_kubernetes_executor.py for tasks to queue
[2025-04-13T14:56:05.760+0000] {logging_mixin.py:188} INFO - [2025-04-13T14:56:05.759+0000] {dagbag.py:538} INFO - Filling up the DagBag from /home/airflow/.local/lib/python3.8/site-packages/airflow/example_dags/example_local_kubernetes_executor.py
[2025-04-13T14:56:05.781+0000] {processor.py:840} INFO - DAG(s) 'example_local_kubernetes_executor' retrieved from /home/airflow/.local/lib/python3.8/site-packages/airflow/example_dags/example_local_kubernetes_executor.py
[2025-04-13T14:56:05.928+0000] {logging_mixin.py:188} INFO - [2025-04-13T14:56:05.927+0000] {dag.py:3036} INFO - Sync 1 DAGs
[2025-04-13T14:56:05.970+0000] {logging_mixin.py:188} INFO - [2025-04-13T14:56:05.967+0000] {dag.py:3823} INFO - Setting next_dagrun for example_local_kubernetes_executor to None, run_after=None
[2025-04-13T14:56:06.060+0000] {processor.py:183} INFO - Processing /home/airflow/.local/lib/python3.8/site-packages/airflow/example_dags/example_local_kubernetes_executor.py took 0.315 seconds
[2025-04-13T14:56:43.446+0000] {processor.py:161} INFO - Started process (PID=200) to work on /home/airflow/.local/lib/python3.8/site-packages/airflow/example_dags/example_local_kubernetes_executor.py
[2025-04-13T14:56:43.448+0000] {processor.py:830} INFO - Processing file /home/airflow/.local/lib/python3.8/site-packages/airflow/example_dags/example_local_kubernetes_executor.py for tasks to queue
[2025-04-13T14:56:43.455+0000] {logging_mixin.py:188} INFO - [2025-04-13T14:56:43.451+0000] {dagbag.py:538} INFO - Filling up the DagBag from /home/airflow/.local/lib/python3.8/site-packages/airflow/example_dags/example_local_kubernetes_executor.py
[2025-04-13T14:56:43.469+0000] {processor.py:840} INFO - DAG(s) 'example_local_kubernetes_executor' retrieved from /home/airflow/.local/lib/python3.8/site-packages/airflow/example_dags/example_local_kubernetes_executor.py
[2025-04-13T14:56:43.524+0000] {logging_mixin.py:188} INFO - [2025-04-13T14:56:43.524+0000] {dag.py:3036} INFO - Sync 1 DAGs
[2025-04-13T14:56:43.552+0000] {logging_mixin.py:188} INFO - [2025-04-13T14:56:43.552+0000] {dag.py:3823} INFO - Setting next_dagrun for example_local_kubernetes_executor to None, run_after=None
[2025-04-13T14:56:43.603+0000] {processor.py:183} INFO - Processing /home/airflow/.local/lib/python3.8/site-packages/airflow/example_dags/example_local_kubernetes_executor.py took 0.161 seconds
[2025-04-13T14:57:14.006+0000] {processor.py:161} INFO - Started process (PID=255) to work on /home/airflow/.local/lib/python3.8/site-packages/airflow/example_dags/example_local_kubernetes_executor.py
[2025-04-13T14:57:14.007+0000] {processor.py:830} INFO - Processing file /home/airflow/.local/lib/python3.8/site-packages/airflow/example_dags/example_local_kubernetes_executor.py for tasks to queue
[2025-04-13T14:57:14.009+0000] {logging_mixin.py:188} INFO - [2025-04-13T14:57:14.009+0000] {dagbag.py:538} INFO - Filling up the DagBag from /home/airflow/.local/lib/python3.8/site-packages/airflow/example_dags/example_local_kubernetes_executor.py
[2025-04-13T14:57:14.018+0000] {processor.py:840} INFO - DAG(s) 'example_local_kubernetes_executor' retrieved from /home/airflow/.local/lib/python3.8/site-packages/airflow/example_dags/example_local_kubernetes_executor.py
[2025-04-13T14:57:14.031+0000] {logging_mixin.py:188} INFO - [2025-04-13T14:57:14.031+0000] {dag.py:3036} INFO - Sync 1 DAGs
[2025-04-13T14:57:14.047+0000] {logging_mixin.py:188} INFO - [2025-04-13T14:57:14.046+0000] {dag.py:3823} INFO - Setting next_dagrun for example_local_kubernetes_executor to None, run_after=None
[2025-04-13T14:57:14.070+0000] {processor.py:183} INFO - Processing /home/airflow/.local/lib/python3.8/site-packages/airflow/example_dags/example_local_kubernetes_executor.py took 0.068 seconds
[2025-04-13T14:57:45.064+0000] {processor.py:161} INFO - Started process (PID=310) to work on /home/airflow/.local/lib/python3.8/site-packages/airflow/example_dags/example_local_kubernetes_executor.py
[2025-04-13T14:57:45.065+0000] {processor.py:830} INFO - Processing file /home/airflow/.local/lib/python3.8/site-packages/airflow/example_dags/example_local_kubernetes_executor.py for tasks to queue
[2025-04-13T14:57:45.067+0000] {logging_mixin.py:188} INFO - [2025-04-13T14:57:45.067+0000] {dagbag.py:538} INFO - Filling up the DagBag from /home/airflow/.local/lib/python3.8/site-packages/airflow/example_dags/example_local_kubernetes_executor.py
[2025-04-13T14:57:45.078+0000] {processor.py:840} INFO - DAG(s) 'example_local_kubernetes_executor' retrieved from /home/airflow/.local/lib/python3.8/site-packages/airflow/example_dags/example_local_kubernetes_executor.py
[2025-04-13T14:57:45.235+0000] {logging_mixin.py:188} INFO - [2025-04-13T14:57:45.235+0000] {dag.py:3036} INFO - Sync 1 DAGs
[2025-04-13T14:57:45.247+0000] {logging_mixin.py:188} INFO - [2025-04-13T14:57:45.247+0000] {dag.py:3823} INFO - Setting next_dagrun for example_local_kubernetes_executor to None, run_after=None
[2025-04-13T14:57:45.272+0000] {processor.py:183} INFO - Processing /home/airflow/.local/lib/python3.8/site-packages/airflow/example_dags/example_local_kubernetes_executor.py took 0.212 seconds
[2025-04-13T14:58:15.589+0000] {processor.py:161} INFO - Started process (PID=365) to work on /home/airflow/.local/lib/python3.8/site-packages/airflow/example_dags/example_local_kubernetes_executor.py
[2025-04-13T14:58:15.590+0000] {processor.py:830} INFO - Processing file /home/airflow/.local/lib/python3.8/site-packages/airflow/example_dags/example_local_kubernetes_executor.py for tasks to queue
[2025-04-13T14:58:15.592+0000] {logging_mixin.py:188} INFO - [2025-04-13T14:58:15.592+0000] {dagbag.py:538} INFO - Filling up the DagBag from /home/airflow/.local/lib/python3.8/site-packages/airflow/example_dags/example_local_kubernetes_executor.py
[2025-04-13T14:58:15.603+0000] {processor.py:840} INFO - DAG(s) 'example_local_kubernetes_executor' retrieved from /home/airflow/.local/lib/python3.8/site-packages/airflow/example_dags/example_local_kubernetes_executor.py
[2025-04-13T14:58:15.640+0000] {logging_mixin.py:188} INFO - [2025-04-13T14:58:15.640+0000] {dag.py:3036} INFO - Sync 1 DAGs
[2025-04-13T14:58:15.665+0000] {logging_mixin.py:188} INFO - [2025-04-13T14:58:15.664+0000] {dag.py:3823} INFO - Setting next_dagrun for example_local_kubernetes_executor to None, run_after=None
[2025-04-13T14:58:15.692+0000] {processor.py:183} INFO - Processing /home/airflow/.local/lib/python3.8/site-packages/airflow/example_dags/example_local_kubernetes_executor.py took 0.108 seconds
[2025-04-13T14:58:48.847+0000] {processor.py:161} INFO - Started process (PID=420) to work on /home/airflow/.local/lib/python3.8/site-packages/airflow/example_dags/example_local_kubernetes_executor.py
[2025-04-13T14:58:48.849+0000] {processor.py:830} INFO - Processing file /home/airflow/.local/lib/python3.8/site-packages/airflow/example_dags/example_local_kubernetes_executor.py for tasks to queue
[2025-04-13T14:58:48.852+0000] {logging_mixin.py:188} INFO - [2025-04-13T14:58:48.851+0000] {dagbag.py:538} INFO - Filling up the DagBag from /home/airflow/.local/lib/python3.8/site-packages/airflow/example_dags/example_local_kubernetes_executor.py
[2025-04-13T14:58:48.862+0000] {processor.py:840} INFO - DAG(s) 'example_local_kubernetes_executor' retrieved from /home/airflow/.local/lib/python3.8/site-packages/airflow/example_dags/example_local_kubernetes_executor.py
[2025-04-13T14:58:48.917+0000] {logging_mixin.py:188} INFO - [2025-04-13T14:58:48.917+0000] {dag.py:3036} INFO - Sync 1 DAGs
[2025-04-13T14:58:48.946+0000] {logging_mixin.py:188} INFO - [2025-04-13T14:58:48.946+0000] {dag.py:3823} INFO - Setting next_dagrun for example_local_kubernetes_executor to None, run_after=None
[2025-04-13T14:58:49.008+0000] {processor.py:183} INFO - Processing /home/airflow/.local/lib/python3.8/site-packages/airflow/example_dags/example_local_kubernetes_executor.py took 0.165 seconds
[2025-04-13T14:59:22.197+0000] {processor.py:161} INFO - Started process (PID=475) to work on /home/airflow/.local/lib/python3.8/site-packages/airflow/example_dags/example_local_kubernetes_executor.py
[2025-04-13T14:59:22.199+0000] {processor.py:830} INFO - Processing file /home/airflow/.local/lib/python3.8/site-packages/airflow/example_dags/example_local_kubernetes_executor.py for tasks to queue
[2025-04-13T14:59:22.210+0000] {logging_mixin.py:188} INFO - [2025-04-13T14:59:22.208+0000] {dagbag.py:538} INFO - Filling up the DagBag from /home/airflow/.local/lib/python3.8/site-packages/airflow/example_dags/example_local_kubernetes_executor.py
[2025-04-13T14:59:22.259+0000] {processor.py:840} INFO - DAG(s) 'example_local_kubernetes_executor' retrieved from /home/airflow/.local/lib/python3.8/site-packages/airflow/example_dags/example_local_kubernetes_executor.py
[2025-04-13T14:59:22.388+0000] {logging_mixin.py:188} INFO - [2025-04-13T14:59:22.388+0000] {dag.py:3036} INFO - Sync 1 DAGs
[2025-04-13T14:59:22.441+0000] {logging_mixin.py:188} INFO - [2025-04-13T14:59:22.441+0000] {dag.py:3823} INFO - Setting next_dagrun for example_local_kubernetes_executor to None, run_after=None
[2025-04-13T14:59:22.513+0000] {processor.py:183} INFO - Processing /home/airflow/.local/lib/python3.8/site-packages/airflow/example_dags/example_local_kubernetes_executor.py took 0.329 seconds
[2025-04-13T14:59:53.502+0000] {processor.py:161} INFO - Started process (PID=530) to work on /home/airflow/.local/lib/python3.8/site-packages/airflow/example_dags/example_local_kubernetes_executor.py
[2025-04-13T14:59:53.503+0000] {processor.py:830} INFO - Processing file /home/airflow/.local/lib/python3.8/site-packages/airflow/example_dags/example_local_kubernetes_executor.py for tasks to queue
[2025-04-13T14:59:53.506+0000] {logging_mixin.py:188} INFO - [2025-04-13T14:59:53.505+0000] {dagbag.py:538} INFO - Filling up the DagBag from /home/airflow/.local/lib/python3.8/site-packages/airflow/example_dags/example_local_kubernetes_executor.py
[2025-04-13T14:59:53.516+0000] {processor.py:840} INFO - DAG(s) 'example_local_kubernetes_executor' retrieved from /home/airflow/.local/lib/python3.8/site-packages/airflow/example_dags/example_local_kubernetes_executor.py
[2025-04-13T14:59:53.562+0000] {logging_mixin.py:188} INFO - [2025-04-13T14:59:53.561+0000] {dag.py:3036} INFO - Sync 1 DAGs
[2025-04-13T14:59:53.583+0000] {logging_mixin.py:188} INFO - [2025-04-13T14:59:53.583+0000] {dag.py:3823} INFO - Setting next_dagrun for example_local_kubernetes_executor to None, run_after=None
[2025-04-13T14:59:53.611+0000] {processor.py:183} INFO - Processing /home/airflow/.local/lib/python3.8/site-packages/airflow/example_dags/example_local_kubernetes_executor.py took 0.114 seconds
[2025-04-13T15:00:27.891+0000] {processor.py:161} INFO - Started process (PID=585) to work on /home/airflow/.local/lib/python3.8/site-packages/airflow/example_dags/example_local_kubernetes_executor.py
[2025-04-13T15:00:27.906+0000] {processor.py:830} INFO - Processing file /home/airflow/.local/lib/python3.8/site-packages/airflow/example_dags/example_local_kubernetes_executor.py for tasks to queue
[2025-04-13T15:00:27.911+0000] {logging_mixin.py:188} INFO - [2025-04-13T15:00:27.910+0000] {dagbag.py:538} INFO - Filling up the DagBag from /home/airflow/.local/lib/python3.8/site-packages/airflow/example_dags/example_local_kubernetes_executor.py
[2025-04-13T15:00:27.952+0000] {processor.py:840} INFO - DAG(s) 'example_local_kubernetes_executor' retrieved from /home/airflow/.local/lib/python3.8/site-packages/airflow/example_dags/example_local_kubernetes_executor.py
[2025-04-13T15:00:28.148+0000] {logging_mixin.py:188} INFO - [2025-04-13T15:00:28.148+0000] {dag.py:3036} INFO - Sync 1 DAGs
[2025-04-13T15:00:28.220+0000] {logging_mixin.py:188} INFO - [2025-04-13T15:00:28.220+0000] {dag.py:3823} INFO - Setting next_dagrun for example_local_kubernetes_executor to None, run_after=None
[2025-04-13T15:00:28.315+0000] {processor.py:183} INFO - Processing /home/airflow/.local/lib/python3.8/site-packages/airflow/example_dags/example_local_kubernetes_executor.py took 0.438 seconds
[2025-04-13T15:00:58.947+0000] {processor.py:161} INFO - Started process (PID=640) to work on /home/airflow/.local/lib/python3.8/site-packages/airflow/example_dags/example_local_kubernetes_executor.py
[2025-04-13T15:00:58.961+0000] {processor.py:830} INFO - Processing file /home/airflow/.local/lib/python3.8/site-packages/airflow/example_dags/example_local_kubernetes_executor.py for tasks to queue
[2025-04-13T15:00:58.963+0000] {logging_mixin.py:188} INFO - [2025-04-13T15:00:58.963+0000] {dagbag.py:538} INFO - Filling up the DagBag from /home/airflow/.local/lib/python3.8/site-packages/airflow/example_dags/example_local_kubernetes_executor.py
[2025-04-13T15:00:58.977+0000] {processor.py:840} INFO - DAG(s) 'example_local_kubernetes_executor' retrieved from /home/airflow/.local/lib/python3.8/site-packages/airflow/example_dags/example_local_kubernetes_executor.py
[2025-04-13T15:00:59.015+0000] {logging_mixin.py:188} INFO - [2025-04-13T15:00:59.015+0000] {dag.py:3036} INFO - Sync 1 DAGs
[2025-04-13T15:00:59.045+0000] {logging_mixin.py:188} INFO - [2025-04-13T15:00:59.044+0000] {dag.py:3823} INFO - Setting next_dagrun for example_local_kubernetes_executor to None, run_after=None
[2025-04-13T15:00:59.085+0000] {processor.py:183} INFO - Processing /home/airflow/.local/lib/python3.8/site-packages/airflow/example_dags/example_local_kubernetes_executor.py took 0.143 seconds
[2025-04-13T15:01:31.068+0000] {processor.py:161} INFO - Started process (PID=696) to work on /home/airflow/.local/lib/python3.8/site-packages/airflow/example_dags/example_local_kubernetes_executor.py
[2025-04-13T15:01:31.070+0000] {processor.py:830} INFO - Processing file /home/airflow/.local/lib/python3.8/site-packages/airflow/example_dags/example_local_kubernetes_executor.py for tasks to queue
[2025-04-13T15:01:31.074+0000] {logging_mixin.py:188} INFO - [2025-04-13T15:01:31.074+0000] {dagbag.py:538} INFO - Filling up the DagBag from /home/airflow/.local/lib/python3.8/site-packages/airflow/example_dags/example_local_kubernetes_executor.py
[2025-04-13T15:01:31.089+0000] {processor.py:840} INFO - DAG(s) 'example_local_kubernetes_executor' retrieved from /home/airflow/.local/lib/python3.8/site-packages/airflow/example_dags/example_local_kubernetes_executor.py
[2025-04-13T15:01:31.142+0000] {logging_mixin.py:188} INFO - [2025-04-13T15:01:31.141+0000] {dag.py:3036} INFO - Sync 1 DAGs
[2025-04-13T15:01:31.166+0000] {logging_mixin.py:188} INFO - [2025-04-13T15:01:31.166+0000] {dag.py:3823} INFO - Setting next_dagrun for example_local_kubernetes_executor to None, run_after=None
[2025-04-13T15:01:31.202+0000] {processor.py:183} INFO - Processing /home/airflow/.local/lib/python3.8/site-packages/airflow/example_dags/example_local_kubernetes_executor.py took 0.139 seconds
[2025-04-13T15:02:03.822+0000] {processor.py:161} INFO - Started process (PID=753) to work on /home/airflow/.local/lib/python3.8/site-packages/airflow/example_dags/example_local_kubernetes_executor.py
[2025-04-13T15:02:03.824+0000] {processor.py:830} INFO - Processing file /home/airflow/.local/lib/python3.8/site-packages/airflow/example_dags/example_local_kubernetes_executor.py for tasks to queue
[2025-04-13T15:02:03.827+0000] {logging_mixin.py:188} INFO - [2025-04-13T15:02:03.826+0000] {dagbag.py:538} INFO - Filling up the DagBag from /home/airflow/.local/lib/python3.8/site-packages/airflow/example_dags/example_local_kubernetes_executor.py
[2025-04-13T15:02:03.845+0000] {processor.py:840} INFO - DAG(s) 'example_local_kubernetes_executor' retrieved from /home/airflow/.local/lib/python3.8/site-packages/airflow/example_dags/example_local_kubernetes_executor.py
[2025-04-13T15:02:03.916+0000] {logging_mixin.py:188} INFO - [2025-04-13T15:02:03.915+0000] {dag.py:3036} INFO - Sync 1 DAGs
[2025-04-13T15:02:03.935+0000] {logging_mixin.py:188} INFO - [2025-04-13T15:02:03.935+0000] {dag.py:3823} INFO - Setting next_dagrun for example_local_kubernetes_executor to None, run_after=None
[2025-04-13T15:02:04.019+0000] {processor.py:183} INFO - Processing /home/airflow/.local/lib/python3.8/site-packages/airflow/example_dags/example_local_kubernetes_executor.py took 0.203 seconds
[2025-04-13T15:02:35.739+0000] {processor.py:161} INFO - Started process (PID=811) to work on /home/airflow/.local/lib/python3.8/site-packages/airflow/example_dags/example_local_kubernetes_executor.py
[2025-04-13T15:02:35.740+0000] {processor.py:830} INFO - Processing file /home/airflow/.local/lib/python3.8/site-packages/airflow/example_dags/example_local_kubernetes_executor.py for tasks to queue
[2025-04-13T15:02:35.742+0000] {logging_mixin.py:188} INFO - [2025-04-13T15:02:35.742+0000] {dagbag.py:538} INFO - Filling up the DagBag from /home/airflow/.local/lib/python3.8/site-packages/airflow/example_dags/example_local_kubernetes_executor.py
[2025-04-13T15:02:35.753+0000] {processor.py:840} INFO - DAG(s) 'example_local_kubernetes_executor' retrieved from /home/airflow/.local/lib/python3.8/site-packages/airflow/example_dags/example_local_kubernetes_executor.py
[2025-04-13T15:02:35.790+0000] {logging_mixin.py:188} INFO - [2025-04-13T15:02:35.790+0000] {dag.py:3036} INFO - Sync 1 DAGs
[2025-04-13T15:02:35.803+0000] {logging_mixin.py:188} INFO - [2025-04-13T15:02:35.803+0000] {dag.py:3823} INFO - Setting next_dagrun for example_local_kubernetes_executor to None, run_after=None
[2025-04-13T15:02:35.826+0000] {processor.py:183} INFO - Processing /home/airflow/.local/lib/python3.8/site-packages/airflow/example_dags/example_local_kubernetes_executor.py took 0.092 seconds
[2025-04-13T15:03:08.818+0000] {processor.py:161} INFO - Started process (PID=866) to work on /home/airflow/.local/lib/python3.8/site-packages/airflow/example_dags/example_local_kubernetes_executor.py
[2025-04-13T15:03:08.819+0000] {processor.py:830} INFO - Processing file /home/airflow/.local/lib/python3.8/site-packages/airflow/example_dags/example_local_kubernetes_executor.py for tasks to queue
[2025-04-13T15:03:08.825+0000] {logging_mixin.py:188} INFO - [2025-04-13T15:03:08.824+0000] {dagbag.py:538} INFO - Filling up the DagBag from /home/airflow/.local/lib/python3.8/site-packages/airflow/example_dags/example_local_kubernetes_executor.py
[2025-04-13T15:03:08.837+0000] {processor.py:840} INFO - DAG(s) 'example_local_kubernetes_executor' retrieved from /home/airflow/.local/lib/python3.8/site-packages/airflow/example_dags/example_local_kubernetes_executor.py
[2025-04-13T15:03:08.881+0000] {logging_mixin.py:188} INFO - [2025-04-13T15:03:08.880+0000] {dag.py:3036} INFO - Sync 1 DAGs
[2025-04-13T15:03:08.901+0000] {logging_mixin.py:188} INFO - [2025-04-13T15:03:08.900+0000] {dag.py:3823} INFO - Setting next_dagrun for example_local_kubernetes_executor to None, run_after=None
[2025-04-13T15:03:08.929+0000] {processor.py:183} INFO - Processing /home/airflow/.local/lib/python3.8/site-packages/airflow/example_dags/example_local_kubernetes_executor.py took 0.115 seconds
[2025-04-13T15:03:41.294+0000] {processor.py:161} INFO - Started process (PID=921) to work on /home/airflow/.local/lib/python3.8/site-packages/airflow/example_dags/example_local_kubernetes_executor.py
[2025-04-13T15:03:41.296+0000] {processor.py:830} INFO - Processing file /home/airflow/.local/lib/python3.8/site-packages/airflow/example_dags/example_local_kubernetes_executor.py for tasks to queue
[2025-04-13T15:03:41.298+0000] {logging_mixin.py:188} INFO - [2025-04-13T15:03:41.297+0000] {dagbag.py:538} INFO - Filling up the DagBag from /home/airflow/.local/lib/python3.8/site-packages/airflow/example_dags/example_local_kubernetes_executor.py
[2025-04-13T15:03:41.305+0000] {processor.py:840} INFO - DAG(s) 'example_local_kubernetes_executor' retrieved from /home/airflow/.local/lib/python3.8/site-packages/airflow/example_dags/example_local_kubernetes_executor.py
[2025-04-13T15:03:41.339+0000] {logging_mixin.py:188} INFO - [2025-04-13T15:03:41.339+0000] {dag.py:3036} INFO - Sync 1 DAGs
[2025-04-13T15:03:41.354+0000] {logging_mixin.py:188} INFO - [2025-04-13T15:03:41.354+0000] {dag.py:3823} INFO - Setting next_dagrun for example_local_kubernetes_executor to None, run_after=None
[2025-04-13T15:03:41.380+0000] {processor.py:183} INFO - Processing /home/airflow/.local/lib/python3.8/site-packages/airflow/example_dags/example_local_kubernetes_executor.py took 0.091 seconds
[2025-04-13T15:04:14.090+0000] {processor.py:161} INFO - Started process (PID=978) to work on /home/airflow/.local/lib/python3.8/site-packages/airflow/example_dags/example_local_kubernetes_executor.py
[2025-04-13T15:04:14.092+0000] {processor.py:830} INFO - Processing file /home/airflow/.local/lib/python3.8/site-packages/airflow/example_dags/example_local_kubernetes_executor.py for tasks to queue
[2025-04-13T15:04:14.094+0000] {logging_mixin.py:188} INFO - [2025-04-13T15:04:14.094+0000] {dagbag.py:538} INFO - Filling up the DagBag from /home/airflow/.local/lib/python3.8/site-packages/airflow/example_dags/example_local_kubernetes_executor.py
[2025-04-13T15:04:14.104+0000] {processor.py:840} INFO - DAG(s) 'example_local_kubernetes_executor' retrieved from /home/airflow/.local/lib/python3.8/site-packages/airflow/example_dags/example_local_kubernetes_executor.py
[2025-04-13T15:04:14.175+0000] {logging_mixin.py:188} INFO - [2025-04-13T15:04:14.175+0000] {dag.py:3036} INFO - Sync 1 DAGs
[2025-04-13T15:04:14.199+0000] {logging_mixin.py:188} INFO - [2025-04-13T15:04:14.199+0000] {dag.py:3823} INFO - Setting next_dagrun for example_local_kubernetes_executor to None, run_after=None
[2025-04-13T15:04:14.249+0000] {processor.py:183} INFO - Processing /home/airflow/.local/lib/python3.8/site-packages/airflow/example_dags/example_local_kubernetes_executor.py took 0.162 seconds
[2025-04-13T15:04:47.232+0000] {processor.py:161} INFO - Started process (PID=1034) to work on /home/airflow/.local/lib/python3.8/site-packages/airflow/example_dags/example_local_kubernetes_executor.py
[2025-04-13T15:04:47.234+0000] {processor.py:830} INFO - Processing file /home/airflow/.local/lib/python3.8/site-packages/airflow/example_dags/example_local_kubernetes_executor.py for tasks to queue
[2025-04-13T15:04:47.236+0000] {logging_mixin.py:188} INFO - [2025-04-13T15:04:47.236+0000] {dagbag.py:538} INFO - Filling up the DagBag from /home/airflow/.local/lib/python3.8/site-packages/airflow/example_dags/example_local_kubernetes_executor.py
[2025-04-13T15:04:47.246+0000] {processor.py:840} INFO - DAG(s) 'example_local_kubernetes_executor' retrieved from /home/airflow/.local/lib/python3.8/site-packages/airflow/example_dags/example_local_kubernetes_executor.py
[2025-04-13T15:04:47.297+0000] {logging_mixin.py:188} INFO - [2025-04-13T15:04:47.297+0000] {dag.py:3036} INFO - Sync 1 DAGs
[2025-04-13T15:04:47.319+0000] {logging_mixin.py:188} INFO - [2025-04-13T15:04:47.319+0000] {dag.py:3823} INFO - Setting next_dagrun for example_local_kubernetes_executor to None, run_after=None
[2025-04-13T15:04:47.352+0000] {processor.py:183} INFO - Processing /home/airflow/.local/lib/python3.8/site-packages/airflow/example_dags/example_local_kubernetes_executor.py took 0.124 seconds
[2025-04-13T15:05:22.097+0000] {processor.py:161} INFO - Started process (PID=1089) to work on /home/airflow/.local/lib/python3.8/site-packages/airflow/example_dags/example_local_kubernetes_executor.py
[2025-04-13T15:05:22.101+0000] {processor.py:830} INFO - Processing file /home/airflow/.local/lib/python3.8/site-packages/airflow/example_dags/example_local_kubernetes_executor.py for tasks to queue
[2025-04-13T15:05:22.105+0000] {logging_mixin.py:188} INFO - [2025-04-13T15:05:22.104+0000] {dagbag.py:538} INFO - Filling up the DagBag from /home/airflow/.local/lib/python3.8/site-packages/airflow/example_dags/example_local_kubernetes_executor.py
[2025-04-13T15:05:22.125+0000] {processor.py:840} INFO - DAG(s) 'example_local_kubernetes_executor' retrieved from /home/airflow/.local/lib/python3.8/site-packages/airflow/example_dags/example_local_kubernetes_executor.py
[2025-04-13T15:05:22.285+0000] {logging_mixin.py:188} INFO - [2025-04-13T15:05:22.285+0000] {dag.py:3036} INFO - Sync 1 DAGs
[2025-04-13T15:05:22.313+0000] {logging_mixin.py:188} INFO - [2025-04-13T15:05:22.312+0000] {dag.py:3823} INFO - Setting next_dagrun for example_local_kubernetes_executor to None, run_after=None
[2025-04-13T15:05:22.342+0000] {processor.py:183} INFO - Processing /home/airflow/.local/lib/python3.8/site-packages/airflow/example_dags/example_local_kubernetes_executor.py took 0.251 seconds
[2025-04-13T15:05:52.557+0000] {processor.py:161} INFO - Started process (PID=1145) to work on /home/airflow/.local/lib/python3.8/site-packages/airflow/example_dags/example_local_kubernetes_executor.py
[2025-04-13T15:05:52.559+0000] {processor.py:830} INFO - Processing file /home/airflow/.local/lib/python3.8/site-packages/airflow/example_dags/example_local_kubernetes_executor.py for tasks to queue
[2025-04-13T15:05:52.561+0000] {logging_mixin.py:188} INFO - [2025-04-13T15:05:52.561+0000] {dagbag.py:538} INFO - Filling up the DagBag from /home/airflow/.local/lib/python3.8/site-packages/airflow/example_dags/example_local_kubernetes_executor.py
[2025-04-13T15:05:52.570+0000] {processor.py:840} INFO - DAG(s) 'example_local_kubernetes_executor' retrieved from /home/airflow/.local/lib/python3.8/site-packages/airflow/example_dags/example_local_kubernetes_executor.py
[2025-04-13T15:05:52.610+0000] {logging_mixin.py:188} INFO - [2025-04-13T15:05:52.610+0000] {dag.py:3036} INFO - Sync 1 DAGs
[2025-04-13T15:05:52.626+0000] {logging_mixin.py:188} INFO - [2025-04-13T15:05:52.625+0000] {dag.py:3823} INFO - Setting next_dagrun for example_local_kubernetes_executor to None, run_after=None
[2025-04-13T15:05:52.652+0000] {processor.py:183} INFO - Processing /home/airflow/.local/lib/python3.8/site-packages/airflow/example_dags/example_local_kubernetes_executor.py took 0.097 seconds
[2025-04-13T15:06:25.311+0000] {processor.py:161} INFO - Started process (PID=1199) to work on /home/airflow/.local/lib/python3.8/site-packages/airflow/example_dags/example_local_kubernetes_executor.py
[2025-04-13T15:06:25.313+0000] {processor.py:830} INFO - Processing file /home/airflow/.local/lib/python3.8/site-packages/airflow/example_dags/example_local_kubernetes_executor.py for tasks to queue
[2025-04-13T15:06:25.315+0000] {logging_mixin.py:188} INFO - [2025-04-13T15:06:25.315+0000] {dagbag.py:538} INFO - Filling up the DagBag from /home/airflow/.local/lib/python3.8/site-packages/airflow/example_dags/example_local_kubernetes_executor.py
[2025-04-13T15:06:25.337+0000] {processor.py:840} INFO - DAG(s) 'example_local_kubernetes_executor' retrieved from /home/airflow/.local/lib/python3.8/site-packages/airflow/example_dags/example_local_kubernetes_executor.py
[2025-04-13T15:06:25.399+0000] {logging_mixin.py:188} INFO - [2025-04-13T15:06:25.399+0000] {dag.py:3036} INFO - Sync 1 DAGs
[2025-04-13T15:06:25.420+0000] {logging_mixin.py:188} INFO - [2025-04-13T15:06:25.419+0000] {dag.py:3823} INFO - Setting next_dagrun for example_local_kubernetes_executor to None, run_after=None
[2025-04-13T15:06:25.471+0000] {processor.py:183} INFO - Processing /home/airflow/.local/lib/python3.8/site-packages/airflow/example_dags/example_local_kubernetes_executor.py took 0.168 seconds
[2025-04-13T15:06:58.896+0000] {processor.py:161} INFO - Started process (PID=1256) to work on /home/airflow/.local/lib/python3.8/site-packages/airflow/example_dags/example_local_kubernetes_executor.py
[2025-04-13T15:06:58.898+0000] {processor.py:830} INFO - Processing file /home/airflow/.local/lib/python3.8/site-packages/airflow/example_dags/example_local_kubernetes_executor.py for tasks to queue
[2025-04-13T15:06:58.904+0000] {logging_mixin.py:188} INFO - [2025-04-13T15:06:58.904+0000] {dagbag.py:538} INFO - Filling up the DagBag from /home/airflow/.local/lib/python3.8/site-packages/airflow/example_dags/example_local_kubernetes_executor.py
[2025-04-13T15:06:58.924+0000] {processor.py:840} INFO - DAG(s) 'example_local_kubernetes_executor' retrieved from /home/airflow/.local/lib/python3.8/site-packages/airflow/example_dags/example_local_kubernetes_executor.py
[2025-04-13T15:06:58.981+0000] {logging_mixin.py:188} INFO - [2025-04-13T15:06:58.981+0000] {dag.py:3036} INFO - Sync 1 DAGs
[2025-04-13T15:06:59.000+0000] {logging_mixin.py:188} INFO - [2025-04-13T15:06:58.999+0000] {dag.py:3823} INFO - Setting next_dagrun for example_local_kubernetes_executor to None, run_after=None
[2025-04-13T15:06:59.043+0000] {processor.py:183} INFO - Processing /home/airflow/.local/lib/python3.8/site-packages/airflow/example_dags/example_local_kubernetes_executor.py took 0.151 seconds
[2025-04-13T15:07:31.384+0000] {processor.py:161} INFO - Started process (PID=1312) to work on /home/airflow/.local/lib/python3.8/site-packages/airflow/example_dags/example_local_kubernetes_executor.py
[2025-04-13T15:07:31.385+0000] {processor.py:830} INFO - Processing file /home/airflow/.local/lib/python3.8/site-packages/airflow/example_dags/example_local_kubernetes_executor.py for tasks to queue
[2025-04-13T15:07:31.387+0000] {logging_mixin.py:188} INFO - [2025-04-13T15:07:31.387+0000] {dagbag.py:538} INFO - Filling up the DagBag from /home/airflow/.local/lib/python3.8/site-packages/airflow/example_dags/example_local_kubernetes_executor.py
[2025-04-13T15:07:31.395+0000] {processor.py:840} INFO - DAG(s) 'example_local_kubernetes_executor' retrieved from /home/airflow/.local/lib/python3.8/site-packages/airflow/example_dags/example_local_kubernetes_executor.py
[2025-04-13T15:07:31.434+0000] {logging_mixin.py:188} INFO - [2025-04-13T15:07:31.434+0000] {dag.py:3036} INFO - Sync 1 DAGs
[2025-04-13T15:07:31.448+0000] {logging_mixin.py:188} INFO - [2025-04-13T15:07:31.447+0000] {dag.py:3823} INFO - Setting next_dagrun for example_local_kubernetes_executor to None, run_after=None
[2025-04-13T15:07:31.471+0000] {processor.py:183} INFO - Processing /home/airflow/.local/lib/python3.8/site-packages/airflow/example_dags/example_local_kubernetes_executor.py took 0.091 seconds
[2025-04-13T15:08:03.948+0000] {processor.py:161} INFO - Started process (PID=1367) to work on /home/airflow/.local/lib/python3.8/site-packages/airflow/example_dags/example_local_kubernetes_executor.py
[2025-04-13T15:08:03.949+0000] {processor.py:830} INFO - Processing file /home/airflow/.local/lib/python3.8/site-packages/airflow/example_dags/example_local_kubernetes_executor.py for tasks to queue
[2025-04-13T15:08:03.952+0000] {logging_mixin.py:188} INFO - [2025-04-13T15:08:03.951+0000] {dagbag.py:538} INFO - Filling up the DagBag from /home/airflow/.local/lib/python3.8/site-packages/airflow/example_dags/example_local_kubernetes_executor.py
[2025-04-13T15:08:03.965+0000] {processor.py:840} INFO - DAG(s) 'example_local_kubernetes_executor' retrieved from /home/airflow/.local/lib/python3.8/site-packages/airflow/example_dags/example_local_kubernetes_executor.py
[2025-04-13T15:08:04.011+0000] {logging_mixin.py:188} INFO - [2025-04-13T15:08:04.010+0000] {dag.py:3036} INFO - Sync 1 DAGs
[2025-04-13T15:08:04.034+0000] {logging_mixin.py:188} INFO - [2025-04-13T15:08:04.033+0000] {dag.py:3823} INFO - Setting next_dagrun for example_local_kubernetes_executor to None, run_after=None
[2025-04-13T15:08:04.062+0000] {processor.py:183} INFO - Processing /home/airflow/.local/lib/python3.8/site-packages/airflow/example_dags/example_local_kubernetes_executor.py took 0.118 seconds
[2025-04-13T15:08:36.445+0000] {processor.py:161} INFO - Started process (PID=1421) to work on /home/airflow/.local/lib/python3.8/site-packages/airflow/example_dags/example_local_kubernetes_executor.py
[2025-04-13T15:08:36.446+0000] {processor.py:830} INFO - Processing file /home/airflow/.local/lib/python3.8/site-packages/airflow/example_dags/example_local_kubernetes_executor.py for tasks to queue
[2025-04-13T15:08:36.449+0000] {logging_mixin.py:188} INFO - [2025-04-13T15:08:36.448+0000] {dagbag.py:538} INFO - Filling up the DagBag from /home/airflow/.local/lib/python3.8/site-packages/airflow/example_dags/example_local_kubernetes_executor.py
[2025-04-13T15:08:36.459+0000] {processor.py:840} INFO - DAG(s) 'example_local_kubernetes_executor' retrieved from /home/airflow/.local/lib/python3.8/site-packages/airflow/example_dags/example_local_kubernetes_executor.py
[2025-04-13T15:08:36.507+0000] {logging_mixin.py:188} INFO - [2025-04-13T15:08:36.507+0000] {dag.py:3036} INFO - Sync 1 DAGs
[2025-04-13T15:08:36.529+0000] {logging_mixin.py:188} INFO - [2025-04-13T15:08:36.528+0000] {dag.py:3823} INFO - Setting next_dagrun for example_local_kubernetes_executor to None, run_after=None
[2025-04-13T15:08:36.565+0000] {processor.py:183} INFO - Processing /home/airflow/.local/lib/python3.8/site-packages/airflow/example_dags/example_local_kubernetes_executor.py took 0.124 seconds
[2025-04-13T15:09:09.139+0000] {processor.py:161} INFO - Started process (PID=1476) to work on /home/airflow/.local/lib/python3.8/site-packages/airflow/example_dags/example_local_kubernetes_executor.py
[2025-04-13T15:09:09.140+0000] {processor.py:830} INFO - Processing file /home/airflow/.local/lib/python3.8/site-packages/airflow/example_dags/example_local_kubernetes_executor.py for tasks to queue
[2025-04-13T15:09:09.143+0000] {logging_mixin.py:188} INFO - [2025-04-13T15:09:09.142+0000] {dagbag.py:538} INFO - Filling up the DagBag from /home/airflow/.local/lib/python3.8/site-packages/airflow/example_dags/example_local_kubernetes_executor.py
[2025-04-13T15:09:09.151+0000] {processor.py:840} INFO - DAG(s) 'example_local_kubernetes_executor' retrieved from /home/airflow/.local/lib/python3.8/site-packages/airflow/example_dags/example_local_kubernetes_executor.py
[2025-04-13T15:09:09.192+0000] {logging_mixin.py:188} INFO - [2025-04-13T15:09:09.192+0000] {dag.py:3036} INFO - Sync 1 DAGs
[2025-04-13T15:09:09.220+0000] {logging_mixin.py:188} INFO - [2025-04-13T15:09:09.219+0000] {dag.py:3823} INFO - Setting next_dagrun for example_local_kubernetes_executor to None, run_after=None
[2025-04-13T15:09:09.264+0000] {processor.py:183} INFO - Processing /home/airflow/.local/lib/python3.8/site-packages/airflow/example_dags/example_local_kubernetes_executor.py took 0.128 seconds
[2025-04-13T15:09:46.936+0000] {processor.py:161} INFO - Started process (PID=1531) to work on /home/airflow/.local/lib/python3.8/site-packages/airflow/example_dags/example_local_kubernetes_executor.py
[2025-04-13T15:09:46.943+0000] {processor.py:830} INFO - Processing file /home/airflow/.local/lib/python3.8/site-packages/airflow/example_dags/example_local_kubernetes_executor.py for tasks to queue
[2025-04-13T15:09:46.973+0000] {logging_mixin.py:188} INFO - [2025-04-13T15:09:46.959+0000] {dagbag.py:538} INFO - Filling up the DagBag from /home/airflow/.local/lib/python3.8/site-packages/airflow/example_dags/example_local_kubernetes_executor.py
[2025-04-13T15:09:47.058+0000] {processor.py:840} INFO - DAG(s) 'example_local_kubernetes_executor' retrieved from /home/airflow/.local/lib/python3.8/site-packages/airflow/example_dags/example_local_kubernetes_executor.py
[2025-04-13T15:09:47.197+0000] {logging_mixin.py:188} INFO - [2025-04-13T15:09:47.196+0000] {dag.py:3036} INFO - Sync 1 DAGs
[2025-04-13T15:09:47.275+0000] {logging_mixin.py:188} INFO - [2025-04-13T15:09:47.275+0000] {dag.py:3823} INFO - Setting next_dagrun for example_local_kubernetes_executor to None, run_after=None
[2025-04-13T15:09:47.356+0000] {processor.py:183} INFO - Processing /home/airflow/.local/lib/python3.8/site-packages/airflow/example_dags/example_local_kubernetes_executor.py took 0.452 seconds
[2025-04-13T15:10:18.173+0000] {processor.py:161} INFO - Started process (PID=1586) to work on /home/airflow/.local/lib/python3.8/site-packages/airflow/example_dags/example_local_kubernetes_executor.py
[2025-04-13T15:10:18.175+0000] {processor.py:830} INFO - Processing file /home/airflow/.local/lib/python3.8/site-packages/airflow/example_dags/example_local_kubernetes_executor.py for tasks to queue
[2025-04-13T15:10:18.178+0000] {logging_mixin.py:188} INFO - [2025-04-13T15:10:18.178+0000] {dagbag.py:538} INFO - Filling up the DagBag from /home/airflow/.local/lib/python3.8/site-packages/airflow/example_dags/example_local_kubernetes_executor.py
[2025-04-13T15:10:18.189+0000] {processor.py:840} INFO - DAG(s) 'example_local_kubernetes_executor' retrieved from /home/airflow/.local/lib/python3.8/site-packages/airflow/example_dags/example_local_kubernetes_executor.py
[2025-04-13T15:10:18.230+0000] {logging_mixin.py:188} INFO - [2025-04-13T15:10:18.230+0000] {dag.py:3036} INFO - Sync 1 DAGs
[2025-04-13T15:10:18.245+0000] {logging_mixin.py:188} INFO - [2025-04-13T15:10:18.245+0000] {dag.py:3823} INFO - Setting next_dagrun for example_local_kubernetes_executor to None, run_after=None
[2025-04-13T15:10:18.274+0000] {processor.py:183} INFO - Processing /home/airflow/.local/lib/python3.8/site-packages/airflow/example_dags/example_local_kubernetes_executor.py took 0.106 seconds
[2025-04-13T15:10:48.378+0000] {processor.py:161} INFO - Started process (PID=1641) to work on /home/airflow/.local/lib/python3.8/site-packages/airflow/example_dags/example_local_kubernetes_executor.py
[2025-04-13T15:10:48.379+0000] {processor.py:830} INFO - Processing file /home/airflow/.local/lib/python3.8/site-packages/airflow/example_dags/example_local_kubernetes_executor.py for tasks to queue
[2025-04-13T15:10:48.382+0000] {logging_mixin.py:188} INFO - [2025-04-13T15:10:48.381+0000] {dagbag.py:538} INFO - Filling up the DagBag from /home/airflow/.local/lib/python3.8/site-packages/airflow/example_dags/example_local_kubernetes_executor.py
[2025-04-13T15:10:48.395+0000] {processor.py:840} INFO - DAG(s) 'example_local_kubernetes_executor' retrieved from /home/airflow/.local/lib/python3.8/site-packages/airflow/example_dags/example_local_kubernetes_executor.py
[2025-04-13T15:10:48.446+0000] {logging_mixin.py:188} INFO - [2025-04-13T15:10:48.446+0000] {dag.py:3036} INFO - Sync 1 DAGs
[2025-04-13T15:10:48.470+0000] {logging_mixin.py:188} INFO - [2025-04-13T15:10:48.469+0000] {dag.py:3823} INFO - Setting next_dagrun for example_local_kubernetes_executor to None, run_after=None
[2025-04-13T15:10:48.501+0000] {processor.py:183} INFO - Processing /home/airflow/.local/lib/python3.8/site-packages/airflow/example_dags/example_local_kubernetes_executor.py took 0.127 seconds
[2025-04-13T15:11:20.346+0000] {processor.py:161} INFO - Started process (PID=1696) to work on /home/airflow/.local/lib/python3.8/site-packages/airflow/example_dags/example_local_kubernetes_executor.py
[2025-04-13T15:11:20.348+0000] {processor.py:830} INFO - Processing file /home/airflow/.local/lib/python3.8/site-packages/airflow/example_dags/example_local_kubernetes_executor.py for tasks to queue
[2025-04-13T15:11:20.353+0000] {logging_mixin.py:188} INFO - [2025-04-13T15:11:20.351+0000] {dagbag.py:538} INFO - Filling up the DagBag from /home/airflow/.local/lib/python3.8/site-packages/airflow/example_dags/example_local_kubernetes_executor.py
[2025-04-13T15:11:20.364+0000] {processor.py:840} INFO - DAG(s) 'example_local_kubernetes_executor' retrieved from /home/airflow/.local/lib/python3.8/site-packages/airflow/example_dags/example_local_kubernetes_executor.py
[2025-04-13T15:11:20.420+0000] {logging_mixin.py:188} INFO - [2025-04-13T15:11:20.419+0000] {dag.py:3036} INFO - Sync 1 DAGs
[2025-04-13T15:11:20.451+0000] {logging_mixin.py:188} INFO - [2025-04-13T15:11:20.450+0000] {dag.py:3823} INFO - Setting next_dagrun for example_local_kubernetes_executor to None, run_after=None
[2025-04-13T15:11:20.491+0000] {processor.py:183} INFO - Processing /home/airflow/.local/lib/python3.8/site-packages/airflow/example_dags/example_local_kubernetes_executor.py took 0.150 seconds
[2025-04-13T15:11:53.558+0000] {processor.py:161} INFO - Started process (PID=1750) to work on /home/airflow/.local/lib/python3.8/site-packages/airflow/example_dags/example_local_kubernetes_executor.py
[2025-04-13T15:11:53.559+0000] {processor.py:830} INFO - Processing file /home/airflow/.local/lib/python3.8/site-packages/airflow/example_dags/example_local_kubernetes_executor.py for tasks to queue
[2025-04-13T15:11:53.564+0000] {logging_mixin.py:188} INFO - [2025-04-13T15:11:53.563+0000] {dagbag.py:538} INFO - Filling up the DagBag from /home/airflow/.local/lib/python3.8/site-packages/airflow/example_dags/example_local_kubernetes_executor.py
[2025-04-13T15:11:53.576+0000] {processor.py:840} INFO - DAG(s) 'example_local_kubernetes_executor' retrieved from /home/airflow/.local/lib/python3.8/site-packages/airflow/example_dags/example_local_kubernetes_executor.py
[2025-04-13T15:11:53.614+0000] {logging_mixin.py:188} INFO - [2025-04-13T15:11:53.613+0000] {dag.py:3036} INFO - Sync 1 DAGs
[2025-04-13T15:11:53.628+0000] {logging_mixin.py:188} INFO - [2025-04-13T15:11:53.628+0000] {dag.py:3823} INFO - Setting next_dagrun for example_local_kubernetes_executor to None, run_after=None
[2025-04-13T15:11:53.650+0000] {processor.py:183} INFO - Processing /home/airflow/.local/lib/python3.8/site-packages/airflow/example_dags/example_local_kubernetes_executor.py took 0.096 seconds
[2025-04-13T15:12:26.152+0000] {processor.py:161} INFO - Started process (PID=1805) to work on /home/airflow/.local/lib/python3.8/site-packages/airflow/example_dags/example_local_kubernetes_executor.py
[2025-04-13T15:12:26.153+0000] {processor.py:830} INFO - Processing file /home/airflow/.local/lib/python3.8/site-packages/airflow/example_dags/example_local_kubernetes_executor.py for tasks to queue
[2025-04-13T15:12:26.156+0000] {logging_mixin.py:188} INFO - [2025-04-13T15:12:26.155+0000] {dagbag.py:538} INFO - Filling up the DagBag from /home/airflow/.local/lib/python3.8/site-packages/airflow/example_dags/example_local_kubernetes_executor.py
[2025-04-13T15:12:26.165+0000] {processor.py:840} INFO - DAG(s) 'example_local_kubernetes_executor' retrieved from /home/airflow/.local/lib/python3.8/site-packages/airflow/example_dags/example_local_kubernetes_executor.py
[2025-04-13T15:12:26.209+0000] {logging_mixin.py:188} INFO - [2025-04-13T15:12:26.208+0000] {dag.py:3036} INFO - Sync 1 DAGs
[2025-04-13T15:12:26.229+0000] {logging_mixin.py:188} INFO - [2025-04-13T15:12:26.229+0000] {dag.py:3823} INFO - Setting next_dagrun for example_local_kubernetes_executor to None, run_after=None
[2025-04-13T15:12:26.256+0000] {processor.py:183} INFO - Processing /home/airflow/.local/lib/python3.8/site-packages/airflow/example_dags/example_local_kubernetes_executor.py took 0.108 seconds
[2025-04-13T15:13:00.530+0000] {processor.py:161} INFO - Started process (PID=1859) to work on /home/airflow/.local/lib/python3.8/site-packages/airflow/example_dags/example_local_kubernetes_executor.py
[2025-04-13T15:13:00.532+0000] {processor.py:830} INFO - Processing file /home/airflow/.local/lib/python3.8/site-packages/airflow/example_dags/example_local_kubernetes_executor.py for tasks to queue
[2025-04-13T15:13:00.535+0000] {logging_mixin.py:188} INFO - [2025-04-13T15:13:00.535+0000] {dagbag.py:538} INFO - Filling up the DagBag from /home/airflow/.local/lib/python3.8/site-packages/airflow/example_dags/example_local_kubernetes_executor.py
[2025-04-13T15:13:00.554+0000] {processor.py:840} INFO - DAG(s) 'example_local_kubernetes_executor' retrieved from /home/airflow/.local/lib/python3.8/site-packages/airflow/example_dags/example_local_kubernetes_executor.py
[2025-04-13T15:13:00.827+0000] {logging_mixin.py:188} INFO - [2025-04-13T15:13:00.826+0000] {dag.py:3036} INFO - Sync 1 DAGs
[2025-04-13T15:13:00.855+0000] {logging_mixin.py:188} INFO - [2025-04-13T15:13:00.855+0000] {dag.py:3823} INFO - Setting next_dagrun for example_local_kubernetes_executor to None, run_after=None
[2025-04-13T15:13:00.887+0000] {processor.py:183} INFO - Processing /home/airflow/.local/lib/python3.8/site-packages/airflow/example_dags/example_local_kubernetes_executor.py took 0.362 seconds
[2025-04-13T15:13:34.132+0000] {processor.py:161} INFO - Started process (PID=1915) to work on /home/airflow/.local/lib/python3.8/site-packages/airflow/example_dags/example_local_kubernetes_executor.py
[2025-04-13T15:13:34.133+0000] {processor.py:830} INFO - Processing file /home/airflow/.local/lib/python3.8/site-packages/airflow/example_dags/example_local_kubernetes_executor.py for tasks to queue
[2025-04-13T15:13:34.136+0000] {logging_mixin.py:188} INFO - [2025-04-13T15:13:34.136+0000] {dagbag.py:538} INFO - Filling up the DagBag from /home/airflow/.local/lib/python3.8/site-packages/airflow/example_dags/example_local_kubernetes_executor.py
[2025-04-13T15:13:34.148+0000] {processor.py:840} INFO - DAG(s) 'example_local_kubernetes_executor' retrieved from /home/airflow/.local/lib/python3.8/site-packages/airflow/example_dags/example_local_kubernetes_executor.py
[2025-04-13T15:13:34.212+0000] {logging_mixin.py:188} INFO - [2025-04-13T15:13:34.211+0000] {dag.py:3036} INFO - Sync 1 DAGs
[2025-04-13T15:13:34.235+0000] {logging_mixin.py:188} INFO - [2025-04-13T15:13:34.235+0000] {dag.py:3823} INFO - Setting next_dagrun for example_local_kubernetes_executor to None, run_after=None
[2025-04-13T15:13:34.279+0000] {processor.py:183} INFO - Processing /home/airflow/.local/lib/python3.8/site-packages/airflow/example_dags/example_local_kubernetes_executor.py took 0.155 seconds
[2025-04-13T15:14:06.094+0000] {processor.py:161} INFO - Started process (PID=1970) to work on /home/airflow/.local/lib/python3.8/site-packages/airflow/example_dags/example_local_kubernetes_executor.py
[2025-04-13T15:14:06.095+0000] {processor.py:830} INFO - Processing file /home/airflow/.local/lib/python3.8/site-packages/airflow/example_dags/example_local_kubernetes_executor.py for tasks to queue
[2025-04-13T15:14:06.108+0000] {logging_mixin.py:188} INFO - [2025-04-13T15:14:06.106+0000] {dagbag.py:538} INFO - Filling up the DagBag from /home/airflow/.local/lib/python3.8/site-packages/airflow/example_dags/example_local_kubernetes_executor.py
[2025-04-13T15:14:06.171+0000] {processor.py:840} INFO - DAG(s) 'example_local_kubernetes_executor' retrieved from /home/airflow/.local/lib/python3.8/site-packages/airflow/example_dags/example_local_kubernetes_executor.py
[2025-04-13T15:14:06.481+0000] {logging_mixin.py:188} INFO - [2025-04-13T15:14:06.480+0000] {dag.py:3036} INFO - Sync 1 DAGs
[2025-04-13T15:14:06.520+0000] {logging_mixin.py:188} INFO - [2025-04-13T15:14:06.520+0000] {dag.py:3823} INFO - Setting next_dagrun for example_local_kubernetes_executor to None, run_after=None
[2025-04-13T15:14:06.585+0000] {processor.py:183} INFO - Processing /home/airflow/.local/lib/python3.8/site-packages/airflow/example_dags/example_local_kubernetes_executor.py took 0.496 seconds
[2025-04-13T15:14:39.944+0000] {processor.py:161} INFO - Started process (PID=2024) to work on /home/airflow/.local/lib/python3.8/site-packages/airflow/example_dags/example_local_kubernetes_executor.py
[2025-04-13T15:14:39.945+0000] {processor.py:830} INFO - Processing file /home/airflow/.local/lib/python3.8/site-packages/airflow/example_dags/example_local_kubernetes_executor.py for tasks to queue
[2025-04-13T15:14:39.974+0000] {logging_mixin.py:188} INFO - [2025-04-13T15:14:39.974+0000] {dagbag.py:538} INFO - Filling up the DagBag from /home/airflow/.local/lib/python3.8/site-packages/airflow/example_dags/example_local_kubernetes_executor.py
[2025-04-13T15:14:40.024+0000] {processor.py:840} INFO - DAG(s) 'example_local_kubernetes_executor' retrieved from /home/airflow/.local/lib/python3.8/site-packages/airflow/example_dags/example_local_kubernetes_executor.py
[2025-04-13T15:14:40.057+0000] {logging_mixin.py:188} INFO - [2025-04-13T15:14:40.057+0000] {dag.py:3036} INFO - Sync 1 DAGs
[2025-04-13T15:14:40.113+0000] {logging_mixin.py:188} INFO - [2025-04-13T15:14:40.113+0000] {dag.py:3823} INFO - Setting next_dagrun for example_local_kubernetes_executor to None, run_after=None
[2025-04-13T15:14:40.186+0000] {processor.py:183} INFO - Processing /home/airflow/.local/lib/python3.8/site-packages/airflow/example_dags/example_local_kubernetes_executor.py took 0.259 seconds
[2025-04-13T15:15:14.816+0000] {processor.py:161} INFO - Started process (PID=2080) to work on /home/airflow/.local/lib/python3.8/site-packages/airflow/example_dags/example_local_kubernetes_executor.py
[2025-04-13T15:15:14.837+0000] {processor.py:830} INFO - Processing file /home/airflow/.local/lib/python3.8/site-packages/airflow/example_dags/example_local_kubernetes_executor.py for tasks to queue
[2025-04-13T15:15:14.892+0000] {logging_mixin.py:188} INFO - [2025-04-13T15:15:14.891+0000] {dagbag.py:538} INFO - Filling up the DagBag from /home/airflow/.local/lib/python3.8/site-packages/airflow/example_dags/example_local_kubernetes_executor.py
[2025-04-13T15:15:14.979+0000] {processor.py:840} INFO - DAG(s) 'example_local_kubernetes_executor' retrieved from /home/airflow/.local/lib/python3.8/site-packages/airflow/example_dags/example_local_kubernetes_executor.py
[2025-04-13T15:15:15.221+0000] {logging_mixin.py:188} INFO - [2025-04-13T15:15:15.220+0000] {dag.py:3036} INFO - Sync 1 DAGs
[2025-04-13T15:15:15.238+0000] {logging_mixin.py:188} INFO - [2025-04-13T15:15:15.238+0000] {dag.py:3823} INFO - Setting next_dagrun for example_local_kubernetes_executor to None, run_after=None
[2025-04-13T15:15:15.265+0000] {processor.py:183} INFO - Processing /home/airflow/.local/lib/python3.8/site-packages/airflow/example_dags/example_local_kubernetes_executor.py took 0.457 seconds
[2025-04-13T15:15:46.294+0000] {processor.py:161} INFO - Started process (PID=2136) to work on /home/airflow/.local/lib/python3.8/site-packages/airflow/example_dags/example_local_kubernetes_executor.py
[2025-04-13T15:15:46.295+0000] {processor.py:830} INFO - Processing file /home/airflow/.local/lib/python3.8/site-packages/airflow/example_dags/example_local_kubernetes_executor.py for tasks to queue
[2025-04-13T15:15:46.298+0000] {logging_mixin.py:188} INFO - [2025-04-13T15:15:46.297+0000] {dagbag.py:538} INFO - Filling up the DagBag from /home/airflow/.local/lib/python3.8/site-packages/airflow/example_dags/example_local_kubernetes_executor.py
[2025-04-13T15:15:46.311+0000] {processor.py:840} INFO - DAG(s) 'example_local_kubernetes_executor' retrieved from /home/airflow/.local/lib/python3.8/site-packages/airflow/example_dags/example_local_kubernetes_executor.py
[2025-04-13T15:15:46.353+0000] {logging_mixin.py:188} INFO - [2025-04-13T15:15:46.353+0000] {dag.py:3036} INFO - Sync 1 DAGs
[2025-04-13T15:15:46.368+0000] {logging_mixin.py:188} INFO - [2025-04-13T15:15:46.368+0000] {dag.py:3823} INFO - Setting next_dagrun for example_local_kubernetes_executor to None, run_after=None
[2025-04-13T15:15:46.390+0000] {processor.py:183} INFO - Processing /home/airflow/.local/lib/python3.8/site-packages/airflow/example_dags/example_local_kubernetes_executor.py took 0.103 seconds
[2025-04-13T15:16:16.999+0000] {processor.py:161} INFO - Started process (PID=2192) to work on /home/airflow/.local/lib/python3.8/site-packages/airflow/example_dags/example_local_kubernetes_executor.py
[2025-04-13T15:16:17.002+0000] {processor.py:830} INFO - Processing file /home/airflow/.local/lib/python3.8/site-packages/airflow/example_dags/example_local_kubernetes_executor.py for tasks to queue
[2025-04-13T15:16:17.006+0000] {logging_mixin.py:188} INFO - [2025-04-13T15:16:17.005+0000] {dagbag.py:538} INFO - Filling up the DagBag from /home/airflow/.local/lib/python3.8/site-packages/airflow/example_dags/example_local_kubernetes_executor.py
[2025-04-13T15:16:17.028+0000] {processor.py:840} INFO - DAG(s) 'example_local_kubernetes_executor' retrieved from /home/airflow/.local/lib/python3.8/site-packages/airflow/example_dags/example_local_kubernetes_executor.py
[2025-04-13T15:16:17.084+0000] {logging_mixin.py:188} INFO - [2025-04-13T15:16:17.083+0000] {dag.py:3036} INFO - Sync 1 DAGs
[2025-04-13T15:16:17.102+0000] {logging_mixin.py:188} INFO - [2025-04-13T15:16:17.102+0000] {dag.py:3823} INFO - Setting next_dagrun for example_local_kubernetes_executor to None, run_after=None
[2025-04-13T15:16:17.127+0000] {processor.py:183} INFO - Processing /home/airflow/.local/lib/python3.8/site-packages/airflow/example_dags/example_local_kubernetes_executor.py took 0.138 seconds
[2025-04-13T15:19:14.442+0000] {processor.py:161} INFO - Started process (PID=93) to work on /home/airflow/.local/lib/python3.8/site-packages/airflow/example_dags/example_local_kubernetes_executor.py
[2025-04-13T15:19:14.449+0000] {processor.py:830} INFO - Processing file /home/airflow/.local/lib/python3.8/site-packages/airflow/example_dags/example_local_kubernetes_executor.py for tasks to queue
[2025-04-13T15:19:14.452+0000] {logging_mixin.py:188} INFO - [2025-04-13T15:19:14.452+0000] {dagbag.py:538} INFO - Filling up the DagBag from /home/airflow/.local/lib/python3.8/site-packages/airflow/example_dags/example_local_kubernetes_executor.py
[2025-04-13T15:19:14.493+0000] {processor.py:840} INFO - DAG(s) 'example_local_kubernetes_executor' retrieved from /home/airflow/.local/lib/python3.8/site-packages/airflow/example_dags/example_local_kubernetes_executor.py
[2025-04-13T15:19:14.725+0000] {logging_mixin.py:188} INFO - [2025-04-13T15:19:14.725+0000] {dag.py:3036} INFO - Sync 1 DAGs
[2025-04-13T15:19:14.899+0000] {logging_mixin.py:188} INFO - [2025-04-13T15:19:14.899+0000] {dag.py:3823} INFO - Setting next_dagrun for example_local_kubernetes_executor to None, run_after=None
[2025-04-13T15:19:15.223+0000] {processor.py:183} INFO - Processing /home/airflow/.local/lib/python3.8/site-packages/airflow/example_dags/example_local_kubernetes_executor.py took 0.785 seconds
[2025-04-13T15:19:46.138+0000] {processor.py:161} INFO - Started process (PID=143) to work on /home/airflow/.local/lib/python3.8/site-packages/airflow/example_dags/example_local_kubernetes_executor.py
[2025-04-13T15:19:46.153+0000] {processor.py:830} INFO - Processing file /home/airflow/.local/lib/python3.8/site-packages/airflow/example_dags/example_local_kubernetes_executor.py for tasks to queue
[2025-04-13T15:19:46.166+0000] {logging_mixin.py:188} INFO - [2025-04-13T15:19:46.166+0000] {dagbag.py:538} INFO - Filling up the DagBag from /home/airflow/.local/lib/python3.8/site-packages/airflow/example_dags/example_local_kubernetes_executor.py
[2025-04-13T15:19:46.212+0000] {processor.py:840} INFO - DAG(s) 'example_local_kubernetes_executor' retrieved from /home/airflow/.local/lib/python3.8/site-packages/airflow/example_dags/example_local_kubernetes_executor.py
[2025-04-13T15:19:46.315+0000] {logging_mixin.py:188} INFO - [2025-04-13T15:19:46.315+0000] {dag.py:3036} INFO - Sync 1 DAGs
[2025-04-13T15:19:46.338+0000] {logging_mixin.py:188} INFO - [2025-04-13T15:19:46.337+0000] {dag.py:3823} INFO - Setting next_dagrun for example_local_kubernetes_executor to None, run_after=None
[2025-04-13T15:19:46.376+0000] {processor.py:183} INFO - Processing /home/airflow/.local/lib/python3.8/site-packages/airflow/example_dags/example_local_kubernetes_executor.py took 0.244 seconds
[2025-04-13T15:20:17.056+0000] {processor.py:161} INFO - Started process (PID=199) to work on /home/airflow/.local/lib/python3.8/site-packages/airflow/example_dags/example_local_kubernetes_executor.py
[2025-04-13T15:20:17.058+0000] {processor.py:830} INFO - Processing file /home/airflow/.local/lib/python3.8/site-packages/airflow/example_dags/example_local_kubernetes_executor.py for tasks to queue
[2025-04-13T15:20:17.060+0000] {logging_mixin.py:188} INFO - [2025-04-13T15:20:17.060+0000] {dagbag.py:538} INFO - Filling up the DagBag from /home/airflow/.local/lib/python3.8/site-packages/airflow/example_dags/example_local_kubernetes_executor.py
[2025-04-13T15:20:17.076+0000] {processor.py:840} INFO - DAG(s) 'example_local_kubernetes_executor' retrieved from /home/airflow/.local/lib/python3.8/site-packages/airflow/example_dags/example_local_kubernetes_executor.py
[2025-04-13T15:20:17.121+0000] {logging_mixin.py:188} INFO - [2025-04-13T15:20:17.121+0000] {dag.py:3036} INFO - Sync 1 DAGs
[2025-04-13T15:20:17.141+0000] {logging_mixin.py:188} INFO - [2025-04-13T15:20:17.141+0000] {dag.py:3823} INFO - Setting next_dagrun for example_local_kubernetes_executor to None, run_after=None
[2025-04-13T15:20:17.172+0000] {processor.py:183} INFO - Processing /home/airflow/.local/lib/python3.8/site-packages/airflow/example_dags/example_local_kubernetes_executor.py took 0.119 seconds
[2025-04-13T15:20:47.609+0000] {processor.py:161} INFO - Started process (PID=255) to work on /home/airflow/.local/lib/python3.8/site-packages/airflow/example_dags/example_local_kubernetes_executor.py
[2025-04-13T15:20:47.611+0000] {processor.py:830} INFO - Processing file /home/airflow/.local/lib/python3.8/site-packages/airflow/example_dags/example_local_kubernetes_executor.py for tasks to queue
[2025-04-13T15:20:47.617+0000] {logging_mixin.py:188} INFO - [2025-04-13T15:20:47.616+0000] {dagbag.py:538} INFO - Filling up the DagBag from /home/airflow/.local/lib/python3.8/site-packages/airflow/example_dags/example_local_kubernetes_executor.py
[2025-04-13T15:20:47.629+0000] {processor.py:840} INFO - DAG(s) 'example_local_kubernetes_executor' retrieved from /home/airflow/.local/lib/python3.8/site-packages/airflow/example_dags/example_local_kubernetes_executor.py
[2025-04-13T15:20:47.691+0000] {logging_mixin.py:188} INFO - [2025-04-13T15:20:47.689+0000] {dag.py:3036} INFO - Sync 1 DAGs
[2025-04-13T15:20:47.711+0000] {logging_mixin.py:188} INFO - [2025-04-13T15:20:47.711+0000] {dag.py:3823} INFO - Setting next_dagrun for example_local_kubernetes_executor to None, run_after=None
[2025-04-13T15:20:47.761+0000] {processor.py:183} INFO - Processing /home/airflow/.local/lib/python3.8/site-packages/airflow/example_dags/example_local_kubernetes_executor.py took 0.156 seconds
[2025-04-13T15:21:17.917+0000] {processor.py:161} INFO - Started process (PID=312) to work on /home/airflow/.local/lib/python3.8/site-packages/airflow/example_dags/example_local_kubernetes_executor.py
[2025-04-13T15:21:17.925+0000] {processor.py:830} INFO - Processing file /home/airflow/.local/lib/python3.8/site-packages/airflow/example_dags/example_local_kubernetes_executor.py for tasks to queue
[2025-04-13T15:21:17.929+0000] {logging_mixin.py:188} INFO - [2025-04-13T15:21:17.928+0000] {dagbag.py:538} INFO - Filling up the DagBag from /home/airflow/.local/lib/python3.8/site-packages/airflow/example_dags/example_local_kubernetes_executor.py
[2025-04-13T15:21:17.943+0000] {processor.py:840} INFO - DAG(s) 'example_local_kubernetes_executor' retrieved from /home/airflow/.local/lib/python3.8/site-packages/airflow/example_dags/example_local_kubernetes_executor.py
[2025-04-13T15:21:18.040+0000] {logging_mixin.py:188} INFO - [2025-04-13T15:21:18.040+0000] {dag.py:3036} INFO - Sync 1 DAGs
[2025-04-13T15:21:18.108+0000] {logging_mixin.py:188} INFO - [2025-04-13T15:21:18.107+0000] {dag.py:3823} INFO - Setting next_dagrun for example_local_kubernetes_executor to None, run_after=None
[2025-04-13T15:21:18.262+0000] {processor.py:183} INFO - Processing /home/airflow/.local/lib/python3.8/site-packages/airflow/example_dags/example_local_kubernetes_executor.py took 0.349 seconds
[2025-04-13T15:21:48.743+0000] {processor.py:161} INFO - Started process (PID=368) to work on /home/airflow/.local/lib/python3.8/site-packages/airflow/example_dags/example_local_kubernetes_executor.py
[2025-04-13T15:21:48.745+0000] {processor.py:830} INFO - Processing file /home/airflow/.local/lib/python3.8/site-packages/airflow/example_dags/example_local_kubernetes_executor.py for tasks to queue
[2025-04-13T15:21:48.747+0000] {logging_mixin.py:188} INFO - [2025-04-13T15:21:48.747+0000] {dagbag.py:538} INFO - Filling up the DagBag from /home/airflow/.local/lib/python3.8/site-packages/airflow/example_dags/example_local_kubernetes_executor.py
[2025-04-13T15:21:48.756+0000] {processor.py:840} INFO - DAG(s) 'example_local_kubernetes_executor' retrieved from /home/airflow/.local/lib/python3.8/site-packages/airflow/example_dags/example_local_kubernetes_executor.py
[2025-04-13T15:21:48.807+0000] {logging_mixin.py:188} INFO - [2025-04-13T15:21:48.807+0000] {dag.py:3036} INFO - Sync 1 DAGs
[2025-04-13T15:21:48.827+0000] {logging_mixin.py:188} INFO - [2025-04-13T15:21:48.826+0000] {dag.py:3823} INFO - Setting next_dagrun for example_local_kubernetes_executor to None, run_after=None
[2025-04-13T15:21:48.856+0000] {processor.py:183} INFO - Processing /home/airflow/.local/lib/python3.8/site-packages/airflow/example_dags/example_local_kubernetes_executor.py took 0.116 seconds
[2025-04-13T15:22:19.025+0000] {processor.py:161} INFO - Started process (PID=424) to work on /home/airflow/.local/lib/python3.8/site-packages/airflow/example_dags/example_local_kubernetes_executor.py
[2025-04-13T15:22:19.027+0000] {processor.py:830} INFO - Processing file /home/airflow/.local/lib/python3.8/site-packages/airflow/example_dags/example_local_kubernetes_executor.py for tasks to queue
[2025-04-13T15:22:19.031+0000] {logging_mixin.py:188} INFO - [2025-04-13T15:22:19.031+0000] {dagbag.py:538} INFO - Filling up the DagBag from /home/airflow/.local/lib/python3.8/site-packages/airflow/example_dags/example_local_kubernetes_executor.py
[2025-04-13T15:22:19.042+0000] {processor.py:840} INFO - DAG(s) 'example_local_kubernetes_executor' retrieved from /home/airflow/.local/lib/python3.8/site-packages/airflow/example_dags/example_local_kubernetes_executor.py
[2025-04-13T15:22:19.084+0000] {logging_mixin.py:188} INFO - [2025-04-13T15:22:19.083+0000] {dag.py:3036} INFO - Sync 1 DAGs
[2025-04-13T15:22:19.099+0000] {logging_mixin.py:188} INFO - [2025-04-13T15:22:19.098+0000] {dag.py:3823} INFO - Setting next_dagrun for example_local_kubernetes_executor to None, run_after=None
[2025-04-13T15:22:19.122+0000] {processor.py:183} INFO - Processing /home/airflow/.local/lib/python3.8/site-packages/airflow/example_dags/example_local_kubernetes_executor.py took 0.100 seconds
[2025-04-13T15:22:49.744+0000] {processor.py:161} INFO - Started process (PID=479) to work on /home/airflow/.local/lib/python3.8/site-packages/airflow/example_dags/example_local_kubernetes_executor.py
[2025-04-13T15:22:49.745+0000] {processor.py:830} INFO - Processing file /home/airflow/.local/lib/python3.8/site-packages/airflow/example_dags/example_local_kubernetes_executor.py for tasks to queue
[2025-04-13T15:22:49.747+0000] {logging_mixin.py:188} INFO - [2025-04-13T15:22:49.747+0000] {dagbag.py:538} INFO - Filling up the DagBag from /home/airflow/.local/lib/python3.8/site-packages/airflow/example_dags/example_local_kubernetes_executor.py
[2025-04-13T15:22:49.758+0000] {processor.py:840} INFO - DAG(s) 'example_local_kubernetes_executor' retrieved from /home/airflow/.local/lib/python3.8/site-packages/airflow/example_dags/example_local_kubernetes_executor.py
[2025-04-13T15:22:49.803+0000] {logging_mixin.py:188} INFO - [2025-04-13T15:22:49.803+0000] {dag.py:3036} INFO - Sync 1 DAGs
[2025-04-13T15:22:49.818+0000] {logging_mixin.py:188} INFO - [2025-04-13T15:22:49.817+0000] {dag.py:3823} INFO - Setting next_dagrun for example_local_kubernetes_executor to None, run_after=None
[2025-04-13T15:22:49.842+0000] {processor.py:183} INFO - Processing /home/airflow/.local/lib/python3.8/site-packages/airflow/example_dags/example_local_kubernetes_executor.py took 0.101 seconds
[2025-04-13T15:23:20.095+0000] {processor.py:161} INFO - Started process (PID=535) to work on /home/airflow/.local/lib/python3.8/site-packages/airflow/example_dags/example_local_kubernetes_executor.py
[2025-04-13T15:23:20.097+0000] {processor.py:830} INFO - Processing file /home/airflow/.local/lib/python3.8/site-packages/airflow/example_dags/example_local_kubernetes_executor.py for tasks to queue
[2025-04-13T15:23:20.099+0000] {logging_mixin.py:188} INFO - [2025-04-13T15:23:20.099+0000] {dagbag.py:538} INFO - Filling up the DagBag from /home/airflow/.local/lib/python3.8/site-packages/airflow/example_dags/example_local_kubernetes_executor.py
[2025-04-13T15:23:20.107+0000] {processor.py:840} INFO - DAG(s) 'example_local_kubernetes_executor' retrieved from /home/airflow/.local/lib/python3.8/site-packages/airflow/example_dags/example_local_kubernetes_executor.py
[2025-04-13T15:23:20.149+0000] {logging_mixin.py:188} INFO - [2025-04-13T15:23:20.149+0000] {dag.py:3036} INFO - Sync 1 DAGs
[2025-04-13T15:23:20.169+0000] {logging_mixin.py:188} INFO - [2025-04-13T15:23:20.169+0000] {dag.py:3823} INFO - Setting next_dagrun for example_local_kubernetes_executor to None, run_after=None
[2025-04-13T15:23:20.199+0000] {processor.py:183} INFO - Processing /home/airflow/.local/lib/python3.8/site-packages/airflow/example_dags/example_local_kubernetes_executor.py took 0.108 seconds
[2025-04-13T15:23:51.337+0000] {processor.py:161} INFO - Started process (PID=590) to work on /home/airflow/.local/lib/python3.8/site-packages/airflow/example_dags/example_local_kubernetes_executor.py
[2025-04-13T15:23:51.339+0000] {processor.py:830} INFO - Processing file /home/airflow/.local/lib/python3.8/site-packages/airflow/example_dags/example_local_kubernetes_executor.py for tasks to queue
[2025-04-13T15:23:51.342+0000] {logging_mixin.py:188} INFO - [2025-04-13T15:23:51.341+0000] {dagbag.py:538} INFO - Filling up the DagBag from /home/airflow/.local/lib/python3.8/site-packages/airflow/example_dags/example_local_kubernetes_executor.py
[2025-04-13T15:23:51.355+0000] {processor.py:840} INFO - DAG(s) 'example_local_kubernetes_executor' retrieved from /home/airflow/.local/lib/python3.8/site-packages/airflow/example_dags/example_local_kubernetes_executor.py
[2025-04-13T15:23:51.439+0000] {logging_mixin.py:188} INFO - [2025-04-13T15:23:51.439+0000] {dag.py:3036} INFO - Sync 1 DAGs
[2025-04-13T15:23:51.470+0000] {logging_mixin.py:188} INFO - [2025-04-13T15:23:51.469+0000] {dag.py:3823} INFO - Setting next_dagrun for example_local_kubernetes_executor to None, run_after=None
[2025-04-13T15:23:51.523+0000] {processor.py:183} INFO - Processing /home/airflow/.local/lib/python3.8/site-packages/airflow/example_dags/example_local_kubernetes_executor.py took 0.190 seconds
[2025-04-13T15:24:24.320+0000] {processor.py:161} INFO - Started process (PID=647) to work on /home/airflow/.local/lib/python3.8/site-packages/airflow/example_dags/example_local_kubernetes_executor.py
[2025-04-13T15:24:24.321+0000] {processor.py:830} INFO - Processing file /home/airflow/.local/lib/python3.8/site-packages/airflow/example_dags/example_local_kubernetes_executor.py for tasks to queue
[2025-04-13T15:24:24.323+0000] {logging_mixin.py:188} INFO - [2025-04-13T15:24:24.323+0000] {dagbag.py:538} INFO - Filling up the DagBag from /home/airflow/.local/lib/python3.8/site-packages/airflow/example_dags/example_local_kubernetes_executor.py
[2025-04-13T15:24:24.331+0000] {processor.py:840} INFO - DAG(s) 'example_local_kubernetes_executor' retrieved from /home/airflow/.local/lib/python3.8/site-packages/airflow/example_dags/example_local_kubernetes_executor.py
[2025-04-13T15:24:24.382+0000] {logging_mixin.py:188} INFO - [2025-04-13T15:24:24.381+0000] {dag.py:3036} INFO - Sync 1 DAGs
[2025-04-13T15:24:24.404+0000] {logging_mixin.py:188} INFO - [2025-04-13T15:24:24.403+0000] {dag.py:3823} INFO - Setting next_dagrun for example_local_kubernetes_executor to None, run_after=None
[2025-04-13T15:24:24.428+0000] {processor.py:183} INFO - Processing /home/airflow/.local/lib/python3.8/site-packages/airflow/example_dags/example_local_kubernetes_executor.py took 0.112 seconds
[2025-04-13T15:24:56.900+0000] {processor.py:161} INFO - Started process (PID=703) to work on /home/airflow/.local/lib/python3.8/site-packages/airflow/example_dags/example_local_kubernetes_executor.py
[2025-04-13T15:24:56.902+0000] {processor.py:830} INFO - Processing file /home/airflow/.local/lib/python3.8/site-packages/airflow/example_dags/example_local_kubernetes_executor.py for tasks to queue
[2025-04-13T15:24:56.905+0000] {logging_mixin.py:188} INFO - [2025-04-13T15:24:56.904+0000] {dagbag.py:538} INFO - Filling up the DagBag from /home/airflow/.local/lib/python3.8/site-packages/airflow/example_dags/example_local_kubernetes_executor.py
[2025-04-13T15:24:56.918+0000] {processor.py:840} INFO - DAG(s) 'example_local_kubernetes_executor' retrieved from /home/airflow/.local/lib/python3.8/site-packages/airflow/example_dags/example_local_kubernetes_executor.py
[2025-04-13T15:24:56.967+0000] {logging_mixin.py:188} INFO - [2025-04-13T15:24:56.967+0000] {dag.py:3036} INFO - Sync 1 DAGs
[2025-04-13T15:24:56.982+0000] {logging_mixin.py:188} INFO - [2025-04-13T15:24:56.982+0000] {dag.py:3823} INFO - Setting next_dagrun for example_local_kubernetes_executor to None, run_after=None
[2025-04-13T15:24:57.006+0000] {processor.py:183} INFO - Processing /home/airflow/.local/lib/python3.8/site-packages/airflow/example_dags/example_local_kubernetes_executor.py took 0.116 seconds
[2025-04-13T15:25:29.434+0000] {processor.py:161} INFO - Started process (PID=759) to work on /home/airflow/.local/lib/python3.8/site-packages/airflow/example_dags/example_local_kubernetes_executor.py
[2025-04-13T15:25:29.435+0000] {processor.py:830} INFO - Processing file /home/airflow/.local/lib/python3.8/site-packages/airflow/example_dags/example_local_kubernetes_executor.py for tasks to queue
[2025-04-13T15:25:29.438+0000] {logging_mixin.py:188} INFO - [2025-04-13T15:25:29.438+0000] {dagbag.py:538} INFO - Filling up the DagBag from /home/airflow/.local/lib/python3.8/site-packages/airflow/example_dags/example_local_kubernetes_executor.py
[2025-04-13T15:25:29.451+0000] {processor.py:840} INFO - DAG(s) 'example_local_kubernetes_executor' retrieved from /home/airflow/.local/lib/python3.8/site-packages/airflow/example_dags/example_local_kubernetes_executor.py
[2025-04-13T15:25:29.498+0000] {logging_mixin.py:188} INFO - [2025-04-13T15:25:29.498+0000] {dag.py:3036} INFO - Sync 1 DAGs
[2025-04-13T15:25:29.535+0000] {logging_mixin.py:188} INFO - [2025-04-13T15:25:29.535+0000] {dag.py:3823} INFO - Setting next_dagrun for example_local_kubernetes_executor to None, run_after=None
[2025-04-13T15:25:29.570+0000] {processor.py:183} INFO - Processing /home/airflow/.local/lib/python3.8/site-packages/airflow/example_dags/example_local_kubernetes_executor.py took 0.141 seconds
[2025-04-13T15:26:02.148+0000] {processor.py:161} INFO - Started process (PID=815) to work on /home/airflow/.local/lib/python3.8/site-packages/airflow/example_dags/example_local_kubernetes_executor.py
[2025-04-13T15:26:02.149+0000] {processor.py:830} INFO - Processing file /home/airflow/.local/lib/python3.8/site-packages/airflow/example_dags/example_local_kubernetes_executor.py for tasks to queue
[2025-04-13T15:26:02.152+0000] {logging_mixin.py:188} INFO - [2025-04-13T15:26:02.151+0000] {dagbag.py:538} INFO - Filling up the DagBag from /home/airflow/.local/lib/python3.8/site-packages/airflow/example_dags/example_local_kubernetes_executor.py
[2025-04-13T15:26:02.165+0000] {processor.py:840} INFO - DAG(s) 'example_local_kubernetes_executor' retrieved from /home/airflow/.local/lib/python3.8/site-packages/airflow/example_dags/example_local_kubernetes_executor.py
[2025-04-13T15:26:02.221+0000] {logging_mixin.py:188} INFO - [2025-04-13T15:26:02.221+0000] {dag.py:3036} INFO - Sync 1 DAGs
[2025-04-13T15:26:02.248+0000] {logging_mixin.py:188} INFO - [2025-04-13T15:26:02.248+0000] {dag.py:3823} INFO - Setting next_dagrun for example_local_kubernetes_executor to None, run_after=None
[2025-04-13T15:26:02.290+0000] {processor.py:183} INFO - Processing /home/airflow/.local/lib/python3.8/site-packages/airflow/example_dags/example_local_kubernetes_executor.py took 0.150 seconds
[2025-04-13T15:26:33.015+0000] {processor.py:161} INFO - Started process (PID=872) to work on /home/airflow/.local/lib/python3.8/site-packages/airflow/example_dags/example_local_kubernetes_executor.py
[2025-04-13T15:26:33.016+0000] {processor.py:830} INFO - Processing file /home/airflow/.local/lib/python3.8/site-packages/airflow/example_dags/example_local_kubernetes_executor.py for tasks to queue
[2025-04-13T15:26:33.018+0000] {logging_mixin.py:188} INFO - [2025-04-13T15:26:33.018+0000] {dagbag.py:538} INFO - Filling up the DagBag from /home/airflow/.local/lib/python3.8/site-packages/airflow/example_dags/example_local_kubernetes_executor.py
[2025-04-13T15:26:33.026+0000] {processor.py:840} INFO - DAG(s) 'example_local_kubernetes_executor' retrieved from /home/airflow/.local/lib/python3.8/site-packages/airflow/example_dags/example_local_kubernetes_executor.py
[2025-04-13T15:26:33.062+0000] {logging_mixin.py:188} INFO - [2025-04-13T15:26:33.062+0000] {dag.py:3036} INFO - Sync 1 DAGs
[2025-04-13T15:26:33.079+0000] {logging_mixin.py:188} INFO - [2025-04-13T15:26:33.078+0000] {dag.py:3823} INFO - Setting next_dagrun for example_local_kubernetes_executor to None, run_after=None
[2025-04-13T15:26:33.104+0000] {processor.py:183} INFO - Processing /home/airflow/.local/lib/python3.8/site-packages/airflow/example_dags/example_local_kubernetes_executor.py took 0.093 seconds
[2025-04-13T15:27:03.730+0000] {processor.py:161} INFO - Started process (PID=928) to work on /home/airflow/.local/lib/python3.8/site-packages/airflow/example_dags/example_local_kubernetes_executor.py
[2025-04-13T15:27:03.732+0000] {processor.py:830} INFO - Processing file /home/airflow/.local/lib/python3.8/site-packages/airflow/example_dags/example_local_kubernetes_executor.py for tasks to queue
[2025-04-13T15:27:03.738+0000] {logging_mixin.py:188} INFO - [2025-04-13T15:27:03.738+0000] {dagbag.py:538} INFO - Filling up the DagBag from /home/airflow/.local/lib/python3.8/site-packages/airflow/example_dags/example_local_kubernetes_executor.py
[2025-04-13T15:27:03.752+0000] {processor.py:840} INFO - DAG(s) 'example_local_kubernetes_executor' retrieved from /home/airflow/.local/lib/python3.8/site-packages/airflow/example_dags/example_local_kubernetes_executor.py
[2025-04-13T15:27:03.822+0000] {logging_mixin.py:188} INFO - [2025-04-13T15:27:03.821+0000] {dag.py:3036} INFO - Sync 1 DAGs
[2025-04-13T15:27:03.858+0000] {logging_mixin.py:188} INFO - [2025-04-13T15:27:03.857+0000] {dag.py:3823} INFO - Setting next_dagrun for example_local_kubernetes_executor to None, run_after=None
[2025-04-13T15:27:03.894+0000] {processor.py:183} INFO - Processing /home/airflow/.local/lib/python3.8/site-packages/airflow/example_dags/example_local_kubernetes_executor.py took 0.169 seconds
[2025-04-13T15:27:34.008+0000] {processor.py:161} INFO - Started process (PID=985) to work on /home/airflow/.local/lib/python3.8/site-packages/airflow/example_dags/example_local_kubernetes_executor.py
[2025-04-13T15:27:34.010+0000] {processor.py:830} INFO - Processing file /home/airflow/.local/lib/python3.8/site-packages/airflow/example_dags/example_local_kubernetes_executor.py for tasks to queue
[2025-04-13T15:27:34.015+0000] {logging_mixin.py:188} INFO - [2025-04-13T15:27:34.015+0000] {dagbag.py:538} INFO - Filling up the DagBag from /home/airflow/.local/lib/python3.8/site-packages/airflow/example_dags/example_local_kubernetes_executor.py
[2025-04-13T15:27:34.027+0000] {processor.py:840} INFO - DAG(s) 'example_local_kubernetes_executor' retrieved from /home/airflow/.local/lib/python3.8/site-packages/airflow/example_dags/example_local_kubernetes_executor.py
[2025-04-13T15:27:34.079+0000] {logging_mixin.py:188} INFO - [2025-04-13T15:27:34.079+0000] {dag.py:3036} INFO - Sync 1 DAGs
[2025-04-13T15:27:34.098+0000] {logging_mixin.py:188} INFO - [2025-04-13T15:27:34.098+0000] {dag.py:3823} INFO - Setting next_dagrun for example_local_kubernetes_executor to None, run_after=None
[2025-04-13T15:27:34.137+0000] {processor.py:183} INFO - Processing /home/airflow/.local/lib/python3.8/site-packages/airflow/example_dags/example_local_kubernetes_executor.py took 0.133 seconds
[2025-04-13T15:28:04.322+0000] {processor.py:161} INFO - Started process (PID=1041) to work on /home/airflow/.local/lib/python3.8/site-packages/airflow/example_dags/example_local_kubernetes_executor.py
[2025-04-13T15:28:04.323+0000] {processor.py:830} INFO - Processing file /home/airflow/.local/lib/python3.8/site-packages/airflow/example_dags/example_local_kubernetes_executor.py for tasks to queue
[2025-04-13T15:28:04.325+0000] {logging_mixin.py:188} INFO - [2025-04-13T15:28:04.325+0000] {dagbag.py:538} INFO - Filling up the DagBag from /home/airflow/.local/lib/python3.8/site-packages/airflow/example_dags/example_local_kubernetes_executor.py
[2025-04-13T15:28:04.333+0000] {processor.py:840} INFO - DAG(s) 'example_local_kubernetes_executor' retrieved from /home/airflow/.local/lib/python3.8/site-packages/airflow/example_dags/example_local_kubernetes_executor.py
[2025-04-13T15:28:04.378+0000] {logging_mixin.py:188} INFO - [2025-04-13T15:28:04.378+0000] {dag.py:3036} INFO - Sync 1 DAGs
[2025-04-13T15:28:04.393+0000] {logging_mixin.py:188} INFO - [2025-04-13T15:28:04.393+0000] {dag.py:3823} INFO - Setting next_dagrun for example_local_kubernetes_executor to None, run_after=None
[2025-04-13T15:28:04.416+0000] {processor.py:183} INFO - Processing /home/airflow/.local/lib/python3.8/site-packages/airflow/example_dags/example_local_kubernetes_executor.py took 0.098 seconds
[2025-04-13T15:28:34.937+0000] {processor.py:161} INFO - Started process (PID=1097) to work on /home/airflow/.local/lib/python3.8/site-packages/airflow/example_dags/example_local_kubernetes_executor.py
[2025-04-13T15:28:34.939+0000] {processor.py:830} INFO - Processing file /home/airflow/.local/lib/python3.8/site-packages/airflow/example_dags/example_local_kubernetes_executor.py for tasks to queue
[2025-04-13T15:28:34.941+0000] {logging_mixin.py:188} INFO - [2025-04-13T15:28:34.941+0000] {dagbag.py:538} INFO - Filling up the DagBag from /home/airflow/.local/lib/python3.8/site-packages/airflow/example_dags/example_local_kubernetes_executor.py
[2025-04-13T15:28:34.952+0000] {processor.py:840} INFO - DAG(s) 'example_local_kubernetes_executor' retrieved from /home/airflow/.local/lib/python3.8/site-packages/airflow/example_dags/example_local_kubernetes_executor.py
[2025-04-13T15:28:34.998+0000] {logging_mixin.py:188} INFO - [2025-04-13T15:28:34.997+0000] {dag.py:3036} INFO - Sync 1 DAGs
[2025-04-13T15:28:35.018+0000] {logging_mixin.py:188} INFO - [2025-04-13T15:28:35.018+0000] {dag.py:3823} INFO - Setting next_dagrun for example_local_kubernetes_executor to None, run_after=None
[2025-04-13T15:28:35.055+0000] {processor.py:183} INFO - Processing /home/airflow/.local/lib/python3.8/site-packages/airflow/example_dags/example_local_kubernetes_executor.py took 0.122 seconds
[2025-04-13T15:29:05.598+0000] {processor.py:161} INFO - Started process (PID=1153) to work on /home/airflow/.local/lib/python3.8/site-packages/airflow/example_dags/example_local_kubernetes_executor.py
[2025-04-13T15:29:05.601+0000] {processor.py:830} INFO - Processing file /home/airflow/.local/lib/python3.8/site-packages/airflow/example_dags/example_local_kubernetes_executor.py for tasks to queue
[2025-04-13T15:29:05.603+0000] {logging_mixin.py:188} INFO - [2025-04-13T15:29:05.603+0000] {dagbag.py:538} INFO - Filling up the DagBag from /home/airflow/.local/lib/python3.8/site-packages/airflow/example_dags/example_local_kubernetes_executor.py
[2025-04-13T15:29:05.616+0000] {processor.py:840} INFO - DAG(s) 'example_local_kubernetes_executor' retrieved from /home/airflow/.local/lib/python3.8/site-packages/airflow/example_dags/example_local_kubernetes_executor.py
[2025-04-13T15:29:05.676+0000] {logging_mixin.py:188} INFO - [2025-04-13T15:29:05.675+0000] {dag.py:3036} INFO - Sync 1 DAGs
[2025-04-13T15:29:05.697+0000] {logging_mixin.py:188} INFO - [2025-04-13T15:29:05.697+0000] {dag.py:3823} INFO - Setting next_dagrun for example_local_kubernetes_executor to None, run_after=None
[2025-04-13T15:29:05.749+0000] {processor.py:183} INFO - Processing /home/airflow/.local/lib/python3.8/site-packages/airflow/example_dags/example_local_kubernetes_executor.py took 0.155 seconds
[2025-04-13T15:29:36.011+0000] {processor.py:161} INFO - Started process (PID=1203) to work on /home/airflow/.local/lib/python3.8/site-packages/airflow/example_dags/example_local_kubernetes_executor.py
[2025-04-13T15:29:36.014+0000] {processor.py:830} INFO - Processing file /home/airflow/.local/lib/python3.8/site-packages/airflow/example_dags/example_local_kubernetes_executor.py for tasks to queue
[2025-04-13T15:29:36.018+0000] {logging_mixin.py:188} INFO - [2025-04-13T15:29:36.018+0000] {dagbag.py:538} INFO - Filling up the DagBag from /home/airflow/.local/lib/python3.8/site-packages/airflow/example_dags/example_local_kubernetes_executor.py
[2025-04-13T15:29:36.030+0000] {processor.py:840} INFO - DAG(s) 'example_local_kubernetes_executor' retrieved from /home/airflow/.local/lib/python3.8/site-packages/airflow/example_dags/example_local_kubernetes_executor.py
[2025-04-13T15:29:36.100+0000] {logging_mixin.py:188} INFO - [2025-04-13T15:29:36.100+0000] {dag.py:3036} INFO - Sync 1 DAGs
[2025-04-13T15:29:36.133+0000] {logging_mixin.py:188} INFO - [2025-04-13T15:29:36.133+0000] {dag.py:3823} INFO - Setting next_dagrun for example_local_kubernetes_executor to None, run_after=None
[2025-04-13T15:29:36.184+0000] {processor.py:183} INFO - Processing /home/airflow/.local/lib/python3.8/site-packages/airflow/example_dags/example_local_kubernetes_executor.py took 0.178 seconds
[2025-04-13T15:30:06.236+0000] {processor.py:161} INFO - Started process (PID=1259) to work on /home/airflow/.local/lib/python3.8/site-packages/airflow/example_dags/example_local_kubernetes_executor.py
[2025-04-13T15:30:06.237+0000] {processor.py:830} INFO - Processing file /home/airflow/.local/lib/python3.8/site-packages/airflow/example_dags/example_local_kubernetes_executor.py for tasks to queue
[2025-04-13T15:30:06.240+0000] {logging_mixin.py:188} INFO - [2025-04-13T15:30:06.239+0000] {dagbag.py:538} INFO - Filling up the DagBag from /home/airflow/.local/lib/python3.8/site-packages/airflow/example_dags/example_local_kubernetes_executor.py
[2025-04-13T15:30:06.250+0000] {processor.py:840} INFO - DAG(s) 'example_local_kubernetes_executor' retrieved from /home/airflow/.local/lib/python3.8/site-packages/airflow/example_dags/example_local_kubernetes_executor.py
[2025-04-13T15:30:06.289+0000] {logging_mixin.py:188} INFO - [2025-04-13T15:30:06.288+0000] {dag.py:3036} INFO - Sync 1 DAGs
[2025-04-13T15:30:06.303+0000] {logging_mixin.py:188} INFO - [2025-04-13T15:30:06.303+0000] {dag.py:3823} INFO - Setting next_dagrun for example_local_kubernetes_executor to None, run_after=None
[2025-04-13T15:30:06.325+0000] {processor.py:183} INFO - Processing /home/airflow/.local/lib/python3.8/site-packages/airflow/example_dags/example_local_kubernetes_executor.py took 0.093 seconds
[2025-04-13T15:30:36.821+0000] {processor.py:161} INFO - Started process (PID=1315) to work on /home/airflow/.local/lib/python3.8/site-packages/airflow/example_dags/example_local_kubernetes_executor.py
[2025-04-13T15:30:36.822+0000] {processor.py:830} INFO - Processing file /home/airflow/.local/lib/python3.8/site-packages/airflow/example_dags/example_local_kubernetes_executor.py for tasks to queue
[2025-04-13T15:30:36.824+0000] {logging_mixin.py:188} INFO - [2025-04-13T15:30:36.824+0000] {dagbag.py:538} INFO - Filling up the DagBag from /home/airflow/.local/lib/python3.8/site-packages/airflow/example_dags/example_local_kubernetes_executor.py
[2025-04-13T15:30:36.833+0000] {processor.py:840} INFO - DAG(s) 'example_local_kubernetes_executor' retrieved from /home/airflow/.local/lib/python3.8/site-packages/airflow/example_dags/example_local_kubernetes_executor.py
[2025-04-13T15:30:36.874+0000] {logging_mixin.py:188} INFO - [2025-04-13T15:30:36.873+0000] {dag.py:3036} INFO - Sync 1 DAGs
[2025-04-13T15:30:36.887+0000] {logging_mixin.py:188} INFO - [2025-04-13T15:30:36.887+0000] {dag.py:3823} INFO - Setting next_dagrun for example_local_kubernetes_executor to None, run_after=None
[2025-04-13T15:30:36.912+0000] {processor.py:183} INFO - Processing /home/airflow/.local/lib/python3.8/site-packages/airflow/example_dags/example_local_kubernetes_executor.py took 0.095 seconds
[2025-04-13T15:31:07.357+0000] {processor.py:161} INFO - Started process (PID=1371) to work on /home/airflow/.local/lib/python3.8/site-packages/airflow/example_dags/example_local_kubernetes_executor.py
[2025-04-13T15:31:07.359+0000] {processor.py:830} INFO - Processing file /home/airflow/.local/lib/python3.8/site-packages/airflow/example_dags/example_local_kubernetes_executor.py for tasks to queue
[2025-04-13T15:31:07.362+0000] {logging_mixin.py:188} INFO - [2025-04-13T15:31:07.361+0000] {dagbag.py:538} INFO - Filling up the DagBag from /home/airflow/.local/lib/python3.8/site-packages/airflow/example_dags/example_local_kubernetes_executor.py
[2025-04-13T15:31:07.372+0000] {processor.py:840} INFO - DAG(s) 'example_local_kubernetes_executor' retrieved from /home/airflow/.local/lib/python3.8/site-packages/airflow/example_dags/example_local_kubernetes_executor.py
[2025-04-13T15:31:07.433+0000] {logging_mixin.py:188} INFO - [2025-04-13T15:31:07.432+0000] {dag.py:3036} INFO - Sync 1 DAGs
[2025-04-13T15:31:07.451+0000] {logging_mixin.py:188} INFO - [2025-04-13T15:31:07.450+0000] {dag.py:3823} INFO - Setting next_dagrun for example_local_kubernetes_executor to None, run_after=None
[2025-04-13T15:31:07.481+0000] {processor.py:183} INFO - Processing /home/airflow/.local/lib/python3.8/site-packages/airflow/example_dags/example_local_kubernetes_executor.py took 0.127 seconds
[2025-04-13T15:31:37.606+0000] {processor.py:161} INFO - Started process (PID=1427) to work on /home/airflow/.local/lib/python3.8/site-packages/airflow/example_dags/example_local_kubernetes_executor.py
[2025-04-13T15:31:37.607+0000] {processor.py:830} INFO - Processing file /home/airflow/.local/lib/python3.8/site-packages/airflow/example_dags/example_local_kubernetes_executor.py for tasks to queue
[2025-04-13T15:31:37.610+0000] {logging_mixin.py:188} INFO - [2025-04-13T15:31:37.609+0000] {dagbag.py:538} INFO - Filling up the DagBag from /home/airflow/.local/lib/python3.8/site-packages/airflow/example_dags/example_local_kubernetes_executor.py
[2025-04-13T15:31:37.620+0000] {processor.py:840} INFO - DAG(s) 'example_local_kubernetes_executor' retrieved from /home/airflow/.local/lib/python3.8/site-packages/airflow/example_dags/example_local_kubernetes_executor.py
[2025-04-13T15:31:37.661+0000] {logging_mixin.py:188} INFO - [2025-04-13T15:31:37.660+0000] {dag.py:3036} INFO - Sync 1 DAGs
[2025-04-13T15:31:37.675+0000] {logging_mixin.py:188} INFO - [2025-04-13T15:31:37.675+0000] {dag.py:3823} INFO - Setting next_dagrun for example_local_kubernetes_executor to None, run_after=None
[2025-04-13T15:31:37.699+0000] {processor.py:183} INFO - Processing /home/airflow/.local/lib/python3.8/site-packages/airflow/example_dags/example_local_kubernetes_executor.py took 0.097 seconds
[2025-04-13T15:32:07.866+0000] {processor.py:161} INFO - Started process (PID=1483) to work on /home/airflow/.local/lib/python3.8/site-packages/airflow/example_dags/example_local_kubernetes_executor.py
[2025-04-13T15:32:07.868+0000] {processor.py:830} INFO - Processing file /home/airflow/.local/lib/python3.8/site-packages/airflow/example_dags/example_local_kubernetes_executor.py for tasks to queue
[2025-04-13T15:32:07.870+0000] {logging_mixin.py:188} INFO - [2025-04-13T15:32:07.870+0000] {dagbag.py:538} INFO - Filling up the DagBag from /home/airflow/.local/lib/python3.8/site-packages/airflow/example_dags/example_local_kubernetes_executor.py
[2025-04-13T15:32:07.881+0000] {processor.py:840} INFO - DAG(s) 'example_local_kubernetes_executor' retrieved from /home/airflow/.local/lib/python3.8/site-packages/airflow/example_dags/example_local_kubernetes_executor.py
[2025-04-13T15:32:07.930+0000] {logging_mixin.py:188} INFO - [2025-04-13T15:32:07.929+0000] {dag.py:3036} INFO - Sync 1 DAGs
[2025-04-13T15:32:07.943+0000] {logging_mixin.py:188} INFO - [2025-04-13T15:32:07.943+0000] {dag.py:3823} INFO - Setting next_dagrun for example_local_kubernetes_executor to None, run_after=None
[2025-04-13T15:32:07.968+0000] {processor.py:183} INFO - Processing /home/airflow/.local/lib/python3.8/site-packages/airflow/example_dags/example_local_kubernetes_executor.py took 0.107 seconds
[2025-04-13T15:32:38.429+0000] {processor.py:161} INFO - Started process (PID=1540) to work on /home/airflow/.local/lib/python3.8/site-packages/airflow/example_dags/example_local_kubernetes_executor.py
[2025-04-13T15:32:38.430+0000] {processor.py:830} INFO - Processing file /home/airflow/.local/lib/python3.8/site-packages/airflow/example_dags/example_local_kubernetes_executor.py for tasks to queue
[2025-04-13T15:32:38.432+0000] {logging_mixin.py:188} INFO - [2025-04-13T15:32:38.432+0000] {dagbag.py:538} INFO - Filling up the DagBag from /home/airflow/.local/lib/python3.8/site-packages/airflow/example_dags/example_local_kubernetes_executor.py
[2025-04-13T15:32:38.443+0000] {processor.py:840} INFO - DAG(s) 'example_local_kubernetes_executor' retrieved from /home/airflow/.local/lib/python3.8/site-packages/airflow/example_dags/example_local_kubernetes_executor.py
[2025-04-13T15:32:38.489+0000] {logging_mixin.py:188} INFO - [2025-04-13T15:32:38.489+0000] {dag.py:3036} INFO - Sync 1 DAGs
[2025-04-13T15:32:38.503+0000] {logging_mixin.py:188} INFO - [2025-04-13T15:32:38.502+0000] {dag.py:3823} INFO - Setting next_dagrun for example_local_kubernetes_executor to None, run_after=None
[2025-04-13T15:32:38.530+0000] {processor.py:183} INFO - Processing /home/airflow/.local/lib/python3.8/site-packages/airflow/example_dags/example_local_kubernetes_executor.py took 0.104 seconds
[2025-04-13T15:33:09.876+0000] {processor.py:161} INFO - Started process (PID=1596) to work on /home/airflow/.local/lib/python3.8/site-packages/airflow/example_dags/example_local_kubernetes_executor.py
[2025-04-13T15:33:09.878+0000] {processor.py:830} INFO - Processing file /home/airflow/.local/lib/python3.8/site-packages/airflow/example_dags/example_local_kubernetes_executor.py for tasks to queue
[2025-04-13T15:33:09.880+0000] {logging_mixin.py:188} INFO - [2025-04-13T15:33:09.880+0000] {dagbag.py:538} INFO - Filling up the DagBag from /home/airflow/.local/lib/python3.8/site-packages/airflow/example_dags/example_local_kubernetes_executor.py
[2025-04-13T15:33:09.888+0000] {processor.py:840} INFO - DAG(s) 'example_local_kubernetes_executor' retrieved from /home/airflow/.local/lib/python3.8/site-packages/airflow/example_dags/example_local_kubernetes_executor.py
[2025-04-13T15:33:09.928+0000] {logging_mixin.py:188} INFO - [2025-04-13T15:33:09.928+0000] {dag.py:3036} INFO - Sync 1 DAGs
[2025-04-13T15:33:09.945+0000] {logging_mixin.py:188} INFO - [2025-04-13T15:33:09.945+0000] {dag.py:3823} INFO - Setting next_dagrun for example_local_kubernetes_executor to None, run_after=None
[2025-04-13T15:33:09.968+0000] {processor.py:183} INFO - Processing /home/airflow/.local/lib/python3.8/site-packages/airflow/example_dags/example_local_kubernetes_executor.py took 0.096 seconds
[2025-04-13T15:33:42.018+0000] {processor.py:161} INFO - Started process (PID=1644) to work on /home/airflow/.local/lib/python3.8/site-packages/airflow/example_dags/example_local_kubernetes_executor.py
[2025-04-13T15:33:42.020+0000] {processor.py:830} INFO - Processing file /home/airflow/.local/lib/python3.8/site-packages/airflow/example_dags/example_local_kubernetes_executor.py for tasks to queue
[2025-04-13T15:33:42.022+0000] {logging_mixin.py:188} INFO - [2025-04-13T15:33:42.022+0000] {dagbag.py:538} INFO - Filling up the DagBag from /home/airflow/.local/lib/python3.8/site-packages/airflow/example_dags/example_local_kubernetes_executor.py
[2025-04-13T15:33:42.031+0000] {processor.py:840} INFO - DAG(s) 'example_local_kubernetes_executor' retrieved from /home/airflow/.local/lib/python3.8/site-packages/airflow/example_dags/example_local_kubernetes_executor.py
[2025-04-13T15:33:42.070+0000] {logging_mixin.py:188} INFO - [2025-04-13T15:33:42.070+0000] {dag.py:3036} INFO - Sync 1 DAGs
[2025-04-13T15:33:42.091+0000] {logging_mixin.py:188} INFO - [2025-04-13T15:33:42.091+0000] {dag.py:3823} INFO - Setting next_dagrun for example_local_kubernetes_executor to None, run_after=None
[2025-04-13T15:33:42.120+0000] {processor.py:183} INFO - Processing /home/airflow/.local/lib/python3.8/site-packages/airflow/example_dags/example_local_kubernetes_executor.py took 0.106 seconds
[2025-04-13T15:34:14.858+0000] {processor.py:161} INFO - Started process (PID=1702) to work on /home/airflow/.local/lib/python3.8/site-packages/airflow/example_dags/example_local_kubernetes_executor.py
[2025-04-13T15:34:14.859+0000] {processor.py:830} INFO - Processing file /home/airflow/.local/lib/python3.8/site-packages/airflow/example_dags/example_local_kubernetes_executor.py for tasks to queue
[2025-04-13T15:34:14.861+0000] {logging_mixin.py:188} INFO - [2025-04-13T15:34:14.861+0000] {dagbag.py:538} INFO - Filling up the DagBag from /home/airflow/.local/lib/python3.8/site-packages/airflow/example_dags/example_local_kubernetes_executor.py
[2025-04-13T15:34:14.869+0000] {processor.py:840} INFO - DAG(s) 'example_local_kubernetes_executor' retrieved from /home/airflow/.local/lib/python3.8/site-packages/airflow/example_dags/example_local_kubernetes_executor.py
[2025-04-13T15:34:14.910+0000] {logging_mixin.py:188} INFO - [2025-04-13T15:34:14.909+0000] {dag.py:3036} INFO - Sync 1 DAGs
[2025-04-13T15:34:14.931+0000] {logging_mixin.py:188} INFO - [2025-04-13T15:34:14.931+0000] {dag.py:3823} INFO - Setting next_dagrun for example_local_kubernetes_executor to None, run_after=None
[2025-04-13T15:34:14.954+0000] {processor.py:183} INFO - Processing /home/airflow/.local/lib/python3.8/site-packages/airflow/example_dags/example_local_kubernetes_executor.py took 0.099 seconds
[2025-04-13T15:34:47.296+0000] {processor.py:161} INFO - Started process (PID=1758) to work on /home/airflow/.local/lib/python3.8/site-packages/airflow/example_dags/example_local_kubernetes_executor.py
[2025-04-13T15:34:47.298+0000] {processor.py:830} INFO - Processing file /home/airflow/.local/lib/python3.8/site-packages/airflow/example_dags/example_local_kubernetes_executor.py for tasks to queue
[2025-04-13T15:34:47.300+0000] {logging_mixin.py:188} INFO - [2025-04-13T15:34:47.300+0000] {dagbag.py:538} INFO - Filling up the DagBag from /home/airflow/.local/lib/python3.8/site-packages/airflow/example_dags/example_local_kubernetes_executor.py
[2025-04-13T15:34:47.309+0000] {processor.py:840} INFO - DAG(s) 'example_local_kubernetes_executor' retrieved from /home/airflow/.local/lib/python3.8/site-packages/airflow/example_dags/example_local_kubernetes_executor.py
[2025-04-13T15:34:47.356+0000] {logging_mixin.py:188} INFO - [2025-04-13T15:34:47.355+0000] {dag.py:3036} INFO - Sync 1 DAGs
[2025-04-13T15:34:47.376+0000] {logging_mixin.py:188} INFO - [2025-04-13T15:34:47.376+0000] {dag.py:3823} INFO - Setting next_dagrun for example_local_kubernetes_executor to None, run_after=None
[2025-04-13T15:34:47.403+0000] {processor.py:183} INFO - Processing /home/airflow/.local/lib/python3.8/site-packages/airflow/example_dags/example_local_kubernetes_executor.py took 0.111 seconds
[2025-04-13T15:35:20.132+0000] {processor.py:161} INFO - Started process (PID=1814) to work on /home/airflow/.local/lib/python3.8/site-packages/airflow/example_dags/example_local_kubernetes_executor.py
[2025-04-13T15:35:20.133+0000] {processor.py:830} INFO - Processing file /home/airflow/.local/lib/python3.8/site-packages/airflow/example_dags/example_local_kubernetes_executor.py for tasks to queue
[2025-04-13T15:35:20.137+0000] {logging_mixin.py:188} INFO - [2025-04-13T15:35:20.136+0000] {dagbag.py:538} INFO - Filling up the DagBag from /home/airflow/.local/lib/python3.8/site-packages/airflow/example_dags/example_local_kubernetes_executor.py
[2025-04-13T15:35:20.145+0000] {processor.py:840} INFO - DAG(s) 'example_local_kubernetes_executor' retrieved from /home/airflow/.local/lib/python3.8/site-packages/airflow/example_dags/example_local_kubernetes_executor.py
[2025-04-13T15:35:20.188+0000] {logging_mixin.py:188} INFO - [2025-04-13T15:35:20.188+0000] {dag.py:3036} INFO - Sync 1 DAGs
[2025-04-13T15:35:20.208+0000] {logging_mixin.py:188} INFO - [2025-04-13T15:35:20.208+0000] {dag.py:3823} INFO - Setting next_dagrun for example_local_kubernetes_executor to None, run_after=None
[2025-04-13T15:35:20.250+0000] {processor.py:183} INFO - Processing /home/airflow/.local/lib/python3.8/site-packages/airflow/example_dags/example_local_kubernetes_executor.py took 0.122 seconds
[2025-04-13T15:35:52.757+0000] {processor.py:161} INFO - Started process (PID=1871) to work on /home/airflow/.local/lib/python3.8/site-packages/airflow/example_dags/example_local_kubernetes_executor.py
[2025-04-13T15:35:52.758+0000] {processor.py:830} INFO - Processing file /home/airflow/.local/lib/python3.8/site-packages/airflow/example_dags/example_local_kubernetes_executor.py for tasks to queue
[2025-04-13T15:35:52.760+0000] {logging_mixin.py:188} INFO - [2025-04-13T15:35:52.760+0000] {dagbag.py:538} INFO - Filling up the DagBag from /home/airflow/.local/lib/python3.8/site-packages/airflow/example_dags/example_local_kubernetes_executor.py
[2025-04-13T15:35:52.769+0000] {processor.py:840} INFO - DAG(s) 'example_local_kubernetes_executor' retrieved from /home/airflow/.local/lib/python3.8/site-packages/airflow/example_dags/example_local_kubernetes_executor.py
[2025-04-13T15:35:52.812+0000] {logging_mixin.py:188} INFO - [2025-04-13T15:35:52.812+0000] {dag.py:3036} INFO - Sync 1 DAGs
[2025-04-13T15:35:52.833+0000] {logging_mixin.py:188} INFO - [2025-04-13T15:35:52.833+0000] {dag.py:3823} INFO - Setting next_dagrun for example_local_kubernetes_executor to None, run_after=None
[2025-04-13T15:35:52.865+0000] {processor.py:183} INFO - Processing /home/airflow/.local/lib/python3.8/site-packages/airflow/example_dags/example_local_kubernetes_executor.py took 0.111 seconds
[2025-04-13T15:36:25.647+0000] {processor.py:161} INFO - Started process (PID=1927) to work on /home/airflow/.local/lib/python3.8/site-packages/airflow/example_dags/example_local_kubernetes_executor.py
[2025-04-13T15:36:25.649+0000] {processor.py:830} INFO - Processing file /home/airflow/.local/lib/python3.8/site-packages/airflow/example_dags/example_local_kubernetes_executor.py for tasks to queue
[2025-04-13T15:36:25.652+0000] {logging_mixin.py:188} INFO - [2025-04-13T15:36:25.651+0000] {dagbag.py:538} INFO - Filling up the DagBag from /home/airflow/.local/lib/python3.8/site-packages/airflow/example_dags/example_local_kubernetes_executor.py
[2025-04-13T15:36:25.662+0000] {processor.py:840} INFO - DAG(s) 'example_local_kubernetes_executor' retrieved from /home/airflow/.local/lib/python3.8/site-packages/airflow/example_dags/example_local_kubernetes_executor.py
[2025-04-13T15:36:25.711+0000] {logging_mixin.py:188} INFO - [2025-04-13T15:36:25.711+0000] {dag.py:3036} INFO - Sync 1 DAGs
[2025-04-13T15:36:25.728+0000] {logging_mixin.py:188} INFO - [2025-04-13T15:36:25.727+0000] {dag.py:3823} INFO - Setting next_dagrun for example_local_kubernetes_executor to None, run_after=None
[2025-04-13T15:36:25.752+0000] {processor.py:183} INFO - Processing /home/airflow/.local/lib/python3.8/site-packages/airflow/example_dags/example_local_kubernetes_executor.py took 0.108 seconds
[2025-04-13T15:36:58.040+0000] {processor.py:161} INFO - Started process (PID=1983) to work on /home/airflow/.local/lib/python3.8/site-packages/airflow/example_dags/example_local_kubernetes_executor.py
[2025-04-13T15:36:58.041+0000] {processor.py:830} INFO - Processing file /home/airflow/.local/lib/python3.8/site-packages/airflow/example_dags/example_local_kubernetes_executor.py for tasks to queue
[2025-04-13T15:36:58.043+0000] {logging_mixin.py:188} INFO - [2025-04-13T15:36:58.043+0000] {dagbag.py:538} INFO - Filling up the DagBag from /home/airflow/.local/lib/python3.8/site-packages/airflow/example_dags/example_local_kubernetes_executor.py
[2025-04-13T15:36:58.052+0000] {processor.py:840} INFO - DAG(s) 'example_local_kubernetes_executor' retrieved from /home/airflow/.local/lib/python3.8/site-packages/airflow/example_dags/example_local_kubernetes_executor.py
[2025-04-13T15:36:58.093+0000] {logging_mixin.py:188} INFO - [2025-04-13T15:36:58.093+0000] {dag.py:3036} INFO - Sync 1 DAGs
[2025-04-13T15:36:58.113+0000] {logging_mixin.py:188} INFO - [2025-04-13T15:36:58.112+0000] {dag.py:3823} INFO - Setting next_dagrun for example_local_kubernetes_executor to None, run_after=None
[2025-04-13T15:36:58.146+0000] {processor.py:183} INFO - Processing /home/airflow/.local/lib/python3.8/site-packages/airflow/example_dags/example_local_kubernetes_executor.py took 0.111 seconds
[2025-04-13T15:37:31.064+0000] {processor.py:161} INFO - Started process (PID=2039) to work on /home/airflow/.local/lib/python3.8/site-packages/airflow/example_dags/example_local_kubernetes_executor.py
[2025-04-13T15:37:31.066+0000] {processor.py:830} INFO - Processing file /home/airflow/.local/lib/python3.8/site-packages/airflow/example_dags/example_local_kubernetes_executor.py for tasks to queue
[2025-04-13T15:37:31.068+0000] {logging_mixin.py:188} INFO - [2025-04-13T15:37:31.067+0000] {dagbag.py:538} INFO - Filling up the DagBag from /home/airflow/.local/lib/python3.8/site-packages/airflow/example_dags/example_local_kubernetes_executor.py
[2025-04-13T15:37:31.077+0000] {processor.py:840} INFO - DAG(s) 'example_local_kubernetes_executor' retrieved from /home/airflow/.local/lib/python3.8/site-packages/airflow/example_dags/example_local_kubernetes_executor.py
[2025-04-13T15:37:31.117+0000] {logging_mixin.py:188} INFO - [2025-04-13T15:37:31.117+0000] {dag.py:3036} INFO - Sync 1 DAGs
[2025-04-13T15:37:31.132+0000] {logging_mixin.py:188} INFO - [2025-04-13T15:37:31.131+0000] {dag.py:3823} INFO - Setting next_dagrun for example_local_kubernetes_executor to None, run_after=None
[2025-04-13T15:37:31.156+0000] {processor.py:183} INFO - Processing /home/airflow/.local/lib/python3.8/site-packages/airflow/example_dags/example_local_kubernetes_executor.py took 0.095 seconds
[2025-04-13T15:38:03.771+0000] {processor.py:161} INFO - Started process (PID=2095) to work on /home/airflow/.local/lib/python3.8/site-packages/airflow/example_dags/example_local_kubernetes_executor.py
[2025-04-13T15:38:03.773+0000] {processor.py:830} INFO - Processing file /home/airflow/.local/lib/python3.8/site-packages/airflow/example_dags/example_local_kubernetes_executor.py for tasks to queue
[2025-04-13T15:38:03.775+0000] {logging_mixin.py:188} INFO - [2025-04-13T15:38:03.775+0000] {dagbag.py:538} INFO - Filling up the DagBag from /home/airflow/.local/lib/python3.8/site-packages/airflow/example_dags/example_local_kubernetes_executor.py
[2025-04-13T15:38:03.785+0000] {processor.py:840} INFO - DAG(s) 'example_local_kubernetes_executor' retrieved from /home/airflow/.local/lib/python3.8/site-packages/airflow/example_dags/example_local_kubernetes_executor.py
[2025-04-13T15:38:03.831+0000] {logging_mixin.py:188} INFO - [2025-04-13T15:38:03.831+0000] {dag.py:3036} INFO - Sync 1 DAGs
[2025-04-13T15:38:03.857+0000] {logging_mixin.py:188} INFO - [2025-04-13T15:38:03.856+0000] {dag.py:3823} INFO - Setting next_dagrun for example_local_kubernetes_executor to None, run_after=None
[2025-04-13T15:38:03.898+0000] {processor.py:183} INFO - Processing /home/airflow/.local/lib/python3.8/site-packages/airflow/example_dags/example_local_kubernetes_executor.py took 0.133 seconds
[2025-04-13T15:38:36.122+0000] {processor.py:161} INFO - Started process (PID=2151) to work on /home/airflow/.local/lib/python3.8/site-packages/airflow/example_dags/example_local_kubernetes_executor.py
[2025-04-13T15:38:36.123+0000] {processor.py:830} INFO - Processing file /home/airflow/.local/lib/python3.8/site-packages/airflow/example_dags/example_local_kubernetes_executor.py for tasks to queue
[2025-04-13T15:38:36.125+0000] {logging_mixin.py:188} INFO - [2025-04-13T15:38:36.125+0000] {dagbag.py:538} INFO - Filling up the DagBag from /home/airflow/.local/lib/python3.8/site-packages/airflow/example_dags/example_local_kubernetes_executor.py
[2025-04-13T15:38:36.135+0000] {processor.py:840} INFO - DAG(s) 'example_local_kubernetes_executor' retrieved from /home/airflow/.local/lib/python3.8/site-packages/airflow/example_dags/example_local_kubernetes_executor.py
[2025-04-13T15:38:36.174+0000] {logging_mixin.py:188} INFO - [2025-04-13T15:38:36.174+0000] {dag.py:3036} INFO - Sync 1 DAGs
[2025-04-13T15:38:36.191+0000] {logging_mixin.py:188} INFO - [2025-04-13T15:38:36.191+0000] {dag.py:3823} INFO - Setting next_dagrun for example_local_kubernetes_executor to None, run_after=None
[2025-04-13T15:38:36.215+0000] {processor.py:183} INFO - Processing /home/airflow/.local/lib/python3.8/site-packages/airflow/example_dags/example_local_kubernetes_executor.py took 0.098 seconds
[2025-04-13T15:39:09.222+0000] {processor.py:161} INFO - Started process (PID=2207) to work on /home/airflow/.local/lib/python3.8/site-packages/airflow/example_dags/example_local_kubernetes_executor.py
[2025-04-13T15:39:09.223+0000] {processor.py:830} INFO - Processing file /home/airflow/.local/lib/python3.8/site-packages/airflow/example_dags/example_local_kubernetes_executor.py for tasks to queue
[2025-04-13T15:39:09.225+0000] {logging_mixin.py:188} INFO - [2025-04-13T15:39:09.225+0000] {dagbag.py:538} INFO - Filling up the DagBag from /home/airflow/.local/lib/python3.8/site-packages/airflow/example_dags/example_local_kubernetes_executor.py
[2025-04-13T15:39:09.233+0000] {processor.py:840} INFO - DAG(s) 'example_local_kubernetes_executor' retrieved from /home/airflow/.local/lib/python3.8/site-packages/airflow/example_dags/example_local_kubernetes_executor.py
[2025-04-13T15:39:09.276+0000] {logging_mixin.py:188} INFO - [2025-04-13T15:39:09.276+0000] {dag.py:3036} INFO - Sync 1 DAGs
[2025-04-13T15:39:09.291+0000] {logging_mixin.py:188} INFO - [2025-04-13T15:39:09.291+0000] {dag.py:3823} INFO - Setting next_dagrun for example_local_kubernetes_executor to None, run_after=None
[2025-04-13T15:39:09.315+0000] {processor.py:183} INFO - Processing /home/airflow/.local/lib/python3.8/site-packages/airflow/example_dags/example_local_kubernetes_executor.py took 0.098 seconds
[2025-04-13T15:39:42.098+0000] {processor.py:161} INFO - Started process (PID=2263) to work on /home/airflow/.local/lib/python3.8/site-packages/airflow/example_dags/example_local_kubernetes_executor.py
[2025-04-13T15:39:42.100+0000] {processor.py:830} INFO - Processing file /home/airflow/.local/lib/python3.8/site-packages/airflow/example_dags/example_local_kubernetes_executor.py for tasks to queue
[2025-04-13T15:39:42.102+0000] {logging_mixin.py:188} INFO - [2025-04-13T15:39:42.102+0000] {dagbag.py:538} INFO - Filling up the DagBag from /home/airflow/.local/lib/python3.8/site-packages/airflow/example_dags/example_local_kubernetes_executor.py
[2025-04-13T15:39:42.112+0000] {processor.py:840} INFO - DAG(s) 'example_local_kubernetes_executor' retrieved from /home/airflow/.local/lib/python3.8/site-packages/airflow/example_dags/example_local_kubernetes_executor.py
[2025-04-13T15:39:42.156+0000] {logging_mixin.py:188} INFO - [2025-04-13T15:39:42.155+0000] {dag.py:3036} INFO - Sync 1 DAGs
[2025-04-13T15:39:42.172+0000] {logging_mixin.py:188} INFO - [2025-04-13T15:39:42.172+0000] {dag.py:3823} INFO - Setting next_dagrun for example_local_kubernetes_executor to None, run_after=None
[2025-04-13T15:39:42.196+0000] {processor.py:183} INFO - Processing /home/airflow/.local/lib/python3.8/site-packages/airflow/example_dags/example_local_kubernetes_executor.py took 0.102 seconds
[2025-04-13T15:40:14.339+0000] {processor.py:161} INFO - Started process (PID=2319) to work on /home/airflow/.local/lib/python3.8/site-packages/airflow/example_dags/example_local_kubernetes_executor.py
[2025-04-13T15:40:14.340+0000] {processor.py:830} INFO - Processing file /home/airflow/.local/lib/python3.8/site-packages/airflow/example_dags/example_local_kubernetes_executor.py for tasks to queue
[2025-04-13T15:40:14.343+0000] {logging_mixin.py:188} INFO - [2025-04-13T15:40:14.343+0000] {dagbag.py:538} INFO - Filling up the DagBag from /home/airflow/.local/lib/python3.8/site-packages/airflow/example_dags/example_local_kubernetes_executor.py
[2025-04-13T15:40:14.352+0000] {processor.py:840} INFO - DAG(s) 'example_local_kubernetes_executor' retrieved from /home/airflow/.local/lib/python3.8/site-packages/airflow/example_dags/example_local_kubernetes_executor.py
[2025-04-13T15:40:14.393+0000] {logging_mixin.py:188} INFO - [2025-04-13T15:40:14.393+0000] {dag.py:3036} INFO - Sync 1 DAGs
[2025-04-13T15:40:14.425+0000] {logging_mixin.py:188} INFO - [2025-04-13T15:40:14.425+0000] {dag.py:3823} INFO - Setting next_dagrun for example_local_kubernetes_executor to None, run_after=None
[2025-04-13T15:40:14.475+0000] {processor.py:183} INFO - Processing /home/airflow/.local/lib/python3.8/site-packages/airflow/example_dags/example_local_kubernetes_executor.py took 0.141 seconds
[2025-04-13T15:40:47.158+0000] {processor.py:161} INFO - Started process (PID=2375) to work on /home/airflow/.local/lib/python3.8/site-packages/airflow/example_dags/example_local_kubernetes_executor.py
[2025-04-13T15:40:47.159+0000] {processor.py:830} INFO - Processing file /home/airflow/.local/lib/python3.8/site-packages/airflow/example_dags/example_local_kubernetes_executor.py for tasks to queue
[2025-04-13T15:40:47.162+0000] {logging_mixin.py:188} INFO - [2025-04-13T15:40:47.161+0000] {dagbag.py:538} INFO - Filling up the DagBag from /home/airflow/.local/lib/python3.8/site-packages/airflow/example_dags/example_local_kubernetes_executor.py
[2025-04-13T15:40:47.170+0000] {processor.py:840} INFO - DAG(s) 'example_local_kubernetes_executor' retrieved from /home/airflow/.local/lib/python3.8/site-packages/airflow/example_dags/example_local_kubernetes_executor.py
[2025-04-13T15:40:47.206+0000] {logging_mixin.py:188} INFO - [2025-04-13T15:40:47.206+0000] {dag.py:3036} INFO - Sync 1 DAGs
[2025-04-13T15:40:47.220+0000] {logging_mixin.py:188} INFO - [2025-04-13T15:40:47.220+0000] {dag.py:3823} INFO - Setting next_dagrun for example_local_kubernetes_executor to None, run_after=None
[2025-04-13T15:40:47.246+0000] {processor.py:183} INFO - Processing /home/airflow/.local/lib/python3.8/site-packages/airflow/example_dags/example_local_kubernetes_executor.py took 0.091 seconds
[2025-04-13T15:41:20.016+0000] {processor.py:161} INFO - Started process (PID=2431) to work on /home/airflow/.local/lib/python3.8/site-packages/airflow/example_dags/example_local_kubernetes_executor.py
[2025-04-13T15:41:20.017+0000] {processor.py:830} INFO - Processing file /home/airflow/.local/lib/python3.8/site-packages/airflow/example_dags/example_local_kubernetes_executor.py for tasks to queue
[2025-04-13T15:41:20.019+0000] {logging_mixin.py:188} INFO - [2025-04-13T15:41:20.019+0000] {dagbag.py:538} INFO - Filling up the DagBag from /home/airflow/.local/lib/python3.8/site-packages/airflow/example_dags/example_local_kubernetes_executor.py
[2025-04-13T15:41:20.028+0000] {processor.py:840} INFO - DAG(s) 'example_local_kubernetes_executor' retrieved from /home/airflow/.local/lib/python3.8/site-packages/airflow/example_dags/example_local_kubernetes_executor.py
[2025-04-13T15:41:20.071+0000] {logging_mixin.py:188} INFO - [2025-04-13T15:41:20.070+0000] {dag.py:3036} INFO - Sync 1 DAGs
[2025-04-13T15:41:20.086+0000] {logging_mixin.py:188} INFO - [2025-04-13T15:41:20.086+0000] {dag.py:3823} INFO - Setting next_dagrun for example_local_kubernetes_executor to None, run_after=None
[2025-04-13T15:41:20.112+0000] {processor.py:183} INFO - Processing /home/airflow/.local/lib/python3.8/site-packages/airflow/example_dags/example_local_kubernetes_executor.py took 0.101 seconds
[2025-04-13T15:41:52.663+0000] {processor.py:161} INFO - Started process (PID=2487) to work on /home/airflow/.local/lib/python3.8/site-packages/airflow/example_dags/example_local_kubernetes_executor.py
[2025-04-13T15:41:52.664+0000] {processor.py:830} INFO - Processing file /home/airflow/.local/lib/python3.8/site-packages/airflow/example_dags/example_local_kubernetes_executor.py for tasks to queue
[2025-04-13T15:41:52.667+0000] {logging_mixin.py:188} INFO - [2025-04-13T15:41:52.667+0000] {dagbag.py:538} INFO - Filling up the DagBag from /home/airflow/.local/lib/python3.8/site-packages/airflow/example_dags/example_local_kubernetes_executor.py
[2025-04-13T15:41:52.676+0000] {processor.py:840} INFO - DAG(s) 'example_local_kubernetes_executor' retrieved from /home/airflow/.local/lib/python3.8/site-packages/airflow/example_dags/example_local_kubernetes_executor.py
[2025-04-13T15:41:52.716+0000] {logging_mixin.py:188} INFO - [2025-04-13T15:41:52.716+0000] {dag.py:3036} INFO - Sync 1 DAGs
[2025-04-13T15:41:52.734+0000] {logging_mixin.py:188} INFO - [2025-04-13T15:41:52.734+0000] {dag.py:3823} INFO - Setting next_dagrun for example_local_kubernetes_executor to None, run_after=None
[2025-04-13T15:41:52.758+0000] {processor.py:183} INFO - Processing /home/airflow/.local/lib/python3.8/site-packages/airflow/example_dags/example_local_kubernetes_executor.py took 0.100 seconds
[2025-04-13T15:42:25.693+0000] {processor.py:161} INFO - Started process (PID=2543) to work on /home/airflow/.local/lib/python3.8/site-packages/airflow/example_dags/example_local_kubernetes_executor.py
[2025-04-13T15:42:25.695+0000] {processor.py:830} INFO - Processing file /home/airflow/.local/lib/python3.8/site-packages/airflow/example_dags/example_local_kubernetes_executor.py for tasks to queue
[2025-04-13T15:42:25.698+0000] {logging_mixin.py:188} INFO - [2025-04-13T15:42:25.697+0000] {dagbag.py:538} INFO - Filling up the DagBag from /home/airflow/.local/lib/python3.8/site-packages/airflow/example_dags/example_local_kubernetes_executor.py
[2025-04-13T15:42:25.708+0000] {processor.py:840} INFO - DAG(s) 'example_local_kubernetes_executor' retrieved from /home/airflow/.local/lib/python3.8/site-packages/airflow/example_dags/example_local_kubernetes_executor.py
[2025-04-13T15:42:25.750+0000] {logging_mixin.py:188} INFO - [2025-04-13T15:42:25.750+0000] {dag.py:3036} INFO - Sync 1 DAGs
[2025-04-13T15:42:25.766+0000] {logging_mixin.py:188} INFO - [2025-04-13T15:42:25.766+0000] {dag.py:3823} INFO - Setting next_dagrun for example_local_kubernetes_executor to None, run_after=None
[2025-04-13T15:42:25.789+0000] {processor.py:183} INFO - Processing /home/airflow/.local/lib/python3.8/site-packages/airflow/example_dags/example_local_kubernetes_executor.py took 0.100 seconds
[2025-04-13T15:42:58.003+0000] {processor.py:161} INFO - Started process (PID=2599) to work on /home/airflow/.local/lib/python3.8/site-packages/airflow/example_dags/example_local_kubernetes_executor.py
[2025-04-13T15:42:58.005+0000] {processor.py:830} INFO - Processing file /home/airflow/.local/lib/python3.8/site-packages/airflow/example_dags/example_local_kubernetes_executor.py for tasks to queue
[2025-04-13T15:42:58.007+0000] {logging_mixin.py:188} INFO - [2025-04-13T15:42:58.007+0000] {dagbag.py:538} INFO - Filling up the DagBag from /home/airflow/.local/lib/python3.8/site-packages/airflow/example_dags/example_local_kubernetes_executor.py
[2025-04-13T15:42:58.015+0000] {processor.py:840} INFO - DAG(s) 'example_local_kubernetes_executor' retrieved from /home/airflow/.local/lib/python3.8/site-packages/airflow/example_dags/example_local_kubernetes_executor.py
[2025-04-13T15:42:58.061+0000] {logging_mixin.py:188} INFO - [2025-04-13T15:42:58.061+0000] {dag.py:3036} INFO - Sync 1 DAGs
[2025-04-13T15:42:58.084+0000] {logging_mixin.py:188} INFO - [2025-04-13T15:42:58.084+0000] {dag.py:3823} INFO - Setting next_dagrun for example_local_kubernetes_executor to None, run_after=None
[2025-04-13T15:42:58.110+0000] {processor.py:183} INFO - Processing /home/airflow/.local/lib/python3.8/site-packages/airflow/example_dags/example_local_kubernetes_executor.py took 0.111 seconds
[2025-04-13T15:43:30.719+0000] {processor.py:161} INFO - Started process (PID=2655) to work on /home/airflow/.local/lib/python3.8/site-packages/airflow/example_dags/example_local_kubernetes_executor.py
[2025-04-13T15:43:30.720+0000] {processor.py:830} INFO - Processing file /home/airflow/.local/lib/python3.8/site-packages/airflow/example_dags/example_local_kubernetes_executor.py for tasks to queue
[2025-04-13T15:43:30.722+0000] {logging_mixin.py:188} INFO - [2025-04-13T15:43:30.722+0000] {dagbag.py:538} INFO - Filling up the DagBag from /home/airflow/.local/lib/python3.8/site-packages/airflow/example_dags/example_local_kubernetes_executor.py
[2025-04-13T15:43:30.733+0000] {processor.py:840} INFO - DAG(s) 'example_local_kubernetes_executor' retrieved from /home/airflow/.local/lib/python3.8/site-packages/airflow/example_dags/example_local_kubernetes_executor.py
[2025-04-13T15:43:30.773+0000] {logging_mixin.py:188} INFO - [2025-04-13T15:43:30.773+0000] {dag.py:3036} INFO - Sync 1 DAGs
[2025-04-13T15:43:30.788+0000] {logging_mixin.py:188} INFO - [2025-04-13T15:43:30.788+0000] {dag.py:3823} INFO - Setting next_dagrun for example_local_kubernetes_executor to None, run_after=None
[2025-04-13T15:43:30.814+0000] {processor.py:183} INFO - Processing /home/airflow/.local/lib/python3.8/site-packages/airflow/example_dags/example_local_kubernetes_executor.py took 0.099 seconds
[2025-04-13T15:44:07.095+0000] {processor.py:161} INFO - Started process (PID=2711) to work on /home/airflow/.local/lib/python3.8/site-packages/airflow/example_dags/example_local_kubernetes_executor.py
[2025-04-13T15:44:07.098+0000] {processor.py:830} INFO - Processing file /home/airflow/.local/lib/python3.8/site-packages/airflow/example_dags/example_local_kubernetes_executor.py for tasks to queue
[2025-04-13T15:44:07.108+0000] {logging_mixin.py:188} INFO - [2025-04-13T15:44:07.107+0000] {dagbag.py:538} INFO - Filling up the DagBag from /home/airflow/.local/lib/python3.8/site-packages/airflow/example_dags/example_local_kubernetes_executor.py
[2025-04-13T15:44:07.127+0000] {processor.py:840} INFO - DAG(s) 'example_local_kubernetes_executor' retrieved from /home/airflow/.local/lib/python3.8/site-packages/airflow/example_dags/example_local_kubernetes_executor.py
[2025-04-13T15:44:07.184+0000] {logging_mixin.py:188} INFO - [2025-04-13T15:44:07.183+0000] {dag.py:3036} INFO - Sync 1 DAGs
[2025-04-13T15:44:07.201+0000] {logging_mixin.py:188} INFO - [2025-04-13T15:44:07.201+0000] {dag.py:3823} INFO - Setting next_dagrun for example_local_kubernetes_executor to None, run_after=None
[2025-04-13T15:44:07.241+0000] {processor.py:183} INFO - Processing /home/airflow/.local/lib/python3.8/site-packages/airflow/example_dags/example_local_kubernetes_executor.py took 0.151 seconds
[2025-04-13T15:44:41.121+0000] {processor.py:161} INFO - Started process (PID=2767) to work on /home/airflow/.local/lib/python3.8/site-packages/airflow/example_dags/example_local_kubernetes_executor.py
[2025-04-13T15:44:41.130+0000] {processor.py:830} INFO - Processing file /home/airflow/.local/lib/python3.8/site-packages/airflow/example_dags/example_local_kubernetes_executor.py for tasks to queue
[2025-04-13T15:44:41.134+0000] {logging_mixin.py:188} INFO - [2025-04-13T15:44:41.133+0000] {dagbag.py:538} INFO - Filling up the DagBag from /home/airflow/.local/lib/python3.8/site-packages/airflow/example_dags/example_local_kubernetes_executor.py
[2025-04-13T15:44:41.147+0000] {processor.py:840} INFO - DAG(s) 'example_local_kubernetes_executor' retrieved from /home/airflow/.local/lib/python3.8/site-packages/airflow/example_dags/example_local_kubernetes_executor.py
[2025-04-13T15:44:41.240+0000] {logging_mixin.py:188} INFO - [2025-04-13T15:44:41.240+0000] {dag.py:3036} INFO - Sync 1 DAGs
[2025-04-13T15:44:41.516+0000] {logging_mixin.py:188} INFO - [2025-04-13T15:44:41.515+0000] {dag.py:3823} INFO - Setting next_dagrun for example_local_kubernetes_executor to None, run_after=None
[2025-04-13T15:44:41.556+0000] {processor.py:183} INFO - Processing /home/airflow/.local/lib/python3.8/site-packages/airflow/example_dags/example_local_kubernetes_executor.py took 0.450 seconds
[2025-04-13T15:45:12.251+0000] {processor.py:161} INFO - Started process (PID=2823) to work on /home/airflow/.local/lib/python3.8/site-packages/airflow/example_dags/example_local_kubernetes_executor.py
[2025-04-13T15:45:12.252+0000] {processor.py:830} INFO - Processing file /home/airflow/.local/lib/python3.8/site-packages/airflow/example_dags/example_local_kubernetes_executor.py for tasks to queue
[2025-04-13T15:45:12.254+0000] {logging_mixin.py:188} INFO - [2025-04-13T15:45:12.254+0000] {dagbag.py:538} INFO - Filling up the DagBag from /home/airflow/.local/lib/python3.8/site-packages/airflow/example_dags/example_local_kubernetes_executor.py
[2025-04-13T15:45:12.262+0000] {processor.py:840} INFO - DAG(s) 'example_local_kubernetes_executor' retrieved from /home/airflow/.local/lib/python3.8/site-packages/airflow/example_dags/example_local_kubernetes_executor.py
[2025-04-13T15:45:12.300+0000] {logging_mixin.py:188} INFO - [2025-04-13T15:45:12.300+0000] {dag.py:3036} INFO - Sync 1 DAGs
[2025-04-13T15:45:12.313+0000] {logging_mixin.py:188} INFO - [2025-04-13T15:45:12.313+0000] {dag.py:3823} INFO - Setting next_dagrun for example_local_kubernetes_executor to None, run_after=None
[2025-04-13T15:45:12.473+0000] {processor.py:183} INFO - Processing /home/airflow/.local/lib/python3.8/site-packages/airflow/example_dags/example_local_kubernetes_executor.py took 0.226 seconds
[2025-04-13T15:45:43.074+0000] {processor.py:161} INFO - Started process (PID=2879) to work on /home/airflow/.local/lib/python3.8/site-packages/airflow/example_dags/example_local_kubernetes_executor.py
[2025-04-13T15:45:43.103+0000] {processor.py:830} INFO - Processing file /home/airflow/.local/lib/python3.8/site-packages/airflow/example_dags/example_local_kubernetes_executor.py for tasks to queue
[2025-04-13T15:45:43.124+0000] {logging_mixin.py:188} INFO - [2025-04-13T15:45:43.123+0000] {dagbag.py:538} INFO - Filling up the DagBag from /home/airflow/.local/lib/python3.8/site-packages/airflow/example_dags/example_local_kubernetes_executor.py
[2025-04-13T15:45:43.141+0000] {processor.py:840} INFO - DAG(s) 'example_local_kubernetes_executor' retrieved from /home/airflow/.local/lib/python3.8/site-packages/airflow/example_dags/example_local_kubernetes_executor.py
[2025-04-13T15:45:43.213+0000] {logging_mixin.py:188} INFO - [2025-04-13T15:45:43.213+0000] {dag.py:3036} INFO - Sync 1 DAGs
[2025-04-13T15:45:43.231+0000] {logging_mixin.py:188} INFO - [2025-04-13T15:45:43.231+0000] {dag.py:3823} INFO - Setting next_dagrun for example_local_kubernetes_executor to None, run_after=None
[2025-04-13T15:45:43.258+0000] {processor.py:183} INFO - Processing /home/airflow/.local/lib/python3.8/site-packages/airflow/example_dags/example_local_kubernetes_executor.py took 0.199 seconds
[2025-04-13T15:46:17.016+0000] {processor.py:161} INFO - Started process (PID=2935) to work on /home/airflow/.local/lib/python3.8/site-packages/airflow/example_dags/example_local_kubernetes_executor.py
[2025-04-13T15:46:17.018+0000] {processor.py:830} INFO - Processing file /home/airflow/.local/lib/python3.8/site-packages/airflow/example_dags/example_local_kubernetes_executor.py for tasks to queue
[2025-04-13T15:46:17.021+0000] {logging_mixin.py:188} INFO - [2025-04-13T15:46:17.021+0000] {dagbag.py:538} INFO - Filling up the DagBag from /home/airflow/.local/lib/python3.8/site-packages/airflow/example_dags/example_local_kubernetes_executor.py
[2025-04-13T15:46:17.180+0000] {processor.py:840} INFO - DAG(s) 'example_local_kubernetes_executor' retrieved from /home/airflow/.local/lib/python3.8/site-packages/airflow/example_dags/example_local_kubernetes_executor.py
[2025-04-13T15:46:17.215+0000] {logging_mixin.py:188} INFO - [2025-04-13T15:46:17.215+0000] {dag.py:3036} INFO - Sync 1 DAGs
[2025-04-13T15:46:17.226+0000] {logging_mixin.py:188} INFO - [2025-04-13T15:46:17.226+0000] {dag.py:3823} INFO - Setting next_dagrun for example_local_kubernetes_executor to None, run_after=None
[2025-04-13T15:46:17.249+0000] {processor.py:183} INFO - Processing /home/airflow/.local/lib/python3.8/site-packages/airflow/example_dags/example_local_kubernetes_executor.py took 0.237 seconds
[2025-04-13T15:46:47.979+0000] {processor.py:161} INFO - Started process (PID=2991) to work on /home/airflow/.local/lib/python3.8/site-packages/airflow/example_dags/example_local_kubernetes_executor.py
[2025-04-13T15:46:47.980+0000] {processor.py:830} INFO - Processing file /home/airflow/.local/lib/python3.8/site-packages/airflow/example_dags/example_local_kubernetes_executor.py for tasks to queue
[2025-04-13T15:46:47.982+0000] {logging_mixin.py:188} INFO - [2025-04-13T15:46:47.981+0000] {dagbag.py:538} INFO - Filling up the DagBag from /home/airflow/.local/lib/python3.8/site-packages/airflow/example_dags/example_local_kubernetes_executor.py
[2025-04-13T15:46:47.990+0000] {processor.py:840} INFO - DAG(s) 'example_local_kubernetes_executor' retrieved from /home/airflow/.local/lib/python3.8/site-packages/airflow/example_dags/example_local_kubernetes_executor.py
[2025-04-13T15:46:48.028+0000] {logging_mixin.py:188} INFO - [2025-04-13T15:46:48.028+0000] {dag.py:3036} INFO - Sync 1 DAGs
[2025-04-13T15:46:48.045+0000] {logging_mixin.py:188} INFO - [2025-04-13T15:46:48.045+0000] {dag.py:3823} INFO - Setting next_dagrun for example_local_kubernetes_executor to None, run_after=None
[2025-04-13T15:46:48.069+0000] {processor.py:183} INFO - Processing /home/airflow/.local/lib/python3.8/site-packages/airflow/example_dags/example_local_kubernetes_executor.py took 0.094 seconds
[2025-04-13T15:47:20.020+0000] {processor.py:161} INFO - Started process (PID=3048) to work on /home/airflow/.local/lib/python3.8/site-packages/airflow/example_dags/example_local_kubernetes_executor.py
[2025-04-13T15:47:20.021+0000] {processor.py:830} INFO - Processing file /home/airflow/.local/lib/python3.8/site-packages/airflow/example_dags/example_local_kubernetes_executor.py for tasks to queue
[2025-04-13T15:47:20.024+0000] {logging_mixin.py:188} INFO - [2025-04-13T15:47:20.023+0000] {dagbag.py:538} INFO - Filling up the DagBag from /home/airflow/.local/lib/python3.8/site-packages/airflow/example_dags/example_local_kubernetes_executor.py
[2025-04-13T15:47:20.033+0000] {processor.py:840} INFO - DAG(s) 'example_local_kubernetes_executor' retrieved from /home/airflow/.local/lib/python3.8/site-packages/airflow/example_dags/example_local_kubernetes_executor.py
[2025-04-13T15:47:20.071+0000] {logging_mixin.py:188} INFO - [2025-04-13T15:47:20.071+0000] {dag.py:3036} INFO - Sync 1 DAGs
[2025-04-13T15:47:20.085+0000] {logging_mixin.py:188} INFO - [2025-04-13T15:47:20.085+0000] {dag.py:3823} INFO - Setting next_dagrun for example_local_kubernetes_executor to None, run_after=None
[2025-04-13T15:47:20.108+0000] {processor.py:183} INFO - Processing /home/airflow/.local/lib/python3.8/site-packages/airflow/example_dags/example_local_kubernetes_executor.py took 0.091 seconds
[2025-04-13T15:47:52.840+0000] {processor.py:161} INFO - Started process (PID=3104) to work on /home/airflow/.local/lib/python3.8/site-packages/airflow/example_dags/example_local_kubernetes_executor.py
[2025-04-13T15:47:52.841+0000] {processor.py:830} INFO - Processing file /home/airflow/.local/lib/python3.8/site-packages/airflow/example_dags/example_local_kubernetes_executor.py for tasks to queue
[2025-04-13T15:47:52.844+0000] {logging_mixin.py:188} INFO - [2025-04-13T15:47:52.843+0000] {dagbag.py:538} INFO - Filling up the DagBag from /home/airflow/.local/lib/python3.8/site-packages/airflow/example_dags/example_local_kubernetes_executor.py
[2025-04-13T15:47:52.852+0000] {processor.py:840} INFO - DAG(s) 'example_local_kubernetes_executor' retrieved from /home/airflow/.local/lib/python3.8/site-packages/airflow/example_dags/example_local_kubernetes_executor.py
[2025-04-13T15:47:52.886+0000] {logging_mixin.py:188} INFO - [2025-04-13T15:47:52.886+0000] {dag.py:3036} INFO - Sync 1 DAGs
[2025-04-13T15:47:52.900+0000] {logging_mixin.py:188} INFO - [2025-04-13T15:47:52.900+0000] {dag.py:3823} INFO - Setting next_dagrun for example_local_kubernetes_executor to None, run_after=None
[2025-04-13T15:47:52.921+0000] {processor.py:183} INFO - Processing /home/airflow/.local/lib/python3.8/site-packages/airflow/example_dags/example_local_kubernetes_executor.py took 0.084 seconds
[2025-04-13T15:48:25.339+0000] {processor.py:161} INFO - Started process (PID=3160) to work on /home/airflow/.local/lib/python3.8/site-packages/airflow/example_dags/example_local_kubernetes_executor.py
[2025-04-13T15:48:25.340+0000] {processor.py:830} INFO - Processing file /home/airflow/.local/lib/python3.8/site-packages/airflow/example_dags/example_local_kubernetes_executor.py for tasks to queue
[2025-04-13T15:48:25.342+0000] {logging_mixin.py:188} INFO - [2025-04-13T15:48:25.341+0000] {dagbag.py:538} INFO - Filling up the DagBag from /home/airflow/.local/lib/python3.8/site-packages/airflow/example_dags/example_local_kubernetes_executor.py
[2025-04-13T15:48:25.350+0000] {processor.py:840} INFO - DAG(s) 'example_local_kubernetes_executor' retrieved from /home/airflow/.local/lib/python3.8/site-packages/airflow/example_dags/example_local_kubernetes_executor.py
[2025-04-13T15:48:25.406+0000] {logging_mixin.py:188} INFO - [2025-04-13T15:48:25.405+0000] {dag.py:3036} INFO - Sync 1 DAGs
[2025-04-13T15:48:25.429+0000] {logging_mixin.py:188} INFO - [2025-04-13T15:48:25.428+0000] {dag.py:3823} INFO - Setting next_dagrun for example_local_kubernetes_executor to None, run_after=None
[2025-04-13T15:48:25.462+0000] {processor.py:183} INFO - Processing /home/airflow/.local/lib/python3.8/site-packages/airflow/example_dags/example_local_kubernetes_executor.py took 0.127 seconds
[2025-04-13T15:48:58.515+0000] {processor.py:161} INFO - Started process (PID=3216) to work on /home/airflow/.local/lib/python3.8/site-packages/airflow/example_dags/example_local_kubernetes_executor.py
[2025-04-13T15:48:58.516+0000] {processor.py:830} INFO - Processing file /home/airflow/.local/lib/python3.8/site-packages/airflow/example_dags/example_local_kubernetes_executor.py for tasks to queue
[2025-04-13T15:48:58.519+0000] {logging_mixin.py:188} INFO - [2025-04-13T15:48:58.519+0000] {dagbag.py:538} INFO - Filling up the DagBag from /home/airflow/.local/lib/python3.8/site-packages/airflow/example_dags/example_local_kubernetes_executor.py
[2025-04-13T15:48:58.532+0000] {processor.py:840} INFO - DAG(s) 'example_local_kubernetes_executor' retrieved from /home/airflow/.local/lib/python3.8/site-packages/airflow/example_dags/example_local_kubernetes_executor.py
[2025-04-13T15:48:58.575+0000] {logging_mixin.py:188} INFO - [2025-04-13T15:48:58.575+0000] {dag.py:3036} INFO - Sync 1 DAGs
[2025-04-13T15:48:58.590+0000] {logging_mixin.py:188} INFO - [2025-04-13T15:48:58.590+0000] {dag.py:3823} INFO - Setting next_dagrun for example_local_kubernetes_executor to None, run_after=None
[2025-04-13T15:48:58.627+0000] {processor.py:183} INFO - Processing /home/airflow/.local/lib/python3.8/site-packages/airflow/example_dags/example_local_kubernetes_executor.py took 0.117 seconds
[2025-04-13T15:49:31.166+0000] {processor.py:161} INFO - Started process (PID=3272) to work on /home/airflow/.local/lib/python3.8/site-packages/airflow/example_dags/example_local_kubernetes_executor.py
[2025-04-13T15:49:31.167+0000] {processor.py:830} INFO - Processing file /home/airflow/.local/lib/python3.8/site-packages/airflow/example_dags/example_local_kubernetes_executor.py for tasks to queue
[2025-04-13T15:49:31.169+0000] {logging_mixin.py:188} INFO - [2025-04-13T15:49:31.169+0000] {dagbag.py:538} INFO - Filling up the DagBag from /home/airflow/.local/lib/python3.8/site-packages/airflow/example_dags/example_local_kubernetes_executor.py
[2025-04-13T15:49:31.177+0000] {processor.py:840} INFO - DAG(s) 'example_local_kubernetes_executor' retrieved from /home/airflow/.local/lib/python3.8/site-packages/airflow/example_dags/example_local_kubernetes_executor.py
[2025-04-13T15:49:31.215+0000] {logging_mixin.py:188} INFO - [2025-04-13T15:49:31.214+0000] {dag.py:3036} INFO - Sync 1 DAGs
[2025-04-13T15:49:31.232+0000] {logging_mixin.py:188} INFO - [2025-04-13T15:49:31.231+0000] {dag.py:3823} INFO - Setting next_dagrun for example_local_kubernetes_executor to None, run_after=None
[2025-04-13T15:49:31.253+0000] {processor.py:183} INFO - Processing /home/airflow/.local/lib/python3.8/site-packages/airflow/example_dags/example_local_kubernetes_executor.py took 0.091 seconds
[2025-04-13T15:50:01.998+0000] {processor.py:161} INFO - Started process (PID=3328) to work on /home/airflow/.local/lib/python3.8/site-packages/airflow/example_dags/example_local_kubernetes_executor.py
[2025-04-13T15:50:02.000+0000] {processor.py:830} INFO - Processing file /home/airflow/.local/lib/python3.8/site-packages/airflow/example_dags/example_local_kubernetes_executor.py for tasks to queue
[2025-04-13T15:50:02.002+0000] {logging_mixin.py:188} INFO - [2025-04-13T15:50:02.002+0000] {dagbag.py:538} INFO - Filling up the DagBag from /home/airflow/.local/lib/python3.8/site-packages/airflow/example_dags/example_local_kubernetes_executor.py
[2025-04-13T15:50:02.010+0000] {processor.py:840} INFO - DAG(s) 'example_local_kubernetes_executor' retrieved from /home/airflow/.local/lib/python3.8/site-packages/airflow/example_dags/example_local_kubernetes_executor.py
[2025-04-13T15:50:02.054+0000] {logging_mixin.py:188} INFO - [2025-04-13T15:50:02.053+0000] {dag.py:3036} INFO - Sync 1 DAGs
[2025-04-13T15:50:02.074+0000] {logging_mixin.py:188} INFO - [2025-04-13T15:50:02.074+0000] {dag.py:3823} INFO - Setting next_dagrun for example_local_kubernetes_executor to None, run_after=None
[2025-04-13T15:50:02.110+0000] {processor.py:183} INFO - Processing /home/airflow/.local/lib/python3.8/site-packages/airflow/example_dags/example_local_kubernetes_executor.py took 0.117 seconds
[2025-04-13T15:50:32.394+0000] {processor.py:161} INFO - Started process (PID=3384) to work on /home/airflow/.local/lib/python3.8/site-packages/airflow/example_dags/example_local_kubernetes_executor.py
[2025-04-13T15:50:32.395+0000] {processor.py:830} INFO - Processing file /home/airflow/.local/lib/python3.8/site-packages/airflow/example_dags/example_local_kubernetes_executor.py for tasks to queue
[2025-04-13T15:50:32.397+0000] {logging_mixin.py:188} INFO - [2025-04-13T15:50:32.397+0000] {dagbag.py:538} INFO - Filling up the DagBag from /home/airflow/.local/lib/python3.8/site-packages/airflow/example_dags/example_local_kubernetes_executor.py
[2025-04-13T15:50:32.405+0000] {processor.py:840} INFO - DAG(s) 'example_local_kubernetes_executor' retrieved from /home/airflow/.local/lib/python3.8/site-packages/airflow/example_dags/example_local_kubernetes_executor.py
[2025-04-13T15:50:32.444+0000] {logging_mixin.py:188} INFO - [2025-04-13T15:50:32.443+0000] {dag.py:3036} INFO - Sync 1 DAGs
[2025-04-13T15:50:32.459+0000] {logging_mixin.py:188} INFO - [2025-04-13T15:50:32.459+0000] {dag.py:3823} INFO - Setting next_dagrun for example_local_kubernetes_executor to None, run_after=None
[2025-04-13T15:50:32.484+0000] {processor.py:183} INFO - Processing /home/airflow/.local/lib/python3.8/site-packages/airflow/example_dags/example_local_kubernetes_executor.py took 0.094 seconds
[2025-04-13T15:51:03.188+0000] {processor.py:161} INFO - Started process (PID=3441) to work on /home/airflow/.local/lib/python3.8/site-packages/airflow/example_dags/example_local_kubernetes_executor.py
[2025-04-13T15:51:03.189+0000] {processor.py:830} INFO - Processing file /home/airflow/.local/lib/python3.8/site-packages/airflow/example_dags/example_local_kubernetes_executor.py for tasks to queue
[2025-04-13T15:51:03.192+0000] {logging_mixin.py:188} INFO - [2025-04-13T15:51:03.192+0000] {dagbag.py:538} INFO - Filling up the DagBag from /home/airflow/.local/lib/python3.8/site-packages/airflow/example_dags/example_local_kubernetes_executor.py
[2025-04-13T15:51:03.201+0000] {processor.py:840} INFO - DAG(s) 'example_local_kubernetes_executor' retrieved from /home/airflow/.local/lib/python3.8/site-packages/airflow/example_dags/example_local_kubernetes_executor.py
[2025-04-13T15:51:03.244+0000] {logging_mixin.py:188} INFO - [2025-04-13T15:51:03.244+0000] {dag.py:3036} INFO - Sync 1 DAGs
[2025-04-13T15:51:03.260+0000] {logging_mixin.py:188} INFO - [2025-04-13T15:51:03.260+0000] {dag.py:3823} INFO - Setting next_dagrun for example_local_kubernetes_executor to None, run_after=None
[2025-04-13T15:51:03.283+0000] {processor.py:183} INFO - Processing /home/airflow/.local/lib/python3.8/site-packages/airflow/example_dags/example_local_kubernetes_executor.py took 0.097 seconds
[2025-04-13T15:51:33.874+0000] {processor.py:161} INFO - Started process (PID=3497) to work on /home/airflow/.local/lib/python3.8/site-packages/airflow/example_dags/example_local_kubernetes_executor.py
[2025-04-13T15:51:33.876+0000] {processor.py:830} INFO - Processing file /home/airflow/.local/lib/python3.8/site-packages/airflow/example_dags/example_local_kubernetes_executor.py for tasks to queue
[2025-04-13T15:51:33.878+0000] {logging_mixin.py:188} INFO - [2025-04-13T15:51:33.878+0000] {dagbag.py:538} INFO - Filling up the DagBag from /home/airflow/.local/lib/python3.8/site-packages/airflow/example_dags/example_local_kubernetes_executor.py
[2025-04-13T15:51:33.887+0000] {processor.py:840} INFO - DAG(s) 'example_local_kubernetes_executor' retrieved from /home/airflow/.local/lib/python3.8/site-packages/airflow/example_dags/example_local_kubernetes_executor.py
[2025-04-13T15:51:33.926+0000] {logging_mixin.py:188} INFO - [2025-04-13T15:51:33.926+0000] {dag.py:3036} INFO - Sync 1 DAGs
[2025-04-13T15:51:33.943+0000] {logging_mixin.py:188} INFO - [2025-04-13T15:51:33.943+0000] {dag.py:3823} INFO - Setting next_dagrun for example_local_kubernetes_executor to None, run_after=None
[2025-04-13T15:51:33.968+0000] {processor.py:183} INFO - Processing /home/airflow/.local/lib/python3.8/site-packages/airflow/example_dags/example_local_kubernetes_executor.py took 0.098 seconds
[2025-04-13T15:52:04.849+0000] {processor.py:161} INFO - Started process (PID=3551) to work on /home/airflow/.local/lib/python3.8/site-packages/airflow/example_dags/example_local_kubernetes_executor.py
[2025-04-13T15:52:04.851+0000] {processor.py:830} INFO - Processing file /home/airflow/.local/lib/python3.8/site-packages/airflow/example_dags/example_local_kubernetes_executor.py for tasks to queue
[2025-04-13T15:52:04.854+0000] {logging_mixin.py:188} INFO - [2025-04-13T15:52:04.853+0000] {dagbag.py:538} INFO - Filling up the DagBag from /home/airflow/.local/lib/python3.8/site-packages/airflow/example_dags/example_local_kubernetes_executor.py
[2025-04-13T15:52:04.861+0000] {processor.py:840} INFO - DAG(s) 'example_local_kubernetes_executor' retrieved from /home/airflow/.local/lib/python3.8/site-packages/airflow/example_dags/example_local_kubernetes_executor.py
[2025-04-13T15:52:04.904+0000] {logging_mixin.py:188} INFO - [2025-04-13T15:52:04.904+0000] {dag.py:3036} INFO - Sync 1 DAGs
[2025-04-13T15:52:04.920+0000] {logging_mixin.py:188} INFO - [2025-04-13T15:52:04.920+0000] {dag.py:3823} INFO - Setting next_dagrun for example_local_kubernetes_executor to None, run_after=None
[2025-04-13T15:52:04.950+0000] {processor.py:183} INFO - Processing /home/airflow/.local/lib/python3.8/site-packages/airflow/example_dags/example_local_kubernetes_executor.py took 0.104 seconds
[2025-04-13T15:52:35.232+0000] {processor.py:161} INFO - Started process (PID=3607) to work on /home/airflow/.local/lib/python3.8/site-packages/airflow/example_dags/example_local_kubernetes_executor.py
[2025-04-13T15:52:35.233+0000] {processor.py:830} INFO - Processing file /home/airflow/.local/lib/python3.8/site-packages/airflow/example_dags/example_local_kubernetes_executor.py for tasks to queue
[2025-04-13T15:52:35.236+0000] {logging_mixin.py:188} INFO - [2025-04-13T15:52:35.235+0000] {dagbag.py:538} INFO - Filling up the DagBag from /home/airflow/.local/lib/python3.8/site-packages/airflow/example_dags/example_local_kubernetes_executor.py
[2025-04-13T15:52:35.246+0000] {processor.py:840} INFO - DAG(s) 'example_local_kubernetes_executor' retrieved from /home/airflow/.local/lib/python3.8/site-packages/airflow/example_dags/example_local_kubernetes_executor.py
[2025-04-13T15:52:35.289+0000] {logging_mixin.py:188} INFO - [2025-04-13T15:52:35.289+0000] {dag.py:3036} INFO - Sync 1 DAGs
[2025-04-13T15:52:35.304+0000] {logging_mixin.py:188} INFO - [2025-04-13T15:52:35.304+0000] {dag.py:3823} INFO - Setting next_dagrun for example_local_kubernetes_executor to None, run_after=None
[2025-04-13T15:52:35.328+0000] {processor.py:183} INFO - Processing /home/airflow/.local/lib/python3.8/site-packages/airflow/example_dags/example_local_kubernetes_executor.py took 0.099 seconds
[2025-04-13T17:20:27.520+0000] {processor.py:161} INFO - Started process (PID=3670) to work on /home/airflow/.local/lib/python3.8/site-packages/airflow/example_dags/example_local_kubernetes_executor.py
[2025-04-13T17:20:27.533+0000] {processor.py:830} INFO - Processing file /home/airflow/.local/lib/python3.8/site-packages/airflow/example_dags/example_local_kubernetes_executor.py for tasks to queue
[2025-04-13T17:20:27.552+0000] {logging_mixin.py:188} INFO - [2025-04-13T17:20:27.547+0000] {dagbag.py:538} INFO - Filling up the DagBag from /home/airflow/.local/lib/python3.8/site-packages/airflow/example_dags/example_local_kubernetes_executor.py
[2025-04-13T17:20:27.680+0000] {processor.py:840} INFO - DAG(s) 'example_local_kubernetes_executor' retrieved from /home/airflow/.local/lib/python3.8/site-packages/airflow/example_dags/example_local_kubernetes_executor.py
[2025-04-13T17:20:28.127+0000] {logging_mixin.py:188} INFO - [2025-04-13T17:20:28.116+0000] {dag.py:3036} INFO - Sync 1 DAGs
[2025-04-13T17:20:28.259+0000] {logging_mixin.py:188} INFO - [2025-04-13T17:20:28.259+0000] {dag.py:3823} INFO - Setting next_dagrun for example_local_kubernetes_executor to None, run_after=None
[2025-04-13T17:20:28.424+0000] {processor.py:183} INFO - Processing /home/airflow/.local/lib/python3.8/site-packages/airflow/example_dags/example_local_kubernetes_executor.py took 0.928 seconds
[2025-04-13T17:20:59.442+0000] {processor.py:161} INFO - Started process (PID=3727) to work on /home/airflow/.local/lib/python3.8/site-packages/airflow/example_dags/example_local_kubernetes_executor.py
[2025-04-13T17:20:59.444+0000] {processor.py:830} INFO - Processing file /home/airflow/.local/lib/python3.8/site-packages/airflow/example_dags/example_local_kubernetes_executor.py for tasks to queue
[2025-04-13T17:20:59.450+0000] {logging_mixin.py:188} INFO - [2025-04-13T17:20:59.449+0000] {dagbag.py:538} INFO - Filling up the DagBag from /home/airflow/.local/lib/python3.8/site-packages/airflow/example_dags/example_local_kubernetes_executor.py
[2025-04-13T17:20:59.466+0000] {processor.py:840} INFO - DAG(s) 'example_local_kubernetes_executor' retrieved from /home/airflow/.local/lib/python3.8/site-packages/airflow/example_dags/example_local_kubernetes_executor.py
[2025-04-13T17:20:59.535+0000] {logging_mixin.py:188} INFO - [2025-04-13T17:20:59.534+0000] {dag.py:3036} INFO - Sync 1 DAGs
[2025-04-13T17:20:59.562+0000] {logging_mixin.py:188} INFO - [2025-04-13T17:20:59.562+0000] {dag.py:3823} INFO - Setting next_dagrun for example_local_kubernetes_executor to None, run_after=None
[2025-04-13T17:20:59.606+0000] {processor.py:183} INFO - Processing /home/airflow/.local/lib/python3.8/site-packages/airflow/example_dags/example_local_kubernetes_executor.py took 0.170 seconds
[2025-04-13T17:21:30.543+0000] {processor.py:161} INFO - Started process (PID=3783) to work on /home/airflow/.local/lib/python3.8/site-packages/airflow/example_dags/example_local_kubernetes_executor.py
[2025-04-13T17:21:30.544+0000] {processor.py:830} INFO - Processing file /home/airflow/.local/lib/python3.8/site-packages/airflow/example_dags/example_local_kubernetes_executor.py for tasks to queue
[2025-04-13T17:21:30.547+0000] {logging_mixin.py:188} INFO - [2025-04-13T17:21:30.546+0000] {dagbag.py:538} INFO - Filling up the DagBag from /home/airflow/.local/lib/python3.8/site-packages/airflow/example_dags/example_local_kubernetes_executor.py
[2025-04-13T17:21:30.560+0000] {processor.py:840} INFO - DAG(s) 'example_local_kubernetes_executor' retrieved from /home/airflow/.local/lib/python3.8/site-packages/airflow/example_dags/example_local_kubernetes_executor.py
[2025-04-13T17:21:30.604+0000] {logging_mixin.py:188} INFO - [2025-04-13T17:21:30.604+0000] {dag.py:3036} INFO - Sync 1 DAGs
[2025-04-13T17:21:30.625+0000] {logging_mixin.py:188} INFO - [2025-04-13T17:21:30.625+0000] {dag.py:3823} INFO - Setting next_dagrun for example_local_kubernetes_executor to None, run_after=None
[2025-04-13T17:21:30.652+0000] {processor.py:183} INFO - Processing /home/airflow/.local/lib/python3.8/site-packages/airflow/example_dags/example_local_kubernetes_executor.py took 0.114 seconds
[2025-04-13T17:22:00.866+0000] {processor.py:161} INFO - Started process (PID=3839) to work on /home/airflow/.local/lib/python3.8/site-packages/airflow/example_dags/example_local_kubernetes_executor.py
[2025-04-13T17:22:00.877+0000] {processor.py:830} INFO - Processing file /home/airflow/.local/lib/python3.8/site-packages/airflow/example_dags/example_local_kubernetes_executor.py for tasks to queue
[2025-04-13T17:22:00.891+0000] {logging_mixin.py:188} INFO - [2025-04-13T17:22:00.881+0000] {dagbag.py:538} INFO - Filling up the DagBag from /home/airflow/.local/lib/python3.8/site-packages/airflow/example_dags/example_local_kubernetes_executor.py
[2025-04-13T17:22:00.925+0000] {processor.py:840} INFO - DAG(s) 'example_local_kubernetes_executor' retrieved from /home/airflow/.local/lib/python3.8/site-packages/airflow/example_dags/example_local_kubernetes_executor.py
[2025-04-13T17:22:01.059+0000] {logging_mixin.py:188} INFO - [2025-04-13T17:22:01.058+0000] {dag.py:3036} INFO - Sync 1 DAGs
[2025-04-13T17:22:01.094+0000] {logging_mixin.py:188} INFO - [2025-04-13T17:22:01.094+0000] {dag.py:3823} INFO - Setting next_dagrun for example_local_kubernetes_executor to None, run_after=None
[2025-04-13T17:22:01.151+0000] {processor.py:183} INFO - Processing /home/airflow/.local/lib/python3.8/site-packages/airflow/example_dags/example_local_kubernetes_executor.py took 0.300 seconds
[2025-04-13T17:22:31.646+0000] {processor.py:161} INFO - Started process (PID=3895) to work on /home/airflow/.local/lib/python3.8/site-packages/airflow/example_dags/example_local_kubernetes_executor.py
[2025-04-13T17:22:31.648+0000] {processor.py:830} INFO - Processing file /home/airflow/.local/lib/python3.8/site-packages/airflow/example_dags/example_local_kubernetes_executor.py for tasks to queue
[2025-04-13T17:22:31.650+0000] {logging_mixin.py:188} INFO - [2025-04-13T17:22:31.650+0000] {dagbag.py:538} INFO - Filling up the DagBag from /home/airflow/.local/lib/python3.8/site-packages/airflow/example_dags/example_local_kubernetes_executor.py
[2025-04-13T17:22:31.660+0000] {processor.py:840} INFO - DAG(s) 'example_local_kubernetes_executor' retrieved from /home/airflow/.local/lib/python3.8/site-packages/airflow/example_dags/example_local_kubernetes_executor.py
[2025-04-13T17:22:31.729+0000] {logging_mixin.py:188} INFO - [2025-04-13T17:22:31.728+0000] {dag.py:3036} INFO - Sync 1 DAGs
[2025-04-13T17:22:31.744+0000] {logging_mixin.py:188} INFO - [2025-04-13T17:22:31.744+0000] {dag.py:3823} INFO - Setting next_dagrun for example_local_kubernetes_executor to None, run_after=None
[2025-04-13T17:22:31.771+0000] {processor.py:183} INFO - Processing /home/airflow/.local/lib/python3.8/site-packages/airflow/example_dags/example_local_kubernetes_executor.py took 0.128 seconds
[2025-04-13T17:23:01.949+0000] {processor.py:161} INFO - Started process (PID=3951) to work on /home/airflow/.local/lib/python3.8/site-packages/airflow/example_dags/example_local_kubernetes_executor.py
[2025-04-13T17:23:01.951+0000] {processor.py:830} INFO - Processing file /home/airflow/.local/lib/python3.8/site-packages/airflow/example_dags/example_local_kubernetes_executor.py for tasks to queue
[2025-04-13T17:23:01.954+0000] {logging_mixin.py:188} INFO - [2025-04-13T17:23:01.953+0000] {dagbag.py:538} INFO - Filling up the DagBag from /home/airflow/.local/lib/python3.8/site-packages/airflow/example_dags/example_local_kubernetes_executor.py
[2025-04-13T17:23:01.978+0000] {processor.py:840} INFO - DAG(s) 'example_local_kubernetes_executor' retrieved from /home/airflow/.local/lib/python3.8/site-packages/airflow/example_dags/example_local_kubernetes_executor.py
[2025-04-13T17:23:02.130+0000] {logging_mixin.py:188} INFO - [2025-04-13T17:23:02.129+0000] {dag.py:3036} INFO - Sync 1 DAGs
[2025-04-13T17:23:02.191+0000] {logging_mixin.py:188} INFO - [2025-04-13T17:23:02.190+0000] {dag.py:3823} INFO - Setting next_dagrun for example_local_kubernetes_executor to None, run_after=None
[2025-04-13T17:23:02.259+0000] {processor.py:183} INFO - Processing /home/airflow/.local/lib/python3.8/site-packages/airflow/example_dags/example_local_kubernetes_executor.py took 0.314 seconds
[2025-04-13T17:23:33.181+0000] {processor.py:161} INFO - Started process (PID=4007) to work on /home/airflow/.local/lib/python3.8/site-packages/airflow/example_dags/example_local_kubernetes_executor.py
[2025-04-13T17:23:33.182+0000] {processor.py:830} INFO - Processing file /home/airflow/.local/lib/python3.8/site-packages/airflow/example_dags/example_local_kubernetes_executor.py for tasks to queue
[2025-04-13T17:23:33.184+0000] {logging_mixin.py:188} INFO - [2025-04-13T17:23:33.184+0000] {dagbag.py:538} INFO - Filling up the DagBag from /home/airflow/.local/lib/python3.8/site-packages/airflow/example_dags/example_local_kubernetes_executor.py
[2025-04-13T17:23:33.195+0000] {processor.py:840} INFO - DAG(s) 'example_local_kubernetes_executor' retrieved from /home/airflow/.local/lib/python3.8/site-packages/airflow/example_dags/example_local_kubernetes_executor.py
[2025-04-13T17:23:33.246+0000] {logging_mixin.py:188} INFO - [2025-04-13T17:23:33.246+0000] {dag.py:3036} INFO - Sync 1 DAGs
[2025-04-13T17:23:33.261+0000] {logging_mixin.py:188} INFO - [2025-04-13T17:23:33.260+0000] {dag.py:3823} INFO - Setting next_dagrun for example_local_kubernetes_executor to None, run_after=None
[2025-04-13T17:23:33.285+0000] {processor.py:183} INFO - Processing /home/airflow/.local/lib/python3.8/site-packages/airflow/example_dags/example_local_kubernetes_executor.py took 0.108 seconds
[2025-04-13T17:24:03.376+0000] {processor.py:161} INFO - Started process (PID=4063) to work on /home/airflow/.local/lib/python3.8/site-packages/airflow/example_dags/example_local_kubernetes_executor.py
[2025-04-13T17:24:03.377+0000] {processor.py:830} INFO - Processing file /home/airflow/.local/lib/python3.8/site-packages/airflow/example_dags/example_local_kubernetes_executor.py for tasks to queue
[2025-04-13T17:24:03.380+0000] {logging_mixin.py:188} INFO - [2025-04-13T17:24:03.379+0000] {dagbag.py:538} INFO - Filling up the DagBag from /home/airflow/.local/lib/python3.8/site-packages/airflow/example_dags/example_local_kubernetes_executor.py
[2025-04-13T17:24:03.389+0000] {processor.py:840} INFO - DAG(s) 'example_local_kubernetes_executor' retrieved from /home/airflow/.local/lib/python3.8/site-packages/airflow/example_dags/example_local_kubernetes_executor.py
[2025-04-13T17:24:03.428+0000] {logging_mixin.py:188} INFO - [2025-04-13T17:24:03.428+0000] {dag.py:3036} INFO - Sync 1 DAGs
[2025-04-13T17:24:03.445+0000] {logging_mixin.py:188} INFO - [2025-04-13T17:24:03.445+0000] {dag.py:3823} INFO - Setting next_dagrun for example_local_kubernetes_executor to None, run_after=None
[2025-04-13T17:24:03.506+0000] {processor.py:183} INFO - Processing /home/airflow/.local/lib/python3.8/site-packages/airflow/example_dags/example_local_kubernetes_executor.py took 0.135 seconds
[2025-04-13T17:24:33.827+0000] {processor.py:161} INFO - Started process (PID=4119) to work on /home/airflow/.local/lib/python3.8/site-packages/airflow/example_dags/example_local_kubernetes_executor.py
[2025-04-13T17:24:33.830+0000] {processor.py:830} INFO - Processing file /home/airflow/.local/lib/python3.8/site-packages/airflow/example_dags/example_local_kubernetes_executor.py for tasks to queue
[2025-04-13T17:24:33.838+0000] {logging_mixin.py:188} INFO - [2025-04-13T17:24:33.837+0000] {dagbag.py:538} INFO - Filling up the DagBag from /home/airflow/.local/lib/python3.8/site-packages/airflow/example_dags/example_local_kubernetes_executor.py
[2025-04-13T17:24:33.852+0000] {processor.py:840} INFO - DAG(s) 'example_local_kubernetes_executor' retrieved from /home/airflow/.local/lib/python3.8/site-packages/airflow/example_dags/example_local_kubernetes_executor.py
[2025-04-13T17:24:33.913+0000] {logging_mixin.py:188} INFO - [2025-04-13T17:24:33.913+0000] {dag.py:3036} INFO - Sync 1 DAGs
[2025-04-13T17:24:33.936+0000] {logging_mixin.py:188} INFO - [2025-04-13T17:24:33.936+0000] {dag.py:3823} INFO - Setting next_dagrun for example_local_kubernetes_executor to None, run_after=None
[2025-04-13T17:24:34.018+0000] {processor.py:183} INFO - Processing /home/airflow/.local/lib/python3.8/site-packages/airflow/example_dags/example_local_kubernetes_executor.py took 0.197 seconds
[2025-04-13T17:25:04.592+0000] {processor.py:161} INFO - Started process (PID=4175) to work on /home/airflow/.local/lib/python3.8/site-packages/airflow/example_dags/example_local_kubernetes_executor.py
[2025-04-13T17:25:04.593+0000] {processor.py:830} INFO - Processing file /home/airflow/.local/lib/python3.8/site-packages/airflow/example_dags/example_local_kubernetes_executor.py for tasks to queue
[2025-04-13T17:25:04.596+0000] {logging_mixin.py:188} INFO - [2025-04-13T17:25:04.595+0000] {dagbag.py:538} INFO - Filling up the DagBag from /home/airflow/.local/lib/python3.8/site-packages/airflow/example_dags/example_local_kubernetes_executor.py
[2025-04-13T17:25:04.604+0000] {processor.py:840} INFO - DAG(s) 'example_local_kubernetes_executor' retrieved from /home/airflow/.local/lib/python3.8/site-packages/airflow/example_dags/example_local_kubernetes_executor.py
[2025-04-13T17:25:04.645+0000] {logging_mixin.py:188} INFO - [2025-04-13T17:25:04.645+0000] {dag.py:3036} INFO - Sync 1 DAGs
[2025-04-13T17:25:04.660+0000] {logging_mixin.py:188} INFO - [2025-04-13T17:25:04.659+0000] {dag.py:3823} INFO - Setting next_dagrun for example_local_kubernetes_executor to None, run_after=None
[2025-04-13T17:25:04.716+0000] {processor.py:183} INFO - Processing /home/airflow/.local/lib/python3.8/site-packages/airflow/example_dags/example_local_kubernetes_executor.py took 0.129 seconds
[2025-04-13T17:25:35.360+0000] {processor.py:161} INFO - Started process (PID=4230) to work on /home/airflow/.local/lib/python3.8/site-packages/airflow/example_dags/example_local_kubernetes_executor.py
[2025-04-13T17:25:35.361+0000] {processor.py:830} INFO - Processing file /home/airflow/.local/lib/python3.8/site-packages/airflow/example_dags/example_local_kubernetes_executor.py for tasks to queue
[2025-04-13T17:25:35.364+0000] {logging_mixin.py:188} INFO - [2025-04-13T17:25:35.364+0000] {dagbag.py:538} INFO - Filling up the DagBag from /home/airflow/.local/lib/python3.8/site-packages/airflow/example_dags/example_local_kubernetes_executor.py
[2025-04-13T17:25:35.376+0000] {processor.py:840} INFO - DAG(s) 'example_local_kubernetes_executor' retrieved from /home/airflow/.local/lib/python3.8/site-packages/airflow/example_dags/example_local_kubernetes_executor.py
[2025-04-13T17:25:35.436+0000] {logging_mixin.py:188} INFO - [2025-04-13T17:25:35.436+0000] {dag.py:3036} INFO - Sync 1 DAGs
[2025-04-13T17:25:35.455+0000] {logging_mixin.py:188} INFO - [2025-04-13T17:25:35.454+0000] {dag.py:3823} INFO - Setting next_dagrun for example_local_kubernetes_executor to None, run_after=None
[2025-04-13T17:25:35.488+0000] {processor.py:183} INFO - Processing /home/airflow/.local/lib/python3.8/site-packages/airflow/example_dags/example_local_kubernetes_executor.py took 0.133 seconds
[2025-04-13T17:26:07.847+0000] {processor.py:161} INFO - Started process (PID=4286) to work on /home/airflow/.local/lib/python3.8/site-packages/airflow/example_dags/example_local_kubernetes_executor.py
[2025-04-13T17:26:07.848+0000] {processor.py:830} INFO - Processing file /home/airflow/.local/lib/python3.8/site-packages/airflow/example_dags/example_local_kubernetes_executor.py for tasks to queue
[2025-04-13T17:26:07.851+0000] {logging_mixin.py:188} INFO - [2025-04-13T17:26:07.850+0000] {dagbag.py:538} INFO - Filling up the DagBag from /home/airflow/.local/lib/python3.8/site-packages/airflow/example_dags/example_local_kubernetes_executor.py
[2025-04-13T17:26:07.860+0000] {processor.py:840} INFO - DAG(s) 'example_local_kubernetes_executor' retrieved from /home/airflow/.local/lib/python3.8/site-packages/airflow/example_dags/example_local_kubernetes_executor.py
[2025-04-13T17:26:07.905+0000] {logging_mixin.py:188} INFO - [2025-04-13T17:26:07.905+0000] {dag.py:3036} INFO - Sync 1 DAGs
[2025-04-13T17:26:07.923+0000] {logging_mixin.py:188} INFO - [2025-04-13T17:26:07.923+0000] {dag.py:3823} INFO - Setting next_dagrun for example_local_kubernetes_executor to None, run_after=None
[2025-04-13T17:26:07.954+0000] {processor.py:183} INFO - Processing /home/airflow/.local/lib/python3.8/site-packages/airflow/example_dags/example_local_kubernetes_executor.py took 0.112 seconds
[2025-04-13T17:26:41.122+0000] {processor.py:161} INFO - Started process (PID=4342) to work on /home/airflow/.local/lib/python3.8/site-packages/airflow/example_dags/example_local_kubernetes_executor.py
[2025-04-13T17:26:41.124+0000] {processor.py:830} INFO - Processing file /home/airflow/.local/lib/python3.8/site-packages/airflow/example_dags/example_local_kubernetes_executor.py for tasks to queue
[2025-04-13T17:26:41.130+0000] {logging_mixin.py:188} INFO - [2025-04-13T17:26:41.129+0000] {dagbag.py:538} INFO - Filling up the DagBag from /home/airflow/.local/lib/python3.8/site-packages/airflow/example_dags/example_local_kubernetes_executor.py
[2025-04-13T17:26:41.146+0000] {processor.py:840} INFO - DAG(s) 'example_local_kubernetes_executor' retrieved from /home/airflow/.local/lib/python3.8/site-packages/airflow/example_dags/example_local_kubernetes_executor.py
[2025-04-13T17:26:41.212+0000] {logging_mixin.py:188} INFO - [2025-04-13T17:26:41.211+0000] {dag.py:3036} INFO - Sync 1 DAGs
[2025-04-13T17:26:41.261+0000] {logging_mixin.py:188} INFO - [2025-04-13T17:26:41.261+0000] {dag.py:3823} INFO - Setting next_dagrun for example_local_kubernetes_executor to None, run_after=None
[2025-04-13T17:26:41.329+0000] {processor.py:183} INFO - Processing /home/airflow/.local/lib/python3.8/site-packages/airflow/example_dags/example_local_kubernetes_executor.py took 0.212 seconds
[2025-04-13T17:27:13.067+0000] {processor.py:161} INFO - Started process (PID=4398) to work on /home/airflow/.local/lib/python3.8/site-packages/airflow/example_dags/example_local_kubernetes_executor.py
[2025-04-13T17:27:13.069+0000] {processor.py:830} INFO - Processing file /home/airflow/.local/lib/python3.8/site-packages/airflow/example_dags/example_local_kubernetes_executor.py for tasks to queue
[2025-04-13T17:27:13.072+0000] {logging_mixin.py:188} INFO - [2025-04-13T17:27:13.072+0000] {dagbag.py:538} INFO - Filling up the DagBag from /home/airflow/.local/lib/python3.8/site-packages/airflow/example_dags/example_local_kubernetes_executor.py
[2025-04-13T17:27:13.083+0000] {processor.py:840} INFO - DAG(s) 'example_local_kubernetes_executor' retrieved from /home/airflow/.local/lib/python3.8/site-packages/airflow/example_dags/example_local_kubernetes_executor.py
[2025-04-13T17:27:13.135+0000] {logging_mixin.py:188} INFO - [2025-04-13T17:27:13.135+0000] {dag.py:3036} INFO - Sync 1 DAGs
[2025-04-13T17:27:13.155+0000] {logging_mixin.py:188} INFO - [2025-04-13T17:27:13.155+0000] {dag.py:3823} INFO - Setting next_dagrun for example_local_kubernetes_executor to None, run_after=None
[2025-04-13T17:27:13.189+0000] {processor.py:183} INFO - Processing /home/airflow/.local/lib/python3.8/site-packages/airflow/example_dags/example_local_kubernetes_executor.py took 0.127 seconds
[2025-04-13T17:27:45.455+0000] {processor.py:161} INFO - Started process (PID=4454) to work on /home/airflow/.local/lib/python3.8/site-packages/airflow/example_dags/example_local_kubernetes_executor.py
[2025-04-13T17:27:45.457+0000] {processor.py:830} INFO - Processing file /home/airflow/.local/lib/python3.8/site-packages/airflow/example_dags/example_local_kubernetes_executor.py for tasks to queue
[2025-04-13T17:27:45.460+0000] {logging_mixin.py:188} INFO - [2025-04-13T17:27:45.460+0000] {dagbag.py:538} INFO - Filling up the DagBag from /home/airflow/.local/lib/python3.8/site-packages/airflow/example_dags/example_local_kubernetes_executor.py
[2025-04-13T17:27:45.473+0000] {processor.py:840} INFO - DAG(s) 'example_local_kubernetes_executor' retrieved from /home/airflow/.local/lib/python3.8/site-packages/airflow/example_dags/example_local_kubernetes_executor.py
[2025-04-13T17:27:45.548+0000] {logging_mixin.py:188} INFO - [2025-04-13T17:27:45.547+0000] {dag.py:3036} INFO - Sync 1 DAGs
[2025-04-13T17:27:45.572+0000] {logging_mixin.py:188} INFO - [2025-04-13T17:27:45.572+0000] {dag.py:3823} INFO - Setting next_dagrun for example_local_kubernetes_executor to None, run_after=None
[2025-04-13T17:27:45.667+0000] {processor.py:183} INFO - Processing /home/airflow/.local/lib/python3.8/site-packages/airflow/example_dags/example_local_kubernetes_executor.py took 0.218 seconds
[2025-04-13T17:28:18.760+0000] {processor.py:161} INFO - Started process (PID=4512) to work on /home/airflow/.local/lib/python3.8/site-packages/airflow/example_dags/example_local_kubernetes_executor.py
[2025-04-13T17:28:18.762+0000] {processor.py:830} INFO - Processing file /home/airflow/.local/lib/python3.8/site-packages/airflow/example_dags/example_local_kubernetes_executor.py for tasks to queue
[2025-04-13T17:28:18.765+0000] {logging_mixin.py:188} INFO - [2025-04-13T17:28:18.764+0000] {dagbag.py:538} INFO - Filling up the DagBag from /home/airflow/.local/lib/python3.8/site-packages/airflow/example_dags/example_local_kubernetes_executor.py
[2025-04-13T17:28:18.779+0000] {processor.py:840} INFO - DAG(s) 'example_local_kubernetes_executor' retrieved from /home/airflow/.local/lib/python3.8/site-packages/airflow/example_dags/example_local_kubernetes_executor.py
[2025-04-13T17:28:18.859+0000] {logging_mixin.py:188} INFO - [2025-04-13T17:28:18.849+0000] {dag.py:3036} INFO - Sync 1 DAGs
[2025-04-13T17:28:18.890+0000] {logging_mixin.py:188} INFO - [2025-04-13T17:28:18.890+0000] {dag.py:3823} INFO - Setting next_dagrun for example_local_kubernetes_executor to None, run_after=None
[2025-04-13T17:28:18.924+0000] {processor.py:183} INFO - Processing /home/airflow/.local/lib/python3.8/site-packages/airflow/example_dags/example_local_kubernetes_executor.py took 0.170 seconds
[2025-04-13T17:28:50.296+0000] {processor.py:161} INFO - Started process (PID=4568) to work on /home/airflow/.local/lib/python3.8/site-packages/airflow/example_dags/example_local_kubernetes_executor.py
[2025-04-13T17:28:50.299+0000] {processor.py:830} INFO - Processing file /home/airflow/.local/lib/python3.8/site-packages/airflow/example_dags/example_local_kubernetes_executor.py for tasks to queue
[2025-04-13T17:28:50.302+0000] {logging_mixin.py:188} INFO - [2025-04-13T17:28:50.301+0000] {dagbag.py:538} INFO - Filling up the DagBag from /home/airflow/.local/lib/python3.8/site-packages/airflow/example_dags/example_local_kubernetes_executor.py
[2025-04-13T17:28:50.313+0000] {processor.py:840} INFO - DAG(s) 'example_local_kubernetes_executor' retrieved from /home/airflow/.local/lib/python3.8/site-packages/airflow/example_dags/example_local_kubernetes_executor.py
[2025-04-13T17:28:50.368+0000] {logging_mixin.py:188} INFO - [2025-04-13T17:28:50.368+0000] {dag.py:3036} INFO - Sync 1 DAGs
[2025-04-13T17:28:50.392+0000] {logging_mixin.py:188} INFO - [2025-04-13T17:28:50.391+0000] {dag.py:3823} INFO - Setting next_dagrun for example_local_kubernetes_executor to None, run_after=None
[2025-04-13T17:28:50.429+0000] {processor.py:183} INFO - Processing /home/airflow/.local/lib/python3.8/site-packages/airflow/example_dags/example_local_kubernetes_executor.py took 0.137 seconds
[2025-04-13T17:29:23.446+0000] {processor.py:161} INFO - Started process (PID=4626) to work on /home/airflow/.local/lib/python3.8/site-packages/airflow/example_dags/example_local_kubernetes_executor.py
[2025-04-13T17:29:23.447+0000] {processor.py:830} INFO - Processing file /home/airflow/.local/lib/python3.8/site-packages/airflow/example_dags/example_local_kubernetes_executor.py for tasks to queue
[2025-04-13T17:29:23.450+0000] {logging_mixin.py:188} INFO - [2025-04-13T17:29:23.450+0000] {dagbag.py:538} INFO - Filling up the DagBag from /home/airflow/.local/lib/python3.8/site-packages/airflow/example_dags/example_local_kubernetes_executor.py
[2025-04-13T17:29:23.465+0000] {processor.py:840} INFO - DAG(s) 'example_local_kubernetes_executor' retrieved from /home/airflow/.local/lib/python3.8/site-packages/airflow/example_dags/example_local_kubernetes_executor.py
[2025-04-13T17:29:23.515+0000] {logging_mixin.py:188} INFO - [2025-04-13T17:29:23.515+0000] {dag.py:3036} INFO - Sync 1 DAGs
[2025-04-13T17:29:23.536+0000] {logging_mixin.py:188} INFO - [2025-04-13T17:29:23.536+0000] {dag.py:3823} INFO - Setting next_dagrun for example_local_kubernetes_executor to None, run_after=None
[2025-04-13T17:29:23.574+0000] {processor.py:183} INFO - Processing /home/airflow/.local/lib/python3.8/site-packages/airflow/example_dags/example_local_kubernetes_executor.py took 0.132 seconds
[2025-04-13T17:29:55.895+0000] {processor.py:161} INFO - Started process (PID=4683) to work on /home/airflow/.local/lib/python3.8/site-packages/airflow/example_dags/example_local_kubernetes_executor.py
[2025-04-13T17:29:55.896+0000] {processor.py:830} INFO - Processing file /home/airflow/.local/lib/python3.8/site-packages/airflow/example_dags/example_local_kubernetes_executor.py for tasks to queue
[2025-04-13T17:29:55.899+0000] {logging_mixin.py:188} INFO - [2025-04-13T17:29:55.898+0000] {dagbag.py:538} INFO - Filling up the DagBag from /home/airflow/.local/lib/python3.8/site-packages/airflow/example_dags/example_local_kubernetes_executor.py
[2025-04-13T17:29:55.909+0000] {processor.py:840} INFO - DAG(s) 'example_local_kubernetes_executor' retrieved from /home/airflow/.local/lib/python3.8/site-packages/airflow/example_dags/example_local_kubernetes_executor.py
[2025-04-13T17:29:55.949+0000] {logging_mixin.py:188} INFO - [2025-04-13T17:29:55.949+0000] {dag.py:3036} INFO - Sync 1 DAGs
[2025-04-13T17:29:55.984+0000] {logging_mixin.py:188} INFO - [2025-04-13T17:29:55.983+0000] {dag.py:3823} INFO - Setting next_dagrun for example_local_kubernetes_executor to None, run_after=None
[2025-04-13T17:29:56.077+0000] {processor.py:183} INFO - Processing /home/airflow/.local/lib/python3.8/site-packages/airflow/example_dags/example_local_kubernetes_executor.py took 0.186 seconds
[2025-04-13T17:30:28.715+0000] {processor.py:161} INFO - Started process (PID=4740) to work on /home/airflow/.local/lib/python3.8/site-packages/airflow/example_dags/example_local_kubernetes_executor.py
[2025-04-13T17:30:28.716+0000] {processor.py:830} INFO - Processing file /home/airflow/.local/lib/python3.8/site-packages/airflow/example_dags/example_local_kubernetes_executor.py for tasks to queue
[2025-04-13T17:30:28.720+0000] {logging_mixin.py:188} INFO - [2025-04-13T17:30:28.719+0000] {dagbag.py:538} INFO - Filling up the DagBag from /home/airflow/.local/lib/python3.8/site-packages/airflow/example_dags/example_local_kubernetes_executor.py
[2025-04-13T17:30:28.744+0000] {processor.py:840} INFO - DAG(s) 'example_local_kubernetes_executor' retrieved from /home/airflow/.local/lib/python3.8/site-packages/airflow/example_dags/example_local_kubernetes_executor.py
[2025-04-13T17:30:28.838+0000] {logging_mixin.py:188} INFO - [2025-04-13T17:30:28.838+0000] {dag.py:3036} INFO - Sync 1 DAGs
[2025-04-13T17:30:28.863+0000] {logging_mixin.py:188} INFO - [2025-04-13T17:30:28.863+0000] {dag.py:3823} INFO - Setting next_dagrun for example_local_kubernetes_executor to None, run_after=None
[2025-04-13T17:30:28.908+0000] {processor.py:183} INFO - Processing /home/airflow/.local/lib/python3.8/site-packages/airflow/example_dags/example_local_kubernetes_executor.py took 0.200 seconds
[2025-04-13T17:31:00.513+0000] {processor.py:161} INFO - Started process (PID=4796) to work on /home/airflow/.local/lib/python3.8/site-packages/airflow/example_dags/example_local_kubernetes_executor.py
[2025-04-13T17:31:00.515+0000] {processor.py:830} INFO - Processing file /home/airflow/.local/lib/python3.8/site-packages/airflow/example_dags/example_local_kubernetes_executor.py for tasks to queue
[2025-04-13T17:31:00.518+0000] {logging_mixin.py:188} INFO - [2025-04-13T17:31:00.518+0000] {dagbag.py:538} INFO - Filling up the DagBag from /home/airflow/.local/lib/python3.8/site-packages/airflow/example_dags/example_local_kubernetes_executor.py
[2025-04-13T17:31:00.533+0000] {processor.py:840} INFO - DAG(s) 'example_local_kubernetes_executor' retrieved from /home/airflow/.local/lib/python3.8/site-packages/airflow/example_dags/example_local_kubernetes_executor.py
[2025-04-13T17:31:00.586+0000] {logging_mixin.py:188} INFO - [2025-04-13T17:31:00.585+0000] {dag.py:3036} INFO - Sync 1 DAGs
[2025-04-13T17:31:00.609+0000] {logging_mixin.py:188} INFO - [2025-04-13T17:31:00.608+0000] {dag.py:3823} INFO - Setting next_dagrun for example_local_kubernetes_executor to None, run_after=None
[2025-04-13T17:31:00.659+0000] {processor.py:183} INFO - Processing /home/airflow/.local/lib/python3.8/site-packages/airflow/example_dags/example_local_kubernetes_executor.py took 0.153 seconds
[2025-04-13T17:31:34.405+0000] {processor.py:161} INFO - Started process (PID=4859) to work on /home/airflow/.local/lib/python3.8/site-packages/airflow/example_dags/example_local_kubernetes_executor.py
[2025-04-13T17:31:34.406+0000] {processor.py:830} INFO - Processing file /home/airflow/.local/lib/python3.8/site-packages/airflow/example_dags/example_local_kubernetes_executor.py for tasks to queue
[2025-04-13T17:31:34.410+0000] {logging_mixin.py:188} INFO - [2025-04-13T17:31:34.409+0000] {dagbag.py:538} INFO - Filling up the DagBag from /home/airflow/.local/lib/python3.8/site-packages/airflow/example_dags/example_local_kubernetes_executor.py
[2025-04-13T17:31:34.420+0000] {processor.py:840} INFO - DAG(s) 'example_local_kubernetes_executor' retrieved from /home/airflow/.local/lib/python3.8/site-packages/airflow/example_dags/example_local_kubernetes_executor.py
[2025-04-13T17:31:34.466+0000] {logging_mixin.py:188} INFO - [2025-04-13T17:31:34.465+0000] {dag.py:3036} INFO - Sync 1 DAGs
[2025-04-13T17:31:34.483+0000] {logging_mixin.py:188} INFO - [2025-04-13T17:31:34.482+0000] {dag.py:3823} INFO - Setting next_dagrun for example_local_kubernetes_executor to None, run_after=None
[2025-04-13T17:31:34.511+0000] {processor.py:183} INFO - Processing /home/airflow/.local/lib/python3.8/site-packages/airflow/example_dags/example_local_kubernetes_executor.py took 0.111 seconds
[2025-04-13T17:32:06.865+0000] {processor.py:161} INFO - Started process (PID=4915) to work on /home/airflow/.local/lib/python3.8/site-packages/airflow/example_dags/example_local_kubernetes_executor.py
[2025-04-13T17:32:06.867+0000] {processor.py:830} INFO - Processing file /home/airflow/.local/lib/python3.8/site-packages/airflow/example_dags/example_local_kubernetes_executor.py for tasks to queue
[2025-04-13T17:32:06.871+0000] {logging_mixin.py:188} INFO - [2025-04-13T17:32:06.870+0000] {dagbag.py:538} INFO - Filling up the DagBag from /home/airflow/.local/lib/python3.8/site-packages/airflow/example_dags/example_local_kubernetes_executor.py
[2025-04-13T17:32:06.889+0000] {processor.py:840} INFO - DAG(s) 'example_local_kubernetes_executor' retrieved from /home/airflow/.local/lib/python3.8/site-packages/airflow/example_dags/example_local_kubernetes_executor.py
[2025-04-13T17:32:06.955+0000] {logging_mixin.py:188} INFO - [2025-04-13T17:32:06.954+0000] {dag.py:3036} INFO - Sync 1 DAGs
[2025-04-13T17:32:06.980+0000] {logging_mixin.py:188} INFO - [2025-04-13T17:32:06.979+0000] {dag.py:3823} INFO - Setting next_dagrun for example_local_kubernetes_executor to None, run_after=None
[2025-04-13T17:32:07.062+0000] {processor.py:183} INFO - Processing /home/airflow/.local/lib/python3.8/site-packages/airflow/example_dags/example_local_kubernetes_executor.py took 0.204 seconds
[2025-04-13T17:32:38.936+0000] {processor.py:161} INFO - Started process (PID=4971) to work on /home/airflow/.local/lib/python3.8/site-packages/airflow/example_dags/example_local_kubernetes_executor.py
[2025-04-13T17:32:38.938+0000] {processor.py:830} INFO - Processing file /home/airflow/.local/lib/python3.8/site-packages/airflow/example_dags/example_local_kubernetes_executor.py for tasks to queue
[2025-04-13T17:32:38.942+0000] {logging_mixin.py:188} INFO - [2025-04-13T17:32:38.941+0000] {dagbag.py:538} INFO - Filling up the DagBag from /home/airflow/.local/lib/python3.8/site-packages/airflow/example_dags/example_local_kubernetes_executor.py
[2025-04-13T17:32:38.954+0000] {processor.py:840} INFO - DAG(s) 'example_local_kubernetes_executor' retrieved from /home/airflow/.local/lib/python3.8/site-packages/airflow/example_dags/example_local_kubernetes_executor.py
[2025-04-13T17:32:38.998+0000] {logging_mixin.py:188} INFO - [2025-04-13T17:32:38.997+0000] {dag.py:3036} INFO - Sync 1 DAGs
[2025-04-13T17:32:39.013+0000] {logging_mixin.py:188} INFO - [2025-04-13T17:32:39.013+0000] {dag.py:3823} INFO - Setting next_dagrun for example_local_kubernetes_executor to None, run_after=None
[2025-04-13T17:32:39.040+0000] {processor.py:183} INFO - Processing /home/airflow/.local/lib/python3.8/site-packages/airflow/example_dags/example_local_kubernetes_executor.py took 0.109 seconds
[2025-04-13T17:33:11.758+0000] {processor.py:161} INFO - Started process (PID=5030) to work on /home/airflow/.local/lib/python3.8/site-packages/airflow/example_dags/example_local_kubernetes_executor.py
[2025-04-13T17:33:11.760+0000] {processor.py:830} INFO - Processing file /home/airflow/.local/lib/python3.8/site-packages/airflow/example_dags/example_local_kubernetes_executor.py for tasks to queue
[2025-04-13T17:33:11.763+0000] {logging_mixin.py:188} INFO - [2025-04-13T17:33:11.762+0000] {dagbag.py:538} INFO - Filling up the DagBag from /home/airflow/.local/lib/python3.8/site-packages/airflow/example_dags/example_local_kubernetes_executor.py
[2025-04-13T17:33:11.775+0000] {processor.py:840} INFO - DAG(s) 'example_local_kubernetes_executor' retrieved from /home/airflow/.local/lib/python3.8/site-packages/airflow/example_dags/example_local_kubernetes_executor.py
[2025-04-13T17:33:11.825+0000] {logging_mixin.py:188} INFO - [2025-04-13T17:33:11.824+0000] {dag.py:3036} INFO - Sync 1 DAGs
[2025-04-13T17:33:11.847+0000] {logging_mixin.py:188} INFO - [2025-04-13T17:33:11.847+0000] {dag.py:3823} INFO - Setting next_dagrun for example_local_kubernetes_executor to None, run_after=None
[2025-04-13T17:33:11.881+0000] {processor.py:183} INFO - Processing /home/airflow/.local/lib/python3.8/site-packages/airflow/example_dags/example_local_kubernetes_executor.py took 0.128 seconds
[2025-04-13T17:33:43.789+0000] {processor.py:161} INFO - Started process (PID=5087) to work on /home/airflow/.local/lib/python3.8/site-packages/airflow/example_dags/example_local_kubernetes_executor.py
[2025-04-13T17:33:43.791+0000] {processor.py:830} INFO - Processing file /home/airflow/.local/lib/python3.8/site-packages/airflow/example_dags/example_local_kubernetes_executor.py for tasks to queue
[2025-04-13T17:33:43.795+0000] {logging_mixin.py:188} INFO - [2025-04-13T17:33:43.794+0000] {dagbag.py:538} INFO - Filling up the DagBag from /home/airflow/.local/lib/python3.8/site-packages/airflow/example_dags/example_local_kubernetes_executor.py
[2025-04-13T17:33:43.806+0000] {processor.py:840} INFO - DAG(s) 'example_local_kubernetes_executor' retrieved from /home/airflow/.local/lib/python3.8/site-packages/airflow/example_dags/example_local_kubernetes_executor.py
[2025-04-13T17:33:43.848+0000] {logging_mixin.py:188} INFO - [2025-04-13T17:33:43.848+0000] {dag.py:3036} INFO - Sync 1 DAGs
[2025-04-13T17:33:43.868+0000] {logging_mixin.py:188} INFO - [2025-04-13T17:33:43.868+0000] {dag.py:3823} INFO - Setting next_dagrun for example_local_kubernetes_executor to None, run_after=None
[2025-04-13T17:33:43.961+0000] {processor.py:183} INFO - Processing /home/airflow/.local/lib/python3.8/site-packages/airflow/example_dags/example_local_kubernetes_executor.py took 0.178 seconds
[2025-04-13T17:34:17.289+0000] {processor.py:161} INFO - Started process (PID=5146) to work on /home/airflow/.local/lib/python3.8/site-packages/airflow/example_dags/example_local_kubernetes_executor.py
[2025-04-13T17:34:17.291+0000] {processor.py:830} INFO - Processing file /home/airflow/.local/lib/python3.8/site-packages/airflow/example_dags/example_local_kubernetes_executor.py for tasks to queue
[2025-04-13T17:34:17.294+0000] {logging_mixin.py:188} INFO - [2025-04-13T17:34:17.293+0000] {dagbag.py:538} INFO - Filling up the DagBag from /home/airflow/.local/lib/python3.8/site-packages/airflow/example_dags/example_local_kubernetes_executor.py
[2025-04-13T17:34:17.304+0000] {processor.py:840} INFO - DAG(s) 'example_local_kubernetes_executor' retrieved from /home/airflow/.local/lib/python3.8/site-packages/airflow/example_dags/example_local_kubernetes_executor.py
[2025-04-13T17:34:17.357+0000] {logging_mixin.py:188} INFO - [2025-04-13T17:34:17.357+0000] {dag.py:3036} INFO - Sync 1 DAGs
[2025-04-13T17:34:17.374+0000] {logging_mixin.py:188} INFO - [2025-04-13T17:34:17.373+0000] {dag.py:3823} INFO - Setting next_dagrun for example_local_kubernetes_executor to None, run_after=None
[2025-04-13T17:34:17.404+0000] {processor.py:183} INFO - Processing /home/airflow/.local/lib/python3.8/site-packages/airflow/example_dags/example_local_kubernetes_executor.py took 0.122 seconds
[2025-04-13T17:34:48.988+0000] {processor.py:161} INFO - Started process (PID=5202) to work on /home/airflow/.local/lib/python3.8/site-packages/airflow/example_dags/example_local_kubernetes_executor.py
[2025-04-13T17:34:48.990+0000] {processor.py:830} INFO - Processing file /home/airflow/.local/lib/python3.8/site-packages/airflow/example_dags/example_local_kubernetes_executor.py for tasks to queue
[2025-04-13T17:34:48.994+0000] {logging_mixin.py:188} INFO - [2025-04-13T17:34:48.993+0000] {dagbag.py:538} INFO - Filling up the DagBag from /home/airflow/.local/lib/python3.8/site-packages/airflow/example_dags/example_local_kubernetes_executor.py
[2025-04-13T17:34:49.007+0000] {processor.py:840} INFO - DAG(s) 'example_local_kubernetes_executor' retrieved from /home/airflow/.local/lib/python3.8/site-packages/airflow/example_dags/example_local_kubernetes_executor.py
[2025-04-13T17:34:49.049+0000] {logging_mixin.py:188} INFO - [2025-04-13T17:34:49.049+0000] {dag.py:3036} INFO - Sync 1 DAGs
[2025-04-13T17:34:49.065+0000] {logging_mixin.py:188} INFO - [2025-04-13T17:34:49.065+0000] {dag.py:3823} INFO - Setting next_dagrun for example_local_kubernetes_executor to None, run_after=None
[2025-04-13T17:34:49.094+0000] {processor.py:183} INFO - Processing /home/airflow/.local/lib/python3.8/site-packages/airflow/example_dags/example_local_kubernetes_executor.py took 0.111 seconds
[2025-04-13T17:35:21.557+0000] {processor.py:161} INFO - Started process (PID=5258) to work on /home/airflow/.local/lib/python3.8/site-packages/airflow/example_dags/example_local_kubernetes_executor.py
[2025-04-13T17:35:21.559+0000] {processor.py:830} INFO - Processing file /home/airflow/.local/lib/python3.8/site-packages/airflow/example_dags/example_local_kubernetes_executor.py for tasks to queue
[2025-04-13T17:35:21.562+0000] {logging_mixin.py:188} INFO - [2025-04-13T17:35:21.561+0000] {dagbag.py:538} INFO - Filling up the DagBag from /home/airflow/.local/lib/python3.8/site-packages/airflow/example_dags/example_local_kubernetes_executor.py
[2025-04-13T17:35:21.572+0000] {processor.py:840} INFO - DAG(s) 'example_local_kubernetes_executor' retrieved from /home/airflow/.local/lib/python3.8/site-packages/airflow/example_dags/example_local_kubernetes_executor.py
[2025-04-13T17:35:21.619+0000] {logging_mixin.py:188} INFO - [2025-04-13T17:35:21.619+0000] {dag.py:3036} INFO - Sync 1 DAGs
[2025-04-13T17:35:21.637+0000] {logging_mixin.py:188} INFO - [2025-04-13T17:35:21.636+0000] {dag.py:3823} INFO - Setting next_dagrun for example_local_kubernetes_executor to None, run_after=None
[2025-04-13T17:35:21.669+0000] {processor.py:183} INFO - Processing /home/airflow/.local/lib/python3.8/site-packages/airflow/example_dags/example_local_kubernetes_executor.py took 0.116 seconds
[2025-04-13T17:35:53.955+0000] {processor.py:161} INFO - Started process (PID=5314) to work on /home/airflow/.local/lib/python3.8/site-packages/airflow/example_dags/example_local_kubernetes_executor.py
[2025-04-13T17:35:53.957+0000] {processor.py:830} INFO - Processing file /home/airflow/.local/lib/python3.8/site-packages/airflow/example_dags/example_local_kubernetes_executor.py for tasks to queue
[2025-04-13T17:35:53.961+0000] {logging_mixin.py:188} INFO - [2025-04-13T17:35:53.960+0000] {dagbag.py:538} INFO - Filling up the DagBag from /home/airflow/.local/lib/python3.8/site-packages/airflow/example_dags/example_local_kubernetes_executor.py
[2025-04-13T17:35:53.973+0000] {processor.py:840} INFO - DAG(s) 'example_local_kubernetes_executor' retrieved from /home/airflow/.local/lib/python3.8/site-packages/airflow/example_dags/example_local_kubernetes_executor.py
[2025-04-13T17:35:54.025+0000] {logging_mixin.py:188} INFO - [2025-04-13T17:35:54.024+0000] {dag.py:3036} INFO - Sync 1 DAGs
[2025-04-13T17:35:54.049+0000] {logging_mixin.py:188} INFO - [2025-04-13T17:35:54.048+0000] {dag.py:3823} INFO - Setting next_dagrun for example_local_kubernetes_executor to None, run_after=None
[2025-04-13T17:35:54.091+0000] {processor.py:183} INFO - Processing /home/airflow/.local/lib/python3.8/site-packages/airflow/example_dags/example_local_kubernetes_executor.py took 0.142 seconds
[2025-04-13T17:36:26.885+0000] {processor.py:161} INFO - Started process (PID=5370) to work on /home/airflow/.local/lib/python3.8/site-packages/airflow/example_dags/example_local_kubernetes_executor.py
[2025-04-13T17:36:26.889+0000] {processor.py:830} INFO - Processing file /home/airflow/.local/lib/python3.8/site-packages/airflow/example_dags/example_local_kubernetes_executor.py for tasks to queue
[2025-04-13T17:36:26.895+0000] {logging_mixin.py:188} INFO - [2025-04-13T17:36:26.894+0000] {dagbag.py:538} INFO - Filling up the DagBag from /home/airflow/.local/lib/python3.8/site-packages/airflow/example_dags/example_local_kubernetes_executor.py
[2025-04-13T17:36:26.908+0000] {processor.py:840} INFO - DAG(s) 'example_local_kubernetes_executor' retrieved from /home/airflow/.local/lib/python3.8/site-packages/airflow/example_dags/example_local_kubernetes_executor.py
[2025-04-13T17:36:26.957+0000] {logging_mixin.py:188} INFO - [2025-04-13T17:36:26.957+0000] {dag.py:3036} INFO - Sync 1 DAGs
[2025-04-13T17:36:26.975+0000] {logging_mixin.py:188} INFO - [2025-04-13T17:36:26.974+0000] {dag.py:3823} INFO - Setting next_dagrun for example_local_kubernetes_executor to None, run_after=None
[2025-04-13T17:36:27.000+0000] {processor.py:183} INFO - Processing /home/airflow/.local/lib/python3.8/site-packages/airflow/example_dags/example_local_kubernetes_executor.py took 0.125 seconds
[2025-04-13T17:36:58.144+0000] {processor.py:161} INFO - Started process (PID=5427) to work on /home/airflow/.local/lib/python3.8/site-packages/airflow/example_dags/example_local_kubernetes_executor.py
[2025-04-13T17:36:58.145+0000] {processor.py:830} INFO - Processing file /home/airflow/.local/lib/python3.8/site-packages/airflow/example_dags/example_local_kubernetes_executor.py for tasks to queue
[2025-04-13T17:36:58.148+0000] {logging_mixin.py:188} INFO - [2025-04-13T17:36:58.147+0000] {dagbag.py:538} INFO - Filling up the DagBag from /home/airflow/.local/lib/python3.8/site-packages/airflow/example_dags/example_local_kubernetes_executor.py
[2025-04-13T17:36:58.156+0000] {processor.py:840} INFO - DAG(s) 'example_local_kubernetes_executor' retrieved from /home/airflow/.local/lib/python3.8/site-packages/airflow/example_dags/example_local_kubernetes_executor.py
[2025-04-13T17:36:58.215+0000] {logging_mixin.py:188} INFO - [2025-04-13T17:36:58.215+0000] {dag.py:3036} INFO - Sync 1 DAGs
[2025-04-13T17:36:58.234+0000] {logging_mixin.py:188} INFO - [2025-04-13T17:36:58.234+0000] {dag.py:3823} INFO - Setting next_dagrun for example_local_kubernetes_executor to None, run_after=None
[2025-04-13T17:36:58.310+0000] {processor.py:183} INFO - Processing /home/airflow/.local/lib/python3.8/site-packages/airflow/example_dags/example_local_kubernetes_executor.py took 0.169 seconds
[2025-04-13T17:37:31.013+0000] {processor.py:161} INFO - Started process (PID=5483) to work on /home/airflow/.local/lib/python3.8/site-packages/airflow/example_dags/example_local_kubernetes_executor.py
[2025-04-13T17:37:31.014+0000] {processor.py:830} INFO - Processing file /home/airflow/.local/lib/python3.8/site-packages/airflow/example_dags/example_local_kubernetes_executor.py for tasks to queue
[2025-04-13T17:37:31.017+0000] {logging_mixin.py:188} INFO - [2025-04-13T17:37:31.016+0000] {dagbag.py:538} INFO - Filling up the DagBag from /home/airflow/.local/lib/python3.8/site-packages/airflow/example_dags/example_local_kubernetes_executor.py
[2025-04-13T17:37:31.028+0000] {processor.py:840} INFO - DAG(s) 'example_local_kubernetes_executor' retrieved from /home/airflow/.local/lib/python3.8/site-packages/airflow/example_dags/example_local_kubernetes_executor.py
[2025-04-13T17:37:31.073+0000] {logging_mixin.py:188} INFO - [2025-04-13T17:37:31.073+0000] {dag.py:3036} INFO - Sync 1 DAGs
[2025-04-13T17:37:31.089+0000] {logging_mixin.py:188} INFO - [2025-04-13T17:37:31.089+0000] {dag.py:3823} INFO - Setting next_dagrun for example_local_kubernetes_executor to None, run_after=None
[2025-04-13T17:37:31.172+0000] {processor.py:183} INFO - Processing /home/airflow/.local/lib/python3.8/site-packages/airflow/example_dags/example_local_kubernetes_executor.py took 0.164 seconds
[2025-04-13T17:38:01.317+0000] {processor.py:161} INFO - Started process (PID=5539) to work on /home/airflow/.local/lib/python3.8/site-packages/airflow/example_dags/example_local_kubernetes_executor.py
[2025-04-13T17:38:01.318+0000] {processor.py:830} INFO - Processing file /home/airflow/.local/lib/python3.8/site-packages/airflow/example_dags/example_local_kubernetes_executor.py for tasks to queue
[2025-04-13T17:38:01.321+0000] {logging_mixin.py:188} INFO - [2025-04-13T17:38:01.321+0000] {dagbag.py:538} INFO - Filling up the DagBag from /home/airflow/.local/lib/python3.8/site-packages/airflow/example_dags/example_local_kubernetes_executor.py
[2025-04-13T17:38:01.335+0000] {processor.py:840} INFO - DAG(s) 'example_local_kubernetes_executor' retrieved from /home/airflow/.local/lib/python3.8/site-packages/airflow/example_dags/example_local_kubernetes_executor.py
[2025-04-13T17:38:01.380+0000] {logging_mixin.py:188} INFO - [2025-04-13T17:38:01.380+0000] {dag.py:3036} INFO - Sync 1 DAGs
[2025-04-13T17:38:01.397+0000] {logging_mixin.py:188} INFO - [2025-04-13T17:38:01.396+0000] {dag.py:3823} INFO - Setting next_dagrun for example_local_kubernetes_executor to None, run_after=None
[2025-04-13T17:38:01.455+0000] {processor.py:183} INFO - Processing /home/airflow/.local/lib/python3.8/site-packages/airflow/example_dags/example_local_kubernetes_executor.py took 0.142 seconds
[2025-04-13T17:38:36.059+0000] {processor.py:161} INFO - Started process (PID=5595) to work on /home/airflow/.local/lib/python3.8/site-packages/airflow/example_dags/example_local_kubernetes_executor.py
[2025-04-13T17:38:36.060+0000] {processor.py:830} INFO - Processing file /home/airflow/.local/lib/python3.8/site-packages/airflow/example_dags/example_local_kubernetes_executor.py for tasks to queue
[2025-04-13T17:38:36.063+0000] {logging_mixin.py:188} INFO - [2025-04-13T17:38:36.063+0000] {dagbag.py:538} INFO - Filling up the DagBag from /home/airflow/.local/lib/python3.8/site-packages/airflow/example_dags/example_local_kubernetes_executor.py
[2025-04-13T17:38:36.087+0000] {processor.py:840} INFO - DAG(s) 'example_local_kubernetes_executor' retrieved from /home/airflow/.local/lib/python3.8/site-packages/airflow/example_dags/example_local_kubernetes_executor.py
[2025-04-13T17:38:36.146+0000] {logging_mixin.py:188} INFO - [2025-04-13T17:38:36.145+0000] {dag.py:3036} INFO - Sync 1 DAGs
[2025-04-13T17:38:36.165+0000] {logging_mixin.py:188} INFO - [2025-04-13T17:38:36.164+0000] {dag.py:3823} INFO - Setting next_dagrun for example_local_kubernetes_executor to None, run_after=None
[2025-04-13T17:38:36.192+0000] {processor.py:183} INFO - Processing /home/airflow/.local/lib/python3.8/site-packages/airflow/example_dags/example_local_kubernetes_executor.py took 0.137 seconds
[2025-04-13T17:39:07.900+0000] {processor.py:161} INFO - Started process (PID=5651) to work on /home/airflow/.local/lib/python3.8/site-packages/airflow/example_dags/example_local_kubernetes_executor.py
[2025-04-13T17:39:07.901+0000] {processor.py:830} INFO - Processing file /home/airflow/.local/lib/python3.8/site-packages/airflow/example_dags/example_local_kubernetes_executor.py for tasks to queue
[2025-04-13T17:39:07.904+0000] {logging_mixin.py:188} INFO - [2025-04-13T17:39:07.904+0000] {dagbag.py:538} INFO - Filling up the DagBag from /home/airflow/.local/lib/python3.8/site-packages/airflow/example_dags/example_local_kubernetes_executor.py
[2025-04-13T17:39:07.915+0000] {processor.py:840} INFO - DAG(s) 'example_local_kubernetes_executor' retrieved from /home/airflow/.local/lib/python3.8/site-packages/airflow/example_dags/example_local_kubernetes_executor.py
[2025-04-13T17:39:07.961+0000] {logging_mixin.py:188} INFO - [2025-04-13T17:39:07.961+0000] {dag.py:3036} INFO - Sync 1 DAGs
[2025-04-13T17:39:07.979+0000] {logging_mixin.py:188} INFO - [2025-04-13T17:39:07.979+0000] {dag.py:3823} INFO - Setting next_dagrun for example_local_kubernetes_executor to None, run_after=None
[2025-04-13T17:39:08.012+0000] {processor.py:183} INFO - Processing /home/airflow/.local/lib/python3.8/site-packages/airflow/example_dags/example_local_kubernetes_executor.py took 0.119 seconds
[2025-04-13T17:39:41.072+0000] {processor.py:161} INFO - Started process (PID=5707) to work on /home/airflow/.local/lib/python3.8/site-packages/airflow/example_dags/example_local_kubernetes_executor.py
[2025-04-13T17:39:41.074+0000] {processor.py:830} INFO - Processing file /home/airflow/.local/lib/python3.8/site-packages/airflow/example_dags/example_local_kubernetes_executor.py for tasks to queue
[2025-04-13T17:39:41.077+0000] {logging_mixin.py:188} INFO - [2025-04-13T17:39:41.076+0000] {dagbag.py:538} INFO - Filling up the DagBag from /home/airflow/.local/lib/python3.8/site-packages/airflow/example_dags/example_local_kubernetes_executor.py
[2025-04-13T17:39:41.090+0000] {processor.py:840} INFO - DAG(s) 'example_local_kubernetes_executor' retrieved from /home/airflow/.local/lib/python3.8/site-packages/airflow/example_dags/example_local_kubernetes_executor.py
[2025-04-13T17:39:41.141+0000] {logging_mixin.py:188} INFO - [2025-04-13T17:39:41.141+0000] {dag.py:3036} INFO - Sync 1 DAGs
[2025-04-13T17:39:41.167+0000] {logging_mixin.py:188} INFO - [2025-04-13T17:39:41.167+0000] {dag.py:3823} INFO - Setting next_dagrun for example_local_kubernetes_executor to None, run_after=None
[2025-04-13T17:39:41.204+0000] {processor.py:183} INFO - Processing /home/airflow/.local/lib/python3.8/site-packages/airflow/example_dags/example_local_kubernetes_executor.py took 0.137 seconds
[2025-04-13T17:40:12.449+0000] {processor.py:161} INFO - Started process (PID=5757) to work on /home/airflow/.local/lib/python3.8/site-packages/airflow/example_dags/example_local_kubernetes_executor.py
[2025-04-13T17:40:12.453+0000] {processor.py:830} INFO - Processing file /home/airflow/.local/lib/python3.8/site-packages/airflow/example_dags/example_local_kubernetes_executor.py for tasks to queue
[2025-04-13T17:40:12.456+0000] {logging_mixin.py:188} INFO - [2025-04-13T17:40:12.456+0000] {dagbag.py:538} INFO - Filling up the DagBag from /home/airflow/.local/lib/python3.8/site-packages/airflow/example_dags/example_local_kubernetes_executor.py
[2025-04-13T17:40:12.488+0000] {processor.py:840} INFO - DAG(s) 'example_local_kubernetes_executor' retrieved from /home/airflow/.local/lib/python3.8/site-packages/airflow/example_dags/example_local_kubernetes_executor.py
[2025-04-13T17:40:12.547+0000] {logging_mixin.py:188} INFO - [2025-04-13T17:40:12.547+0000] {dag.py:3036} INFO - Sync 1 DAGs
[2025-04-13T17:40:12.566+0000] {logging_mixin.py:188} INFO - [2025-04-13T17:40:12.566+0000] {dag.py:3823} INFO - Setting next_dagrun for example_local_kubernetes_executor to None, run_after=None
[2025-04-13T17:40:12.612+0000] {processor.py:183} INFO - Processing /home/airflow/.local/lib/python3.8/site-packages/airflow/example_dags/example_local_kubernetes_executor.py took 0.171 seconds
[2025-04-13T17:40:45.647+0000] {processor.py:161} INFO - Started process (PID=5820) to work on /home/airflow/.local/lib/python3.8/site-packages/airflow/example_dags/example_local_kubernetes_executor.py
[2025-04-13T17:40:45.650+0000] {processor.py:830} INFO - Processing file /home/airflow/.local/lib/python3.8/site-packages/airflow/example_dags/example_local_kubernetes_executor.py for tasks to queue
[2025-04-13T17:40:45.656+0000] {logging_mixin.py:188} INFO - [2025-04-13T17:40:45.655+0000] {dagbag.py:538} INFO - Filling up the DagBag from /home/airflow/.local/lib/python3.8/site-packages/airflow/example_dags/example_local_kubernetes_executor.py
[2025-04-13T17:40:45.677+0000] {processor.py:840} INFO - DAG(s) 'example_local_kubernetes_executor' retrieved from /home/airflow/.local/lib/python3.8/site-packages/airflow/example_dags/example_local_kubernetes_executor.py
[2025-04-13T17:40:45.736+0000] {logging_mixin.py:188} INFO - [2025-04-13T17:40:45.736+0000] {dag.py:3036} INFO - Sync 1 DAGs
[2025-04-13T17:40:45.753+0000] {logging_mixin.py:188} INFO - [2025-04-13T17:40:45.752+0000] {dag.py:3823} INFO - Setting next_dagrun for example_local_kubernetes_executor to None, run_after=None
[2025-04-13T17:40:45.818+0000] {processor.py:183} INFO - Processing /home/airflow/.local/lib/python3.8/site-packages/airflow/example_dags/example_local_kubernetes_executor.py took 0.183 seconds
[2025-04-13T17:41:18.392+0000] {processor.py:161} INFO - Started process (PID=5876) to work on /home/airflow/.local/lib/python3.8/site-packages/airflow/example_dags/example_local_kubernetes_executor.py
[2025-04-13T17:41:18.393+0000] {processor.py:830} INFO - Processing file /home/airflow/.local/lib/python3.8/site-packages/airflow/example_dags/example_local_kubernetes_executor.py for tasks to queue
[2025-04-13T17:41:18.396+0000] {logging_mixin.py:188} INFO - [2025-04-13T17:41:18.395+0000] {dagbag.py:538} INFO - Filling up the DagBag from /home/airflow/.local/lib/python3.8/site-packages/airflow/example_dags/example_local_kubernetes_executor.py
[2025-04-13T17:41:18.411+0000] {processor.py:840} INFO - DAG(s) 'example_local_kubernetes_executor' retrieved from /home/airflow/.local/lib/python3.8/site-packages/airflow/example_dags/example_local_kubernetes_executor.py
[2025-04-13T17:41:18.491+0000] {logging_mixin.py:188} INFO - [2025-04-13T17:41:18.491+0000] {dag.py:3036} INFO - Sync 1 DAGs
[2025-04-13T17:41:18.513+0000] {logging_mixin.py:188} INFO - [2025-04-13T17:41:18.513+0000] {dag.py:3823} INFO - Setting next_dagrun for example_local_kubernetes_executor to None, run_after=None
[2025-04-13T17:41:18.562+0000] {processor.py:183} INFO - Processing /home/airflow/.local/lib/python3.8/site-packages/airflow/example_dags/example_local_kubernetes_executor.py took 0.175 seconds
[2025-04-13T17:41:48.715+0000] {processor.py:161} INFO - Started process (PID=5931) to work on /home/airflow/.local/lib/python3.8/site-packages/airflow/example_dags/example_local_kubernetes_executor.py
[2025-04-13T17:41:48.720+0000] {processor.py:830} INFO - Processing file /home/airflow/.local/lib/python3.8/site-packages/airflow/example_dags/example_local_kubernetes_executor.py for tasks to queue
[2025-04-13T17:41:48.724+0000] {logging_mixin.py:188} INFO - [2025-04-13T17:41:48.724+0000] {dagbag.py:538} INFO - Filling up the DagBag from /home/airflow/.local/lib/python3.8/site-packages/airflow/example_dags/example_local_kubernetes_executor.py
[2025-04-13T17:41:48.745+0000] {processor.py:840} INFO - DAG(s) 'example_local_kubernetes_executor' retrieved from /home/airflow/.local/lib/python3.8/site-packages/airflow/example_dags/example_local_kubernetes_executor.py
[2025-04-13T17:41:48.818+0000] {logging_mixin.py:188} INFO - [2025-04-13T17:41:48.817+0000] {dag.py:3036} INFO - Sync 1 DAGs
[2025-04-13T17:41:48.835+0000] {logging_mixin.py:188} INFO - [2025-04-13T17:41:48.835+0000] {dag.py:3823} INFO - Setting next_dagrun for example_local_kubernetes_executor to None, run_after=None
[2025-04-13T17:41:48.869+0000] {processor.py:183} INFO - Processing /home/airflow/.local/lib/python3.8/site-packages/airflow/example_dags/example_local_kubernetes_executor.py took 0.166 seconds
[2025-04-13T17:42:21.146+0000] {processor.py:161} INFO - Started process (PID=5981) to work on /home/airflow/.local/lib/python3.8/site-packages/airflow/example_dags/example_local_kubernetes_executor.py
[2025-04-13T17:42:21.148+0000] {processor.py:830} INFO - Processing file /home/airflow/.local/lib/python3.8/site-packages/airflow/example_dags/example_local_kubernetes_executor.py for tasks to queue
[2025-04-13T17:42:21.151+0000] {logging_mixin.py:188} INFO - [2025-04-13T17:42:21.150+0000] {dagbag.py:538} INFO - Filling up the DagBag from /home/airflow/.local/lib/python3.8/site-packages/airflow/example_dags/example_local_kubernetes_executor.py
[2025-04-13T17:42:21.160+0000] {processor.py:840} INFO - DAG(s) 'example_local_kubernetes_executor' retrieved from /home/airflow/.local/lib/python3.8/site-packages/airflow/example_dags/example_local_kubernetes_executor.py
[2025-04-13T17:42:21.212+0000] {logging_mixin.py:188} INFO - [2025-04-13T17:42:21.212+0000] {dag.py:3036} INFO - Sync 1 DAGs
[2025-04-13T17:42:21.238+0000] {logging_mixin.py:188} INFO - [2025-04-13T17:42:21.237+0000] {dag.py:3823} INFO - Setting next_dagrun for example_local_kubernetes_executor to None, run_after=None
[2025-04-13T17:42:21.272+0000] {processor.py:183} INFO - Processing /home/airflow/.local/lib/python3.8/site-packages/airflow/example_dags/example_local_kubernetes_executor.py took 0.130 seconds
[2025-04-13T17:42:53.613+0000] {processor.py:161} INFO - Started process (PID=6037) to work on /home/airflow/.local/lib/python3.8/site-packages/airflow/example_dags/example_local_kubernetes_executor.py
[2025-04-13T17:42:53.614+0000] {processor.py:830} INFO - Processing file /home/airflow/.local/lib/python3.8/site-packages/airflow/example_dags/example_local_kubernetes_executor.py for tasks to queue
[2025-04-13T17:42:53.618+0000] {logging_mixin.py:188} INFO - [2025-04-13T17:42:53.617+0000] {dagbag.py:538} INFO - Filling up the DagBag from /home/airflow/.local/lib/python3.8/site-packages/airflow/example_dags/example_local_kubernetes_executor.py
[2025-04-13T17:42:53.631+0000] {processor.py:840} INFO - DAG(s) 'example_local_kubernetes_executor' retrieved from /home/airflow/.local/lib/python3.8/site-packages/airflow/example_dags/example_local_kubernetes_executor.py
[2025-04-13T17:42:53.673+0000] {logging_mixin.py:188} INFO - [2025-04-13T17:42:53.673+0000] {dag.py:3036} INFO - Sync 1 DAGs
[2025-04-13T17:42:53.695+0000] {logging_mixin.py:188} INFO - [2025-04-13T17:42:53.695+0000] {dag.py:3823} INFO - Setting next_dagrun for example_local_kubernetes_executor to None, run_after=None
[2025-04-13T17:42:53.744+0000] {processor.py:183} INFO - Processing /home/airflow/.local/lib/python3.8/site-packages/airflow/example_dags/example_local_kubernetes_executor.py took 0.138 seconds
[2025-04-13T17:43:26.149+0000] {processor.py:161} INFO - Started process (PID=6093) to work on /home/airflow/.local/lib/python3.8/site-packages/airflow/example_dags/example_local_kubernetes_executor.py
[2025-04-13T17:43:26.150+0000] {processor.py:830} INFO - Processing file /home/airflow/.local/lib/python3.8/site-packages/airflow/example_dags/example_local_kubernetes_executor.py for tasks to queue
[2025-04-13T17:43:26.153+0000] {logging_mixin.py:188} INFO - [2025-04-13T17:43:26.152+0000] {dagbag.py:538} INFO - Filling up the DagBag from /home/airflow/.local/lib/python3.8/site-packages/airflow/example_dags/example_local_kubernetes_executor.py
[2025-04-13T17:43:26.162+0000] {processor.py:840} INFO - DAG(s) 'example_local_kubernetes_executor' retrieved from /home/airflow/.local/lib/python3.8/site-packages/airflow/example_dags/example_local_kubernetes_executor.py
[2025-04-13T17:43:26.206+0000] {logging_mixin.py:188} INFO - [2025-04-13T17:43:26.205+0000] {dag.py:3036} INFO - Sync 1 DAGs
[2025-04-13T17:43:26.222+0000] {logging_mixin.py:188} INFO - [2025-04-13T17:43:26.222+0000] {dag.py:3823} INFO - Setting next_dagrun for example_local_kubernetes_executor to None, run_after=None
[2025-04-13T17:43:26.250+0000] {processor.py:183} INFO - Processing /home/airflow/.local/lib/python3.8/site-packages/airflow/example_dags/example_local_kubernetes_executor.py took 0.105 seconds
[2025-04-13T17:43:56.677+0000] {processor.py:161} INFO - Started process (PID=6149) to work on /home/airflow/.local/lib/python3.8/site-packages/airflow/example_dags/example_local_kubernetes_executor.py
[2025-04-13T17:43:56.679+0000] {processor.py:830} INFO - Processing file /home/airflow/.local/lib/python3.8/site-packages/airflow/example_dags/example_local_kubernetes_executor.py for tasks to queue
[2025-04-13T17:43:56.683+0000] {logging_mixin.py:188} INFO - [2025-04-13T17:43:56.682+0000] {dagbag.py:538} INFO - Filling up the DagBag from /home/airflow/.local/lib/python3.8/site-packages/airflow/example_dags/example_local_kubernetes_executor.py
[2025-04-13T17:43:56.697+0000] {processor.py:840} INFO - DAG(s) 'example_local_kubernetes_executor' retrieved from /home/airflow/.local/lib/python3.8/site-packages/airflow/example_dags/example_local_kubernetes_executor.py
[2025-04-13T17:43:56.754+0000] {logging_mixin.py:188} INFO - [2025-04-13T17:43:56.754+0000] {dag.py:3036} INFO - Sync 1 DAGs
[2025-04-13T17:43:56.769+0000] {logging_mixin.py:188} INFO - [2025-04-13T17:43:56.769+0000] {dag.py:3823} INFO - Setting next_dagrun for example_local_kubernetes_executor to None, run_after=None
[2025-04-13T17:43:56.801+0000] {processor.py:183} INFO - Processing /home/airflow/.local/lib/python3.8/site-packages/airflow/example_dags/example_local_kubernetes_executor.py took 0.129 seconds
[2025-04-13T17:44:28.732+0000] {processor.py:161} INFO - Started process (PID=6206) to work on /home/airflow/.local/lib/python3.8/site-packages/airflow/example_dags/example_local_kubernetes_executor.py
[2025-04-13T17:44:28.735+0000] {processor.py:830} INFO - Processing file /home/airflow/.local/lib/python3.8/site-packages/airflow/example_dags/example_local_kubernetes_executor.py for tasks to queue
[2025-04-13T17:44:28.739+0000] {logging_mixin.py:188} INFO - [2025-04-13T17:44:28.738+0000] {dagbag.py:538} INFO - Filling up the DagBag from /home/airflow/.local/lib/python3.8/site-packages/airflow/example_dags/example_local_kubernetes_executor.py
[2025-04-13T17:44:28.761+0000] {processor.py:840} INFO - DAG(s) 'example_local_kubernetes_executor' retrieved from /home/airflow/.local/lib/python3.8/site-packages/airflow/example_dags/example_local_kubernetes_executor.py
[2025-04-13T17:44:28.825+0000] {logging_mixin.py:188} INFO - [2025-04-13T17:44:28.825+0000] {dag.py:3036} INFO - Sync 1 DAGs
[2025-04-13T17:44:28.846+0000] {logging_mixin.py:188} INFO - [2025-04-13T17:44:28.846+0000] {dag.py:3823} INFO - Setting next_dagrun for example_local_kubernetes_executor to None, run_after=None
[2025-04-13T17:44:28.880+0000] {processor.py:183} INFO - Processing /home/airflow/.local/lib/python3.8/site-packages/airflow/example_dags/example_local_kubernetes_executor.py took 0.159 seconds
[2025-04-13T17:45:00.955+0000] {processor.py:161} INFO - Started process (PID=6262) to work on /home/airflow/.local/lib/python3.8/site-packages/airflow/example_dags/example_local_kubernetes_executor.py
[2025-04-13T17:45:00.957+0000] {processor.py:830} INFO - Processing file /home/airflow/.local/lib/python3.8/site-packages/airflow/example_dags/example_local_kubernetes_executor.py for tasks to queue
[2025-04-13T17:45:00.960+0000] {logging_mixin.py:188} INFO - [2025-04-13T17:45:00.960+0000] {dagbag.py:538} INFO - Filling up the DagBag from /home/airflow/.local/lib/python3.8/site-packages/airflow/example_dags/example_local_kubernetes_executor.py
[2025-04-13T17:45:00.973+0000] {processor.py:840} INFO - DAG(s) 'example_local_kubernetes_executor' retrieved from /home/airflow/.local/lib/python3.8/site-packages/airflow/example_dags/example_local_kubernetes_executor.py
[2025-04-13T17:45:01.028+0000] {logging_mixin.py:188} INFO - [2025-04-13T17:45:01.027+0000] {dag.py:3036} INFO - Sync 1 DAGs
[2025-04-13T17:45:01.044+0000] {logging_mixin.py:188} INFO - [2025-04-13T17:45:01.044+0000] {dag.py:3823} INFO - Setting next_dagrun for example_local_kubernetes_executor to None, run_after=None
[2025-04-13T17:45:01.077+0000] {processor.py:183} INFO - Processing /home/airflow/.local/lib/python3.8/site-packages/airflow/example_dags/example_local_kubernetes_executor.py took 0.127 seconds
[2025-04-13T17:45:33.410+0000] {processor.py:161} INFO - Started process (PID=6318) to work on /home/airflow/.local/lib/python3.8/site-packages/airflow/example_dags/example_local_kubernetes_executor.py
[2025-04-13T17:45:33.412+0000] {processor.py:830} INFO - Processing file /home/airflow/.local/lib/python3.8/site-packages/airflow/example_dags/example_local_kubernetes_executor.py for tasks to queue
[2025-04-13T17:45:33.416+0000] {logging_mixin.py:188} INFO - [2025-04-13T17:45:33.415+0000] {dagbag.py:538} INFO - Filling up the DagBag from /home/airflow/.local/lib/python3.8/site-packages/airflow/example_dags/example_local_kubernetes_executor.py
[2025-04-13T17:45:33.433+0000] {processor.py:840} INFO - DAG(s) 'example_local_kubernetes_executor' retrieved from /home/airflow/.local/lib/python3.8/site-packages/airflow/example_dags/example_local_kubernetes_executor.py
[2025-04-13T17:45:33.518+0000] {logging_mixin.py:188} INFO - [2025-04-13T17:45:33.518+0000] {dag.py:3036} INFO - Sync 1 DAGs
[2025-04-13T17:45:33.549+0000] {logging_mixin.py:188} INFO - [2025-04-13T17:45:33.548+0000] {dag.py:3823} INFO - Setting next_dagrun for example_local_kubernetes_executor to None, run_after=None
[2025-04-13T17:45:33.674+0000] {processor.py:183} INFO - Processing /home/airflow/.local/lib/python3.8/site-packages/airflow/example_dags/example_local_kubernetes_executor.py took 0.272 seconds
[2025-04-13T17:46:06.218+0000] {processor.py:161} INFO - Started process (PID=6375) to work on /home/airflow/.local/lib/python3.8/site-packages/airflow/example_dags/example_local_kubernetes_executor.py
[2025-04-13T17:46:06.220+0000] {processor.py:830} INFO - Processing file /home/airflow/.local/lib/python3.8/site-packages/airflow/example_dags/example_local_kubernetes_executor.py for tasks to queue
[2025-04-13T17:46:06.223+0000] {logging_mixin.py:188} INFO - [2025-04-13T17:46:06.223+0000] {dagbag.py:538} INFO - Filling up the DagBag from /home/airflow/.local/lib/python3.8/site-packages/airflow/example_dags/example_local_kubernetes_executor.py
[2025-04-13T17:46:06.237+0000] {processor.py:840} INFO - DAG(s) 'example_local_kubernetes_executor' retrieved from /home/airflow/.local/lib/python3.8/site-packages/airflow/example_dags/example_local_kubernetes_executor.py
[2025-04-13T17:46:06.287+0000] {logging_mixin.py:188} INFO - [2025-04-13T17:46:06.286+0000] {dag.py:3036} INFO - Sync 1 DAGs
[2025-04-13T17:46:06.306+0000] {logging_mixin.py:188} INFO - [2025-04-13T17:46:06.306+0000] {dag.py:3823} INFO - Setting next_dagrun for example_local_kubernetes_executor to None, run_after=None
[2025-04-13T17:46:06.339+0000] {processor.py:183} INFO - Processing /home/airflow/.local/lib/python3.8/site-packages/airflow/example_dags/example_local_kubernetes_executor.py took 0.127 seconds
[2025-04-13T17:46:38.787+0000] {processor.py:161} INFO - Started process (PID=6431) to work on /home/airflow/.local/lib/python3.8/site-packages/airflow/example_dags/example_local_kubernetes_executor.py
[2025-04-13T17:46:38.789+0000] {processor.py:830} INFO - Processing file /home/airflow/.local/lib/python3.8/site-packages/airflow/example_dags/example_local_kubernetes_executor.py for tasks to queue
[2025-04-13T17:46:38.792+0000] {logging_mixin.py:188} INFO - [2025-04-13T17:46:38.791+0000] {dagbag.py:538} INFO - Filling up the DagBag from /home/airflow/.local/lib/python3.8/site-packages/airflow/example_dags/example_local_kubernetes_executor.py
[2025-04-13T17:46:38.804+0000] {processor.py:840} INFO - DAG(s) 'example_local_kubernetes_executor' retrieved from /home/airflow/.local/lib/python3.8/site-packages/airflow/example_dags/example_local_kubernetes_executor.py
[2025-04-13T17:46:38.867+0000] {logging_mixin.py:188} INFO - [2025-04-13T17:46:38.866+0000] {dag.py:3036} INFO - Sync 1 DAGs
[2025-04-13T17:46:38.888+0000] {logging_mixin.py:188} INFO - [2025-04-13T17:46:38.887+0000] {dag.py:3823} INFO - Setting next_dagrun for example_local_kubernetes_executor to None, run_after=None
[2025-04-13T17:46:38.926+0000] {processor.py:183} INFO - Processing /home/airflow/.local/lib/python3.8/site-packages/airflow/example_dags/example_local_kubernetes_executor.py took 0.144 seconds
[2025-04-13T17:47:10.941+0000] {processor.py:161} INFO - Started process (PID=6488) to work on /home/airflow/.local/lib/python3.8/site-packages/airflow/example_dags/example_local_kubernetes_executor.py
[2025-04-13T17:47:10.945+0000] {processor.py:830} INFO - Processing file /home/airflow/.local/lib/python3.8/site-packages/airflow/example_dags/example_local_kubernetes_executor.py for tasks to queue
[2025-04-13T17:47:10.950+0000] {logging_mixin.py:188} INFO - [2025-04-13T17:47:10.949+0000] {dagbag.py:538} INFO - Filling up the DagBag from /home/airflow/.local/lib/python3.8/site-packages/airflow/example_dags/example_local_kubernetes_executor.py
[2025-04-13T17:47:10.970+0000] {processor.py:840} INFO - DAG(s) 'example_local_kubernetes_executor' retrieved from /home/airflow/.local/lib/python3.8/site-packages/airflow/example_dags/example_local_kubernetes_executor.py
[2025-04-13T17:47:11.019+0000] {logging_mixin.py:188} INFO - [2025-04-13T17:47:11.019+0000] {dag.py:3036} INFO - Sync 1 DAGs
[2025-04-13T17:47:11.045+0000] {logging_mixin.py:188} INFO - [2025-04-13T17:47:11.044+0000] {dag.py:3823} INFO - Setting next_dagrun for example_local_kubernetes_executor to None, run_after=None
[2025-04-13T17:47:11.110+0000] {processor.py:183} INFO - Processing /home/airflow/.local/lib/python3.8/site-packages/airflow/example_dags/example_local_kubernetes_executor.py took 0.180 seconds
[2025-04-13T17:47:43.751+0000] {processor.py:161} INFO - Started process (PID=6544) to work on /home/airflow/.local/lib/python3.8/site-packages/airflow/example_dags/example_local_kubernetes_executor.py
[2025-04-13T17:47:43.754+0000] {processor.py:830} INFO - Processing file /home/airflow/.local/lib/python3.8/site-packages/airflow/example_dags/example_local_kubernetes_executor.py for tasks to queue
[2025-04-13T17:47:43.758+0000] {logging_mixin.py:188} INFO - [2025-04-13T17:47:43.757+0000] {dagbag.py:538} INFO - Filling up the DagBag from /home/airflow/.local/lib/python3.8/site-packages/airflow/example_dags/example_local_kubernetes_executor.py
[2025-04-13T17:47:43.770+0000] {processor.py:840} INFO - DAG(s) 'example_local_kubernetes_executor' retrieved from /home/airflow/.local/lib/python3.8/site-packages/airflow/example_dags/example_local_kubernetes_executor.py
[2025-04-13T17:47:43.819+0000] {logging_mixin.py:188} INFO - [2025-04-13T17:47:43.819+0000] {dag.py:3036} INFO - Sync 1 DAGs
[2025-04-13T17:47:43.834+0000] {logging_mixin.py:188} INFO - [2025-04-13T17:47:43.834+0000] {dag.py:3823} INFO - Setting next_dagrun for example_local_kubernetes_executor to None, run_after=None
[2025-04-13T17:47:43.862+0000] {processor.py:183} INFO - Processing /home/airflow/.local/lib/python3.8/site-packages/airflow/example_dags/example_local_kubernetes_executor.py took 0.117 seconds
[2025-04-13T17:48:15.991+0000] {processor.py:161} INFO - Started process (PID=6600) to work on /home/airflow/.local/lib/python3.8/site-packages/airflow/example_dags/example_local_kubernetes_executor.py
[2025-04-13T17:48:15.993+0000] {processor.py:830} INFO - Processing file /home/airflow/.local/lib/python3.8/site-packages/airflow/example_dags/example_local_kubernetes_executor.py for tasks to queue
[2025-04-13T17:48:15.997+0000] {logging_mixin.py:188} INFO - [2025-04-13T17:48:15.996+0000] {dagbag.py:538} INFO - Filling up the DagBag from /home/airflow/.local/lib/python3.8/site-packages/airflow/example_dags/example_local_kubernetes_executor.py
[2025-04-13T17:48:16.010+0000] {processor.py:840} INFO - DAG(s) 'example_local_kubernetes_executor' retrieved from /home/airflow/.local/lib/python3.8/site-packages/airflow/example_dags/example_local_kubernetes_executor.py
[2025-04-13T17:48:16.056+0000] {logging_mixin.py:188} INFO - [2025-04-13T17:48:16.055+0000] {dag.py:3036} INFO - Sync 1 DAGs
[2025-04-13T17:48:16.071+0000] {logging_mixin.py:188} INFO - [2025-04-13T17:48:16.071+0000] {dag.py:3823} INFO - Setting next_dagrun for example_local_kubernetes_executor to None, run_after=None
[2025-04-13T17:48:16.125+0000] {processor.py:183} INFO - Processing /home/airflow/.local/lib/python3.8/site-packages/airflow/example_dags/example_local_kubernetes_executor.py took 0.139 seconds
[2025-04-13T17:48:48.432+0000] {processor.py:161} INFO - Started process (PID=6656) to work on /home/airflow/.local/lib/python3.8/site-packages/airflow/example_dags/example_local_kubernetes_executor.py
[2025-04-13T17:48:48.434+0000] {processor.py:830} INFO - Processing file /home/airflow/.local/lib/python3.8/site-packages/airflow/example_dags/example_local_kubernetes_executor.py for tasks to queue
[2025-04-13T17:48:48.437+0000] {logging_mixin.py:188} INFO - [2025-04-13T17:48:48.436+0000] {dagbag.py:538} INFO - Filling up the DagBag from /home/airflow/.local/lib/python3.8/site-packages/airflow/example_dags/example_local_kubernetes_executor.py
[2025-04-13T17:48:48.450+0000] {processor.py:840} INFO - DAG(s) 'example_local_kubernetes_executor' retrieved from /home/airflow/.local/lib/python3.8/site-packages/airflow/example_dags/example_local_kubernetes_executor.py
[2025-04-13T17:48:48.506+0000] {logging_mixin.py:188} INFO - [2025-04-13T17:48:48.505+0000] {dag.py:3036} INFO - Sync 1 DAGs
[2025-04-13T17:48:48.526+0000] {logging_mixin.py:188} INFO - [2025-04-13T17:48:48.526+0000] {dag.py:3823} INFO - Setting next_dagrun for example_local_kubernetes_executor to None, run_after=None
[2025-04-13T17:48:48.555+0000] {processor.py:183} INFO - Processing /home/airflow/.local/lib/python3.8/site-packages/airflow/example_dags/example_local_kubernetes_executor.py took 0.127 seconds
[2025-04-13T17:49:20.739+0000] {processor.py:161} INFO - Started process (PID=6712) to work on /home/airflow/.local/lib/python3.8/site-packages/airflow/example_dags/example_local_kubernetes_executor.py
[2025-04-13T17:49:20.747+0000] {processor.py:830} INFO - Processing file /home/airflow/.local/lib/python3.8/site-packages/airflow/example_dags/example_local_kubernetes_executor.py for tasks to queue
[2025-04-13T17:49:20.752+0000] {logging_mixin.py:188} INFO - [2025-04-13T17:49:20.752+0000] {dagbag.py:538} INFO - Filling up the DagBag from /home/airflow/.local/lib/python3.8/site-packages/airflow/example_dags/example_local_kubernetes_executor.py
[2025-04-13T17:49:20.765+0000] {processor.py:840} INFO - DAG(s) 'example_local_kubernetes_executor' retrieved from /home/airflow/.local/lib/python3.8/site-packages/airflow/example_dags/example_local_kubernetes_executor.py
[2025-04-13T17:49:20.814+0000] {logging_mixin.py:188} INFO - [2025-04-13T17:49:20.814+0000] {dag.py:3036} INFO - Sync 1 DAGs
[2025-04-13T17:49:20.832+0000] {logging_mixin.py:188} INFO - [2025-04-13T17:49:20.831+0000] {dag.py:3823} INFO - Setting next_dagrun for example_local_kubernetes_executor to None, run_after=None
[2025-04-13T17:49:20.869+0000] {processor.py:183} INFO - Processing /home/airflow/.local/lib/python3.8/site-packages/airflow/example_dags/example_local_kubernetes_executor.py took 0.137 seconds
[2025-04-13T17:49:53.929+0000] {processor.py:161} INFO - Started process (PID=6768) to work on /home/airflow/.local/lib/python3.8/site-packages/airflow/example_dags/example_local_kubernetes_executor.py
[2025-04-13T17:49:53.931+0000] {processor.py:830} INFO - Processing file /home/airflow/.local/lib/python3.8/site-packages/airflow/example_dags/example_local_kubernetes_executor.py for tasks to queue
[2025-04-13T17:49:53.937+0000] {logging_mixin.py:188} INFO - [2025-04-13T17:49:53.936+0000] {dagbag.py:538} INFO - Filling up the DagBag from /home/airflow/.local/lib/python3.8/site-packages/airflow/example_dags/example_local_kubernetes_executor.py
[2025-04-13T17:49:53.956+0000] {processor.py:840} INFO - DAG(s) 'example_local_kubernetes_executor' retrieved from /home/airflow/.local/lib/python3.8/site-packages/airflow/example_dags/example_local_kubernetes_executor.py
[2025-04-13T17:49:54.010+0000] {logging_mixin.py:188} INFO - [2025-04-13T17:49:54.010+0000] {dag.py:3036} INFO - Sync 1 DAGs
[2025-04-13T17:49:54.026+0000] {logging_mixin.py:188} INFO - [2025-04-13T17:49:54.026+0000] {dag.py:3823} INFO - Setting next_dagrun for example_local_kubernetes_executor to None, run_after=None
[2025-04-13T17:49:54.105+0000] {processor.py:183} INFO - Processing /home/airflow/.local/lib/python3.8/site-packages/airflow/example_dags/example_local_kubernetes_executor.py took 0.186 seconds
[2025-04-13T17:50:26.203+0000] {processor.py:161} INFO - Started process (PID=6824) to work on /home/airflow/.local/lib/python3.8/site-packages/airflow/example_dags/example_local_kubernetes_executor.py
[2025-04-13T17:50:26.207+0000] {processor.py:830} INFO - Processing file /home/airflow/.local/lib/python3.8/site-packages/airflow/example_dags/example_local_kubernetes_executor.py for tasks to queue
[2025-04-13T17:50:26.211+0000] {logging_mixin.py:188} INFO - [2025-04-13T17:50:26.211+0000] {dagbag.py:538} INFO - Filling up the DagBag from /home/airflow/.local/lib/python3.8/site-packages/airflow/example_dags/example_local_kubernetes_executor.py
[2025-04-13T17:50:26.224+0000] {processor.py:840} INFO - DAG(s) 'example_local_kubernetes_executor' retrieved from /home/airflow/.local/lib/python3.8/site-packages/airflow/example_dags/example_local_kubernetes_executor.py
[2025-04-13T17:50:26.273+0000] {logging_mixin.py:188} INFO - [2025-04-13T17:50:26.273+0000] {dag.py:3036} INFO - Sync 1 DAGs
[2025-04-13T17:50:26.303+0000] {logging_mixin.py:188} INFO - [2025-04-13T17:50:26.302+0000] {dag.py:3823} INFO - Setting next_dagrun for example_local_kubernetes_executor to None, run_after=None
[2025-04-13T17:50:26.334+0000] {processor.py:183} INFO - Processing /home/airflow/.local/lib/python3.8/site-packages/airflow/example_dags/example_local_kubernetes_executor.py took 0.138 seconds
[2025-04-13T17:50:59.916+0000] {processor.py:161} INFO - Started process (PID=6881) to work on /home/airflow/.local/lib/python3.8/site-packages/airflow/example_dags/example_local_kubernetes_executor.py
[2025-04-13T17:50:59.922+0000] {processor.py:830} INFO - Processing file /home/airflow/.local/lib/python3.8/site-packages/airflow/example_dags/example_local_kubernetes_executor.py for tasks to queue
[2025-04-13T17:50:59.929+0000] {logging_mixin.py:188} INFO - [2025-04-13T17:50:59.927+0000] {dagbag.py:538} INFO - Filling up the DagBag from /home/airflow/.local/lib/python3.8/site-packages/airflow/example_dags/example_local_kubernetes_executor.py
[2025-04-13T17:50:59.955+0000] {processor.py:840} INFO - DAG(s) 'example_local_kubernetes_executor' retrieved from /home/airflow/.local/lib/python3.8/site-packages/airflow/example_dags/example_local_kubernetes_executor.py
[2025-04-13T17:51:00.077+0000] {logging_mixin.py:188} INFO - [2025-04-13T17:51:00.077+0000] {dag.py:3036} INFO - Sync 1 DAGs
[2025-04-13T17:51:00.166+0000] {logging_mixin.py:188} INFO - [2025-04-13T17:51:00.164+0000] {dag.py:3823} INFO - Setting next_dagrun for example_local_kubernetes_executor to None, run_after=None
[2025-04-13T17:51:00.284+0000] {processor.py:183} INFO - Processing /home/airflow/.local/lib/python3.8/site-packages/airflow/example_dags/example_local_kubernetes_executor.py took 0.380 seconds
[2025-04-13T17:51:31.572+0000] {processor.py:161} INFO - Started process (PID=6937) to work on /home/airflow/.local/lib/python3.8/site-packages/airflow/example_dags/example_local_kubernetes_executor.py
[2025-04-13T17:51:31.577+0000] {processor.py:830} INFO - Processing file /home/airflow/.local/lib/python3.8/site-packages/airflow/example_dags/example_local_kubernetes_executor.py for tasks to queue
[2025-04-13T17:51:31.580+0000] {logging_mixin.py:188} INFO - [2025-04-13T17:51:31.580+0000] {dagbag.py:538} INFO - Filling up the DagBag from /home/airflow/.local/lib/python3.8/site-packages/airflow/example_dags/example_local_kubernetes_executor.py
[2025-04-13T17:51:31.594+0000] {processor.py:840} INFO - DAG(s) 'example_local_kubernetes_executor' retrieved from /home/airflow/.local/lib/python3.8/site-packages/airflow/example_dags/example_local_kubernetes_executor.py
[2025-04-13T17:51:31.644+0000] {logging_mixin.py:188} INFO - [2025-04-13T17:51:31.644+0000] {dag.py:3036} INFO - Sync 1 DAGs
[2025-04-13T17:51:31.660+0000] {logging_mixin.py:188} INFO - [2025-04-13T17:51:31.660+0000] {dag.py:3823} INFO - Setting next_dagrun for example_local_kubernetes_executor to None, run_after=None
[2025-04-13T17:51:31.691+0000] {processor.py:183} INFO - Processing /home/airflow/.local/lib/python3.8/site-packages/airflow/example_dags/example_local_kubernetes_executor.py took 0.123 seconds
[2025-04-13T17:52:03.893+0000] {processor.py:161} INFO - Started process (PID=6992) to work on /home/airflow/.local/lib/python3.8/site-packages/airflow/example_dags/example_local_kubernetes_executor.py
[2025-04-13T17:52:03.895+0000] {processor.py:830} INFO - Processing file /home/airflow/.local/lib/python3.8/site-packages/airflow/example_dags/example_local_kubernetes_executor.py for tasks to queue
[2025-04-13T17:52:03.900+0000] {logging_mixin.py:188} INFO - [2025-04-13T17:52:03.899+0000] {dagbag.py:538} INFO - Filling up the DagBag from /home/airflow/.local/lib/python3.8/site-packages/airflow/example_dags/example_local_kubernetes_executor.py
[2025-04-13T17:52:03.915+0000] {processor.py:840} INFO - DAG(s) 'example_local_kubernetes_executor' retrieved from /home/airflow/.local/lib/python3.8/site-packages/airflow/example_dags/example_local_kubernetes_executor.py
[2025-04-13T17:52:03.967+0000] {logging_mixin.py:188} INFO - [2025-04-13T17:52:03.967+0000] {dag.py:3036} INFO - Sync 1 DAGs
[2025-04-13T17:52:03.993+0000] {logging_mixin.py:188} INFO - [2025-04-13T17:52:03.993+0000] {dag.py:3823} INFO - Setting next_dagrun for example_local_kubernetes_executor to None, run_after=None
[2025-04-13T17:52:04.025+0000] {processor.py:183} INFO - Processing /home/airflow/.local/lib/python3.8/site-packages/airflow/example_dags/example_local_kubernetes_executor.py took 0.138 seconds
[2025-04-13T17:52:36.771+0000] {processor.py:161} INFO - Started process (PID=7050) to work on /home/airflow/.local/lib/python3.8/site-packages/airflow/example_dags/example_local_kubernetes_executor.py
[2025-04-13T17:52:36.773+0000] {processor.py:830} INFO - Processing file /home/airflow/.local/lib/python3.8/site-packages/airflow/example_dags/example_local_kubernetes_executor.py for tasks to queue
[2025-04-13T17:52:36.776+0000] {logging_mixin.py:188} INFO - [2025-04-13T17:52:36.776+0000] {dagbag.py:538} INFO - Filling up the DagBag from /home/airflow/.local/lib/python3.8/site-packages/airflow/example_dags/example_local_kubernetes_executor.py
[2025-04-13T17:52:36.798+0000] {processor.py:840} INFO - DAG(s) 'example_local_kubernetes_executor' retrieved from /home/airflow/.local/lib/python3.8/site-packages/airflow/example_dags/example_local_kubernetes_executor.py
[2025-04-13T17:52:36.856+0000] {logging_mixin.py:188} INFO - [2025-04-13T17:52:36.856+0000] {dag.py:3036} INFO - Sync 1 DAGs
[2025-04-13T17:52:36.878+0000] {logging_mixin.py:188} INFO - [2025-04-13T17:52:36.878+0000] {dag.py:3823} INFO - Setting next_dagrun for example_local_kubernetes_executor to None, run_after=None
[2025-04-13T17:52:36.906+0000] {processor.py:183} INFO - Processing /home/airflow/.local/lib/python3.8/site-packages/airflow/example_dags/example_local_kubernetes_executor.py took 0.141 seconds
[2025-04-13T17:53:08.752+0000] {processor.py:161} INFO - Started process (PID=7106) to work on /home/airflow/.local/lib/python3.8/site-packages/airflow/example_dags/example_local_kubernetes_executor.py
[2025-04-13T17:53:08.753+0000] {processor.py:830} INFO - Processing file /home/airflow/.local/lib/python3.8/site-packages/airflow/example_dags/example_local_kubernetes_executor.py for tasks to queue
[2025-04-13T17:53:08.756+0000] {logging_mixin.py:188} INFO - [2025-04-13T17:53:08.756+0000] {dagbag.py:538} INFO - Filling up the DagBag from /home/airflow/.local/lib/python3.8/site-packages/airflow/example_dags/example_local_kubernetes_executor.py
[2025-04-13T17:53:08.770+0000] {processor.py:840} INFO - DAG(s) 'example_local_kubernetes_executor' retrieved from /home/airflow/.local/lib/python3.8/site-packages/airflow/example_dags/example_local_kubernetes_executor.py
[2025-04-13T17:53:08.821+0000] {logging_mixin.py:188} INFO - [2025-04-13T17:53:08.821+0000] {dag.py:3036} INFO - Sync 1 DAGs
[2025-04-13T17:53:08.841+0000] {logging_mixin.py:188} INFO - [2025-04-13T17:53:08.841+0000] {dag.py:3823} INFO - Setting next_dagrun for example_local_kubernetes_executor to None, run_after=None
[2025-04-13T17:53:08.890+0000] {processor.py:183} INFO - Processing /home/airflow/.local/lib/python3.8/site-packages/airflow/example_dags/example_local_kubernetes_executor.py took 0.144 seconds
[2025-04-13T17:53:42.927+0000] {processor.py:161} INFO - Started process (PID=7170) to work on /home/airflow/.local/lib/python3.8/site-packages/airflow/example_dags/example_local_kubernetes_executor.py
[2025-04-13T17:53:42.929+0000] {processor.py:830} INFO - Processing file /home/airflow/.local/lib/python3.8/site-packages/airflow/example_dags/example_local_kubernetes_executor.py for tasks to queue
[2025-04-13T17:53:42.932+0000] {logging_mixin.py:188} INFO - [2025-04-13T17:53:42.931+0000] {dagbag.py:538} INFO - Filling up the DagBag from /home/airflow/.local/lib/python3.8/site-packages/airflow/example_dags/example_local_kubernetes_executor.py
[2025-04-13T17:53:42.944+0000] {processor.py:840} INFO - DAG(s) 'example_local_kubernetes_executor' retrieved from /home/airflow/.local/lib/python3.8/site-packages/airflow/example_dags/example_local_kubernetes_executor.py
[2025-04-13T17:53:42.991+0000] {logging_mixin.py:188} INFO - [2025-04-13T17:53:42.991+0000] {dag.py:3036} INFO - Sync 1 DAGs
[2025-04-13T17:53:43.013+0000] {logging_mixin.py:188} INFO - [2025-04-13T17:53:43.013+0000] {dag.py:3823} INFO - Setting next_dagrun for example_local_kubernetes_executor to None, run_after=None
[2025-04-13T17:53:43.060+0000] {processor.py:183} INFO - Processing /home/airflow/.local/lib/python3.8/site-packages/airflow/example_dags/example_local_kubernetes_executor.py took 0.137 seconds
[2025-04-13T17:54:15.006+0000] {processor.py:161} INFO - Started process (PID=7226) to work on /home/airflow/.local/lib/python3.8/site-packages/airflow/example_dags/example_local_kubernetes_executor.py
[2025-04-13T17:54:15.008+0000] {processor.py:830} INFO - Processing file /home/airflow/.local/lib/python3.8/site-packages/airflow/example_dags/example_local_kubernetes_executor.py for tasks to queue
[2025-04-13T17:54:15.011+0000] {logging_mixin.py:188} INFO - [2025-04-13T17:54:15.011+0000] {dagbag.py:538} INFO - Filling up the DagBag from /home/airflow/.local/lib/python3.8/site-packages/airflow/example_dags/example_local_kubernetes_executor.py
[2025-04-13T17:54:15.025+0000] {processor.py:840} INFO - DAG(s) 'example_local_kubernetes_executor' retrieved from /home/airflow/.local/lib/python3.8/site-packages/airflow/example_dags/example_local_kubernetes_executor.py
[2025-04-13T17:54:15.073+0000] {logging_mixin.py:188} INFO - [2025-04-13T17:54:15.073+0000] {dag.py:3036} INFO - Sync 1 DAGs
[2025-04-13T17:54:15.090+0000] {logging_mixin.py:188} INFO - [2025-04-13T17:54:15.090+0000] {dag.py:3823} INFO - Setting next_dagrun for example_local_kubernetes_executor to None, run_after=None
[2025-04-13T17:54:15.185+0000] {processor.py:183} INFO - Processing /home/airflow/.local/lib/python3.8/site-packages/airflow/example_dags/example_local_kubernetes_executor.py took 0.183 seconds
[2025-04-13T17:54:47.515+0000] {processor.py:161} INFO - Started process (PID=7282) to work on /home/airflow/.local/lib/python3.8/site-packages/airflow/example_dags/example_local_kubernetes_executor.py
[2025-04-13T17:54:47.518+0000] {processor.py:830} INFO - Processing file /home/airflow/.local/lib/python3.8/site-packages/airflow/example_dags/example_local_kubernetes_executor.py for tasks to queue
[2025-04-13T17:54:47.522+0000] {logging_mixin.py:188} INFO - [2025-04-13T17:54:47.521+0000] {dagbag.py:538} INFO - Filling up the DagBag from /home/airflow/.local/lib/python3.8/site-packages/airflow/example_dags/example_local_kubernetes_executor.py
[2025-04-13T17:54:47.539+0000] {processor.py:840} INFO - DAG(s) 'example_local_kubernetes_executor' retrieved from /home/airflow/.local/lib/python3.8/site-packages/airflow/example_dags/example_local_kubernetes_executor.py
[2025-04-13T17:54:47.599+0000] {logging_mixin.py:188} INFO - [2025-04-13T17:54:47.599+0000] {dag.py:3036} INFO - Sync 1 DAGs
[2025-04-13T17:54:47.624+0000] {logging_mixin.py:188} INFO - [2025-04-13T17:54:47.624+0000] {dag.py:3823} INFO - Setting next_dagrun for example_local_kubernetes_executor to None, run_after=None
[2025-04-13T17:54:47.683+0000] {processor.py:183} INFO - Processing /home/airflow/.local/lib/python3.8/site-packages/airflow/example_dags/example_local_kubernetes_executor.py took 0.175 seconds
[2025-04-13T17:55:20.514+0000] {processor.py:161} INFO - Started process (PID=7337) to work on /home/airflow/.local/lib/python3.8/site-packages/airflow/example_dags/example_local_kubernetes_executor.py
[2025-04-13T17:55:20.515+0000] {processor.py:830} INFO - Processing file /home/airflow/.local/lib/python3.8/site-packages/airflow/example_dags/example_local_kubernetes_executor.py for tasks to queue
[2025-04-13T17:55:20.518+0000] {logging_mixin.py:188} INFO - [2025-04-13T17:55:20.517+0000] {dagbag.py:538} INFO - Filling up the DagBag from /home/airflow/.local/lib/python3.8/site-packages/airflow/example_dags/example_local_kubernetes_executor.py
[2025-04-13T17:55:20.529+0000] {processor.py:840} INFO - DAG(s) 'example_local_kubernetes_executor' retrieved from /home/airflow/.local/lib/python3.8/site-packages/airflow/example_dags/example_local_kubernetes_executor.py
[2025-04-13T17:55:20.594+0000] {logging_mixin.py:188} INFO - [2025-04-13T17:55:20.594+0000] {dag.py:3036} INFO - Sync 1 DAGs
[2025-04-13T17:55:20.618+0000] {logging_mixin.py:188} INFO - [2025-04-13T17:55:20.617+0000] {dag.py:3823} INFO - Setting next_dagrun for example_local_kubernetes_executor to None, run_after=None
[2025-04-13T17:55:20.658+0000] {processor.py:183} INFO - Processing /home/airflow/.local/lib/python3.8/site-packages/airflow/example_dags/example_local_kubernetes_executor.py took 0.148 seconds
[2025-04-13T17:55:53.949+0000] {processor.py:161} INFO - Started process (PID=7400) to work on /home/airflow/.local/lib/python3.8/site-packages/airflow/example_dags/example_local_kubernetes_executor.py
[2025-04-13T17:55:53.950+0000] {processor.py:830} INFO - Processing file /home/airflow/.local/lib/python3.8/site-packages/airflow/example_dags/example_local_kubernetes_executor.py for tasks to queue
[2025-04-13T17:55:53.954+0000] {logging_mixin.py:188} INFO - [2025-04-13T17:55:53.953+0000] {dagbag.py:538} INFO - Filling up the DagBag from /home/airflow/.local/lib/python3.8/site-packages/airflow/example_dags/example_local_kubernetes_executor.py
[2025-04-13T17:55:53.969+0000] {processor.py:840} INFO - DAG(s) 'example_local_kubernetes_executor' retrieved from /home/airflow/.local/lib/python3.8/site-packages/airflow/example_dags/example_local_kubernetes_executor.py
[2025-04-13T17:55:54.060+0000] {logging_mixin.py:188} INFO - [2025-04-13T17:55:54.059+0000] {dag.py:3036} INFO - Sync 1 DAGs
[2025-04-13T17:55:54.087+0000] {logging_mixin.py:188} INFO - [2025-04-13T17:55:54.087+0000] {dag.py:3823} INFO - Setting next_dagrun for example_local_kubernetes_executor to None, run_after=None
[2025-04-13T17:55:54.130+0000] {processor.py:183} INFO - Processing /home/airflow/.local/lib/python3.8/site-packages/airflow/example_dags/example_local_kubernetes_executor.py took 0.188 seconds
[2025-04-13T17:56:25.821+0000] {processor.py:161} INFO - Started process (PID=7456) to work on /home/airflow/.local/lib/python3.8/site-packages/airflow/example_dags/example_local_kubernetes_executor.py
[2025-04-13T17:56:25.823+0000] {processor.py:830} INFO - Processing file /home/airflow/.local/lib/python3.8/site-packages/airflow/example_dags/example_local_kubernetes_executor.py for tasks to queue
[2025-04-13T17:56:25.826+0000] {logging_mixin.py:188} INFO - [2025-04-13T17:56:25.826+0000] {dagbag.py:538} INFO - Filling up the DagBag from /home/airflow/.local/lib/python3.8/site-packages/airflow/example_dags/example_local_kubernetes_executor.py
[2025-04-13T17:56:25.836+0000] {processor.py:840} INFO - DAG(s) 'example_local_kubernetes_executor' retrieved from /home/airflow/.local/lib/python3.8/site-packages/airflow/example_dags/example_local_kubernetes_executor.py
[2025-04-13T17:56:25.916+0000] {logging_mixin.py:188} INFO - [2025-04-13T17:56:25.916+0000] {dag.py:3036} INFO - Sync 1 DAGs
[2025-04-13T17:56:25.934+0000] {logging_mixin.py:188} INFO - [2025-04-13T17:56:25.933+0000] {dag.py:3823} INFO - Setting next_dagrun for example_local_kubernetes_executor to None, run_after=None
[2025-04-13T17:56:26.003+0000] {processor.py:183} INFO - Processing /home/airflow/.local/lib/python3.8/site-packages/airflow/example_dags/example_local_kubernetes_executor.py took 0.186 seconds
[2025-04-13T17:56:59.314+0000] {processor.py:161} INFO - Started process (PID=7512) to work on /home/airflow/.local/lib/python3.8/site-packages/airflow/example_dags/example_local_kubernetes_executor.py
[2025-04-13T17:56:59.316+0000] {processor.py:830} INFO - Processing file /home/airflow/.local/lib/python3.8/site-packages/airflow/example_dags/example_local_kubernetes_executor.py for tasks to queue
[2025-04-13T17:56:59.320+0000] {logging_mixin.py:188} INFO - [2025-04-13T17:56:59.319+0000] {dagbag.py:538} INFO - Filling up the DagBag from /home/airflow/.local/lib/python3.8/site-packages/airflow/example_dags/example_local_kubernetes_executor.py
[2025-04-13T17:56:59.334+0000] {processor.py:840} INFO - DAG(s) 'example_local_kubernetes_executor' retrieved from /home/airflow/.local/lib/python3.8/site-packages/airflow/example_dags/example_local_kubernetes_executor.py
[2025-04-13T17:56:59.396+0000] {logging_mixin.py:188} INFO - [2025-04-13T17:56:59.395+0000] {dag.py:3036} INFO - Sync 1 DAGs
[2025-04-13T17:56:59.421+0000] {logging_mixin.py:188} INFO - [2025-04-13T17:56:59.421+0000] {dag.py:3823} INFO - Setting next_dagrun for example_local_kubernetes_executor to None, run_after=None
[2025-04-13T17:56:59.491+0000] {processor.py:183} INFO - Processing /home/airflow/.local/lib/python3.8/site-packages/airflow/example_dags/example_local_kubernetes_executor.py took 0.182 seconds
[2025-04-13T17:57:31.539+0000] {processor.py:161} INFO - Started process (PID=7568) to work on /home/airflow/.local/lib/python3.8/site-packages/airflow/example_dags/example_local_kubernetes_executor.py
[2025-04-13T17:57:31.541+0000] {processor.py:830} INFO - Processing file /home/airflow/.local/lib/python3.8/site-packages/airflow/example_dags/example_local_kubernetes_executor.py for tasks to queue
[2025-04-13T17:57:31.545+0000] {logging_mixin.py:188} INFO - [2025-04-13T17:57:31.544+0000] {dagbag.py:538} INFO - Filling up the DagBag from /home/airflow/.local/lib/python3.8/site-packages/airflow/example_dags/example_local_kubernetes_executor.py
[2025-04-13T17:57:31.559+0000] {processor.py:840} INFO - DAG(s) 'example_local_kubernetes_executor' retrieved from /home/airflow/.local/lib/python3.8/site-packages/airflow/example_dags/example_local_kubernetes_executor.py
[2025-04-13T17:57:31.608+0000] {logging_mixin.py:188} INFO - [2025-04-13T17:57:31.608+0000] {dag.py:3036} INFO - Sync 1 DAGs
[2025-04-13T17:57:31.627+0000] {logging_mixin.py:188} INFO - [2025-04-13T17:57:31.627+0000] {dag.py:3823} INFO - Setting next_dagrun for example_local_kubernetes_executor to None, run_after=None
[2025-04-13T17:57:31.712+0000] {processor.py:183} INFO - Processing /home/airflow/.local/lib/python3.8/site-packages/airflow/example_dags/example_local_kubernetes_executor.py took 0.180 seconds
[2025-04-13T17:58:02.307+0000] {processor.py:161} INFO - Started process (PID=7624) to work on /home/airflow/.local/lib/python3.8/site-packages/airflow/example_dags/example_local_kubernetes_executor.py
[2025-04-13T17:58:02.309+0000] {processor.py:830} INFO - Processing file /home/airflow/.local/lib/python3.8/site-packages/airflow/example_dags/example_local_kubernetes_executor.py for tasks to queue
[2025-04-13T17:58:02.312+0000] {logging_mixin.py:188} INFO - [2025-04-13T17:58:02.312+0000] {dagbag.py:538} INFO - Filling up the DagBag from /home/airflow/.local/lib/python3.8/site-packages/airflow/example_dags/example_local_kubernetes_executor.py
[2025-04-13T17:58:02.330+0000] {processor.py:840} INFO - DAG(s) 'example_local_kubernetes_executor' retrieved from /home/airflow/.local/lib/python3.8/site-packages/airflow/example_dags/example_local_kubernetes_executor.py
[2025-04-13T17:58:02.382+0000] {logging_mixin.py:188} INFO - [2025-04-13T17:58:02.381+0000] {dag.py:3036} INFO - Sync 1 DAGs
[2025-04-13T17:58:02.397+0000] {logging_mixin.py:188} INFO - [2025-04-13T17:58:02.397+0000] {dag.py:3823} INFO - Setting next_dagrun for example_local_kubernetes_executor to None, run_after=None
[2025-04-13T17:58:02.431+0000] {processor.py:183} INFO - Processing /home/airflow/.local/lib/python3.8/site-packages/airflow/example_dags/example_local_kubernetes_executor.py took 0.128 seconds
[2025-04-13T17:58:33.395+0000] {processor.py:161} INFO - Started process (PID=7680) to work on /home/airflow/.local/lib/python3.8/site-packages/airflow/example_dags/example_local_kubernetes_executor.py
[2025-04-13T17:58:33.397+0000] {processor.py:830} INFO - Processing file /home/airflow/.local/lib/python3.8/site-packages/airflow/example_dags/example_local_kubernetes_executor.py for tasks to queue
[2025-04-13T17:58:33.400+0000] {logging_mixin.py:188} INFO - [2025-04-13T17:58:33.400+0000] {dagbag.py:538} INFO - Filling up the DagBag from /home/airflow/.local/lib/python3.8/site-packages/airflow/example_dags/example_local_kubernetes_executor.py
[2025-04-13T17:58:33.413+0000] {processor.py:840} INFO - DAG(s) 'example_local_kubernetes_executor' retrieved from /home/airflow/.local/lib/python3.8/site-packages/airflow/example_dags/example_local_kubernetes_executor.py
[2025-04-13T17:58:33.480+0000] {logging_mixin.py:188} INFO - [2025-04-13T17:58:33.479+0000] {dag.py:3036} INFO - Sync 1 DAGs
[2025-04-13T17:58:33.498+0000] {logging_mixin.py:188} INFO - [2025-04-13T17:58:33.497+0000] {dag.py:3823} INFO - Setting next_dagrun for example_local_kubernetes_executor to None, run_after=None
[2025-04-13T17:58:33.526+0000] {processor.py:183} INFO - Processing /home/airflow/.local/lib/python3.8/site-packages/airflow/example_dags/example_local_kubernetes_executor.py took 0.136 seconds
[2025-04-13T17:59:06.038+0000] {processor.py:161} INFO - Started process (PID=7735) to work on /home/airflow/.local/lib/python3.8/site-packages/airflow/example_dags/example_local_kubernetes_executor.py
[2025-04-13T17:59:06.042+0000] {processor.py:830} INFO - Processing file /home/airflow/.local/lib/python3.8/site-packages/airflow/example_dags/example_local_kubernetes_executor.py for tasks to queue
[2025-04-13T17:59:06.047+0000] {logging_mixin.py:188} INFO - [2025-04-13T17:59:06.046+0000] {dagbag.py:538} INFO - Filling up the DagBag from /home/airflow/.local/lib/python3.8/site-packages/airflow/example_dags/example_local_kubernetes_executor.py
[2025-04-13T17:59:06.066+0000] {processor.py:840} INFO - DAG(s) 'example_local_kubernetes_executor' retrieved from /home/airflow/.local/lib/python3.8/site-packages/airflow/example_dags/example_local_kubernetes_executor.py
[2025-04-13T17:59:06.126+0000] {logging_mixin.py:188} INFO - [2025-04-13T17:59:06.125+0000] {dag.py:3036} INFO - Sync 1 DAGs
[2025-04-13T17:59:06.145+0000] {logging_mixin.py:188} INFO - [2025-04-13T17:59:06.145+0000] {dag.py:3823} INFO - Setting next_dagrun for example_local_kubernetes_executor to None, run_after=None
[2025-04-13T17:59:06.177+0000] {processor.py:183} INFO - Processing /home/airflow/.local/lib/python3.8/site-packages/airflow/example_dags/example_local_kubernetes_executor.py took 0.149 seconds
[2025-04-13T17:59:37.376+0000] {processor.py:161} INFO - Started process (PID=7791) to work on /home/airflow/.local/lib/python3.8/site-packages/airflow/example_dags/example_local_kubernetes_executor.py
[2025-04-13T17:59:37.377+0000] {processor.py:830} INFO - Processing file /home/airflow/.local/lib/python3.8/site-packages/airflow/example_dags/example_local_kubernetes_executor.py for tasks to queue
[2025-04-13T17:59:37.380+0000] {logging_mixin.py:188} INFO - [2025-04-13T17:59:37.379+0000] {dagbag.py:538} INFO - Filling up the DagBag from /home/airflow/.local/lib/python3.8/site-packages/airflow/example_dags/example_local_kubernetes_executor.py
[2025-04-13T17:59:37.393+0000] {processor.py:840} INFO - DAG(s) 'example_local_kubernetes_executor' retrieved from /home/airflow/.local/lib/python3.8/site-packages/airflow/example_dags/example_local_kubernetes_executor.py
[2025-04-13T17:59:37.441+0000] {logging_mixin.py:188} INFO - [2025-04-13T17:59:37.441+0000] {dag.py:3036} INFO - Sync 1 DAGs
[2025-04-13T17:59:37.457+0000] {logging_mixin.py:188} INFO - [2025-04-13T17:59:37.457+0000] {dag.py:3823} INFO - Setting next_dagrun for example_local_kubernetes_executor to None, run_after=None
[2025-04-13T17:59:37.489+0000] {processor.py:183} INFO - Processing /home/airflow/.local/lib/python3.8/site-packages/airflow/example_dags/example_local_kubernetes_executor.py took 0.119 seconds
[2025-04-13T18:00:08.846+0000] {processor.py:161} INFO - Started process (PID=7848) to work on /home/airflow/.local/lib/python3.8/site-packages/airflow/example_dags/example_local_kubernetes_executor.py
[2025-04-13T18:00:08.847+0000] {processor.py:830} INFO - Processing file /home/airflow/.local/lib/python3.8/site-packages/airflow/example_dags/example_local_kubernetes_executor.py for tasks to queue
[2025-04-13T18:00:08.850+0000] {logging_mixin.py:188} INFO - [2025-04-13T18:00:08.849+0000] {dagbag.py:538} INFO - Filling up the DagBag from /home/airflow/.local/lib/python3.8/site-packages/airflow/example_dags/example_local_kubernetes_executor.py
[2025-04-13T18:00:08.860+0000] {processor.py:840} INFO - DAG(s) 'example_local_kubernetes_executor' retrieved from /home/airflow/.local/lib/python3.8/site-packages/airflow/example_dags/example_local_kubernetes_executor.py
[2025-04-13T18:00:08.912+0000] {logging_mixin.py:188} INFO - [2025-04-13T18:00:08.911+0000] {dag.py:3036} INFO - Sync 1 DAGs
[2025-04-13T18:00:08.930+0000] {logging_mixin.py:188} INFO - [2025-04-13T18:00:08.930+0000] {dag.py:3823} INFO - Setting next_dagrun for example_local_kubernetes_executor to None, run_after=None
[2025-04-13T18:00:08.968+0000] {processor.py:183} INFO - Processing /home/airflow/.local/lib/python3.8/site-packages/airflow/example_dags/example_local_kubernetes_executor.py took 0.126 seconds
[2025-04-13T18:00:40.185+0000] {processor.py:161} INFO - Started process (PID=7903) to work on /home/airflow/.local/lib/python3.8/site-packages/airflow/example_dags/example_local_kubernetes_executor.py
[2025-04-13T18:00:40.187+0000] {processor.py:830} INFO - Processing file /home/airflow/.local/lib/python3.8/site-packages/airflow/example_dags/example_local_kubernetes_executor.py for tasks to queue
[2025-04-13T18:00:40.190+0000] {logging_mixin.py:188} INFO - [2025-04-13T18:00:40.189+0000] {dagbag.py:538} INFO - Filling up the DagBag from /home/airflow/.local/lib/python3.8/site-packages/airflow/example_dags/example_local_kubernetes_executor.py
[2025-04-13T18:00:40.201+0000] {processor.py:840} INFO - DAG(s) 'example_local_kubernetes_executor' retrieved from /home/airflow/.local/lib/python3.8/site-packages/airflow/example_dags/example_local_kubernetes_executor.py
[2025-04-13T18:00:40.244+0000] {logging_mixin.py:188} INFO - [2025-04-13T18:00:40.244+0000] {dag.py:3036} INFO - Sync 1 DAGs
[2025-04-13T18:00:40.260+0000] {logging_mixin.py:188} INFO - [2025-04-13T18:00:40.259+0000] {dag.py:3823} INFO - Setting next_dagrun for example_local_kubernetes_executor to None, run_after=None
[2025-04-13T18:00:40.341+0000] {processor.py:183} INFO - Processing /home/airflow/.local/lib/python3.8/site-packages/airflow/example_dags/example_local_kubernetes_executor.py took 0.159 seconds
[2025-04-13T18:01:12.246+0000] {processor.py:161} INFO - Started process (PID=7958) to work on /home/airflow/.local/lib/python3.8/site-packages/airflow/example_dags/example_local_kubernetes_executor.py
[2025-04-13T18:01:12.248+0000] {processor.py:830} INFO - Processing file /home/airflow/.local/lib/python3.8/site-packages/airflow/example_dags/example_local_kubernetes_executor.py for tasks to queue
[2025-04-13T18:01:12.251+0000] {logging_mixin.py:188} INFO - [2025-04-13T18:01:12.250+0000] {dagbag.py:538} INFO - Filling up the DagBag from /home/airflow/.local/lib/python3.8/site-packages/airflow/example_dags/example_local_kubernetes_executor.py
[2025-04-13T18:01:12.260+0000] {processor.py:840} INFO - DAG(s) 'example_local_kubernetes_executor' retrieved from /home/airflow/.local/lib/python3.8/site-packages/airflow/example_dags/example_local_kubernetes_executor.py
[2025-04-13T18:01:12.306+0000] {logging_mixin.py:188} INFO - [2025-04-13T18:01:12.305+0000] {dag.py:3036} INFO - Sync 1 DAGs
[2025-04-13T18:01:12.326+0000] {logging_mixin.py:188} INFO - [2025-04-13T18:01:12.325+0000] {dag.py:3823} INFO - Setting next_dagrun for example_local_kubernetes_executor to None, run_after=None
[2025-04-13T18:01:12.357+0000] {processor.py:183} INFO - Processing /home/airflow/.local/lib/python3.8/site-packages/airflow/example_dags/example_local_kubernetes_executor.py took 0.116 seconds
[2025-04-13T18:01:44.081+0000] {processor.py:161} INFO - Started process (PID=8014) to work on /home/airflow/.local/lib/python3.8/site-packages/airflow/example_dags/example_local_kubernetes_executor.py
[2025-04-13T18:01:44.082+0000] {processor.py:830} INFO - Processing file /home/airflow/.local/lib/python3.8/site-packages/airflow/example_dags/example_local_kubernetes_executor.py for tasks to queue
[2025-04-13T18:01:44.085+0000] {logging_mixin.py:188} INFO - [2025-04-13T18:01:44.085+0000] {dagbag.py:538} INFO - Filling up the DagBag from /home/airflow/.local/lib/python3.8/site-packages/airflow/example_dags/example_local_kubernetes_executor.py
[2025-04-13T18:01:44.095+0000] {processor.py:840} INFO - DAG(s) 'example_local_kubernetes_executor' retrieved from /home/airflow/.local/lib/python3.8/site-packages/airflow/example_dags/example_local_kubernetes_executor.py
[2025-04-13T18:01:44.135+0000] {logging_mixin.py:188} INFO - [2025-04-13T18:01:44.135+0000] {dag.py:3036} INFO - Sync 1 DAGs
[2025-04-13T18:01:44.151+0000] {logging_mixin.py:188} INFO - [2025-04-13T18:01:44.151+0000] {dag.py:3823} INFO - Setting next_dagrun for example_local_kubernetes_executor to None, run_after=None
[2025-04-13T18:01:44.191+0000] {processor.py:183} INFO - Processing /home/airflow/.local/lib/python3.8/site-packages/airflow/example_dags/example_local_kubernetes_executor.py took 0.115 seconds
[2025-04-13T18:02:17.744+0000] {processor.py:161} INFO - Started process (PID=8070) to work on /home/airflow/.local/lib/python3.8/site-packages/airflow/example_dags/example_local_kubernetes_executor.py
[2025-04-13T18:02:17.746+0000] {processor.py:830} INFO - Processing file /home/airflow/.local/lib/python3.8/site-packages/airflow/example_dags/example_local_kubernetes_executor.py for tasks to queue
[2025-04-13T18:02:17.749+0000] {logging_mixin.py:188} INFO - [2025-04-13T18:02:17.748+0000] {dagbag.py:538} INFO - Filling up the DagBag from /home/airflow/.local/lib/python3.8/site-packages/airflow/example_dags/example_local_kubernetes_executor.py
[2025-04-13T18:02:17.761+0000] {processor.py:840} INFO - DAG(s) 'example_local_kubernetes_executor' retrieved from /home/airflow/.local/lib/python3.8/site-packages/airflow/example_dags/example_local_kubernetes_executor.py
[2025-04-13T18:02:17.815+0000] {logging_mixin.py:188} INFO - [2025-04-13T18:02:17.815+0000] {dag.py:3036} INFO - Sync 1 DAGs
[2025-04-13T18:02:17.831+0000] {logging_mixin.py:188} INFO - [2025-04-13T18:02:17.831+0000] {dag.py:3823} INFO - Setting next_dagrun for example_local_kubernetes_executor to None, run_after=None
[2025-04-13T18:02:17.881+0000] {processor.py:183} INFO - Processing /home/airflow/.local/lib/python3.8/site-packages/airflow/example_dags/example_local_kubernetes_executor.py took 0.143 seconds
[2025-04-13T18:02:49.020+0000] {processor.py:161} INFO - Started process (PID=8126) to work on /home/airflow/.local/lib/python3.8/site-packages/airflow/example_dags/example_local_kubernetes_executor.py
[2025-04-13T18:02:49.022+0000] {processor.py:830} INFO - Processing file /home/airflow/.local/lib/python3.8/site-packages/airflow/example_dags/example_local_kubernetes_executor.py for tasks to queue
[2025-04-13T18:02:49.027+0000] {logging_mixin.py:188} INFO - [2025-04-13T18:02:49.025+0000] {dagbag.py:538} INFO - Filling up the DagBag from /home/airflow/.local/lib/python3.8/site-packages/airflow/example_dags/example_local_kubernetes_executor.py
[2025-04-13T18:02:49.044+0000] {processor.py:840} INFO - DAG(s) 'example_local_kubernetes_executor' retrieved from /home/airflow/.local/lib/python3.8/site-packages/airflow/example_dags/example_local_kubernetes_executor.py
[2025-04-13T18:02:49.096+0000] {logging_mixin.py:188} INFO - [2025-04-13T18:02:49.096+0000] {dag.py:3036} INFO - Sync 1 DAGs
[2025-04-13T18:02:49.117+0000] {logging_mixin.py:188} INFO - [2025-04-13T18:02:49.117+0000] {dag.py:3823} INFO - Setting next_dagrun for example_local_kubernetes_executor to None, run_after=None
[2025-04-13T18:02:49.156+0000] {processor.py:183} INFO - Processing /home/airflow/.local/lib/python3.8/site-packages/airflow/example_dags/example_local_kubernetes_executor.py took 0.143 seconds
[2025-04-13T18:03:21.832+0000] {processor.py:161} INFO - Started process (PID=8182) to work on /home/airflow/.local/lib/python3.8/site-packages/airflow/example_dags/example_local_kubernetes_executor.py
[2025-04-13T18:03:21.834+0000] {processor.py:830} INFO - Processing file /home/airflow/.local/lib/python3.8/site-packages/airflow/example_dags/example_local_kubernetes_executor.py for tasks to queue
[2025-04-13T18:03:21.838+0000] {logging_mixin.py:188} INFO - [2025-04-13T18:03:21.837+0000] {dagbag.py:538} INFO - Filling up the DagBag from /home/airflow/.local/lib/python3.8/site-packages/airflow/example_dags/example_local_kubernetes_executor.py
[2025-04-13T18:03:21.852+0000] {processor.py:840} INFO - DAG(s) 'example_local_kubernetes_executor' retrieved from /home/airflow/.local/lib/python3.8/site-packages/airflow/example_dags/example_local_kubernetes_executor.py
[2025-04-13T18:03:21.911+0000] {logging_mixin.py:188} INFO - [2025-04-13T18:03:21.911+0000] {dag.py:3036} INFO - Sync 1 DAGs
[2025-04-13T18:03:21.929+0000] {logging_mixin.py:188} INFO - [2025-04-13T18:03:21.928+0000] {dag.py:3823} INFO - Setting next_dagrun for example_local_kubernetes_executor to None, run_after=None
[2025-04-13T18:03:21.958+0000] {processor.py:183} INFO - Processing /home/airflow/.local/lib/python3.8/site-packages/airflow/example_dags/example_local_kubernetes_executor.py took 0.131 seconds
[2025-04-13T18:03:53.646+0000] {processor.py:161} INFO - Started process (PID=8238) to work on /home/airflow/.local/lib/python3.8/site-packages/airflow/example_dags/example_local_kubernetes_executor.py
[2025-04-13T18:03:53.648+0000] {processor.py:830} INFO - Processing file /home/airflow/.local/lib/python3.8/site-packages/airflow/example_dags/example_local_kubernetes_executor.py for tasks to queue
[2025-04-13T18:03:53.653+0000] {logging_mixin.py:188} INFO - [2025-04-13T18:03:53.652+0000] {dagbag.py:538} INFO - Filling up the DagBag from /home/airflow/.local/lib/python3.8/site-packages/airflow/example_dags/example_local_kubernetes_executor.py
[2025-04-13T18:03:53.668+0000] {processor.py:840} INFO - DAG(s) 'example_local_kubernetes_executor' retrieved from /home/airflow/.local/lib/python3.8/site-packages/airflow/example_dags/example_local_kubernetes_executor.py
[2025-04-13T18:03:53.714+0000] {logging_mixin.py:188} INFO - [2025-04-13T18:03:53.713+0000] {dag.py:3036} INFO - Sync 1 DAGs
[2025-04-13T18:03:53.733+0000] {logging_mixin.py:188} INFO - [2025-04-13T18:03:53.732+0000] {dag.py:3823} INFO - Setting next_dagrun for example_local_kubernetes_executor to None, run_after=None
[2025-04-13T18:03:53.766+0000] {processor.py:183} INFO - Processing /home/airflow/.local/lib/python3.8/site-packages/airflow/example_dags/example_local_kubernetes_executor.py took 0.125 seconds
[2025-04-13T18:04:26.545+0000] {processor.py:161} INFO - Started process (PID=8294) to work on /home/airflow/.local/lib/python3.8/site-packages/airflow/example_dags/example_local_kubernetes_executor.py
[2025-04-13T18:04:26.546+0000] {processor.py:830} INFO - Processing file /home/airflow/.local/lib/python3.8/site-packages/airflow/example_dags/example_local_kubernetes_executor.py for tasks to queue
[2025-04-13T18:04:26.549+0000] {logging_mixin.py:188} INFO - [2025-04-13T18:04:26.549+0000] {dagbag.py:538} INFO - Filling up the DagBag from /home/airflow/.local/lib/python3.8/site-packages/airflow/example_dags/example_local_kubernetes_executor.py
[2025-04-13T18:04:26.559+0000] {processor.py:840} INFO - DAG(s) 'example_local_kubernetes_executor' retrieved from /home/airflow/.local/lib/python3.8/site-packages/airflow/example_dags/example_local_kubernetes_executor.py
[2025-04-13T18:04:26.613+0000] {logging_mixin.py:188} INFO - [2025-04-13T18:04:26.613+0000] {dag.py:3036} INFO - Sync 1 DAGs
[2025-04-13T18:04:26.642+0000] {logging_mixin.py:188} INFO - [2025-04-13T18:04:26.642+0000] {dag.py:3823} INFO - Setting next_dagrun for example_local_kubernetes_executor to None, run_after=None
[2025-04-13T18:04:26.728+0000] {processor.py:183} INFO - Processing /home/airflow/.local/lib/python3.8/site-packages/airflow/example_dags/example_local_kubernetes_executor.py took 0.190 seconds
[2025-04-13T18:04:59.379+0000] {processor.py:161} INFO - Started process (PID=8350) to work on /home/airflow/.local/lib/python3.8/site-packages/airflow/example_dags/example_local_kubernetes_executor.py
[2025-04-13T18:04:59.382+0000] {processor.py:830} INFO - Processing file /home/airflow/.local/lib/python3.8/site-packages/airflow/example_dags/example_local_kubernetes_executor.py for tasks to queue
[2025-04-13T18:04:59.386+0000] {logging_mixin.py:188} INFO - [2025-04-13T18:04:59.385+0000] {dagbag.py:538} INFO - Filling up the DagBag from /home/airflow/.local/lib/python3.8/site-packages/airflow/example_dags/example_local_kubernetes_executor.py
[2025-04-13T18:04:59.397+0000] {processor.py:840} INFO - DAG(s) 'example_local_kubernetes_executor' retrieved from /home/airflow/.local/lib/python3.8/site-packages/airflow/example_dags/example_local_kubernetes_executor.py
[2025-04-13T18:04:59.459+0000] {logging_mixin.py:188} INFO - [2025-04-13T18:04:59.458+0000] {dag.py:3036} INFO - Sync 1 DAGs
[2025-04-13T18:04:59.479+0000] {logging_mixin.py:188} INFO - [2025-04-13T18:04:59.479+0000] {dag.py:3823} INFO - Setting next_dagrun for example_local_kubernetes_executor to None, run_after=None
[2025-04-13T18:04:59.557+0000] {processor.py:183} INFO - Processing /home/airflow/.local/lib/python3.8/site-packages/airflow/example_dags/example_local_kubernetes_executor.py took 0.188 seconds
[2025-04-13T18:05:31.310+0000] {processor.py:161} INFO - Started process (PID=8406) to work on /home/airflow/.local/lib/python3.8/site-packages/airflow/example_dags/example_local_kubernetes_executor.py
[2025-04-13T18:05:31.312+0000] {processor.py:830} INFO - Processing file /home/airflow/.local/lib/python3.8/site-packages/airflow/example_dags/example_local_kubernetes_executor.py for tasks to queue
[2025-04-13T18:05:31.315+0000] {logging_mixin.py:188} INFO - [2025-04-13T18:05:31.315+0000] {dagbag.py:538} INFO - Filling up the DagBag from /home/airflow/.local/lib/python3.8/site-packages/airflow/example_dags/example_local_kubernetes_executor.py
[2025-04-13T18:05:31.327+0000] {processor.py:840} INFO - DAG(s) 'example_local_kubernetes_executor' retrieved from /home/airflow/.local/lib/python3.8/site-packages/airflow/example_dags/example_local_kubernetes_executor.py
[2025-04-13T18:05:31.381+0000] {logging_mixin.py:188} INFO - [2025-04-13T18:05:31.380+0000] {dag.py:3036} INFO - Sync 1 DAGs
[2025-04-13T18:05:31.397+0000] {logging_mixin.py:188} INFO - [2025-04-13T18:05:31.397+0000] {dag.py:3823} INFO - Setting next_dagrun for example_local_kubernetes_executor to None, run_after=None
[2025-04-13T18:05:31.478+0000] {processor.py:183} INFO - Processing /home/airflow/.local/lib/python3.8/site-packages/airflow/example_dags/example_local_kubernetes_executor.py took 0.174 seconds
[2025-04-13T18:06:04.380+0000] {processor.py:161} INFO - Started process (PID=8462) to work on /home/airflow/.local/lib/python3.8/site-packages/airflow/example_dags/example_local_kubernetes_executor.py
[2025-04-13T18:06:04.381+0000] {processor.py:830} INFO - Processing file /home/airflow/.local/lib/python3.8/site-packages/airflow/example_dags/example_local_kubernetes_executor.py for tasks to queue
[2025-04-13T18:06:04.383+0000] {logging_mixin.py:188} INFO - [2025-04-13T18:06:04.383+0000] {dagbag.py:538} INFO - Filling up the DagBag from /home/airflow/.local/lib/python3.8/site-packages/airflow/example_dags/example_local_kubernetes_executor.py
[2025-04-13T18:06:04.394+0000] {processor.py:840} INFO - DAG(s) 'example_local_kubernetes_executor' retrieved from /home/airflow/.local/lib/python3.8/site-packages/airflow/example_dags/example_local_kubernetes_executor.py
[2025-04-13T18:06:04.446+0000] {logging_mixin.py:188} INFO - [2025-04-13T18:06:04.445+0000] {dag.py:3036} INFO - Sync 1 DAGs
[2025-04-13T18:06:04.478+0000] {logging_mixin.py:188} INFO - [2025-04-13T18:06:04.477+0000] {dag.py:3823} INFO - Setting next_dagrun for example_local_kubernetes_executor to None, run_after=None
[2025-04-13T18:06:04.507+0000] {processor.py:183} INFO - Processing /home/airflow/.local/lib/python3.8/site-packages/airflow/example_dags/example_local_kubernetes_executor.py took 0.132 seconds
[2025-04-13T18:06:37.228+0000] {processor.py:161} INFO - Started process (PID=8518) to work on /home/airflow/.local/lib/python3.8/site-packages/airflow/example_dags/example_local_kubernetes_executor.py
[2025-04-13T18:06:37.229+0000] {processor.py:830} INFO - Processing file /home/airflow/.local/lib/python3.8/site-packages/airflow/example_dags/example_local_kubernetes_executor.py for tasks to queue
[2025-04-13T18:06:37.233+0000] {logging_mixin.py:188} INFO - [2025-04-13T18:06:37.232+0000] {dagbag.py:538} INFO - Filling up the DagBag from /home/airflow/.local/lib/python3.8/site-packages/airflow/example_dags/example_local_kubernetes_executor.py
[2025-04-13T18:06:37.244+0000] {processor.py:840} INFO - DAG(s) 'example_local_kubernetes_executor' retrieved from /home/airflow/.local/lib/python3.8/site-packages/airflow/example_dags/example_local_kubernetes_executor.py
[2025-04-13T18:06:37.308+0000] {logging_mixin.py:188} INFO - [2025-04-13T18:06:37.307+0000] {dag.py:3036} INFO - Sync 1 DAGs
[2025-04-13T18:06:37.333+0000] {logging_mixin.py:188} INFO - [2025-04-13T18:06:37.333+0000] {dag.py:3823} INFO - Setting next_dagrun for example_local_kubernetes_executor to None, run_after=None
[2025-04-13T18:06:37.370+0000] {processor.py:183} INFO - Processing /home/airflow/.local/lib/python3.8/site-packages/airflow/example_dags/example_local_kubernetes_executor.py took 0.148 seconds
[2025-04-13T18:07:09.643+0000] {processor.py:161} INFO - Started process (PID=8577) to work on /home/airflow/.local/lib/python3.8/site-packages/airflow/example_dags/example_local_kubernetes_executor.py
[2025-04-13T18:07:09.645+0000] {processor.py:830} INFO - Processing file /home/airflow/.local/lib/python3.8/site-packages/airflow/example_dags/example_local_kubernetes_executor.py for tasks to queue
[2025-04-13T18:07:09.647+0000] {logging_mixin.py:188} INFO - [2025-04-13T18:07:09.647+0000] {dagbag.py:538} INFO - Filling up the DagBag from /home/airflow/.local/lib/python3.8/site-packages/airflow/example_dags/example_local_kubernetes_executor.py
[2025-04-13T18:07:09.660+0000] {processor.py:840} INFO - DAG(s) 'example_local_kubernetes_executor' retrieved from /home/airflow/.local/lib/python3.8/site-packages/airflow/example_dags/example_local_kubernetes_executor.py
[2025-04-13T18:07:09.702+0000] {logging_mixin.py:188} INFO - [2025-04-13T18:07:09.701+0000] {dag.py:3036} INFO - Sync 1 DAGs
[2025-04-13T18:07:09.720+0000] {logging_mixin.py:188} INFO - [2025-04-13T18:07:09.720+0000] {dag.py:3823} INFO - Setting next_dagrun for example_local_kubernetes_executor to None, run_after=None
[2025-04-13T18:07:09.784+0000] {processor.py:183} INFO - Processing /home/airflow/.local/lib/python3.8/site-packages/airflow/example_dags/example_local_kubernetes_executor.py took 0.145 seconds
[2025-04-13T18:07:43.009+0000] {processor.py:161} INFO - Started process (PID=8633) to work on /home/airflow/.local/lib/python3.8/site-packages/airflow/example_dags/example_local_kubernetes_executor.py
[2025-04-13T18:07:43.011+0000] {processor.py:830} INFO - Processing file /home/airflow/.local/lib/python3.8/site-packages/airflow/example_dags/example_local_kubernetes_executor.py for tasks to queue
[2025-04-13T18:07:43.016+0000] {logging_mixin.py:188} INFO - [2025-04-13T18:07:43.015+0000] {dagbag.py:538} INFO - Filling up the DagBag from /home/airflow/.local/lib/python3.8/site-packages/airflow/example_dags/example_local_kubernetes_executor.py
[2025-04-13T18:07:43.036+0000] {processor.py:840} INFO - DAG(s) 'example_local_kubernetes_executor' retrieved from /home/airflow/.local/lib/python3.8/site-packages/airflow/example_dags/example_local_kubernetes_executor.py
[2025-04-13T18:07:43.109+0000] {logging_mixin.py:188} INFO - [2025-04-13T18:07:43.108+0000] {dag.py:3036} INFO - Sync 1 DAGs
[2025-04-13T18:07:43.139+0000] {logging_mixin.py:188} INFO - [2025-04-13T18:07:43.138+0000] {dag.py:3823} INFO - Setting next_dagrun for example_local_kubernetes_executor to None, run_after=None
[2025-04-13T18:07:43.217+0000] {processor.py:183} INFO - Processing /home/airflow/.local/lib/python3.8/site-packages/airflow/example_dags/example_local_kubernetes_executor.py took 0.217 seconds
[2025-04-13T18:08:15.802+0000] {processor.py:161} INFO - Started process (PID=8694) to work on /home/airflow/.local/lib/python3.8/site-packages/airflow/example_dags/example_local_kubernetes_executor.py
[2025-04-13T18:08:15.805+0000] {processor.py:830} INFO - Processing file /home/airflow/.local/lib/python3.8/site-packages/airflow/example_dags/example_local_kubernetes_executor.py for tasks to queue
[2025-04-13T18:08:15.813+0000] {logging_mixin.py:188} INFO - [2025-04-13T18:08:15.811+0000] {dagbag.py:538} INFO - Filling up the DagBag from /home/airflow/.local/lib/python3.8/site-packages/airflow/example_dags/example_local_kubernetes_executor.py
[2025-04-13T18:08:15.837+0000] {processor.py:840} INFO - DAG(s) 'example_local_kubernetes_executor' retrieved from /home/airflow/.local/lib/python3.8/site-packages/airflow/example_dags/example_local_kubernetes_executor.py
[2025-04-13T18:08:15.911+0000] {logging_mixin.py:188} INFO - [2025-04-13T18:08:15.911+0000] {dag.py:3036} INFO - Sync 1 DAGs
[2025-04-13T18:08:15.938+0000] {logging_mixin.py:188} INFO - [2025-04-13T18:08:15.937+0000] {dag.py:3823} INFO - Setting next_dagrun for example_local_kubernetes_executor to None, run_after=None
[2025-04-13T18:08:15.994+0000] {processor.py:183} INFO - Processing /home/airflow/.local/lib/python3.8/site-packages/airflow/example_dags/example_local_kubernetes_executor.py took 0.199 seconds
[2025-04-13T18:08:49.606+0000] {processor.py:161} INFO - Started process (PID=8751) to work on /home/airflow/.local/lib/python3.8/site-packages/airflow/example_dags/example_local_kubernetes_executor.py
[2025-04-13T18:08:49.608+0000] {processor.py:830} INFO - Processing file /home/airflow/.local/lib/python3.8/site-packages/airflow/example_dags/example_local_kubernetes_executor.py for tasks to queue
[2025-04-13T18:08:49.611+0000] {logging_mixin.py:188} INFO - [2025-04-13T18:08:49.611+0000] {dagbag.py:538} INFO - Filling up the DagBag from /home/airflow/.local/lib/python3.8/site-packages/airflow/example_dags/example_local_kubernetes_executor.py
[2025-04-13T18:08:49.625+0000] {processor.py:840} INFO - DAG(s) 'example_local_kubernetes_executor' retrieved from /home/airflow/.local/lib/python3.8/site-packages/airflow/example_dags/example_local_kubernetes_executor.py
[2025-04-13T18:08:49.688+0000] {logging_mixin.py:188} INFO - [2025-04-13T18:08:49.687+0000] {dag.py:3036} INFO - Sync 1 DAGs
[2025-04-13T18:08:49.713+0000] {logging_mixin.py:188} INFO - [2025-04-13T18:08:49.713+0000] {dag.py:3823} INFO - Setting next_dagrun for example_local_kubernetes_executor to None, run_after=None
[2025-04-13T18:08:49.750+0000] {processor.py:183} INFO - Processing /home/airflow/.local/lib/python3.8/site-packages/airflow/example_dags/example_local_kubernetes_executor.py took 0.149 seconds
[2025-04-13T18:09:22.802+0000] {processor.py:161} INFO - Started process (PID=8807) to work on /home/airflow/.local/lib/python3.8/site-packages/airflow/example_dags/example_local_kubernetes_executor.py
[2025-04-13T18:09:22.805+0000] {processor.py:830} INFO - Processing file /home/airflow/.local/lib/python3.8/site-packages/airflow/example_dags/example_local_kubernetes_executor.py for tasks to queue
[2025-04-13T18:09:22.811+0000] {logging_mixin.py:188} INFO - [2025-04-13T18:09:22.810+0000] {dagbag.py:538} INFO - Filling up the DagBag from /home/airflow/.local/lib/python3.8/site-packages/airflow/example_dags/example_local_kubernetes_executor.py
[2025-04-13T18:09:22.832+0000] {processor.py:840} INFO - DAG(s) 'example_local_kubernetes_executor' retrieved from /home/airflow/.local/lib/python3.8/site-packages/airflow/example_dags/example_local_kubernetes_executor.py
[2025-04-13T18:09:22.903+0000] {logging_mixin.py:188} INFO - [2025-04-13T18:09:22.902+0000] {dag.py:3036} INFO - Sync 1 DAGs
[2025-04-13T18:09:22.939+0000] {logging_mixin.py:188} INFO - [2025-04-13T18:09:22.938+0000] {dag.py:3823} INFO - Setting next_dagrun for example_local_kubernetes_executor to None, run_after=None
[2025-04-13T18:09:22.982+0000] {processor.py:183} INFO - Processing /home/airflow/.local/lib/python3.8/site-packages/airflow/example_dags/example_local_kubernetes_executor.py took 0.189 seconds
[2025-04-13T18:09:53.978+0000] {processor.py:161} INFO - Started process (PID=8864) to work on /home/airflow/.local/lib/python3.8/site-packages/airflow/example_dags/example_local_kubernetes_executor.py
[2025-04-13T18:09:53.980+0000] {processor.py:830} INFO - Processing file /home/airflow/.local/lib/python3.8/site-packages/airflow/example_dags/example_local_kubernetes_executor.py for tasks to queue
[2025-04-13T18:09:53.986+0000] {logging_mixin.py:188} INFO - [2025-04-13T18:09:53.985+0000] {dagbag.py:538} INFO - Filling up the DagBag from /home/airflow/.local/lib/python3.8/site-packages/airflow/example_dags/example_local_kubernetes_executor.py
[2025-04-13T18:09:54.004+0000] {processor.py:840} INFO - DAG(s) 'example_local_kubernetes_executor' retrieved from /home/airflow/.local/lib/python3.8/site-packages/airflow/example_dags/example_local_kubernetes_executor.py
[2025-04-13T18:09:54.068+0000] {logging_mixin.py:188} INFO - [2025-04-13T18:09:54.067+0000] {dag.py:3036} INFO - Sync 1 DAGs
[2025-04-13T18:09:54.095+0000] {logging_mixin.py:188} INFO - [2025-04-13T18:09:54.095+0000] {dag.py:3823} INFO - Setting next_dagrun for example_local_kubernetes_executor to None, run_after=None
[2025-04-13T18:09:54.142+0000] {processor.py:183} INFO - Processing /home/airflow/.local/lib/python3.8/site-packages/airflow/example_dags/example_local_kubernetes_executor.py took 0.172 seconds
[2025-04-13T18:10:27.390+0000] {processor.py:161} INFO - Started process (PID=8919) to work on /home/airflow/.local/lib/python3.8/site-packages/airflow/example_dags/example_local_kubernetes_executor.py
[2025-04-13T18:10:27.392+0000] {processor.py:830} INFO - Processing file /home/airflow/.local/lib/python3.8/site-packages/airflow/example_dags/example_local_kubernetes_executor.py for tasks to queue
[2025-04-13T18:10:27.397+0000] {logging_mixin.py:188} INFO - [2025-04-13T18:10:27.397+0000] {dagbag.py:538} INFO - Filling up the DagBag from /home/airflow/.local/lib/python3.8/site-packages/airflow/example_dags/example_local_kubernetes_executor.py
[2025-04-13T18:10:27.414+0000] {processor.py:840} INFO - DAG(s) 'example_local_kubernetes_executor' retrieved from /home/airflow/.local/lib/python3.8/site-packages/airflow/example_dags/example_local_kubernetes_executor.py
[2025-04-13T18:10:27.472+0000] {logging_mixin.py:188} INFO - [2025-04-13T18:10:27.471+0000] {dag.py:3036} INFO - Sync 1 DAGs
[2025-04-13T18:10:27.493+0000] {logging_mixin.py:188} INFO - [2025-04-13T18:10:27.493+0000] {dag.py:3823} INFO - Setting next_dagrun for example_local_kubernetes_executor to None, run_after=None
[2025-04-13T18:10:27.563+0000] {processor.py:183} INFO - Processing /home/airflow/.local/lib/python3.8/site-packages/airflow/example_dags/example_local_kubernetes_executor.py took 0.180 seconds
[2025-04-13T18:10:59.634+0000] {processor.py:161} INFO - Started process (PID=8975) to work on /home/airflow/.local/lib/python3.8/site-packages/airflow/example_dags/example_local_kubernetes_executor.py
[2025-04-13T18:10:59.636+0000] {processor.py:830} INFO - Processing file /home/airflow/.local/lib/python3.8/site-packages/airflow/example_dags/example_local_kubernetes_executor.py for tasks to queue
[2025-04-13T18:10:59.640+0000] {logging_mixin.py:188} INFO - [2025-04-13T18:10:59.639+0000] {dagbag.py:538} INFO - Filling up the DagBag from /home/airflow/.local/lib/python3.8/site-packages/airflow/example_dags/example_local_kubernetes_executor.py
[2025-04-13T18:10:59.652+0000] {processor.py:840} INFO - DAG(s) 'example_local_kubernetes_executor' retrieved from /home/airflow/.local/lib/python3.8/site-packages/airflow/example_dags/example_local_kubernetes_executor.py
[2025-04-13T18:10:59.725+0000] {logging_mixin.py:188} INFO - [2025-04-13T18:10:59.725+0000] {dag.py:3036} INFO - Sync 1 DAGs
[2025-04-13T18:10:59.747+0000] {logging_mixin.py:188} INFO - [2025-04-13T18:10:59.746+0000] {dag.py:3823} INFO - Setting next_dagrun for example_local_kubernetes_executor to None, run_after=None
[2025-04-13T18:10:59.779+0000] {processor.py:183} INFO - Processing /home/airflow/.local/lib/python3.8/site-packages/airflow/example_dags/example_local_kubernetes_executor.py took 0.150 seconds
[2025-04-13T18:11:32.647+0000] {processor.py:161} INFO - Started process (PID=9030) to work on /home/airflow/.local/lib/python3.8/site-packages/airflow/example_dags/example_local_kubernetes_executor.py
[2025-04-13T18:11:32.650+0000] {processor.py:830} INFO - Processing file /home/airflow/.local/lib/python3.8/site-packages/airflow/example_dags/example_local_kubernetes_executor.py for tasks to queue
[2025-04-13T18:11:32.654+0000] {logging_mixin.py:188} INFO - [2025-04-13T18:11:32.653+0000] {dagbag.py:538} INFO - Filling up the DagBag from /home/airflow/.local/lib/python3.8/site-packages/airflow/example_dags/example_local_kubernetes_executor.py
[2025-04-13T18:11:32.684+0000] {processor.py:840} INFO - DAG(s) 'example_local_kubernetes_executor' retrieved from /home/airflow/.local/lib/python3.8/site-packages/airflow/example_dags/example_local_kubernetes_executor.py
[2025-04-13T18:11:32.849+0000] {logging_mixin.py:188} INFO - [2025-04-13T18:11:32.848+0000] {dag.py:3036} INFO - Sync 1 DAGs
[2025-04-13T18:11:32.874+0000] {logging_mixin.py:188} INFO - [2025-04-13T18:11:32.874+0000] {dag.py:3823} INFO - Setting next_dagrun for example_local_kubernetes_executor to None, run_after=None
[2025-04-13T18:11:32.920+0000] {processor.py:183} INFO - Processing /home/airflow/.local/lib/python3.8/site-packages/airflow/example_dags/example_local_kubernetes_executor.py took 0.286 seconds
[2025-04-13T18:12:05.812+0000] {processor.py:161} INFO - Started process (PID=9086) to work on /home/airflow/.local/lib/python3.8/site-packages/airflow/example_dags/example_local_kubernetes_executor.py
[2025-04-13T18:12:05.814+0000] {processor.py:830} INFO - Processing file /home/airflow/.local/lib/python3.8/site-packages/airflow/example_dags/example_local_kubernetes_executor.py for tasks to queue
[2025-04-13T18:12:05.818+0000] {logging_mixin.py:188} INFO - [2025-04-13T18:12:05.817+0000] {dagbag.py:538} INFO - Filling up the DagBag from /home/airflow/.local/lib/python3.8/site-packages/airflow/example_dags/example_local_kubernetes_executor.py
[2025-04-13T18:12:05.834+0000] {processor.py:840} INFO - DAG(s) 'example_local_kubernetes_executor' retrieved from /home/airflow/.local/lib/python3.8/site-packages/airflow/example_dags/example_local_kubernetes_executor.py
[2025-04-13T18:12:05.926+0000] {logging_mixin.py:188} INFO - [2025-04-13T18:12:05.925+0000] {dag.py:3036} INFO - Sync 1 DAGs
[2025-04-13T18:12:05.954+0000] {logging_mixin.py:188} INFO - [2025-04-13T18:12:05.954+0000] {dag.py:3823} INFO - Setting next_dagrun for example_local_kubernetes_executor to None, run_after=None
[2025-04-13T18:12:06.003+0000] {processor.py:183} INFO - Processing /home/airflow/.local/lib/python3.8/site-packages/airflow/example_dags/example_local_kubernetes_executor.py took 0.198 seconds
[2025-04-13T18:12:37.098+0000] {processor.py:161} INFO - Started process (PID=9141) to work on /home/airflow/.local/lib/python3.8/site-packages/airflow/example_dags/example_local_kubernetes_executor.py
[2025-04-13T18:12:37.104+0000] {processor.py:830} INFO - Processing file /home/airflow/.local/lib/python3.8/site-packages/airflow/example_dags/example_local_kubernetes_executor.py for tasks to queue
[2025-04-13T18:12:37.108+0000] {logging_mixin.py:188} INFO - [2025-04-13T18:12:37.107+0000] {dagbag.py:538} INFO - Filling up the DagBag from /home/airflow/.local/lib/python3.8/site-packages/airflow/example_dags/example_local_kubernetes_executor.py
[2025-04-13T18:12:37.126+0000] {processor.py:840} INFO - DAG(s) 'example_local_kubernetes_executor' retrieved from /home/airflow/.local/lib/python3.8/site-packages/airflow/example_dags/example_local_kubernetes_executor.py
[2025-04-13T18:12:37.191+0000] {logging_mixin.py:188} INFO - [2025-04-13T18:12:37.191+0000] {dag.py:3036} INFO - Sync 1 DAGs
[2025-04-13T18:12:37.212+0000] {logging_mixin.py:188} INFO - [2025-04-13T18:12:37.212+0000] {dag.py:3823} INFO - Setting next_dagrun for example_local_kubernetes_executor to None, run_after=None
[2025-04-13T18:12:37.251+0000] {processor.py:183} INFO - Processing /home/airflow/.local/lib/python3.8/site-packages/airflow/example_dags/example_local_kubernetes_executor.py took 0.182 seconds
[2025-04-13T18:13:07.726+0000] {processor.py:161} INFO - Started process (PID=9197) to work on /home/airflow/.local/lib/python3.8/site-packages/airflow/example_dags/example_local_kubernetes_executor.py
[2025-04-13T18:13:07.730+0000] {processor.py:830} INFO - Processing file /home/airflow/.local/lib/python3.8/site-packages/airflow/example_dags/example_local_kubernetes_executor.py for tasks to queue
[2025-04-13T18:13:07.734+0000] {logging_mixin.py:188} INFO - [2025-04-13T18:13:07.734+0000] {dagbag.py:538} INFO - Filling up the DagBag from /home/airflow/.local/lib/python3.8/site-packages/airflow/example_dags/example_local_kubernetes_executor.py
[2025-04-13T18:13:07.749+0000] {processor.py:840} INFO - DAG(s) 'example_local_kubernetes_executor' retrieved from /home/airflow/.local/lib/python3.8/site-packages/airflow/example_dags/example_local_kubernetes_executor.py
[2025-04-13T18:13:07.806+0000] {logging_mixin.py:188} INFO - [2025-04-13T18:13:07.806+0000] {dag.py:3036} INFO - Sync 1 DAGs
[2025-04-13T18:13:07.833+0000] {logging_mixin.py:188} INFO - [2025-04-13T18:13:07.833+0000] {dag.py:3823} INFO - Setting next_dagrun for example_local_kubernetes_executor to None, run_after=None
[2025-04-13T18:13:07.890+0000] {processor.py:183} INFO - Processing /home/airflow/.local/lib/python3.8/site-packages/airflow/example_dags/example_local_kubernetes_executor.py took 0.171 seconds
[2025-04-13T18:13:41.032+0000] {processor.py:161} INFO - Started process (PID=9252) to work on /home/airflow/.local/lib/python3.8/site-packages/airflow/example_dags/example_local_kubernetes_executor.py
[2025-04-13T18:13:41.036+0000] {processor.py:830} INFO - Processing file /home/airflow/.local/lib/python3.8/site-packages/airflow/example_dags/example_local_kubernetes_executor.py for tasks to queue
[2025-04-13T18:13:41.045+0000] {logging_mixin.py:188} INFO - [2025-04-13T18:13:41.044+0000] {dagbag.py:538} INFO - Filling up the DagBag from /home/airflow/.local/lib/python3.8/site-packages/airflow/example_dags/example_local_kubernetes_executor.py
[2025-04-13T18:13:41.079+0000] {processor.py:840} INFO - DAG(s) 'example_local_kubernetes_executor' retrieved from /home/airflow/.local/lib/python3.8/site-packages/airflow/example_dags/example_local_kubernetes_executor.py
[2025-04-13T18:13:41.142+0000] {logging_mixin.py:188} INFO - [2025-04-13T18:13:41.142+0000] {dag.py:3036} INFO - Sync 1 DAGs
[2025-04-13T18:13:41.166+0000] {logging_mixin.py:188} INFO - [2025-04-13T18:13:41.166+0000] {dag.py:3823} INFO - Setting next_dagrun for example_local_kubernetes_executor to None, run_after=None
[2025-04-13T18:13:41.199+0000] {processor.py:183} INFO - Processing /home/airflow/.local/lib/python3.8/site-packages/airflow/example_dags/example_local_kubernetes_executor.py took 0.182 seconds
[2025-04-13T18:14:12.612+0000] {processor.py:161} INFO - Started process (PID=9307) to work on /home/airflow/.local/lib/python3.8/site-packages/airflow/example_dags/example_local_kubernetes_executor.py
[2025-04-13T18:14:12.614+0000] {processor.py:830} INFO - Processing file /home/airflow/.local/lib/python3.8/site-packages/airflow/example_dags/example_local_kubernetes_executor.py for tasks to queue
[2025-04-13T18:14:12.618+0000] {logging_mixin.py:188} INFO - [2025-04-13T18:14:12.618+0000] {dagbag.py:538} INFO - Filling up the DagBag from /home/airflow/.local/lib/python3.8/site-packages/airflow/example_dags/example_local_kubernetes_executor.py
[2025-04-13T18:14:12.633+0000] {processor.py:840} INFO - DAG(s) 'example_local_kubernetes_executor' retrieved from /home/airflow/.local/lib/python3.8/site-packages/airflow/example_dags/example_local_kubernetes_executor.py
[2025-04-13T18:14:12.704+0000] {logging_mixin.py:188} INFO - [2025-04-13T18:14:12.704+0000] {dag.py:3036} INFO - Sync 1 DAGs
[2025-04-13T18:14:12.742+0000] {logging_mixin.py:188} INFO - [2025-04-13T18:14:12.741+0000] {dag.py:3823} INFO - Setting next_dagrun for example_local_kubernetes_executor to None, run_after=None
[2025-04-13T18:14:12.779+0000] {processor.py:183} INFO - Processing /home/airflow/.local/lib/python3.8/site-packages/airflow/example_dags/example_local_kubernetes_executor.py took 0.176 seconds
[2025-04-13T18:14:46.385+0000] {processor.py:161} INFO - Started process (PID=9363) to work on /home/airflow/.local/lib/python3.8/site-packages/airflow/example_dags/example_local_kubernetes_executor.py
[2025-04-13T18:14:46.387+0000] {processor.py:830} INFO - Processing file /home/airflow/.local/lib/python3.8/site-packages/airflow/example_dags/example_local_kubernetes_executor.py for tasks to queue
[2025-04-13T18:14:46.391+0000] {logging_mixin.py:188} INFO - [2025-04-13T18:14:46.389+0000] {dagbag.py:538} INFO - Filling up the DagBag from /home/airflow/.local/lib/python3.8/site-packages/airflow/example_dags/example_local_kubernetes_executor.py
[2025-04-13T18:14:46.411+0000] {processor.py:840} INFO - DAG(s) 'example_local_kubernetes_executor' retrieved from /home/airflow/.local/lib/python3.8/site-packages/airflow/example_dags/example_local_kubernetes_executor.py
[2025-04-13T18:14:46.474+0000] {logging_mixin.py:188} INFO - [2025-04-13T18:14:46.474+0000] {dag.py:3036} INFO - Sync 1 DAGs
[2025-04-13T18:14:46.499+0000] {logging_mixin.py:188} INFO - [2025-04-13T18:14:46.498+0000] {dag.py:3823} INFO - Setting next_dagrun for example_local_kubernetes_executor to None, run_after=None
[2025-04-13T18:14:46.610+0000] {processor.py:183} INFO - Processing /home/airflow/.local/lib/python3.8/site-packages/airflow/example_dags/example_local_kubernetes_executor.py took 0.232 seconds
[2025-04-13T18:15:18.370+0000] {processor.py:161} INFO - Started process (PID=9419) to work on /home/airflow/.local/lib/python3.8/site-packages/airflow/example_dags/example_local_kubernetes_executor.py
[2025-04-13T18:15:18.375+0000] {processor.py:830} INFO - Processing file /home/airflow/.local/lib/python3.8/site-packages/airflow/example_dags/example_local_kubernetes_executor.py for tasks to queue
[2025-04-13T18:15:18.380+0000] {logging_mixin.py:188} INFO - [2025-04-13T18:15:18.379+0000] {dagbag.py:538} INFO - Filling up the DagBag from /home/airflow/.local/lib/python3.8/site-packages/airflow/example_dags/example_local_kubernetes_executor.py
[2025-04-13T18:15:18.396+0000] {processor.py:840} INFO - DAG(s) 'example_local_kubernetes_executor' retrieved from /home/airflow/.local/lib/python3.8/site-packages/airflow/example_dags/example_local_kubernetes_executor.py
[2025-04-13T18:15:18.462+0000] {logging_mixin.py:188} INFO - [2025-04-13T18:15:18.461+0000] {dag.py:3036} INFO - Sync 1 DAGs
[2025-04-13T18:15:18.484+0000] {logging_mixin.py:188} INFO - [2025-04-13T18:15:18.484+0000] {dag.py:3823} INFO - Setting next_dagrun for example_local_kubernetes_executor to None, run_after=None
[2025-04-13T18:15:18.539+0000] {processor.py:183} INFO - Processing /home/airflow/.local/lib/python3.8/site-packages/airflow/example_dags/example_local_kubernetes_executor.py took 0.179 seconds
[2025-04-13T18:15:49.162+0000] {processor.py:161} INFO - Started process (PID=9474) to work on /home/airflow/.local/lib/python3.8/site-packages/airflow/example_dags/example_local_kubernetes_executor.py
[2025-04-13T18:15:49.164+0000] {processor.py:830} INFO - Processing file /home/airflow/.local/lib/python3.8/site-packages/airflow/example_dags/example_local_kubernetes_executor.py for tasks to queue
[2025-04-13T18:15:49.167+0000] {logging_mixin.py:188} INFO - [2025-04-13T18:15:49.167+0000] {dagbag.py:538} INFO - Filling up the DagBag from /home/airflow/.local/lib/python3.8/site-packages/airflow/example_dags/example_local_kubernetes_executor.py
[2025-04-13T18:15:49.182+0000] {processor.py:840} INFO - DAG(s) 'example_local_kubernetes_executor' retrieved from /home/airflow/.local/lib/python3.8/site-packages/airflow/example_dags/example_local_kubernetes_executor.py
[2025-04-13T18:15:49.243+0000] {logging_mixin.py:188} INFO - [2025-04-13T18:15:49.243+0000] {dag.py:3036} INFO - Sync 1 DAGs
[2025-04-13T18:15:49.266+0000] {logging_mixin.py:188} INFO - [2025-04-13T18:15:49.266+0000] {dag.py:3823} INFO - Setting next_dagrun for example_local_kubernetes_executor to None, run_after=None
[2025-04-13T18:15:49.321+0000] {processor.py:183} INFO - Processing /home/airflow/.local/lib/python3.8/site-packages/airflow/example_dags/example_local_kubernetes_executor.py took 0.165 seconds
[2025-04-13T18:16:23.497+0000] {processor.py:161} INFO - Started process (PID=9530) to work on /home/airflow/.local/lib/python3.8/site-packages/airflow/example_dags/example_local_kubernetes_executor.py
[2025-04-13T18:16:23.499+0000] {processor.py:830} INFO - Processing file /home/airflow/.local/lib/python3.8/site-packages/airflow/example_dags/example_local_kubernetes_executor.py for tasks to queue
[2025-04-13T18:16:23.503+0000] {logging_mixin.py:188} INFO - [2025-04-13T18:16:23.503+0000] {dagbag.py:538} INFO - Filling up the DagBag from /home/airflow/.local/lib/python3.8/site-packages/airflow/example_dags/example_local_kubernetes_executor.py
[2025-04-13T18:16:23.521+0000] {processor.py:840} INFO - DAG(s) 'example_local_kubernetes_executor' retrieved from /home/airflow/.local/lib/python3.8/site-packages/airflow/example_dags/example_local_kubernetes_executor.py
[2025-04-13T18:16:23.582+0000] {logging_mixin.py:188} INFO - [2025-04-13T18:16:23.582+0000] {dag.py:3036} INFO - Sync 1 DAGs
[2025-04-13T18:16:23.603+0000] {logging_mixin.py:188} INFO - [2025-04-13T18:16:23.603+0000] {dag.py:3823} INFO - Setting next_dagrun for example_local_kubernetes_executor to None, run_after=None
[2025-04-13T18:16:23.643+0000] {processor.py:183} INFO - Processing /home/airflow/.local/lib/python3.8/site-packages/airflow/example_dags/example_local_kubernetes_executor.py took 0.154 seconds
[2025-04-13T18:16:55.588+0000] {processor.py:161} INFO - Started process (PID=9586) to work on /home/airflow/.local/lib/python3.8/site-packages/airflow/example_dags/example_local_kubernetes_executor.py
[2025-04-13T18:16:55.590+0000] {processor.py:830} INFO - Processing file /home/airflow/.local/lib/python3.8/site-packages/airflow/example_dags/example_local_kubernetes_executor.py for tasks to queue
[2025-04-13T18:16:55.593+0000] {logging_mixin.py:188} INFO - [2025-04-13T18:16:55.593+0000] {dagbag.py:538} INFO - Filling up the DagBag from /home/airflow/.local/lib/python3.8/site-packages/airflow/example_dags/example_local_kubernetes_executor.py
[2025-04-13T18:16:55.607+0000] {processor.py:840} INFO - DAG(s) 'example_local_kubernetes_executor' retrieved from /home/airflow/.local/lib/python3.8/site-packages/airflow/example_dags/example_local_kubernetes_executor.py
[2025-04-13T18:16:55.663+0000] {logging_mixin.py:188} INFO - [2025-04-13T18:16:55.663+0000] {dag.py:3036} INFO - Sync 1 DAGs
[2025-04-13T18:16:55.686+0000] {logging_mixin.py:188} INFO - [2025-04-13T18:16:55.686+0000] {dag.py:3823} INFO - Setting next_dagrun for example_local_kubernetes_executor to None, run_after=None
[2025-04-13T18:16:55.730+0000] {processor.py:183} INFO - Processing /home/airflow/.local/lib/python3.8/site-packages/airflow/example_dags/example_local_kubernetes_executor.py took 0.148 seconds
[2025-04-13T18:17:28.198+0000] {processor.py:161} INFO - Started process (PID=9642) to work on /home/airflow/.local/lib/python3.8/site-packages/airflow/example_dags/example_local_kubernetes_executor.py
[2025-04-13T18:17:28.200+0000] {processor.py:830} INFO - Processing file /home/airflow/.local/lib/python3.8/site-packages/airflow/example_dags/example_local_kubernetes_executor.py for tasks to queue
[2025-04-13T18:17:28.204+0000] {logging_mixin.py:188} INFO - [2025-04-13T18:17:28.203+0000] {dagbag.py:538} INFO - Filling up the DagBag from /home/airflow/.local/lib/python3.8/site-packages/airflow/example_dags/example_local_kubernetes_executor.py
[2025-04-13T18:17:28.220+0000] {processor.py:840} INFO - DAG(s) 'example_local_kubernetes_executor' retrieved from /home/airflow/.local/lib/python3.8/site-packages/airflow/example_dags/example_local_kubernetes_executor.py
[2025-04-13T18:17:28.284+0000] {logging_mixin.py:188} INFO - [2025-04-13T18:17:28.284+0000] {dag.py:3036} INFO - Sync 1 DAGs
[2025-04-13T18:17:28.309+0000] {logging_mixin.py:188} INFO - [2025-04-13T18:17:28.309+0000] {dag.py:3823} INFO - Setting next_dagrun for example_local_kubernetes_executor to None, run_after=None
[2025-04-13T18:17:28.352+0000] {processor.py:183} INFO - Processing /home/airflow/.local/lib/python3.8/site-packages/airflow/example_dags/example_local_kubernetes_executor.py took 0.161 seconds
[2025-04-13T18:17:59.744+0000] {processor.py:161} INFO - Started process (PID=9698) to work on /home/airflow/.local/lib/python3.8/site-packages/airflow/example_dags/example_local_kubernetes_executor.py
[2025-04-13T18:17:59.746+0000] {processor.py:830} INFO - Processing file /home/airflow/.local/lib/python3.8/site-packages/airflow/example_dags/example_local_kubernetes_executor.py for tasks to queue
[2025-04-13T18:17:59.750+0000] {logging_mixin.py:188} INFO - [2025-04-13T18:17:59.749+0000] {dagbag.py:538} INFO - Filling up the DagBag from /home/airflow/.local/lib/python3.8/site-packages/airflow/example_dags/example_local_kubernetes_executor.py
[2025-04-13T18:17:59.764+0000] {processor.py:840} INFO - DAG(s) 'example_local_kubernetes_executor' retrieved from /home/airflow/.local/lib/python3.8/site-packages/airflow/example_dags/example_local_kubernetes_executor.py
[2025-04-13T18:17:59.822+0000] {logging_mixin.py:188} INFO - [2025-04-13T18:17:59.821+0000] {dag.py:3036} INFO - Sync 1 DAGs
[2025-04-13T18:17:59.843+0000] {logging_mixin.py:188} INFO - [2025-04-13T18:17:59.843+0000] {dag.py:3823} INFO - Setting next_dagrun for example_local_kubernetes_executor to None, run_after=None
[2025-04-13T18:17:59.886+0000] {processor.py:183} INFO - Processing /home/airflow/.local/lib/python3.8/site-packages/airflow/example_dags/example_local_kubernetes_executor.py took 0.147 seconds
[2025-04-13T18:18:30.443+0000] {processor.py:161} INFO - Started process (PID=9754) to work on /home/airflow/.local/lib/python3.8/site-packages/airflow/example_dags/example_local_kubernetes_executor.py
[2025-04-13T18:18:30.445+0000] {processor.py:830} INFO - Processing file /home/airflow/.local/lib/python3.8/site-packages/airflow/example_dags/example_local_kubernetes_executor.py for tasks to queue
[2025-04-13T18:18:30.448+0000] {logging_mixin.py:188} INFO - [2025-04-13T18:18:30.448+0000] {dagbag.py:538} INFO - Filling up the DagBag from /home/airflow/.local/lib/python3.8/site-packages/airflow/example_dags/example_local_kubernetes_executor.py
[2025-04-13T18:18:30.462+0000] {processor.py:840} INFO - DAG(s) 'example_local_kubernetes_executor' retrieved from /home/airflow/.local/lib/python3.8/site-packages/airflow/example_dags/example_local_kubernetes_executor.py
[2025-04-13T18:18:30.514+0000] {logging_mixin.py:188} INFO - [2025-04-13T18:18:30.514+0000] {dag.py:3036} INFO - Sync 1 DAGs
[2025-04-13T18:18:30.541+0000] {logging_mixin.py:188} INFO - [2025-04-13T18:18:30.541+0000] {dag.py:3823} INFO - Setting next_dagrun for example_local_kubernetes_executor to None, run_after=None
[2025-04-13T18:18:30.578+0000] {processor.py:183} INFO - Processing /home/airflow/.local/lib/python3.8/site-packages/airflow/example_dags/example_local_kubernetes_executor.py took 0.144 seconds
[2025-04-13T18:19:02.889+0000] {processor.py:161} INFO - Started process (PID=9810) to work on /home/airflow/.local/lib/python3.8/site-packages/airflow/example_dags/example_local_kubernetes_executor.py
[2025-04-13T18:19:02.891+0000] {processor.py:830} INFO - Processing file /home/airflow/.local/lib/python3.8/site-packages/airflow/example_dags/example_local_kubernetes_executor.py for tasks to queue
[2025-04-13T18:19:02.894+0000] {logging_mixin.py:188} INFO - [2025-04-13T18:19:02.893+0000] {dagbag.py:538} INFO - Filling up the DagBag from /home/airflow/.local/lib/python3.8/site-packages/airflow/example_dags/example_local_kubernetes_executor.py
[2025-04-13T18:19:02.910+0000] {processor.py:840} INFO - DAG(s) 'example_local_kubernetes_executor' retrieved from /home/airflow/.local/lib/python3.8/site-packages/airflow/example_dags/example_local_kubernetes_executor.py
[2025-04-13T18:19:02.988+0000] {logging_mixin.py:188} INFO - [2025-04-13T18:19:02.988+0000] {dag.py:3036} INFO - Sync 1 DAGs
[2025-04-13T18:19:03.016+0000] {logging_mixin.py:188} INFO - [2025-04-13T18:19:03.015+0000] {dag.py:3823} INFO - Setting next_dagrun for example_local_kubernetes_executor to None, run_after=None
[2025-04-13T18:19:03.054+0000] {processor.py:183} INFO - Processing /home/airflow/.local/lib/python3.8/site-packages/airflow/example_dags/example_local_kubernetes_executor.py took 0.170 seconds
[2025-04-13T18:19:35.970+0000] {processor.py:161} INFO - Started process (PID=9866) to work on /home/airflow/.local/lib/python3.8/site-packages/airflow/example_dags/example_local_kubernetes_executor.py
[2025-04-13T18:19:35.972+0000] {processor.py:830} INFO - Processing file /home/airflow/.local/lib/python3.8/site-packages/airflow/example_dags/example_local_kubernetes_executor.py for tasks to queue
[2025-04-13T18:19:35.977+0000] {logging_mixin.py:188} INFO - [2025-04-13T18:19:35.976+0000] {dagbag.py:538} INFO - Filling up the DagBag from /home/airflow/.local/lib/python3.8/site-packages/airflow/example_dags/example_local_kubernetes_executor.py
[2025-04-13T18:19:35.993+0000] {processor.py:840} INFO - DAG(s) 'example_local_kubernetes_executor' retrieved from /home/airflow/.local/lib/python3.8/site-packages/airflow/example_dags/example_local_kubernetes_executor.py
[2025-04-13T18:19:36.065+0000] {logging_mixin.py:188} INFO - [2025-04-13T18:19:36.065+0000] {dag.py:3036} INFO - Sync 1 DAGs
[2025-04-13T18:19:36.093+0000] {logging_mixin.py:188} INFO - [2025-04-13T18:19:36.092+0000] {dag.py:3823} INFO - Setting next_dagrun for example_local_kubernetes_executor to None, run_after=None
[2025-04-13T18:19:36.137+0000] {processor.py:183} INFO - Processing /home/airflow/.local/lib/python3.8/site-packages/airflow/example_dags/example_local_kubernetes_executor.py took 0.175 seconds
[2025-04-13T18:20:08.055+0000] {processor.py:161} INFO - Started process (PID=9922) to work on /home/airflow/.local/lib/python3.8/site-packages/airflow/example_dags/example_local_kubernetes_executor.py
[2025-04-13T18:20:08.066+0000] {processor.py:830} INFO - Processing file /home/airflow/.local/lib/python3.8/site-packages/airflow/example_dags/example_local_kubernetes_executor.py for tasks to queue
[2025-04-13T18:20:08.090+0000] {logging_mixin.py:188} INFO - [2025-04-13T18:20:08.089+0000] {dagbag.py:538} INFO - Filling up the DagBag from /home/airflow/.local/lib/python3.8/site-packages/airflow/example_dags/example_local_kubernetes_executor.py
[2025-04-13T18:20:08.154+0000] {processor.py:840} INFO - DAG(s) 'example_local_kubernetes_executor' retrieved from /home/airflow/.local/lib/python3.8/site-packages/airflow/example_dags/example_local_kubernetes_executor.py
[2025-04-13T18:20:08.301+0000] {logging_mixin.py:188} INFO - [2025-04-13T18:20:08.301+0000] {dag.py:3036} INFO - Sync 1 DAGs
[2025-04-13T18:20:08.339+0000] {logging_mixin.py:188} INFO - [2025-04-13T18:20:08.338+0000] {dag.py:3823} INFO - Setting next_dagrun for example_local_kubernetes_executor to None, run_after=None
[2025-04-13T18:20:08.390+0000] {processor.py:183} INFO - Processing /home/airflow/.local/lib/python3.8/site-packages/airflow/example_dags/example_local_kubernetes_executor.py took 0.351 seconds
[2025-04-13T18:20:41.093+0000] {processor.py:161} INFO - Started process (PID=9977) to work on /home/airflow/.local/lib/python3.8/site-packages/airflow/example_dags/example_local_kubernetes_executor.py
[2025-04-13T18:20:41.095+0000] {processor.py:830} INFO - Processing file /home/airflow/.local/lib/python3.8/site-packages/airflow/example_dags/example_local_kubernetes_executor.py for tasks to queue
[2025-04-13T18:20:41.100+0000] {logging_mixin.py:188} INFO - [2025-04-13T18:20:41.099+0000] {dagbag.py:538} INFO - Filling up the DagBag from /home/airflow/.local/lib/python3.8/site-packages/airflow/example_dags/example_local_kubernetes_executor.py
[2025-04-13T18:20:41.117+0000] {processor.py:840} INFO - DAG(s) 'example_local_kubernetes_executor' retrieved from /home/airflow/.local/lib/python3.8/site-packages/airflow/example_dags/example_local_kubernetes_executor.py
[2025-04-13T18:20:41.238+0000] {logging_mixin.py:188} INFO - [2025-04-13T18:20:41.237+0000] {dag.py:3036} INFO - Sync 1 DAGs
[2025-04-13T18:20:41.281+0000] {logging_mixin.py:188} INFO - [2025-04-13T18:20:41.280+0000] {dag.py:3823} INFO - Setting next_dagrun for example_local_kubernetes_executor to None, run_after=None
[2025-04-13T18:20:41.385+0000] {processor.py:183} INFO - Processing /home/airflow/.local/lib/python3.8/site-packages/airflow/example_dags/example_local_kubernetes_executor.py took 0.299 seconds
[2025-04-13T18:21:12.611+0000] {processor.py:161} INFO - Started process (PID=10034) to work on /home/airflow/.local/lib/python3.8/site-packages/airflow/example_dags/example_local_kubernetes_executor.py
[2025-04-13T18:21:12.613+0000] {processor.py:830} INFO - Processing file /home/airflow/.local/lib/python3.8/site-packages/airflow/example_dags/example_local_kubernetes_executor.py for tasks to queue
[2025-04-13T18:21:12.617+0000] {logging_mixin.py:188} INFO - [2025-04-13T18:21:12.616+0000] {dagbag.py:538} INFO - Filling up the DagBag from /home/airflow/.local/lib/python3.8/site-packages/airflow/example_dags/example_local_kubernetes_executor.py
[2025-04-13T18:21:12.634+0000] {processor.py:840} INFO - DAG(s) 'example_local_kubernetes_executor' retrieved from /home/airflow/.local/lib/python3.8/site-packages/airflow/example_dags/example_local_kubernetes_executor.py
[2025-04-13T18:21:12.713+0000] {logging_mixin.py:188} INFO - [2025-04-13T18:21:12.713+0000] {dag.py:3036} INFO - Sync 1 DAGs
[2025-04-13T18:21:12.737+0000] {logging_mixin.py:188} INFO - [2025-04-13T18:21:12.737+0000] {dag.py:3823} INFO - Setting next_dagrun for example_local_kubernetes_executor to None, run_after=None
[2025-04-13T18:21:12.776+0000] {processor.py:183} INFO - Processing /home/airflow/.local/lib/python3.8/site-packages/airflow/example_dags/example_local_kubernetes_executor.py took 0.182 seconds
[2025-04-13T18:21:46.428+0000] {processor.py:161} INFO - Started process (PID=10090) to work on /home/airflow/.local/lib/python3.8/site-packages/airflow/example_dags/example_local_kubernetes_executor.py
[2025-04-13T18:21:46.431+0000] {processor.py:830} INFO - Processing file /home/airflow/.local/lib/python3.8/site-packages/airflow/example_dags/example_local_kubernetes_executor.py for tasks to queue
[2025-04-13T18:21:46.436+0000] {logging_mixin.py:188} INFO - [2025-04-13T18:21:46.435+0000] {dagbag.py:538} INFO - Filling up the DagBag from /home/airflow/.local/lib/python3.8/site-packages/airflow/example_dags/example_local_kubernetes_executor.py
[2025-04-13T18:21:46.467+0000] {processor.py:840} INFO - DAG(s) 'example_local_kubernetes_executor' retrieved from /home/airflow/.local/lib/python3.8/site-packages/airflow/example_dags/example_local_kubernetes_executor.py
[2025-04-13T18:21:46.606+0000] {logging_mixin.py:188} INFO - [2025-04-13T18:21:46.605+0000] {dag.py:3036} INFO - Sync 1 DAGs
[2025-04-13T18:21:46.647+0000] {logging_mixin.py:188} INFO - [2025-04-13T18:21:46.647+0000] {dag.py:3823} INFO - Setting next_dagrun for example_local_kubernetes_executor to None, run_after=None
[2025-04-13T18:21:46.782+0000] {processor.py:183} INFO - Processing /home/airflow/.local/lib/python3.8/site-packages/airflow/example_dags/example_local_kubernetes_executor.py took 0.370 seconds
[2025-04-13T18:22:19.603+0000] {processor.py:161} INFO - Started process (PID=10146) to work on /home/airflow/.local/lib/python3.8/site-packages/airflow/example_dags/example_local_kubernetes_executor.py
[2025-04-13T18:22:19.606+0000] {processor.py:830} INFO - Processing file /home/airflow/.local/lib/python3.8/site-packages/airflow/example_dags/example_local_kubernetes_executor.py for tasks to queue
[2025-04-13T18:22:19.610+0000] {logging_mixin.py:188} INFO - [2025-04-13T18:22:19.609+0000] {dagbag.py:538} INFO - Filling up the DagBag from /home/airflow/.local/lib/python3.8/site-packages/airflow/example_dags/example_local_kubernetes_executor.py
[2025-04-13T18:22:19.627+0000] {processor.py:840} INFO - DAG(s) 'example_local_kubernetes_executor' retrieved from /home/airflow/.local/lib/python3.8/site-packages/airflow/example_dags/example_local_kubernetes_executor.py
[2025-04-13T18:22:19.696+0000] {logging_mixin.py:188} INFO - [2025-04-13T18:22:19.695+0000] {dag.py:3036} INFO - Sync 1 DAGs
[2025-04-13T18:22:19.903+0000] {logging_mixin.py:188} INFO - [2025-04-13T18:22:19.902+0000] {dag.py:3823} INFO - Setting next_dagrun for example_local_kubernetes_executor to None, run_after=None
[2025-04-13T18:22:19.956+0000] {processor.py:183} INFO - Processing /home/airflow/.local/lib/python3.8/site-packages/airflow/example_dags/example_local_kubernetes_executor.py took 0.360 seconds
[2025-04-13T18:22:50.306+0000] {processor.py:161} INFO - Started process (PID=10202) to work on /home/airflow/.local/lib/python3.8/site-packages/airflow/example_dags/example_local_kubernetes_executor.py
[2025-04-13T18:22:50.308+0000] {processor.py:830} INFO - Processing file /home/airflow/.local/lib/python3.8/site-packages/airflow/example_dags/example_local_kubernetes_executor.py for tasks to queue
[2025-04-13T18:22:50.313+0000] {logging_mixin.py:188} INFO - [2025-04-13T18:22:50.312+0000] {dagbag.py:538} INFO - Filling up the DagBag from /home/airflow/.local/lib/python3.8/site-packages/airflow/example_dags/example_local_kubernetes_executor.py
[2025-04-13T18:22:50.331+0000] {processor.py:840} INFO - DAG(s) 'example_local_kubernetes_executor' retrieved from /home/airflow/.local/lib/python3.8/site-packages/airflow/example_dags/example_local_kubernetes_executor.py
[2025-04-13T18:22:50.415+0000] {logging_mixin.py:188} INFO - [2025-04-13T18:22:50.414+0000] {dag.py:3036} INFO - Sync 1 DAGs
[2025-04-13T18:22:50.446+0000] {logging_mixin.py:188} INFO - [2025-04-13T18:22:50.445+0000] {dag.py:3823} INFO - Setting next_dagrun for example_local_kubernetes_executor to None, run_after=None
[2025-04-13T18:22:50.692+0000] {processor.py:183} INFO - Processing /home/airflow/.local/lib/python3.8/site-packages/airflow/example_dags/example_local_kubernetes_executor.py took 0.394 seconds
[2025-04-13T18:23:22.775+0000] {processor.py:161} INFO - Started process (PID=10258) to work on /home/airflow/.local/lib/python3.8/site-packages/airflow/example_dags/example_local_kubernetes_executor.py
[2025-04-13T18:23:22.777+0000] {processor.py:830} INFO - Processing file /home/airflow/.local/lib/python3.8/site-packages/airflow/example_dags/example_local_kubernetes_executor.py for tasks to queue
[2025-04-13T18:23:22.781+0000] {logging_mixin.py:188} INFO - [2025-04-13T18:23:22.780+0000] {dagbag.py:538} INFO - Filling up the DagBag from /home/airflow/.local/lib/python3.8/site-packages/airflow/example_dags/example_local_kubernetes_executor.py
[2025-04-13T18:23:22.797+0000] {processor.py:840} INFO - DAG(s) 'example_local_kubernetes_executor' retrieved from /home/airflow/.local/lib/python3.8/site-packages/airflow/example_dags/example_local_kubernetes_executor.py
[2025-04-13T18:23:22.875+0000] {logging_mixin.py:188} INFO - [2025-04-13T18:23:22.874+0000] {dag.py:3036} INFO - Sync 1 DAGs
[2025-04-13T18:23:22.914+0000] {logging_mixin.py:188} INFO - [2025-04-13T18:23:22.914+0000] {dag.py:3823} INFO - Setting next_dagrun for example_local_kubernetes_executor to None, run_after=None
[2025-04-13T18:23:22.955+0000] {processor.py:183} INFO - Processing /home/airflow/.local/lib/python3.8/site-packages/airflow/example_dags/example_local_kubernetes_executor.py took 0.185 seconds
[2025-04-13T18:23:56.907+0000] {processor.py:161} INFO - Started process (PID=10314) to work on /home/airflow/.local/lib/python3.8/site-packages/airflow/example_dags/example_local_kubernetes_executor.py
[2025-04-13T18:23:56.910+0000] {processor.py:830} INFO - Processing file /home/airflow/.local/lib/python3.8/site-packages/airflow/example_dags/example_local_kubernetes_executor.py for tasks to queue
[2025-04-13T18:23:56.915+0000] {logging_mixin.py:188} INFO - [2025-04-13T18:23:56.914+0000] {dagbag.py:538} INFO - Filling up the DagBag from /home/airflow/.local/lib/python3.8/site-packages/airflow/example_dags/example_local_kubernetes_executor.py
[2025-04-13T18:23:56.931+0000] {processor.py:840} INFO - DAG(s) 'example_local_kubernetes_executor' retrieved from /home/airflow/.local/lib/python3.8/site-packages/airflow/example_dags/example_local_kubernetes_executor.py
[2025-04-13T18:23:57.203+0000] {logging_mixin.py:188} INFO - [2025-04-13T18:23:57.203+0000] {dag.py:3036} INFO - Sync 1 DAGs
[2025-04-13T18:23:57.226+0000] {logging_mixin.py:188} INFO - [2025-04-13T18:23:57.225+0000] {dag.py:3823} INFO - Setting next_dagrun for example_local_kubernetes_executor to None, run_after=None
[2025-04-13T18:23:57.262+0000] {processor.py:183} INFO - Processing /home/airflow/.local/lib/python3.8/site-packages/airflow/example_dags/example_local_kubernetes_executor.py took 0.363 seconds
[2025-04-13T18:24:29.209+0000] {processor.py:161} INFO - Started process (PID=10371) to work on /home/airflow/.local/lib/python3.8/site-packages/airflow/example_dags/example_local_kubernetes_executor.py
[2025-04-13T18:24:29.212+0000] {processor.py:830} INFO - Processing file /home/airflow/.local/lib/python3.8/site-packages/airflow/example_dags/example_local_kubernetes_executor.py for tasks to queue
[2025-04-13T18:24:29.217+0000] {logging_mixin.py:188} INFO - [2025-04-13T18:24:29.216+0000] {dagbag.py:538} INFO - Filling up the DagBag from /home/airflow/.local/lib/python3.8/site-packages/airflow/example_dags/example_local_kubernetes_executor.py
[2025-04-13T18:24:29.236+0000] {processor.py:840} INFO - DAG(s) 'example_local_kubernetes_executor' retrieved from /home/airflow/.local/lib/python3.8/site-packages/airflow/example_dags/example_local_kubernetes_executor.py
[2025-04-13T18:24:29.310+0000] {logging_mixin.py:188} INFO - [2025-04-13T18:24:29.309+0000] {dag.py:3036} INFO - Sync 1 DAGs
[2025-04-13T18:24:29.335+0000] {logging_mixin.py:188} INFO - [2025-04-13T18:24:29.335+0000] {dag.py:3823} INFO - Setting next_dagrun for example_local_kubernetes_executor to None, run_after=None
[2025-04-13T18:24:29.388+0000] {processor.py:183} INFO - Processing /home/airflow/.local/lib/python3.8/site-packages/airflow/example_dags/example_local_kubernetes_executor.py took 0.192 seconds
[2025-04-13T18:25:02.456+0000] {processor.py:161} INFO - Started process (PID=10429) to work on /home/airflow/.local/lib/python3.8/site-packages/airflow/example_dags/example_local_kubernetes_executor.py
[2025-04-13T18:25:02.458+0000] {processor.py:830} INFO - Processing file /home/airflow/.local/lib/python3.8/site-packages/airflow/example_dags/example_local_kubernetes_executor.py for tasks to queue
[2025-04-13T18:25:02.463+0000] {logging_mixin.py:188} INFO - [2025-04-13T18:25:02.462+0000] {dagbag.py:538} INFO - Filling up the DagBag from /home/airflow/.local/lib/python3.8/site-packages/airflow/example_dags/example_local_kubernetes_executor.py
[2025-04-13T18:25:02.481+0000] {processor.py:840} INFO - DAG(s) 'example_local_kubernetes_executor' retrieved from /home/airflow/.local/lib/python3.8/site-packages/airflow/example_dags/example_local_kubernetes_executor.py
[2025-04-13T18:25:02.547+0000] {logging_mixin.py:188} INFO - [2025-04-13T18:25:02.547+0000] {dag.py:3036} INFO - Sync 1 DAGs
[2025-04-13T18:25:02.576+0000] {logging_mixin.py:188} INFO - [2025-04-13T18:25:02.575+0000] {dag.py:3823} INFO - Setting next_dagrun for example_local_kubernetes_executor to None, run_after=None
[2025-04-13T18:25:02.654+0000] {processor.py:183} INFO - Processing /home/airflow/.local/lib/python3.8/site-packages/airflow/example_dags/example_local_kubernetes_executor.py took 0.207 seconds
[2025-04-13T18:25:35.269+0000] {processor.py:161} INFO - Started process (PID=10486) to work on /home/airflow/.local/lib/python3.8/site-packages/airflow/example_dags/example_local_kubernetes_executor.py
[2025-04-13T18:25:35.271+0000] {processor.py:830} INFO - Processing file /home/airflow/.local/lib/python3.8/site-packages/airflow/example_dags/example_local_kubernetes_executor.py for tasks to queue
[2025-04-13T18:25:35.274+0000] {logging_mixin.py:188} INFO - [2025-04-13T18:25:35.273+0000] {dagbag.py:538} INFO - Filling up the DagBag from /home/airflow/.local/lib/python3.8/site-packages/airflow/example_dags/example_local_kubernetes_executor.py
[2025-04-13T18:25:35.286+0000] {processor.py:840} INFO - DAG(s) 'example_local_kubernetes_executor' retrieved from /home/airflow/.local/lib/python3.8/site-packages/airflow/example_dags/example_local_kubernetes_executor.py
[2025-04-13T18:25:35.346+0000] {logging_mixin.py:188} INFO - [2025-04-13T18:25:35.346+0000] {dag.py:3036} INFO - Sync 1 DAGs
[2025-04-13T18:25:35.374+0000] {logging_mixin.py:188} INFO - [2025-04-13T18:25:35.373+0000] {dag.py:3823} INFO - Setting next_dagrun for example_local_kubernetes_executor to None, run_after=None
[2025-04-13T18:25:35.415+0000] {processor.py:183} INFO - Processing /home/airflow/.local/lib/python3.8/site-packages/airflow/example_dags/example_local_kubernetes_executor.py took 0.152 seconds
[2025-04-13T18:26:08.025+0000] {processor.py:161} INFO - Started process (PID=10542) to work on /home/airflow/.local/lib/python3.8/site-packages/airflow/example_dags/example_local_kubernetes_executor.py
[2025-04-13T18:26:08.030+0000] {processor.py:830} INFO - Processing file /home/airflow/.local/lib/python3.8/site-packages/airflow/example_dags/example_local_kubernetes_executor.py for tasks to queue
[2025-04-13T18:26:08.039+0000] {logging_mixin.py:188} INFO - [2025-04-13T18:26:08.037+0000] {dagbag.py:538} INFO - Filling up the DagBag from /home/airflow/.local/lib/python3.8/site-packages/airflow/example_dags/example_local_kubernetes_executor.py
[2025-04-13T18:26:08.070+0000] {processor.py:840} INFO - DAG(s) 'example_local_kubernetes_executor' retrieved from /home/airflow/.local/lib/python3.8/site-packages/airflow/example_dags/example_local_kubernetes_executor.py
[2025-04-13T18:26:08.180+0000] {logging_mixin.py:188} INFO - [2025-04-13T18:26:08.179+0000] {dag.py:3036} INFO - Sync 1 DAGs
[2025-04-13T18:26:08.222+0000] {logging_mixin.py:188} INFO - [2025-04-13T18:26:08.221+0000] {dag.py:3823} INFO - Setting next_dagrun for example_local_kubernetes_executor to None, run_after=None
[2025-04-13T18:26:08.299+0000] {processor.py:183} INFO - Processing /home/airflow/.local/lib/python3.8/site-packages/airflow/example_dags/example_local_kubernetes_executor.py took 0.288 seconds
[2025-04-13T18:26:40.994+0000] {processor.py:161} INFO - Started process (PID=10598) to work on /home/airflow/.local/lib/python3.8/site-packages/airflow/example_dags/example_local_kubernetes_executor.py
[2025-04-13T18:26:40.996+0000] {processor.py:830} INFO - Processing file /home/airflow/.local/lib/python3.8/site-packages/airflow/example_dags/example_local_kubernetes_executor.py for tasks to queue
[2025-04-13T18:26:41.001+0000] {logging_mixin.py:188} INFO - [2025-04-13T18:26:41.000+0000] {dagbag.py:538} INFO - Filling up the DagBag from /home/airflow/.local/lib/python3.8/site-packages/airflow/example_dags/example_local_kubernetes_executor.py
[2025-04-13T18:26:41.020+0000] {processor.py:840} INFO - DAG(s) 'example_local_kubernetes_executor' retrieved from /home/airflow/.local/lib/python3.8/site-packages/airflow/example_dags/example_local_kubernetes_executor.py
[2025-04-13T18:26:41.098+0000] {logging_mixin.py:188} INFO - [2025-04-13T18:26:41.097+0000] {dag.py:3036} INFO - Sync 1 DAGs
[2025-04-13T18:26:41.123+0000] {logging_mixin.py:188} INFO - [2025-04-13T18:26:41.122+0000] {dag.py:3823} INFO - Setting next_dagrun for example_local_kubernetes_executor to None, run_after=None
[2025-04-13T18:26:41.166+0000] {processor.py:183} INFO - Processing /home/airflow/.local/lib/python3.8/site-packages/airflow/example_dags/example_local_kubernetes_executor.py took 0.180 seconds
[2025-04-13T18:27:13.245+0000] {processor.py:161} INFO - Started process (PID=10654) to work on /home/airflow/.local/lib/python3.8/site-packages/airflow/example_dags/example_local_kubernetes_executor.py
[2025-04-13T18:27:13.247+0000] {processor.py:830} INFO - Processing file /home/airflow/.local/lib/python3.8/site-packages/airflow/example_dags/example_local_kubernetes_executor.py for tasks to queue
[2025-04-13T18:27:13.250+0000] {logging_mixin.py:188} INFO - [2025-04-13T18:27:13.250+0000] {dagbag.py:538} INFO - Filling up the DagBag from /home/airflow/.local/lib/python3.8/site-packages/airflow/example_dags/example_local_kubernetes_executor.py
[2025-04-13T18:27:13.263+0000] {processor.py:840} INFO - DAG(s) 'example_local_kubernetes_executor' retrieved from /home/airflow/.local/lib/python3.8/site-packages/airflow/example_dags/example_local_kubernetes_executor.py
[2025-04-13T18:27:13.320+0000] {logging_mixin.py:188} INFO - [2025-04-13T18:27:13.320+0000] {dag.py:3036} INFO - Sync 1 DAGs
[2025-04-13T18:27:13.342+0000] {logging_mixin.py:188} INFO - [2025-04-13T18:27:13.342+0000] {dag.py:3823} INFO - Setting next_dagrun for example_local_kubernetes_executor to None, run_after=None
[2025-04-13T18:27:13.380+0000] {processor.py:183} INFO - Processing /home/airflow/.local/lib/python3.8/site-packages/airflow/example_dags/example_local_kubernetes_executor.py took 0.141 seconds
[2025-04-13T18:27:47.442+0000] {processor.py:161} INFO - Started process (PID=10716) to work on /home/airflow/.local/lib/python3.8/site-packages/airflow/example_dags/example_local_kubernetes_executor.py
[2025-04-13T18:27:47.444+0000] {processor.py:830} INFO - Processing file /home/airflow/.local/lib/python3.8/site-packages/airflow/example_dags/example_local_kubernetes_executor.py for tasks to queue
[2025-04-13T18:27:47.447+0000] {logging_mixin.py:188} INFO - [2025-04-13T18:27:47.447+0000] {dagbag.py:538} INFO - Filling up the DagBag from /home/airflow/.local/lib/python3.8/site-packages/airflow/example_dags/example_local_kubernetes_executor.py
[2025-04-13T18:27:47.461+0000] {processor.py:840} INFO - DAG(s) 'example_local_kubernetes_executor' retrieved from /home/airflow/.local/lib/python3.8/site-packages/airflow/example_dags/example_local_kubernetes_executor.py
[2025-04-13T18:27:47.520+0000] {logging_mixin.py:188} INFO - [2025-04-13T18:27:47.519+0000] {dag.py:3036} INFO - Sync 1 DAGs
[2025-04-13T18:27:47.545+0000] {logging_mixin.py:188} INFO - [2025-04-13T18:27:47.545+0000] {dag.py:3823} INFO - Setting next_dagrun for example_local_kubernetes_executor to None, run_after=None
[2025-04-13T18:27:47.598+0000] {processor.py:183} INFO - Processing /home/airflow/.local/lib/python3.8/site-packages/airflow/example_dags/example_local_kubernetes_executor.py took 0.162 seconds
[2025-04-13T18:28:21.036+0000] {processor.py:161} INFO - Started process (PID=10779) to work on /home/airflow/.local/lib/python3.8/site-packages/airflow/example_dags/example_local_kubernetes_executor.py
[2025-04-13T18:28:21.042+0000] {processor.py:830} INFO - Processing file /home/airflow/.local/lib/python3.8/site-packages/airflow/example_dags/example_local_kubernetes_executor.py for tasks to queue
[2025-04-13T18:28:21.051+0000] {logging_mixin.py:188} INFO - [2025-04-13T18:28:21.050+0000] {dagbag.py:538} INFO - Filling up the DagBag from /home/airflow/.local/lib/python3.8/site-packages/airflow/example_dags/example_local_kubernetes_executor.py
[2025-04-13T18:28:21.091+0000] {processor.py:840} INFO - DAG(s) 'example_local_kubernetes_executor' retrieved from /home/airflow/.local/lib/python3.8/site-packages/airflow/example_dags/example_local_kubernetes_executor.py
[2025-04-13T18:28:21.158+0000] {logging_mixin.py:188} INFO - [2025-04-13T18:28:21.157+0000] {dag.py:3036} INFO - Sync 1 DAGs
[2025-04-13T18:28:21.180+0000] {logging_mixin.py:188} INFO - [2025-04-13T18:28:21.179+0000] {dag.py:3823} INFO - Setting next_dagrun for example_local_kubernetes_executor to None, run_after=None
[2025-04-13T18:28:21.214+0000] {processor.py:183} INFO - Processing /home/airflow/.local/lib/python3.8/site-packages/airflow/example_dags/example_local_kubernetes_executor.py took 0.195 seconds
[2025-04-13T18:28:54.015+0000] {processor.py:161} INFO - Started process (PID=10835) to work on /home/airflow/.local/lib/python3.8/site-packages/airflow/example_dags/example_local_kubernetes_executor.py
[2025-04-13T18:28:54.018+0000] {processor.py:830} INFO - Processing file /home/airflow/.local/lib/python3.8/site-packages/airflow/example_dags/example_local_kubernetes_executor.py for tasks to queue
[2025-04-13T18:28:54.022+0000] {logging_mixin.py:188} INFO - [2025-04-13T18:28:54.021+0000] {dagbag.py:538} INFO - Filling up the DagBag from /home/airflow/.local/lib/python3.8/site-packages/airflow/example_dags/example_local_kubernetes_executor.py
[2025-04-13T18:28:54.050+0000] {processor.py:840} INFO - DAG(s) 'example_local_kubernetes_executor' retrieved from /home/airflow/.local/lib/python3.8/site-packages/airflow/example_dags/example_local_kubernetes_executor.py
[2025-04-13T18:28:54.205+0000] {logging_mixin.py:188} INFO - [2025-04-13T18:28:54.204+0000] {dag.py:3036} INFO - Sync 1 DAGs
[2025-04-13T18:28:54.252+0000] {logging_mixin.py:188} INFO - [2025-04-13T18:28:54.252+0000] {dag.py:3823} INFO - Setting next_dagrun for example_local_kubernetes_executor to None, run_after=None
[2025-04-13T18:28:54.296+0000] {processor.py:183} INFO - Processing /home/airflow/.local/lib/python3.8/site-packages/airflow/example_dags/example_local_kubernetes_executor.py took 0.290 seconds
[2025-04-13T18:29:28.250+0000] {processor.py:161} INFO - Started process (PID=10891) to work on /home/airflow/.local/lib/python3.8/site-packages/airflow/example_dags/example_local_kubernetes_executor.py
[2025-04-13T18:29:28.253+0000] {processor.py:830} INFO - Processing file /home/airflow/.local/lib/python3.8/site-packages/airflow/example_dags/example_local_kubernetes_executor.py for tasks to queue
[2025-04-13T18:29:28.257+0000] {logging_mixin.py:188} INFO - [2025-04-13T18:29:28.256+0000] {dagbag.py:538} INFO - Filling up the DagBag from /home/airflow/.local/lib/python3.8/site-packages/airflow/example_dags/example_local_kubernetes_executor.py
[2025-04-13T18:29:28.271+0000] {processor.py:840} INFO - DAG(s) 'example_local_kubernetes_executor' retrieved from /home/airflow/.local/lib/python3.8/site-packages/airflow/example_dags/example_local_kubernetes_executor.py
[2025-04-13T18:29:28.349+0000] {logging_mixin.py:188} INFO - [2025-04-13T18:29:28.348+0000] {dag.py:3036} INFO - Sync 1 DAGs
[2025-04-13T18:29:28.380+0000] {logging_mixin.py:188} INFO - [2025-04-13T18:29:28.379+0000] {dag.py:3823} INFO - Setting next_dagrun for example_local_kubernetes_executor to None, run_after=None
[2025-04-13T18:29:28.419+0000] {processor.py:183} INFO - Processing /home/airflow/.local/lib/python3.8/site-packages/airflow/example_dags/example_local_kubernetes_executor.py took 0.179 seconds
[2025-04-13T18:30:00.266+0000] {processor.py:161} INFO - Started process (PID=10947) to work on /home/airflow/.local/lib/python3.8/site-packages/airflow/example_dags/example_local_kubernetes_executor.py
[2025-04-13T18:30:00.269+0000] {processor.py:830} INFO - Processing file /home/airflow/.local/lib/python3.8/site-packages/airflow/example_dags/example_local_kubernetes_executor.py for tasks to queue
[2025-04-13T18:30:00.271+0000] {logging_mixin.py:188} INFO - [2025-04-13T18:30:00.271+0000] {dagbag.py:538} INFO - Filling up the DagBag from /home/airflow/.local/lib/python3.8/site-packages/airflow/example_dags/example_local_kubernetes_executor.py
[2025-04-13T18:30:00.288+0000] {processor.py:840} INFO - DAG(s) 'example_local_kubernetes_executor' retrieved from /home/airflow/.local/lib/python3.8/site-packages/airflow/example_dags/example_local_kubernetes_executor.py
[2025-04-13T18:30:00.349+0000] {logging_mixin.py:188} INFO - [2025-04-13T18:30:00.348+0000] {dag.py:3036} INFO - Sync 1 DAGs
[2025-04-13T18:30:00.380+0000] {logging_mixin.py:188} INFO - [2025-04-13T18:30:00.379+0000] {dag.py:3823} INFO - Setting next_dagrun for example_local_kubernetes_executor to None, run_after=None
[2025-04-13T18:30:00.428+0000] {processor.py:183} INFO - Processing /home/airflow/.local/lib/python3.8/site-packages/airflow/example_dags/example_local_kubernetes_executor.py took 0.169 seconds
[2025-04-13T18:30:33.321+0000] {processor.py:161} INFO - Started process (PID=11004) to work on /home/airflow/.local/lib/python3.8/site-packages/airflow/example_dags/example_local_kubernetes_executor.py
[2025-04-13T18:30:33.324+0000] {processor.py:830} INFO - Processing file /home/airflow/.local/lib/python3.8/site-packages/airflow/example_dags/example_local_kubernetes_executor.py for tasks to queue
[2025-04-13T18:30:33.330+0000] {logging_mixin.py:188} INFO - [2025-04-13T18:30:33.329+0000] {dagbag.py:538} INFO - Filling up the DagBag from /home/airflow/.local/lib/python3.8/site-packages/airflow/example_dags/example_local_kubernetes_executor.py
[2025-04-13T18:30:33.369+0000] {processor.py:840} INFO - DAG(s) 'example_local_kubernetes_executor' retrieved from /home/airflow/.local/lib/python3.8/site-packages/airflow/example_dags/example_local_kubernetes_executor.py
[2025-04-13T18:30:33.456+0000] {logging_mixin.py:188} INFO - [2025-04-13T18:30:33.456+0000] {dag.py:3036} INFO - Sync 1 DAGs
[2025-04-13T18:30:33.486+0000] {logging_mixin.py:188} INFO - [2025-04-13T18:30:33.486+0000] {dag.py:3823} INFO - Setting next_dagrun for example_local_kubernetes_executor to None, run_after=None
[2025-04-13T18:30:33.585+0000] {processor.py:183} INFO - Processing /home/airflow/.local/lib/python3.8/site-packages/airflow/example_dags/example_local_kubernetes_executor.py took 0.274 seconds
[2025-04-13T18:31:05.949+0000] {processor.py:161} INFO - Started process (PID=11061) to work on /home/airflow/.local/lib/python3.8/site-packages/airflow/example_dags/example_local_kubernetes_executor.py
[2025-04-13T18:31:05.952+0000] {processor.py:830} INFO - Processing file /home/airflow/.local/lib/python3.8/site-packages/airflow/example_dags/example_local_kubernetes_executor.py for tasks to queue
[2025-04-13T18:31:05.958+0000] {logging_mixin.py:188} INFO - [2025-04-13T18:31:05.957+0000] {dagbag.py:538} INFO - Filling up the DagBag from /home/airflow/.local/lib/python3.8/site-packages/airflow/example_dags/example_local_kubernetes_executor.py
[2025-04-13T18:31:05.990+0000] {processor.py:840} INFO - DAG(s) 'example_local_kubernetes_executor' retrieved from /home/airflow/.local/lib/python3.8/site-packages/airflow/example_dags/example_local_kubernetes_executor.py
[2025-04-13T18:31:06.075+0000] {logging_mixin.py:188} INFO - [2025-04-13T18:31:06.075+0000] {dag.py:3036} INFO - Sync 1 DAGs
[2025-04-13T18:31:06.100+0000] {logging_mixin.py:188} INFO - [2025-04-13T18:31:06.100+0000] {dag.py:3823} INFO - Setting next_dagrun for example_local_kubernetes_executor to None, run_after=None
[2025-04-13T18:31:06.153+0000] {processor.py:183} INFO - Processing /home/airflow/.local/lib/python3.8/site-packages/airflow/example_dags/example_local_kubernetes_executor.py took 0.217 seconds
[2025-04-13T18:31:39.102+0000] {processor.py:161} INFO - Started process (PID=11118) to work on /home/airflow/.local/lib/python3.8/site-packages/airflow/example_dags/example_local_kubernetes_executor.py
[2025-04-13T18:31:39.113+0000] {processor.py:830} INFO - Processing file /home/airflow/.local/lib/python3.8/site-packages/airflow/example_dags/example_local_kubernetes_executor.py for tasks to queue
[2025-04-13T18:31:39.118+0000] {logging_mixin.py:188} INFO - [2025-04-13T18:31:39.117+0000] {dagbag.py:538} INFO - Filling up the DagBag from /home/airflow/.local/lib/python3.8/site-packages/airflow/example_dags/example_local_kubernetes_executor.py
[2025-04-13T18:31:39.136+0000] {processor.py:840} INFO - DAG(s) 'example_local_kubernetes_executor' retrieved from /home/airflow/.local/lib/python3.8/site-packages/airflow/example_dags/example_local_kubernetes_executor.py
[2025-04-13T18:31:39.221+0000] {logging_mixin.py:188} INFO - [2025-04-13T18:31:39.220+0000] {dag.py:3036} INFO - Sync 1 DAGs
[2025-04-13T18:31:39.253+0000] {logging_mixin.py:188} INFO - [2025-04-13T18:31:39.253+0000] {dag.py:3823} INFO - Setting next_dagrun for example_local_kubernetes_executor to None, run_after=None
[2025-04-13T18:31:39.289+0000] {processor.py:183} INFO - Processing /home/airflow/.local/lib/python3.8/site-packages/airflow/example_dags/example_local_kubernetes_executor.py took 0.193 seconds
[2025-04-13T18:32:12.548+0000] {processor.py:161} INFO - Started process (PID=11174) to work on /home/airflow/.local/lib/python3.8/site-packages/airflow/example_dags/example_local_kubernetes_executor.py
[2025-04-13T18:32:12.550+0000] {processor.py:830} INFO - Processing file /home/airflow/.local/lib/python3.8/site-packages/airflow/example_dags/example_local_kubernetes_executor.py for tasks to queue
[2025-04-13T18:32:12.554+0000] {logging_mixin.py:188} INFO - [2025-04-13T18:32:12.554+0000] {dagbag.py:538} INFO - Filling up the DagBag from /home/airflow/.local/lib/python3.8/site-packages/airflow/example_dags/example_local_kubernetes_executor.py
[2025-04-13T18:32:12.570+0000] {processor.py:840} INFO - DAG(s) 'example_local_kubernetes_executor' retrieved from /home/airflow/.local/lib/python3.8/site-packages/airflow/example_dags/example_local_kubernetes_executor.py
[2025-04-13T18:32:12.638+0000] {logging_mixin.py:188} INFO - [2025-04-13T18:32:12.638+0000] {dag.py:3036} INFO - Sync 1 DAGs
[2025-04-13T18:32:12.663+0000] {logging_mixin.py:188} INFO - [2025-04-13T18:32:12.662+0000] {dag.py:3823} INFO - Setting next_dagrun for example_local_kubernetes_executor to None, run_after=None
[2025-04-13T18:32:12.733+0000] {processor.py:183} INFO - Processing /home/airflow/.local/lib/python3.8/site-packages/airflow/example_dags/example_local_kubernetes_executor.py took 0.191 seconds
[2025-04-13T18:32:45.606+0000] {processor.py:161} INFO - Started process (PID=11230) to work on /home/airflow/.local/lib/python3.8/site-packages/airflow/example_dags/example_local_kubernetes_executor.py
[2025-04-13T18:32:45.611+0000] {processor.py:830} INFO - Processing file /home/airflow/.local/lib/python3.8/site-packages/airflow/example_dags/example_local_kubernetes_executor.py for tasks to queue
[2025-04-13T18:32:45.617+0000] {logging_mixin.py:188} INFO - [2025-04-13T18:32:45.617+0000] {dagbag.py:538} INFO - Filling up the DagBag from /home/airflow/.local/lib/python3.8/site-packages/airflow/example_dags/example_local_kubernetes_executor.py
[2025-04-13T18:32:45.641+0000] {processor.py:840} INFO - DAG(s) 'example_local_kubernetes_executor' retrieved from /home/airflow/.local/lib/python3.8/site-packages/airflow/example_dags/example_local_kubernetes_executor.py
[2025-04-13T18:32:45.795+0000] {logging_mixin.py:188} INFO - [2025-04-13T18:32:45.794+0000] {dag.py:3036} INFO - Sync 1 DAGs
[2025-04-13T18:32:45.836+0000] {logging_mixin.py:188} INFO - [2025-04-13T18:32:45.836+0000] {dag.py:3823} INFO - Setting next_dagrun for example_local_kubernetes_executor to None, run_after=None
[2025-04-13T18:32:45.931+0000] {processor.py:183} INFO - Processing /home/airflow/.local/lib/python3.8/site-packages/airflow/example_dags/example_local_kubernetes_executor.py took 0.334 seconds
[2025-04-13T18:33:18.923+0000] {processor.py:161} INFO - Started process (PID=11286) to work on /home/airflow/.local/lib/python3.8/site-packages/airflow/example_dags/example_local_kubernetes_executor.py
[2025-04-13T18:33:18.925+0000] {processor.py:830} INFO - Processing file /home/airflow/.local/lib/python3.8/site-packages/airflow/example_dags/example_local_kubernetes_executor.py for tasks to queue
[2025-04-13T18:33:18.930+0000] {logging_mixin.py:188} INFO - [2025-04-13T18:33:18.929+0000] {dagbag.py:538} INFO - Filling up the DagBag from /home/airflow/.local/lib/python3.8/site-packages/airflow/example_dags/example_local_kubernetes_executor.py
[2025-04-13T18:33:18.948+0000] {processor.py:840} INFO - DAG(s) 'example_local_kubernetes_executor' retrieved from /home/airflow/.local/lib/python3.8/site-packages/airflow/example_dags/example_local_kubernetes_executor.py
[2025-04-13T18:33:19.053+0000] {logging_mixin.py:188} INFO - [2025-04-13T18:33:19.052+0000] {dag.py:3036} INFO - Sync 1 DAGs
[2025-04-13T18:33:19.090+0000] {logging_mixin.py:188} INFO - [2025-04-13T18:33:19.090+0000] {dag.py:3823} INFO - Setting next_dagrun for example_local_kubernetes_executor to None, run_after=None
[2025-04-13T18:33:19.131+0000] {processor.py:183} INFO - Processing /home/airflow/.local/lib/python3.8/site-packages/airflow/example_dags/example_local_kubernetes_executor.py took 0.218 seconds
[2025-04-13T18:33:51.909+0000] {processor.py:161} INFO - Started process (PID=11342) to work on /home/airflow/.local/lib/python3.8/site-packages/airflow/example_dags/example_local_kubernetes_executor.py
[2025-04-13T18:33:51.911+0000] {processor.py:830} INFO - Processing file /home/airflow/.local/lib/python3.8/site-packages/airflow/example_dags/example_local_kubernetes_executor.py for tasks to queue
[2025-04-13T18:33:51.916+0000] {logging_mixin.py:188} INFO - [2025-04-13T18:33:51.916+0000] {dagbag.py:538} INFO - Filling up the DagBag from /home/airflow/.local/lib/python3.8/site-packages/airflow/example_dags/example_local_kubernetes_executor.py
[2025-04-13T18:33:51.931+0000] {processor.py:840} INFO - DAG(s) 'example_local_kubernetes_executor' retrieved from /home/airflow/.local/lib/python3.8/site-packages/airflow/example_dags/example_local_kubernetes_executor.py
[2025-04-13T18:33:52.011+0000] {logging_mixin.py:188} INFO - [2025-04-13T18:33:52.011+0000] {dag.py:3036} INFO - Sync 1 DAGs
[2025-04-13T18:33:52.042+0000] {logging_mixin.py:188} INFO - [2025-04-13T18:33:52.041+0000] {dag.py:3823} INFO - Setting next_dagrun for example_local_kubernetes_executor to None, run_after=None
[2025-04-13T18:33:52.106+0000] {processor.py:183} INFO - Processing /home/airflow/.local/lib/python3.8/site-packages/airflow/example_dags/example_local_kubernetes_executor.py took 0.204 seconds
[2025-04-13T18:34:24.417+0000] {processor.py:161} INFO - Started process (PID=11398) to work on /home/airflow/.local/lib/python3.8/site-packages/airflow/example_dags/example_local_kubernetes_executor.py
[2025-04-13T18:34:24.419+0000] {processor.py:830} INFO - Processing file /home/airflow/.local/lib/python3.8/site-packages/airflow/example_dags/example_local_kubernetes_executor.py for tasks to queue
[2025-04-13T18:34:24.426+0000] {logging_mixin.py:188} INFO - [2025-04-13T18:34:24.425+0000] {dagbag.py:538} INFO - Filling up the DagBag from /home/airflow/.local/lib/python3.8/site-packages/airflow/example_dags/example_local_kubernetes_executor.py
[2025-04-13T18:34:24.453+0000] {processor.py:840} INFO - DAG(s) 'example_local_kubernetes_executor' retrieved from /home/airflow/.local/lib/python3.8/site-packages/airflow/example_dags/example_local_kubernetes_executor.py
[2025-04-13T18:34:24.526+0000] {logging_mixin.py:188} INFO - [2025-04-13T18:34:24.526+0000] {dag.py:3036} INFO - Sync 1 DAGs
[2025-04-13T18:34:24.551+0000] {logging_mixin.py:188} INFO - [2025-04-13T18:34:24.550+0000] {dag.py:3823} INFO - Setting next_dagrun for example_local_kubernetes_executor to None, run_after=None
[2025-04-13T18:34:24.623+0000] {processor.py:183} INFO - Processing /home/airflow/.local/lib/python3.8/site-packages/airflow/example_dags/example_local_kubernetes_executor.py took 0.218 seconds
[2025-04-13T18:34:58.375+0000] {processor.py:161} INFO - Started process (PID=11454) to work on /home/airflow/.local/lib/python3.8/site-packages/airflow/example_dags/example_local_kubernetes_executor.py
[2025-04-13T18:34:58.377+0000] {processor.py:830} INFO - Processing file /home/airflow/.local/lib/python3.8/site-packages/airflow/example_dags/example_local_kubernetes_executor.py for tasks to queue
[2025-04-13T18:34:58.381+0000] {logging_mixin.py:188} INFO - [2025-04-13T18:34:58.381+0000] {dagbag.py:538} INFO - Filling up the DagBag from /home/airflow/.local/lib/python3.8/site-packages/airflow/example_dags/example_local_kubernetes_executor.py
[2025-04-13T18:34:58.402+0000] {processor.py:840} INFO - DAG(s) 'example_local_kubernetes_executor' retrieved from /home/airflow/.local/lib/python3.8/site-packages/airflow/example_dags/example_local_kubernetes_executor.py
[2025-04-13T18:34:58.468+0000] {logging_mixin.py:188} INFO - [2025-04-13T18:34:58.467+0000] {dag.py:3036} INFO - Sync 1 DAGs
[2025-04-13T18:34:58.491+0000] {logging_mixin.py:188} INFO - [2025-04-13T18:34:58.491+0000] {dag.py:3823} INFO - Setting next_dagrun for example_local_kubernetes_executor to None, run_after=None
[2025-04-13T18:34:58.582+0000] {processor.py:183} INFO - Processing /home/airflow/.local/lib/python3.8/site-packages/airflow/example_dags/example_local_kubernetes_executor.py took 0.216 seconds
[2025-04-13T18:35:31.054+0000] {processor.py:161} INFO - Started process (PID=11510) to work on /home/airflow/.local/lib/python3.8/site-packages/airflow/example_dags/example_local_kubernetes_executor.py
[2025-04-13T18:35:31.056+0000] {processor.py:830} INFO - Processing file /home/airflow/.local/lib/python3.8/site-packages/airflow/example_dags/example_local_kubernetes_executor.py for tasks to queue
[2025-04-13T18:35:31.060+0000] {logging_mixin.py:188} INFO - [2025-04-13T18:35:31.059+0000] {dagbag.py:538} INFO - Filling up the DagBag from /home/airflow/.local/lib/python3.8/site-packages/airflow/example_dags/example_local_kubernetes_executor.py
[2025-04-13T18:35:31.072+0000] {processor.py:840} INFO - DAG(s) 'example_local_kubernetes_executor' retrieved from /home/airflow/.local/lib/python3.8/site-packages/airflow/example_dags/example_local_kubernetes_executor.py
[2025-04-13T18:35:31.123+0000] {logging_mixin.py:188} INFO - [2025-04-13T18:35:31.123+0000] {dag.py:3036} INFO - Sync 1 DAGs
[2025-04-13T18:35:31.147+0000] {logging_mixin.py:188} INFO - [2025-04-13T18:35:31.147+0000] {dag.py:3823} INFO - Setting next_dagrun for example_local_kubernetes_executor to None, run_after=None
[2025-04-13T18:35:31.239+0000] {processor.py:183} INFO - Processing /home/airflow/.local/lib/python3.8/site-packages/airflow/example_dags/example_local_kubernetes_executor.py took 0.191 seconds
[2025-04-13T18:36:01.724+0000] {processor.py:161} INFO - Started process (PID=11566) to work on /home/airflow/.local/lib/python3.8/site-packages/airflow/example_dags/example_local_kubernetes_executor.py
[2025-04-13T18:36:01.726+0000] {processor.py:830} INFO - Processing file /home/airflow/.local/lib/python3.8/site-packages/airflow/example_dags/example_local_kubernetes_executor.py for tasks to queue
[2025-04-13T18:36:01.730+0000] {logging_mixin.py:188} INFO - [2025-04-13T18:36:01.729+0000] {dagbag.py:538} INFO - Filling up the DagBag from /home/airflow/.local/lib/python3.8/site-packages/airflow/example_dags/example_local_kubernetes_executor.py
[2025-04-13T18:36:01.749+0000] {processor.py:840} INFO - DAG(s) 'example_local_kubernetes_executor' retrieved from /home/airflow/.local/lib/python3.8/site-packages/airflow/example_dags/example_local_kubernetes_executor.py
[2025-04-13T18:36:01.817+0000] {logging_mixin.py:188} INFO - [2025-04-13T18:36:01.817+0000] {dag.py:3036} INFO - Sync 1 DAGs
[2025-04-13T18:36:01.838+0000] {logging_mixin.py:188} INFO - [2025-04-13T18:36:01.838+0000] {dag.py:3823} INFO - Setting next_dagrun for example_local_kubernetes_executor to None, run_after=None
[2025-04-13T18:36:01.947+0000] {processor.py:183} INFO - Processing /home/airflow/.local/lib/python3.8/site-packages/airflow/example_dags/example_local_kubernetes_executor.py took 0.233 seconds
[2025-04-13T18:36:34.687+0000] {processor.py:161} INFO - Started process (PID=11622) to work on /home/airflow/.local/lib/python3.8/site-packages/airflow/example_dags/example_local_kubernetes_executor.py
[2025-04-13T18:36:34.689+0000] {processor.py:830} INFO - Processing file /home/airflow/.local/lib/python3.8/site-packages/airflow/example_dags/example_local_kubernetes_executor.py for tasks to queue
[2025-04-13T18:36:34.692+0000] {logging_mixin.py:188} INFO - [2025-04-13T18:36:34.691+0000] {dagbag.py:538} INFO - Filling up the DagBag from /home/airflow/.local/lib/python3.8/site-packages/airflow/example_dags/example_local_kubernetes_executor.py
[2025-04-13T18:36:34.708+0000] {processor.py:840} INFO - DAG(s) 'example_local_kubernetes_executor' retrieved from /home/airflow/.local/lib/python3.8/site-packages/airflow/example_dags/example_local_kubernetes_executor.py
[2025-04-13T18:36:34.769+0000] {logging_mixin.py:188} INFO - [2025-04-13T18:36:34.768+0000] {dag.py:3036} INFO - Sync 1 DAGs
[2025-04-13T18:36:34.797+0000] {logging_mixin.py:188} INFO - [2025-04-13T18:36:34.796+0000] {dag.py:3823} INFO - Setting next_dagrun for example_local_kubernetes_executor to None, run_after=None
[2025-04-13T18:36:34.868+0000] {processor.py:183} INFO - Processing /home/airflow/.local/lib/python3.8/site-packages/airflow/example_dags/example_local_kubernetes_executor.py took 0.188 seconds
[2025-04-13T18:37:07.622+0000] {processor.py:161} INFO - Started process (PID=11678) to work on /home/airflow/.local/lib/python3.8/site-packages/airflow/example_dags/example_local_kubernetes_executor.py
[2025-04-13T18:37:07.624+0000] {processor.py:830} INFO - Processing file /home/airflow/.local/lib/python3.8/site-packages/airflow/example_dags/example_local_kubernetes_executor.py for tasks to queue
[2025-04-13T18:37:07.628+0000] {logging_mixin.py:188} INFO - [2025-04-13T18:37:07.627+0000] {dagbag.py:538} INFO - Filling up the DagBag from /home/airflow/.local/lib/python3.8/site-packages/airflow/example_dags/example_local_kubernetes_executor.py
[2025-04-13T18:37:07.652+0000] {processor.py:840} INFO - DAG(s) 'example_local_kubernetes_executor' retrieved from /home/airflow/.local/lib/python3.8/site-packages/airflow/example_dags/example_local_kubernetes_executor.py
[2025-04-13T18:37:07.710+0000] {logging_mixin.py:188} INFO - [2025-04-13T18:37:07.709+0000] {dag.py:3036} INFO - Sync 1 DAGs
[2025-04-13T18:37:07.728+0000] {logging_mixin.py:188} INFO - [2025-04-13T18:37:07.728+0000] {dag.py:3823} INFO - Setting next_dagrun for example_local_kubernetes_executor to None, run_after=None
[2025-04-13T18:37:07.761+0000] {processor.py:183} INFO - Processing /home/airflow/.local/lib/python3.8/site-packages/airflow/example_dags/example_local_kubernetes_executor.py took 0.146 seconds
[2025-04-13T18:37:41.763+0000] {processor.py:161} INFO - Started process (PID=11734) to work on /home/airflow/.local/lib/python3.8/site-packages/airflow/example_dags/example_local_kubernetes_executor.py
[2025-04-13T18:37:41.768+0000] {processor.py:830} INFO - Processing file /home/airflow/.local/lib/python3.8/site-packages/airflow/example_dags/example_local_kubernetes_executor.py for tasks to queue
[2025-04-13T18:37:41.776+0000] {logging_mixin.py:188} INFO - [2025-04-13T18:37:41.775+0000] {dagbag.py:538} INFO - Filling up the DagBag from /home/airflow/.local/lib/python3.8/site-packages/airflow/example_dags/example_local_kubernetes_executor.py
[2025-04-13T18:37:41.805+0000] {processor.py:840} INFO - DAG(s) 'example_local_kubernetes_executor' retrieved from /home/airflow/.local/lib/python3.8/site-packages/airflow/example_dags/example_local_kubernetes_executor.py
[2025-04-13T18:37:41.873+0000] {logging_mixin.py:188} INFO - [2025-04-13T18:37:41.872+0000] {dag.py:3036} INFO - Sync 1 DAGs
[2025-04-13T18:37:41.896+0000] {logging_mixin.py:188} INFO - [2025-04-13T18:37:41.895+0000] {dag.py:3823} INFO - Setting next_dagrun for example_local_kubernetes_executor to None, run_after=None
[2025-04-13T18:37:41.927+0000] {processor.py:183} INFO - Processing /home/airflow/.local/lib/python3.8/site-packages/airflow/example_dags/example_local_kubernetes_executor.py took 0.177 seconds
[2025-04-13T18:38:14.425+0000] {processor.py:161} INFO - Started process (PID=11790) to work on /home/airflow/.local/lib/python3.8/site-packages/airflow/example_dags/example_local_kubernetes_executor.py
[2025-04-13T18:38:14.427+0000] {processor.py:830} INFO - Processing file /home/airflow/.local/lib/python3.8/site-packages/airflow/example_dags/example_local_kubernetes_executor.py for tasks to queue
[2025-04-13T18:38:14.432+0000] {logging_mixin.py:188} INFO - [2025-04-13T18:38:14.431+0000] {dagbag.py:538} INFO - Filling up the DagBag from /home/airflow/.local/lib/python3.8/site-packages/airflow/example_dags/example_local_kubernetes_executor.py
[2025-04-13T18:38:14.449+0000] {processor.py:840} INFO - DAG(s) 'example_local_kubernetes_executor' retrieved from /home/airflow/.local/lib/python3.8/site-packages/airflow/example_dags/example_local_kubernetes_executor.py
[2025-04-13T18:38:14.513+0000] {logging_mixin.py:188} INFO - [2025-04-13T18:38:14.513+0000] {dag.py:3036} INFO - Sync 1 DAGs
[2025-04-13T18:38:14.534+0000] {logging_mixin.py:188} INFO - [2025-04-13T18:38:14.534+0000] {dag.py:3823} INFO - Setting next_dagrun for example_local_kubernetes_executor to None, run_after=None
[2025-04-13T18:38:14.574+0000] {processor.py:183} INFO - Processing /home/airflow/.local/lib/python3.8/site-packages/airflow/example_dags/example_local_kubernetes_executor.py took 0.155 seconds
[2025-04-13T18:38:47.370+0000] {processor.py:161} INFO - Started process (PID=11846) to work on /home/airflow/.local/lib/python3.8/site-packages/airflow/example_dags/example_local_kubernetes_executor.py
[2025-04-13T18:38:47.372+0000] {processor.py:830} INFO - Processing file /home/airflow/.local/lib/python3.8/site-packages/airflow/example_dags/example_local_kubernetes_executor.py for tasks to queue
[2025-04-13T18:38:47.377+0000] {logging_mixin.py:188} INFO - [2025-04-13T18:38:47.376+0000] {dagbag.py:538} INFO - Filling up the DagBag from /home/airflow/.local/lib/python3.8/site-packages/airflow/example_dags/example_local_kubernetes_executor.py
[2025-04-13T18:38:47.395+0000] {processor.py:840} INFO - DAG(s) 'example_local_kubernetes_executor' retrieved from /home/airflow/.local/lib/python3.8/site-packages/airflow/example_dags/example_local_kubernetes_executor.py
[2025-04-13T18:38:47.467+0000] {logging_mixin.py:188} INFO - [2025-04-13T18:38:47.466+0000] {dag.py:3036} INFO - Sync 1 DAGs
[2025-04-13T18:38:47.502+0000] {logging_mixin.py:188} INFO - [2025-04-13T18:38:47.501+0000] {dag.py:3823} INFO - Setting next_dagrun for example_local_kubernetes_executor to None, run_after=None
[2025-04-13T18:38:47.555+0000] {processor.py:183} INFO - Processing /home/airflow/.local/lib/python3.8/site-packages/airflow/example_dags/example_local_kubernetes_executor.py took 0.196 seconds
[2025-04-13T18:39:20.784+0000] {processor.py:161} INFO - Started process (PID=11902) to work on /home/airflow/.local/lib/python3.8/site-packages/airflow/example_dags/example_local_kubernetes_executor.py
[2025-04-13T18:39:20.786+0000] {processor.py:830} INFO - Processing file /home/airflow/.local/lib/python3.8/site-packages/airflow/example_dags/example_local_kubernetes_executor.py for tasks to queue
[2025-04-13T18:39:20.791+0000] {logging_mixin.py:188} INFO - [2025-04-13T18:39:20.791+0000] {dagbag.py:538} INFO - Filling up the DagBag from /home/airflow/.local/lib/python3.8/site-packages/airflow/example_dags/example_local_kubernetes_executor.py
[2025-04-13T18:39:20.811+0000] {processor.py:840} INFO - DAG(s) 'example_local_kubernetes_executor' retrieved from /home/airflow/.local/lib/python3.8/site-packages/airflow/example_dags/example_local_kubernetes_executor.py
[2025-04-13T18:39:20.878+0000] {logging_mixin.py:188} INFO - [2025-04-13T18:39:20.877+0000] {dag.py:3036} INFO - Sync 1 DAGs
[2025-04-13T18:39:20.908+0000] {logging_mixin.py:188} INFO - [2025-04-13T18:39:20.907+0000] {dag.py:3823} INFO - Setting next_dagrun for example_local_kubernetes_executor to None, run_after=None
[2025-04-13T18:39:20.979+0000] {processor.py:183} INFO - Processing /home/airflow/.local/lib/python3.8/site-packages/airflow/example_dags/example_local_kubernetes_executor.py took 0.208 seconds
[2025-04-13T18:39:53.472+0000] {processor.py:161} INFO - Started process (PID=11959) to work on /home/airflow/.local/lib/python3.8/site-packages/airflow/example_dags/example_local_kubernetes_executor.py
[2025-04-13T18:39:53.474+0000] {processor.py:830} INFO - Processing file /home/airflow/.local/lib/python3.8/site-packages/airflow/example_dags/example_local_kubernetes_executor.py for tasks to queue
[2025-04-13T18:39:53.479+0000] {logging_mixin.py:188} INFO - [2025-04-13T18:39:53.478+0000] {dagbag.py:538} INFO - Filling up the DagBag from /home/airflow/.local/lib/python3.8/site-packages/airflow/example_dags/example_local_kubernetes_executor.py
[2025-04-13T18:39:53.496+0000] {processor.py:840} INFO - DAG(s) 'example_local_kubernetes_executor' retrieved from /home/airflow/.local/lib/python3.8/site-packages/airflow/example_dags/example_local_kubernetes_executor.py
[2025-04-13T18:39:53.559+0000] {logging_mixin.py:188} INFO - [2025-04-13T18:39:53.559+0000] {dag.py:3036} INFO - Sync 1 DAGs
[2025-04-13T18:39:53.586+0000] {logging_mixin.py:188} INFO - [2025-04-13T18:39:53.586+0000] {dag.py:3823} INFO - Setting next_dagrun for example_local_kubernetes_executor to None, run_after=None
[2025-04-13T18:39:53.630+0000] {processor.py:183} INFO - Processing /home/airflow/.local/lib/python3.8/site-packages/airflow/example_dags/example_local_kubernetes_executor.py took 0.167 seconds
[2025-04-13T18:40:26.950+0000] {processor.py:161} INFO - Started process (PID=12015) to work on /home/airflow/.local/lib/python3.8/site-packages/airflow/example_dags/example_local_kubernetes_executor.py
[2025-04-13T18:40:26.951+0000] {processor.py:830} INFO - Processing file /home/airflow/.local/lib/python3.8/site-packages/airflow/example_dags/example_local_kubernetes_executor.py for tasks to queue
[2025-04-13T18:40:26.954+0000] {logging_mixin.py:188} INFO - [2025-04-13T18:40:26.954+0000] {dagbag.py:538} INFO - Filling up the DagBag from /home/airflow/.local/lib/python3.8/site-packages/airflow/example_dags/example_local_kubernetes_executor.py
[2025-04-13T18:40:26.971+0000] {processor.py:840} INFO - DAG(s) 'example_local_kubernetes_executor' retrieved from /home/airflow/.local/lib/python3.8/site-packages/airflow/example_dags/example_local_kubernetes_executor.py
[2025-04-13T18:40:27.035+0000] {logging_mixin.py:188} INFO - [2025-04-13T18:40:27.035+0000] {dag.py:3036} INFO - Sync 1 DAGs
[2025-04-13T18:40:27.060+0000] {logging_mixin.py:188} INFO - [2025-04-13T18:40:27.059+0000] {dag.py:3823} INFO - Setting next_dagrun for example_local_kubernetes_executor to None, run_after=None
[2025-04-13T18:40:27.123+0000] {processor.py:183} INFO - Processing /home/airflow/.local/lib/python3.8/site-packages/airflow/example_dags/example_local_kubernetes_executor.py took 0.179 seconds
[2025-04-13T18:41:00.432+0000] {processor.py:161} INFO - Started process (PID=12071) to work on /home/airflow/.local/lib/python3.8/site-packages/airflow/example_dags/example_local_kubernetes_executor.py
[2025-04-13T18:41:00.434+0000] {processor.py:830} INFO - Processing file /home/airflow/.local/lib/python3.8/site-packages/airflow/example_dags/example_local_kubernetes_executor.py for tasks to queue
[2025-04-13T18:41:00.439+0000] {logging_mixin.py:188} INFO - [2025-04-13T18:41:00.438+0000] {dagbag.py:538} INFO - Filling up the DagBag from /home/airflow/.local/lib/python3.8/site-packages/airflow/example_dags/example_local_kubernetes_executor.py
[2025-04-13T18:41:00.451+0000] {processor.py:840} INFO - DAG(s) 'example_local_kubernetes_executor' retrieved from /home/airflow/.local/lib/python3.8/site-packages/airflow/example_dags/example_local_kubernetes_executor.py
[2025-04-13T18:41:00.511+0000] {logging_mixin.py:188} INFO - [2025-04-13T18:41:00.511+0000] {dag.py:3036} INFO - Sync 1 DAGs
[2025-04-13T18:41:00.531+0000] {logging_mixin.py:188} INFO - [2025-04-13T18:41:00.530+0000] {dag.py:3823} INFO - Setting next_dagrun for example_local_kubernetes_executor to None, run_after=None
[2025-04-13T18:41:00.626+0000] {processor.py:183} INFO - Processing /home/airflow/.local/lib/python3.8/site-packages/airflow/example_dags/example_local_kubernetes_executor.py took 0.204 seconds
[2025-04-13T18:41:33.536+0000] {processor.py:161} INFO - Started process (PID=12127) to work on /home/airflow/.local/lib/python3.8/site-packages/airflow/example_dags/example_local_kubernetes_executor.py
[2025-04-13T18:41:33.538+0000] {processor.py:830} INFO - Processing file /home/airflow/.local/lib/python3.8/site-packages/airflow/example_dags/example_local_kubernetes_executor.py for tasks to queue
[2025-04-13T18:41:33.542+0000] {logging_mixin.py:188} INFO - [2025-04-13T18:41:33.542+0000] {dagbag.py:538} INFO - Filling up the DagBag from /home/airflow/.local/lib/python3.8/site-packages/airflow/example_dags/example_local_kubernetes_executor.py
[2025-04-13T18:41:33.559+0000] {processor.py:840} INFO - DAG(s) 'example_local_kubernetes_executor' retrieved from /home/airflow/.local/lib/python3.8/site-packages/airflow/example_dags/example_local_kubernetes_executor.py
[2025-04-13T18:41:33.629+0000] {logging_mixin.py:188} INFO - [2025-04-13T18:41:33.629+0000] {dag.py:3036} INFO - Sync 1 DAGs
[2025-04-13T18:41:33.651+0000] {logging_mixin.py:188} INFO - [2025-04-13T18:41:33.651+0000] {dag.py:3823} INFO - Setting next_dagrun for example_local_kubernetes_executor to None, run_after=None
[2025-04-13T18:41:33.740+0000] {processor.py:183} INFO - Processing /home/airflow/.local/lib/python3.8/site-packages/airflow/example_dags/example_local_kubernetes_executor.py took 0.211 seconds
[2025-04-13T18:55:58.174+0000] {processor.py:161} INFO - Started process (PID=12199) to work on /home/airflow/.local/lib/python3.8/site-packages/airflow/example_dags/example_local_kubernetes_executor.py
[2025-04-13T18:55:58.183+0000] {processor.py:830} INFO - Processing file /home/airflow/.local/lib/python3.8/site-packages/airflow/example_dags/example_local_kubernetes_executor.py for tasks to queue
[2025-04-13T18:55:58.198+0000] {logging_mixin.py:188} INFO - [2025-04-13T18:55:58.198+0000] {dagbag.py:538} INFO - Filling up the DagBag from /home/airflow/.local/lib/python3.8/site-packages/airflow/example_dags/example_local_kubernetes_executor.py
[2025-04-13T18:55:58.262+0000] {processor.py:840} INFO - DAG(s) 'example_local_kubernetes_executor' retrieved from /home/airflow/.local/lib/python3.8/site-packages/airflow/example_dags/example_local_kubernetes_executor.py
[2025-04-13T18:55:58.705+0000] {logging_mixin.py:188} INFO - [2025-04-13T18:55:58.704+0000] {dag.py:3036} INFO - Sync 1 DAGs
[2025-04-13T18:55:58.856+0000] {logging_mixin.py:188} INFO - [2025-04-13T18:55:58.855+0000] {dag.py:3823} INFO - Setting next_dagrun for example_local_kubernetes_executor to None, run_after=None
[2025-04-13T18:55:59.009+0000] {processor.py:183} INFO - Processing /home/airflow/.local/lib/python3.8/site-packages/airflow/example_dags/example_local_kubernetes_executor.py took 0.853 seconds
[2025-04-13T18:56:29.185+0000] {processor.py:161} INFO - Started process (PID=12255) to work on /home/airflow/.local/lib/python3.8/site-packages/airflow/example_dags/example_local_kubernetes_executor.py
[2025-04-13T18:56:29.187+0000] {processor.py:830} INFO - Processing file /home/airflow/.local/lib/python3.8/site-packages/airflow/example_dags/example_local_kubernetes_executor.py for tasks to queue
[2025-04-13T18:56:29.191+0000] {logging_mixin.py:188} INFO - [2025-04-13T18:56:29.190+0000] {dagbag.py:538} INFO - Filling up the DagBag from /home/airflow/.local/lib/python3.8/site-packages/airflow/example_dags/example_local_kubernetes_executor.py
[2025-04-13T18:56:29.205+0000] {processor.py:840} INFO - DAG(s) 'example_local_kubernetes_executor' retrieved from /home/airflow/.local/lib/python3.8/site-packages/airflow/example_dags/example_local_kubernetes_executor.py
[2025-04-13T18:56:29.262+0000] {logging_mixin.py:188} INFO - [2025-04-13T18:56:29.262+0000] {dag.py:3036} INFO - Sync 1 DAGs
[2025-04-13T18:56:29.286+0000] {logging_mixin.py:188} INFO - [2025-04-13T18:56:29.285+0000] {dag.py:3823} INFO - Setting next_dagrun for example_local_kubernetes_executor to None, run_after=None
[2025-04-13T18:56:29.322+0000] {processor.py:183} INFO - Processing /home/airflow/.local/lib/python3.8/site-packages/airflow/example_dags/example_local_kubernetes_executor.py took 0.142 seconds
[2025-04-13T18:57:02.656+0000] {processor.py:161} INFO - Started process (PID=12311) to work on /home/airflow/.local/lib/python3.8/site-packages/airflow/example_dags/example_local_kubernetes_executor.py
[2025-04-13T18:57:02.667+0000] {processor.py:830} INFO - Processing file /home/airflow/.local/lib/python3.8/site-packages/airflow/example_dags/example_local_kubernetes_executor.py for tasks to queue
[2025-04-13T18:57:02.683+0000] {logging_mixin.py:188} INFO - [2025-04-13T18:57:02.682+0000] {dagbag.py:538} INFO - Filling up the DagBag from /home/airflow/.local/lib/python3.8/site-packages/airflow/example_dags/example_local_kubernetes_executor.py
[2025-04-13T18:57:02.735+0000] {processor.py:840} INFO - DAG(s) 'example_local_kubernetes_executor' retrieved from /home/airflow/.local/lib/python3.8/site-packages/airflow/example_dags/example_local_kubernetes_executor.py
[2025-04-13T18:57:02.994+0000] {logging_mixin.py:188} INFO - [2025-04-13T18:57:02.992+0000] {dag.py:3036} INFO - Sync 1 DAGs
[2025-04-13T18:57:03.081+0000] {logging_mixin.py:188} INFO - [2025-04-13T18:57:03.080+0000] {dag.py:3823} INFO - Setting next_dagrun for example_local_kubernetes_executor to None, run_after=None
[2025-04-13T18:57:03.191+0000] {processor.py:183} INFO - Processing /home/airflow/.local/lib/python3.8/site-packages/airflow/example_dags/example_local_kubernetes_executor.py took 0.545 seconds
[2025-04-13T18:57:33.849+0000] {processor.py:161} INFO - Started process (PID=12367) to work on /home/airflow/.local/lib/python3.8/site-packages/airflow/example_dags/example_local_kubernetes_executor.py
[2025-04-13T18:57:33.851+0000] {processor.py:830} INFO - Processing file /home/airflow/.local/lib/python3.8/site-packages/airflow/example_dags/example_local_kubernetes_executor.py for tasks to queue
[2025-04-13T18:57:33.853+0000] {logging_mixin.py:188} INFO - [2025-04-13T18:57:33.853+0000] {dagbag.py:538} INFO - Filling up the DagBag from /home/airflow/.local/lib/python3.8/site-packages/airflow/example_dags/example_local_kubernetes_executor.py
[2025-04-13T18:57:33.862+0000] {processor.py:840} INFO - DAG(s) 'example_local_kubernetes_executor' retrieved from /home/airflow/.local/lib/python3.8/site-packages/airflow/example_dags/example_local_kubernetes_executor.py
[2025-04-13T18:57:33.903+0000] {logging_mixin.py:188} INFO - [2025-04-13T18:57:33.902+0000] {dag.py:3036} INFO - Sync 1 DAGs
[2025-04-13T18:57:33.919+0000] {logging_mixin.py:188} INFO - [2025-04-13T18:57:33.919+0000] {dag.py:3823} INFO - Setting next_dagrun for example_local_kubernetes_executor to None, run_after=None
[2025-04-13T18:57:33.950+0000] {processor.py:183} INFO - Processing /home/airflow/.local/lib/python3.8/site-packages/airflow/example_dags/example_local_kubernetes_executor.py took 0.105 seconds
[2025-04-13T18:58:04.818+0000] {processor.py:161} INFO - Started process (PID=12423) to work on /home/airflow/.local/lib/python3.8/site-packages/airflow/example_dags/example_local_kubernetes_executor.py
[2025-04-13T18:58:04.820+0000] {processor.py:830} INFO - Processing file /home/airflow/.local/lib/python3.8/site-packages/airflow/example_dags/example_local_kubernetes_executor.py for tasks to queue
[2025-04-13T18:58:04.822+0000] {logging_mixin.py:188} INFO - [2025-04-13T18:58:04.822+0000] {dagbag.py:538} INFO - Filling up the DagBag from /home/airflow/.local/lib/python3.8/site-packages/airflow/example_dags/example_local_kubernetes_executor.py
[2025-04-13T18:58:04.832+0000] {processor.py:840} INFO - DAG(s) 'example_local_kubernetes_executor' retrieved from /home/airflow/.local/lib/python3.8/site-packages/airflow/example_dags/example_local_kubernetes_executor.py
[2025-04-13T18:58:04.870+0000] {logging_mixin.py:188} INFO - [2025-04-13T18:58:04.870+0000] {dag.py:3036} INFO - Sync 1 DAGs
[2025-04-13T18:58:04.884+0000] {logging_mixin.py:188} INFO - [2025-04-13T18:58:04.884+0000] {dag.py:3823} INFO - Setting next_dagrun for example_local_kubernetes_executor to None, run_after=None
[2025-04-13T18:58:04.906+0000] {processor.py:183} INFO - Processing /home/airflow/.local/lib/python3.8/site-packages/airflow/example_dags/example_local_kubernetes_executor.py took 0.091 seconds
[2025-04-13T18:58:35.375+0000] {processor.py:161} INFO - Started process (PID=12480) to work on /home/airflow/.local/lib/python3.8/site-packages/airflow/example_dags/example_local_kubernetes_executor.py
[2025-04-13T18:58:35.377+0000] {processor.py:830} INFO - Processing file /home/airflow/.local/lib/python3.8/site-packages/airflow/example_dags/example_local_kubernetes_executor.py for tasks to queue
[2025-04-13T18:58:35.381+0000] {logging_mixin.py:188} INFO - [2025-04-13T18:58:35.380+0000] {dagbag.py:538} INFO - Filling up the DagBag from /home/airflow/.local/lib/python3.8/site-packages/airflow/example_dags/example_local_kubernetes_executor.py
[2025-04-13T18:58:35.396+0000] {processor.py:840} INFO - DAG(s) 'example_local_kubernetes_executor' retrieved from /home/airflow/.local/lib/python3.8/site-packages/airflow/example_dags/example_local_kubernetes_executor.py
[2025-04-13T18:58:35.467+0000] {logging_mixin.py:188} INFO - [2025-04-13T18:58:35.466+0000] {dag.py:3036} INFO - Sync 1 DAGs
[2025-04-13T18:58:35.508+0000] {logging_mixin.py:188} INFO - [2025-04-13T18:58:35.508+0000] {dag.py:3823} INFO - Setting next_dagrun for example_local_kubernetes_executor to None, run_after=None
[2025-04-13T18:58:35.544+0000] {processor.py:183} INFO - Processing /home/airflow/.local/lib/python3.8/site-packages/airflow/example_dags/example_local_kubernetes_executor.py took 0.177 seconds
[2025-04-13T18:59:07.725+0000] {processor.py:161} INFO - Started process (PID=12536) to work on /home/airflow/.local/lib/python3.8/site-packages/airflow/example_dags/example_local_kubernetes_executor.py
[2025-04-13T18:59:07.727+0000] {processor.py:830} INFO - Processing file /home/airflow/.local/lib/python3.8/site-packages/airflow/example_dags/example_local_kubernetes_executor.py for tasks to queue
[2025-04-13T18:59:07.729+0000] {logging_mixin.py:188} INFO - [2025-04-13T18:59:07.729+0000] {dagbag.py:538} INFO - Filling up the DagBag from /home/airflow/.local/lib/python3.8/site-packages/airflow/example_dags/example_local_kubernetes_executor.py
[2025-04-13T18:59:07.762+0000] {processor.py:840} INFO - DAG(s) 'example_local_kubernetes_executor' retrieved from /home/airflow/.local/lib/python3.8/site-packages/airflow/example_dags/example_local_kubernetes_executor.py
[2025-04-13T18:59:07.856+0000] {logging_mixin.py:188} INFO - [2025-04-13T18:59:07.856+0000] {dag.py:3036} INFO - Sync 1 DAGs
[2025-04-13T18:59:07.908+0000] {logging_mixin.py:188} INFO - [2025-04-13T18:59:07.907+0000] {dag.py:3823} INFO - Setting next_dagrun for example_local_kubernetes_executor to None, run_after=None
[2025-04-13T18:59:08.007+0000] {processor.py:183} INFO - Processing /home/airflow/.local/lib/python3.8/site-packages/airflow/example_dags/example_local_kubernetes_executor.py took 0.287 seconds
[2025-04-13T18:59:40.499+0000] {processor.py:161} INFO - Started process (PID=12592) to work on /home/airflow/.local/lib/python3.8/site-packages/airflow/example_dags/example_local_kubernetes_executor.py
[2025-04-13T18:59:40.501+0000] {processor.py:830} INFO - Processing file /home/airflow/.local/lib/python3.8/site-packages/airflow/example_dags/example_local_kubernetes_executor.py for tasks to queue
[2025-04-13T18:59:40.504+0000] {logging_mixin.py:188} INFO - [2025-04-13T18:59:40.503+0000] {dagbag.py:538} INFO - Filling up the DagBag from /home/airflow/.local/lib/python3.8/site-packages/airflow/example_dags/example_local_kubernetes_executor.py
[2025-04-13T18:59:40.521+0000] {processor.py:840} INFO - DAG(s) 'example_local_kubernetes_executor' retrieved from /home/airflow/.local/lib/python3.8/site-packages/airflow/example_dags/example_local_kubernetes_executor.py
[2025-04-13T18:59:40.576+0000] {logging_mixin.py:188} INFO - [2025-04-13T18:59:40.575+0000] {dag.py:3036} INFO - Sync 1 DAGs
[2025-04-13T18:59:40.596+0000] {logging_mixin.py:188} INFO - [2025-04-13T18:59:40.596+0000] {dag.py:3823} INFO - Setting next_dagrun for example_local_kubernetes_executor to None, run_after=None
[2025-04-13T18:59:40.632+0000] {processor.py:183} INFO - Processing /home/airflow/.local/lib/python3.8/site-packages/airflow/example_dags/example_local_kubernetes_executor.py took 0.145 seconds
[2025-04-13T19:00:13.330+0000] {processor.py:161} INFO - Started process (PID=12648) to work on /home/airflow/.local/lib/python3.8/site-packages/airflow/example_dags/example_local_kubernetes_executor.py
[2025-04-13T19:00:13.332+0000] {processor.py:830} INFO - Processing file /home/airflow/.local/lib/python3.8/site-packages/airflow/example_dags/example_local_kubernetes_executor.py for tasks to queue
[2025-04-13T19:00:13.335+0000] {logging_mixin.py:188} INFO - [2025-04-13T19:00:13.334+0000] {dagbag.py:538} INFO - Filling up the DagBag from /home/airflow/.local/lib/python3.8/site-packages/airflow/example_dags/example_local_kubernetes_executor.py
[2025-04-13T19:00:13.356+0000] {processor.py:840} INFO - DAG(s) 'example_local_kubernetes_executor' retrieved from /home/airflow/.local/lib/python3.8/site-packages/airflow/example_dags/example_local_kubernetes_executor.py
[2025-04-13T19:00:13.432+0000] {logging_mixin.py:188} INFO - [2025-04-13T19:00:13.431+0000] {dag.py:3036} INFO - Sync 1 DAGs
[2025-04-13T19:00:13.448+0000] {logging_mixin.py:188} INFO - [2025-04-13T19:00:13.448+0000] {dag.py:3823} INFO - Setting next_dagrun for example_local_kubernetes_executor to None, run_after=None
[2025-04-13T19:00:13.492+0000] {processor.py:183} INFO - Processing /home/airflow/.local/lib/python3.8/site-packages/airflow/example_dags/example_local_kubernetes_executor.py took 0.172 seconds
[2025-04-13T19:00:51.596+0000] {processor.py:161} INFO - Started process (PID=12708) to work on /home/airflow/.local/lib/python3.8/site-packages/airflow/example_dags/example_local_kubernetes_executor.py
[2025-04-13T19:00:51.598+0000] {processor.py:830} INFO - Processing file /home/airflow/.local/lib/python3.8/site-packages/airflow/example_dags/example_local_kubernetes_executor.py for tasks to queue
[2025-04-13T19:00:51.612+0000] {logging_mixin.py:188} INFO - [2025-04-13T19:00:51.610+0000] {dagbag.py:538} INFO - Filling up the DagBag from /home/airflow/.local/lib/python3.8/site-packages/airflow/example_dags/example_local_kubernetes_executor.py
[2025-04-13T19:00:51.731+0000] {processor.py:840} INFO - DAG(s) 'example_local_kubernetes_executor' retrieved from /home/airflow/.local/lib/python3.8/site-packages/airflow/example_dags/example_local_kubernetes_executor.py
[2025-04-13T19:00:51.891+0000] {logging_mixin.py:188} INFO - [2025-04-13T19:00:51.890+0000] {dag.py:3036} INFO - Sync 1 DAGs
[2025-04-13T19:00:51.991+0000] {logging_mixin.py:188} INFO - [2025-04-13T19:00:51.991+0000] {dag.py:3823} INFO - Setting next_dagrun for example_local_kubernetes_executor to None, run_after=None
[2025-04-13T19:00:52.078+0000] {processor.py:183} INFO - Processing /home/airflow/.local/lib/python3.8/site-packages/airflow/example_dags/example_local_kubernetes_executor.py took 0.486 seconds
[2025-04-13T19:01:23.118+0000] {processor.py:161} INFO - Started process (PID=12764) to work on /home/airflow/.local/lib/python3.8/site-packages/airflow/example_dags/example_local_kubernetes_executor.py
[2025-04-13T19:01:23.120+0000] {processor.py:830} INFO - Processing file /home/airflow/.local/lib/python3.8/site-packages/airflow/example_dags/example_local_kubernetes_executor.py for tasks to queue
[2025-04-13T19:01:23.122+0000] {logging_mixin.py:188} INFO - [2025-04-13T19:01:23.122+0000] {dagbag.py:538} INFO - Filling up the DagBag from /home/airflow/.local/lib/python3.8/site-packages/airflow/example_dags/example_local_kubernetes_executor.py
[2025-04-13T19:01:23.131+0000] {processor.py:840} INFO - DAG(s) 'example_local_kubernetes_executor' retrieved from /home/airflow/.local/lib/python3.8/site-packages/airflow/example_dags/example_local_kubernetes_executor.py
[2025-04-13T19:01:23.176+0000] {logging_mixin.py:188} INFO - [2025-04-13T19:01:23.176+0000] {dag.py:3036} INFO - Sync 1 DAGs
[2025-04-13T19:01:23.192+0000] {logging_mixin.py:188} INFO - [2025-04-13T19:01:23.191+0000] {dag.py:3823} INFO - Setting next_dagrun for example_local_kubernetes_executor to None, run_after=None
[2025-04-13T19:01:23.228+0000] {processor.py:183} INFO - Processing /home/airflow/.local/lib/python3.8/site-packages/airflow/example_dags/example_local_kubernetes_executor.py took 0.113 seconds
[2025-04-13T19:01:54.088+0000] {processor.py:161} INFO - Started process (PID=12820) to work on /home/airflow/.local/lib/python3.8/site-packages/airflow/example_dags/example_local_kubernetes_executor.py
[2025-04-13T19:01:54.089+0000] {processor.py:830} INFO - Processing file /home/airflow/.local/lib/python3.8/site-packages/airflow/example_dags/example_local_kubernetes_executor.py for tasks to queue
[2025-04-13T19:01:54.092+0000] {logging_mixin.py:188} INFO - [2025-04-13T19:01:54.092+0000] {dagbag.py:538} INFO - Filling up the DagBag from /home/airflow/.local/lib/python3.8/site-packages/airflow/example_dags/example_local_kubernetes_executor.py
[2025-04-13T19:01:54.123+0000] {processor.py:840} INFO - DAG(s) 'example_local_kubernetes_executor' retrieved from /home/airflow/.local/lib/python3.8/site-packages/airflow/example_dags/example_local_kubernetes_executor.py
[2025-04-13T19:01:54.170+0000] {logging_mixin.py:188} INFO - [2025-04-13T19:01:54.170+0000] {dag.py:3036} INFO - Sync 1 DAGs
[2025-04-13T19:01:54.189+0000] {logging_mixin.py:188} INFO - [2025-04-13T19:01:54.189+0000] {dag.py:3823} INFO - Setting next_dagrun for example_local_kubernetes_executor to None, run_after=None
[2025-04-13T19:01:54.225+0000] {processor.py:183} INFO - Processing /home/airflow/.local/lib/python3.8/site-packages/airflow/example_dags/example_local_kubernetes_executor.py took 0.142 seconds
[2025-04-13T19:02:27.477+0000] {processor.py:161} INFO - Started process (PID=12877) to work on /home/airflow/.local/lib/python3.8/site-packages/airflow/example_dags/example_local_kubernetes_executor.py
[2025-04-13T19:02:27.481+0000] {processor.py:830} INFO - Processing file /home/airflow/.local/lib/python3.8/site-packages/airflow/example_dags/example_local_kubernetes_executor.py for tasks to queue
[2025-04-13T19:02:27.484+0000] {logging_mixin.py:188} INFO - [2025-04-13T19:02:27.484+0000] {dagbag.py:538} INFO - Filling up the DagBag from /home/airflow/.local/lib/python3.8/site-packages/airflow/example_dags/example_local_kubernetes_executor.py
[2025-04-13T19:02:27.497+0000] {processor.py:840} INFO - DAG(s) 'example_local_kubernetes_executor' retrieved from /home/airflow/.local/lib/python3.8/site-packages/airflow/example_dags/example_local_kubernetes_executor.py
[2025-04-13T19:02:27.551+0000] {logging_mixin.py:188} INFO - [2025-04-13T19:02:27.551+0000] {dag.py:3036} INFO - Sync 1 DAGs
[2025-04-13T19:02:27.575+0000] {logging_mixin.py:188} INFO - [2025-04-13T19:02:27.575+0000] {dag.py:3823} INFO - Setting next_dagrun for example_local_kubernetes_executor to None, run_after=None
[2025-04-13T19:02:27.600+0000] {processor.py:183} INFO - Processing /home/airflow/.local/lib/python3.8/site-packages/airflow/example_dags/example_local_kubernetes_executor.py took 0.128 seconds
[2025-04-13T19:03:00.995+0000] {processor.py:161} INFO - Started process (PID=12937) to work on /home/airflow/.local/lib/python3.8/site-packages/airflow/example_dags/example_local_kubernetes_executor.py
[2025-04-13T19:03:00.996+0000] {processor.py:830} INFO - Processing file /home/airflow/.local/lib/python3.8/site-packages/airflow/example_dags/example_local_kubernetes_executor.py for tasks to queue
[2025-04-13T19:03:00.998+0000] {logging_mixin.py:188} INFO - [2025-04-13T19:03:00.998+0000] {dagbag.py:538} INFO - Filling up the DagBag from /home/airflow/.local/lib/python3.8/site-packages/airflow/example_dags/example_local_kubernetes_executor.py
[2025-04-13T19:03:01.007+0000] {processor.py:840} INFO - DAG(s) 'example_local_kubernetes_executor' retrieved from /home/airflow/.local/lib/python3.8/site-packages/airflow/example_dags/example_local_kubernetes_executor.py
[2025-04-13T19:03:01.049+0000] {logging_mixin.py:188} INFO - [2025-04-13T19:03:01.048+0000] {dag.py:3036} INFO - Sync 1 DAGs
[2025-04-13T19:03:01.069+0000] {logging_mixin.py:188} INFO - [2025-04-13T19:03:01.068+0000] {dag.py:3823} INFO - Setting next_dagrun for example_local_kubernetes_executor to None, run_after=None
[2025-04-13T19:03:01.093+0000] {processor.py:183} INFO - Processing /home/airflow/.local/lib/python3.8/site-packages/airflow/example_dags/example_local_kubernetes_executor.py took 0.101 seconds
[2025-04-13T19:03:35.403+0000] {processor.py:161} INFO - Started process (PID=12994) to work on /home/airflow/.local/lib/python3.8/site-packages/airflow/example_dags/example_local_kubernetes_executor.py
[2025-04-13T19:03:35.410+0000] {processor.py:830} INFO - Processing file /home/airflow/.local/lib/python3.8/site-packages/airflow/example_dags/example_local_kubernetes_executor.py for tasks to queue
[2025-04-13T19:03:35.414+0000] {logging_mixin.py:188} INFO - [2025-04-13T19:03:35.413+0000] {dagbag.py:538} INFO - Filling up the DagBag from /home/airflow/.local/lib/python3.8/site-packages/airflow/example_dags/example_local_kubernetes_executor.py
[2025-04-13T19:03:35.435+0000] {processor.py:840} INFO - DAG(s) 'example_local_kubernetes_executor' retrieved from /home/airflow/.local/lib/python3.8/site-packages/airflow/example_dags/example_local_kubernetes_executor.py
[2025-04-13T19:03:35.560+0000] {logging_mixin.py:188} INFO - [2025-04-13T19:03:35.560+0000] {dag.py:3036} INFO - Sync 1 DAGs
[2025-04-13T19:03:35.596+0000] {logging_mixin.py:188} INFO - [2025-04-13T19:03:35.595+0000] {dag.py:3823} INFO - Setting next_dagrun for example_local_kubernetes_executor to None, run_after=None
[2025-04-13T19:03:35.683+0000] {processor.py:183} INFO - Processing /home/airflow/.local/lib/python3.8/site-packages/airflow/example_dags/example_local_kubernetes_executor.py took 0.285 seconds
[2025-04-13T19:04:08.375+0000] {processor.py:161} INFO - Started process (PID=13050) to work on /home/airflow/.local/lib/python3.8/site-packages/airflow/example_dags/example_local_kubernetes_executor.py
[2025-04-13T19:04:08.377+0000] {processor.py:830} INFO - Processing file /home/airflow/.local/lib/python3.8/site-packages/airflow/example_dags/example_local_kubernetes_executor.py for tasks to queue
[2025-04-13T19:04:08.380+0000] {logging_mixin.py:188} INFO - [2025-04-13T19:04:08.380+0000] {dagbag.py:538} INFO - Filling up the DagBag from /home/airflow/.local/lib/python3.8/site-packages/airflow/example_dags/example_local_kubernetes_executor.py
[2025-04-13T19:04:08.399+0000] {processor.py:840} INFO - DAG(s) 'example_local_kubernetes_executor' retrieved from /home/airflow/.local/lib/python3.8/site-packages/airflow/example_dags/example_local_kubernetes_executor.py
[2025-04-13T19:04:08.532+0000] {logging_mixin.py:188} INFO - [2025-04-13T19:04:08.531+0000] {dag.py:3036} INFO - Sync 1 DAGs
[2025-04-13T19:04:08.585+0000] {logging_mixin.py:188} INFO - [2025-04-13T19:04:08.585+0000] {dag.py:3823} INFO - Setting next_dagrun for example_local_kubernetes_executor to None, run_after=None
[2025-04-13T19:04:08.623+0000] {processor.py:183} INFO - Processing /home/airflow/.local/lib/python3.8/site-packages/airflow/example_dags/example_local_kubernetes_executor.py took 0.255 seconds
[2025-04-13T19:04:40.847+0000] {processor.py:161} INFO - Started process (PID=13107) to work on /home/airflow/.local/lib/python3.8/site-packages/airflow/example_dags/example_local_kubernetes_executor.py
[2025-04-13T19:04:40.849+0000] {processor.py:830} INFO - Processing file /home/airflow/.local/lib/python3.8/site-packages/airflow/example_dags/example_local_kubernetes_executor.py for tasks to queue
[2025-04-13T19:04:40.853+0000] {logging_mixin.py:188} INFO - [2025-04-13T19:04:40.852+0000] {dagbag.py:538} INFO - Filling up the DagBag from /home/airflow/.local/lib/python3.8/site-packages/airflow/example_dags/example_local_kubernetes_executor.py
[2025-04-13T19:04:40.865+0000] {processor.py:840} INFO - DAG(s) 'example_local_kubernetes_executor' retrieved from /home/airflow/.local/lib/python3.8/site-packages/airflow/example_dags/example_local_kubernetes_executor.py
[2025-04-13T19:04:40.908+0000] {logging_mixin.py:188} INFO - [2025-04-13T19:04:40.907+0000] {dag.py:3036} INFO - Sync 1 DAGs
[2025-04-13T19:04:40.940+0000] {logging_mixin.py:188} INFO - [2025-04-13T19:04:40.939+0000] {dag.py:3823} INFO - Setting next_dagrun for example_local_kubernetes_executor to None, run_after=None
[2025-04-13T19:04:40.970+0000] {processor.py:183} INFO - Processing /home/airflow/.local/lib/python3.8/site-packages/airflow/example_dags/example_local_kubernetes_executor.py took 0.127 seconds
[2025-04-13T19:05:14.620+0000] {processor.py:161} INFO - Started process (PID=13163) to work on /home/airflow/.local/lib/python3.8/site-packages/airflow/example_dags/example_local_kubernetes_executor.py
[2025-04-13T19:05:14.621+0000] {processor.py:830} INFO - Processing file /home/airflow/.local/lib/python3.8/site-packages/airflow/example_dags/example_local_kubernetes_executor.py for tasks to queue
[2025-04-13T19:05:14.623+0000] {logging_mixin.py:188} INFO - [2025-04-13T19:05:14.623+0000] {dagbag.py:538} INFO - Filling up the DagBag from /home/airflow/.local/lib/python3.8/site-packages/airflow/example_dags/example_local_kubernetes_executor.py
[2025-04-13T19:05:14.636+0000] {processor.py:840} INFO - DAG(s) 'example_local_kubernetes_executor' retrieved from /home/airflow/.local/lib/python3.8/site-packages/airflow/example_dags/example_local_kubernetes_executor.py
[2025-04-13T19:05:14.683+0000] {logging_mixin.py:188} INFO - [2025-04-13T19:05:14.683+0000] {dag.py:3036} INFO - Sync 1 DAGs
[2025-04-13T19:05:14.701+0000] {logging_mixin.py:188} INFO - [2025-04-13T19:05:14.701+0000] {dag.py:3823} INFO - Setting next_dagrun for example_local_kubernetes_executor to None, run_after=None
[2025-04-13T19:05:14.737+0000] {processor.py:183} INFO - Processing /home/airflow/.local/lib/python3.8/site-packages/airflow/example_dags/example_local_kubernetes_executor.py took 0.120 seconds
[2025-04-13T19:05:47.689+0000] {processor.py:161} INFO - Started process (PID=13219) to work on /home/airflow/.local/lib/python3.8/site-packages/airflow/example_dags/example_local_kubernetes_executor.py
[2025-04-13T19:05:47.691+0000] {processor.py:830} INFO - Processing file /home/airflow/.local/lib/python3.8/site-packages/airflow/example_dags/example_local_kubernetes_executor.py for tasks to queue
[2025-04-13T19:05:47.703+0000] {logging_mixin.py:188} INFO - [2025-04-13T19:05:47.703+0000] {dagbag.py:538} INFO - Filling up the DagBag from /home/airflow/.local/lib/python3.8/site-packages/airflow/example_dags/example_local_kubernetes_executor.py
[2025-04-13T19:05:47.746+0000] {processor.py:840} INFO - DAG(s) 'example_local_kubernetes_executor' retrieved from /home/airflow/.local/lib/python3.8/site-packages/airflow/example_dags/example_local_kubernetes_executor.py
[2025-04-13T19:05:47.837+0000] {logging_mixin.py:188} INFO - [2025-04-13T19:05:47.836+0000] {dag.py:3036} INFO - Sync 1 DAGs
[2025-04-13T19:05:47.875+0000] {logging_mixin.py:188} INFO - [2025-04-13T19:05:47.874+0000] {dag.py:3823} INFO - Setting next_dagrun for example_local_kubernetes_executor to None, run_after=None
[2025-04-13T19:05:47.960+0000] {processor.py:183} INFO - Processing /home/airflow/.local/lib/python3.8/site-packages/airflow/example_dags/example_local_kubernetes_executor.py took 0.281 seconds
[2025-04-13T19:06:21.140+0000] {processor.py:161} INFO - Started process (PID=13275) to work on /home/airflow/.local/lib/python3.8/site-packages/airflow/example_dags/example_local_kubernetes_executor.py
[2025-04-13T19:06:21.141+0000] {processor.py:830} INFO - Processing file /home/airflow/.local/lib/python3.8/site-packages/airflow/example_dags/example_local_kubernetes_executor.py for tasks to queue
[2025-04-13T19:06:21.143+0000] {logging_mixin.py:188} INFO - [2025-04-13T19:06:21.143+0000] {dagbag.py:538} INFO - Filling up the DagBag from /home/airflow/.local/lib/python3.8/site-packages/airflow/example_dags/example_local_kubernetes_executor.py
[2025-04-13T19:06:21.153+0000] {processor.py:840} INFO - DAG(s) 'example_local_kubernetes_executor' retrieved from /home/airflow/.local/lib/python3.8/site-packages/airflow/example_dags/example_local_kubernetes_executor.py
[2025-04-13T19:06:21.190+0000] {logging_mixin.py:188} INFO - [2025-04-13T19:06:21.190+0000] {dag.py:3036} INFO - Sync 1 DAGs
[2025-04-13T19:06:21.210+0000] {logging_mixin.py:188} INFO - [2025-04-13T19:06:21.209+0000] {dag.py:3823} INFO - Setting next_dagrun for example_local_kubernetes_executor to None, run_after=None
[2025-04-13T19:06:21.236+0000] {processor.py:183} INFO - Processing /home/airflow/.local/lib/python3.8/site-packages/airflow/example_dags/example_local_kubernetes_executor.py took 0.099 seconds
[2025-04-13T19:06:54.929+0000] {processor.py:161} INFO - Started process (PID=13330) to work on /home/airflow/.local/lib/python3.8/site-packages/airflow/example_dags/example_local_kubernetes_executor.py
[2025-04-13T19:06:54.931+0000] {processor.py:830} INFO - Processing file /home/airflow/.local/lib/python3.8/site-packages/airflow/example_dags/example_local_kubernetes_executor.py for tasks to queue
[2025-04-13T19:06:54.934+0000] {logging_mixin.py:188} INFO - [2025-04-13T19:06:54.934+0000] {dagbag.py:538} INFO - Filling up the DagBag from /home/airflow/.local/lib/python3.8/site-packages/airflow/example_dags/example_local_kubernetes_executor.py
[2025-04-13T19:06:54.949+0000] {processor.py:840} INFO - DAG(s) 'example_local_kubernetes_executor' retrieved from /home/airflow/.local/lib/python3.8/site-packages/airflow/example_dags/example_local_kubernetes_executor.py
[2025-04-13T19:06:55.016+0000] {logging_mixin.py:188} INFO - [2025-04-13T19:06:55.015+0000] {dag.py:3036} INFO - Sync 1 DAGs
[2025-04-13T19:06:55.039+0000] {logging_mixin.py:188} INFO - [2025-04-13T19:06:55.039+0000] {dag.py:3823} INFO - Setting next_dagrun for example_local_kubernetes_executor to None, run_after=None
[2025-04-13T19:06:55.079+0000] {processor.py:183} INFO - Processing /home/airflow/.local/lib/python3.8/site-packages/airflow/example_dags/example_local_kubernetes_executor.py took 0.158 seconds
[2025-04-13T19:07:27.813+0000] {processor.py:161} INFO - Started process (PID=13386) to work on /home/airflow/.local/lib/python3.8/site-packages/airflow/example_dags/example_local_kubernetes_executor.py
[2025-04-13T19:07:27.814+0000] {processor.py:830} INFO - Processing file /home/airflow/.local/lib/python3.8/site-packages/airflow/example_dags/example_local_kubernetes_executor.py for tasks to queue
[2025-04-13T19:07:27.816+0000] {logging_mixin.py:188} INFO - [2025-04-13T19:07:27.816+0000] {dagbag.py:538} INFO - Filling up the DagBag from /home/airflow/.local/lib/python3.8/site-packages/airflow/example_dags/example_local_kubernetes_executor.py
[2025-04-13T19:07:27.830+0000] {processor.py:840} INFO - DAG(s) 'example_local_kubernetes_executor' retrieved from /home/airflow/.local/lib/python3.8/site-packages/airflow/example_dags/example_local_kubernetes_executor.py
[2025-04-13T19:07:27.902+0000] {logging_mixin.py:188} INFO - [2025-04-13T19:07:27.902+0000] {dag.py:3036} INFO - Sync 1 DAGs
[2025-04-13T19:07:27.933+0000] {logging_mixin.py:188} INFO - [2025-04-13T19:07:27.932+0000] {dag.py:3823} INFO - Setting next_dagrun for example_local_kubernetes_executor to None, run_after=None
[2025-04-13T19:07:27.967+0000] {processor.py:183} INFO - Processing /home/airflow/.local/lib/python3.8/site-packages/airflow/example_dags/example_local_kubernetes_executor.py took 0.162 seconds
[2025-04-13T19:08:01.918+0000] {processor.py:161} INFO - Started process (PID=13441) to work on /home/airflow/.local/lib/python3.8/site-packages/airflow/example_dags/example_local_kubernetes_executor.py
[2025-04-13T19:08:01.919+0000] {processor.py:830} INFO - Processing file /home/airflow/.local/lib/python3.8/site-packages/airflow/example_dags/example_local_kubernetes_executor.py for tasks to queue
[2025-04-13T19:08:01.922+0000] {logging_mixin.py:188} INFO - [2025-04-13T19:08:01.921+0000] {dagbag.py:538} INFO - Filling up the DagBag from /home/airflow/.local/lib/python3.8/site-packages/airflow/example_dags/example_local_kubernetes_executor.py
[2025-04-13T19:08:01.932+0000] {processor.py:840} INFO - DAG(s) 'example_local_kubernetes_executor' retrieved from /home/airflow/.local/lib/python3.8/site-packages/airflow/example_dags/example_local_kubernetes_executor.py
[2025-04-13T19:08:01.999+0000] {logging_mixin.py:188} INFO - [2025-04-13T19:08:01.999+0000] {dag.py:3036} INFO - Sync 1 DAGs
[2025-04-13T19:08:02.015+0000] {logging_mixin.py:188} INFO - [2025-04-13T19:08:02.015+0000] {dag.py:3823} INFO - Setting next_dagrun for example_local_kubernetes_executor to None, run_after=None
[2025-04-13T19:08:02.051+0000] {processor.py:183} INFO - Processing /home/airflow/.local/lib/python3.8/site-packages/airflow/example_dags/example_local_kubernetes_executor.py took 0.141 seconds
[2025-04-13T19:08:34.002+0000] {processor.py:161} INFO - Started process (PID=13497) to work on /home/airflow/.local/lib/python3.8/site-packages/airflow/example_dags/example_local_kubernetes_executor.py
[2025-04-13T19:08:34.003+0000] {processor.py:830} INFO - Processing file /home/airflow/.local/lib/python3.8/site-packages/airflow/example_dags/example_local_kubernetes_executor.py for tasks to queue
[2025-04-13T19:08:34.006+0000] {logging_mixin.py:188} INFO - [2025-04-13T19:08:34.005+0000] {dagbag.py:538} INFO - Filling up the DagBag from /home/airflow/.local/lib/python3.8/site-packages/airflow/example_dags/example_local_kubernetes_executor.py
[2025-04-13T19:08:34.014+0000] {processor.py:840} INFO - DAG(s) 'example_local_kubernetes_executor' retrieved from /home/airflow/.local/lib/python3.8/site-packages/airflow/example_dags/example_local_kubernetes_executor.py
[2025-04-13T19:08:34.052+0000] {logging_mixin.py:188} INFO - [2025-04-13T19:08:34.051+0000] {dag.py:3036} INFO - Sync 1 DAGs
[2025-04-13T19:08:34.069+0000] {logging_mixin.py:188} INFO - [2025-04-13T19:08:34.069+0000] {dag.py:3823} INFO - Setting next_dagrun for example_local_kubernetes_executor to None, run_after=None
[2025-04-13T19:08:34.107+0000] {processor.py:183} INFO - Processing /home/airflow/.local/lib/python3.8/site-packages/airflow/example_dags/example_local_kubernetes_executor.py took 0.108 seconds
[2025-04-13T19:09:07.501+0000] {processor.py:161} INFO - Started process (PID=13553) to work on /home/airflow/.local/lib/python3.8/site-packages/airflow/example_dags/example_local_kubernetes_executor.py
[2025-04-13T19:09:07.503+0000] {processor.py:830} INFO - Processing file /home/airflow/.local/lib/python3.8/site-packages/airflow/example_dags/example_local_kubernetes_executor.py for tasks to queue
[2025-04-13T19:09:07.505+0000] {logging_mixin.py:188} INFO - [2025-04-13T19:09:07.505+0000] {dagbag.py:538} INFO - Filling up the DagBag from /home/airflow/.local/lib/python3.8/site-packages/airflow/example_dags/example_local_kubernetes_executor.py
[2025-04-13T19:09:07.516+0000] {processor.py:840} INFO - DAG(s) 'example_local_kubernetes_executor' retrieved from /home/airflow/.local/lib/python3.8/site-packages/airflow/example_dags/example_local_kubernetes_executor.py
[2025-04-13T19:09:07.568+0000] {logging_mixin.py:188} INFO - [2025-04-13T19:09:07.568+0000] {dag.py:3036} INFO - Sync 1 DAGs
[2025-04-13T19:09:07.589+0000] {logging_mixin.py:188} INFO - [2025-04-13T19:09:07.589+0000] {dag.py:3823} INFO - Setting next_dagrun for example_local_kubernetes_executor to None, run_after=None
[2025-04-13T19:09:07.614+0000] {processor.py:183} INFO - Processing /home/airflow/.local/lib/python3.8/site-packages/airflow/example_dags/example_local_kubernetes_executor.py took 0.116 seconds
[2025-04-13T19:09:40.569+0000] {processor.py:161} INFO - Started process (PID=13609) to work on /home/airflow/.local/lib/python3.8/site-packages/airflow/example_dags/example_local_kubernetes_executor.py
[2025-04-13T19:09:40.570+0000] {processor.py:830} INFO - Processing file /home/airflow/.local/lib/python3.8/site-packages/airflow/example_dags/example_local_kubernetes_executor.py for tasks to queue
[2025-04-13T19:09:40.573+0000] {logging_mixin.py:188} INFO - [2025-04-13T19:09:40.573+0000] {dagbag.py:538} INFO - Filling up the DagBag from /home/airflow/.local/lib/python3.8/site-packages/airflow/example_dags/example_local_kubernetes_executor.py
[2025-04-13T19:09:40.584+0000] {processor.py:840} INFO - DAG(s) 'example_local_kubernetes_executor' retrieved from /home/airflow/.local/lib/python3.8/site-packages/airflow/example_dags/example_local_kubernetes_executor.py
[2025-04-13T19:09:40.626+0000] {logging_mixin.py:188} INFO - [2025-04-13T19:09:40.626+0000] {dag.py:3036} INFO - Sync 1 DAGs
[2025-04-13T19:09:40.663+0000] {logging_mixin.py:188} INFO - [2025-04-13T19:09:40.663+0000] {dag.py:3823} INFO - Setting next_dagrun for example_local_kubernetes_executor to None, run_after=None
[2025-04-13T19:09:40.694+0000] {processor.py:183} INFO - Processing /home/airflow/.local/lib/python3.8/site-packages/airflow/example_dags/example_local_kubernetes_executor.py took 0.129 seconds
[2025-04-13T19:10:14.920+0000] {processor.py:161} INFO - Started process (PID=13665) to work on /home/airflow/.local/lib/python3.8/site-packages/airflow/example_dags/example_local_kubernetes_executor.py
[2025-04-13T19:10:14.922+0000] {processor.py:830} INFO - Processing file /home/airflow/.local/lib/python3.8/site-packages/airflow/example_dags/example_local_kubernetes_executor.py for tasks to queue
[2025-04-13T19:10:14.926+0000] {logging_mixin.py:188} INFO - [2025-04-13T19:10:14.926+0000] {dagbag.py:538} INFO - Filling up the DagBag from /home/airflow/.local/lib/python3.8/site-packages/airflow/example_dags/example_local_kubernetes_executor.py
[2025-04-13T19:10:14.940+0000] {processor.py:840} INFO - DAG(s) 'example_local_kubernetes_executor' retrieved from /home/airflow/.local/lib/python3.8/site-packages/airflow/example_dags/example_local_kubernetes_executor.py
[2025-04-13T19:10:15.057+0000] {logging_mixin.py:188} INFO - [2025-04-13T19:10:15.056+0000] {dag.py:3036} INFO - Sync 1 DAGs
[2025-04-13T19:10:15.103+0000] {logging_mixin.py:188} INFO - [2025-04-13T19:10:15.103+0000] {dag.py:3823} INFO - Setting next_dagrun for example_local_kubernetes_executor to None, run_after=None
[2025-04-13T19:10:15.177+0000] {processor.py:183} INFO - Processing /home/airflow/.local/lib/python3.8/site-packages/airflow/example_dags/example_local_kubernetes_executor.py took 0.263 seconds
[2025-04-13T19:10:48.386+0000] {processor.py:161} INFO - Started process (PID=13721) to work on /home/airflow/.local/lib/python3.8/site-packages/airflow/example_dags/example_local_kubernetes_executor.py
[2025-04-13T19:10:48.396+0000] {processor.py:830} INFO - Processing file /home/airflow/.local/lib/python3.8/site-packages/airflow/example_dags/example_local_kubernetes_executor.py for tasks to queue
[2025-04-13T19:10:48.399+0000] {logging_mixin.py:188} INFO - [2025-04-13T19:10:48.398+0000] {dagbag.py:538} INFO - Filling up the DagBag from /home/airflow/.local/lib/python3.8/site-packages/airflow/example_dags/example_local_kubernetes_executor.py
[2025-04-13T19:10:48.420+0000] {processor.py:840} INFO - DAG(s) 'example_local_kubernetes_executor' retrieved from /home/airflow/.local/lib/python3.8/site-packages/airflow/example_dags/example_local_kubernetes_executor.py
[2025-04-13T19:10:48.524+0000] {logging_mixin.py:188} INFO - [2025-04-13T19:10:48.523+0000] {dag.py:3036} INFO - Sync 1 DAGs
[2025-04-13T19:10:48.567+0000] {logging_mixin.py:188} INFO - [2025-04-13T19:10:48.566+0000] {dag.py:3823} INFO - Setting next_dagrun for example_local_kubernetes_executor to None, run_after=None
[2025-04-13T19:10:48.632+0000] {processor.py:183} INFO - Processing /home/airflow/.local/lib/python3.8/site-packages/airflow/example_dags/example_local_kubernetes_executor.py took 0.250 seconds
[2025-04-13T19:11:21.088+0000] {processor.py:161} INFO - Started process (PID=13777) to work on /home/airflow/.local/lib/python3.8/site-packages/airflow/example_dags/example_local_kubernetes_executor.py
[2025-04-13T19:11:21.094+0000] {processor.py:830} INFO - Processing file /home/airflow/.local/lib/python3.8/site-packages/airflow/example_dags/example_local_kubernetes_executor.py for tasks to queue
[2025-04-13T19:11:21.099+0000] {logging_mixin.py:188} INFO - [2025-04-13T19:11:21.098+0000] {dagbag.py:538} INFO - Filling up the DagBag from /home/airflow/.local/lib/python3.8/site-packages/airflow/example_dags/example_local_kubernetes_executor.py
[2025-04-13T19:11:21.117+0000] {processor.py:840} INFO - DAG(s) 'example_local_kubernetes_executor' retrieved from /home/airflow/.local/lib/python3.8/site-packages/airflow/example_dags/example_local_kubernetes_executor.py
[2025-04-13T19:11:21.183+0000] {logging_mixin.py:188} INFO - [2025-04-13T19:11:21.182+0000] {dag.py:3036} INFO - Sync 1 DAGs
[2025-04-13T19:11:21.198+0000] {logging_mixin.py:188} INFO - [2025-04-13T19:11:21.198+0000] {dag.py:3823} INFO - Setting next_dagrun for example_local_kubernetes_executor to None, run_after=None
[2025-04-13T19:11:21.239+0000] {processor.py:183} INFO - Processing /home/airflow/.local/lib/python3.8/site-packages/airflow/example_dags/example_local_kubernetes_executor.py took 0.162 seconds
[2025-04-13T19:11:55.456+0000] {processor.py:161} INFO - Started process (PID=13833) to work on /home/airflow/.local/lib/python3.8/site-packages/airflow/example_dags/example_local_kubernetes_executor.py
[2025-04-13T19:11:55.458+0000] {processor.py:830} INFO - Processing file /home/airflow/.local/lib/python3.8/site-packages/airflow/example_dags/example_local_kubernetes_executor.py for tasks to queue
[2025-04-13T19:11:55.461+0000] {logging_mixin.py:188} INFO - [2025-04-13T19:11:55.460+0000] {dagbag.py:538} INFO - Filling up the DagBag from /home/airflow/.local/lib/python3.8/site-packages/airflow/example_dags/example_local_kubernetes_executor.py
[2025-04-13T19:11:55.481+0000] {processor.py:840} INFO - DAG(s) 'example_local_kubernetes_executor' retrieved from /home/airflow/.local/lib/python3.8/site-packages/airflow/example_dags/example_local_kubernetes_executor.py
[2025-04-13T19:11:55.585+0000] {logging_mixin.py:188} INFO - [2025-04-13T19:11:55.581+0000] {dag.py:3036} INFO - Sync 1 DAGs
[2025-04-13T19:11:55.617+0000] {logging_mixin.py:188} INFO - [2025-04-13T19:11:55.616+0000] {dag.py:3823} INFO - Setting next_dagrun for example_local_kubernetes_executor to None, run_after=None
[2025-04-13T19:11:55.680+0000] {processor.py:183} INFO - Processing /home/airflow/.local/lib/python3.8/site-packages/airflow/example_dags/example_local_kubernetes_executor.py took 0.249 seconds
[2025-04-13T19:12:27.471+0000] {processor.py:161} INFO - Started process (PID=13889) to work on /home/airflow/.local/lib/python3.8/site-packages/airflow/example_dags/example_local_kubernetes_executor.py
[2025-04-13T19:12:27.473+0000] {processor.py:830} INFO - Processing file /home/airflow/.local/lib/python3.8/site-packages/airflow/example_dags/example_local_kubernetes_executor.py for tasks to queue
[2025-04-13T19:12:27.475+0000] {logging_mixin.py:188} INFO - [2025-04-13T19:12:27.474+0000] {dagbag.py:538} INFO - Filling up the DagBag from /home/airflow/.local/lib/python3.8/site-packages/airflow/example_dags/example_local_kubernetes_executor.py
[2025-04-13T19:12:27.484+0000] {processor.py:840} INFO - DAG(s) 'example_local_kubernetes_executor' retrieved from /home/airflow/.local/lib/python3.8/site-packages/airflow/example_dags/example_local_kubernetes_executor.py
[2025-04-13T19:12:27.521+0000] {logging_mixin.py:188} INFO - [2025-04-13T19:12:27.521+0000] {dag.py:3036} INFO - Sync 1 DAGs
[2025-04-13T19:12:27.543+0000] {logging_mixin.py:188} INFO - [2025-04-13T19:12:27.542+0000] {dag.py:3823} INFO - Setting next_dagrun for example_local_kubernetes_executor to None, run_after=None
[2025-04-13T19:12:27.575+0000] {processor.py:183} INFO - Processing /home/airflow/.local/lib/python3.8/site-packages/airflow/example_dags/example_local_kubernetes_executor.py took 0.109 seconds
[2025-04-13T19:13:00.524+0000] {processor.py:161} INFO - Started process (PID=13945) to work on /home/airflow/.local/lib/python3.8/site-packages/airflow/example_dags/example_local_kubernetes_executor.py
[2025-04-13T19:13:00.525+0000] {processor.py:830} INFO - Processing file /home/airflow/.local/lib/python3.8/site-packages/airflow/example_dags/example_local_kubernetes_executor.py for tasks to queue
[2025-04-13T19:13:00.532+0000] {logging_mixin.py:188} INFO - [2025-04-13T19:13:00.531+0000] {dagbag.py:538} INFO - Filling up the DagBag from /home/airflow/.local/lib/python3.8/site-packages/airflow/example_dags/example_local_kubernetes_executor.py
[2025-04-13T19:13:00.551+0000] {processor.py:840} INFO - DAG(s) 'example_local_kubernetes_executor' retrieved from /home/airflow/.local/lib/python3.8/site-packages/airflow/example_dags/example_local_kubernetes_executor.py
[2025-04-13T19:13:00.618+0000] {logging_mixin.py:188} INFO - [2025-04-13T19:13:00.618+0000] {dag.py:3036} INFO - Sync 1 DAGs
[2025-04-13T19:13:00.637+0000] {logging_mixin.py:188} INFO - [2025-04-13T19:13:00.637+0000] {dag.py:3823} INFO - Setting next_dagrun for example_local_kubernetes_executor to None, run_after=None
[2025-04-13T19:13:00.660+0000] {processor.py:183} INFO - Processing /home/airflow/.local/lib/python3.8/site-packages/airflow/example_dags/example_local_kubernetes_executor.py took 0.140 seconds
[2025-04-13T19:13:33.689+0000] {processor.py:161} INFO - Started process (PID=14001) to work on /home/airflow/.local/lib/python3.8/site-packages/airflow/example_dags/example_local_kubernetes_executor.py
[2025-04-13T19:13:33.690+0000] {processor.py:830} INFO - Processing file /home/airflow/.local/lib/python3.8/site-packages/airflow/example_dags/example_local_kubernetes_executor.py for tasks to queue
[2025-04-13T19:13:33.693+0000] {logging_mixin.py:188} INFO - [2025-04-13T19:13:33.693+0000] {dagbag.py:538} INFO - Filling up the DagBag from /home/airflow/.local/lib/python3.8/site-packages/airflow/example_dags/example_local_kubernetes_executor.py
[2025-04-13T19:13:33.704+0000] {processor.py:840} INFO - DAG(s) 'example_local_kubernetes_executor' retrieved from /home/airflow/.local/lib/python3.8/site-packages/airflow/example_dags/example_local_kubernetes_executor.py
[2025-04-13T19:13:33.745+0000] {logging_mixin.py:188} INFO - [2025-04-13T19:13:33.744+0000] {dag.py:3036} INFO - Sync 1 DAGs
[2025-04-13T19:13:33.758+0000] {logging_mixin.py:188} INFO - [2025-04-13T19:13:33.758+0000] {dag.py:3823} INFO - Setting next_dagrun for example_local_kubernetes_executor to None, run_after=None
[2025-04-13T19:13:33.780+0000] {processor.py:183} INFO - Processing /home/airflow/.local/lib/python3.8/site-packages/airflow/example_dags/example_local_kubernetes_executor.py took 0.095 seconds
[2025-04-13T19:14:06.777+0000] {processor.py:161} INFO - Started process (PID=14057) to work on /home/airflow/.local/lib/python3.8/site-packages/airflow/example_dags/example_local_kubernetes_executor.py
[2025-04-13T19:14:06.779+0000] {processor.py:830} INFO - Processing file /home/airflow/.local/lib/python3.8/site-packages/airflow/example_dags/example_local_kubernetes_executor.py for tasks to queue
[2025-04-13T19:14:06.781+0000] {logging_mixin.py:188} INFO - [2025-04-13T19:14:06.781+0000] {dagbag.py:538} INFO - Filling up the DagBag from /home/airflow/.local/lib/python3.8/site-packages/airflow/example_dags/example_local_kubernetes_executor.py
[2025-04-13T19:14:06.790+0000] {processor.py:840} INFO - DAG(s) 'example_local_kubernetes_executor' retrieved from /home/airflow/.local/lib/python3.8/site-packages/airflow/example_dags/example_local_kubernetes_executor.py
[2025-04-13T19:14:06.837+0000] {logging_mixin.py:188} INFO - [2025-04-13T19:14:06.837+0000] {dag.py:3036} INFO - Sync 1 DAGs
[2025-04-13T19:14:06.854+0000] {logging_mixin.py:188} INFO - [2025-04-13T19:14:06.854+0000] {dag.py:3823} INFO - Setting next_dagrun for example_local_kubernetes_executor to None, run_after=None
[2025-04-13T19:14:06.886+0000] {processor.py:183} INFO - Processing /home/airflow/.local/lib/python3.8/site-packages/airflow/example_dags/example_local_kubernetes_executor.py took 0.112 seconds
[2025-04-13T19:14:39.950+0000] {processor.py:161} INFO - Started process (PID=14112) to work on /home/airflow/.local/lib/python3.8/site-packages/airflow/example_dags/example_local_kubernetes_executor.py
[2025-04-13T19:14:39.951+0000] {processor.py:830} INFO - Processing file /home/airflow/.local/lib/python3.8/site-packages/airflow/example_dags/example_local_kubernetes_executor.py for tasks to queue
[2025-04-13T19:14:39.954+0000] {logging_mixin.py:188} INFO - [2025-04-13T19:14:39.953+0000] {dagbag.py:538} INFO - Filling up the DagBag from /home/airflow/.local/lib/python3.8/site-packages/airflow/example_dags/example_local_kubernetes_executor.py
[2025-04-13T19:14:39.962+0000] {processor.py:840} INFO - DAG(s) 'example_local_kubernetes_executor' retrieved from /home/airflow/.local/lib/python3.8/site-packages/airflow/example_dags/example_local_kubernetes_executor.py
[2025-04-13T19:14:39.999+0000] {logging_mixin.py:188} INFO - [2025-04-13T19:14:39.999+0000] {dag.py:3036} INFO - Sync 1 DAGs
[2025-04-13T19:14:40.017+0000] {logging_mixin.py:188} INFO - [2025-04-13T19:14:40.016+0000] {dag.py:3823} INFO - Setting next_dagrun for example_local_kubernetes_executor to None, run_after=None
[2025-04-13T19:14:40.043+0000] {processor.py:183} INFO - Processing /home/airflow/.local/lib/python3.8/site-packages/airflow/example_dags/example_local_kubernetes_executor.py took 0.097 seconds
[2025-04-13T19:15:15.179+0000] {processor.py:161} INFO - Started process (PID=14168) to work on /home/airflow/.local/lib/python3.8/site-packages/airflow/example_dags/example_local_kubernetes_executor.py
[2025-04-13T19:15:15.180+0000] {processor.py:830} INFO - Processing file /home/airflow/.local/lib/python3.8/site-packages/airflow/example_dags/example_local_kubernetes_executor.py for tasks to queue
[2025-04-13T19:15:15.190+0000] {logging_mixin.py:188} INFO - [2025-04-13T19:15:15.189+0000] {dagbag.py:538} INFO - Filling up the DagBag from /home/airflow/.local/lib/python3.8/site-packages/airflow/example_dags/example_local_kubernetes_executor.py
[2025-04-13T19:15:15.204+0000] {processor.py:840} INFO - DAG(s) 'example_local_kubernetes_executor' retrieved from /home/airflow/.local/lib/python3.8/site-packages/airflow/example_dags/example_local_kubernetes_executor.py
[2025-04-13T19:15:15.259+0000] {logging_mixin.py:188} INFO - [2025-04-13T19:15:15.258+0000] {dag.py:3036} INFO - Sync 1 DAGs
[2025-04-13T19:15:15.287+0000] {logging_mixin.py:188} INFO - [2025-04-13T19:15:15.287+0000] {dag.py:3823} INFO - Setting next_dagrun for example_local_kubernetes_executor to None, run_after=None
[2025-04-13T19:15:15.340+0000] {processor.py:183} INFO - Processing /home/airflow/.local/lib/python3.8/site-packages/airflow/example_dags/example_local_kubernetes_executor.py took 0.165 seconds
[2025-04-13T19:15:49.393+0000] {processor.py:161} INFO - Started process (PID=14224) to work on /home/airflow/.local/lib/python3.8/site-packages/airflow/example_dags/example_local_kubernetes_executor.py
[2025-04-13T19:15:49.394+0000] {processor.py:830} INFO - Processing file /home/airflow/.local/lib/python3.8/site-packages/airflow/example_dags/example_local_kubernetes_executor.py for tasks to queue
[2025-04-13T19:15:49.397+0000] {logging_mixin.py:188} INFO - [2025-04-13T19:15:49.397+0000] {dagbag.py:538} INFO - Filling up the DagBag from /home/airflow/.local/lib/python3.8/site-packages/airflow/example_dags/example_local_kubernetes_executor.py
[2025-04-13T19:15:49.410+0000] {processor.py:840} INFO - DAG(s) 'example_local_kubernetes_executor' retrieved from /home/airflow/.local/lib/python3.8/site-packages/airflow/example_dags/example_local_kubernetes_executor.py
[2025-04-13T19:15:49.453+0000] {logging_mixin.py:188} INFO - [2025-04-13T19:15:49.453+0000] {dag.py:3036} INFO - Sync 1 DAGs
[2025-04-13T19:15:49.475+0000] {logging_mixin.py:188} INFO - [2025-04-13T19:15:49.475+0000] {dag.py:3823} INFO - Setting next_dagrun for example_local_kubernetes_executor to None, run_after=None
[2025-04-13T19:15:49.534+0000] {processor.py:183} INFO - Processing /home/airflow/.local/lib/python3.8/site-packages/airflow/example_dags/example_local_kubernetes_executor.py took 0.146 seconds
[2025-04-13T19:16:20.843+0000] {processor.py:161} INFO - Started process (PID=14280) to work on /home/airflow/.local/lib/python3.8/site-packages/airflow/example_dags/example_local_kubernetes_executor.py
[2025-04-13T19:16:20.845+0000] {processor.py:830} INFO - Processing file /home/airflow/.local/lib/python3.8/site-packages/airflow/example_dags/example_local_kubernetes_executor.py for tasks to queue
[2025-04-13T19:16:20.848+0000] {logging_mixin.py:188} INFO - [2025-04-13T19:16:20.847+0000] {dagbag.py:538} INFO - Filling up the DagBag from /home/airflow/.local/lib/python3.8/site-packages/airflow/example_dags/example_local_kubernetes_executor.py
[2025-04-13T19:16:20.860+0000] {processor.py:840} INFO - DAG(s) 'example_local_kubernetes_executor' retrieved from /home/airflow/.local/lib/python3.8/site-packages/airflow/example_dags/example_local_kubernetes_executor.py
[2025-04-13T19:16:20.913+0000] {logging_mixin.py:188} INFO - [2025-04-13T19:16:20.913+0000] {dag.py:3036} INFO - Sync 1 DAGs
[2025-04-13T19:16:20.933+0000] {logging_mixin.py:188} INFO - [2025-04-13T19:16:20.933+0000] {dag.py:3823} INFO - Setting next_dagrun for example_local_kubernetes_executor to None, run_after=None
[2025-04-13T19:16:20.964+0000] {processor.py:183} INFO - Processing /home/airflow/.local/lib/python3.8/site-packages/airflow/example_dags/example_local_kubernetes_executor.py took 0.130 seconds
[2025-04-13T19:16:54.282+0000] {processor.py:161} INFO - Started process (PID=14336) to work on /home/airflow/.local/lib/python3.8/site-packages/airflow/example_dags/example_local_kubernetes_executor.py
[2025-04-13T19:16:54.285+0000] {processor.py:830} INFO - Processing file /home/airflow/.local/lib/python3.8/site-packages/airflow/example_dags/example_local_kubernetes_executor.py for tasks to queue
[2025-04-13T19:16:54.290+0000] {logging_mixin.py:188} INFO - [2025-04-13T19:16:54.289+0000] {dagbag.py:538} INFO - Filling up the DagBag from /home/airflow/.local/lib/python3.8/site-packages/airflow/example_dags/example_local_kubernetes_executor.py
[2025-04-13T19:16:54.310+0000] {processor.py:840} INFO - DAG(s) 'example_local_kubernetes_executor' retrieved from /home/airflow/.local/lib/python3.8/site-packages/airflow/example_dags/example_local_kubernetes_executor.py
[2025-04-13T19:16:54.391+0000] {logging_mixin.py:188} INFO - [2025-04-13T19:16:54.391+0000] {dag.py:3036} INFO - Sync 1 DAGs
[2025-04-13T19:16:54.434+0000] {logging_mixin.py:188} INFO - [2025-04-13T19:16:54.433+0000] {dag.py:3823} INFO - Setting next_dagrun for example_local_kubernetes_executor to None, run_after=None
[2025-04-13T19:16:54.470+0000] {processor.py:183} INFO - Processing /home/airflow/.local/lib/python3.8/site-packages/airflow/example_dags/example_local_kubernetes_executor.py took 0.195 seconds
[2025-04-13T19:17:27.620+0000] {processor.py:161} INFO - Started process (PID=14392) to work on /home/airflow/.local/lib/python3.8/site-packages/airflow/example_dags/example_local_kubernetes_executor.py
[2025-04-13T19:17:27.622+0000] {processor.py:830} INFO - Processing file /home/airflow/.local/lib/python3.8/site-packages/airflow/example_dags/example_local_kubernetes_executor.py for tasks to queue
[2025-04-13T19:17:27.625+0000] {logging_mixin.py:188} INFO - [2025-04-13T19:17:27.624+0000] {dagbag.py:538} INFO - Filling up the DagBag from /home/airflow/.local/lib/python3.8/site-packages/airflow/example_dags/example_local_kubernetes_executor.py
[2025-04-13T19:17:27.638+0000] {processor.py:840} INFO - DAG(s) 'example_local_kubernetes_executor' retrieved from /home/airflow/.local/lib/python3.8/site-packages/airflow/example_dags/example_local_kubernetes_executor.py
[2025-04-13T19:17:27.694+0000] {logging_mixin.py:188} INFO - [2025-04-13T19:17:27.693+0000] {dag.py:3036} INFO - Sync 1 DAGs
[2025-04-13T19:17:27.713+0000] {logging_mixin.py:188} INFO - [2025-04-13T19:17:27.713+0000] {dag.py:3823} INFO - Setting next_dagrun for example_local_kubernetes_executor to None, run_after=None
[2025-04-13T19:17:27.743+0000] {processor.py:183} INFO - Processing /home/airflow/.local/lib/python3.8/site-packages/airflow/example_dags/example_local_kubernetes_executor.py took 0.129 seconds
[2025-04-13T19:18:00.111+0000] {processor.py:161} INFO - Started process (PID=14448) to work on /home/airflow/.local/lib/python3.8/site-packages/airflow/example_dags/example_local_kubernetes_executor.py
[2025-04-13T19:18:00.113+0000] {processor.py:830} INFO - Processing file /home/airflow/.local/lib/python3.8/site-packages/airflow/example_dags/example_local_kubernetes_executor.py for tasks to queue
[2025-04-13T19:18:00.115+0000] {logging_mixin.py:188} INFO - [2025-04-13T19:18:00.115+0000] {dagbag.py:538} INFO - Filling up the DagBag from /home/airflow/.local/lib/python3.8/site-packages/airflow/example_dags/example_local_kubernetes_executor.py
[2025-04-13T19:18:00.126+0000] {processor.py:840} INFO - DAG(s) 'example_local_kubernetes_executor' retrieved from /home/airflow/.local/lib/python3.8/site-packages/airflow/example_dags/example_local_kubernetes_executor.py
[2025-04-13T19:18:00.172+0000] {logging_mixin.py:188} INFO - [2025-04-13T19:18:00.171+0000] {dag.py:3036} INFO - Sync 1 DAGs
[2025-04-13T19:18:00.194+0000] {logging_mixin.py:188} INFO - [2025-04-13T19:18:00.193+0000] {dag.py:3823} INFO - Setting next_dagrun for example_local_kubernetes_executor to None, run_after=None
[2025-04-13T19:18:00.232+0000] {processor.py:183} INFO - Processing /home/airflow/.local/lib/python3.8/site-packages/airflow/example_dags/example_local_kubernetes_executor.py took 0.127 seconds
[2025-04-13T19:18:34.361+0000] {processor.py:161} INFO - Started process (PID=14505) to work on /home/airflow/.local/lib/python3.8/site-packages/airflow/example_dags/example_local_kubernetes_executor.py
[2025-04-13T19:18:34.362+0000] {processor.py:830} INFO - Processing file /home/airflow/.local/lib/python3.8/site-packages/airflow/example_dags/example_local_kubernetes_executor.py for tasks to queue
[2025-04-13T19:18:34.365+0000] {logging_mixin.py:188} INFO - [2025-04-13T19:18:34.364+0000] {dagbag.py:538} INFO - Filling up the DagBag from /home/airflow/.local/lib/python3.8/site-packages/airflow/example_dags/example_local_kubernetes_executor.py
[2025-04-13T19:18:34.379+0000] {processor.py:840} INFO - DAG(s) 'example_local_kubernetes_executor' retrieved from /home/airflow/.local/lib/python3.8/site-packages/airflow/example_dags/example_local_kubernetes_executor.py
[2025-04-13T19:18:34.442+0000] {logging_mixin.py:188} INFO - [2025-04-13T19:18:34.442+0000] {dag.py:3036} INFO - Sync 1 DAGs
[2025-04-13T19:18:34.466+0000] {logging_mixin.py:188} INFO - [2025-04-13T19:18:34.466+0000] {dag.py:3823} INFO - Setting next_dagrun for example_local_kubernetes_executor to None, run_after=None
[2025-04-13T19:18:34.505+0000] {processor.py:183} INFO - Processing /home/airflow/.local/lib/python3.8/site-packages/airflow/example_dags/example_local_kubernetes_executor.py took 0.152 seconds
[2025-04-13T19:19:07.906+0000] {processor.py:161} INFO - Started process (PID=14561) to work on /home/airflow/.local/lib/python3.8/site-packages/airflow/example_dags/example_local_kubernetes_executor.py
[2025-04-13T19:19:07.907+0000] {processor.py:830} INFO - Processing file /home/airflow/.local/lib/python3.8/site-packages/airflow/example_dags/example_local_kubernetes_executor.py for tasks to queue
[2025-04-13T19:19:07.910+0000] {logging_mixin.py:188} INFO - [2025-04-13T19:19:07.910+0000] {dagbag.py:538} INFO - Filling up the DagBag from /home/airflow/.local/lib/python3.8/site-packages/airflow/example_dags/example_local_kubernetes_executor.py
[2025-04-13T19:19:07.923+0000] {processor.py:840} INFO - DAG(s) 'example_local_kubernetes_executor' retrieved from /home/airflow/.local/lib/python3.8/site-packages/airflow/example_dags/example_local_kubernetes_executor.py
[2025-04-13T19:19:07.969+0000] {logging_mixin.py:188} INFO - [2025-04-13T19:19:07.969+0000] {dag.py:3036} INFO - Sync 1 DAGs
[2025-04-13T19:19:07.987+0000] {logging_mixin.py:188} INFO - [2025-04-13T19:19:07.987+0000] {dag.py:3823} INFO - Setting next_dagrun for example_local_kubernetes_executor to None, run_after=None
[2025-04-13T19:19:08.014+0000] {processor.py:183} INFO - Processing /home/airflow/.local/lib/python3.8/site-packages/airflow/example_dags/example_local_kubernetes_executor.py took 0.115 seconds
[2025-04-13T19:19:41.789+0000] {processor.py:161} INFO - Started process (PID=14619) to work on /home/airflow/.local/lib/python3.8/site-packages/airflow/example_dags/example_local_kubernetes_executor.py
[2025-04-13T19:19:41.791+0000] {processor.py:830} INFO - Processing file /home/airflow/.local/lib/python3.8/site-packages/airflow/example_dags/example_local_kubernetes_executor.py for tasks to queue
[2025-04-13T19:19:41.793+0000] {logging_mixin.py:188} INFO - [2025-04-13T19:19:41.793+0000] {dagbag.py:538} INFO - Filling up the DagBag from /home/airflow/.local/lib/python3.8/site-packages/airflow/example_dags/example_local_kubernetes_executor.py
[2025-04-13T19:19:41.803+0000] {processor.py:840} INFO - DAG(s) 'example_local_kubernetes_executor' retrieved from /home/airflow/.local/lib/python3.8/site-packages/airflow/example_dags/example_local_kubernetes_executor.py
[2025-04-13T19:19:41.876+0000] {logging_mixin.py:188} INFO - [2025-04-13T19:19:41.876+0000] {dag.py:3036} INFO - Sync 1 DAGs
[2025-04-13T19:19:41.912+0000] {logging_mixin.py:188} INFO - [2025-04-13T19:19:41.911+0000] {dag.py:3823} INFO - Setting next_dagrun for example_local_kubernetes_executor to None, run_after=None
[2025-04-13T19:19:41.963+0000] {processor.py:183} INFO - Processing /home/airflow/.local/lib/python3.8/site-packages/airflow/example_dags/example_local_kubernetes_executor.py took 0.181 seconds
[2025-04-13T19:20:14.684+0000] {processor.py:161} INFO - Started process (PID=14675) to work on /home/airflow/.local/lib/python3.8/site-packages/airflow/example_dags/example_local_kubernetes_executor.py
[2025-04-13T19:20:14.685+0000] {processor.py:830} INFO - Processing file /home/airflow/.local/lib/python3.8/site-packages/airflow/example_dags/example_local_kubernetes_executor.py for tasks to queue
[2025-04-13T19:20:14.688+0000] {logging_mixin.py:188} INFO - [2025-04-13T19:20:14.688+0000] {dagbag.py:538} INFO - Filling up the DagBag from /home/airflow/.local/lib/python3.8/site-packages/airflow/example_dags/example_local_kubernetes_executor.py
[2025-04-13T19:20:14.698+0000] {processor.py:840} INFO - DAG(s) 'example_local_kubernetes_executor' retrieved from /home/airflow/.local/lib/python3.8/site-packages/airflow/example_dags/example_local_kubernetes_executor.py
[2025-04-13T19:20:14.749+0000] {logging_mixin.py:188} INFO - [2025-04-13T19:20:14.749+0000] {dag.py:3036} INFO - Sync 1 DAGs
[2025-04-13T19:20:14.767+0000] {logging_mixin.py:188} INFO - [2025-04-13T19:20:14.767+0000] {dag.py:3823} INFO - Setting next_dagrun for example_local_kubernetes_executor to None, run_after=None
[2025-04-13T19:20:14.797+0000] {processor.py:183} INFO - Processing /home/airflow/.local/lib/python3.8/site-packages/airflow/example_dags/example_local_kubernetes_executor.py took 0.119 seconds
[2025-04-13T19:20:48.467+0000] {processor.py:161} INFO - Started process (PID=14731) to work on /home/airflow/.local/lib/python3.8/site-packages/airflow/example_dags/example_local_kubernetes_executor.py
[2025-04-13T19:20:48.468+0000] {processor.py:830} INFO - Processing file /home/airflow/.local/lib/python3.8/site-packages/airflow/example_dags/example_local_kubernetes_executor.py for tasks to queue
[2025-04-13T19:20:48.471+0000] {logging_mixin.py:188} INFO - [2025-04-13T19:20:48.471+0000] {dagbag.py:538} INFO - Filling up the DagBag from /home/airflow/.local/lib/python3.8/site-packages/airflow/example_dags/example_local_kubernetes_executor.py
[2025-04-13T19:20:48.481+0000] {processor.py:840} INFO - DAG(s) 'example_local_kubernetes_executor' retrieved from /home/airflow/.local/lib/python3.8/site-packages/airflow/example_dags/example_local_kubernetes_executor.py
[2025-04-13T19:20:48.546+0000] {logging_mixin.py:188} INFO - [2025-04-13T19:20:48.545+0000] {dag.py:3036} INFO - Sync 1 DAGs
[2025-04-13T19:20:48.583+0000] {logging_mixin.py:188} INFO - [2025-04-13T19:20:48.583+0000] {dag.py:3823} INFO - Setting next_dagrun for example_local_kubernetes_executor to None, run_after=None
[2025-04-13T19:20:48.622+0000] {processor.py:183} INFO - Processing /home/airflow/.local/lib/python3.8/site-packages/airflow/example_dags/example_local_kubernetes_executor.py took 0.160 seconds
[2025-04-13T19:21:21.144+0000] {processor.py:161} INFO - Started process (PID=14787) to work on /home/airflow/.local/lib/python3.8/site-packages/airflow/example_dags/example_local_kubernetes_executor.py
[2025-04-13T19:21:21.145+0000] {processor.py:830} INFO - Processing file /home/airflow/.local/lib/python3.8/site-packages/airflow/example_dags/example_local_kubernetes_executor.py for tasks to queue
[2025-04-13T19:21:21.147+0000] {logging_mixin.py:188} INFO - [2025-04-13T19:21:21.147+0000] {dagbag.py:538} INFO - Filling up the DagBag from /home/airflow/.local/lib/python3.8/site-packages/airflow/example_dags/example_local_kubernetes_executor.py
[2025-04-13T19:21:21.159+0000] {processor.py:840} INFO - DAG(s) 'example_local_kubernetes_executor' retrieved from /home/airflow/.local/lib/python3.8/site-packages/airflow/example_dags/example_local_kubernetes_executor.py
[2025-04-13T19:21:21.206+0000] {logging_mixin.py:188} INFO - [2025-04-13T19:21:21.205+0000] {dag.py:3036} INFO - Sync 1 DAGs
[2025-04-13T19:21:21.225+0000] {logging_mixin.py:188} INFO - [2025-04-13T19:21:21.225+0000] {dag.py:3823} INFO - Setting next_dagrun for example_local_kubernetes_executor to None, run_after=None
[2025-04-13T19:21:21.256+0000] {processor.py:183} INFO - Processing /home/airflow/.local/lib/python3.8/site-packages/airflow/example_dags/example_local_kubernetes_executor.py took 0.116 seconds
[2025-04-13T19:21:53.861+0000] {processor.py:161} INFO - Started process (PID=14844) to work on /home/airflow/.local/lib/python3.8/site-packages/airflow/example_dags/example_local_kubernetes_executor.py
[2025-04-13T19:21:53.863+0000] {processor.py:830} INFO - Processing file /home/airflow/.local/lib/python3.8/site-packages/airflow/example_dags/example_local_kubernetes_executor.py for tasks to queue
[2025-04-13T19:21:53.867+0000] {logging_mixin.py:188} INFO - [2025-04-13T19:21:53.866+0000] {dagbag.py:538} INFO - Filling up the DagBag from /home/airflow/.local/lib/python3.8/site-packages/airflow/example_dags/example_local_kubernetes_executor.py
[2025-04-13T19:21:53.875+0000] {processor.py:840} INFO - DAG(s) 'example_local_kubernetes_executor' retrieved from /home/airflow/.local/lib/python3.8/site-packages/airflow/example_dags/example_local_kubernetes_executor.py
[2025-04-13T19:21:53.921+0000] {logging_mixin.py:188} INFO - [2025-04-13T19:21:53.921+0000] {dag.py:3036} INFO - Sync 1 DAGs
[2025-04-13T19:21:53.948+0000] {logging_mixin.py:188} INFO - [2025-04-13T19:21:53.947+0000] {dag.py:3823} INFO - Setting next_dagrun for example_local_kubernetes_executor to None, run_after=None
[2025-04-13T19:21:53.985+0000] {processor.py:183} INFO - Processing /home/airflow/.local/lib/python3.8/site-packages/airflow/example_dags/example_local_kubernetes_executor.py took 0.127 seconds
[2025-04-13T19:22:27.785+0000] {processor.py:161} INFO - Started process (PID=14900) to work on /home/airflow/.local/lib/python3.8/site-packages/airflow/example_dags/example_local_kubernetes_executor.py
[2025-04-13T19:22:27.786+0000] {processor.py:830} INFO - Processing file /home/airflow/.local/lib/python3.8/site-packages/airflow/example_dags/example_local_kubernetes_executor.py for tasks to queue
[2025-04-13T19:22:27.789+0000] {logging_mixin.py:188} INFO - [2025-04-13T19:22:27.788+0000] {dagbag.py:538} INFO - Filling up the DagBag from /home/airflow/.local/lib/python3.8/site-packages/airflow/example_dags/example_local_kubernetes_executor.py
[2025-04-13T19:22:27.800+0000] {processor.py:840} INFO - DAG(s) 'example_local_kubernetes_executor' retrieved from /home/airflow/.local/lib/python3.8/site-packages/airflow/example_dags/example_local_kubernetes_executor.py
[2025-04-13T19:22:27.852+0000] {logging_mixin.py:188} INFO - [2025-04-13T19:22:27.852+0000] {dag.py:3036} INFO - Sync 1 DAGs
[2025-04-13T19:22:27.872+0000] {logging_mixin.py:188} INFO - [2025-04-13T19:22:27.871+0000] {dag.py:3823} INFO - Setting next_dagrun for example_local_kubernetes_executor to None, run_after=None
[2025-04-13T19:22:27.904+0000] {processor.py:183} INFO - Processing /home/airflow/.local/lib/python3.8/site-packages/airflow/example_dags/example_local_kubernetes_executor.py took 0.122 seconds
[2025-04-13T19:23:00.841+0000] {processor.py:161} INFO - Started process (PID=14955) to work on /home/airflow/.local/lib/python3.8/site-packages/airflow/example_dags/example_local_kubernetes_executor.py
[2025-04-13T19:23:00.843+0000] {processor.py:830} INFO - Processing file /home/airflow/.local/lib/python3.8/site-packages/airflow/example_dags/example_local_kubernetes_executor.py for tasks to queue
[2025-04-13T19:23:00.845+0000] {logging_mixin.py:188} INFO - [2025-04-13T19:23:00.845+0000] {dagbag.py:538} INFO - Filling up the DagBag from /home/airflow/.local/lib/python3.8/site-packages/airflow/example_dags/example_local_kubernetes_executor.py
[2025-04-13T19:23:00.856+0000] {processor.py:840} INFO - DAG(s) 'example_local_kubernetes_executor' retrieved from /home/airflow/.local/lib/python3.8/site-packages/airflow/example_dags/example_local_kubernetes_executor.py
[2025-04-13T19:23:00.923+0000] {logging_mixin.py:188} INFO - [2025-04-13T19:23:00.923+0000] {dag.py:3036} INFO - Sync 1 DAGs
[2025-04-13T19:23:00.961+0000] {logging_mixin.py:188} INFO - [2025-04-13T19:23:00.960+0000] {dag.py:3823} INFO - Setting next_dagrun for example_local_kubernetes_executor to None, run_after=None
[2025-04-13T19:23:00.998+0000] {processor.py:183} INFO - Processing /home/airflow/.local/lib/python3.8/site-packages/airflow/example_dags/example_local_kubernetes_executor.py took 0.163 seconds
[2025-04-13T19:23:35.917+0000] {processor.py:161} INFO - Started process (PID=15011) to work on /home/airflow/.local/lib/python3.8/site-packages/airflow/example_dags/example_local_kubernetes_executor.py
[2025-04-13T19:23:35.919+0000] {processor.py:830} INFO - Processing file /home/airflow/.local/lib/python3.8/site-packages/airflow/example_dags/example_local_kubernetes_executor.py for tasks to queue
[2025-04-13T19:23:35.922+0000] {logging_mixin.py:188} INFO - [2025-04-13T19:23:35.921+0000] {dagbag.py:538} INFO - Filling up the DagBag from /home/airflow/.local/lib/python3.8/site-packages/airflow/example_dags/example_local_kubernetes_executor.py
[2025-04-13T19:23:35.935+0000] {processor.py:840} INFO - DAG(s) 'example_local_kubernetes_executor' retrieved from /home/airflow/.local/lib/python3.8/site-packages/airflow/example_dags/example_local_kubernetes_executor.py
[2025-04-13T19:23:36.007+0000] {logging_mixin.py:188} INFO - [2025-04-13T19:23:36.007+0000] {dag.py:3036} INFO - Sync 1 DAGs
[2025-04-13T19:23:36.052+0000] {logging_mixin.py:188} INFO - [2025-04-13T19:23:36.052+0000] {dag.py:3823} INFO - Setting next_dagrun for example_local_kubernetes_executor to None, run_after=None
[2025-04-13T19:23:36.153+0000] {processor.py:183} INFO - Processing /home/airflow/.local/lib/python3.8/site-packages/airflow/example_dags/example_local_kubernetes_executor.py took 0.244 seconds
[2025-04-13T19:24:06.420+0000] {processor.py:161} INFO - Started process (PID=15067) to work on /home/airflow/.local/lib/python3.8/site-packages/airflow/example_dags/example_local_kubernetes_executor.py
[2025-04-13T19:24:06.423+0000] {processor.py:830} INFO - Processing file /home/airflow/.local/lib/python3.8/site-packages/airflow/example_dags/example_local_kubernetes_executor.py for tasks to queue
[2025-04-13T19:24:06.426+0000] {logging_mixin.py:188} INFO - [2025-04-13T19:24:06.426+0000] {dagbag.py:538} INFO - Filling up the DagBag from /home/airflow/.local/lib/python3.8/site-packages/airflow/example_dags/example_local_kubernetes_executor.py
[2025-04-13T19:24:06.445+0000] {processor.py:840} INFO - DAG(s) 'example_local_kubernetes_executor' retrieved from /home/airflow/.local/lib/python3.8/site-packages/airflow/example_dags/example_local_kubernetes_executor.py
[2025-04-13T19:24:06.537+0000] {logging_mixin.py:188} INFO - [2025-04-13T19:24:06.537+0000] {dag.py:3036} INFO - Sync 1 DAGs
[2025-04-13T19:24:06.580+0000] {logging_mixin.py:188} INFO - [2025-04-13T19:24:06.580+0000] {dag.py:3823} INFO - Setting next_dagrun for example_local_kubernetes_executor to None, run_after=None
[2025-04-13T19:24:06.638+0000] {processor.py:183} INFO - Processing /home/airflow/.local/lib/python3.8/site-packages/airflow/example_dags/example_local_kubernetes_executor.py took 0.222 seconds
[2025-04-13T19:24:39.370+0000] {processor.py:161} INFO - Started process (PID=15123) to work on /home/airflow/.local/lib/python3.8/site-packages/airflow/example_dags/example_local_kubernetes_executor.py
[2025-04-13T19:24:39.372+0000] {processor.py:830} INFO - Processing file /home/airflow/.local/lib/python3.8/site-packages/airflow/example_dags/example_local_kubernetes_executor.py for tasks to queue
[2025-04-13T19:24:39.380+0000] {logging_mixin.py:188} INFO - [2025-04-13T19:24:39.379+0000] {dagbag.py:538} INFO - Filling up the DagBag from /home/airflow/.local/lib/python3.8/site-packages/airflow/example_dags/example_local_kubernetes_executor.py
[2025-04-13T19:24:39.405+0000] {processor.py:840} INFO - DAG(s) 'example_local_kubernetes_executor' retrieved from /home/airflow/.local/lib/python3.8/site-packages/airflow/example_dags/example_local_kubernetes_executor.py
[2025-04-13T19:24:39.645+0000] {logging_mixin.py:188} INFO - [2025-04-13T19:24:39.645+0000] {dag.py:3036} INFO - Sync 1 DAGs
[2025-04-13T19:24:39.682+0000] {logging_mixin.py:188} INFO - [2025-04-13T19:24:39.681+0000] {dag.py:3823} INFO - Setting next_dagrun for example_local_kubernetes_executor to None, run_after=None
[2025-04-13T19:24:39.733+0000] {processor.py:183} INFO - Processing /home/airflow/.local/lib/python3.8/site-packages/airflow/example_dags/example_local_kubernetes_executor.py took 0.367 seconds
[2025-04-13T19:25:12.150+0000] {processor.py:161} INFO - Started process (PID=15179) to work on /home/airflow/.local/lib/python3.8/site-packages/airflow/example_dags/example_local_kubernetes_executor.py
[2025-04-13T19:25:12.152+0000] {processor.py:830} INFO - Processing file /home/airflow/.local/lib/python3.8/site-packages/airflow/example_dags/example_local_kubernetes_executor.py for tasks to queue
[2025-04-13T19:25:12.155+0000] {logging_mixin.py:188} INFO - [2025-04-13T19:25:12.154+0000] {dagbag.py:538} INFO - Filling up the DagBag from /home/airflow/.local/lib/python3.8/site-packages/airflow/example_dags/example_local_kubernetes_executor.py
[2025-04-13T19:25:12.164+0000] {processor.py:840} INFO - DAG(s) 'example_local_kubernetes_executor' retrieved from /home/airflow/.local/lib/python3.8/site-packages/airflow/example_dags/example_local_kubernetes_executor.py
[2025-04-13T19:25:12.203+0000] {logging_mixin.py:188} INFO - [2025-04-13T19:25:12.203+0000] {dag.py:3036} INFO - Sync 1 DAGs
[2025-04-13T19:25:12.220+0000] {logging_mixin.py:188} INFO - [2025-04-13T19:25:12.220+0000] {dag.py:3823} INFO - Setting next_dagrun for example_local_kubernetes_executor to None, run_after=None
[2025-04-13T19:25:12.248+0000] {processor.py:183} INFO - Processing /home/airflow/.local/lib/python3.8/site-packages/airflow/example_dags/example_local_kubernetes_executor.py took 0.102 seconds
[2025-04-13T19:25:42.345+0000] {processor.py:161} INFO - Started process (PID=15236) to work on /home/airflow/.local/lib/python3.8/site-packages/airflow/example_dags/example_local_kubernetes_executor.py
[2025-04-13T19:25:42.347+0000] {processor.py:830} INFO - Processing file /home/airflow/.local/lib/python3.8/site-packages/airflow/example_dags/example_local_kubernetes_executor.py for tasks to queue
[2025-04-13T19:25:42.349+0000] {logging_mixin.py:188} INFO - [2025-04-13T19:25:42.349+0000] {dagbag.py:538} INFO - Filling up the DagBag from /home/airflow/.local/lib/python3.8/site-packages/airflow/example_dags/example_local_kubernetes_executor.py
[2025-04-13T19:25:42.362+0000] {processor.py:840} INFO - DAG(s) 'example_local_kubernetes_executor' retrieved from /home/airflow/.local/lib/python3.8/site-packages/airflow/example_dags/example_local_kubernetes_executor.py
[2025-04-13T19:25:42.398+0000] {logging_mixin.py:188} INFO - [2025-04-13T19:25:42.398+0000] {dag.py:3036} INFO - Sync 1 DAGs
[2025-04-13T19:25:42.413+0000] {logging_mixin.py:188} INFO - [2025-04-13T19:25:42.413+0000] {dag.py:3823} INFO - Setting next_dagrun for example_local_kubernetes_executor to None, run_after=None
[2025-04-13T19:25:42.437+0000] {processor.py:183} INFO - Processing /home/airflow/.local/lib/python3.8/site-packages/airflow/example_dags/example_local_kubernetes_executor.py took 0.096 seconds
[2025-04-13T19:26:12.561+0000] {processor.py:161} INFO - Started process (PID=15292) to work on /home/airflow/.local/lib/python3.8/site-packages/airflow/example_dags/example_local_kubernetes_executor.py
[2025-04-13T19:26:12.562+0000] {processor.py:830} INFO - Processing file /home/airflow/.local/lib/python3.8/site-packages/airflow/example_dags/example_local_kubernetes_executor.py for tasks to queue
[2025-04-13T19:26:12.564+0000] {logging_mixin.py:188} INFO - [2025-04-13T19:26:12.564+0000] {dagbag.py:538} INFO - Filling up the DagBag from /home/airflow/.local/lib/python3.8/site-packages/airflow/example_dags/example_local_kubernetes_executor.py
[2025-04-13T19:26:12.572+0000] {processor.py:840} INFO - DAG(s) 'example_local_kubernetes_executor' retrieved from /home/airflow/.local/lib/python3.8/site-packages/airflow/example_dags/example_local_kubernetes_executor.py
[2025-04-13T19:26:12.614+0000] {logging_mixin.py:188} INFO - [2025-04-13T19:26:12.614+0000] {dag.py:3036} INFO - Sync 1 DAGs
[2025-04-13T19:26:12.634+0000] {logging_mixin.py:188} INFO - [2025-04-13T19:26:12.634+0000] {dag.py:3823} INFO - Setting next_dagrun for example_local_kubernetes_executor to None, run_after=None
[2025-04-13T19:26:12.672+0000] {processor.py:183} INFO - Processing /home/airflow/.local/lib/python3.8/site-packages/airflow/example_dags/example_local_kubernetes_executor.py took 0.115 seconds
[2025-04-13T19:26:42.780+0000] {processor.py:161} INFO - Started process (PID=15348) to work on /home/airflow/.local/lib/python3.8/site-packages/airflow/example_dags/example_local_kubernetes_executor.py
[2025-04-13T19:26:42.782+0000] {processor.py:830} INFO - Processing file /home/airflow/.local/lib/python3.8/site-packages/airflow/example_dags/example_local_kubernetes_executor.py for tasks to queue
[2025-04-13T19:26:42.784+0000] {logging_mixin.py:188} INFO - [2025-04-13T19:26:42.784+0000] {dagbag.py:538} INFO - Filling up the DagBag from /home/airflow/.local/lib/python3.8/site-packages/airflow/example_dags/example_local_kubernetes_executor.py
[2025-04-13T19:26:42.810+0000] {processor.py:840} INFO - DAG(s) 'example_local_kubernetes_executor' retrieved from /home/airflow/.local/lib/python3.8/site-packages/airflow/example_dags/example_local_kubernetes_executor.py
[2025-04-13T19:26:42.866+0000] {logging_mixin.py:188} INFO - [2025-04-13T19:26:42.866+0000] {dag.py:3036} INFO - Sync 1 DAGs
[2025-04-13T19:26:42.882+0000] {logging_mixin.py:188} INFO - [2025-04-13T19:26:42.882+0000] {dag.py:3823} INFO - Setting next_dagrun for example_local_kubernetes_executor to None, run_after=None
[2025-04-13T19:26:42.905+0000] {processor.py:183} INFO - Processing /home/airflow/.local/lib/python3.8/site-packages/airflow/example_dags/example_local_kubernetes_executor.py took 0.129 seconds
[2025-04-13T19:27:12.994+0000] {processor.py:161} INFO - Started process (PID=15398) to work on /home/airflow/.local/lib/python3.8/site-packages/airflow/example_dags/example_local_kubernetes_executor.py
[2025-04-13T19:27:12.995+0000] {processor.py:830} INFO - Processing file /home/airflow/.local/lib/python3.8/site-packages/airflow/example_dags/example_local_kubernetes_executor.py for tasks to queue
[2025-04-13T19:27:12.998+0000] {logging_mixin.py:188} INFO - [2025-04-13T19:27:12.997+0000] {dagbag.py:538} INFO - Filling up the DagBag from /home/airflow/.local/lib/python3.8/site-packages/airflow/example_dags/example_local_kubernetes_executor.py
[2025-04-13T19:27:13.008+0000] {processor.py:840} INFO - DAG(s) 'example_local_kubernetes_executor' retrieved from /home/airflow/.local/lib/python3.8/site-packages/airflow/example_dags/example_local_kubernetes_executor.py
[2025-04-13T19:27:13.047+0000] {logging_mixin.py:188} INFO - [2025-04-13T19:27:13.046+0000] {dag.py:3036} INFO - Sync 1 DAGs
[2025-04-13T19:27:13.060+0000] {logging_mixin.py:188} INFO - [2025-04-13T19:27:13.060+0000] {dag.py:3823} INFO - Setting next_dagrun for example_local_kubernetes_executor to None, run_after=None
[2025-04-13T19:27:13.086+0000] {processor.py:183} INFO - Processing /home/airflow/.local/lib/python3.8/site-packages/airflow/example_dags/example_local_kubernetes_executor.py took 0.097 seconds
[2025-04-13T19:27:43.163+0000] {processor.py:161} INFO - Started process (PID=15455) to work on /home/airflow/.local/lib/python3.8/site-packages/airflow/example_dags/example_local_kubernetes_executor.py
[2025-04-13T19:27:43.164+0000] {processor.py:830} INFO - Processing file /home/airflow/.local/lib/python3.8/site-packages/airflow/example_dags/example_local_kubernetes_executor.py for tasks to queue
[2025-04-13T19:27:43.167+0000] {logging_mixin.py:188} INFO - [2025-04-13T19:27:43.167+0000] {dagbag.py:538} INFO - Filling up the DagBag from /home/airflow/.local/lib/python3.8/site-packages/airflow/example_dags/example_local_kubernetes_executor.py
[2025-04-13T19:27:43.176+0000] {processor.py:840} INFO - DAG(s) 'example_local_kubernetes_executor' retrieved from /home/airflow/.local/lib/python3.8/site-packages/airflow/example_dags/example_local_kubernetes_executor.py
[2025-04-13T19:27:43.211+0000] {logging_mixin.py:188} INFO - [2025-04-13T19:27:43.210+0000] {dag.py:3036} INFO - Sync 1 DAGs
[2025-04-13T19:27:43.224+0000] {logging_mixin.py:188} INFO - [2025-04-13T19:27:43.224+0000] {dag.py:3823} INFO - Setting next_dagrun for example_local_kubernetes_executor to None, run_after=None
[2025-04-13T19:27:43.248+0000] {processor.py:183} INFO - Processing /home/airflow/.local/lib/python3.8/site-packages/airflow/example_dags/example_local_kubernetes_executor.py took 0.088 seconds
[2025-04-13T19:28:14.921+0000] {processor.py:161} INFO - Started process (PID=15511) to work on /home/airflow/.local/lib/python3.8/site-packages/airflow/example_dags/example_local_kubernetes_executor.py
[2025-04-13T19:28:14.925+0000] {processor.py:830} INFO - Processing file /home/airflow/.local/lib/python3.8/site-packages/airflow/example_dags/example_local_kubernetes_executor.py for tasks to queue
[2025-04-13T19:28:14.928+0000] {logging_mixin.py:188} INFO - [2025-04-13T19:28:14.927+0000] {dagbag.py:538} INFO - Filling up the DagBag from /home/airflow/.local/lib/python3.8/site-packages/airflow/example_dags/example_local_kubernetes_executor.py
[2025-04-13T19:28:14.951+0000] {processor.py:840} INFO - DAG(s) 'example_local_kubernetes_executor' retrieved from /home/airflow/.local/lib/python3.8/site-packages/airflow/example_dags/example_local_kubernetes_executor.py
[2025-04-13T19:28:15.112+0000] {logging_mixin.py:188} INFO - [2025-04-13T19:28:15.111+0000] {dag.py:3036} INFO - Sync 1 DAGs
[2025-04-13T19:28:15.254+0000] {logging_mixin.py:188} INFO - [2025-04-13T19:28:15.247+0000] {dag.py:3823} INFO - Setting next_dagrun for example_local_kubernetes_executor to None, run_after=None
[2025-04-13T19:28:15.962+0000] {processor.py:183} INFO - Processing /home/airflow/.local/lib/python3.8/site-packages/airflow/example_dags/example_local_kubernetes_executor.py took 1.045 seconds
[2025-04-13T19:29:07.196+0000] {processor.py:161} INFO - Started process (PID=15573) to work on /home/airflow/.local/lib/python3.8/site-packages/airflow/example_dags/example_local_kubernetes_executor.py
[2025-04-13T19:29:07.207+0000] {processor.py:830} INFO - Processing file /home/airflow/.local/lib/python3.8/site-packages/airflow/example_dags/example_local_kubernetes_executor.py for tasks to queue
[2025-04-13T19:29:07.211+0000] {logging_mixin.py:188} INFO - [2025-04-13T19:29:07.210+0000] {dagbag.py:538} INFO - Filling up the DagBag from /home/airflow/.local/lib/python3.8/site-packages/airflow/example_dags/example_local_kubernetes_executor.py
[2025-04-13T19:29:07.253+0000] {processor.py:840} INFO - DAG(s) 'example_local_kubernetes_executor' retrieved from /home/airflow/.local/lib/python3.8/site-packages/airflow/example_dags/example_local_kubernetes_executor.py
[2025-04-13T19:29:07.406+0000] {logging_mixin.py:188} INFO - [2025-04-13T19:29:07.405+0000] {dag.py:3036} INFO - Sync 1 DAGs
[2025-04-13T19:29:07.485+0000] {logging_mixin.py:188} INFO - [2025-04-13T19:29:07.485+0000] {dag.py:3823} INFO - Setting next_dagrun for example_local_kubernetes_executor to None, run_after=None
[2025-04-13T19:29:07.590+0000] {processor.py:183} INFO - Processing /home/airflow/.local/lib/python3.8/site-packages/airflow/example_dags/example_local_kubernetes_executor.py took 0.400 seconds
[2025-04-13T19:29:39.720+0000] {processor.py:161} INFO - Started process (PID=15633) to work on /home/airflow/.local/lib/python3.8/site-packages/airflow/example_dags/example_local_kubernetes_executor.py
[2025-04-13T19:29:39.721+0000] {processor.py:830} INFO - Processing file /home/airflow/.local/lib/python3.8/site-packages/airflow/example_dags/example_local_kubernetes_executor.py for tasks to queue
[2025-04-13T19:29:39.724+0000] {logging_mixin.py:188} INFO - [2025-04-13T19:29:39.724+0000] {dagbag.py:538} INFO - Filling up the DagBag from /home/airflow/.local/lib/python3.8/site-packages/airflow/example_dags/example_local_kubernetes_executor.py
[2025-04-13T19:29:39.735+0000] {processor.py:840} INFO - DAG(s) 'example_local_kubernetes_executor' retrieved from /home/airflow/.local/lib/python3.8/site-packages/airflow/example_dags/example_local_kubernetes_executor.py
[2025-04-13T19:29:39.775+0000] {logging_mixin.py:188} INFO - [2025-04-13T19:29:39.775+0000] {dag.py:3036} INFO - Sync 1 DAGs
[2025-04-13T19:29:39.796+0000] {logging_mixin.py:188} INFO - [2025-04-13T19:29:39.796+0000] {dag.py:3823} INFO - Setting next_dagrun for example_local_kubernetes_executor to None, run_after=None
[2025-04-13T19:29:39.830+0000] {processor.py:183} INFO - Processing /home/airflow/.local/lib/python3.8/site-packages/airflow/example_dags/example_local_kubernetes_executor.py took 0.115 seconds
[2025-04-13T19:30:13.093+0000] {processor.py:161} INFO - Started process (PID=15689) to work on /home/airflow/.local/lib/python3.8/site-packages/airflow/example_dags/example_local_kubernetes_executor.py
[2025-04-13T19:30:13.094+0000] {processor.py:830} INFO - Processing file /home/airflow/.local/lib/python3.8/site-packages/airflow/example_dags/example_local_kubernetes_executor.py for tasks to queue
[2025-04-13T19:30:13.097+0000] {logging_mixin.py:188} INFO - [2025-04-13T19:30:13.097+0000] {dagbag.py:538} INFO - Filling up the DagBag from /home/airflow/.local/lib/python3.8/site-packages/airflow/example_dags/example_local_kubernetes_executor.py
[2025-04-13T19:30:13.107+0000] {processor.py:840} INFO - DAG(s) 'example_local_kubernetes_executor' retrieved from /home/airflow/.local/lib/python3.8/site-packages/airflow/example_dags/example_local_kubernetes_executor.py
[2025-04-13T19:30:13.151+0000] {logging_mixin.py:188} INFO - [2025-04-13T19:30:13.150+0000] {dag.py:3036} INFO - Sync 1 DAGs
[2025-04-13T19:30:13.186+0000] {logging_mixin.py:188} INFO - [2025-04-13T19:30:13.185+0000] {dag.py:3823} INFO - Setting next_dagrun for example_local_kubernetes_executor to None, run_after=None
[2025-04-13T19:30:13.216+0000] {processor.py:183} INFO - Processing /home/airflow/.local/lib/python3.8/site-packages/airflow/example_dags/example_local_kubernetes_executor.py took 0.127 seconds
[2025-04-13T19:30:46.492+0000] {processor.py:161} INFO - Started process (PID=15745) to work on /home/airflow/.local/lib/python3.8/site-packages/airflow/example_dags/example_local_kubernetes_executor.py
[2025-04-13T19:30:46.493+0000] {processor.py:830} INFO - Processing file /home/airflow/.local/lib/python3.8/site-packages/airflow/example_dags/example_local_kubernetes_executor.py for tasks to queue
[2025-04-13T19:30:46.495+0000] {logging_mixin.py:188} INFO - [2025-04-13T19:30:46.495+0000] {dagbag.py:538} INFO - Filling up the DagBag from /home/airflow/.local/lib/python3.8/site-packages/airflow/example_dags/example_local_kubernetes_executor.py
[2025-04-13T19:30:46.505+0000] {processor.py:840} INFO - DAG(s) 'example_local_kubernetes_executor' retrieved from /home/airflow/.local/lib/python3.8/site-packages/airflow/example_dags/example_local_kubernetes_executor.py
[2025-04-13T19:30:46.553+0000] {logging_mixin.py:188} INFO - [2025-04-13T19:30:46.553+0000] {dag.py:3036} INFO - Sync 1 DAGs
[2025-04-13T19:30:46.576+0000] {logging_mixin.py:188} INFO - [2025-04-13T19:30:46.576+0000] {dag.py:3823} INFO - Setting next_dagrun for example_local_kubernetes_executor to None, run_after=None
[2025-04-13T19:30:46.603+0000] {processor.py:183} INFO - Processing /home/airflow/.local/lib/python3.8/site-packages/airflow/example_dags/example_local_kubernetes_executor.py took 0.115 seconds
[2025-04-13T19:31:20.328+0000] {processor.py:161} INFO - Started process (PID=15801) to work on /home/airflow/.local/lib/python3.8/site-packages/airflow/example_dags/example_local_kubernetes_executor.py
[2025-04-13T19:31:20.330+0000] {processor.py:830} INFO - Processing file /home/airflow/.local/lib/python3.8/site-packages/airflow/example_dags/example_local_kubernetes_executor.py for tasks to queue
[2025-04-13T19:31:20.332+0000] {logging_mixin.py:188} INFO - [2025-04-13T19:31:20.332+0000] {dagbag.py:538} INFO - Filling up the DagBag from /home/airflow/.local/lib/python3.8/site-packages/airflow/example_dags/example_local_kubernetes_executor.py
[2025-04-13T19:31:20.345+0000] {processor.py:840} INFO - DAG(s) 'example_local_kubernetes_executor' retrieved from /home/airflow/.local/lib/python3.8/site-packages/airflow/example_dags/example_local_kubernetes_executor.py
[2025-04-13T19:31:20.385+0000] {logging_mixin.py:188} INFO - [2025-04-13T19:31:20.385+0000] {dag.py:3036} INFO - Sync 1 DAGs
[2025-04-13T19:31:20.400+0000] {logging_mixin.py:188} INFO - [2025-04-13T19:31:20.399+0000] {dag.py:3823} INFO - Setting next_dagrun for example_local_kubernetes_executor to None, run_after=None
[2025-04-13T19:31:20.423+0000] {processor.py:183} INFO - Processing /home/airflow/.local/lib/python3.8/site-packages/airflow/example_dags/example_local_kubernetes_executor.py took 0.099 seconds
[2025-04-13T19:31:53.826+0000] {processor.py:161} INFO - Started process (PID=15857) to work on /home/airflow/.local/lib/python3.8/site-packages/airflow/example_dags/example_local_kubernetes_executor.py
[2025-04-13T19:31:53.827+0000] {processor.py:830} INFO - Processing file /home/airflow/.local/lib/python3.8/site-packages/airflow/example_dags/example_local_kubernetes_executor.py for tasks to queue
[2025-04-13T19:31:53.830+0000] {logging_mixin.py:188} INFO - [2025-04-13T19:31:53.829+0000] {dagbag.py:538} INFO - Filling up the DagBag from /home/airflow/.local/lib/python3.8/site-packages/airflow/example_dags/example_local_kubernetes_executor.py
[2025-04-13T19:31:53.840+0000] {processor.py:840} INFO - DAG(s) 'example_local_kubernetes_executor' retrieved from /home/airflow/.local/lib/python3.8/site-packages/airflow/example_dags/example_local_kubernetes_executor.py
[2025-04-13T19:31:53.879+0000] {logging_mixin.py:188} INFO - [2025-04-13T19:31:53.879+0000] {dag.py:3036} INFO - Sync 1 DAGs
[2025-04-13T19:31:53.892+0000] {logging_mixin.py:188} INFO - [2025-04-13T19:31:53.892+0000] {dag.py:3823} INFO - Setting next_dagrun for example_local_kubernetes_executor to None, run_after=None
[2025-04-13T19:31:53.917+0000] {processor.py:183} INFO - Processing /home/airflow/.local/lib/python3.8/site-packages/airflow/example_dags/example_local_kubernetes_executor.py took 0.095 seconds
[2025-04-13T19:32:26.554+0000] {processor.py:161} INFO - Started process (PID=15912) to work on /home/airflow/.local/lib/python3.8/site-packages/airflow/example_dags/example_local_kubernetes_executor.py
[2025-04-13T19:32:26.555+0000] {processor.py:830} INFO - Processing file /home/airflow/.local/lib/python3.8/site-packages/airflow/example_dags/example_local_kubernetes_executor.py for tasks to queue
[2025-04-13T19:32:26.558+0000] {logging_mixin.py:188} INFO - [2025-04-13T19:32:26.557+0000] {dagbag.py:538} INFO - Filling up the DagBag from /home/airflow/.local/lib/python3.8/site-packages/airflow/example_dags/example_local_kubernetes_executor.py
[2025-04-13T19:32:26.565+0000] {processor.py:840} INFO - DAG(s) 'example_local_kubernetes_executor' retrieved from /home/airflow/.local/lib/python3.8/site-packages/airflow/example_dags/example_local_kubernetes_executor.py
[2025-04-13T19:32:26.607+0000] {logging_mixin.py:188} INFO - [2025-04-13T19:32:26.607+0000] {dag.py:3036} INFO - Sync 1 DAGs
[2025-04-13T19:32:26.627+0000] {logging_mixin.py:188} INFO - [2025-04-13T19:32:26.626+0000] {dag.py:3823} INFO - Setting next_dagrun for example_local_kubernetes_executor to None, run_after=None
[2025-04-13T19:32:26.671+0000] {processor.py:183} INFO - Processing /home/airflow/.local/lib/python3.8/site-packages/airflow/example_dags/example_local_kubernetes_executor.py took 0.122 seconds
[2025-04-13T19:32:59.848+0000] {processor.py:161} INFO - Started process (PID=15968) to work on /home/airflow/.local/lib/python3.8/site-packages/airflow/example_dags/example_local_kubernetes_executor.py
[2025-04-13T19:32:59.850+0000] {processor.py:830} INFO - Processing file /home/airflow/.local/lib/python3.8/site-packages/airflow/example_dags/example_local_kubernetes_executor.py for tasks to queue
[2025-04-13T19:32:59.853+0000] {logging_mixin.py:188} INFO - [2025-04-13T19:32:59.852+0000] {dagbag.py:538} INFO - Filling up the DagBag from /home/airflow/.local/lib/python3.8/site-packages/airflow/example_dags/example_local_kubernetes_executor.py
[2025-04-13T19:32:59.863+0000] {processor.py:840} INFO - DAG(s) 'example_local_kubernetes_executor' retrieved from /home/airflow/.local/lib/python3.8/site-packages/airflow/example_dags/example_local_kubernetes_executor.py
[2025-04-13T19:32:59.900+0000] {logging_mixin.py:188} INFO - [2025-04-13T19:32:59.899+0000] {dag.py:3036} INFO - Sync 1 DAGs
[2025-04-13T19:32:59.915+0000] {logging_mixin.py:188} INFO - [2025-04-13T19:32:59.914+0000] {dag.py:3823} INFO - Setting next_dagrun for example_local_kubernetes_executor to None, run_after=None
[2025-04-13T19:32:59.939+0000] {processor.py:183} INFO - Processing /home/airflow/.local/lib/python3.8/site-packages/airflow/example_dags/example_local_kubernetes_executor.py took 0.095 seconds
[2025-04-13T19:33:33.441+0000] {processor.py:161} INFO - Started process (PID=16026) to work on /home/airflow/.local/lib/python3.8/site-packages/airflow/example_dags/example_local_kubernetes_executor.py
[2025-04-13T19:33:33.442+0000] {processor.py:830} INFO - Processing file /home/airflow/.local/lib/python3.8/site-packages/airflow/example_dags/example_local_kubernetes_executor.py for tasks to queue
[2025-04-13T19:33:33.445+0000] {logging_mixin.py:188} INFO - [2025-04-13T19:33:33.445+0000] {dagbag.py:538} INFO - Filling up the DagBag from /home/airflow/.local/lib/python3.8/site-packages/airflow/example_dags/example_local_kubernetes_executor.py
[2025-04-13T19:33:33.459+0000] {processor.py:840} INFO - DAG(s) 'example_local_kubernetes_executor' retrieved from /home/airflow/.local/lib/python3.8/site-packages/airflow/example_dags/example_local_kubernetes_executor.py
[2025-04-13T19:33:33.505+0000] {logging_mixin.py:188} INFO - [2025-04-13T19:33:33.505+0000] {dag.py:3036} INFO - Sync 1 DAGs
[2025-04-13T19:33:33.525+0000] {logging_mixin.py:188} INFO - [2025-04-13T19:33:33.525+0000] {dag.py:3823} INFO - Setting next_dagrun for example_local_kubernetes_executor to None, run_after=None
[2025-04-13T19:33:33.552+0000] {processor.py:183} INFO - Processing /home/airflow/.local/lib/python3.8/site-packages/airflow/example_dags/example_local_kubernetes_executor.py took 0.116 seconds
[2025-04-13T19:34:07.891+0000] {processor.py:161} INFO - Started process (PID=16089) to work on /home/airflow/.local/lib/python3.8/site-packages/airflow/example_dags/example_local_kubernetes_executor.py
[2025-04-13T19:34:07.892+0000] {processor.py:830} INFO - Processing file /home/airflow/.local/lib/python3.8/site-packages/airflow/example_dags/example_local_kubernetes_executor.py for tasks to queue
[2025-04-13T19:34:07.895+0000] {logging_mixin.py:188} INFO - [2025-04-13T19:34:07.894+0000] {dagbag.py:538} INFO - Filling up the DagBag from /home/airflow/.local/lib/python3.8/site-packages/airflow/example_dags/example_local_kubernetes_executor.py
[2025-04-13T19:34:07.907+0000] {processor.py:840} INFO - DAG(s) 'example_local_kubernetes_executor' retrieved from /home/airflow/.local/lib/python3.8/site-packages/airflow/example_dags/example_local_kubernetes_executor.py
[2025-04-13T19:34:07.956+0000] {logging_mixin.py:188} INFO - [2025-04-13T19:34:07.956+0000] {dag.py:3036} INFO - Sync 1 DAGs
[2025-04-13T19:34:07.976+0000] {logging_mixin.py:188} INFO - [2025-04-13T19:34:07.975+0000] {dag.py:3823} INFO - Setting next_dagrun for example_local_kubernetes_executor to None, run_after=None
[2025-04-13T19:34:08.003+0000] {processor.py:183} INFO - Processing /home/airflow/.local/lib/python3.8/site-packages/airflow/example_dags/example_local_kubernetes_executor.py took 0.119 seconds
[2025-04-13T19:34:41.313+0000] {processor.py:161} INFO - Started process (PID=16145) to work on /home/airflow/.local/lib/python3.8/site-packages/airflow/example_dags/example_local_kubernetes_executor.py
[2025-04-13T19:34:41.315+0000] {processor.py:830} INFO - Processing file /home/airflow/.local/lib/python3.8/site-packages/airflow/example_dags/example_local_kubernetes_executor.py for tasks to queue
[2025-04-13T19:34:41.322+0000] {logging_mixin.py:188} INFO - [2025-04-13T19:34:41.321+0000] {dagbag.py:538} INFO - Filling up the DagBag from /home/airflow/.local/lib/python3.8/site-packages/airflow/example_dags/example_local_kubernetes_executor.py
[2025-04-13T19:34:41.339+0000] {processor.py:840} INFO - DAG(s) 'example_local_kubernetes_executor' retrieved from /home/airflow/.local/lib/python3.8/site-packages/airflow/example_dags/example_local_kubernetes_executor.py
[2025-04-13T19:34:41.398+0000] {logging_mixin.py:188} INFO - [2025-04-13T19:34:41.397+0000] {dag.py:3036} INFO - Sync 1 DAGs
[2025-04-13T19:34:41.417+0000] {logging_mixin.py:188} INFO - [2025-04-13T19:34:41.417+0000] {dag.py:3823} INFO - Setting next_dagrun for example_local_kubernetes_executor to None, run_after=None
[2025-04-13T19:34:41.452+0000] {processor.py:183} INFO - Processing /home/airflow/.local/lib/python3.8/site-packages/airflow/example_dags/example_local_kubernetes_executor.py took 0.142 seconds
[2025-04-13T19:35:13.892+0000] {processor.py:161} INFO - Started process (PID=16201) to work on /home/airflow/.local/lib/python3.8/site-packages/airflow/example_dags/example_local_kubernetes_executor.py
[2025-04-13T19:35:13.893+0000] {processor.py:830} INFO - Processing file /home/airflow/.local/lib/python3.8/site-packages/airflow/example_dags/example_local_kubernetes_executor.py for tasks to queue
[2025-04-13T19:35:13.896+0000] {logging_mixin.py:188} INFO - [2025-04-13T19:35:13.895+0000] {dagbag.py:538} INFO - Filling up the DagBag from /home/airflow/.local/lib/python3.8/site-packages/airflow/example_dags/example_local_kubernetes_executor.py
[2025-04-13T19:35:13.906+0000] {processor.py:840} INFO - DAG(s) 'example_local_kubernetes_executor' retrieved from /home/airflow/.local/lib/python3.8/site-packages/airflow/example_dags/example_local_kubernetes_executor.py
[2025-04-13T19:35:13.943+0000] {logging_mixin.py:188} INFO - [2025-04-13T19:35:13.942+0000] {dag.py:3036} INFO - Sync 1 DAGs
[2025-04-13T19:35:13.960+0000] {logging_mixin.py:188} INFO - [2025-04-13T19:35:13.960+0000] {dag.py:3823} INFO - Setting next_dagrun for example_local_kubernetes_executor to None, run_after=None
[2025-04-13T19:35:13.987+0000] {processor.py:183} INFO - Processing /home/airflow/.local/lib/python3.8/site-packages/airflow/example_dags/example_local_kubernetes_executor.py took 0.099 seconds
[2025-04-13T19:35:49.020+0000] {processor.py:161} INFO - Started process (PID=16263) to work on /home/airflow/.local/lib/python3.8/site-packages/airflow/example_dags/example_local_kubernetes_executor.py
[2025-04-13T19:35:49.021+0000] {processor.py:830} INFO - Processing file /home/airflow/.local/lib/python3.8/site-packages/airflow/example_dags/example_local_kubernetes_executor.py for tasks to queue
[2025-04-13T19:35:49.026+0000] {logging_mixin.py:188} INFO - [2025-04-13T19:35:49.024+0000] {dagbag.py:538} INFO - Filling up the DagBag from /home/airflow/.local/lib/python3.8/site-packages/airflow/example_dags/example_local_kubernetes_executor.py
[2025-04-13T19:35:49.042+0000] {processor.py:840} INFO - DAG(s) 'example_local_kubernetes_executor' retrieved from /home/airflow/.local/lib/python3.8/site-packages/airflow/example_dags/example_local_kubernetes_executor.py
[2025-04-13T19:35:49.108+0000] {logging_mixin.py:188} INFO - [2025-04-13T19:35:49.107+0000] {dag.py:3036} INFO - Sync 1 DAGs
[2025-04-13T19:35:49.142+0000] {logging_mixin.py:188} INFO - [2025-04-13T19:35:49.141+0000] {dag.py:3823} INFO - Setting next_dagrun for example_local_kubernetes_executor to None, run_after=None
[2025-04-13T19:35:49.181+0000] {processor.py:183} INFO - Processing /home/airflow/.local/lib/python3.8/site-packages/airflow/example_dags/example_local_kubernetes_executor.py took 0.166 seconds
[2025-04-13T19:36:21.159+0000] {processor.py:161} INFO - Started process (PID=16319) to work on /home/airflow/.local/lib/python3.8/site-packages/airflow/example_dags/example_local_kubernetes_executor.py
[2025-04-13T19:36:21.161+0000] {processor.py:830} INFO - Processing file /home/airflow/.local/lib/python3.8/site-packages/airflow/example_dags/example_local_kubernetes_executor.py for tasks to queue
[2025-04-13T19:36:21.163+0000] {logging_mixin.py:188} INFO - [2025-04-13T19:36:21.163+0000] {dagbag.py:538} INFO - Filling up the DagBag from /home/airflow/.local/lib/python3.8/site-packages/airflow/example_dags/example_local_kubernetes_executor.py
[2025-04-13T19:36:21.174+0000] {processor.py:840} INFO - DAG(s) 'example_local_kubernetes_executor' retrieved from /home/airflow/.local/lib/python3.8/site-packages/airflow/example_dags/example_local_kubernetes_executor.py
[2025-04-13T19:36:21.220+0000] {logging_mixin.py:188} INFO - [2025-04-13T19:36:21.220+0000] {dag.py:3036} INFO - Sync 1 DAGs
[2025-04-13T19:36:21.235+0000] {logging_mixin.py:188} INFO - [2025-04-13T19:36:21.234+0000] {dag.py:3823} INFO - Setting next_dagrun for example_local_kubernetes_executor to None, run_after=None
[2025-04-13T19:36:21.259+0000] {processor.py:183} INFO - Processing /home/airflow/.local/lib/python3.8/site-packages/airflow/example_dags/example_local_kubernetes_executor.py took 0.105 seconds
[2025-04-13T19:37:04.360+0000] {processor.py:161} INFO - Started process (PID=16375) to work on /home/airflow/.local/lib/python3.8/site-packages/airflow/example_dags/example_local_kubernetes_executor.py
[2025-04-13T19:37:04.362+0000] {processor.py:830} INFO - Processing file /home/airflow/.local/lib/python3.8/site-packages/airflow/example_dags/example_local_kubernetes_executor.py for tasks to queue
[2025-04-13T19:37:04.374+0000] {logging_mixin.py:188} INFO - [2025-04-13T19:37:04.374+0000] {dagbag.py:538} INFO - Filling up the DagBag from /home/airflow/.local/lib/python3.8/site-packages/airflow/example_dags/example_local_kubernetes_executor.py
[2025-04-13T19:37:04.403+0000] {processor.py:840} INFO - DAG(s) 'example_local_kubernetes_executor' retrieved from /home/airflow/.local/lib/python3.8/site-packages/airflow/example_dags/example_local_kubernetes_executor.py
[2025-04-13T19:37:04.500+0000] {logging_mixin.py:188} INFO - [2025-04-13T19:37:04.499+0000] {dag.py:3036} INFO - Sync 1 DAGs
[2025-04-13T19:37:04.528+0000] {logging_mixin.py:188} INFO - [2025-04-13T19:37:04.527+0000] {dag.py:3823} INFO - Setting next_dagrun for example_local_kubernetes_executor to None, run_after=None
[2025-04-13T19:37:04.569+0000] {processor.py:183} INFO - Processing /home/airflow/.local/lib/python3.8/site-packages/airflow/example_dags/example_local_kubernetes_executor.py took 0.223 seconds
[2025-04-13T19:37:35.059+0000] {processor.py:161} INFO - Started process (PID=16431) to work on /home/airflow/.local/lib/python3.8/site-packages/airflow/example_dags/example_local_kubernetes_executor.py
[2025-04-13T19:37:35.061+0000] {processor.py:830} INFO - Processing file /home/airflow/.local/lib/python3.8/site-packages/airflow/example_dags/example_local_kubernetes_executor.py for tasks to queue
[2025-04-13T19:37:35.065+0000] {logging_mixin.py:188} INFO - [2025-04-13T19:37:35.065+0000] {dagbag.py:538} INFO - Filling up the DagBag from /home/airflow/.local/lib/python3.8/site-packages/airflow/example_dags/example_local_kubernetes_executor.py
[2025-04-13T19:37:35.084+0000] {processor.py:840} INFO - DAG(s) 'example_local_kubernetes_executor' retrieved from /home/airflow/.local/lib/python3.8/site-packages/airflow/example_dags/example_local_kubernetes_executor.py
[2025-04-13T19:37:35.177+0000] {logging_mixin.py:188} INFO - [2025-04-13T19:37:35.177+0000] {dag.py:3036} INFO - Sync 1 DAGs
[2025-04-13T19:37:35.220+0000] {logging_mixin.py:188} INFO - [2025-04-13T19:37:35.220+0000] {dag.py:3823} INFO - Setting next_dagrun for example_local_kubernetes_executor to None, run_after=None
[2025-04-13T19:37:35.299+0000] {processor.py:183} INFO - Processing /home/airflow/.local/lib/python3.8/site-packages/airflow/example_dags/example_local_kubernetes_executor.py took 0.249 seconds
[2025-04-13T19:38:05.930+0000] {processor.py:161} INFO - Started process (PID=16487) to work on /home/airflow/.local/lib/python3.8/site-packages/airflow/example_dags/example_local_kubernetes_executor.py
[2025-04-13T19:38:05.931+0000] {processor.py:830} INFO - Processing file /home/airflow/.local/lib/python3.8/site-packages/airflow/example_dags/example_local_kubernetes_executor.py for tasks to queue
[2025-04-13T19:38:05.933+0000] {logging_mixin.py:188} INFO - [2025-04-13T19:38:05.933+0000] {dagbag.py:538} INFO - Filling up the DagBag from /home/airflow/.local/lib/python3.8/site-packages/airflow/example_dags/example_local_kubernetes_executor.py
[2025-04-13T19:38:05.943+0000] {processor.py:840} INFO - DAG(s) 'example_local_kubernetes_executor' retrieved from /home/airflow/.local/lib/python3.8/site-packages/airflow/example_dags/example_local_kubernetes_executor.py
[2025-04-13T19:38:05.985+0000] {logging_mixin.py:188} INFO - [2025-04-13T19:38:05.984+0000] {dag.py:3036} INFO - Sync 1 DAGs
[2025-04-13T19:38:05.998+0000] {logging_mixin.py:188} INFO - [2025-04-13T19:38:05.998+0000] {dag.py:3823} INFO - Setting next_dagrun for example_local_kubernetes_executor to None, run_after=None
[2025-04-13T19:38:06.022+0000] {processor.py:183} INFO - Processing /home/airflow/.local/lib/python3.8/site-packages/airflow/example_dags/example_local_kubernetes_executor.py took 0.096 seconds
[2025-04-13T19:38:36.636+0000] {processor.py:161} INFO - Started process (PID=16543) to work on /home/airflow/.local/lib/python3.8/site-packages/airflow/example_dags/example_local_kubernetes_executor.py
[2025-04-13T19:38:36.638+0000] {processor.py:830} INFO - Processing file /home/airflow/.local/lib/python3.8/site-packages/airflow/example_dags/example_local_kubernetes_executor.py for tasks to queue
[2025-04-13T19:38:36.640+0000] {logging_mixin.py:188} INFO - [2025-04-13T19:38:36.640+0000] {dagbag.py:538} INFO - Filling up the DagBag from /home/airflow/.local/lib/python3.8/site-packages/airflow/example_dags/example_local_kubernetes_executor.py
[2025-04-13T19:38:36.650+0000] {processor.py:840} INFO - DAG(s) 'example_local_kubernetes_executor' retrieved from /home/airflow/.local/lib/python3.8/site-packages/airflow/example_dags/example_local_kubernetes_executor.py
[2025-04-13T19:38:36.695+0000] {logging_mixin.py:188} INFO - [2025-04-13T19:38:36.695+0000] {dag.py:3036} INFO - Sync 1 DAGs
[2025-04-13T19:38:36.710+0000] {logging_mixin.py:188} INFO - [2025-04-13T19:38:36.710+0000] {dag.py:3823} INFO - Setting next_dagrun for example_local_kubernetes_executor to None, run_after=None
[2025-04-13T19:38:36.734+0000] {processor.py:183} INFO - Processing /home/airflow/.local/lib/python3.8/site-packages/airflow/example_dags/example_local_kubernetes_executor.py took 0.103 seconds
[2025-04-13T19:39:08.911+0000] {processor.py:161} INFO - Started process (PID=16599) to work on /home/airflow/.local/lib/python3.8/site-packages/airflow/example_dags/example_local_kubernetes_executor.py
[2025-04-13T19:39:08.913+0000] {processor.py:830} INFO - Processing file /home/airflow/.local/lib/python3.8/site-packages/airflow/example_dags/example_local_kubernetes_executor.py for tasks to queue
[2025-04-13T19:39:08.916+0000] {logging_mixin.py:188} INFO - [2025-04-13T19:39:08.915+0000] {dagbag.py:538} INFO - Filling up the DagBag from /home/airflow/.local/lib/python3.8/site-packages/airflow/example_dags/example_local_kubernetes_executor.py
[2025-04-13T19:39:08.935+0000] {processor.py:840} INFO - DAG(s) 'example_local_kubernetes_executor' retrieved from /home/airflow/.local/lib/python3.8/site-packages/airflow/example_dags/example_local_kubernetes_executor.py
[2025-04-13T19:39:08.994+0000] {logging_mixin.py:188} INFO - [2025-04-13T19:39:08.994+0000] {dag.py:3036} INFO - Sync 1 DAGs
[2025-04-13T19:39:09.008+0000] {logging_mixin.py:188} INFO - [2025-04-13T19:39:09.007+0000] {dag.py:3823} INFO - Setting next_dagrun for example_local_kubernetes_executor to None, run_after=None
[2025-04-13T19:39:09.030+0000] {processor.py:183} INFO - Processing /home/airflow/.local/lib/python3.8/site-packages/airflow/example_dags/example_local_kubernetes_executor.py took 0.125 seconds
[2025-04-13T19:39:43.004+0000] {processor.py:161} INFO - Started process (PID=16655) to work on /home/airflow/.local/lib/python3.8/site-packages/airflow/example_dags/example_local_kubernetes_executor.py
[2025-04-13T19:39:43.006+0000] {processor.py:830} INFO - Processing file /home/airflow/.local/lib/python3.8/site-packages/airflow/example_dags/example_local_kubernetes_executor.py for tasks to queue
[2025-04-13T19:39:43.009+0000] {logging_mixin.py:188} INFO - [2025-04-13T19:39:43.008+0000] {dagbag.py:538} INFO - Filling up the DagBag from /home/airflow/.local/lib/python3.8/site-packages/airflow/example_dags/example_local_kubernetes_executor.py
[2025-04-13T19:39:43.043+0000] {processor.py:840} INFO - DAG(s) 'example_local_kubernetes_executor' retrieved from /home/airflow/.local/lib/python3.8/site-packages/airflow/example_dags/example_local_kubernetes_executor.py
[2025-04-13T19:39:43.150+0000] {logging_mixin.py:188} INFO - [2025-04-13T19:39:43.150+0000] {dag.py:3036} INFO - Sync 1 DAGs
[2025-04-13T19:39:43.182+0000] {logging_mixin.py:188} INFO - [2025-04-13T19:39:43.181+0000] {dag.py:3823} INFO - Setting next_dagrun for example_local_kubernetes_executor to None, run_after=None
[2025-04-13T19:39:43.229+0000] {processor.py:183} INFO - Processing /home/airflow/.local/lib/python3.8/site-packages/airflow/example_dags/example_local_kubernetes_executor.py took 0.229 seconds
