[2025-04-13T14:51:25.935+0000] {processor.py:161} INFO - Started process (PID=93) to work on /home/airflow/.local/lib/python3.8/site-packages/airflow/example_dags/example_branch_operator.py
[2025-04-13T14:51:25.970+0000] {processor.py:830} INFO - Processing file /home/airflow/.local/lib/python3.8/site-packages/airflow/example_dags/example_branch_operator.py for tasks to queue
[2025-04-13T14:51:25.984+0000] {logging_mixin.py:188} INFO - [2025-04-13T14:51:25.984+0000] {dagbag.py:538} INFO - Filling up the DagBag from /home/airflow/.local/lib/python3.8/site-packages/airflow/example_dags/example_branch_operator.py
[2025-04-13T14:51:26.041+0000] {processor.py:840} INFO - DAG(s) 'example_branch_operator' retrieved from /home/airflow/.local/lib/python3.8/site-packages/airflow/example_dags/example_branch_operator.py
[2025-04-13T14:51:26.900+0000] {logging_mixin.py:188} INFO - [2025-04-13T14:51:26.899+0000] {dag.py:3036} INFO - Sync 1 DAGs
[2025-04-13T14:51:27.010+0000] {logging_mixin.py:188} INFO - [2025-04-13T14:51:27.004+0000] {dag.py:3823} INFO - Setting next_dagrun for example_branch_operator to 2025-04-12 00:00:00+00:00, run_after=2025-04-13 00:00:00+00:00
[2025-04-13T14:51:27.097+0000] {processor.py:183} INFO - Processing /home/airflow/.local/lib/python3.8/site-packages/airflow/example_dags/example_branch_operator.py took 1.212 seconds
[2025-04-13T14:51:57.387+0000] {processor.py:161} INFO - Started process (PID=148) to work on /home/airflow/.local/lib/python3.8/site-packages/airflow/example_dags/example_branch_operator.py
[2025-04-13T14:51:57.389+0000] {processor.py:830} INFO - Processing file /home/airflow/.local/lib/python3.8/site-packages/airflow/example_dags/example_branch_operator.py for tasks to queue
[2025-04-13T14:51:57.393+0000] {logging_mixin.py:188} INFO - [2025-04-13T14:51:57.393+0000] {dagbag.py:538} INFO - Filling up the DagBag from /home/airflow/.local/lib/python3.8/site-packages/airflow/example_dags/example_branch_operator.py
[2025-04-13T14:51:57.429+0000] {processor.py:840} INFO - DAG(s) 'example_branch_operator' retrieved from /home/airflow/.local/lib/python3.8/site-packages/airflow/example_dags/example_branch_operator.py
[2025-04-13T14:51:57.479+0000] {logging_mixin.py:188} INFO - [2025-04-13T14:51:57.478+0000] {dag.py:3036} INFO - Sync 1 DAGs
[2025-04-13T14:51:57.522+0000] {logging_mixin.py:188} INFO - [2025-04-13T14:51:57.521+0000] {dag.py:3823} INFO - Setting next_dagrun for example_branch_operator to 2025-04-12 00:00:00+00:00, run_after=2025-04-13 00:00:00+00:00
[2025-04-13T14:51:57.558+0000] {processor.py:183} INFO - Processing /home/airflow/.local/lib/python3.8/site-packages/airflow/example_dags/example_branch_operator.py took 0.175 seconds
[2025-04-13T14:55:35.930+0000] {processor.py:161} INFO - Started process (PID=95) to work on /home/airflow/.local/lib/python3.8/site-packages/airflow/example_dags/example_branch_operator.py
[2025-04-13T14:55:35.934+0000] {processor.py:830} INFO - Processing file /home/airflow/.local/lib/python3.8/site-packages/airflow/example_dags/example_branch_operator.py for tasks to queue
[2025-04-13T14:55:35.938+0000] {logging_mixin.py:188} INFO - [2025-04-13T14:55:35.937+0000] {dagbag.py:538} INFO - Filling up the DagBag from /home/airflow/.local/lib/python3.8/site-packages/airflow/example_dags/example_branch_operator.py
[2025-04-13T14:55:35.972+0000] {processor.py:840} INFO - DAG(s) 'example_branch_operator' retrieved from /home/airflow/.local/lib/python3.8/site-packages/airflow/example_dags/example_branch_operator.py
[2025-04-13T14:55:36.527+0000] {logging_mixin.py:188} INFO - [2025-04-13T14:55:36.527+0000] {dag.py:3036} INFO - Sync 1 DAGs
[2025-04-13T14:55:36.669+0000] {logging_mixin.py:188} INFO - [2025-04-13T14:55:36.669+0000] {dag.py:3823} INFO - Setting next_dagrun for example_branch_operator to 2025-04-12 00:00:00+00:00, run_after=2025-04-13 00:00:00+00:00
[2025-04-13T14:55:36.785+0000] {processor.py:183} INFO - Processing /home/airflow/.local/lib/python3.8/site-packages/airflow/example_dags/example_branch_operator.py took 0.860 seconds
[2025-04-13T14:56:07.104+0000] {processor.py:161} INFO - Started process (PID=150) to work on /home/airflow/.local/lib/python3.8/site-packages/airflow/example_dags/example_branch_operator.py
[2025-04-13T14:56:07.110+0000] {processor.py:830} INFO - Processing file /home/airflow/.local/lib/python3.8/site-packages/airflow/example_dags/example_branch_operator.py for tasks to queue
[2025-04-13T14:56:07.116+0000] {logging_mixin.py:188} INFO - [2025-04-13T14:56:07.115+0000] {dagbag.py:538} INFO - Filling up the DagBag from /home/airflow/.local/lib/python3.8/site-packages/airflow/example_dags/example_branch_operator.py
[2025-04-13T14:56:07.176+0000] {processor.py:840} INFO - DAG(s) 'example_branch_operator' retrieved from /home/airflow/.local/lib/python3.8/site-packages/airflow/example_dags/example_branch_operator.py
[2025-04-13T14:56:07.321+0000] {logging_mixin.py:188} INFO - [2025-04-13T14:56:07.320+0000] {dag.py:3036} INFO - Sync 1 DAGs
[2025-04-13T14:56:07.406+0000] {logging_mixin.py:188} INFO - [2025-04-13T14:56:07.406+0000] {dag.py:3823} INFO - Setting next_dagrun for example_branch_operator to 2025-04-12 00:00:00+00:00, run_after=2025-04-13 00:00:00+00:00
[2025-04-13T14:56:07.506+0000] {processor.py:183} INFO - Processing /home/airflow/.local/lib/python3.8/site-packages/airflow/example_dags/example_branch_operator.py took 0.405 seconds
[2025-04-13T14:56:44.128+0000] {processor.py:161} INFO - Started process (PID=206) to work on /home/airflow/.local/lib/python3.8/site-packages/airflow/example_dags/example_branch_operator.py
[2025-04-13T14:56:44.130+0000] {processor.py:830} INFO - Processing file /home/airflow/.local/lib/python3.8/site-packages/airflow/example_dags/example_branch_operator.py for tasks to queue
[2025-04-13T14:56:44.133+0000] {logging_mixin.py:188} INFO - [2025-04-13T14:56:44.132+0000] {dagbag.py:538} INFO - Filling up the DagBag from /home/airflow/.local/lib/python3.8/site-packages/airflow/example_dags/example_branch_operator.py
[2025-04-13T14:56:44.153+0000] {processor.py:840} INFO - DAG(s) 'example_branch_operator' retrieved from /home/airflow/.local/lib/python3.8/site-packages/airflow/example_dags/example_branch_operator.py
[2025-04-13T14:56:44.187+0000] {logging_mixin.py:188} INFO - [2025-04-13T14:56:44.186+0000] {dag.py:3036} INFO - Sync 1 DAGs
[2025-04-13T14:56:44.217+0000] {logging_mixin.py:188} INFO - [2025-04-13T14:56:44.217+0000] {dag.py:3823} INFO - Setting next_dagrun for example_branch_operator to 2025-04-12 00:00:00+00:00, run_after=2025-04-13 00:00:00+00:00
[2025-04-13T14:56:44.240+0000] {processor.py:183} INFO - Processing /home/airflow/.local/lib/python3.8/site-packages/airflow/example_dags/example_branch_operator.py took 0.117 seconds
[2025-04-13T14:57:14.505+0000] {processor.py:161} INFO - Started process (PID=261) to work on /home/airflow/.local/lib/python3.8/site-packages/airflow/example_dags/example_branch_operator.py
[2025-04-13T14:57:14.506+0000] {processor.py:830} INFO - Processing file /home/airflow/.local/lib/python3.8/site-packages/airflow/example_dags/example_branch_operator.py for tasks to queue
[2025-04-13T14:57:14.508+0000] {logging_mixin.py:188} INFO - [2025-04-13T14:57:14.508+0000] {dagbag.py:538} INFO - Filling up the DagBag from /home/airflow/.local/lib/python3.8/site-packages/airflow/example_dags/example_branch_operator.py
[2025-04-13T14:57:14.531+0000] {processor.py:840} INFO - DAG(s) 'example_branch_operator' retrieved from /home/airflow/.local/lib/python3.8/site-packages/airflow/example_dags/example_branch_operator.py
[2025-04-13T14:57:14.542+0000] {logging_mixin.py:188} INFO - [2025-04-13T14:57:14.542+0000] {dag.py:3036} INFO - Sync 1 DAGs
[2025-04-13T14:57:14.578+0000] {logging_mixin.py:188} INFO - [2025-04-13T14:57:14.577+0000] {dag.py:3823} INFO - Setting next_dagrun for example_branch_operator to 2025-04-12 00:00:00+00:00, run_after=2025-04-13 00:00:00+00:00
[2025-04-13T14:57:14.603+0000] {processor.py:183} INFO - Processing /home/airflow/.local/lib/python3.8/site-packages/airflow/example_dags/example_branch_operator.py took 0.101 seconds
[2025-04-13T14:57:45.718+0000] {processor.py:161} INFO - Started process (PID=315) to work on /home/airflow/.local/lib/python3.8/site-packages/airflow/example_dags/example_branch_operator.py
[2025-04-13T14:57:45.719+0000] {processor.py:830} INFO - Processing file /home/airflow/.local/lib/python3.8/site-packages/airflow/example_dags/example_branch_operator.py for tasks to queue
[2025-04-13T14:57:45.721+0000] {logging_mixin.py:188} INFO - [2025-04-13T14:57:45.721+0000] {dagbag.py:538} INFO - Filling up the DagBag from /home/airflow/.local/lib/python3.8/site-packages/airflow/example_dags/example_branch_operator.py
[2025-04-13T14:57:45.754+0000] {processor.py:840} INFO - DAG(s) 'example_branch_operator' retrieved from /home/airflow/.local/lib/python3.8/site-packages/airflow/example_dags/example_branch_operator.py
[2025-04-13T14:57:46.035+0000] {logging_mixin.py:188} INFO - [2025-04-13T14:57:46.035+0000] {dag.py:3036} INFO - Sync 1 DAGs
[2025-04-13T14:57:46.133+0000] {logging_mixin.py:188} INFO - [2025-04-13T14:57:46.133+0000] {dag.py:3823} INFO - Setting next_dagrun for example_branch_operator to 2025-04-12 00:00:00+00:00, run_after=2025-04-13 00:00:00+00:00
[2025-04-13T14:57:46.196+0000] {processor.py:183} INFO - Processing /home/airflow/.local/lib/python3.8/site-packages/airflow/example_dags/example_branch_operator.py took 0.482 seconds
[2025-04-13T14:58:17.176+0000] {processor.py:161} INFO - Started process (PID=370) to work on /home/airflow/.local/lib/python3.8/site-packages/airflow/example_dags/example_branch_operator.py
[2025-04-13T14:58:17.177+0000] {processor.py:830} INFO - Processing file /home/airflow/.local/lib/python3.8/site-packages/airflow/example_dags/example_branch_operator.py for tasks to queue
[2025-04-13T14:58:17.179+0000] {logging_mixin.py:188} INFO - [2025-04-13T14:58:17.179+0000] {dagbag.py:538} INFO - Filling up the DagBag from /home/airflow/.local/lib/python3.8/site-packages/airflow/example_dags/example_branch_operator.py
[2025-04-13T14:58:17.208+0000] {processor.py:840} INFO - DAG(s) 'example_branch_operator' retrieved from /home/airflow/.local/lib/python3.8/site-packages/airflow/example_dags/example_branch_operator.py
[2025-04-13T14:58:17.247+0000] {logging_mixin.py:188} INFO - [2025-04-13T14:58:17.246+0000] {dag.py:3036} INFO - Sync 1 DAGs
[2025-04-13T14:58:17.293+0000] {logging_mixin.py:188} INFO - [2025-04-13T14:58:17.292+0000] {dag.py:3823} INFO - Setting next_dagrun for example_branch_operator to 2025-04-12 00:00:00+00:00, run_after=2025-04-13 00:00:00+00:00
[2025-04-13T14:58:17.333+0000] {processor.py:183} INFO - Processing /home/airflow/.local/lib/python3.8/site-packages/airflow/example_dags/example_branch_operator.py took 0.163 seconds
[2025-04-13T14:58:49.716+0000] {processor.py:161} INFO - Started process (PID=425) to work on /home/airflow/.local/lib/python3.8/site-packages/airflow/example_dags/example_branch_operator.py
[2025-04-13T14:58:49.718+0000] {processor.py:830} INFO - Processing file /home/airflow/.local/lib/python3.8/site-packages/airflow/example_dags/example_branch_operator.py for tasks to queue
[2025-04-13T14:58:49.734+0000] {logging_mixin.py:188} INFO - [2025-04-13T14:58:49.734+0000] {dagbag.py:538} INFO - Filling up the DagBag from /home/airflow/.local/lib/python3.8/site-packages/airflow/example_dags/example_branch_operator.py
[2025-04-13T14:58:49.820+0000] {processor.py:840} INFO - DAG(s) 'example_branch_operator' retrieved from /home/airflow/.local/lib/python3.8/site-packages/airflow/example_dags/example_branch_operator.py
[2025-04-13T14:58:49.920+0000] {logging_mixin.py:188} INFO - [2025-04-13T14:58:49.920+0000] {dag.py:3036} INFO - Sync 1 DAGs
[2025-04-13T14:58:49.995+0000] {logging_mixin.py:188} INFO - [2025-04-13T14:58:49.995+0000] {dag.py:3823} INFO - Setting next_dagrun for example_branch_operator to 2025-04-12 00:00:00+00:00, run_after=2025-04-13 00:00:00+00:00
[2025-04-13T14:58:50.076+0000] {processor.py:183} INFO - Processing /home/airflow/.local/lib/python3.8/site-packages/airflow/example_dags/example_branch_operator.py took 0.365 seconds
[2025-04-13T14:59:23.224+0000] {processor.py:161} INFO - Started process (PID=480) to work on /home/airflow/.local/lib/python3.8/site-packages/airflow/example_dags/example_branch_operator.py
[2025-04-13T14:59:23.236+0000] {processor.py:830} INFO - Processing file /home/airflow/.local/lib/python3.8/site-packages/airflow/example_dags/example_branch_operator.py for tasks to queue
[2025-04-13T14:59:23.239+0000] {logging_mixin.py:188} INFO - [2025-04-13T14:59:23.238+0000] {dagbag.py:538} INFO - Filling up the DagBag from /home/airflow/.local/lib/python3.8/site-packages/airflow/example_dags/example_branch_operator.py
[2025-04-13T14:59:23.315+0000] {processor.py:840} INFO - DAG(s) 'example_branch_operator' retrieved from /home/airflow/.local/lib/python3.8/site-packages/airflow/example_dags/example_branch_operator.py
[2025-04-13T14:59:23.406+0000] {logging_mixin.py:188} INFO - [2025-04-13T14:59:23.406+0000] {dag.py:3036} INFO - Sync 1 DAGs
[2025-04-13T14:59:23.509+0000] {logging_mixin.py:188} INFO - [2025-04-13T14:59:23.508+0000] {dag.py:3823} INFO - Setting next_dagrun for example_branch_operator to 2025-04-12 00:00:00+00:00, run_after=2025-04-13 00:00:00+00:00
[2025-04-13T14:59:23.596+0000] {processor.py:183} INFO - Processing /home/airflow/.local/lib/python3.8/site-packages/airflow/example_dags/example_branch_operator.py took 0.380 seconds
[2025-04-13T14:59:53.853+0000] {processor.py:161} INFO - Started process (PID=535) to work on /home/airflow/.local/lib/python3.8/site-packages/airflow/example_dags/example_branch_operator.py
[2025-04-13T14:59:53.854+0000] {processor.py:830} INFO - Processing file /home/airflow/.local/lib/python3.8/site-packages/airflow/example_dags/example_branch_operator.py for tasks to queue
[2025-04-13T14:59:53.856+0000] {logging_mixin.py:188} INFO - [2025-04-13T14:59:53.856+0000] {dagbag.py:538} INFO - Filling up the DagBag from /home/airflow/.local/lib/python3.8/site-packages/airflow/example_dags/example_branch_operator.py
[2025-04-13T14:59:53.882+0000] {processor.py:840} INFO - DAG(s) 'example_branch_operator' retrieved from /home/airflow/.local/lib/python3.8/site-packages/airflow/example_dags/example_branch_operator.py
[2025-04-13T14:59:53.918+0000] {logging_mixin.py:188} INFO - [2025-04-13T14:59:53.917+0000] {dag.py:3036} INFO - Sync 1 DAGs
[2025-04-13T14:59:53.954+0000] {logging_mixin.py:188} INFO - [2025-04-13T14:59:53.954+0000] {dag.py:3823} INFO - Setting next_dagrun for example_branch_operator to 2025-04-12 00:00:00+00:00, run_after=2025-04-13 00:00:00+00:00
[2025-04-13T14:59:53.979+0000] {processor.py:183} INFO - Processing /home/airflow/.local/lib/python3.8/site-packages/airflow/example_dags/example_branch_operator.py took 0.130 seconds
[2025-04-13T15:00:29.680+0000] {processor.py:161} INFO - Started process (PID=591) to work on /home/airflow/.local/lib/python3.8/site-packages/airflow/example_dags/example_branch_operator.py
[2025-04-13T15:00:29.682+0000] {processor.py:830} INFO - Processing file /home/airflow/.local/lib/python3.8/site-packages/airflow/example_dags/example_branch_operator.py for tasks to queue
[2025-04-13T15:00:29.685+0000] {logging_mixin.py:188} INFO - [2025-04-13T15:00:29.684+0000] {dagbag.py:538} INFO - Filling up the DagBag from /home/airflow/.local/lib/python3.8/site-packages/airflow/example_dags/example_branch_operator.py
[2025-04-13T15:00:29.720+0000] {processor.py:840} INFO - DAG(s) 'example_branch_operator' retrieved from /home/airflow/.local/lib/python3.8/site-packages/airflow/example_dags/example_branch_operator.py
[2025-04-13T15:00:29.793+0000] {logging_mixin.py:188} INFO - [2025-04-13T15:00:29.792+0000] {dag.py:3036} INFO - Sync 1 DAGs
[2025-04-13T15:00:29.901+0000] {logging_mixin.py:188} INFO - [2025-04-13T15:00:29.901+0000] {dag.py:3823} INFO - Setting next_dagrun for example_branch_operator to 2025-04-12 00:00:00+00:00, run_after=2025-04-13 00:00:00+00:00
[2025-04-13T15:00:29.992+0000] {processor.py:183} INFO - Processing /home/airflow/.local/lib/python3.8/site-packages/airflow/example_dags/example_branch_operator.py took 0.321 seconds
[2025-04-13T15:01:00.857+0000] {processor.py:161} INFO - Started process (PID=646) to work on /home/airflow/.local/lib/python3.8/site-packages/airflow/example_dags/example_branch_operator.py
[2025-04-13T15:01:00.858+0000] {processor.py:830} INFO - Processing file /home/airflow/.local/lib/python3.8/site-packages/airflow/example_dags/example_branch_operator.py for tasks to queue
[2025-04-13T15:01:00.869+0000] {logging_mixin.py:188} INFO - [2025-04-13T15:01:00.868+0000] {dagbag.py:538} INFO - Filling up the DagBag from /home/airflow/.local/lib/python3.8/site-packages/airflow/example_dags/example_branch_operator.py
[2025-04-13T15:01:00.945+0000] {processor.py:840} INFO - DAG(s) 'example_branch_operator' retrieved from /home/airflow/.local/lib/python3.8/site-packages/airflow/example_dags/example_branch_operator.py
[2025-04-13T15:01:01.025+0000] {logging_mixin.py:188} INFO - [2025-04-13T15:01:01.024+0000] {dag.py:3036} INFO - Sync 1 DAGs
[2025-04-13T15:01:01.110+0000] {logging_mixin.py:188} INFO - [2025-04-13T15:01:01.109+0000] {dag.py:3823} INFO - Setting next_dagrun for example_branch_operator to 2025-04-12 00:00:00+00:00, run_after=2025-04-13 00:00:00+00:00
[2025-04-13T15:01:01.161+0000] {processor.py:183} INFO - Processing /home/airflow/.local/lib/python3.8/site-packages/airflow/example_dags/example_branch_operator.py took 0.309 seconds
[2025-04-13T15:01:31.657+0000] {processor.py:161} INFO - Started process (PID=702) to work on /home/airflow/.local/lib/python3.8/site-packages/airflow/example_dags/example_branch_operator.py
[2025-04-13T15:01:31.670+0000] {processor.py:830} INFO - Processing file /home/airflow/.local/lib/python3.8/site-packages/airflow/example_dags/example_branch_operator.py for tasks to queue
[2025-04-13T15:01:31.674+0000] {logging_mixin.py:188} INFO - [2025-04-13T15:01:31.673+0000] {dagbag.py:538} INFO - Filling up the DagBag from /home/airflow/.local/lib/python3.8/site-packages/airflow/example_dags/example_branch_operator.py
[2025-04-13T15:01:31.787+0000] {processor.py:840} INFO - DAG(s) 'example_branch_operator' retrieved from /home/airflow/.local/lib/python3.8/site-packages/airflow/example_dags/example_branch_operator.py
[2025-04-13T15:01:31.852+0000] {logging_mixin.py:188} INFO - [2025-04-13T15:01:31.852+0000] {dag.py:3036} INFO - Sync 1 DAGs
[2025-04-13T15:01:31.896+0000] {logging_mixin.py:188} INFO - [2025-04-13T15:01:31.896+0000] {dag.py:3823} INFO - Setting next_dagrun for example_branch_operator to 2025-04-12 00:00:00+00:00, run_after=2025-04-13 00:00:00+00:00
[2025-04-13T15:01:31.940+0000] {processor.py:183} INFO - Processing /home/airflow/.local/lib/python3.8/site-packages/airflow/example_dags/example_branch_operator.py took 0.288 seconds
[2025-04-13T15:02:04.725+0000] {processor.py:161} INFO - Started process (PID=760) to work on /home/airflow/.local/lib/python3.8/site-packages/airflow/example_dags/example_branch_operator.py
[2025-04-13T15:02:04.727+0000] {processor.py:830} INFO - Processing file /home/airflow/.local/lib/python3.8/site-packages/airflow/example_dags/example_branch_operator.py for tasks to queue
[2025-04-13T15:02:04.730+0000] {logging_mixin.py:188} INFO - [2025-04-13T15:02:04.729+0000] {dagbag.py:538} INFO - Filling up the DagBag from /home/airflow/.local/lib/python3.8/site-packages/airflow/example_dags/example_branch_operator.py
[2025-04-13T15:02:04.766+0000] {processor.py:840} INFO - DAG(s) 'example_branch_operator' retrieved from /home/airflow/.local/lib/python3.8/site-packages/airflow/example_dags/example_branch_operator.py
[2025-04-13T15:02:04.807+0000] {logging_mixin.py:188} INFO - [2025-04-13T15:02:04.806+0000] {dag.py:3036} INFO - Sync 1 DAGs
[2025-04-13T15:02:04.885+0000] {logging_mixin.py:188} INFO - [2025-04-13T15:02:04.885+0000] {dag.py:3823} INFO - Setting next_dagrun for example_branch_operator to 2025-04-12 00:00:00+00:00, run_after=2025-04-13 00:00:00+00:00
[2025-04-13T15:02:04.954+0000] {processor.py:183} INFO - Processing /home/airflow/.local/lib/python3.8/site-packages/airflow/example_dags/example_branch_operator.py took 0.237 seconds
[2025-04-13T15:02:36.001+0000] {processor.py:161} INFO - Started process (PID=816) to work on /home/airflow/.local/lib/python3.8/site-packages/airflow/example_dags/example_branch_operator.py
[2025-04-13T15:02:36.002+0000] {processor.py:830} INFO - Processing file /home/airflow/.local/lib/python3.8/site-packages/airflow/example_dags/example_branch_operator.py for tasks to queue
[2025-04-13T15:02:36.005+0000] {logging_mixin.py:188} INFO - [2025-04-13T15:02:36.004+0000] {dagbag.py:538} INFO - Filling up the DagBag from /home/airflow/.local/lib/python3.8/site-packages/airflow/example_dags/example_branch_operator.py
[2025-04-13T15:02:36.027+0000] {processor.py:840} INFO - DAG(s) 'example_branch_operator' retrieved from /home/airflow/.local/lib/python3.8/site-packages/airflow/example_dags/example_branch_operator.py
[2025-04-13T15:02:36.057+0000] {logging_mixin.py:188} INFO - [2025-04-13T15:02:36.057+0000] {dag.py:3036} INFO - Sync 1 DAGs
[2025-04-13T15:02:36.084+0000] {logging_mixin.py:188} INFO - [2025-04-13T15:02:36.084+0000] {dag.py:3823} INFO - Setting next_dagrun for example_branch_operator to 2025-04-12 00:00:00+00:00, run_after=2025-04-13 00:00:00+00:00
[2025-04-13T15:02:36.112+0000] {processor.py:183} INFO - Processing /home/airflow/.local/lib/python3.8/site-packages/airflow/example_dags/example_branch_operator.py took 0.116 seconds
[2025-04-13T15:03:09.217+0000] {processor.py:161} INFO - Started process (PID=871) to work on /home/airflow/.local/lib/python3.8/site-packages/airflow/example_dags/example_branch_operator.py
[2025-04-13T15:03:09.218+0000] {processor.py:830} INFO - Processing file /home/airflow/.local/lib/python3.8/site-packages/airflow/example_dags/example_branch_operator.py for tasks to queue
[2025-04-13T15:03:09.221+0000] {logging_mixin.py:188} INFO - [2025-04-13T15:03:09.220+0000] {dagbag.py:538} INFO - Filling up the DagBag from /home/airflow/.local/lib/python3.8/site-packages/airflow/example_dags/example_branch_operator.py
[2025-04-13T15:03:09.242+0000] {processor.py:840} INFO - DAG(s) 'example_branch_operator' retrieved from /home/airflow/.local/lib/python3.8/site-packages/airflow/example_dags/example_branch_operator.py
[2025-04-13T15:03:09.272+0000] {logging_mixin.py:188} INFO - [2025-04-13T15:03:09.272+0000] {dag.py:3036} INFO - Sync 1 DAGs
[2025-04-13T15:03:09.304+0000] {logging_mixin.py:188} INFO - [2025-04-13T15:03:09.304+0000] {dag.py:3823} INFO - Setting next_dagrun for example_branch_operator to 2025-04-12 00:00:00+00:00, run_after=2025-04-13 00:00:00+00:00
[2025-04-13T15:03:09.328+0000] {processor.py:183} INFO - Processing /home/airflow/.local/lib/python3.8/site-packages/airflow/example_dags/example_branch_operator.py took 0.115 seconds
[2025-04-13T15:03:41.595+0000] {processor.py:161} INFO - Started process (PID=926) to work on /home/airflow/.local/lib/python3.8/site-packages/airflow/example_dags/example_branch_operator.py
[2025-04-13T15:03:41.596+0000] {processor.py:830} INFO - Processing file /home/airflow/.local/lib/python3.8/site-packages/airflow/example_dags/example_branch_operator.py for tasks to queue
[2025-04-13T15:03:41.599+0000] {logging_mixin.py:188} INFO - [2025-04-13T15:03:41.598+0000] {dagbag.py:538} INFO - Filling up the DagBag from /home/airflow/.local/lib/python3.8/site-packages/airflow/example_dags/example_branch_operator.py
[2025-04-13T15:03:41.629+0000] {processor.py:840} INFO - DAG(s) 'example_branch_operator' retrieved from /home/airflow/.local/lib/python3.8/site-packages/airflow/example_dags/example_branch_operator.py
[2025-04-13T15:03:41.673+0000] {logging_mixin.py:188} INFO - [2025-04-13T15:03:41.673+0000] {dag.py:3036} INFO - Sync 1 DAGs
[2025-04-13T15:03:41.727+0000] {logging_mixin.py:188} INFO - [2025-04-13T15:03:41.727+0000] {dag.py:3823} INFO - Setting next_dagrun for example_branch_operator to 2025-04-12 00:00:00+00:00, run_after=2025-04-13 00:00:00+00:00
[2025-04-13T15:03:41.762+0000] {processor.py:183} INFO - Processing /home/airflow/.local/lib/python3.8/site-packages/airflow/example_dags/example_branch_operator.py took 0.172 seconds
[2025-04-13T15:04:14.519+0000] {processor.py:161} INFO - Started process (PID=983) to work on /home/airflow/.local/lib/python3.8/site-packages/airflow/example_dags/example_branch_operator.py
[2025-04-13T15:04:14.520+0000] {processor.py:830} INFO - Processing file /home/airflow/.local/lib/python3.8/site-packages/airflow/example_dags/example_branch_operator.py for tasks to queue
[2025-04-13T15:04:14.522+0000] {logging_mixin.py:188} INFO - [2025-04-13T15:04:14.522+0000] {dagbag.py:538} INFO - Filling up the DagBag from /home/airflow/.local/lib/python3.8/site-packages/airflow/example_dags/example_branch_operator.py
[2025-04-13T15:04:14.563+0000] {processor.py:840} INFO - DAG(s) 'example_branch_operator' retrieved from /home/airflow/.local/lib/python3.8/site-packages/airflow/example_dags/example_branch_operator.py
[2025-04-13T15:04:14.617+0000] {logging_mixin.py:188} INFO - [2025-04-13T15:04:14.617+0000] {dag.py:3036} INFO - Sync 1 DAGs
[2025-04-13T15:04:14.653+0000] {logging_mixin.py:188} INFO - [2025-04-13T15:04:14.653+0000] {dag.py:3823} INFO - Setting next_dagrun for example_branch_operator to 2025-04-12 00:00:00+00:00, run_after=2025-04-13 00:00:00+00:00
[2025-04-13T15:04:14.691+0000] {processor.py:183} INFO - Processing /home/airflow/.local/lib/python3.8/site-packages/airflow/example_dags/example_branch_operator.py took 0.183 seconds
[2025-04-13T15:04:47.792+0000] {processor.py:161} INFO - Started process (PID=1039) to work on /home/airflow/.local/lib/python3.8/site-packages/airflow/example_dags/example_branch_operator.py
[2025-04-13T15:04:47.793+0000] {processor.py:830} INFO - Processing file /home/airflow/.local/lib/python3.8/site-packages/airflow/example_dags/example_branch_operator.py for tasks to queue
[2025-04-13T15:04:47.796+0000] {logging_mixin.py:188} INFO - [2025-04-13T15:04:47.796+0000] {dagbag.py:538} INFO - Filling up the DagBag from /home/airflow/.local/lib/python3.8/site-packages/airflow/example_dags/example_branch_operator.py
[2025-04-13T15:04:47.823+0000] {processor.py:840} INFO - DAG(s) 'example_branch_operator' retrieved from /home/airflow/.local/lib/python3.8/site-packages/airflow/example_dags/example_branch_operator.py
[2025-04-13T15:04:47.865+0000] {logging_mixin.py:188} INFO - [2025-04-13T15:04:47.864+0000] {dag.py:3036} INFO - Sync 1 DAGs
[2025-04-13T15:04:47.915+0000] {logging_mixin.py:188} INFO - [2025-04-13T15:04:47.915+0000] {dag.py:3823} INFO - Setting next_dagrun for example_branch_operator to 2025-04-12 00:00:00+00:00, run_after=2025-04-13 00:00:00+00:00
[2025-04-13T15:04:47.955+0000] {processor.py:183} INFO - Processing /home/airflow/.local/lib/python3.8/site-packages/airflow/example_dags/example_branch_operator.py took 0.168 seconds
[2025-04-13T15:05:22.826+0000] {processor.py:161} INFO - Started process (PID=1094) to work on /home/airflow/.local/lib/python3.8/site-packages/airflow/example_dags/example_branch_operator.py
[2025-04-13T15:05:22.827+0000] {processor.py:830} INFO - Processing file /home/airflow/.local/lib/python3.8/site-packages/airflow/example_dags/example_branch_operator.py for tasks to queue
[2025-04-13T15:05:22.830+0000] {logging_mixin.py:188} INFO - [2025-04-13T15:05:22.829+0000] {dagbag.py:538} INFO - Filling up the DagBag from /home/airflow/.local/lib/python3.8/site-packages/airflow/example_dags/example_branch_operator.py
[2025-04-13T15:05:22.886+0000] {processor.py:840} INFO - DAG(s) 'example_branch_operator' retrieved from /home/airflow/.local/lib/python3.8/site-packages/airflow/example_dags/example_branch_operator.py
[2025-04-13T15:05:22.949+0000] {logging_mixin.py:188} INFO - [2025-04-13T15:05:22.948+0000] {dag.py:3036} INFO - Sync 1 DAGs
[2025-04-13T15:05:22.992+0000] {logging_mixin.py:188} INFO - [2025-04-13T15:05:22.992+0000] {dag.py:3823} INFO - Setting next_dagrun for example_branch_operator to 2025-04-12 00:00:00+00:00, run_after=2025-04-13 00:00:00+00:00
[2025-04-13T15:05:23.033+0000] {processor.py:183} INFO - Processing /home/airflow/.local/lib/python3.8/site-packages/airflow/example_dags/example_branch_operator.py took 0.212 seconds
[2025-04-13T15:05:53.976+0000] {processor.py:161} INFO - Started process (PID=1151) to work on /home/airflow/.local/lib/python3.8/site-packages/airflow/example_dags/example_branch_operator.py
[2025-04-13T15:05:53.977+0000] {processor.py:830} INFO - Processing file /home/airflow/.local/lib/python3.8/site-packages/airflow/example_dags/example_branch_operator.py for tasks to queue
[2025-04-13T15:05:53.980+0000] {logging_mixin.py:188} INFO - [2025-04-13T15:05:53.980+0000] {dagbag.py:538} INFO - Filling up the DagBag from /home/airflow/.local/lib/python3.8/site-packages/airflow/example_dags/example_branch_operator.py
[2025-04-13T15:05:54.004+0000] {processor.py:840} INFO - DAG(s) 'example_branch_operator' retrieved from /home/airflow/.local/lib/python3.8/site-packages/airflow/example_dags/example_branch_operator.py
[2025-04-13T15:05:54.039+0000] {logging_mixin.py:188} INFO - [2025-04-13T15:05:54.038+0000] {dag.py:3036} INFO - Sync 1 DAGs
[2025-04-13T15:05:54.069+0000] {logging_mixin.py:188} INFO - [2025-04-13T15:05:54.069+0000] {dag.py:3823} INFO - Setting next_dagrun for example_branch_operator to 2025-04-12 00:00:00+00:00, run_after=2025-04-13 00:00:00+00:00
[2025-04-13T15:05:54.093+0000] {processor.py:183} INFO - Processing /home/airflow/.local/lib/python3.8/site-packages/airflow/example_dags/example_branch_operator.py took 0.121 seconds
[2025-04-13T15:06:25.797+0000] {processor.py:161} INFO - Started process (PID=1206) to work on /home/airflow/.local/lib/python3.8/site-packages/airflow/example_dags/example_branch_operator.py
[2025-04-13T15:06:25.798+0000] {processor.py:830} INFO - Processing file /home/airflow/.local/lib/python3.8/site-packages/airflow/example_dags/example_branch_operator.py for tasks to queue
[2025-04-13T15:06:25.801+0000] {logging_mixin.py:188} INFO - [2025-04-13T15:06:25.801+0000] {dagbag.py:538} INFO - Filling up the DagBag from /home/airflow/.local/lib/python3.8/site-packages/airflow/example_dags/example_branch_operator.py
[2025-04-13T15:06:25.825+0000] {processor.py:840} INFO - DAG(s) 'example_branch_operator' retrieved from /home/airflow/.local/lib/python3.8/site-packages/airflow/example_dags/example_branch_operator.py
[2025-04-13T15:06:25.857+0000] {logging_mixin.py:188} INFO - [2025-04-13T15:06:25.856+0000] {dag.py:3036} INFO - Sync 1 DAGs
[2025-04-13T15:06:25.891+0000] {logging_mixin.py:188} INFO - [2025-04-13T15:06:25.891+0000] {dag.py:3823} INFO - Setting next_dagrun for example_branch_operator to 2025-04-12 00:00:00+00:00, run_after=2025-04-13 00:00:00+00:00
[2025-04-13T15:06:25.920+0000] {processor.py:183} INFO - Processing /home/airflow/.local/lib/python3.8/site-packages/airflow/example_dags/example_branch_operator.py took 0.126 seconds
[2025-04-13T15:06:59.327+0000] {processor.py:161} INFO - Started process (PID=1261) to work on /home/airflow/.local/lib/python3.8/site-packages/airflow/example_dags/example_branch_operator.py
[2025-04-13T15:06:59.329+0000] {processor.py:830} INFO - Processing file /home/airflow/.local/lib/python3.8/site-packages/airflow/example_dags/example_branch_operator.py for tasks to queue
[2025-04-13T15:06:59.332+0000] {logging_mixin.py:188} INFO - [2025-04-13T15:06:59.331+0000] {dagbag.py:538} INFO - Filling up the DagBag from /home/airflow/.local/lib/python3.8/site-packages/airflow/example_dags/example_branch_operator.py
[2025-04-13T15:06:59.359+0000] {processor.py:840} INFO - DAG(s) 'example_branch_operator' retrieved from /home/airflow/.local/lib/python3.8/site-packages/airflow/example_dags/example_branch_operator.py
[2025-04-13T15:06:59.395+0000] {logging_mixin.py:188} INFO - [2025-04-13T15:06:59.395+0000] {dag.py:3036} INFO - Sync 1 DAGs
[2025-04-13T15:06:59.426+0000] {logging_mixin.py:188} INFO - [2025-04-13T15:06:59.426+0000] {dag.py:3823} INFO - Setting next_dagrun for example_branch_operator to 2025-04-12 00:00:00+00:00, run_after=2025-04-13 00:00:00+00:00
[2025-04-13T15:06:59.448+0000] {processor.py:183} INFO - Processing /home/airflow/.local/lib/python3.8/site-packages/airflow/example_dags/example_branch_operator.py took 0.124 seconds
[2025-04-13T15:07:31.901+0000] {processor.py:161} INFO - Started process (PID=1317) to work on /home/airflow/.local/lib/python3.8/site-packages/airflow/example_dags/example_branch_operator.py
[2025-04-13T15:07:31.902+0000] {processor.py:830} INFO - Processing file /home/airflow/.local/lib/python3.8/site-packages/airflow/example_dags/example_branch_operator.py for tasks to queue
[2025-04-13T15:07:31.905+0000] {logging_mixin.py:188} INFO - [2025-04-13T15:07:31.905+0000] {dagbag.py:538} INFO - Filling up the DagBag from /home/airflow/.local/lib/python3.8/site-packages/airflow/example_dags/example_branch_operator.py
[2025-04-13T15:07:31.923+0000] {processor.py:840} INFO - DAG(s) 'example_branch_operator' retrieved from /home/airflow/.local/lib/python3.8/site-packages/airflow/example_dags/example_branch_operator.py
[2025-04-13T15:07:31.956+0000] {logging_mixin.py:188} INFO - [2025-04-13T15:07:31.956+0000] {dag.py:3036} INFO - Sync 1 DAGs
[2025-04-13T15:07:31.982+0000] {logging_mixin.py:188} INFO - [2025-04-13T15:07:31.982+0000] {dag.py:3823} INFO - Setting next_dagrun for example_branch_operator to 2025-04-12 00:00:00+00:00, run_after=2025-04-13 00:00:00+00:00
[2025-04-13T15:07:32.008+0000] {processor.py:183} INFO - Processing /home/airflow/.local/lib/python3.8/site-packages/airflow/example_dags/example_branch_operator.py took 0.109 seconds
[2025-04-13T15:08:04.416+0000] {processor.py:161} INFO - Started process (PID=1372) to work on /home/airflow/.local/lib/python3.8/site-packages/airflow/example_dags/example_branch_operator.py
[2025-04-13T15:08:04.418+0000] {processor.py:830} INFO - Processing file /home/airflow/.local/lib/python3.8/site-packages/airflow/example_dags/example_branch_operator.py for tasks to queue
[2025-04-13T15:08:04.421+0000] {logging_mixin.py:188} INFO - [2025-04-13T15:08:04.420+0000] {dagbag.py:538} INFO - Filling up the DagBag from /home/airflow/.local/lib/python3.8/site-packages/airflow/example_dags/example_branch_operator.py
[2025-04-13T15:08:04.451+0000] {processor.py:840} INFO - DAG(s) 'example_branch_operator' retrieved from /home/airflow/.local/lib/python3.8/site-packages/airflow/example_dags/example_branch_operator.py
[2025-04-13T15:08:04.487+0000] {logging_mixin.py:188} INFO - [2025-04-13T15:08:04.487+0000] {dag.py:3036} INFO - Sync 1 DAGs
[2025-04-13T15:08:04.522+0000] {logging_mixin.py:188} INFO - [2025-04-13T15:08:04.522+0000] {dag.py:3823} INFO - Setting next_dagrun for example_branch_operator to 2025-04-12 00:00:00+00:00, run_after=2025-04-13 00:00:00+00:00
[2025-04-13T15:08:04.547+0000] {processor.py:183} INFO - Processing /home/airflow/.local/lib/python3.8/site-packages/airflow/example_dags/example_branch_operator.py took 0.134 seconds
[2025-04-13T15:08:36.827+0000] {processor.py:161} INFO - Started process (PID=1426) to work on /home/airflow/.local/lib/python3.8/site-packages/airflow/example_dags/example_branch_operator.py
[2025-04-13T15:08:36.828+0000] {processor.py:830} INFO - Processing file /home/airflow/.local/lib/python3.8/site-packages/airflow/example_dags/example_branch_operator.py for tasks to queue
[2025-04-13T15:08:36.831+0000] {logging_mixin.py:188} INFO - [2025-04-13T15:08:36.830+0000] {dagbag.py:538} INFO - Filling up the DagBag from /home/airflow/.local/lib/python3.8/site-packages/airflow/example_dags/example_branch_operator.py
[2025-04-13T15:08:36.857+0000] {processor.py:840} INFO - DAG(s) 'example_branch_operator' retrieved from /home/airflow/.local/lib/python3.8/site-packages/airflow/example_dags/example_branch_operator.py
[2025-04-13T15:08:36.892+0000] {logging_mixin.py:188} INFO - [2025-04-13T15:08:36.892+0000] {dag.py:3036} INFO - Sync 1 DAGs
[2025-04-13T15:08:36.927+0000] {logging_mixin.py:188} INFO - [2025-04-13T15:08:36.926+0000] {dag.py:3823} INFO - Setting next_dagrun for example_branch_operator to 2025-04-12 00:00:00+00:00, run_after=2025-04-13 00:00:00+00:00
[2025-04-13T15:08:36.952+0000] {processor.py:183} INFO - Processing /home/airflow/.local/lib/python3.8/site-packages/airflow/example_dags/example_branch_operator.py took 0.129 seconds
[2025-04-13T15:09:09.530+0000] {processor.py:161} INFO - Started process (PID=1481) to work on /home/airflow/.local/lib/python3.8/site-packages/airflow/example_dags/example_branch_operator.py
[2025-04-13T15:09:09.531+0000] {processor.py:830} INFO - Processing file /home/airflow/.local/lib/python3.8/site-packages/airflow/example_dags/example_branch_operator.py for tasks to queue
[2025-04-13T15:09:09.534+0000] {logging_mixin.py:188} INFO - [2025-04-13T15:09:09.534+0000] {dagbag.py:538} INFO - Filling up the DagBag from /home/airflow/.local/lib/python3.8/site-packages/airflow/example_dags/example_branch_operator.py
[2025-04-13T15:09:09.557+0000] {processor.py:840} INFO - DAG(s) 'example_branch_operator' retrieved from /home/airflow/.local/lib/python3.8/site-packages/airflow/example_dags/example_branch_operator.py
[2025-04-13T15:09:09.602+0000] {logging_mixin.py:188} INFO - [2025-04-13T15:09:09.602+0000] {dag.py:3036} INFO - Sync 1 DAGs
[2025-04-13T15:09:09.636+0000] {logging_mixin.py:188} INFO - [2025-04-13T15:09:09.636+0000] {dag.py:3823} INFO - Setting next_dagrun for example_branch_operator to 2025-04-12 00:00:00+00:00, run_after=2025-04-13 00:00:00+00:00
[2025-04-13T15:09:09.668+0000] {processor.py:183} INFO - Processing /home/airflow/.local/lib/python3.8/site-packages/airflow/example_dags/example_branch_operator.py took 0.142 seconds
[2025-04-13T15:09:48.532+0000] {processor.py:161} INFO - Started process (PID=1536) to work on /home/airflow/.local/lib/python3.8/site-packages/airflow/example_dags/example_branch_operator.py
[2025-04-13T15:09:48.534+0000] {processor.py:830} INFO - Processing file /home/airflow/.local/lib/python3.8/site-packages/airflow/example_dags/example_branch_operator.py for tasks to queue
[2025-04-13T15:09:48.539+0000] {logging_mixin.py:188} INFO - [2025-04-13T15:09:48.537+0000] {dagbag.py:538} INFO - Filling up the DagBag from /home/airflow/.local/lib/python3.8/site-packages/airflow/example_dags/example_branch_operator.py
[2025-04-13T15:09:48.569+0000] {processor.py:840} INFO - DAG(s) 'example_branch_operator' retrieved from /home/airflow/.local/lib/python3.8/site-packages/airflow/example_dags/example_branch_operator.py
[2025-04-13T15:09:48.625+0000] {logging_mixin.py:188} INFO - [2025-04-13T15:09:48.623+0000] {dag.py:3036} INFO - Sync 1 DAGs
[2025-04-13T15:09:48.697+0000] {logging_mixin.py:188} INFO - [2025-04-13T15:09:48.697+0000] {dag.py:3823} INFO - Setting next_dagrun for example_branch_operator to 2025-04-12 00:00:00+00:00, run_after=2025-04-13 00:00:00+00:00
[2025-04-13T15:09:48.769+0000] {processor.py:183} INFO - Processing /home/airflow/.local/lib/python3.8/site-packages/airflow/example_dags/example_branch_operator.py took 0.242 seconds
[2025-04-13T15:10:19.502+0000] {processor.py:161} INFO - Started process (PID=1591) to work on /home/airflow/.local/lib/python3.8/site-packages/airflow/example_dags/example_branch_operator.py
[2025-04-13T15:10:19.505+0000] {processor.py:830} INFO - Processing file /home/airflow/.local/lib/python3.8/site-packages/airflow/example_dags/example_branch_operator.py for tasks to queue
[2025-04-13T15:10:19.509+0000] {logging_mixin.py:188} INFO - [2025-04-13T15:10:19.508+0000] {dagbag.py:538} INFO - Filling up the DagBag from /home/airflow/.local/lib/python3.8/site-packages/airflow/example_dags/example_branch_operator.py
[2025-04-13T15:10:19.544+0000] {processor.py:840} INFO - DAG(s) 'example_branch_operator' retrieved from /home/airflow/.local/lib/python3.8/site-packages/airflow/example_dags/example_branch_operator.py
[2025-04-13T15:10:19.587+0000] {logging_mixin.py:188} INFO - [2025-04-13T15:10:19.587+0000] {dag.py:3036} INFO - Sync 1 DAGs
[2025-04-13T15:10:19.620+0000] {logging_mixin.py:188} INFO - [2025-04-13T15:10:19.619+0000] {dag.py:3823} INFO - Setting next_dagrun for example_branch_operator to 2025-04-12 00:00:00+00:00, run_after=2025-04-13 00:00:00+00:00
[2025-04-13T15:10:19.648+0000] {processor.py:183} INFO - Processing /home/airflow/.local/lib/python3.8/site-packages/airflow/example_dags/example_branch_operator.py took 0.152 seconds
[2025-04-13T15:10:49.843+0000] {processor.py:161} INFO - Started process (PID=1646) to work on /home/airflow/.local/lib/python3.8/site-packages/airflow/example_dags/example_branch_operator.py
[2025-04-13T15:10:49.844+0000] {processor.py:830} INFO - Processing file /home/airflow/.local/lib/python3.8/site-packages/airflow/example_dags/example_branch_operator.py for tasks to queue
[2025-04-13T15:10:49.846+0000] {logging_mixin.py:188} INFO - [2025-04-13T15:10:49.846+0000] {dagbag.py:538} INFO - Filling up the DagBag from /home/airflow/.local/lib/python3.8/site-packages/airflow/example_dags/example_branch_operator.py
[2025-04-13T15:10:49.876+0000] {processor.py:840} INFO - DAG(s) 'example_branch_operator' retrieved from /home/airflow/.local/lib/python3.8/site-packages/airflow/example_dags/example_branch_operator.py
[2025-04-13T15:10:49.921+0000] {logging_mixin.py:188} INFO - [2025-04-13T15:10:49.921+0000] {dag.py:3036} INFO - Sync 1 DAGs
[2025-04-13T15:10:50.158+0000] {logging_mixin.py:188} INFO - [2025-04-13T15:10:50.157+0000] {dag.py:3823} INFO - Setting next_dagrun for example_branch_operator to 2025-04-12 00:00:00+00:00, run_after=2025-04-13 00:00:00+00:00
[2025-04-13T15:10:50.321+0000] {processor.py:183} INFO - Processing /home/airflow/.local/lib/python3.8/site-packages/airflow/example_dags/example_branch_operator.py took 0.482 seconds
[2025-04-13T15:11:21.093+0000] {processor.py:161} INFO - Started process (PID=1701) to work on /home/airflow/.local/lib/python3.8/site-packages/airflow/example_dags/example_branch_operator.py
[2025-04-13T15:11:21.097+0000] {processor.py:830} INFO - Processing file /home/airflow/.local/lib/python3.8/site-packages/airflow/example_dags/example_branch_operator.py for tasks to queue
[2025-04-13T15:11:21.108+0000] {logging_mixin.py:188} INFO - [2025-04-13T15:11:21.108+0000] {dagbag.py:538} INFO - Filling up the DagBag from /home/airflow/.local/lib/python3.8/site-packages/airflow/example_dags/example_branch_operator.py
[2025-04-13T15:11:21.142+0000] {processor.py:840} INFO - DAG(s) 'example_branch_operator' retrieved from /home/airflow/.local/lib/python3.8/site-packages/airflow/example_dags/example_branch_operator.py
[2025-04-13T15:11:21.190+0000] {logging_mixin.py:188} INFO - [2025-04-13T15:11:21.190+0000] {dag.py:3036} INFO - Sync 1 DAGs
[2025-04-13T15:11:21.256+0000] {logging_mixin.py:188} INFO - [2025-04-13T15:11:21.255+0000] {dag.py:3823} INFO - Setting next_dagrun for example_branch_operator to 2025-04-12 00:00:00+00:00, run_after=2025-04-13 00:00:00+00:00
[2025-04-13T15:11:21.334+0000] {processor.py:183} INFO - Processing /home/airflow/.local/lib/python3.8/site-packages/airflow/example_dags/example_branch_operator.py took 0.245 seconds
[2025-04-13T15:11:53.969+0000] {processor.py:161} INFO - Started process (PID=1755) to work on /home/airflow/.local/lib/python3.8/site-packages/airflow/example_dags/example_branch_operator.py
[2025-04-13T15:11:53.971+0000] {processor.py:830} INFO - Processing file /home/airflow/.local/lib/python3.8/site-packages/airflow/example_dags/example_branch_operator.py for tasks to queue
[2025-04-13T15:11:53.974+0000] {logging_mixin.py:188} INFO - [2025-04-13T15:11:53.973+0000] {dagbag.py:538} INFO - Filling up the DagBag from /home/airflow/.local/lib/python3.8/site-packages/airflow/example_dags/example_branch_operator.py
[2025-04-13T15:11:53.996+0000] {processor.py:840} INFO - DAG(s) 'example_branch_operator' retrieved from /home/airflow/.local/lib/python3.8/site-packages/airflow/example_dags/example_branch_operator.py
[2025-04-13T15:11:54.039+0000] {logging_mixin.py:188} INFO - [2025-04-13T15:11:54.039+0000] {dag.py:3036} INFO - Sync 1 DAGs
[2025-04-13T15:11:54.071+0000] {logging_mixin.py:188} INFO - [2025-04-13T15:11:54.070+0000] {dag.py:3823} INFO - Setting next_dagrun for example_branch_operator to 2025-04-12 00:00:00+00:00, run_after=2025-04-13 00:00:00+00:00
[2025-04-13T15:11:54.105+0000] {processor.py:183} INFO - Processing /home/airflow/.local/lib/python3.8/site-packages/airflow/example_dags/example_branch_operator.py took 0.139 seconds
[2025-04-13T15:12:26.494+0000] {processor.py:161} INFO - Started process (PID=1810) to work on /home/airflow/.local/lib/python3.8/site-packages/airflow/example_dags/example_branch_operator.py
[2025-04-13T15:12:26.495+0000] {processor.py:830} INFO - Processing file /home/airflow/.local/lib/python3.8/site-packages/airflow/example_dags/example_branch_operator.py for tasks to queue
[2025-04-13T15:12:26.497+0000] {logging_mixin.py:188} INFO - [2025-04-13T15:12:26.497+0000] {dagbag.py:538} INFO - Filling up the DagBag from /home/airflow/.local/lib/python3.8/site-packages/airflow/example_dags/example_branch_operator.py
[2025-04-13T15:12:26.521+0000] {processor.py:840} INFO - DAG(s) 'example_branch_operator' retrieved from /home/airflow/.local/lib/python3.8/site-packages/airflow/example_dags/example_branch_operator.py
[2025-04-13T15:12:26.558+0000] {logging_mixin.py:188} INFO - [2025-04-13T15:12:26.557+0000] {dag.py:3036} INFO - Sync 1 DAGs
[2025-04-13T15:12:26.589+0000] {logging_mixin.py:188} INFO - [2025-04-13T15:12:26.588+0000] {dag.py:3823} INFO - Setting next_dagrun for example_branch_operator to 2025-04-12 00:00:00+00:00, run_after=2025-04-13 00:00:00+00:00
[2025-04-13T15:12:26.612+0000] {processor.py:183} INFO - Processing /home/airflow/.local/lib/python3.8/site-packages/airflow/example_dags/example_branch_operator.py took 0.121 seconds
[2025-04-13T15:13:01.421+0000] {processor.py:161} INFO - Started process (PID=1864) to work on /home/airflow/.local/lib/python3.8/site-packages/airflow/example_dags/example_branch_operator.py
[2025-04-13T15:13:01.423+0000] {processor.py:830} INFO - Processing file /home/airflow/.local/lib/python3.8/site-packages/airflow/example_dags/example_branch_operator.py for tasks to queue
[2025-04-13T15:13:01.426+0000] {logging_mixin.py:188} INFO - [2025-04-13T15:13:01.426+0000] {dagbag.py:538} INFO - Filling up the DagBag from /home/airflow/.local/lib/python3.8/site-packages/airflow/example_dags/example_branch_operator.py
[2025-04-13T15:13:01.457+0000] {processor.py:840} INFO - DAG(s) 'example_branch_operator' retrieved from /home/airflow/.local/lib/python3.8/site-packages/airflow/example_dags/example_branch_operator.py
[2025-04-13T15:13:01.508+0000] {logging_mixin.py:188} INFO - [2025-04-13T15:13:01.506+0000] {dag.py:3036} INFO - Sync 1 DAGs
[2025-04-13T15:13:01.566+0000] {logging_mixin.py:188} INFO - [2025-04-13T15:13:01.566+0000] {dag.py:3823} INFO - Setting next_dagrun for example_branch_operator to 2025-04-12 00:00:00+00:00, run_after=2025-04-13 00:00:00+00:00
[2025-04-13T15:13:01.658+0000] {processor.py:183} INFO - Processing /home/airflow/.local/lib/python3.8/site-packages/airflow/example_dags/example_branch_operator.py took 0.247 seconds
[2025-04-13T15:13:34.621+0000] {processor.py:161} INFO - Started process (PID=1920) to work on /home/airflow/.local/lib/python3.8/site-packages/airflow/example_dags/example_branch_operator.py
[2025-04-13T15:13:34.623+0000] {processor.py:830} INFO - Processing file /home/airflow/.local/lib/python3.8/site-packages/airflow/example_dags/example_branch_operator.py for tasks to queue
[2025-04-13T15:13:34.627+0000] {logging_mixin.py:188} INFO - [2025-04-13T15:13:34.627+0000] {dagbag.py:538} INFO - Filling up the DagBag from /home/airflow/.local/lib/python3.8/site-packages/airflow/example_dags/example_branch_operator.py
[2025-04-13T15:13:34.657+0000] {processor.py:840} INFO - DAG(s) 'example_branch_operator' retrieved from /home/airflow/.local/lib/python3.8/site-packages/airflow/example_dags/example_branch_operator.py
[2025-04-13T15:13:34.699+0000] {logging_mixin.py:188} INFO - [2025-04-13T15:13:34.698+0000] {dag.py:3036} INFO - Sync 1 DAGs
[2025-04-13T15:13:34.747+0000] {logging_mixin.py:188} INFO - [2025-04-13T15:13:34.746+0000] {dag.py:3823} INFO - Setting next_dagrun for example_branch_operator to 2025-04-12 00:00:00+00:00, run_after=2025-04-13 00:00:00+00:00
[2025-04-13T15:13:34.777+0000] {processor.py:183} INFO - Processing /home/airflow/.local/lib/python3.8/site-packages/airflow/example_dags/example_branch_operator.py took 0.160 seconds
[2025-04-13T15:14:07.031+0000] {processor.py:161} INFO - Started process (PID=1975) to work on /home/airflow/.local/lib/python3.8/site-packages/airflow/example_dags/example_branch_operator.py
[2025-04-13T15:14:07.033+0000] {processor.py:830} INFO - Processing file /home/airflow/.local/lib/python3.8/site-packages/airflow/example_dags/example_branch_operator.py for tasks to queue
[2025-04-13T15:14:07.036+0000] {logging_mixin.py:188} INFO - [2025-04-13T15:14:07.035+0000] {dagbag.py:538} INFO - Filling up the DagBag from /home/airflow/.local/lib/python3.8/site-packages/airflow/example_dags/example_branch_operator.py
[2025-04-13T15:14:07.065+0000] {processor.py:840} INFO - DAG(s) 'example_branch_operator' retrieved from /home/airflow/.local/lib/python3.8/site-packages/airflow/example_dags/example_branch_operator.py
[2025-04-13T15:14:07.406+0000] {logging_mixin.py:188} INFO - [2025-04-13T15:14:07.406+0000] {dag.py:3036} INFO - Sync 1 DAGs
[2025-04-13T15:14:07.494+0000] {logging_mixin.py:188} INFO - [2025-04-13T15:14:07.494+0000] {dag.py:3823} INFO - Setting next_dagrun for example_branch_operator to 2025-04-12 00:00:00+00:00, run_after=2025-04-13 00:00:00+00:00
[2025-04-13T15:14:07.573+0000] {processor.py:183} INFO - Processing /home/airflow/.local/lib/python3.8/site-packages/airflow/example_dags/example_branch_operator.py took 0.547 seconds
[2025-04-13T15:14:40.730+0000] {processor.py:161} INFO - Started process (PID=2029) to work on /home/airflow/.local/lib/python3.8/site-packages/airflow/example_dags/example_branch_operator.py
[2025-04-13T15:14:40.731+0000] {processor.py:830} INFO - Processing file /home/airflow/.local/lib/python3.8/site-packages/airflow/example_dags/example_branch_operator.py for tasks to queue
[2025-04-13T15:14:40.754+0000] {logging_mixin.py:188} INFO - [2025-04-13T15:14:40.742+0000] {dagbag.py:538} INFO - Filling up the DagBag from /home/airflow/.local/lib/python3.8/site-packages/airflow/example_dags/example_branch_operator.py
[2025-04-13T15:14:40.802+0000] {processor.py:840} INFO - DAG(s) 'example_branch_operator' retrieved from /home/airflow/.local/lib/python3.8/site-packages/airflow/example_dags/example_branch_operator.py
[2025-04-13T15:14:40.829+0000] {logging_mixin.py:188} INFO - [2025-04-13T15:14:40.829+0000] {dag.py:3036} INFO - Sync 1 DAGs
[2025-04-13T15:14:40.886+0000] {logging_mixin.py:188} INFO - [2025-04-13T15:14:40.886+0000] {dag.py:3823} INFO - Setting next_dagrun for example_branch_operator to 2025-04-12 00:00:00+00:00, run_after=2025-04-13 00:00:00+00:00
[2025-04-13T15:14:40.946+0000] {processor.py:183} INFO - Processing /home/airflow/.local/lib/python3.8/site-packages/airflow/example_dags/example_branch_operator.py took 0.221 seconds
[2025-04-13T15:15:15.683+0000] {processor.py:161} INFO - Started process (PID=2085) to work on /home/airflow/.local/lib/python3.8/site-packages/airflow/example_dags/example_branch_operator.py
[2025-04-13T15:15:15.684+0000] {processor.py:830} INFO - Processing file /home/airflow/.local/lib/python3.8/site-packages/airflow/example_dags/example_branch_operator.py for tasks to queue
[2025-04-13T15:15:15.687+0000] {logging_mixin.py:188} INFO - [2025-04-13T15:15:15.687+0000] {dagbag.py:538} INFO - Filling up the DagBag from /home/airflow/.local/lib/python3.8/site-packages/airflow/example_dags/example_branch_operator.py
[2025-04-13T15:15:15.717+0000] {processor.py:840} INFO - DAG(s) 'example_branch_operator' retrieved from /home/airflow/.local/lib/python3.8/site-packages/airflow/example_dags/example_branch_operator.py
[2025-04-13T15:15:15.908+0000] {logging_mixin.py:188} INFO - [2025-04-13T15:15:15.908+0000] {dag.py:3036} INFO - Sync 1 DAGs
[2025-04-13T15:15:15.943+0000] {logging_mixin.py:188} INFO - [2025-04-13T15:15:15.942+0000] {dag.py:3823} INFO - Setting next_dagrun for example_branch_operator to 2025-04-12 00:00:00+00:00, run_after=2025-04-13 00:00:00+00:00
[2025-04-13T15:15:15.997+0000] {processor.py:183} INFO - Processing /home/airflow/.local/lib/python3.8/site-packages/airflow/example_dags/example_branch_operator.py took 0.318 seconds
[2025-04-13T15:15:46.691+0000] {processor.py:161} INFO - Started process (PID=2141) to work on /home/airflow/.local/lib/python3.8/site-packages/airflow/example_dags/example_branch_operator.py
[2025-04-13T15:15:46.692+0000] {processor.py:830} INFO - Processing file /home/airflow/.local/lib/python3.8/site-packages/airflow/example_dags/example_branch_operator.py for tasks to queue
[2025-04-13T15:15:46.695+0000] {logging_mixin.py:188} INFO - [2025-04-13T15:15:46.694+0000] {dagbag.py:538} INFO - Filling up the DagBag from /home/airflow/.local/lib/python3.8/site-packages/airflow/example_dags/example_branch_operator.py
[2025-04-13T15:15:46.721+0000] {processor.py:840} INFO - DAG(s) 'example_branch_operator' retrieved from /home/airflow/.local/lib/python3.8/site-packages/airflow/example_dags/example_branch_operator.py
[2025-04-13T15:15:46.760+0000] {logging_mixin.py:188} INFO - [2025-04-13T15:15:46.759+0000] {dag.py:3036} INFO - Sync 1 DAGs
[2025-04-13T15:15:46.792+0000] {logging_mixin.py:188} INFO - [2025-04-13T15:15:46.791+0000] {dag.py:3823} INFO - Setting next_dagrun for example_branch_operator to 2025-04-12 00:00:00+00:00, run_after=2025-04-13 00:00:00+00:00
[2025-04-13T15:15:46.816+0000] {processor.py:183} INFO - Processing /home/airflow/.local/lib/python3.8/site-packages/airflow/example_dags/example_branch_operator.py took 0.132 seconds
[2025-04-13T15:16:17.496+0000] {processor.py:161} INFO - Started process (PID=2197) to work on /home/airflow/.local/lib/python3.8/site-packages/airflow/example_dags/example_branch_operator.py
[2025-04-13T15:16:17.498+0000] {processor.py:830} INFO - Processing file /home/airflow/.local/lib/python3.8/site-packages/airflow/example_dags/example_branch_operator.py for tasks to queue
[2025-04-13T15:16:17.500+0000] {logging_mixin.py:188} INFO - [2025-04-13T15:16:17.500+0000] {dagbag.py:538} INFO - Filling up the DagBag from /home/airflow/.local/lib/python3.8/site-packages/airflow/example_dags/example_branch_operator.py
[2025-04-13T15:16:17.532+0000] {processor.py:840} INFO - DAG(s) 'example_branch_operator' retrieved from /home/airflow/.local/lib/python3.8/site-packages/airflow/example_dags/example_branch_operator.py
[2025-04-13T15:16:17.566+0000] {logging_mixin.py:188} INFO - [2025-04-13T15:16:17.565+0000] {dag.py:3036} INFO - Sync 1 DAGs
[2025-04-13T15:16:17.598+0000] {logging_mixin.py:188} INFO - [2025-04-13T15:16:17.597+0000] {dag.py:3823} INFO - Setting next_dagrun for example_branch_operator to 2025-04-12 00:00:00+00:00, run_after=2025-04-13 00:00:00+00:00
[2025-04-13T15:16:17.624+0000] {processor.py:183} INFO - Processing /home/airflow/.local/lib/python3.8/site-packages/airflow/example_dags/example_branch_operator.py took 0.137 seconds
[2025-04-13T15:19:16.294+0000] {processor.py:161} INFO - Started process (PID=98) to work on /home/airflow/.local/lib/python3.8/site-packages/airflow/example_dags/example_branch_operator.py
[2025-04-13T15:19:16.298+0000] {processor.py:830} INFO - Processing file /home/airflow/.local/lib/python3.8/site-packages/airflow/example_dags/example_branch_operator.py for tasks to queue
[2025-04-13T15:19:16.301+0000] {logging_mixin.py:188} INFO - [2025-04-13T15:19:16.301+0000] {dagbag.py:538} INFO - Filling up the DagBag from /home/airflow/.local/lib/python3.8/site-packages/airflow/example_dags/example_branch_operator.py
[2025-04-13T15:19:16.395+0000] {processor.py:840} INFO - DAG(s) 'example_branch_operator' retrieved from /home/airflow/.local/lib/python3.8/site-packages/airflow/example_dags/example_branch_operator.py
[2025-04-13T15:19:16.975+0000] {logging_mixin.py:188} INFO - [2025-04-13T15:19:16.974+0000] {dag.py:3036} INFO - Sync 1 DAGs
[2025-04-13T15:19:17.100+0000] {logging_mixin.py:188} INFO - [2025-04-13T15:19:17.100+0000] {dag.py:3823} INFO - Setting next_dagrun for example_branch_operator to 2025-04-12 00:00:00+00:00, run_after=2025-04-13 00:00:00+00:00
[2025-04-13T15:19:17.140+0000] {processor.py:183} INFO - Processing /home/airflow/.local/lib/python3.8/site-packages/airflow/example_dags/example_branch_operator.py took 0.853 seconds
[2025-04-13T15:19:47.721+0000] {processor.py:161} INFO - Started process (PID=154) to work on /home/airflow/.local/lib/python3.8/site-packages/airflow/example_dags/example_branch_operator.py
[2025-04-13T15:19:47.723+0000] {processor.py:830} INFO - Processing file /home/airflow/.local/lib/python3.8/site-packages/airflow/example_dags/example_branch_operator.py for tasks to queue
[2025-04-13T15:19:47.726+0000] {logging_mixin.py:188} INFO - [2025-04-13T15:19:47.725+0000] {dagbag.py:538} INFO - Filling up the DagBag from /home/airflow/.local/lib/python3.8/site-packages/airflow/example_dags/example_branch_operator.py
[2025-04-13T15:19:47.812+0000] {processor.py:840} INFO - DAG(s) 'example_branch_operator' retrieved from /home/airflow/.local/lib/python3.8/site-packages/airflow/example_dags/example_branch_operator.py
[2025-04-13T15:19:47.928+0000] {logging_mixin.py:188} INFO - [2025-04-13T15:19:47.927+0000] {dag.py:3036} INFO - Sync 1 DAGs
[2025-04-13T15:19:47.991+0000] {logging_mixin.py:188} INFO - [2025-04-13T15:19:47.991+0000] {dag.py:3823} INFO - Setting next_dagrun for example_branch_operator to 2025-04-12 00:00:00+00:00, run_after=2025-04-13 00:00:00+00:00
[2025-04-13T15:19:48.051+0000] {processor.py:183} INFO - Processing /home/airflow/.local/lib/python3.8/site-packages/airflow/example_dags/example_branch_operator.py took 0.334 seconds
[2025-04-13T15:20:18.375+0000] {processor.py:161} INFO - Started process (PID=204) to work on /home/airflow/.local/lib/python3.8/site-packages/airflow/example_dags/example_branch_operator.py
[2025-04-13T15:20:18.377+0000] {processor.py:830} INFO - Processing file /home/airflow/.local/lib/python3.8/site-packages/airflow/example_dags/example_branch_operator.py for tasks to queue
[2025-04-13T15:20:18.382+0000] {logging_mixin.py:188} INFO - [2025-04-13T15:20:18.381+0000] {dagbag.py:538} INFO - Filling up the DagBag from /home/airflow/.local/lib/python3.8/site-packages/airflow/example_dags/example_branch_operator.py
[2025-04-13T15:20:18.418+0000] {processor.py:840} INFO - DAG(s) 'example_branch_operator' retrieved from /home/airflow/.local/lib/python3.8/site-packages/airflow/example_dags/example_branch_operator.py
[2025-04-13T15:20:18.471+0000] {logging_mixin.py:188} INFO - [2025-04-13T15:20:18.471+0000] {dag.py:3036} INFO - Sync 1 DAGs
[2025-04-13T15:20:18.501+0000] {logging_mixin.py:188} INFO - [2025-04-13T15:20:18.500+0000] {dag.py:3823} INFO - Setting next_dagrun for example_branch_operator to 2025-04-12 00:00:00+00:00, run_after=2025-04-13 00:00:00+00:00
[2025-04-13T15:20:18.554+0000] {processor.py:183} INFO - Processing /home/airflow/.local/lib/python3.8/site-packages/airflow/example_dags/example_branch_operator.py took 0.183 seconds
[2025-04-13T15:20:49.083+0000] {processor.py:161} INFO - Started process (PID=260) to work on /home/airflow/.local/lib/python3.8/site-packages/airflow/example_dags/example_branch_operator.py
[2025-04-13T15:20:49.085+0000] {processor.py:830} INFO - Processing file /home/airflow/.local/lib/python3.8/site-packages/airflow/example_dags/example_branch_operator.py for tasks to queue
[2025-04-13T15:20:49.088+0000] {logging_mixin.py:188} INFO - [2025-04-13T15:20:49.088+0000] {dagbag.py:538} INFO - Filling up the DagBag from /home/airflow/.local/lib/python3.8/site-packages/airflow/example_dags/example_branch_operator.py
[2025-04-13T15:20:49.112+0000] {processor.py:840} INFO - DAG(s) 'example_branch_operator' retrieved from /home/airflow/.local/lib/python3.8/site-packages/airflow/example_dags/example_branch_operator.py
[2025-04-13T15:20:49.148+0000] {logging_mixin.py:188} INFO - [2025-04-13T15:20:49.147+0000] {dag.py:3036} INFO - Sync 1 DAGs
[2025-04-13T15:20:49.175+0000] {logging_mixin.py:188} INFO - [2025-04-13T15:20:49.174+0000] {dag.py:3823} INFO - Setting next_dagrun for example_branch_operator to 2025-04-12 00:00:00+00:00, run_after=2025-04-13 00:00:00+00:00
[2025-04-13T15:20:49.198+0000] {processor.py:183} INFO - Processing /home/airflow/.local/lib/python3.8/site-packages/airflow/example_dags/example_branch_operator.py took 0.120 seconds
[2025-04-13T15:21:19.748+0000] {processor.py:161} INFO - Started process (PID=317) to work on /home/airflow/.local/lib/python3.8/site-packages/airflow/example_dags/example_branch_operator.py
[2025-04-13T15:21:19.750+0000] {processor.py:830} INFO - Processing file /home/airflow/.local/lib/python3.8/site-packages/airflow/example_dags/example_branch_operator.py for tasks to queue
[2025-04-13T15:21:19.753+0000] {logging_mixin.py:188} INFO - [2025-04-13T15:21:19.753+0000] {dagbag.py:538} INFO - Filling up the DagBag from /home/airflow/.local/lib/python3.8/site-packages/airflow/example_dags/example_branch_operator.py
[2025-04-13T15:21:19.787+0000] {processor.py:840} INFO - DAG(s) 'example_branch_operator' retrieved from /home/airflow/.local/lib/python3.8/site-packages/airflow/example_dags/example_branch_operator.py
[2025-04-13T15:21:19.839+0000] {logging_mixin.py:188} INFO - [2025-04-13T15:21:19.839+0000] {dag.py:3036} INFO - Sync 1 DAGs
[2025-04-13T15:21:19.878+0000] {logging_mixin.py:188} INFO - [2025-04-13T15:21:19.878+0000] {dag.py:3823} INFO - Setting next_dagrun for example_branch_operator to 2025-04-12 00:00:00+00:00, run_after=2025-04-13 00:00:00+00:00
[2025-04-13T15:21:20.092+0000] {processor.py:183} INFO - Processing /home/airflow/.local/lib/python3.8/site-packages/airflow/example_dags/example_branch_operator.py took 0.349 seconds
[2025-04-13T15:21:50.248+0000] {processor.py:161} INFO - Started process (PID=373) to work on /home/airflow/.local/lib/python3.8/site-packages/airflow/example_dags/example_branch_operator.py
[2025-04-13T15:21:50.249+0000] {processor.py:830} INFO - Processing file /home/airflow/.local/lib/python3.8/site-packages/airflow/example_dags/example_branch_operator.py for tasks to queue
[2025-04-13T15:21:50.252+0000] {logging_mixin.py:188} INFO - [2025-04-13T15:21:50.251+0000] {dagbag.py:538} INFO - Filling up the DagBag from /home/airflow/.local/lib/python3.8/site-packages/airflow/example_dags/example_branch_operator.py
[2025-04-13T15:21:50.274+0000] {processor.py:840} INFO - DAG(s) 'example_branch_operator' retrieved from /home/airflow/.local/lib/python3.8/site-packages/airflow/example_dags/example_branch_operator.py
[2025-04-13T15:21:50.306+0000] {logging_mixin.py:188} INFO - [2025-04-13T15:21:50.306+0000] {dag.py:3036} INFO - Sync 1 DAGs
[2025-04-13T15:21:50.335+0000] {logging_mixin.py:188} INFO - [2025-04-13T15:21:50.335+0000] {dag.py:3823} INFO - Setting next_dagrun for example_branch_operator to 2025-04-12 00:00:00+00:00, run_after=2025-04-13 00:00:00+00:00
[2025-04-13T15:21:50.358+0000] {processor.py:183} INFO - Processing /home/airflow/.local/lib/python3.8/site-packages/airflow/example_dags/example_branch_operator.py took 0.114 seconds
[2025-04-13T15:22:20.484+0000] {processor.py:161} INFO - Started process (PID=429) to work on /home/airflow/.local/lib/python3.8/site-packages/airflow/example_dags/example_branch_operator.py
[2025-04-13T15:22:20.486+0000] {processor.py:830} INFO - Processing file /home/airflow/.local/lib/python3.8/site-packages/airflow/example_dags/example_branch_operator.py for tasks to queue
[2025-04-13T15:22:20.489+0000] {logging_mixin.py:188} INFO - [2025-04-13T15:22:20.488+0000] {dagbag.py:538} INFO - Filling up the DagBag from /home/airflow/.local/lib/python3.8/site-packages/airflow/example_dags/example_branch_operator.py
[2025-04-13T15:22:20.506+0000] {processor.py:840} INFO - DAG(s) 'example_branch_operator' retrieved from /home/airflow/.local/lib/python3.8/site-packages/airflow/example_dags/example_branch_operator.py
[2025-04-13T15:22:20.535+0000] {logging_mixin.py:188} INFO - [2025-04-13T15:22:20.535+0000] {dag.py:3036} INFO - Sync 1 DAGs
[2025-04-13T15:22:20.558+0000] {logging_mixin.py:188} INFO - [2025-04-13T15:22:20.558+0000] {dag.py:3823} INFO - Setting next_dagrun for example_branch_operator to 2025-04-12 00:00:00+00:00, run_after=2025-04-13 00:00:00+00:00
[2025-04-13T15:22:20.581+0000] {processor.py:183} INFO - Processing /home/airflow/.local/lib/python3.8/site-packages/airflow/example_dags/example_branch_operator.py took 0.101 seconds
[2025-04-13T15:22:51.044+0000] {processor.py:161} INFO - Started process (PID=484) to work on /home/airflow/.local/lib/python3.8/site-packages/airflow/example_dags/example_branch_operator.py
[2025-04-13T15:22:51.048+0000] {processor.py:830} INFO - Processing file /home/airflow/.local/lib/python3.8/site-packages/airflow/example_dags/example_branch_operator.py for tasks to queue
[2025-04-13T15:22:51.050+0000] {logging_mixin.py:188} INFO - [2025-04-13T15:22:51.050+0000] {dagbag.py:538} INFO - Filling up the DagBag from /home/airflow/.local/lib/python3.8/site-packages/airflow/example_dags/example_branch_operator.py
[2025-04-13T15:22:51.082+0000] {processor.py:840} INFO - DAG(s) 'example_branch_operator' retrieved from /home/airflow/.local/lib/python3.8/site-packages/airflow/example_dags/example_branch_operator.py
[2025-04-13T15:22:51.131+0000] {logging_mixin.py:188} INFO - [2025-04-13T15:22:51.131+0000] {dag.py:3036} INFO - Sync 1 DAGs
[2025-04-13T15:22:51.171+0000] {logging_mixin.py:188} INFO - [2025-04-13T15:22:51.171+0000] {dag.py:3823} INFO - Setting next_dagrun for example_branch_operator to 2025-04-12 00:00:00+00:00, run_after=2025-04-13 00:00:00+00:00
[2025-04-13T15:22:51.201+0000] {processor.py:183} INFO - Processing /home/airflow/.local/lib/python3.8/site-packages/airflow/example_dags/example_branch_operator.py took 0.163 seconds
[2025-04-13T15:23:21.451+0000] {processor.py:161} INFO - Started process (PID=540) to work on /home/airflow/.local/lib/python3.8/site-packages/airflow/example_dags/example_branch_operator.py
[2025-04-13T15:23:21.453+0000] {processor.py:830} INFO - Processing file /home/airflow/.local/lib/python3.8/site-packages/airflow/example_dags/example_branch_operator.py for tasks to queue
[2025-04-13T15:23:21.455+0000] {logging_mixin.py:188} INFO - [2025-04-13T15:23:21.455+0000] {dagbag.py:538} INFO - Filling up the DagBag from /home/airflow/.local/lib/python3.8/site-packages/airflow/example_dags/example_branch_operator.py
[2025-04-13T15:23:21.477+0000] {processor.py:840} INFO - DAG(s) 'example_branch_operator' retrieved from /home/airflow/.local/lib/python3.8/site-packages/airflow/example_dags/example_branch_operator.py
[2025-04-13T15:23:21.513+0000] {logging_mixin.py:188} INFO - [2025-04-13T15:23:21.512+0000] {dag.py:3036} INFO - Sync 1 DAGs
[2025-04-13T15:23:21.544+0000] {logging_mixin.py:188} INFO - [2025-04-13T15:23:21.543+0000] {dag.py:3823} INFO - Setting next_dagrun for example_branch_operator to 2025-04-12 00:00:00+00:00, run_after=2025-04-13 00:00:00+00:00
[2025-04-13T15:23:21.570+0000] {processor.py:183} INFO - Processing /home/airflow/.local/lib/python3.8/site-packages/airflow/example_dags/example_branch_operator.py took 0.123 seconds
[2025-04-13T15:23:51.774+0000] {processor.py:161} INFO - Started process (PID=595) to work on /home/airflow/.local/lib/python3.8/site-packages/airflow/example_dags/example_branch_operator.py
[2025-04-13T15:23:51.775+0000] {processor.py:830} INFO - Processing file /home/airflow/.local/lib/python3.8/site-packages/airflow/example_dags/example_branch_operator.py for tasks to queue
[2025-04-13T15:23:51.777+0000] {logging_mixin.py:188} INFO - [2025-04-13T15:23:51.777+0000] {dagbag.py:538} INFO - Filling up the DagBag from /home/airflow/.local/lib/python3.8/site-packages/airflow/example_dags/example_branch_operator.py
[2025-04-13T15:23:51.804+0000] {processor.py:840} INFO - DAG(s) 'example_branch_operator' retrieved from /home/airflow/.local/lib/python3.8/site-packages/airflow/example_dags/example_branch_operator.py
[2025-04-13T15:23:51.844+0000] {logging_mixin.py:188} INFO - [2025-04-13T15:23:51.844+0000] {dag.py:3036} INFO - Sync 1 DAGs
[2025-04-13T15:23:51.890+0000] {logging_mixin.py:188} INFO - [2025-04-13T15:23:51.889+0000] {dag.py:3823} INFO - Setting next_dagrun for example_branch_operator to 2025-04-12 00:00:00+00:00, run_after=2025-04-13 00:00:00+00:00
[2025-04-13T15:23:51.935+0000] {processor.py:183} INFO - Processing /home/airflow/.local/lib/python3.8/site-packages/airflow/example_dags/example_branch_operator.py took 0.165 seconds
[2025-04-13T15:24:24.649+0000] {processor.py:161} INFO - Started process (PID=652) to work on /home/airflow/.local/lib/python3.8/site-packages/airflow/example_dags/example_branch_operator.py
[2025-04-13T15:24:24.650+0000] {processor.py:830} INFO - Processing file /home/airflow/.local/lib/python3.8/site-packages/airflow/example_dags/example_branch_operator.py for tasks to queue
[2025-04-13T15:24:24.653+0000] {logging_mixin.py:188} INFO - [2025-04-13T15:24:24.652+0000] {dagbag.py:538} INFO - Filling up the DagBag from /home/airflow/.local/lib/python3.8/site-packages/airflow/example_dags/example_branch_operator.py
[2025-04-13T15:24:24.676+0000] {processor.py:840} INFO - DAG(s) 'example_branch_operator' retrieved from /home/airflow/.local/lib/python3.8/site-packages/airflow/example_dags/example_branch_operator.py
[2025-04-13T15:24:24.706+0000] {logging_mixin.py:188} INFO - [2025-04-13T15:24:24.706+0000] {dag.py:3036} INFO - Sync 1 DAGs
[2025-04-13T15:24:24.740+0000] {logging_mixin.py:188} INFO - [2025-04-13T15:24:24.740+0000] {dag.py:3823} INFO - Setting next_dagrun for example_branch_operator to 2025-04-12 00:00:00+00:00, run_after=2025-04-13 00:00:00+00:00
[2025-04-13T15:24:24.763+0000] {processor.py:183} INFO - Processing /home/airflow/.local/lib/python3.8/site-packages/airflow/example_dags/example_branch_operator.py took 0.117 seconds
[2025-04-13T15:24:57.265+0000] {processor.py:161} INFO - Started process (PID=708) to work on /home/airflow/.local/lib/python3.8/site-packages/airflow/example_dags/example_branch_operator.py
[2025-04-13T15:24:57.266+0000] {processor.py:830} INFO - Processing file /home/airflow/.local/lib/python3.8/site-packages/airflow/example_dags/example_branch_operator.py for tasks to queue
[2025-04-13T15:24:57.268+0000] {logging_mixin.py:188} INFO - [2025-04-13T15:24:57.268+0000] {dagbag.py:538} INFO - Filling up the DagBag from /home/airflow/.local/lib/python3.8/site-packages/airflow/example_dags/example_branch_operator.py
[2025-04-13T15:24:57.290+0000] {processor.py:840} INFO - DAG(s) 'example_branch_operator' retrieved from /home/airflow/.local/lib/python3.8/site-packages/airflow/example_dags/example_branch_operator.py
[2025-04-13T15:24:57.325+0000] {logging_mixin.py:188} INFO - [2025-04-13T15:24:57.325+0000] {dag.py:3036} INFO - Sync 1 DAGs
[2025-04-13T15:24:57.358+0000] {logging_mixin.py:188} INFO - [2025-04-13T15:24:57.358+0000] {dag.py:3823} INFO - Setting next_dagrun for example_branch_operator to 2025-04-12 00:00:00+00:00, run_after=2025-04-13 00:00:00+00:00
[2025-04-13T15:24:57.381+0000] {processor.py:183} INFO - Processing /home/airflow/.local/lib/python3.8/site-packages/airflow/example_dags/example_branch_operator.py took 0.120 seconds
[2025-04-13T15:25:29.860+0000] {processor.py:161} INFO - Started process (PID=764) to work on /home/airflow/.local/lib/python3.8/site-packages/airflow/example_dags/example_branch_operator.py
[2025-04-13T15:25:29.862+0000] {processor.py:830} INFO - Processing file /home/airflow/.local/lib/python3.8/site-packages/airflow/example_dags/example_branch_operator.py for tasks to queue
[2025-04-13T15:25:29.865+0000] {logging_mixin.py:188} INFO - [2025-04-13T15:25:29.864+0000] {dagbag.py:538} INFO - Filling up the DagBag from /home/airflow/.local/lib/python3.8/site-packages/airflow/example_dags/example_branch_operator.py
[2025-04-13T15:25:29.899+0000] {processor.py:840} INFO - DAG(s) 'example_branch_operator' retrieved from /home/airflow/.local/lib/python3.8/site-packages/airflow/example_dags/example_branch_operator.py
[2025-04-13T15:25:29.939+0000] {logging_mixin.py:188} INFO - [2025-04-13T15:25:29.938+0000] {dag.py:3036} INFO - Sync 1 DAGs
[2025-04-13T15:25:29.988+0000] {logging_mixin.py:188} INFO - [2025-04-13T15:25:29.987+0000] {dag.py:3823} INFO - Setting next_dagrun for example_branch_operator to 2025-04-12 00:00:00+00:00, run_after=2025-04-13 00:00:00+00:00
[2025-04-13T15:25:30.015+0000] {processor.py:183} INFO - Processing /home/airflow/.local/lib/python3.8/site-packages/airflow/example_dags/example_branch_operator.py took 0.159 seconds
[2025-04-13T15:26:02.511+0000] {processor.py:161} INFO - Started process (PID=820) to work on /home/airflow/.local/lib/python3.8/site-packages/airflow/example_dags/example_branch_operator.py
[2025-04-13T15:26:02.513+0000] {processor.py:830} INFO - Processing file /home/airflow/.local/lib/python3.8/site-packages/airflow/example_dags/example_branch_operator.py for tasks to queue
[2025-04-13T15:26:02.515+0000] {logging_mixin.py:188} INFO - [2025-04-13T15:26:02.514+0000] {dagbag.py:538} INFO - Filling up the DagBag from /home/airflow/.local/lib/python3.8/site-packages/airflow/example_dags/example_branch_operator.py
[2025-04-13T15:26:02.534+0000] {processor.py:840} INFO - DAG(s) 'example_branch_operator' retrieved from /home/airflow/.local/lib/python3.8/site-packages/airflow/example_dags/example_branch_operator.py
[2025-04-13T15:26:02.569+0000] {logging_mixin.py:188} INFO - [2025-04-13T15:26:02.568+0000] {dag.py:3036} INFO - Sync 1 DAGs
[2025-04-13T15:26:02.604+0000] {logging_mixin.py:188} INFO - [2025-04-13T15:26:02.604+0000] {dag.py:3823} INFO - Setting next_dagrun for example_branch_operator to 2025-04-12 00:00:00+00:00, run_after=2025-04-13 00:00:00+00:00
[2025-04-13T15:26:02.643+0000] {processor.py:183} INFO - Processing /home/airflow/.local/lib/python3.8/site-packages/airflow/example_dags/example_branch_operator.py took 0.137 seconds
[2025-04-13T15:26:33.333+0000] {processor.py:161} INFO - Started process (PID=877) to work on /home/airflow/.local/lib/python3.8/site-packages/airflow/example_dags/example_branch_operator.py
[2025-04-13T15:26:33.334+0000] {processor.py:830} INFO - Processing file /home/airflow/.local/lib/python3.8/site-packages/airflow/example_dags/example_branch_operator.py for tasks to queue
[2025-04-13T15:26:33.337+0000] {logging_mixin.py:188} INFO - [2025-04-13T15:26:33.337+0000] {dagbag.py:538} INFO - Filling up the DagBag from /home/airflow/.local/lib/python3.8/site-packages/airflow/example_dags/example_branch_operator.py
[2025-04-13T15:26:33.363+0000] {processor.py:840} INFO - DAG(s) 'example_branch_operator' retrieved from /home/airflow/.local/lib/python3.8/site-packages/airflow/example_dags/example_branch_operator.py
[2025-04-13T15:26:33.399+0000] {logging_mixin.py:188} INFO - [2025-04-13T15:26:33.399+0000] {dag.py:3036} INFO - Sync 1 DAGs
[2025-04-13T15:26:33.428+0000] {logging_mixin.py:188} INFO - [2025-04-13T15:26:33.428+0000] {dag.py:3823} INFO - Setting next_dagrun for example_branch_operator to 2025-04-12 00:00:00+00:00, run_after=2025-04-13 00:00:00+00:00
[2025-04-13T15:26:33.450+0000] {processor.py:183} INFO - Processing /home/airflow/.local/lib/python3.8/site-packages/airflow/example_dags/example_branch_operator.py took 0.120 seconds
[2025-04-13T15:27:04.167+0000] {processor.py:161} INFO - Started process (PID=933) to work on /home/airflow/.local/lib/python3.8/site-packages/airflow/example_dags/example_branch_operator.py
[2025-04-13T15:27:04.169+0000] {processor.py:830} INFO - Processing file /home/airflow/.local/lib/python3.8/site-packages/airflow/example_dags/example_branch_operator.py for tasks to queue
[2025-04-13T15:27:04.174+0000] {logging_mixin.py:188} INFO - [2025-04-13T15:27:04.174+0000] {dagbag.py:538} INFO - Filling up the DagBag from /home/airflow/.local/lib/python3.8/site-packages/airflow/example_dags/example_branch_operator.py
[2025-04-13T15:27:04.201+0000] {processor.py:840} INFO - DAG(s) 'example_branch_operator' retrieved from /home/airflow/.local/lib/python3.8/site-packages/airflow/example_dags/example_branch_operator.py
[2025-04-13T15:27:04.249+0000] {logging_mixin.py:188} INFO - [2025-04-13T15:27:04.249+0000] {dag.py:3036} INFO - Sync 1 DAGs
[2025-04-13T15:27:04.284+0000] {logging_mixin.py:188} INFO - [2025-04-13T15:27:04.284+0000] {dag.py:3823} INFO - Setting next_dagrun for example_branch_operator to 2025-04-12 00:00:00+00:00, run_after=2025-04-13 00:00:00+00:00
[2025-04-13T15:27:04.309+0000] {processor.py:183} INFO - Processing /home/airflow/.local/lib/python3.8/site-packages/airflow/example_dags/example_branch_operator.py took 0.147 seconds
[2025-04-13T15:27:34.780+0000] {processor.py:161} INFO - Started process (PID=993) to work on /home/airflow/.local/lib/python3.8/site-packages/airflow/example_dags/example_branch_operator.py
[2025-04-13T15:27:34.781+0000] {processor.py:830} INFO - Processing file /home/airflow/.local/lib/python3.8/site-packages/airflow/example_dags/example_branch_operator.py for tasks to queue
[2025-04-13T15:27:34.784+0000] {logging_mixin.py:188} INFO - [2025-04-13T15:27:34.783+0000] {dagbag.py:538} INFO - Filling up the DagBag from /home/airflow/.local/lib/python3.8/site-packages/airflow/example_dags/example_branch_operator.py
[2025-04-13T15:27:34.829+0000] {processor.py:840} INFO - DAG(s) 'example_branch_operator' retrieved from /home/airflow/.local/lib/python3.8/site-packages/airflow/example_dags/example_branch_operator.py
[2025-04-13T15:27:34.880+0000] {logging_mixin.py:188} INFO - [2025-04-13T15:27:34.880+0000] {dag.py:3036} INFO - Sync 1 DAGs
[2025-04-13T15:27:34.914+0000] {logging_mixin.py:188} INFO - [2025-04-13T15:27:34.913+0000] {dag.py:3823} INFO - Setting next_dagrun for example_branch_operator to 2025-04-12 00:00:00+00:00, run_after=2025-04-13 00:00:00+00:00
[2025-04-13T15:27:34.940+0000] {processor.py:183} INFO - Processing /home/airflow/.local/lib/python3.8/site-packages/airflow/example_dags/example_branch_operator.py took 0.166 seconds
[2025-04-13T15:28:05.720+0000] {processor.py:161} INFO - Started process (PID=1048) to work on /home/airflow/.local/lib/python3.8/site-packages/airflow/example_dags/example_branch_operator.py
[2025-04-13T15:28:05.721+0000] {processor.py:830} INFO - Processing file /home/airflow/.local/lib/python3.8/site-packages/airflow/example_dags/example_branch_operator.py for tasks to queue
[2025-04-13T15:28:05.723+0000] {logging_mixin.py:188} INFO - [2025-04-13T15:28:05.723+0000] {dagbag.py:538} INFO - Filling up the DagBag from /home/airflow/.local/lib/python3.8/site-packages/airflow/example_dags/example_branch_operator.py
[2025-04-13T15:28:05.749+0000] {processor.py:840} INFO - DAG(s) 'example_branch_operator' retrieved from /home/airflow/.local/lib/python3.8/site-packages/airflow/example_dags/example_branch_operator.py
[2025-04-13T15:28:05.786+0000] {logging_mixin.py:188} INFO - [2025-04-13T15:28:05.785+0000] {dag.py:3036} INFO - Sync 1 DAGs
[2025-04-13T15:28:05.814+0000] {logging_mixin.py:188} INFO - [2025-04-13T15:28:05.814+0000] {dag.py:3823} INFO - Setting next_dagrun for example_branch_operator to 2025-04-12 00:00:00+00:00, run_after=2025-04-13 00:00:00+00:00
[2025-04-13T15:28:05.848+0000] {processor.py:183} INFO - Processing /home/airflow/.local/lib/python3.8/site-packages/airflow/example_dags/example_branch_operator.py took 0.132 seconds
[2025-04-13T15:28:36.672+0000] {processor.py:161} INFO - Started process (PID=1105) to work on /home/airflow/.local/lib/python3.8/site-packages/airflow/example_dags/example_branch_operator.py
[2025-04-13T15:28:36.675+0000] {processor.py:830} INFO - Processing file /home/airflow/.local/lib/python3.8/site-packages/airflow/example_dags/example_branch_operator.py for tasks to queue
[2025-04-13T15:28:36.677+0000] {logging_mixin.py:188} INFO - [2025-04-13T15:28:36.677+0000] {dagbag.py:538} INFO - Filling up the DagBag from /home/airflow/.local/lib/python3.8/site-packages/airflow/example_dags/example_branch_operator.py
[2025-04-13T15:28:36.697+0000] {processor.py:840} INFO - DAG(s) 'example_branch_operator' retrieved from /home/airflow/.local/lib/python3.8/site-packages/airflow/example_dags/example_branch_operator.py
[2025-04-13T15:28:36.729+0000] {logging_mixin.py:188} INFO - [2025-04-13T15:28:36.728+0000] {dag.py:3036} INFO - Sync 1 DAGs
[2025-04-13T15:28:36.772+0000] {logging_mixin.py:188} INFO - [2025-04-13T15:28:36.772+0000] {dag.py:3823} INFO - Setting next_dagrun for example_branch_operator to 2025-04-12 00:00:00+00:00, run_after=2025-04-13 00:00:00+00:00
[2025-04-13T15:28:36.802+0000] {processor.py:183} INFO - Processing /home/airflow/.local/lib/python3.8/site-packages/airflow/example_dags/example_branch_operator.py took 0.134 seconds
[2025-04-13T15:29:07.558+0000] {processor.py:161} INFO - Started process (PID=1161) to work on /home/airflow/.local/lib/python3.8/site-packages/airflow/example_dags/example_branch_operator.py
[2025-04-13T15:29:07.559+0000] {processor.py:830} INFO - Processing file /home/airflow/.local/lib/python3.8/site-packages/airflow/example_dags/example_branch_operator.py for tasks to queue
[2025-04-13T15:29:07.561+0000] {logging_mixin.py:188} INFO - [2025-04-13T15:29:07.561+0000] {dagbag.py:538} INFO - Filling up the DagBag from /home/airflow/.local/lib/python3.8/site-packages/airflow/example_dags/example_branch_operator.py
[2025-04-13T15:29:07.588+0000] {processor.py:840} INFO - DAG(s) 'example_branch_operator' retrieved from /home/airflow/.local/lib/python3.8/site-packages/airflow/example_dags/example_branch_operator.py
[2025-04-13T15:29:07.626+0000] {logging_mixin.py:188} INFO - [2025-04-13T15:29:07.626+0000] {dag.py:3036} INFO - Sync 1 DAGs
[2025-04-13T15:29:07.656+0000] {logging_mixin.py:188} INFO - [2025-04-13T15:29:07.656+0000] {dag.py:3823} INFO - Setting next_dagrun for example_branch_operator to 2025-04-12 00:00:00+00:00, run_after=2025-04-13 00:00:00+00:00
[2025-04-13T15:29:07.681+0000] {processor.py:183} INFO - Processing /home/airflow/.local/lib/python3.8/site-packages/airflow/example_dags/example_branch_operator.py took 0.128 seconds
[2025-04-13T15:29:37.804+0000] {processor.py:161} INFO - Started process (PID=1217) to work on /home/airflow/.local/lib/python3.8/site-packages/airflow/example_dags/example_branch_operator.py
[2025-04-13T15:29:37.805+0000] {processor.py:830} INFO - Processing file /home/airflow/.local/lib/python3.8/site-packages/airflow/example_dags/example_branch_operator.py for tasks to queue
[2025-04-13T15:29:37.809+0000] {logging_mixin.py:188} INFO - [2025-04-13T15:29:37.808+0000] {dagbag.py:538} INFO - Filling up the DagBag from /home/airflow/.local/lib/python3.8/site-packages/airflow/example_dags/example_branch_operator.py
[2025-04-13T15:29:37.848+0000] {processor.py:840} INFO - DAG(s) 'example_branch_operator' retrieved from /home/airflow/.local/lib/python3.8/site-packages/airflow/example_dags/example_branch_operator.py
[2025-04-13T15:29:37.878+0000] {logging_mixin.py:188} INFO - [2025-04-13T15:29:37.877+0000] {dag.py:3036} INFO - Sync 1 DAGs
[2025-04-13T15:29:37.902+0000] {logging_mixin.py:188} INFO - [2025-04-13T15:29:37.902+0000] {dag.py:3823} INFO - Setting next_dagrun for example_branch_operator to 2025-04-12 00:00:00+00:00, run_after=2025-04-13 00:00:00+00:00
[2025-04-13T15:29:37.924+0000] {processor.py:183} INFO - Processing /home/airflow/.local/lib/python3.8/site-packages/airflow/example_dags/example_branch_operator.py took 0.127 seconds
[2025-04-13T15:30:08.021+0000] {processor.py:161} INFO - Started process (PID=1267) to work on /home/airflow/.local/lib/python3.8/site-packages/airflow/example_dags/example_branch_operator.py
[2025-04-13T15:30:08.022+0000] {processor.py:830} INFO - Processing file /home/airflow/.local/lib/python3.8/site-packages/airflow/example_dags/example_branch_operator.py for tasks to queue
[2025-04-13T15:30:08.025+0000] {logging_mixin.py:188} INFO - [2025-04-13T15:30:08.024+0000] {dagbag.py:538} INFO - Filling up the DagBag from /home/airflow/.local/lib/python3.8/site-packages/airflow/example_dags/example_branch_operator.py
[2025-04-13T15:30:08.075+0000] {processor.py:840} INFO - DAG(s) 'example_branch_operator' retrieved from /home/airflow/.local/lib/python3.8/site-packages/airflow/example_dags/example_branch_operator.py
[2025-04-13T15:30:08.101+0000] {logging_mixin.py:188} INFO - [2025-04-13T15:30:08.101+0000] {dag.py:3036} INFO - Sync 1 DAGs
[2025-04-13T15:30:08.133+0000] {logging_mixin.py:188} INFO - [2025-04-13T15:30:08.133+0000] {dag.py:3823} INFO - Setting next_dagrun for example_branch_operator to 2025-04-12 00:00:00+00:00, run_after=2025-04-13 00:00:00+00:00
[2025-04-13T15:30:08.187+0000] {processor.py:183} INFO - Processing /home/airflow/.local/lib/python3.8/site-packages/airflow/example_dags/example_branch_operator.py took 0.177 seconds
[2025-04-13T15:30:38.371+0000] {processor.py:161} INFO - Started process (PID=1323) to work on /home/airflow/.local/lib/python3.8/site-packages/airflow/example_dags/example_branch_operator.py
[2025-04-13T15:30:38.372+0000] {processor.py:830} INFO - Processing file /home/airflow/.local/lib/python3.8/site-packages/airflow/example_dags/example_branch_operator.py for tasks to queue
[2025-04-13T15:30:38.375+0000] {logging_mixin.py:188} INFO - [2025-04-13T15:30:38.375+0000] {dagbag.py:538} INFO - Filling up the DagBag from /home/airflow/.local/lib/python3.8/site-packages/airflow/example_dags/example_branch_operator.py
[2025-04-13T15:30:38.397+0000] {processor.py:840} INFO - DAG(s) 'example_branch_operator' retrieved from /home/airflow/.local/lib/python3.8/site-packages/airflow/example_dags/example_branch_operator.py
[2025-04-13T15:30:38.429+0000] {logging_mixin.py:188} INFO - [2025-04-13T15:30:38.429+0000] {dag.py:3036} INFO - Sync 1 DAGs
[2025-04-13T15:30:38.460+0000] {logging_mixin.py:188} INFO - [2025-04-13T15:30:38.460+0000] {dag.py:3823} INFO - Setting next_dagrun for example_branch_operator to 2025-04-12 00:00:00+00:00, run_after=2025-04-13 00:00:00+00:00
[2025-04-13T15:30:38.484+0000] {processor.py:183} INFO - Processing /home/airflow/.local/lib/python3.8/site-packages/airflow/example_dags/example_branch_operator.py took 0.117 seconds
[2025-04-13T15:31:08.956+0000] {processor.py:161} INFO - Started process (PID=1379) to work on /home/airflow/.local/lib/python3.8/site-packages/airflow/example_dags/example_branch_operator.py
[2025-04-13T15:31:08.957+0000] {processor.py:830} INFO - Processing file /home/airflow/.local/lib/python3.8/site-packages/airflow/example_dags/example_branch_operator.py for tasks to queue
[2025-04-13T15:31:08.959+0000] {logging_mixin.py:188} INFO - [2025-04-13T15:31:08.959+0000] {dagbag.py:538} INFO - Filling up the DagBag from /home/airflow/.local/lib/python3.8/site-packages/airflow/example_dags/example_branch_operator.py
[2025-04-13T15:31:08.977+0000] {processor.py:840} INFO - DAG(s) 'example_branch_operator' retrieved from /home/airflow/.local/lib/python3.8/site-packages/airflow/example_dags/example_branch_operator.py
[2025-04-13T15:31:09.006+0000] {logging_mixin.py:188} INFO - [2025-04-13T15:31:09.006+0000] {dag.py:3036} INFO - Sync 1 DAGs
[2025-04-13T15:31:09.031+0000] {logging_mixin.py:188} INFO - [2025-04-13T15:31:09.031+0000] {dag.py:3823} INFO - Setting next_dagrun for example_branch_operator to 2025-04-12 00:00:00+00:00, run_after=2025-04-13 00:00:00+00:00
[2025-04-13T15:31:09.056+0000] {processor.py:183} INFO - Processing /home/airflow/.local/lib/python3.8/site-packages/airflow/example_dags/example_branch_operator.py took 0.105 seconds
[2025-04-13T15:31:39.649+0000] {processor.py:161} INFO - Started process (PID=1435) to work on /home/airflow/.local/lib/python3.8/site-packages/airflow/example_dags/example_branch_operator.py
[2025-04-13T15:31:39.653+0000] {processor.py:830} INFO - Processing file /home/airflow/.local/lib/python3.8/site-packages/airflow/example_dags/example_branch_operator.py for tasks to queue
[2025-04-13T15:31:39.662+0000] {logging_mixin.py:188} INFO - [2025-04-13T15:31:39.661+0000] {dagbag.py:538} INFO - Filling up the DagBag from /home/airflow/.local/lib/python3.8/site-packages/airflow/example_dags/example_branch_operator.py
[2025-04-13T15:31:39.727+0000] {processor.py:840} INFO - DAG(s) 'example_branch_operator' retrieved from /home/airflow/.local/lib/python3.8/site-packages/airflow/example_dags/example_branch_operator.py
[2025-04-13T15:31:39.815+0000] {logging_mixin.py:188} INFO - [2025-04-13T15:31:39.815+0000] {dag.py:3036} INFO - Sync 1 DAGs
[2025-04-13T15:31:39.885+0000] {logging_mixin.py:188} INFO - [2025-04-13T15:31:39.885+0000] {dag.py:3823} INFO - Setting next_dagrun for example_branch_operator to 2025-04-12 00:00:00+00:00, run_after=2025-04-13 00:00:00+00:00
[2025-04-13T15:31:39.930+0000] {processor.py:183} INFO - Processing /home/airflow/.local/lib/python3.8/site-packages/airflow/example_dags/example_branch_operator.py took 0.285 seconds
[2025-04-13T15:32:10.426+0000] {processor.py:161} INFO - Started process (PID=1491) to work on /home/airflow/.local/lib/python3.8/site-packages/airflow/example_dags/example_branch_operator.py
[2025-04-13T15:32:10.428+0000] {processor.py:830} INFO - Processing file /home/airflow/.local/lib/python3.8/site-packages/airflow/example_dags/example_branch_operator.py for tasks to queue
[2025-04-13T15:32:10.430+0000] {logging_mixin.py:188} INFO - [2025-04-13T15:32:10.430+0000] {dagbag.py:538} INFO - Filling up the DagBag from /home/airflow/.local/lib/python3.8/site-packages/airflow/example_dags/example_branch_operator.py
[2025-04-13T15:32:10.451+0000] {processor.py:840} INFO - DAG(s) 'example_branch_operator' retrieved from /home/airflow/.local/lib/python3.8/site-packages/airflow/example_dags/example_branch_operator.py
[2025-04-13T15:32:10.482+0000] {logging_mixin.py:188} INFO - [2025-04-13T15:32:10.482+0000] {dag.py:3036} INFO - Sync 1 DAGs
[2025-04-13T15:32:10.508+0000] {logging_mixin.py:188} INFO - [2025-04-13T15:32:10.507+0000] {dag.py:3823} INFO - Setting next_dagrun for example_branch_operator to 2025-04-12 00:00:00+00:00, run_after=2025-04-13 00:00:00+00:00
[2025-04-13T15:32:10.531+0000] {processor.py:183} INFO - Processing /home/airflow/.local/lib/python3.8/site-packages/airflow/example_dags/example_branch_operator.py took 0.108 seconds
[2025-04-13T15:32:41.037+0000] {processor.py:161} INFO - Started process (PID=1548) to work on /home/airflow/.local/lib/python3.8/site-packages/airflow/example_dags/example_branch_operator.py
[2025-04-13T15:32:41.039+0000] {processor.py:830} INFO - Processing file /home/airflow/.local/lib/python3.8/site-packages/airflow/example_dags/example_branch_operator.py for tasks to queue
[2025-04-13T15:32:41.041+0000] {logging_mixin.py:188} INFO - [2025-04-13T15:32:41.040+0000] {dagbag.py:538} INFO - Filling up the DagBag from /home/airflow/.local/lib/python3.8/site-packages/airflow/example_dags/example_branch_operator.py
[2025-04-13T15:32:41.058+0000] {processor.py:840} INFO - DAG(s) 'example_branch_operator' retrieved from /home/airflow/.local/lib/python3.8/site-packages/airflow/example_dags/example_branch_operator.py
[2025-04-13T15:32:41.086+0000] {logging_mixin.py:188} INFO - [2025-04-13T15:32:41.086+0000] {dag.py:3036} INFO - Sync 1 DAGs
[2025-04-13T15:32:41.108+0000] {logging_mixin.py:188} INFO - [2025-04-13T15:32:41.107+0000] {dag.py:3823} INFO - Setting next_dagrun for example_branch_operator to 2025-04-12 00:00:00+00:00, run_after=2025-04-13 00:00:00+00:00
[2025-04-13T15:32:41.129+0000] {processor.py:183} INFO - Processing /home/airflow/.local/lib/python3.8/site-packages/airflow/example_dags/example_branch_operator.py took 0.095 seconds
[2025-04-13T15:33:11.435+0000] {processor.py:161} INFO - Started process (PID=1604) to work on /home/airflow/.local/lib/python3.8/site-packages/airflow/example_dags/example_branch_operator.py
[2025-04-13T15:33:11.437+0000] {processor.py:830} INFO - Processing file /home/airflow/.local/lib/python3.8/site-packages/airflow/example_dags/example_branch_operator.py for tasks to queue
[2025-04-13T15:33:11.439+0000] {logging_mixin.py:188} INFO - [2025-04-13T15:33:11.438+0000] {dagbag.py:538} INFO - Filling up the DagBag from /home/airflow/.local/lib/python3.8/site-packages/airflow/example_dags/example_branch_operator.py
[2025-04-13T15:33:11.455+0000] {processor.py:840} INFO - DAG(s) 'example_branch_operator' retrieved from /home/airflow/.local/lib/python3.8/site-packages/airflow/example_dags/example_branch_operator.py
[2025-04-13T15:33:11.483+0000] {logging_mixin.py:188} INFO - [2025-04-13T15:33:11.483+0000] {dag.py:3036} INFO - Sync 1 DAGs
[2025-04-13T15:33:11.506+0000] {logging_mixin.py:188} INFO - [2025-04-13T15:33:11.506+0000] {dag.py:3823} INFO - Setting next_dagrun for example_branch_operator to 2025-04-12 00:00:00+00:00, run_after=2025-04-13 00:00:00+00:00
[2025-04-13T15:33:11.529+0000] {processor.py:183} INFO - Processing /home/airflow/.local/lib/python3.8/site-packages/airflow/example_dags/example_branch_operator.py took 0.097 seconds
[2025-04-13T15:33:43.086+0000] {processor.py:161} INFO - Started process (PID=1658) to work on /home/airflow/.local/lib/python3.8/site-packages/airflow/example_dags/example_branch_operator.py
[2025-04-13T15:33:43.088+0000] {processor.py:830} INFO - Processing file /home/airflow/.local/lib/python3.8/site-packages/airflow/example_dags/example_branch_operator.py for tasks to queue
[2025-04-13T15:33:43.090+0000] {logging_mixin.py:188} INFO - [2025-04-13T15:33:43.089+0000] {dagbag.py:538} INFO - Filling up the DagBag from /home/airflow/.local/lib/python3.8/site-packages/airflow/example_dags/example_branch_operator.py
[2025-04-13T15:33:43.110+0000] {processor.py:840} INFO - DAG(s) 'example_branch_operator' retrieved from /home/airflow/.local/lib/python3.8/site-packages/airflow/example_dags/example_branch_operator.py
[2025-04-13T15:33:43.144+0000] {logging_mixin.py:188} INFO - [2025-04-13T15:33:43.143+0000] {dag.py:3036} INFO - Sync 1 DAGs
[2025-04-13T15:33:43.175+0000] {logging_mixin.py:188} INFO - [2025-04-13T15:33:43.175+0000] {dag.py:3823} INFO - Setting next_dagrun for example_branch_operator to 2025-04-12 00:00:00+00:00, run_after=2025-04-13 00:00:00+00:00
[2025-04-13T15:33:43.201+0000] {processor.py:183} INFO - Processing /home/airflow/.local/lib/python3.8/site-packages/airflow/example_dags/example_branch_operator.py took 0.119 seconds
[2025-04-13T15:34:15.523+0000] {processor.py:161} INFO - Started process (PID=1713) to work on /home/airflow/.local/lib/python3.8/site-packages/airflow/example_dags/example_branch_operator.py
[2025-04-13T15:34:15.525+0000] {processor.py:830} INFO - Processing file /home/airflow/.local/lib/python3.8/site-packages/airflow/example_dags/example_branch_operator.py for tasks to queue
[2025-04-13T15:34:15.531+0000] {logging_mixin.py:188} INFO - [2025-04-13T15:34:15.530+0000] {dagbag.py:538} INFO - Filling up the DagBag from /home/airflow/.local/lib/python3.8/site-packages/airflow/example_dags/example_branch_operator.py
[2025-04-13T15:34:15.575+0000] {processor.py:840} INFO - DAG(s) 'example_branch_operator' retrieved from /home/airflow/.local/lib/python3.8/site-packages/airflow/example_dags/example_branch_operator.py
[2025-04-13T15:34:15.626+0000] {logging_mixin.py:188} INFO - [2025-04-13T15:34:15.626+0000] {dag.py:3036} INFO - Sync 1 DAGs
[2025-04-13T15:34:15.655+0000] {logging_mixin.py:188} INFO - [2025-04-13T15:34:15.655+0000] {dag.py:3823} INFO - Setting next_dagrun for example_branch_operator to 2025-04-12 00:00:00+00:00, run_after=2025-04-13 00:00:00+00:00
[2025-04-13T15:34:15.677+0000] {processor.py:183} INFO - Processing /home/airflow/.local/lib/python3.8/site-packages/airflow/example_dags/example_branch_operator.py took 0.159 seconds
[2025-04-13T15:34:48.175+0000] {processor.py:161} INFO - Started process (PID=1769) to work on /home/airflow/.local/lib/python3.8/site-packages/airflow/example_dags/example_branch_operator.py
[2025-04-13T15:34:48.176+0000] {processor.py:830} INFO - Processing file /home/airflow/.local/lib/python3.8/site-packages/airflow/example_dags/example_branch_operator.py for tasks to queue
[2025-04-13T15:34:48.179+0000] {logging_mixin.py:188} INFO - [2025-04-13T15:34:48.178+0000] {dagbag.py:538} INFO - Filling up the DagBag from /home/airflow/.local/lib/python3.8/site-packages/airflow/example_dags/example_branch_operator.py
[2025-04-13T15:34:48.202+0000] {processor.py:840} INFO - DAG(s) 'example_branch_operator' retrieved from /home/airflow/.local/lib/python3.8/site-packages/airflow/example_dags/example_branch_operator.py
[2025-04-13T15:34:48.230+0000] {logging_mixin.py:188} INFO - [2025-04-13T15:34:48.230+0000] {dag.py:3036} INFO - Sync 1 DAGs
[2025-04-13T15:34:48.254+0000] {logging_mixin.py:188} INFO - [2025-04-13T15:34:48.254+0000] {dag.py:3823} INFO - Setting next_dagrun for example_branch_operator to 2025-04-12 00:00:00+00:00, run_after=2025-04-13 00:00:00+00:00
[2025-04-13T15:34:48.278+0000] {processor.py:183} INFO - Processing /home/airflow/.local/lib/python3.8/site-packages/airflow/example_dags/example_branch_operator.py took 0.106 seconds
[2025-04-13T15:35:20.696+0000] {processor.py:161} INFO - Started process (PID=1823) to work on /home/airflow/.local/lib/python3.8/site-packages/airflow/example_dags/example_branch_operator.py
[2025-04-13T15:35:20.698+0000] {processor.py:830} INFO - Processing file /home/airflow/.local/lib/python3.8/site-packages/airflow/example_dags/example_branch_operator.py for tasks to queue
[2025-04-13T15:35:20.702+0000] {logging_mixin.py:188} INFO - [2025-04-13T15:35:20.701+0000] {dagbag.py:538} INFO - Filling up the DagBag from /home/airflow/.local/lib/python3.8/site-packages/airflow/example_dags/example_branch_operator.py
[2025-04-13T15:35:20.731+0000] {processor.py:840} INFO - DAG(s) 'example_branch_operator' retrieved from /home/airflow/.local/lib/python3.8/site-packages/airflow/example_dags/example_branch_operator.py
[2025-04-13T15:35:20.769+0000] {logging_mixin.py:188} INFO - [2025-04-13T15:35:20.769+0000] {dag.py:3036} INFO - Sync 1 DAGs
[2025-04-13T15:35:20.802+0000] {logging_mixin.py:188} INFO - [2025-04-13T15:35:20.802+0000] {dag.py:3823} INFO - Setting next_dagrun for example_branch_operator to 2025-04-12 00:00:00+00:00, run_after=2025-04-13 00:00:00+00:00
[2025-04-13T15:35:20.831+0000] {processor.py:183} INFO - Processing /home/airflow/.local/lib/python3.8/site-packages/airflow/example_dags/example_branch_operator.py took 0.140 seconds
[2025-04-13T15:35:53.086+0000] {processor.py:161} INFO - Started process (PID=1876) to work on /home/airflow/.local/lib/python3.8/site-packages/airflow/example_dags/example_branch_operator.py
[2025-04-13T15:35:53.088+0000] {processor.py:830} INFO - Processing file /home/airflow/.local/lib/python3.8/site-packages/airflow/example_dags/example_branch_operator.py for tasks to queue
[2025-04-13T15:35:53.090+0000] {logging_mixin.py:188} INFO - [2025-04-13T15:35:53.090+0000] {dagbag.py:538} INFO - Filling up the DagBag from /home/airflow/.local/lib/python3.8/site-packages/airflow/example_dags/example_branch_operator.py
[2025-04-13T15:35:53.110+0000] {processor.py:840} INFO - DAG(s) 'example_branch_operator' retrieved from /home/airflow/.local/lib/python3.8/site-packages/airflow/example_dags/example_branch_operator.py
[2025-04-13T15:35:53.144+0000] {logging_mixin.py:188} INFO - [2025-04-13T15:35:53.144+0000] {dag.py:3036} INFO - Sync 1 DAGs
[2025-04-13T15:35:53.180+0000] {logging_mixin.py:188} INFO - [2025-04-13T15:35:53.179+0000] {dag.py:3823} INFO - Setting next_dagrun for example_branch_operator to 2025-04-12 00:00:00+00:00, run_after=2025-04-13 00:00:00+00:00
[2025-04-13T15:35:53.204+0000] {processor.py:183} INFO - Processing /home/airflow/.local/lib/python3.8/site-packages/airflow/example_dags/example_branch_operator.py took 0.122 seconds
[2025-04-13T15:36:25.991+0000] {processor.py:161} INFO - Started process (PID=1932) to work on /home/airflow/.local/lib/python3.8/site-packages/airflow/example_dags/example_branch_operator.py
[2025-04-13T15:36:25.992+0000] {processor.py:830} INFO - Processing file /home/airflow/.local/lib/python3.8/site-packages/airflow/example_dags/example_branch_operator.py for tasks to queue
[2025-04-13T15:36:25.995+0000] {logging_mixin.py:188} INFO - [2025-04-13T15:36:25.995+0000] {dagbag.py:538} INFO - Filling up the DagBag from /home/airflow/.local/lib/python3.8/site-packages/airflow/example_dags/example_branch_operator.py
[2025-04-13T15:36:26.015+0000] {processor.py:840} INFO - DAG(s) 'example_branch_operator' retrieved from /home/airflow/.local/lib/python3.8/site-packages/airflow/example_dags/example_branch_operator.py
[2025-04-13T15:36:26.049+0000] {logging_mixin.py:188} INFO - [2025-04-13T15:36:26.049+0000] {dag.py:3036} INFO - Sync 1 DAGs
[2025-04-13T15:36:26.076+0000] {logging_mixin.py:188} INFO - [2025-04-13T15:36:26.076+0000] {dag.py:3823} INFO - Setting next_dagrun for example_branch_operator to 2025-04-12 00:00:00+00:00, run_after=2025-04-13 00:00:00+00:00
[2025-04-13T15:36:26.100+0000] {processor.py:183} INFO - Processing /home/airflow/.local/lib/python3.8/site-packages/airflow/example_dags/example_branch_operator.py took 0.112 seconds
[2025-04-13T15:36:58.384+0000] {processor.py:161} INFO - Started process (PID=1988) to work on /home/airflow/.local/lib/python3.8/site-packages/airflow/example_dags/example_branch_operator.py
[2025-04-13T15:36:58.385+0000] {processor.py:830} INFO - Processing file /home/airflow/.local/lib/python3.8/site-packages/airflow/example_dags/example_branch_operator.py for tasks to queue
[2025-04-13T15:36:58.388+0000] {logging_mixin.py:188} INFO - [2025-04-13T15:36:58.388+0000] {dagbag.py:538} INFO - Filling up the DagBag from /home/airflow/.local/lib/python3.8/site-packages/airflow/example_dags/example_branch_operator.py
[2025-04-13T15:36:58.413+0000] {processor.py:840} INFO - DAG(s) 'example_branch_operator' retrieved from /home/airflow/.local/lib/python3.8/site-packages/airflow/example_dags/example_branch_operator.py
[2025-04-13T15:36:58.443+0000] {logging_mixin.py:188} INFO - [2025-04-13T15:36:58.443+0000] {dag.py:3036} INFO - Sync 1 DAGs
[2025-04-13T15:36:58.472+0000] {logging_mixin.py:188} INFO - [2025-04-13T15:36:58.472+0000] {dag.py:3823} INFO - Setting next_dagrun for example_branch_operator to 2025-04-12 00:00:00+00:00, run_after=2025-04-13 00:00:00+00:00
[2025-04-13T15:36:58.494+0000] {processor.py:183} INFO - Processing /home/airflow/.local/lib/python3.8/site-packages/airflow/example_dags/example_branch_operator.py took 0.115 seconds
[2025-04-13T15:37:31.453+0000] {processor.py:161} INFO - Started process (PID=2044) to work on /home/airflow/.local/lib/python3.8/site-packages/airflow/example_dags/example_branch_operator.py
[2025-04-13T15:37:31.454+0000] {processor.py:830} INFO - Processing file /home/airflow/.local/lib/python3.8/site-packages/airflow/example_dags/example_branch_operator.py for tasks to queue
[2025-04-13T15:37:31.457+0000] {logging_mixin.py:188} INFO - [2025-04-13T15:37:31.456+0000] {dagbag.py:538} INFO - Filling up the DagBag from /home/airflow/.local/lib/python3.8/site-packages/airflow/example_dags/example_branch_operator.py
[2025-04-13T15:37:31.485+0000] {processor.py:840} INFO - DAG(s) 'example_branch_operator' retrieved from /home/airflow/.local/lib/python3.8/site-packages/airflow/example_dags/example_branch_operator.py
[2025-04-13T15:37:31.530+0000] {logging_mixin.py:188} INFO - [2025-04-13T15:37:31.530+0000] {dag.py:3036} INFO - Sync 1 DAGs
[2025-04-13T15:37:31.563+0000] {logging_mixin.py:188} INFO - [2025-04-13T15:37:31.562+0000] {dag.py:3823} INFO - Setting next_dagrun for example_branch_operator to 2025-04-12 00:00:00+00:00, run_after=2025-04-13 00:00:00+00:00
[2025-04-13T15:37:31.588+0000] {processor.py:183} INFO - Processing /home/airflow/.local/lib/python3.8/site-packages/airflow/example_dags/example_branch_operator.py took 0.138 seconds
[2025-04-13T15:38:04.203+0000] {processor.py:161} INFO - Started process (PID=2100) to work on /home/airflow/.local/lib/python3.8/site-packages/airflow/example_dags/example_branch_operator.py
[2025-04-13T15:38:04.205+0000] {processor.py:830} INFO - Processing file /home/airflow/.local/lib/python3.8/site-packages/airflow/example_dags/example_branch_operator.py for tasks to queue
[2025-04-13T15:38:04.208+0000] {logging_mixin.py:188} INFO - [2025-04-13T15:38:04.207+0000] {dagbag.py:538} INFO - Filling up the DagBag from /home/airflow/.local/lib/python3.8/site-packages/airflow/example_dags/example_branch_operator.py
[2025-04-13T15:38:04.233+0000] {processor.py:840} INFO - DAG(s) 'example_branch_operator' retrieved from /home/airflow/.local/lib/python3.8/site-packages/airflow/example_dags/example_branch_operator.py
[2025-04-13T15:38:04.303+0000] {logging_mixin.py:188} INFO - [2025-04-13T15:38:04.303+0000] {dag.py:3036} INFO - Sync 1 DAGs
[2025-04-13T15:38:04.356+0000] {logging_mixin.py:188} INFO - [2025-04-13T15:38:04.356+0000] {dag.py:3823} INFO - Setting next_dagrun for example_branch_operator to 2025-04-12 00:00:00+00:00, run_after=2025-04-13 00:00:00+00:00
[2025-04-13T15:38:04.394+0000] {processor.py:183} INFO - Processing /home/airflow/.local/lib/python3.8/site-packages/airflow/example_dags/example_branch_operator.py took 0.195 seconds
[2025-04-13T15:38:36.475+0000] {processor.py:161} INFO - Started process (PID=2156) to work on /home/airflow/.local/lib/python3.8/site-packages/airflow/example_dags/example_branch_operator.py
[2025-04-13T15:38:36.477+0000] {processor.py:830} INFO - Processing file /home/airflow/.local/lib/python3.8/site-packages/airflow/example_dags/example_branch_operator.py for tasks to queue
[2025-04-13T15:38:36.479+0000] {logging_mixin.py:188} INFO - [2025-04-13T15:38:36.479+0000] {dagbag.py:538} INFO - Filling up the DagBag from /home/airflow/.local/lib/python3.8/site-packages/airflow/example_dags/example_branch_operator.py
[2025-04-13T15:38:36.506+0000] {processor.py:840} INFO - DAG(s) 'example_branch_operator' retrieved from /home/airflow/.local/lib/python3.8/site-packages/airflow/example_dags/example_branch_operator.py
[2025-04-13T15:38:36.545+0000] {logging_mixin.py:188} INFO - [2025-04-13T15:38:36.545+0000] {dag.py:3036} INFO - Sync 1 DAGs
[2025-04-13T15:38:36.581+0000] {logging_mixin.py:188} INFO - [2025-04-13T15:38:36.581+0000] {dag.py:3823} INFO - Setting next_dagrun for example_branch_operator to 2025-04-12 00:00:00+00:00, run_after=2025-04-13 00:00:00+00:00
[2025-04-13T15:38:36.609+0000] {processor.py:183} INFO - Processing /home/airflow/.local/lib/python3.8/site-packages/airflow/example_dags/example_branch_operator.py took 0.137 seconds
[2025-04-13T15:39:09.596+0000] {processor.py:161} INFO - Started process (PID=2212) to work on /home/airflow/.local/lib/python3.8/site-packages/airflow/example_dags/example_branch_operator.py
[2025-04-13T15:39:09.598+0000] {processor.py:830} INFO - Processing file /home/airflow/.local/lib/python3.8/site-packages/airflow/example_dags/example_branch_operator.py for tasks to queue
[2025-04-13T15:39:09.600+0000] {logging_mixin.py:188} INFO - [2025-04-13T15:39:09.600+0000] {dagbag.py:538} INFO - Filling up the DagBag from /home/airflow/.local/lib/python3.8/site-packages/airflow/example_dags/example_branch_operator.py
[2025-04-13T15:39:09.619+0000] {processor.py:840} INFO - DAG(s) 'example_branch_operator' retrieved from /home/airflow/.local/lib/python3.8/site-packages/airflow/example_dags/example_branch_operator.py
[2025-04-13T15:39:09.656+0000] {logging_mixin.py:188} INFO - [2025-04-13T15:39:09.655+0000] {dag.py:3036} INFO - Sync 1 DAGs
[2025-04-13T15:39:09.686+0000] {logging_mixin.py:188} INFO - [2025-04-13T15:39:09.686+0000] {dag.py:3823} INFO - Setting next_dagrun for example_branch_operator to 2025-04-12 00:00:00+00:00, run_after=2025-04-13 00:00:00+00:00
[2025-04-13T15:39:09.709+0000] {processor.py:183} INFO - Processing /home/airflow/.local/lib/python3.8/site-packages/airflow/example_dags/example_branch_operator.py took 0.116 seconds
[2025-04-13T15:39:42.381+0000] {processor.py:161} INFO - Started process (PID=2268) to work on /home/airflow/.local/lib/python3.8/site-packages/airflow/example_dags/example_branch_operator.py
[2025-04-13T15:39:42.383+0000] {processor.py:830} INFO - Processing file /home/airflow/.local/lib/python3.8/site-packages/airflow/example_dags/example_branch_operator.py for tasks to queue
[2025-04-13T15:39:42.386+0000] {logging_mixin.py:188} INFO - [2025-04-13T15:39:42.385+0000] {dagbag.py:538} INFO - Filling up the DagBag from /home/airflow/.local/lib/python3.8/site-packages/airflow/example_dags/example_branch_operator.py
[2025-04-13T15:39:42.411+0000] {processor.py:840} INFO - DAG(s) 'example_branch_operator' retrieved from /home/airflow/.local/lib/python3.8/site-packages/airflow/example_dags/example_branch_operator.py
[2025-04-13T15:39:42.442+0000] {logging_mixin.py:188} INFO - [2025-04-13T15:39:42.441+0000] {dag.py:3036} INFO - Sync 1 DAGs
[2025-04-13T15:39:42.470+0000] {logging_mixin.py:188} INFO - [2025-04-13T15:39:42.470+0000] {dag.py:3823} INFO - Setting next_dagrun for example_branch_operator to 2025-04-12 00:00:00+00:00, run_after=2025-04-13 00:00:00+00:00
[2025-04-13T15:39:42.497+0000] {processor.py:183} INFO - Processing /home/airflow/.local/lib/python3.8/site-packages/airflow/example_dags/example_branch_operator.py took 0.121 seconds
[2025-04-13T15:40:14.757+0000] {processor.py:161} INFO - Started process (PID=2324) to work on /home/airflow/.local/lib/python3.8/site-packages/airflow/example_dags/example_branch_operator.py
[2025-04-13T15:40:14.758+0000] {processor.py:830} INFO - Processing file /home/airflow/.local/lib/python3.8/site-packages/airflow/example_dags/example_branch_operator.py for tasks to queue
[2025-04-13T15:40:14.760+0000] {logging_mixin.py:188} INFO - [2025-04-13T15:40:14.759+0000] {dagbag.py:538} INFO - Filling up the DagBag from /home/airflow/.local/lib/python3.8/site-packages/airflow/example_dags/example_branch_operator.py
[2025-04-13T15:40:14.778+0000] {processor.py:840} INFO - DAG(s) 'example_branch_operator' retrieved from /home/airflow/.local/lib/python3.8/site-packages/airflow/example_dags/example_branch_operator.py
[2025-04-13T15:40:14.814+0000] {logging_mixin.py:188} INFO - [2025-04-13T15:40:14.813+0000] {dag.py:3036} INFO - Sync 1 DAGs
[2025-04-13T15:40:14.844+0000] {logging_mixin.py:188} INFO - [2025-04-13T15:40:14.843+0000] {dag.py:3823} INFO - Setting next_dagrun for example_branch_operator to 2025-04-12 00:00:00+00:00, run_after=2025-04-13 00:00:00+00:00
[2025-04-13T15:40:14.870+0000] {processor.py:183} INFO - Processing /home/airflow/.local/lib/python3.8/site-packages/airflow/example_dags/example_branch_operator.py took 0.117 seconds
[2025-04-13T15:40:47.528+0000] {processor.py:161} INFO - Started process (PID=2380) to work on /home/airflow/.local/lib/python3.8/site-packages/airflow/example_dags/example_branch_operator.py
[2025-04-13T15:40:47.530+0000] {processor.py:830} INFO - Processing file /home/airflow/.local/lib/python3.8/site-packages/airflow/example_dags/example_branch_operator.py for tasks to queue
[2025-04-13T15:40:47.533+0000] {logging_mixin.py:188} INFO - [2025-04-13T15:40:47.532+0000] {dagbag.py:538} INFO - Filling up the DagBag from /home/airflow/.local/lib/python3.8/site-packages/airflow/example_dags/example_branch_operator.py
[2025-04-13T15:40:47.559+0000] {processor.py:840} INFO - DAG(s) 'example_branch_operator' retrieved from /home/airflow/.local/lib/python3.8/site-packages/airflow/example_dags/example_branch_operator.py
[2025-04-13T15:40:47.594+0000] {logging_mixin.py:188} INFO - [2025-04-13T15:40:47.594+0000] {dag.py:3036} INFO - Sync 1 DAGs
[2025-04-13T15:40:47.624+0000] {logging_mixin.py:188} INFO - [2025-04-13T15:40:47.624+0000] {dag.py:3823} INFO - Setting next_dagrun for example_branch_operator to 2025-04-12 00:00:00+00:00, run_after=2025-04-13 00:00:00+00:00
[2025-04-13T15:40:47.647+0000] {processor.py:183} INFO - Processing /home/airflow/.local/lib/python3.8/site-packages/airflow/example_dags/example_branch_operator.py took 0.124 seconds
[2025-04-13T15:41:20.333+0000] {processor.py:161} INFO - Started process (PID=2436) to work on /home/airflow/.local/lib/python3.8/site-packages/airflow/example_dags/example_branch_operator.py
[2025-04-13T15:41:20.334+0000] {processor.py:830} INFO - Processing file /home/airflow/.local/lib/python3.8/site-packages/airflow/example_dags/example_branch_operator.py for tasks to queue
[2025-04-13T15:41:20.336+0000] {logging_mixin.py:188} INFO - [2025-04-13T15:41:20.336+0000] {dagbag.py:538} INFO - Filling up the DagBag from /home/airflow/.local/lib/python3.8/site-packages/airflow/example_dags/example_branch_operator.py
[2025-04-13T15:41:20.360+0000] {processor.py:840} INFO - DAG(s) 'example_branch_operator' retrieved from /home/airflow/.local/lib/python3.8/site-packages/airflow/example_dags/example_branch_operator.py
[2025-04-13T15:41:20.397+0000] {logging_mixin.py:188} INFO - [2025-04-13T15:41:20.396+0000] {dag.py:3036} INFO - Sync 1 DAGs
[2025-04-13T15:41:20.427+0000] {logging_mixin.py:188} INFO - [2025-04-13T15:41:20.426+0000] {dag.py:3823} INFO - Setting next_dagrun for example_branch_operator to 2025-04-12 00:00:00+00:00, run_after=2025-04-13 00:00:00+00:00
[2025-04-13T15:41:20.453+0000] {processor.py:183} INFO - Processing /home/airflow/.local/lib/python3.8/site-packages/airflow/example_dags/example_branch_operator.py took 0.124 seconds
[2025-04-13T15:41:53.165+0000] {processor.py:161} INFO - Started process (PID=2492) to work on /home/airflow/.local/lib/python3.8/site-packages/airflow/example_dags/example_branch_operator.py
[2025-04-13T15:41:53.166+0000] {processor.py:830} INFO - Processing file /home/airflow/.local/lib/python3.8/site-packages/airflow/example_dags/example_branch_operator.py for tasks to queue
[2025-04-13T15:41:53.168+0000] {logging_mixin.py:188} INFO - [2025-04-13T15:41:53.168+0000] {dagbag.py:538} INFO - Filling up the DagBag from /home/airflow/.local/lib/python3.8/site-packages/airflow/example_dags/example_branch_operator.py
[2025-04-13T15:41:53.189+0000] {processor.py:840} INFO - DAG(s) 'example_branch_operator' retrieved from /home/airflow/.local/lib/python3.8/site-packages/airflow/example_dags/example_branch_operator.py
[2025-04-13T15:41:53.232+0000] {logging_mixin.py:188} INFO - [2025-04-13T15:41:53.231+0000] {dag.py:3036} INFO - Sync 1 DAGs
[2025-04-13T15:41:53.267+0000] {logging_mixin.py:188} INFO - [2025-04-13T15:41:53.266+0000] {dag.py:3823} INFO - Setting next_dagrun for example_branch_operator to 2025-04-12 00:00:00+00:00, run_after=2025-04-13 00:00:00+00:00
[2025-04-13T15:41:53.292+0000] {processor.py:183} INFO - Processing /home/airflow/.local/lib/python3.8/site-packages/airflow/example_dags/example_branch_operator.py took 0.131 seconds
[2025-04-13T15:42:26.089+0000] {processor.py:161} INFO - Started process (PID=2548) to work on /home/airflow/.local/lib/python3.8/site-packages/airflow/example_dags/example_branch_operator.py
[2025-04-13T15:42:26.090+0000] {processor.py:830} INFO - Processing file /home/airflow/.local/lib/python3.8/site-packages/airflow/example_dags/example_branch_operator.py for tasks to queue
[2025-04-13T15:42:26.093+0000] {logging_mixin.py:188} INFO - [2025-04-13T15:42:26.092+0000] {dagbag.py:538} INFO - Filling up the DagBag from /home/airflow/.local/lib/python3.8/site-packages/airflow/example_dags/example_branch_operator.py
[2025-04-13T15:42:26.115+0000] {processor.py:840} INFO - DAG(s) 'example_branch_operator' retrieved from /home/airflow/.local/lib/python3.8/site-packages/airflow/example_dags/example_branch_operator.py
[2025-04-13T15:42:26.151+0000] {logging_mixin.py:188} INFO - [2025-04-13T15:42:26.151+0000] {dag.py:3036} INFO - Sync 1 DAGs
[2025-04-13T15:42:26.322+0000] {logging_mixin.py:188} INFO - [2025-04-13T15:42:26.321+0000] {dag.py:3823} INFO - Setting next_dagrun for example_branch_operator to 2025-04-12 00:00:00+00:00, run_after=2025-04-13 00:00:00+00:00
[2025-04-13T15:42:26.352+0000] {processor.py:183} INFO - Processing /home/airflow/.local/lib/python3.8/site-packages/airflow/example_dags/example_branch_operator.py took 0.266 seconds
[2025-04-13T15:42:58.324+0000] {processor.py:161} INFO - Started process (PID=2604) to work on /home/airflow/.local/lib/python3.8/site-packages/airflow/example_dags/example_branch_operator.py
[2025-04-13T15:42:58.325+0000] {processor.py:830} INFO - Processing file /home/airflow/.local/lib/python3.8/site-packages/airflow/example_dags/example_branch_operator.py for tasks to queue
[2025-04-13T15:42:58.328+0000] {logging_mixin.py:188} INFO - [2025-04-13T15:42:58.327+0000] {dagbag.py:538} INFO - Filling up the DagBag from /home/airflow/.local/lib/python3.8/site-packages/airflow/example_dags/example_branch_operator.py
[2025-04-13T15:42:58.347+0000] {processor.py:840} INFO - DAG(s) 'example_branch_operator' retrieved from /home/airflow/.local/lib/python3.8/site-packages/airflow/example_dags/example_branch_operator.py
[2025-04-13T15:42:58.379+0000] {logging_mixin.py:188} INFO - [2025-04-13T15:42:58.379+0000] {dag.py:3036} INFO - Sync 1 DAGs
[2025-04-13T15:42:58.411+0000] {logging_mixin.py:188} INFO - [2025-04-13T15:42:58.411+0000] {dag.py:3823} INFO - Setting next_dagrun for example_branch_operator to 2025-04-12 00:00:00+00:00, run_after=2025-04-13 00:00:00+00:00
[2025-04-13T15:42:58.437+0000] {processor.py:183} INFO - Processing /home/airflow/.local/lib/python3.8/site-packages/airflow/example_dags/example_branch_operator.py took 0.118 seconds
[2025-04-13T15:43:31.120+0000] {processor.py:161} INFO - Started process (PID=2660) to work on /home/airflow/.local/lib/python3.8/site-packages/airflow/example_dags/example_branch_operator.py
[2025-04-13T15:43:31.121+0000] {processor.py:830} INFO - Processing file /home/airflow/.local/lib/python3.8/site-packages/airflow/example_dags/example_branch_operator.py for tasks to queue
[2025-04-13T15:43:31.123+0000] {logging_mixin.py:188} INFO - [2025-04-13T15:43:31.123+0000] {dagbag.py:538} INFO - Filling up the DagBag from /home/airflow/.local/lib/python3.8/site-packages/airflow/example_dags/example_branch_operator.py
[2025-04-13T15:43:31.146+0000] {processor.py:840} INFO - DAG(s) 'example_branch_operator' retrieved from /home/airflow/.local/lib/python3.8/site-packages/airflow/example_dags/example_branch_operator.py
[2025-04-13T15:43:31.200+0000] {logging_mixin.py:188} INFO - [2025-04-13T15:43:31.200+0000] {dag.py:3036} INFO - Sync 1 DAGs
[2025-04-13T15:43:31.228+0000] {logging_mixin.py:188} INFO - [2025-04-13T15:43:31.227+0000] {dag.py:3823} INFO - Setting next_dagrun for example_branch_operator to 2025-04-12 00:00:00+00:00, run_after=2025-04-13 00:00:00+00:00
[2025-04-13T15:43:31.253+0000] {processor.py:183} INFO - Processing /home/airflow/.local/lib/python3.8/site-packages/airflow/example_dags/example_branch_operator.py took 0.137 seconds
[2025-04-13T15:44:07.653+0000] {processor.py:161} INFO - Started process (PID=2716) to work on /home/airflow/.local/lib/python3.8/site-packages/airflow/example_dags/example_branch_operator.py
[2025-04-13T15:44:07.655+0000] {processor.py:830} INFO - Processing file /home/airflow/.local/lib/python3.8/site-packages/airflow/example_dags/example_branch_operator.py for tasks to queue
[2025-04-13T15:44:07.657+0000] {logging_mixin.py:188} INFO - [2025-04-13T15:44:07.657+0000] {dagbag.py:538} INFO - Filling up the DagBag from /home/airflow/.local/lib/python3.8/site-packages/airflow/example_dags/example_branch_operator.py
[2025-04-13T15:44:07.689+0000] {processor.py:840} INFO - DAG(s) 'example_branch_operator' retrieved from /home/airflow/.local/lib/python3.8/site-packages/airflow/example_dags/example_branch_operator.py
[2025-04-13T15:44:07.729+0000] {logging_mixin.py:188} INFO - [2025-04-13T15:44:07.729+0000] {dag.py:3036} INFO - Sync 1 DAGs
[2025-04-13T15:44:07.770+0000] {logging_mixin.py:188} INFO - [2025-04-13T15:44:07.770+0000] {dag.py:3823} INFO - Setting next_dagrun for example_branch_operator to 2025-04-12 00:00:00+00:00, run_after=2025-04-13 00:00:00+00:00
[2025-04-13T15:44:07.797+0000] {processor.py:183} INFO - Processing /home/airflow/.local/lib/python3.8/site-packages/airflow/example_dags/example_branch_operator.py took 0.153 seconds
[2025-04-13T15:44:42.342+0000] {processor.py:161} INFO - Started process (PID=2772) to work on /home/airflow/.local/lib/python3.8/site-packages/airflow/example_dags/example_branch_operator.py
[2025-04-13T15:44:42.344+0000] {processor.py:830} INFO - Processing file /home/airflow/.local/lib/python3.8/site-packages/airflow/example_dags/example_branch_operator.py for tasks to queue
[2025-04-13T15:44:42.346+0000] {logging_mixin.py:188} INFO - [2025-04-13T15:44:42.345+0000] {dagbag.py:538} INFO - Filling up the DagBag from /home/airflow/.local/lib/python3.8/site-packages/airflow/example_dags/example_branch_operator.py
[2025-04-13T15:44:42.371+0000] {processor.py:840} INFO - DAG(s) 'example_branch_operator' retrieved from /home/airflow/.local/lib/python3.8/site-packages/airflow/example_dags/example_branch_operator.py
[2025-04-13T15:44:42.650+0000] {logging_mixin.py:188} INFO - [2025-04-13T15:44:42.649+0000] {dag.py:3036} INFO - Sync 1 DAGs
[2025-04-13T15:44:42.686+0000] {logging_mixin.py:188} INFO - [2025-04-13T15:44:42.686+0000] {dag.py:3823} INFO - Setting next_dagrun for example_branch_operator to 2025-04-12 00:00:00+00:00, run_after=2025-04-13 00:00:00+00:00
[2025-04-13T15:44:42.711+0000] {processor.py:183} INFO - Processing /home/airflow/.local/lib/python3.8/site-packages/airflow/example_dags/example_branch_operator.py took 0.372 seconds
[2025-04-13T15:45:12.782+0000] {processor.py:161} INFO - Started process (PID=2827) to work on /home/airflow/.local/lib/python3.8/site-packages/airflow/example_dags/example_branch_operator.py
[2025-04-13T15:45:12.784+0000] {processor.py:830} INFO - Processing file /home/airflow/.local/lib/python3.8/site-packages/airflow/example_dags/example_branch_operator.py for tasks to queue
[2025-04-13T15:45:12.787+0000] {logging_mixin.py:188} INFO - [2025-04-13T15:45:12.786+0000] {dagbag.py:538} INFO - Filling up the DagBag from /home/airflow/.local/lib/python3.8/site-packages/airflow/example_dags/example_branch_operator.py
[2025-04-13T15:45:12.816+0000] {processor.py:840} INFO - DAG(s) 'example_branch_operator' retrieved from /home/airflow/.local/lib/python3.8/site-packages/airflow/example_dags/example_branch_operator.py
[2025-04-13T15:45:12.858+0000] {logging_mixin.py:188} INFO - [2025-04-13T15:45:12.858+0000] {dag.py:3036} INFO - Sync 1 DAGs
[2025-04-13T15:45:13.019+0000] {logging_mixin.py:188} INFO - [2025-04-13T15:45:13.019+0000] {dag.py:3823} INFO - Setting next_dagrun for example_branch_operator to 2025-04-12 00:00:00+00:00, run_after=2025-04-13 00:00:00+00:00
[2025-04-13T15:45:13.048+0000] {processor.py:183} INFO - Processing /home/airflow/.local/lib/python3.8/site-packages/airflow/example_dags/example_branch_operator.py took 0.270 seconds
[2025-04-13T15:45:43.436+0000] {processor.py:161} INFO - Started process (PID=2884) to work on /home/airflow/.local/lib/python3.8/site-packages/airflow/example_dags/example_branch_operator.py
[2025-04-13T15:45:43.437+0000] {processor.py:830} INFO - Processing file /home/airflow/.local/lib/python3.8/site-packages/airflow/example_dags/example_branch_operator.py for tasks to queue
[2025-04-13T15:45:43.439+0000] {logging_mixin.py:188} INFO - [2025-04-13T15:45:43.439+0000] {dagbag.py:538} INFO - Filling up the DagBag from /home/airflow/.local/lib/python3.8/site-packages/airflow/example_dags/example_branch_operator.py
[2025-04-13T15:45:43.457+0000] {processor.py:840} INFO - DAG(s) 'example_branch_operator' retrieved from /home/airflow/.local/lib/python3.8/site-packages/airflow/example_dags/example_branch_operator.py
[2025-04-13T15:45:43.487+0000] {logging_mixin.py:188} INFO - [2025-04-13T15:45:43.487+0000] {dag.py:3036} INFO - Sync 1 DAGs
[2025-04-13T15:45:43.515+0000] {logging_mixin.py:188} INFO - [2025-04-13T15:45:43.515+0000] {dag.py:3823} INFO - Setting next_dagrun for example_branch_operator to 2025-04-12 00:00:00+00:00, run_after=2025-04-13 00:00:00+00:00
[2025-04-13T15:45:43.541+0000] {processor.py:183} INFO - Processing /home/airflow/.local/lib/python3.8/site-packages/airflow/example_dags/example_branch_operator.py took 0.109 seconds
[2025-04-13T15:46:17.813+0000] {processor.py:161} INFO - Started process (PID=2940) to work on /home/airflow/.local/lib/python3.8/site-packages/airflow/example_dags/example_branch_operator.py
[2025-04-13T15:46:17.814+0000] {processor.py:830} INFO - Processing file /home/airflow/.local/lib/python3.8/site-packages/airflow/example_dags/example_branch_operator.py for tasks to queue
[2025-04-13T15:46:17.816+0000] {logging_mixin.py:188} INFO - [2025-04-13T15:46:17.816+0000] {dagbag.py:538} INFO - Filling up the DagBag from /home/airflow/.local/lib/python3.8/site-packages/airflow/example_dags/example_branch_operator.py
[2025-04-13T15:46:17.835+0000] {processor.py:840} INFO - DAG(s) 'example_branch_operator' retrieved from /home/airflow/.local/lib/python3.8/site-packages/airflow/example_dags/example_branch_operator.py
[2025-04-13T15:46:17.868+0000] {logging_mixin.py:188} INFO - [2025-04-13T15:46:17.868+0000] {dag.py:3036} INFO - Sync 1 DAGs
[2025-04-13T15:46:17.895+0000] {logging_mixin.py:188} INFO - [2025-04-13T15:46:17.895+0000] {dag.py:3823} INFO - Setting next_dagrun for example_branch_operator to 2025-04-12 00:00:00+00:00, run_after=2025-04-13 00:00:00+00:00
[2025-04-13T15:46:17.917+0000] {processor.py:183} INFO - Processing /home/airflow/.local/lib/python3.8/site-packages/airflow/example_dags/example_branch_operator.py took 0.108 seconds
[2025-04-13T15:46:48.316+0000] {processor.py:161} INFO - Started process (PID=2996) to work on /home/airflow/.local/lib/python3.8/site-packages/airflow/example_dags/example_branch_operator.py
[2025-04-13T15:46:48.318+0000] {processor.py:830} INFO - Processing file /home/airflow/.local/lib/python3.8/site-packages/airflow/example_dags/example_branch_operator.py for tasks to queue
[2025-04-13T15:46:48.321+0000] {logging_mixin.py:188} INFO - [2025-04-13T15:46:48.320+0000] {dagbag.py:538} INFO - Filling up the DagBag from /home/airflow/.local/lib/python3.8/site-packages/airflow/example_dags/example_branch_operator.py
[2025-04-13T15:46:48.341+0000] {processor.py:840} INFO - DAG(s) 'example_branch_operator' retrieved from /home/airflow/.local/lib/python3.8/site-packages/airflow/example_dags/example_branch_operator.py
[2025-04-13T15:46:48.381+0000] {logging_mixin.py:188} INFO - [2025-04-13T15:46:48.381+0000] {dag.py:3036} INFO - Sync 1 DAGs
[2025-04-13T15:46:48.416+0000] {logging_mixin.py:188} INFO - [2025-04-13T15:46:48.416+0000] {dag.py:3823} INFO - Setting next_dagrun for example_branch_operator to 2025-04-12 00:00:00+00:00, run_after=2025-04-13 00:00:00+00:00
[2025-04-13T15:46:48.442+0000] {processor.py:183} INFO - Processing /home/airflow/.local/lib/python3.8/site-packages/airflow/example_dags/example_branch_operator.py took 0.130 seconds
[2025-04-13T15:47:20.441+0000] {processor.py:161} INFO - Started process (PID=3053) to work on /home/airflow/.local/lib/python3.8/site-packages/airflow/example_dags/example_branch_operator.py
[2025-04-13T15:47:20.442+0000] {processor.py:830} INFO - Processing file /home/airflow/.local/lib/python3.8/site-packages/airflow/example_dags/example_branch_operator.py for tasks to queue
[2025-04-13T15:47:20.445+0000] {logging_mixin.py:188} INFO - [2025-04-13T15:47:20.445+0000] {dagbag.py:538} INFO - Filling up the DagBag from /home/airflow/.local/lib/python3.8/site-packages/airflow/example_dags/example_branch_operator.py
[2025-04-13T15:47:20.469+0000] {processor.py:840} INFO - DAG(s) 'example_branch_operator' retrieved from /home/airflow/.local/lib/python3.8/site-packages/airflow/example_dags/example_branch_operator.py
[2025-04-13T15:47:20.502+0000] {logging_mixin.py:188} INFO - [2025-04-13T15:47:20.502+0000] {dag.py:3036} INFO - Sync 1 DAGs
[2025-04-13T15:47:20.532+0000] {logging_mixin.py:188} INFO - [2025-04-13T15:47:20.532+0000] {dag.py:3823} INFO - Setting next_dagrun for example_branch_operator to 2025-04-12 00:00:00+00:00, run_after=2025-04-13 00:00:00+00:00
[2025-04-13T15:47:20.560+0000] {processor.py:183} INFO - Processing /home/airflow/.local/lib/python3.8/site-packages/airflow/example_dags/example_branch_operator.py took 0.123 seconds
[2025-04-13T15:47:53.078+0000] {processor.py:161} INFO - Started process (PID=3109) to work on /home/airflow/.local/lib/python3.8/site-packages/airflow/example_dags/example_branch_operator.py
[2025-04-13T15:47:53.080+0000] {processor.py:830} INFO - Processing file /home/airflow/.local/lib/python3.8/site-packages/airflow/example_dags/example_branch_operator.py for tasks to queue
[2025-04-13T15:47:53.082+0000] {logging_mixin.py:188} INFO - [2025-04-13T15:47:53.082+0000] {dagbag.py:538} INFO - Filling up the DagBag from /home/airflow/.local/lib/python3.8/site-packages/airflow/example_dags/example_branch_operator.py
[2025-04-13T15:47:53.101+0000] {processor.py:840} INFO - DAG(s) 'example_branch_operator' retrieved from /home/airflow/.local/lib/python3.8/site-packages/airflow/example_dags/example_branch_operator.py
[2025-04-13T15:47:53.133+0000] {logging_mixin.py:188} INFO - [2025-04-13T15:47:53.132+0000] {dag.py:3036} INFO - Sync 1 DAGs
[2025-04-13T15:47:53.160+0000] {logging_mixin.py:188} INFO - [2025-04-13T15:47:53.160+0000] {dag.py:3823} INFO - Setting next_dagrun for example_branch_operator to 2025-04-12 00:00:00+00:00, run_after=2025-04-13 00:00:00+00:00
[2025-04-13T15:47:53.197+0000] {processor.py:183} INFO - Processing /home/airflow/.local/lib/python3.8/site-packages/airflow/example_dags/example_branch_operator.py took 0.123 seconds
[2025-04-13T15:48:25.684+0000] {processor.py:161} INFO - Started process (PID=3165) to work on /home/airflow/.local/lib/python3.8/site-packages/airflow/example_dags/example_branch_operator.py
[2025-04-13T15:48:25.685+0000] {processor.py:830} INFO - Processing file /home/airflow/.local/lib/python3.8/site-packages/airflow/example_dags/example_branch_operator.py for tasks to queue
[2025-04-13T15:48:25.687+0000] {logging_mixin.py:188} INFO - [2025-04-13T15:48:25.687+0000] {dagbag.py:538} INFO - Filling up the DagBag from /home/airflow/.local/lib/python3.8/site-packages/airflow/example_dags/example_branch_operator.py
[2025-04-13T15:48:25.711+0000] {processor.py:840} INFO - DAG(s) 'example_branch_operator' retrieved from /home/airflow/.local/lib/python3.8/site-packages/airflow/example_dags/example_branch_operator.py
[2025-04-13T15:48:25.747+0000] {logging_mixin.py:188} INFO - [2025-04-13T15:48:25.746+0000] {dag.py:3036} INFO - Sync 1 DAGs
[2025-04-13T15:48:25.780+0000] {logging_mixin.py:188} INFO - [2025-04-13T15:48:25.780+0000] {dag.py:3823} INFO - Setting next_dagrun for example_branch_operator to 2025-04-12 00:00:00+00:00, run_after=2025-04-13 00:00:00+00:00
[2025-04-13T15:48:25.805+0000] {processor.py:183} INFO - Processing /home/airflow/.local/lib/python3.8/site-packages/airflow/example_dags/example_branch_operator.py took 0.124 seconds
[2025-04-13T15:48:59.053+0000] {processor.py:161} INFO - Started process (PID=3221) to work on /home/airflow/.local/lib/python3.8/site-packages/airflow/example_dags/example_branch_operator.py
[2025-04-13T15:48:59.054+0000] {processor.py:830} INFO - Processing file /home/airflow/.local/lib/python3.8/site-packages/airflow/example_dags/example_branch_operator.py for tasks to queue
[2025-04-13T15:48:59.068+0000] {logging_mixin.py:188} INFO - [2025-04-13T15:48:59.067+0000] {dagbag.py:538} INFO - Filling up the DagBag from /home/airflow/.local/lib/python3.8/site-packages/airflow/example_dags/example_branch_operator.py
[2025-04-13T15:48:59.118+0000] {processor.py:840} INFO - DAG(s) 'example_branch_operator' retrieved from /home/airflow/.local/lib/python3.8/site-packages/airflow/example_dags/example_branch_operator.py
[2025-04-13T15:48:59.210+0000] {logging_mixin.py:188} INFO - [2025-04-13T15:48:59.210+0000] {dag.py:3036} INFO - Sync 1 DAGs
[2025-04-13T15:48:59.252+0000] {logging_mixin.py:188} INFO - [2025-04-13T15:48:59.252+0000] {dag.py:3823} INFO - Setting next_dagrun for example_branch_operator to 2025-04-12 00:00:00+00:00, run_after=2025-04-13 00:00:00+00:00
[2025-04-13T15:48:59.294+0000] {processor.py:183} INFO - Processing /home/airflow/.local/lib/python3.8/site-packages/airflow/example_dags/example_branch_operator.py took 0.249 seconds
[2025-04-13T15:49:31.479+0000] {processor.py:161} INFO - Started process (PID=3277) to work on /home/airflow/.local/lib/python3.8/site-packages/airflow/example_dags/example_branch_operator.py
[2025-04-13T15:49:31.480+0000] {processor.py:830} INFO - Processing file /home/airflow/.local/lib/python3.8/site-packages/airflow/example_dags/example_branch_operator.py for tasks to queue
[2025-04-13T15:49:31.482+0000] {logging_mixin.py:188} INFO - [2025-04-13T15:49:31.482+0000] {dagbag.py:538} INFO - Filling up the DagBag from /home/airflow/.local/lib/python3.8/site-packages/airflow/example_dags/example_branch_operator.py
[2025-04-13T15:49:31.504+0000] {processor.py:840} INFO - DAG(s) 'example_branch_operator' retrieved from /home/airflow/.local/lib/python3.8/site-packages/airflow/example_dags/example_branch_operator.py
[2025-04-13T15:49:31.537+0000] {logging_mixin.py:188} INFO - [2025-04-13T15:49:31.537+0000] {dag.py:3036} INFO - Sync 1 DAGs
[2025-04-13T15:49:31.565+0000] {logging_mixin.py:188} INFO - [2025-04-13T15:49:31.565+0000] {dag.py:3823} INFO - Setting next_dagrun for example_branch_operator to 2025-04-12 00:00:00+00:00, run_after=2025-04-13 00:00:00+00:00
[2025-04-13T15:49:31.589+0000] {processor.py:183} INFO - Processing /home/airflow/.local/lib/python3.8/site-packages/airflow/example_dags/example_branch_operator.py took 0.113 seconds
[2025-04-13T15:50:02.455+0000] {processor.py:161} INFO - Started process (PID=3333) to work on /home/airflow/.local/lib/python3.8/site-packages/airflow/example_dags/example_branch_operator.py
[2025-04-13T15:50:02.457+0000] {processor.py:830} INFO - Processing file /home/airflow/.local/lib/python3.8/site-packages/airflow/example_dags/example_branch_operator.py for tasks to queue
[2025-04-13T15:50:02.459+0000] {logging_mixin.py:188} INFO - [2025-04-13T15:50:02.458+0000] {dagbag.py:538} INFO - Filling up the DagBag from /home/airflow/.local/lib/python3.8/site-packages/airflow/example_dags/example_branch_operator.py
[2025-04-13T15:50:02.477+0000] {processor.py:840} INFO - DAG(s) 'example_branch_operator' retrieved from /home/airflow/.local/lib/python3.8/site-packages/airflow/example_dags/example_branch_operator.py
[2025-04-13T15:50:02.513+0000] {logging_mixin.py:188} INFO - [2025-04-13T15:50:02.512+0000] {dag.py:3036} INFO - Sync 1 DAGs
[2025-04-13T15:50:02.540+0000] {logging_mixin.py:188} INFO - [2025-04-13T15:50:02.540+0000] {dag.py:3823} INFO - Setting next_dagrun for example_branch_operator to 2025-04-12 00:00:00+00:00, run_after=2025-04-13 00:00:00+00:00
[2025-04-13T15:50:02.566+0000] {processor.py:183} INFO - Processing /home/airflow/.local/lib/python3.8/site-packages/airflow/example_dags/example_branch_operator.py took 0.114 seconds
[2025-04-13T15:50:32.723+0000] {processor.py:161} INFO - Started process (PID=3389) to work on /home/airflow/.local/lib/python3.8/site-packages/airflow/example_dags/example_branch_operator.py
[2025-04-13T15:50:32.724+0000] {processor.py:830} INFO - Processing file /home/airflow/.local/lib/python3.8/site-packages/airflow/example_dags/example_branch_operator.py for tasks to queue
[2025-04-13T15:50:32.727+0000] {logging_mixin.py:188} INFO - [2025-04-13T15:50:32.726+0000] {dagbag.py:538} INFO - Filling up the DagBag from /home/airflow/.local/lib/python3.8/site-packages/airflow/example_dags/example_branch_operator.py
[2025-04-13T15:50:31.384+0000] {processor.py:840} INFO - DAG(s) 'example_branch_operator' retrieved from /home/airflow/.local/lib/python3.8/site-packages/airflow/example_dags/example_branch_operator.py
[2025-04-13T15:50:31.419+0000] {logging_mixin.py:188} INFO - [2025-04-13T15:50:31.418+0000] {dag.py:3036} INFO - Sync 1 DAGs
[2025-04-13T15:50:31.445+0000] {logging_mixin.py:188} INFO - [2025-04-13T15:50:31.444+0000] {dag.py:3823} INFO - Setting next_dagrun for example_branch_operator to 2025-04-12 00:00:00+00:00, run_after=2025-04-13 00:00:00+00:00
[2025-04-13T15:50:31.477+0000] {processor.py:183} INFO - Processing /home/airflow/.local/lib/python3.8/site-packages/airflow/example_dags/example_branch_operator.py took 0.122 seconds
[2025-04-13T15:51:02.172+0000] {processor.py:161} INFO - Started process (PID=3429) to work on /home/airflow/.local/lib/python3.8/site-packages/airflow/example_dags/example_branch_operator.py
[2025-04-13T15:51:02.173+0000] {processor.py:830} INFO - Processing file /home/airflow/.local/lib/python3.8/site-packages/airflow/example_dags/example_branch_operator.py for tasks to queue
[2025-04-13T15:51:02.175+0000] {logging_mixin.py:188} INFO - [2025-04-13T15:51:02.175+0000] {dagbag.py:538} INFO - Filling up the DagBag from /home/airflow/.local/lib/python3.8/site-packages/airflow/example_dags/example_branch_operator.py
[2025-04-13T15:51:02.201+0000] {processor.py:840} INFO - DAG(s) 'example_branch_operator' retrieved from /home/airflow/.local/lib/python3.8/site-packages/airflow/example_dags/example_branch_operator.py
[2025-04-13T15:51:02.249+0000] {logging_mixin.py:188} INFO - [2025-04-13T15:51:02.249+0000] {dag.py:3036} INFO - Sync 1 DAGs
[2025-04-13T15:51:02.284+0000] {logging_mixin.py:188} INFO - [2025-04-13T15:51:02.284+0000] {dag.py:3823} INFO - Setting next_dagrun for example_branch_operator to 2025-04-12 00:00:00+00:00, run_after=2025-04-13 00:00:00+00:00
[2025-04-13T15:51:02.308+0000] {processor.py:183} INFO - Processing /home/airflow/.local/lib/python3.8/site-packages/airflow/example_dags/example_branch_operator.py took 0.140 seconds
[2025-04-13T15:51:33.324+0000] {processor.py:161} INFO - Started process (PID=3489) to work on /home/airflow/.local/lib/python3.8/site-packages/airflow/example_dags/example_branch_operator.py
[2025-04-13T15:51:33.325+0000] {processor.py:830} INFO - Processing file /home/airflow/.local/lib/python3.8/site-packages/airflow/example_dags/example_branch_operator.py for tasks to queue
[2025-04-13T15:51:33.327+0000] {logging_mixin.py:188} INFO - [2025-04-13T15:51:33.327+0000] {dagbag.py:538} INFO - Filling up the DagBag from /home/airflow/.local/lib/python3.8/site-packages/airflow/example_dags/example_branch_operator.py
[2025-04-13T15:51:33.346+0000] {processor.py:840} INFO - DAG(s) 'example_branch_operator' retrieved from /home/airflow/.local/lib/python3.8/site-packages/airflow/example_dags/example_branch_operator.py
[2025-04-13T15:51:33.382+0000] {logging_mixin.py:188} INFO - [2025-04-13T15:51:33.382+0000] {dag.py:3036} INFO - Sync 1 DAGs
[2025-04-13T15:51:33.410+0000] {logging_mixin.py:188} INFO - [2025-04-13T15:51:33.410+0000] {dag.py:3823} INFO - Setting next_dagrun for example_branch_operator to 2025-04-12 00:00:00+00:00, run_after=2025-04-13 00:00:00+00:00
[2025-04-13T15:51:33.436+0000] {processor.py:183} INFO - Processing /home/airflow/.local/lib/python3.8/site-packages/airflow/example_dags/example_branch_operator.py took 0.116 seconds
[2025-04-13T15:52:05.258+0000] {processor.py:161} INFO - Started process (PID=3556) to work on /home/airflow/.local/lib/python3.8/site-packages/airflow/example_dags/example_branch_operator.py
[2025-04-13T15:52:05.260+0000] {processor.py:830} INFO - Processing file /home/airflow/.local/lib/python3.8/site-packages/airflow/example_dags/example_branch_operator.py for tasks to queue
[2025-04-13T15:52:05.263+0000] {logging_mixin.py:188} INFO - [2025-04-13T15:52:05.263+0000] {dagbag.py:538} INFO - Filling up the DagBag from /home/airflow/.local/lib/python3.8/site-packages/airflow/example_dags/example_branch_operator.py
[2025-04-13T15:52:05.292+0000] {processor.py:840} INFO - DAG(s) 'example_branch_operator' retrieved from /home/airflow/.local/lib/python3.8/site-packages/airflow/example_dags/example_branch_operator.py
[2025-04-13T15:52:05.356+0000] {logging_mixin.py:188} INFO - [2025-04-13T15:52:05.355+0000] {dag.py:3036} INFO - Sync 1 DAGs
[2025-04-13T15:52:05.416+0000] {logging_mixin.py:188} INFO - [2025-04-13T15:52:05.415+0000] {dag.py:3823} INFO - Setting next_dagrun for example_branch_operator to 2025-04-12 00:00:00+00:00, run_after=2025-04-13 00:00:00+00:00
[2025-04-13T15:52:05.442+0000] {processor.py:183} INFO - Processing /home/airflow/.local/lib/python3.8/site-packages/airflow/example_dags/example_branch_operator.py took 0.189 seconds
[2025-04-13T15:52:35.563+0000] {processor.py:161} INFO - Started process (PID=3612) to work on /home/airflow/.local/lib/python3.8/site-packages/airflow/example_dags/example_branch_operator.py
[2025-04-13T15:52:35.565+0000] {processor.py:830} INFO - Processing file /home/airflow/.local/lib/python3.8/site-packages/airflow/example_dags/example_branch_operator.py for tasks to queue
[2025-04-13T15:52:35.567+0000] {logging_mixin.py:188} INFO - [2025-04-13T15:52:35.566+0000] {dagbag.py:538} INFO - Filling up the DagBag from /home/airflow/.local/lib/python3.8/site-packages/airflow/example_dags/example_branch_operator.py
[2025-04-13T15:52:35.588+0000] {processor.py:840} INFO - DAG(s) 'example_branch_operator' retrieved from /home/airflow/.local/lib/python3.8/site-packages/airflow/example_dags/example_branch_operator.py
[2025-04-13T15:52:35.620+0000] {logging_mixin.py:188} INFO - [2025-04-13T15:52:35.620+0000] {dag.py:3036} INFO - Sync 1 DAGs
[2025-04-13T15:52:35.650+0000] {logging_mixin.py:188} INFO - [2025-04-13T15:52:35.650+0000] {dag.py:3823} INFO - Setting next_dagrun for example_branch_operator to 2025-04-12 00:00:00+00:00, run_after=2025-04-13 00:00:00+00:00
[2025-04-13T15:52:35.672+0000] {processor.py:183} INFO - Processing /home/airflow/.local/lib/python3.8/site-packages/airflow/example_dags/example_branch_operator.py took 0.112 seconds
[2025-04-13T17:20:30.914+0000] {processor.py:161} INFO - Started process (PID=3675) to work on /home/airflow/.local/lib/python3.8/site-packages/airflow/example_dags/example_branch_operator.py
[2025-04-13T17:20:30.955+0000] {processor.py:830} INFO - Processing file /home/airflow/.local/lib/python3.8/site-packages/airflow/example_dags/example_branch_operator.py for tasks to queue
[2025-04-13T17:20:30.971+0000] {logging_mixin.py:188} INFO - [2025-04-13T17:20:30.970+0000] {dagbag.py:538} INFO - Filling up the DagBag from /home/airflow/.local/lib/python3.8/site-packages/airflow/example_dags/example_branch_operator.py
[2025-04-13T17:20:31.215+0000] {processor.py:840} INFO - DAG(s) 'example_branch_operator' retrieved from /home/airflow/.local/lib/python3.8/site-packages/airflow/example_dags/example_branch_operator.py
[2025-04-13T17:20:31.590+0000] {logging_mixin.py:188} INFO - [2025-04-13T17:20:31.582+0000] {dag.py:3036} INFO - Sync 1 DAGs
[2025-04-13T17:20:31.858+0000] {logging_mixin.py:188} INFO - [2025-04-13T17:20:31.846+0000] {dag.py:3823} INFO - Setting next_dagrun for example_branch_operator to 2025-04-12 00:00:00+00:00, run_after=2025-04-13 00:00:00+00:00
[2025-04-13T17:20:32.096+0000] {processor.py:183} INFO - Processing /home/airflow/.local/lib/python3.8/site-packages/airflow/example_dags/example_branch_operator.py took 1.243 seconds
[2025-04-13T17:21:02.911+0000] {processor.py:161} INFO - Started process (PID=3732) to work on /home/airflow/.local/lib/python3.8/site-packages/airflow/example_dags/example_branch_operator.py
[2025-04-13T17:21:02.912+0000] {processor.py:830} INFO - Processing file /home/airflow/.local/lib/python3.8/site-packages/airflow/example_dags/example_branch_operator.py for tasks to queue
[2025-04-13T17:21:02.915+0000] {logging_mixin.py:188} INFO - [2025-04-13T17:21:02.915+0000] {dagbag.py:538} INFO - Filling up the DagBag from /home/airflow/.local/lib/python3.8/site-packages/airflow/example_dags/example_branch_operator.py
[2025-04-13T17:21:02.946+0000] {processor.py:840} INFO - DAG(s) 'example_branch_operator' retrieved from /home/airflow/.local/lib/python3.8/site-packages/airflow/example_dags/example_branch_operator.py
[2025-04-13T17:21:02.986+0000] {logging_mixin.py:188} INFO - [2025-04-13T17:21:02.985+0000] {dag.py:3036} INFO - Sync 1 DAGs
[2025-04-13T17:21:03.019+0000] {logging_mixin.py:188} INFO - [2025-04-13T17:21:03.019+0000] {dag.py:3823} INFO - Setting next_dagrun for example_branch_operator to 2025-04-12 00:00:00+00:00, run_after=2025-04-13 00:00:00+00:00
[2025-04-13T17:21:03.048+0000] {processor.py:183} INFO - Processing /home/airflow/.local/lib/python3.8/site-packages/airflow/example_dags/example_branch_operator.py took 0.141 seconds
[2025-04-13T17:21:33.917+0000] {processor.py:161} INFO - Started process (PID=3788) to work on /home/airflow/.local/lib/python3.8/site-packages/airflow/example_dags/example_branch_operator.py
[2025-04-13T17:21:33.918+0000] {processor.py:830} INFO - Processing file /home/airflow/.local/lib/python3.8/site-packages/airflow/example_dags/example_branch_operator.py for tasks to queue
[2025-04-13T17:21:33.921+0000] {logging_mixin.py:188} INFO - [2025-04-13T17:21:33.921+0000] {dagbag.py:538} INFO - Filling up the DagBag from /home/airflow/.local/lib/python3.8/site-packages/airflow/example_dags/example_branch_operator.py
[2025-04-13T17:21:33.947+0000] {processor.py:840} INFO - DAG(s) 'example_branch_operator' retrieved from /home/airflow/.local/lib/python3.8/site-packages/airflow/example_dags/example_branch_operator.py
[2025-04-13T17:21:33.990+0000] {logging_mixin.py:188} INFO - [2025-04-13T17:21:33.990+0000] {dag.py:3036} INFO - Sync 1 DAGs
[2025-04-13T17:21:34.042+0000] {logging_mixin.py:188} INFO - [2025-04-13T17:21:34.042+0000] {dag.py:3823} INFO - Setting next_dagrun for example_branch_operator to 2025-04-12 00:00:00+00:00, run_after=2025-04-13 00:00:00+00:00
[2025-04-13T17:21:34.080+0000] {processor.py:183} INFO - Processing /home/airflow/.local/lib/python3.8/site-packages/airflow/example_dags/example_branch_operator.py took 0.167 seconds
[2025-04-13T17:22:04.253+0000] {processor.py:161} INFO - Started process (PID=3844) to work on /home/airflow/.local/lib/python3.8/site-packages/airflow/example_dags/example_branch_operator.py
[2025-04-13T17:22:04.254+0000] {processor.py:830} INFO - Processing file /home/airflow/.local/lib/python3.8/site-packages/airflow/example_dags/example_branch_operator.py for tasks to queue
[2025-04-13T17:22:04.257+0000] {logging_mixin.py:188} INFO - [2025-04-13T17:22:04.257+0000] {dagbag.py:538} INFO - Filling up the DagBag from /home/airflow/.local/lib/python3.8/site-packages/airflow/example_dags/example_branch_operator.py
[2025-04-13T17:22:04.287+0000] {processor.py:840} INFO - DAG(s) 'example_branch_operator' retrieved from /home/airflow/.local/lib/python3.8/site-packages/airflow/example_dags/example_branch_operator.py
[2025-04-13T17:22:04.324+0000] {logging_mixin.py:188} INFO - [2025-04-13T17:22:04.324+0000] {dag.py:3036} INFO - Sync 1 DAGs
[2025-04-13T17:22:04.361+0000] {logging_mixin.py:188} INFO - [2025-04-13T17:22:04.361+0000] {dag.py:3823} INFO - Setting next_dagrun for example_branch_operator to 2025-04-12 00:00:00+00:00, run_after=2025-04-13 00:00:00+00:00
[2025-04-13T17:22:04.411+0000] {processor.py:183} INFO - Processing /home/airflow/.local/lib/python3.8/site-packages/airflow/example_dags/example_branch_operator.py took 0.162 seconds
[2025-04-13T17:22:34.993+0000] {processor.py:161} INFO - Started process (PID=3900) to work on /home/airflow/.local/lib/python3.8/site-packages/airflow/example_dags/example_branch_operator.py
[2025-04-13T17:22:34.996+0000] {processor.py:830} INFO - Processing file /home/airflow/.local/lib/python3.8/site-packages/airflow/example_dags/example_branch_operator.py for tasks to queue
[2025-04-13T17:22:35.007+0000] {logging_mixin.py:188} INFO - [2025-04-13T17:22:35.001+0000] {dagbag.py:538} INFO - Filling up the DagBag from /home/airflow/.local/lib/python3.8/site-packages/airflow/example_dags/example_branch_operator.py
[2025-04-13T17:22:35.039+0000] {processor.py:840} INFO - DAG(s) 'example_branch_operator' retrieved from /home/airflow/.local/lib/python3.8/site-packages/airflow/example_dags/example_branch_operator.py
[2025-04-13T17:22:35.079+0000] {logging_mixin.py:188} INFO - [2025-04-13T17:22:35.079+0000] {dag.py:3036} INFO - Sync 1 DAGs
[2025-04-13T17:22:35.112+0000] {logging_mixin.py:188} INFO - [2025-04-13T17:22:35.112+0000] {dag.py:3823} INFO - Setting next_dagrun for example_branch_operator to 2025-04-12 00:00:00+00:00, run_after=2025-04-13 00:00:00+00:00
[2025-04-13T17:22:35.154+0000] {processor.py:183} INFO - Processing /home/airflow/.local/lib/python3.8/site-packages/airflow/example_dags/example_branch_operator.py took 0.165 seconds
[2025-04-13T17:23:05.501+0000] {processor.py:161} INFO - Started process (PID=3956) to work on /home/airflow/.local/lib/python3.8/site-packages/airflow/example_dags/example_branch_operator.py
[2025-04-13T17:23:05.510+0000] {processor.py:830} INFO - Processing file /home/airflow/.local/lib/python3.8/site-packages/airflow/example_dags/example_branch_operator.py for tasks to queue
[2025-04-13T17:23:05.514+0000] {logging_mixin.py:188} INFO - [2025-04-13T17:23:05.513+0000] {dagbag.py:538} INFO - Filling up the DagBag from /home/airflow/.local/lib/python3.8/site-packages/airflow/example_dags/example_branch_operator.py
[2025-04-13T17:23:05.565+0000] {processor.py:840} INFO - DAG(s) 'example_branch_operator' retrieved from /home/airflow/.local/lib/python3.8/site-packages/airflow/example_dags/example_branch_operator.py
[2025-04-13T17:23:05.604+0000] {logging_mixin.py:188} INFO - [2025-04-13T17:23:05.604+0000] {dag.py:3036} INFO - Sync 1 DAGs
[2025-04-13T17:23:05.640+0000] {logging_mixin.py:188} INFO - [2025-04-13T17:23:05.640+0000] {dag.py:3823} INFO - Setting next_dagrun for example_branch_operator to 2025-04-12 00:00:00+00:00, run_after=2025-04-13 00:00:00+00:00
[2025-04-13T17:23:05.670+0000] {processor.py:183} INFO - Processing /home/airflow/.local/lib/python3.8/site-packages/airflow/example_dags/example_branch_operator.py took 0.175 seconds
[2025-04-13T17:23:36.569+0000] {processor.py:161} INFO - Started process (PID=4012) to work on /home/airflow/.local/lib/python3.8/site-packages/airflow/example_dags/example_branch_operator.py
[2025-04-13T17:23:36.570+0000] {processor.py:830} INFO - Processing file /home/airflow/.local/lib/python3.8/site-packages/airflow/example_dags/example_branch_operator.py for tasks to queue
[2025-04-13T17:23:36.574+0000] {logging_mixin.py:188} INFO - [2025-04-13T17:23:36.573+0000] {dagbag.py:538} INFO - Filling up the DagBag from /home/airflow/.local/lib/python3.8/site-packages/airflow/example_dags/example_branch_operator.py
[2025-04-13T17:23:36.599+0000] {processor.py:840} INFO - DAG(s) 'example_branch_operator' retrieved from /home/airflow/.local/lib/python3.8/site-packages/airflow/example_dags/example_branch_operator.py
[2025-04-13T17:23:36.637+0000] {logging_mixin.py:188} INFO - [2025-04-13T17:23:36.637+0000] {dag.py:3036} INFO - Sync 1 DAGs
[2025-04-13T17:23:36.668+0000] {logging_mixin.py:188} INFO - [2025-04-13T17:23:36.668+0000] {dag.py:3823} INFO - Setting next_dagrun for example_branch_operator to 2025-04-12 00:00:00+00:00, run_after=2025-04-13 00:00:00+00:00
[2025-04-13T17:23:36.697+0000] {processor.py:183} INFO - Processing /home/airflow/.local/lib/python3.8/site-packages/airflow/example_dags/example_branch_operator.py took 0.133 seconds
[2025-04-13T17:24:06.756+0000] {processor.py:161} INFO - Started process (PID=4068) to work on /home/airflow/.local/lib/python3.8/site-packages/airflow/example_dags/example_branch_operator.py
[2025-04-13T17:24:06.757+0000] {processor.py:830} INFO - Processing file /home/airflow/.local/lib/python3.8/site-packages/airflow/example_dags/example_branch_operator.py for tasks to queue
[2025-04-13T17:24:06.761+0000] {logging_mixin.py:188} INFO - [2025-04-13T17:24:06.760+0000] {dagbag.py:538} INFO - Filling up the DagBag from /home/airflow/.local/lib/python3.8/site-packages/airflow/example_dags/example_branch_operator.py
[2025-04-13T17:24:06.784+0000] {processor.py:840} INFO - DAG(s) 'example_branch_operator' retrieved from /home/airflow/.local/lib/python3.8/site-packages/airflow/example_dags/example_branch_operator.py
[2025-04-13T17:24:06.840+0000] {logging_mixin.py:188} INFO - [2025-04-13T17:24:06.840+0000] {dag.py:3036} INFO - Sync 1 DAGs
[2025-04-13T17:24:06.887+0000] {logging_mixin.py:188} INFO - [2025-04-13T17:24:06.887+0000] {dag.py:3823} INFO - Setting next_dagrun for example_branch_operator to 2025-04-12 00:00:00+00:00, run_after=2025-04-13 00:00:00+00:00
[2025-04-13T17:24:06.946+0000] {processor.py:183} INFO - Processing /home/airflow/.local/lib/python3.8/site-packages/airflow/example_dags/example_branch_operator.py took 0.195 seconds
[2025-04-13T17:24:37.227+0000] {processor.py:161} INFO - Started process (PID=4124) to work on /home/airflow/.local/lib/python3.8/site-packages/airflow/example_dags/example_branch_operator.py
[2025-04-13T17:24:37.228+0000] {processor.py:830} INFO - Processing file /home/airflow/.local/lib/python3.8/site-packages/airflow/example_dags/example_branch_operator.py for tasks to queue
[2025-04-13T17:24:37.231+0000] {logging_mixin.py:188} INFO - [2025-04-13T17:24:37.230+0000] {dagbag.py:538} INFO - Filling up the DagBag from /home/airflow/.local/lib/python3.8/site-packages/airflow/example_dags/example_branch_operator.py
[2025-04-13T17:24:37.253+0000] {processor.py:840} INFO - DAG(s) 'example_branch_operator' retrieved from /home/airflow/.local/lib/python3.8/site-packages/airflow/example_dags/example_branch_operator.py
[2025-04-13T17:24:37.286+0000] {logging_mixin.py:188} INFO - [2025-04-13T17:24:37.286+0000] {dag.py:3036} INFO - Sync 1 DAGs
[2025-04-13T17:24:37.317+0000] {logging_mixin.py:188} INFO - [2025-04-13T17:24:37.317+0000] {dag.py:3823} INFO - Setting next_dagrun for example_branch_operator to 2025-04-12 00:00:00+00:00, run_after=2025-04-13 00:00:00+00:00
[2025-04-13T17:24:37.347+0000] {processor.py:183} INFO - Processing /home/airflow/.local/lib/python3.8/site-packages/airflow/example_dags/example_branch_operator.py took 0.123 seconds
[2025-04-13T17:25:07.888+0000] {processor.py:161} INFO - Started process (PID=4180) to work on /home/airflow/.local/lib/python3.8/site-packages/airflow/example_dags/example_branch_operator.py
[2025-04-13T17:25:07.890+0000] {processor.py:830} INFO - Processing file /home/airflow/.local/lib/python3.8/site-packages/airflow/example_dags/example_branch_operator.py for tasks to queue
[2025-04-13T17:25:07.892+0000] {logging_mixin.py:188} INFO - [2025-04-13T17:25:07.892+0000] {dagbag.py:538} INFO - Filling up the DagBag from /home/airflow/.local/lib/python3.8/site-packages/airflow/example_dags/example_branch_operator.py
[2025-04-13T17:25:07.914+0000] {processor.py:840} INFO - DAG(s) 'example_branch_operator' retrieved from /home/airflow/.local/lib/python3.8/site-packages/airflow/example_dags/example_branch_operator.py
[2025-04-13T17:25:07.946+0000] {logging_mixin.py:188} INFO - [2025-04-13T17:25:07.946+0000] {dag.py:3036} INFO - Sync 1 DAGs
[2025-04-13T17:25:07.979+0000] {logging_mixin.py:188} INFO - [2025-04-13T17:25:07.978+0000] {dag.py:3823} INFO - Setting next_dagrun for example_branch_operator to 2025-04-12 00:00:00+00:00, run_after=2025-04-13 00:00:00+00:00
[2025-04-13T17:25:08.008+0000] {processor.py:183} INFO - Processing /home/airflow/.local/lib/python3.8/site-packages/airflow/example_dags/example_branch_operator.py took 0.124 seconds
[2025-04-13T17:25:38.836+0000] {processor.py:161} INFO - Started process (PID=4235) to work on /home/airflow/.local/lib/python3.8/site-packages/airflow/example_dags/example_branch_operator.py
[2025-04-13T17:25:38.837+0000] {processor.py:830} INFO - Processing file /home/airflow/.local/lib/python3.8/site-packages/airflow/example_dags/example_branch_operator.py for tasks to queue
[2025-04-13T17:25:38.840+0000] {logging_mixin.py:188} INFO - [2025-04-13T17:25:38.840+0000] {dagbag.py:538} INFO - Filling up the DagBag from /home/airflow/.local/lib/python3.8/site-packages/airflow/example_dags/example_branch_operator.py
[2025-04-13T17:25:38.865+0000] {processor.py:840} INFO - DAG(s) 'example_branch_operator' retrieved from /home/airflow/.local/lib/python3.8/site-packages/airflow/example_dags/example_branch_operator.py
[2025-04-13T17:25:38.905+0000] {logging_mixin.py:188} INFO - [2025-04-13T17:25:38.905+0000] {dag.py:3036} INFO - Sync 1 DAGs
[2025-04-13T17:25:38.932+0000] {logging_mixin.py:188} INFO - [2025-04-13T17:25:38.932+0000] {dag.py:3823} INFO - Setting next_dagrun for example_branch_operator to 2025-04-12 00:00:00+00:00, run_after=2025-04-13 00:00:00+00:00
[2025-04-13T17:25:38.962+0000] {processor.py:183} INFO - Processing /home/airflow/.local/lib/python3.8/site-packages/airflow/example_dags/example_branch_operator.py took 0.134 seconds
[2025-04-13T17:26:09.234+0000] {processor.py:161} INFO - Started process (PID=4291) to work on /home/airflow/.local/lib/python3.8/site-packages/airflow/example_dags/example_branch_operator.py
[2025-04-13T17:26:09.235+0000] {processor.py:830} INFO - Processing file /home/airflow/.local/lib/python3.8/site-packages/airflow/example_dags/example_branch_operator.py for tasks to queue
[2025-04-13T17:26:09.237+0000] {logging_mixin.py:188} INFO - [2025-04-13T17:26:09.237+0000] {dagbag.py:538} INFO - Filling up the DagBag from /home/airflow/.local/lib/python3.8/site-packages/airflow/example_dags/example_branch_operator.py
[2025-04-13T17:26:09.263+0000] {processor.py:840} INFO - DAG(s) 'example_branch_operator' retrieved from /home/airflow/.local/lib/python3.8/site-packages/airflow/example_dags/example_branch_operator.py
[2025-04-13T17:26:09.299+0000] {logging_mixin.py:188} INFO - [2025-04-13T17:26:09.299+0000] {dag.py:3036} INFO - Sync 1 DAGs
[2025-04-13T17:26:09.331+0000] {logging_mixin.py:188} INFO - [2025-04-13T17:26:09.331+0000] {dag.py:3823} INFO - Setting next_dagrun for example_branch_operator to 2025-04-12 00:00:00+00:00, run_after=2025-04-13 00:00:00+00:00
[2025-04-13T17:26:09.359+0000] {processor.py:183} INFO - Processing /home/airflow/.local/lib/python3.8/site-packages/airflow/example_dags/example_branch_operator.py took 0.131 seconds
[2025-04-13T17:26:41.928+0000] {processor.py:161} INFO - Started process (PID=4347) to work on /home/airflow/.local/lib/python3.8/site-packages/airflow/example_dags/example_branch_operator.py
[2025-04-13T17:26:41.929+0000] {processor.py:830} INFO - Processing file /home/airflow/.local/lib/python3.8/site-packages/airflow/example_dags/example_branch_operator.py for tasks to queue
[2025-04-13T17:26:41.932+0000] {logging_mixin.py:188} INFO - [2025-04-13T17:26:41.932+0000] {dagbag.py:538} INFO - Filling up the DagBag from /home/airflow/.local/lib/python3.8/site-packages/airflow/example_dags/example_branch_operator.py
[2025-04-13T17:26:41.975+0000] {processor.py:840} INFO - DAG(s) 'example_branch_operator' retrieved from /home/airflow/.local/lib/python3.8/site-packages/airflow/example_dags/example_branch_operator.py
[2025-04-13T17:26:42.077+0000] {logging_mixin.py:188} INFO - [2025-04-13T17:26:42.077+0000] {dag.py:3036} INFO - Sync 1 DAGs
[2025-04-13T17:26:42.121+0000] {logging_mixin.py:188} INFO - [2025-04-13T17:26:42.121+0000] {dag.py:3823} INFO - Setting next_dagrun for example_branch_operator to 2025-04-12 00:00:00+00:00, run_after=2025-04-13 00:00:00+00:00
[2025-04-13T17:26:42.182+0000] {processor.py:183} INFO - Processing /home/airflow/.local/lib/python3.8/site-packages/airflow/example_dags/example_branch_operator.py took 0.259 seconds
[2025-04-13T17:27:13.686+0000] {processor.py:161} INFO - Started process (PID=4403) to work on /home/airflow/.local/lib/python3.8/site-packages/airflow/example_dags/example_branch_operator.py
[2025-04-13T17:27:13.687+0000] {processor.py:830} INFO - Processing file /home/airflow/.local/lib/python3.8/site-packages/airflow/example_dags/example_branch_operator.py for tasks to queue
[2025-04-13T17:27:13.690+0000] {logging_mixin.py:188} INFO - [2025-04-13T17:27:13.690+0000] {dagbag.py:538} INFO - Filling up the DagBag from /home/airflow/.local/lib/python3.8/site-packages/airflow/example_dags/example_branch_operator.py
[2025-04-13T17:27:13.719+0000] {processor.py:840} INFO - DAG(s) 'example_branch_operator' retrieved from /home/airflow/.local/lib/python3.8/site-packages/airflow/example_dags/example_branch_operator.py
[2025-04-13T17:27:13.761+0000] {logging_mixin.py:188} INFO - [2025-04-13T17:27:13.761+0000] {dag.py:3036} INFO - Sync 1 DAGs
[2025-04-13T17:27:13.802+0000] {logging_mixin.py:188} INFO - [2025-04-13T17:27:13.801+0000] {dag.py:3823} INFO - Setting next_dagrun for example_branch_operator to 2025-04-12 00:00:00+00:00, run_after=2025-04-13 00:00:00+00:00
[2025-04-13T17:27:13.831+0000] {processor.py:183} INFO - Processing /home/airflow/.local/lib/python3.8/site-packages/airflow/example_dags/example_branch_operator.py took 0.150 seconds
[2025-04-13T17:27:46.180+0000] {processor.py:161} INFO - Started process (PID=4459) to work on /home/airflow/.local/lib/python3.8/site-packages/airflow/example_dags/example_branch_operator.py
[2025-04-13T17:27:46.182+0000] {processor.py:830} INFO - Processing file /home/airflow/.local/lib/python3.8/site-packages/airflow/example_dags/example_branch_operator.py for tasks to queue
[2025-04-13T17:27:46.185+0000] {logging_mixin.py:188} INFO - [2025-04-13T17:27:46.185+0000] {dagbag.py:538} INFO - Filling up the DagBag from /home/airflow/.local/lib/python3.8/site-packages/airflow/example_dags/example_branch_operator.py
[2025-04-13T17:27:46.215+0000] {processor.py:840} INFO - DAG(s) 'example_branch_operator' retrieved from /home/airflow/.local/lib/python3.8/site-packages/airflow/example_dags/example_branch_operator.py
[2025-04-13T17:27:46.261+0000] {logging_mixin.py:188} INFO - [2025-04-13T17:27:46.260+0000] {dag.py:3036} INFO - Sync 1 DAGs
[2025-04-13T17:27:46.296+0000] {logging_mixin.py:188} INFO - [2025-04-13T17:27:46.296+0000] {dag.py:3823} INFO - Setting next_dagrun for example_branch_operator to 2025-04-12 00:00:00+00:00, run_after=2025-04-13 00:00:00+00:00
[2025-04-13T17:27:46.360+0000] {processor.py:183} INFO - Processing /home/airflow/.local/lib/python3.8/site-packages/airflow/example_dags/example_branch_operator.py took 0.185 seconds
[2025-04-13T17:28:19.512+0000] {processor.py:161} INFO - Started process (PID=4517) to work on /home/airflow/.local/lib/python3.8/site-packages/airflow/example_dags/example_branch_operator.py
[2025-04-13T17:28:19.514+0000] {processor.py:830} INFO - Processing file /home/airflow/.local/lib/python3.8/site-packages/airflow/example_dags/example_branch_operator.py for tasks to queue
[2025-04-13T17:28:19.519+0000] {logging_mixin.py:188} INFO - [2025-04-13T17:28:19.519+0000] {dagbag.py:538} INFO - Filling up the DagBag from /home/airflow/.local/lib/python3.8/site-packages/airflow/example_dags/example_branch_operator.py
[2025-04-13T17:28:19.557+0000] {processor.py:840} INFO - DAG(s) 'example_branch_operator' retrieved from /home/airflow/.local/lib/python3.8/site-packages/airflow/example_dags/example_branch_operator.py
[2025-04-13T17:28:19.610+0000] {logging_mixin.py:188} INFO - [2025-04-13T17:28:19.609+0000] {dag.py:3036} INFO - Sync 1 DAGs
[2025-04-13T17:28:19.666+0000] {logging_mixin.py:188} INFO - [2025-04-13T17:28:19.666+0000] {dag.py:3823} INFO - Setting next_dagrun for example_branch_operator to 2025-04-12 00:00:00+00:00, run_after=2025-04-13 00:00:00+00:00
[2025-04-13T17:28:19.721+0000] {processor.py:183} INFO - Processing /home/airflow/.local/lib/python3.8/site-packages/airflow/example_dags/example_branch_operator.py took 0.215 seconds
[2025-04-13T17:28:50.813+0000] {processor.py:161} INFO - Started process (PID=4573) to work on /home/airflow/.local/lib/python3.8/site-packages/airflow/example_dags/example_branch_operator.py
[2025-04-13T17:28:50.815+0000] {processor.py:830} INFO - Processing file /home/airflow/.local/lib/python3.8/site-packages/airflow/example_dags/example_branch_operator.py for tasks to queue
[2025-04-13T17:28:50.824+0000] {logging_mixin.py:188} INFO - [2025-04-13T17:28:50.823+0000] {dagbag.py:538} INFO - Filling up the DagBag from /home/airflow/.local/lib/python3.8/site-packages/airflow/example_dags/example_branch_operator.py
[2025-04-13T17:28:50.875+0000] {processor.py:840} INFO - DAG(s) 'example_branch_operator' retrieved from /home/airflow/.local/lib/python3.8/site-packages/airflow/example_dags/example_branch_operator.py
[2025-04-13T17:28:50.942+0000] {logging_mixin.py:188} INFO - [2025-04-13T17:28:50.941+0000] {dag.py:3036} INFO - Sync 1 DAGs
[2025-04-13T17:28:50.988+0000] {logging_mixin.py:188} INFO - [2025-04-13T17:28:50.988+0000] {dag.py:3823} INFO - Setting next_dagrun for example_branch_operator to 2025-04-12 00:00:00+00:00, run_after=2025-04-13 00:00:00+00:00
[2025-04-13T17:28:51.021+0000] {processor.py:183} INFO - Processing /home/airflow/.local/lib/python3.8/site-packages/airflow/example_dags/example_branch_operator.py took 0.214 seconds
[2025-04-13T17:29:23.892+0000] {processor.py:161} INFO - Started process (PID=4631) to work on /home/airflow/.local/lib/python3.8/site-packages/airflow/example_dags/example_branch_operator.py
[2025-04-13T17:29:23.894+0000] {processor.py:830} INFO - Processing file /home/airflow/.local/lib/python3.8/site-packages/airflow/example_dags/example_branch_operator.py for tasks to queue
[2025-04-13T17:29:23.898+0000] {logging_mixin.py:188} INFO - [2025-04-13T17:29:23.897+0000] {dagbag.py:538} INFO - Filling up the DagBag from /home/airflow/.local/lib/python3.8/site-packages/airflow/example_dags/example_branch_operator.py
[2025-04-13T17:29:23.933+0000] {processor.py:840} INFO - DAG(s) 'example_branch_operator' retrieved from /home/airflow/.local/lib/python3.8/site-packages/airflow/example_dags/example_branch_operator.py
[2025-04-13T17:29:23.982+0000] {logging_mixin.py:188} INFO - [2025-04-13T17:29:23.981+0000] {dag.py:3036} INFO - Sync 1 DAGs
[2025-04-13T17:29:24.039+0000] {logging_mixin.py:188} INFO - [2025-04-13T17:29:24.039+0000] {dag.py:3823} INFO - Setting next_dagrun for example_branch_operator to 2025-04-12 00:00:00+00:00, run_after=2025-04-13 00:00:00+00:00
[2025-04-13T17:29:24.108+0000] {processor.py:183} INFO - Processing /home/airflow/.local/lib/python3.8/site-packages/airflow/example_dags/example_branch_operator.py took 0.224 seconds
[2025-04-13T17:29:56.597+0000] {processor.py:161} INFO - Started process (PID=4688) to work on /home/airflow/.local/lib/python3.8/site-packages/airflow/example_dags/example_branch_operator.py
[2025-04-13T17:29:56.601+0000] {processor.py:830} INFO - Processing file /home/airflow/.local/lib/python3.8/site-packages/airflow/example_dags/example_branch_operator.py for tasks to queue
[2025-04-13T17:29:56.605+0000] {logging_mixin.py:188} INFO - [2025-04-13T17:29:56.604+0000] {dagbag.py:538} INFO - Filling up the DagBag from /home/airflow/.local/lib/python3.8/site-packages/airflow/example_dags/example_branch_operator.py
[2025-04-13T17:29:56.647+0000] {processor.py:840} INFO - DAG(s) 'example_branch_operator' retrieved from /home/airflow/.local/lib/python3.8/site-packages/airflow/example_dags/example_branch_operator.py
[2025-04-13T17:29:56.705+0000] {logging_mixin.py:188} INFO - [2025-04-13T17:29:56.705+0000] {dag.py:3036} INFO - Sync 1 DAGs
[2025-04-13T17:29:56.738+0000] {logging_mixin.py:188} INFO - [2025-04-13T17:29:56.738+0000] {dag.py:3823} INFO - Setting next_dagrun for example_branch_operator to 2025-04-12 00:00:00+00:00, run_after=2025-04-13 00:00:00+00:00
[2025-04-13T17:29:56.832+0000] {processor.py:183} INFO - Processing /home/airflow/.local/lib/python3.8/site-packages/airflow/example_dags/example_branch_operator.py took 0.241 seconds
[2025-04-13T17:30:29.582+0000] {processor.py:161} INFO - Started process (PID=4745) to work on /home/airflow/.local/lib/python3.8/site-packages/airflow/example_dags/example_branch_operator.py
[2025-04-13T17:30:29.584+0000] {processor.py:830} INFO - Processing file /home/airflow/.local/lib/python3.8/site-packages/airflow/example_dags/example_branch_operator.py for tasks to queue
[2025-04-13T17:30:29.587+0000] {logging_mixin.py:188} INFO - [2025-04-13T17:30:29.587+0000] {dagbag.py:538} INFO - Filling up the DagBag from /home/airflow/.local/lib/python3.8/site-packages/airflow/example_dags/example_branch_operator.py
[2025-04-13T17:30:29.617+0000] {processor.py:840} INFO - DAG(s) 'example_branch_operator' retrieved from /home/airflow/.local/lib/python3.8/site-packages/airflow/example_dags/example_branch_operator.py
[2025-04-13T17:30:29.665+0000] {logging_mixin.py:188} INFO - [2025-04-13T17:30:29.665+0000] {dag.py:3036} INFO - Sync 1 DAGs
[2025-04-13T17:30:29.708+0000] {logging_mixin.py:188} INFO - [2025-04-13T17:30:29.708+0000] {dag.py:3823} INFO - Setting next_dagrun for example_branch_operator to 2025-04-12 00:00:00+00:00, run_after=2025-04-13 00:00:00+00:00
[2025-04-13T17:30:29.756+0000] {processor.py:183} INFO - Processing /home/airflow/.local/lib/python3.8/site-packages/airflow/example_dags/example_branch_operator.py took 0.180 seconds
[2025-04-13T17:31:01.866+0000] {processor.py:161} INFO - Started process (PID=4807) to work on /home/airflow/.local/lib/python3.8/site-packages/airflow/example_dags/example_branch_operator.py
[2025-04-13T17:31:01.868+0000] {processor.py:830} INFO - Processing file /home/airflow/.local/lib/python3.8/site-packages/airflow/example_dags/example_branch_operator.py for tasks to queue
[2025-04-13T17:31:01.871+0000] {logging_mixin.py:188} INFO - [2025-04-13T17:31:01.870+0000] {dagbag.py:538} INFO - Filling up the DagBag from /home/airflow/.local/lib/python3.8/site-packages/airflow/example_dags/example_branch_operator.py
[2025-04-13T17:31:01.949+0000] {processor.py:840} INFO - DAG(s) 'example_branch_operator' retrieved from /home/airflow/.local/lib/python3.8/site-packages/airflow/example_dags/example_branch_operator.py
[2025-04-13T17:31:02.004+0000] {logging_mixin.py:188} INFO - [2025-04-13T17:31:02.003+0000] {dag.py:3036} INFO - Sync 1 DAGs
[2025-04-13T17:31:02.054+0000] {logging_mixin.py:188} INFO - [2025-04-13T17:31:02.054+0000] {dag.py:3823} INFO - Setting next_dagrun for example_branch_operator to 2025-04-12 00:00:00+00:00, run_after=2025-04-13 00:00:00+00:00
[2025-04-13T17:31:02.106+0000] {processor.py:183} INFO - Processing /home/airflow/.local/lib/python3.8/site-packages/airflow/example_dags/example_branch_operator.py took 0.251 seconds
[2025-04-13T17:31:34.878+0000] {processor.py:161} INFO - Started process (PID=4865) to work on /home/airflow/.local/lib/python3.8/site-packages/airflow/example_dags/example_branch_operator.py
[2025-04-13T17:31:34.879+0000] {processor.py:830} INFO - Processing file /home/airflow/.local/lib/python3.8/site-packages/airflow/example_dags/example_branch_operator.py for tasks to queue
[2025-04-13T17:31:34.882+0000] {logging_mixin.py:188} INFO - [2025-04-13T17:31:34.882+0000] {dagbag.py:538} INFO - Filling up the DagBag from /home/airflow/.local/lib/python3.8/site-packages/airflow/example_dags/example_branch_operator.py
[2025-04-13T17:31:34.927+0000] {processor.py:840} INFO - DAG(s) 'example_branch_operator' retrieved from /home/airflow/.local/lib/python3.8/site-packages/airflow/example_dags/example_branch_operator.py
[2025-04-13T17:31:34.977+0000] {logging_mixin.py:188} INFO - [2025-04-13T17:31:34.977+0000] {dag.py:3036} INFO - Sync 1 DAGs
[2025-04-13T17:31:35.009+0000] {logging_mixin.py:188} INFO - [2025-04-13T17:31:35.009+0000] {dag.py:3823} INFO - Setting next_dagrun for example_branch_operator to 2025-04-12 00:00:00+00:00, run_after=2025-04-13 00:00:00+00:00
[2025-04-13T17:31:35.035+0000] {processor.py:183} INFO - Processing /home/airflow/.local/lib/python3.8/site-packages/airflow/example_dags/example_branch_operator.py took 0.167 seconds
[2025-04-13T17:32:07.538+0000] {processor.py:161} INFO - Started process (PID=4920) to work on /home/airflow/.local/lib/python3.8/site-packages/airflow/example_dags/example_branch_operator.py
[2025-04-13T17:32:07.540+0000] {processor.py:830} INFO - Processing file /home/airflow/.local/lib/python3.8/site-packages/airflow/example_dags/example_branch_operator.py for tasks to queue
[2025-04-13T17:32:07.543+0000] {logging_mixin.py:188} INFO - [2025-04-13T17:32:07.543+0000] {dagbag.py:538} INFO - Filling up the DagBag from /home/airflow/.local/lib/python3.8/site-packages/airflow/example_dags/example_branch_operator.py
[2025-04-13T17:32:07.572+0000] {processor.py:840} INFO - DAG(s) 'example_branch_operator' retrieved from /home/airflow/.local/lib/python3.8/site-packages/airflow/example_dags/example_branch_operator.py
[2025-04-13T17:32:07.615+0000] {logging_mixin.py:188} INFO - [2025-04-13T17:32:07.615+0000] {dag.py:3036} INFO - Sync 1 DAGs
[2025-04-13T17:32:07.650+0000] {logging_mixin.py:188} INFO - [2025-04-13T17:32:07.650+0000] {dag.py:3823} INFO - Setting next_dagrun for example_branch_operator to 2025-04-12 00:00:00+00:00, run_after=2025-04-13 00:00:00+00:00
[2025-04-13T17:32:07.717+0000] {processor.py:183} INFO - Processing /home/airflow/.local/lib/python3.8/site-packages/airflow/example_dags/example_branch_operator.py took 0.185 seconds
[2025-04-13T17:32:39.562+0000] {processor.py:161} INFO - Started process (PID=4976) to work on /home/airflow/.local/lib/python3.8/site-packages/airflow/example_dags/example_branch_operator.py
[2025-04-13T17:32:39.564+0000] {processor.py:830} INFO - Processing file /home/airflow/.local/lib/python3.8/site-packages/airflow/example_dags/example_branch_operator.py for tasks to queue
[2025-04-13T17:32:39.568+0000] {logging_mixin.py:188} INFO - [2025-04-13T17:32:39.567+0000] {dagbag.py:538} INFO - Filling up the DagBag from /home/airflow/.local/lib/python3.8/site-packages/airflow/example_dags/example_branch_operator.py
[2025-04-13T17:32:39.594+0000] {processor.py:840} INFO - DAG(s) 'example_branch_operator' retrieved from /home/airflow/.local/lib/python3.8/site-packages/airflow/example_dags/example_branch_operator.py
[2025-04-13T17:32:39.636+0000] {logging_mixin.py:188} INFO - [2025-04-13T17:32:39.635+0000] {dag.py:3036} INFO - Sync 1 DAGs
[2025-04-13T17:32:39.666+0000] {logging_mixin.py:188} INFO - [2025-04-13T17:32:39.666+0000] {dag.py:3823} INFO - Setting next_dagrun for example_branch_operator to 2025-04-12 00:00:00+00:00, run_after=2025-04-13 00:00:00+00:00
[2025-04-13T17:32:39.745+0000] {processor.py:183} INFO - Processing /home/airflow/.local/lib/python3.8/site-packages/airflow/example_dags/example_branch_operator.py took 0.191 seconds
[2025-04-13T17:33:12.351+0000] {processor.py:161} INFO - Started process (PID=5035) to work on /home/airflow/.local/lib/python3.8/site-packages/airflow/example_dags/example_branch_operator.py
[2025-04-13T17:33:12.353+0000] {processor.py:830} INFO - Processing file /home/airflow/.local/lib/python3.8/site-packages/airflow/example_dags/example_branch_operator.py for tasks to queue
[2025-04-13T17:33:12.360+0000] {logging_mixin.py:188} INFO - [2025-04-13T17:33:12.359+0000] {dagbag.py:538} INFO - Filling up the DagBag from /home/airflow/.local/lib/python3.8/site-packages/airflow/example_dags/example_branch_operator.py
[2025-04-13T17:33:12.405+0000] {processor.py:840} INFO - DAG(s) 'example_branch_operator' retrieved from /home/airflow/.local/lib/python3.8/site-packages/airflow/example_dags/example_branch_operator.py
[2025-04-13T17:33:12.455+0000] {logging_mixin.py:188} INFO - [2025-04-13T17:33:12.454+0000] {dag.py:3036} INFO - Sync 1 DAGs
[2025-04-13T17:33:12.487+0000] {logging_mixin.py:188} INFO - [2025-04-13T17:33:12.487+0000] {dag.py:3823} INFO - Setting next_dagrun for example_branch_operator to 2025-04-12 00:00:00+00:00, run_after=2025-04-13 00:00:00+00:00
[2025-04-13T17:33:12.571+0000] {processor.py:183} INFO - Processing /home/airflow/.local/lib/python3.8/site-packages/airflow/example_dags/example_branch_operator.py took 0.228 seconds
[2025-04-13T17:33:44.703+0000] {processor.py:161} INFO - Started process (PID=5092) to work on /home/airflow/.local/lib/python3.8/site-packages/airflow/example_dags/example_branch_operator.py
[2025-04-13T17:33:44.705+0000] {processor.py:830} INFO - Processing file /home/airflow/.local/lib/python3.8/site-packages/airflow/example_dags/example_branch_operator.py for tasks to queue
[2025-04-13T17:33:44.709+0000] {logging_mixin.py:188} INFO - [2025-04-13T17:33:44.709+0000] {dagbag.py:538} INFO - Filling up the DagBag from /home/airflow/.local/lib/python3.8/site-packages/airflow/example_dags/example_branch_operator.py
[2025-04-13T17:33:44.747+0000] {processor.py:840} INFO - DAG(s) 'example_branch_operator' retrieved from /home/airflow/.local/lib/python3.8/site-packages/airflow/example_dags/example_branch_operator.py
[2025-04-13T17:33:44.799+0000] {logging_mixin.py:188} INFO - [2025-04-13T17:33:44.799+0000] {dag.py:3036} INFO - Sync 1 DAGs
[2025-04-13T17:33:44.828+0000] {logging_mixin.py:188} INFO - [2025-04-13T17:33:44.827+0000] {dag.py:3823} INFO - Setting next_dagrun for example_branch_operator to 2025-04-12 00:00:00+00:00, run_after=2025-04-13 00:00:00+00:00
[2025-04-13T17:33:44.899+0000] {processor.py:183} INFO - Processing /home/airflow/.local/lib/python3.8/site-packages/airflow/example_dags/example_branch_operator.py took 0.202 seconds
[2025-04-13T17:34:17.780+0000] {processor.py:161} INFO - Started process (PID=5151) to work on /home/airflow/.local/lib/python3.8/site-packages/airflow/example_dags/example_branch_operator.py
[2025-04-13T17:34:17.783+0000] {processor.py:830} INFO - Processing file /home/airflow/.local/lib/python3.8/site-packages/airflow/example_dags/example_branch_operator.py for tasks to queue
[2025-04-13T17:34:17.788+0000] {logging_mixin.py:188} INFO - [2025-04-13T17:34:17.787+0000] {dagbag.py:538} INFO - Filling up the DagBag from /home/airflow/.local/lib/python3.8/site-packages/airflow/example_dags/example_branch_operator.py
[2025-04-13T17:34:17.824+0000] {processor.py:840} INFO - DAG(s) 'example_branch_operator' retrieved from /home/airflow/.local/lib/python3.8/site-packages/airflow/example_dags/example_branch_operator.py
[2025-04-13T17:34:17.900+0000] {logging_mixin.py:188} INFO - [2025-04-13T17:34:17.899+0000] {dag.py:3036} INFO - Sync 1 DAGs
[2025-04-13T17:34:17.963+0000] {logging_mixin.py:188} INFO - [2025-04-13T17:34:17.962+0000] {dag.py:3823} INFO - Setting next_dagrun for example_branch_operator to 2025-04-12 00:00:00+00:00, run_after=2025-04-13 00:00:00+00:00
[2025-04-13T17:34:18.022+0000] {processor.py:183} INFO - Processing /home/airflow/.local/lib/python3.8/site-packages/airflow/example_dags/example_branch_operator.py took 0.250 seconds
[2025-04-13T17:34:49.387+0000] {processor.py:161} INFO - Started process (PID=5207) to work on /home/airflow/.local/lib/python3.8/site-packages/airflow/example_dags/example_branch_operator.py
[2025-04-13T17:34:49.389+0000] {processor.py:830} INFO - Processing file /home/airflow/.local/lib/python3.8/site-packages/airflow/example_dags/example_branch_operator.py for tasks to queue
[2025-04-13T17:34:49.393+0000] {logging_mixin.py:188} INFO - [2025-04-13T17:34:49.393+0000] {dagbag.py:538} INFO - Filling up the DagBag from /home/airflow/.local/lib/python3.8/site-packages/airflow/example_dags/example_branch_operator.py
[2025-04-13T17:34:49.432+0000] {processor.py:840} INFO - DAG(s) 'example_branch_operator' retrieved from /home/airflow/.local/lib/python3.8/site-packages/airflow/example_dags/example_branch_operator.py
[2025-04-13T17:34:49.474+0000] {logging_mixin.py:188} INFO - [2025-04-13T17:34:49.473+0000] {dag.py:3036} INFO - Sync 1 DAGs
[2025-04-13T17:34:49.508+0000] {logging_mixin.py:188} INFO - [2025-04-13T17:34:49.508+0000] {dag.py:3823} INFO - Setting next_dagrun for example_branch_operator to 2025-04-12 00:00:00+00:00, run_after=2025-04-13 00:00:00+00:00
[2025-04-13T17:34:49.534+0000] {processor.py:183} INFO - Processing /home/airflow/.local/lib/python3.8/site-packages/airflow/example_dags/example_branch_operator.py took 0.155 seconds
[2025-04-13T17:35:22.005+0000] {processor.py:161} INFO - Started process (PID=5263) to work on /home/airflow/.local/lib/python3.8/site-packages/airflow/example_dags/example_branch_operator.py
[2025-04-13T17:35:22.007+0000] {processor.py:830} INFO - Processing file /home/airflow/.local/lib/python3.8/site-packages/airflow/example_dags/example_branch_operator.py for tasks to queue
[2025-04-13T17:35:22.010+0000] {logging_mixin.py:188} INFO - [2025-04-13T17:35:22.010+0000] {dagbag.py:538} INFO - Filling up the DagBag from /home/airflow/.local/lib/python3.8/site-packages/airflow/example_dags/example_branch_operator.py
[2025-04-13T17:35:22.036+0000] {processor.py:840} INFO - DAG(s) 'example_branch_operator' retrieved from /home/airflow/.local/lib/python3.8/site-packages/airflow/example_dags/example_branch_operator.py
[2025-04-13T17:35:22.080+0000] {logging_mixin.py:188} INFO - [2025-04-13T17:35:22.079+0000] {dag.py:3036} INFO - Sync 1 DAGs
[2025-04-13T17:35:22.111+0000] {logging_mixin.py:188} INFO - [2025-04-13T17:35:22.110+0000] {dag.py:3823} INFO - Setting next_dagrun for example_branch_operator to 2025-04-12 00:00:00+00:00, run_after=2025-04-13 00:00:00+00:00
[2025-04-13T17:35:22.188+0000] {processor.py:183} INFO - Processing /home/airflow/.local/lib/python3.8/site-packages/airflow/example_dags/example_branch_operator.py took 0.188 seconds
[2025-04-13T17:35:54.593+0000] {processor.py:161} INFO - Started process (PID=5319) to work on /home/airflow/.local/lib/python3.8/site-packages/airflow/example_dags/example_branch_operator.py
[2025-04-13T17:35:54.595+0000] {processor.py:830} INFO - Processing file /home/airflow/.local/lib/python3.8/site-packages/airflow/example_dags/example_branch_operator.py for tasks to queue
[2025-04-13T17:35:54.599+0000] {logging_mixin.py:188} INFO - [2025-04-13T17:35:54.598+0000] {dagbag.py:538} INFO - Filling up the DagBag from /home/airflow/.local/lib/python3.8/site-packages/airflow/example_dags/example_branch_operator.py
[2025-04-13T17:35:54.635+0000] {processor.py:840} INFO - DAG(s) 'example_branch_operator' retrieved from /home/airflow/.local/lib/python3.8/site-packages/airflow/example_dags/example_branch_operator.py
[2025-04-13T17:35:54.669+0000] {logging_mixin.py:188} INFO - [2025-04-13T17:35:54.669+0000] {dag.py:3036} INFO - Sync 1 DAGs
[2025-04-13T17:35:54.708+0000] {logging_mixin.py:188} INFO - [2025-04-13T17:35:54.708+0000] {dag.py:3823} INFO - Setting next_dagrun for example_branch_operator to 2025-04-12 00:00:00+00:00, run_after=2025-04-13 00:00:00+00:00
[2025-04-13T17:35:54.776+0000] {processor.py:183} INFO - Processing /home/airflow/.local/lib/python3.8/site-packages/airflow/example_dags/example_branch_operator.py took 0.188 seconds
[2025-04-13T17:36:27.441+0000] {processor.py:161} INFO - Started process (PID=5375) to work on /home/airflow/.local/lib/python3.8/site-packages/airflow/example_dags/example_branch_operator.py
[2025-04-13T17:36:27.442+0000] {processor.py:830} INFO - Processing file /home/airflow/.local/lib/python3.8/site-packages/airflow/example_dags/example_branch_operator.py for tasks to queue
[2025-04-13T17:36:27.446+0000] {logging_mixin.py:188} INFO - [2025-04-13T17:36:27.445+0000] {dagbag.py:538} INFO - Filling up the DagBag from /home/airflow/.local/lib/python3.8/site-packages/airflow/example_dags/example_branch_operator.py
[2025-04-13T17:36:27.479+0000] {processor.py:840} INFO - DAG(s) 'example_branch_operator' retrieved from /home/airflow/.local/lib/python3.8/site-packages/airflow/example_dags/example_branch_operator.py
[2025-04-13T17:36:27.517+0000] {logging_mixin.py:188} INFO - [2025-04-13T17:36:27.517+0000] {dag.py:3036} INFO - Sync 1 DAGs
[2025-04-13T17:36:27.550+0000] {logging_mixin.py:188} INFO - [2025-04-13T17:36:27.550+0000] {dag.py:3823} INFO - Setting next_dagrun for example_branch_operator to 2025-04-12 00:00:00+00:00, run_after=2025-04-13 00:00:00+00:00
[2025-04-13T17:36:27.616+0000] {processor.py:183} INFO - Processing /home/airflow/.local/lib/python3.8/site-packages/airflow/example_dags/example_branch_operator.py took 0.181 seconds
[2025-04-13T17:36:58.718+0000] {processor.py:161} INFO - Started process (PID=5432) to work on /home/airflow/.local/lib/python3.8/site-packages/airflow/example_dags/example_branch_operator.py
[2025-04-13T17:36:58.720+0000] {processor.py:830} INFO - Processing file /home/airflow/.local/lib/python3.8/site-packages/airflow/example_dags/example_branch_operator.py for tasks to queue
[2025-04-13T17:36:58.724+0000] {logging_mixin.py:188} INFO - [2025-04-13T17:36:58.723+0000] {dagbag.py:538} INFO - Filling up the DagBag from /home/airflow/.local/lib/python3.8/site-packages/airflow/example_dags/example_branch_operator.py
[2025-04-13T17:36:58.751+0000] {processor.py:840} INFO - DAG(s) 'example_branch_operator' retrieved from /home/airflow/.local/lib/python3.8/site-packages/airflow/example_dags/example_branch_operator.py
[2025-04-13T17:36:58.789+0000] {logging_mixin.py:188} INFO - [2025-04-13T17:36:58.789+0000] {dag.py:3036} INFO - Sync 1 DAGs
[2025-04-13T17:36:58.820+0000] {logging_mixin.py:188} INFO - [2025-04-13T17:36:58.820+0000] {dag.py:3823} INFO - Setting next_dagrun for example_branch_operator to 2025-04-12 00:00:00+00:00, run_after=2025-04-13 00:00:00+00:00
[2025-04-13T17:36:58.847+0000] {processor.py:183} INFO - Processing /home/airflow/.local/lib/python3.8/site-packages/airflow/example_dags/example_branch_operator.py took 0.133 seconds
[2025-04-13T17:37:31.865+0000] {processor.py:161} INFO - Started process (PID=5488) to work on /home/airflow/.local/lib/python3.8/site-packages/airflow/example_dags/example_branch_operator.py
[2025-04-13T17:37:31.867+0000] {processor.py:830} INFO - Processing file /home/airflow/.local/lib/python3.8/site-packages/airflow/example_dags/example_branch_operator.py for tasks to queue
[2025-04-13T17:37:31.872+0000] {logging_mixin.py:188} INFO - [2025-04-13T17:37:31.871+0000] {dagbag.py:538} INFO - Filling up the DagBag from /home/airflow/.local/lib/python3.8/site-packages/airflow/example_dags/example_branch_operator.py
[2025-04-13T17:37:31.916+0000] {processor.py:840} INFO - DAG(s) 'example_branch_operator' retrieved from /home/airflow/.local/lib/python3.8/site-packages/airflow/example_dags/example_branch_operator.py
[2025-04-13T17:37:31.964+0000] {logging_mixin.py:188} INFO - [2025-04-13T17:37:31.964+0000] {dag.py:3036} INFO - Sync 1 DAGs
[2025-04-13T17:37:32.004+0000] {logging_mixin.py:188} INFO - [2025-04-13T17:37:32.004+0000] {dag.py:3823} INFO - Setting next_dagrun for example_branch_operator to 2025-04-12 00:00:00+00:00, run_after=2025-04-13 00:00:00+00:00
[2025-04-13T17:37:32.041+0000] {processor.py:183} INFO - Processing /home/airflow/.local/lib/python3.8/site-packages/airflow/example_dags/example_branch_operator.py took 0.182 seconds
[2025-04-13T17:38:02.217+0000] {processor.py:161} INFO - Started process (PID=5544) to work on /home/airflow/.local/lib/python3.8/site-packages/airflow/example_dags/example_branch_operator.py
[2025-04-13T17:38:02.219+0000] {processor.py:830} INFO - Processing file /home/airflow/.local/lib/python3.8/site-packages/airflow/example_dags/example_branch_operator.py for tasks to queue
[2025-04-13T17:38:02.222+0000] {logging_mixin.py:188} INFO - [2025-04-13T17:38:02.221+0000] {dagbag.py:538} INFO - Filling up the DagBag from /home/airflow/.local/lib/python3.8/site-packages/airflow/example_dags/example_branch_operator.py
[2025-04-13T17:38:02.268+0000] {processor.py:840} INFO - DAG(s) 'example_branch_operator' retrieved from /home/airflow/.local/lib/python3.8/site-packages/airflow/example_dags/example_branch_operator.py
[2025-04-13T17:38:02.346+0000] {logging_mixin.py:188} INFO - [2025-04-13T17:38:02.346+0000] {dag.py:3036} INFO - Sync 1 DAGs
[2025-04-13T17:38:02.422+0000] {logging_mixin.py:188} INFO - [2025-04-13T17:38:02.421+0000] {dag.py:3823} INFO - Setting next_dagrun for example_branch_operator to 2025-04-12 00:00:00+00:00, run_after=2025-04-13 00:00:00+00:00
[2025-04-13T17:38:02.475+0000] {processor.py:183} INFO - Processing /home/airflow/.local/lib/python3.8/site-packages/airflow/example_dags/example_branch_operator.py took 0.263 seconds
[2025-04-13T17:38:36.646+0000] {processor.py:161} INFO - Started process (PID=5600) to work on /home/airflow/.local/lib/python3.8/site-packages/airflow/example_dags/example_branch_operator.py
[2025-04-13T17:38:36.648+0000] {processor.py:830} INFO - Processing file /home/airflow/.local/lib/python3.8/site-packages/airflow/example_dags/example_branch_operator.py for tasks to queue
[2025-04-13T17:38:36.652+0000] {logging_mixin.py:188} INFO - [2025-04-13T17:38:36.651+0000] {dagbag.py:538} INFO - Filling up the DagBag from /home/airflow/.local/lib/python3.8/site-packages/airflow/example_dags/example_branch_operator.py
[2025-04-13T17:38:36.683+0000] {processor.py:840} INFO - DAG(s) 'example_branch_operator' retrieved from /home/airflow/.local/lib/python3.8/site-packages/airflow/example_dags/example_branch_operator.py
[2025-04-13T17:38:36.726+0000] {logging_mixin.py:188} INFO - [2025-04-13T17:38:36.725+0000] {dag.py:3036} INFO - Sync 1 DAGs
[2025-04-13T17:38:36.766+0000] {logging_mixin.py:188} INFO - [2025-04-13T17:38:36.765+0000] {dag.py:3823} INFO - Setting next_dagrun for example_branch_operator to 2025-04-12 00:00:00+00:00, run_after=2025-04-13 00:00:00+00:00
[2025-04-13T17:38:36.887+0000] {processor.py:183} INFO - Processing /home/airflow/.local/lib/python3.8/site-packages/airflow/example_dags/example_branch_operator.py took 0.247 seconds
[2025-04-13T17:39:08.859+0000] {processor.py:161} INFO - Started process (PID=5656) to work on /home/airflow/.local/lib/python3.8/site-packages/airflow/example_dags/example_branch_operator.py
[2025-04-13T17:39:08.861+0000] {processor.py:830} INFO - Processing file /home/airflow/.local/lib/python3.8/site-packages/airflow/example_dags/example_branch_operator.py for tasks to queue
[2025-04-13T17:39:08.863+0000] {logging_mixin.py:188} INFO - [2025-04-13T17:39:08.863+0000] {dagbag.py:538} INFO - Filling up the DagBag from /home/airflow/.local/lib/python3.8/site-packages/airflow/example_dags/example_branch_operator.py
[2025-04-13T17:39:08.889+0000] {processor.py:840} INFO - DAG(s) 'example_branch_operator' retrieved from /home/airflow/.local/lib/python3.8/site-packages/airflow/example_dags/example_branch_operator.py
[2025-04-13T17:39:08.936+0000] {logging_mixin.py:188} INFO - [2025-04-13T17:39:08.936+0000] {dag.py:3036} INFO - Sync 1 DAGs
[2025-04-13T17:39:08.979+0000] {logging_mixin.py:188} INFO - [2025-04-13T17:39:08.978+0000] {dag.py:3823} INFO - Setting next_dagrun for example_branch_operator to 2025-04-12 00:00:00+00:00, run_after=2025-04-13 00:00:00+00:00
[2025-04-13T17:39:09.023+0000] {processor.py:183} INFO - Processing /home/airflow/.local/lib/python3.8/site-packages/airflow/example_dags/example_branch_operator.py took 0.169 seconds
[2025-04-13T17:39:41.613+0000] {processor.py:161} INFO - Started process (PID=5712) to work on /home/airflow/.local/lib/python3.8/site-packages/airflow/example_dags/example_branch_operator.py
[2025-04-13T17:39:41.615+0000] {processor.py:830} INFO - Processing file /home/airflow/.local/lib/python3.8/site-packages/airflow/example_dags/example_branch_operator.py for tasks to queue
[2025-04-13T17:39:41.617+0000] {logging_mixin.py:188} INFO - [2025-04-13T17:39:41.617+0000] {dagbag.py:538} INFO - Filling up the DagBag from /home/airflow/.local/lib/python3.8/site-packages/airflow/example_dags/example_branch_operator.py
[2025-04-13T17:39:41.647+0000] {processor.py:840} INFO - DAG(s) 'example_branch_operator' retrieved from /home/airflow/.local/lib/python3.8/site-packages/airflow/example_dags/example_branch_operator.py
[2025-04-13T17:39:41.750+0000] {logging_mixin.py:188} INFO - [2025-04-13T17:39:41.749+0000] {dag.py:3036} INFO - Sync 1 DAGs
[2025-04-13T17:39:41.805+0000] {logging_mixin.py:188} INFO - [2025-04-13T17:39:41.804+0000] {dag.py:3823} INFO - Setting next_dagrun for example_branch_operator to 2025-04-12 00:00:00+00:00, run_after=2025-04-13 00:00:00+00:00
[2025-04-13T17:39:41.843+0000] {processor.py:183} INFO - Processing /home/airflow/.local/lib/python3.8/site-packages/airflow/example_dags/example_branch_operator.py took 0.234 seconds
[2025-04-13T17:40:13.019+0000] {processor.py:161} INFO - Started process (PID=5768) to work on /home/airflow/.local/lib/python3.8/site-packages/airflow/example_dags/example_branch_operator.py
[2025-04-13T17:40:13.022+0000] {processor.py:830} INFO - Processing file /home/airflow/.local/lib/python3.8/site-packages/airflow/example_dags/example_branch_operator.py for tasks to queue
[2025-04-13T17:40:13.025+0000] {logging_mixin.py:188} INFO - [2025-04-13T17:40:13.024+0000] {dagbag.py:538} INFO - Filling up the DagBag from /home/airflow/.local/lib/python3.8/site-packages/airflow/example_dags/example_branch_operator.py
[2025-04-13T17:40:13.069+0000] {processor.py:840} INFO - DAG(s) 'example_branch_operator' retrieved from /home/airflow/.local/lib/python3.8/site-packages/airflow/example_dags/example_branch_operator.py
[2025-04-13T17:40:13.126+0000] {logging_mixin.py:188} INFO - [2025-04-13T17:40:13.126+0000] {dag.py:3036} INFO - Sync 1 DAGs
[2025-04-13T17:40:13.166+0000] {logging_mixin.py:188} INFO - [2025-04-13T17:40:13.165+0000] {dag.py:3823} INFO - Setting next_dagrun for example_branch_operator to 2025-04-12 00:00:00+00:00, run_after=2025-04-13 00:00:00+00:00
[2025-04-13T17:40:13.197+0000] {processor.py:183} INFO - Processing /home/airflow/.local/lib/python3.8/site-packages/airflow/example_dags/example_branch_operator.py took 0.187 seconds
[2025-04-13T17:40:46.231+0000] {processor.py:161} INFO - Started process (PID=5825) to work on /home/airflow/.local/lib/python3.8/site-packages/airflow/example_dags/example_branch_operator.py
[2025-04-13T17:40:46.233+0000] {processor.py:830} INFO - Processing file /home/airflow/.local/lib/python3.8/site-packages/airflow/example_dags/example_branch_operator.py for tasks to queue
[2025-04-13T17:40:46.242+0000] {logging_mixin.py:188} INFO - [2025-04-13T17:40:46.241+0000] {dagbag.py:538} INFO - Filling up the DagBag from /home/airflow/.local/lib/python3.8/site-packages/airflow/example_dags/example_branch_operator.py
[2025-04-13T17:40:46.284+0000] {processor.py:840} INFO - DAG(s) 'example_branch_operator' retrieved from /home/airflow/.local/lib/python3.8/site-packages/airflow/example_dags/example_branch_operator.py
[2025-04-13T17:40:46.348+0000] {logging_mixin.py:188} INFO - [2025-04-13T17:40:46.348+0000] {dag.py:3036} INFO - Sync 1 DAGs
[2025-04-13T17:40:46.382+0000] {logging_mixin.py:188} INFO - [2025-04-13T17:40:46.382+0000] {dag.py:3823} INFO - Setting next_dagrun for example_branch_operator to 2025-04-12 00:00:00+00:00, run_after=2025-04-13 00:00:00+00:00
[2025-04-13T17:40:46.449+0000] {processor.py:183} INFO - Processing /home/airflow/.local/lib/python3.8/site-packages/airflow/example_dags/example_branch_operator.py took 0.228 seconds
[2025-04-13T17:41:18.930+0000] {processor.py:161} INFO - Started process (PID=5881) to work on /home/airflow/.local/lib/python3.8/site-packages/airflow/example_dags/example_branch_operator.py
[2025-04-13T17:41:18.936+0000] {processor.py:830} INFO - Processing file /home/airflow/.local/lib/python3.8/site-packages/airflow/example_dags/example_branch_operator.py for tasks to queue
[2025-04-13T17:41:18.946+0000] {logging_mixin.py:188} INFO - [2025-04-13T17:41:18.945+0000] {dagbag.py:538} INFO - Filling up the DagBag from /home/airflow/.local/lib/python3.8/site-packages/airflow/example_dags/example_branch_operator.py
[2025-04-13T17:41:18.995+0000] {processor.py:840} INFO - DAG(s) 'example_branch_operator' retrieved from /home/airflow/.local/lib/python3.8/site-packages/airflow/example_dags/example_branch_operator.py
[2025-04-13T17:41:19.071+0000] {logging_mixin.py:188} INFO - [2025-04-13T17:41:19.071+0000] {dag.py:3036} INFO - Sync 1 DAGs
[2025-04-13T17:41:19.119+0000] {logging_mixin.py:188} INFO - [2025-04-13T17:41:19.118+0000] {dag.py:3823} INFO - Setting next_dagrun for example_branch_operator to 2025-04-12 00:00:00+00:00, run_after=2025-04-13 00:00:00+00:00
[2025-04-13T17:41:19.156+0000] {processor.py:183} INFO - Processing /home/airflow/.local/lib/python3.8/site-packages/airflow/example_dags/example_branch_operator.py took 0.233 seconds
[2025-04-13T17:41:49.578+0000] {processor.py:161} INFO - Started process (PID=5936) to work on /home/airflow/.local/lib/python3.8/site-packages/airflow/example_dags/example_branch_operator.py
[2025-04-13T17:41:49.580+0000] {processor.py:830} INFO - Processing file /home/airflow/.local/lib/python3.8/site-packages/airflow/example_dags/example_branch_operator.py for tasks to queue
[2025-04-13T17:41:49.584+0000] {logging_mixin.py:188} INFO - [2025-04-13T17:41:49.583+0000] {dagbag.py:538} INFO - Filling up the DagBag from /home/airflow/.local/lib/python3.8/site-packages/airflow/example_dags/example_branch_operator.py
[2025-04-13T17:41:49.611+0000] {processor.py:840} INFO - DAG(s) 'example_branch_operator' retrieved from /home/airflow/.local/lib/python3.8/site-packages/airflow/example_dags/example_branch_operator.py
[2025-04-13T17:41:49.649+0000] {logging_mixin.py:188} INFO - [2025-04-13T17:41:49.648+0000] {dag.py:3036} INFO - Sync 1 DAGs
[2025-04-13T17:41:49.684+0000] {logging_mixin.py:188} INFO - [2025-04-13T17:41:49.684+0000] {dag.py:3823} INFO - Setting next_dagrun for example_branch_operator to 2025-04-12 00:00:00+00:00, run_after=2025-04-13 00:00:00+00:00
[2025-04-13T17:41:49.762+0000] {processor.py:183} INFO - Processing /home/airflow/.local/lib/python3.8/site-packages/airflow/example_dags/example_branch_operator.py took 0.189 seconds
[2025-04-13T17:42:22.027+0000] {processor.py:161} INFO - Started process (PID=5993) to work on /home/airflow/.local/lib/python3.8/site-packages/airflow/example_dags/example_branch_operator.py
[2025-04-13T17:42:22.029+0000] {processor.py:830} INFO - Processing file /home/airflow/.local/lib/python3.8/site-packages/airflow/example_dags/example_branch_operator.py for tasks to queue
[2025-04-13T17:42:22.032+0000] {logging_mixin.py:188} INFO - [2025-04-13T17:42:22.031+0000] {dagbag.py:538} INFO - Filling up the DagBag from /home/airflow/.local/lib/python3.8/site-packages/airflow/example_dags/example_branch_operator.py
[2025-04-13T17:42:22.060+0000] {processor.py:840} INFO - DAG(s) 'example_branch_operator' retrieved from /home/airflow/.local/lib/python3.8/site-packages/airflow/example_dags/example_branch_operator.py
[2025-04-13T17:42:22.114+0000] {logging_mixin.py:188} INFO - [2025-04-13T17:42:22.114+0000] {dag.py:3036} INFO - Sync 1 DAGs
[2025-04-13T17:42:22.150+0000] {logging_mixin.py:188} INFO - [2025-04-13T17:42:22.150+0000] {dag.py:3823} INFO - Setting next_dagrun for example_branch_operator to 2025-04-12 00:00:00+00:00, run_after=2025-04-13 00:00:00+00:00
[2025-04-13T17:42:22.223+0000] {processor.py:183} INFO - Processing /home/airflow/.local/lib/python3.8/site-packages/airflow/example_dags/example_branch_operator.py took 0.202 seconds
[2025-04-13T17:42:54.501+0000] {processor.py:161} INFO - Started process (PID=6049) to work on /home/airflow/.local/lib/python3.8/site-packages/airflow/example_dags/example_branch_operator.py
[2025-04-13T17:42:54.502+0000] {processor.py:830} INFO - Processing file /home/airflow/.local/lib/python3.8/site-packages/airflow/example_dags/example_branch_operator.py for tasks to queue
[2025-04-13T17:42:54.506+0000] {logging_mixin.py:188} INFO - [2025-04-13T17:42:54.505+0000] {dagbag.py:538} INFO - Filling up the DagBag from /home/airflow/.local/lib/python3.8/site-packages/airflow/example_dags/example_branch_operator.py
[2025-04-13T17:42:54.530+0000] {processor.py:840} INFO - DAG(s) 'example_branch_operator' retrieved from /home/airflow/.local/lib/python3.8/site-packages/airflow/example_dags/example_branch_operator.py
[2025-04-13T17:42:54.584+0000] {logging_mixin.py:188} INFO - [2025-04-13T17:42:54.584+0000] {dag.py:3036} INFO - Sync 1 DAGs
[2025-04-13T17:42:54.635+0000] {logging_mixin.py:188} INFO - [2025-04-13T17:42:54.635+0000] {dag.py:3823} INFO - Setting next_dagrun for example_branch_operator to 2025-04-12 00:00:00+00:00, run_after=2025-04-13 00:00:00+00:00
[2025-04-13T17:42:54.697+0000] {processor.py:183} INFO - Processing /home/airflow/.local/lib/python3.8/site-packages/airflow/example_dags/example_branch_operator.py took 0.199 seconds
[2025-04-13T17:43:26.845+0000] {processor.py:161} INFO - Started process (PID=6099) to work on /home/airflow/.local/lib/python3.8/site-packages/airflow/example_dags/example_branch_operator.py
[2025-04-13T17:43:26.847+0000] {processor.py:830} INFO - Processing file /home/airflow/.local/lib/python3.8/site-packages/airflow/example_dags/example_branch_operator.py for tasks to queue
[2025-04-13T17:43:26.853+0000] {logging_mixin.py:188} INFO - [2025-04-13T17:43:26.851+0000] {dagbag.py:538} INFO - Filling up the DagBag from /home/airflow/.local/lib/python3.8/site-packages/airflow/example_dags/example_branch_operator.py
[2025-04-13T17:43:26.897+0000] {processor.py:840} INFO - DAG(s) 'example_branch_operator' retrieved from /home/airflow/.local/lib/python3.8/site-packages/airflow/example_dags/example_branch_operator.py
[2025-04-13T17:43:26.951+0000] {logging_mixin.py:188} INFO - [2025-04-13T17:43:26.951+0000] {dag.py:3036} INFO - Sync 1 DAGs
[2025-04-13T17:43:26.992+0000] {logging_mixin.py:188} INFO - [2025-04-13T17:43:26.992+0000] {dag.py:3823} INFO - Setting next_dagrun for example_branch_operator to 2025-04-12 00:00:00+00:00, run_after=2025-04-13 00:00:00+00:00
[2025-04-13T17:43:27.040+0000] {processor.py:183} INFO - Processing /home/airflow/.local/lib/python3.8/site-packages/airflow/example_dags/example_branch_operator.py took 0.200 seconds
[2025-04-13T17:43:57.645+0000] {processor.py:161} INFO - Started process (PID=6161) to work on /home/airflow/.local/lib/python3.8/site-packages/airflow/example_dags/example_branch_operator.py
[2025-04-13T17:43:57.647+0000] {processor.py:830} INFO - Processing file /home/airflow/.local/lib/python3.8/site-packages/airflow/example_dags/example_branch_operator.py for tasks to queue
[2025-04-13T17:43:57.649+0000] {logging_mixin.py:188} INFO - [2025-04-13T17:43:57.649+0000] {dagbag.py:538} INFO - Filling up the DagBag from /home/airflow/.local/lib/python3.8/site-packages/airflow/example_dags/example_branch_operator.py
[2025-04-13T17:43:57.679+0000] {processor.py:840} INFO - DAG(s) 'example_branch_operator' retrieved from /home/airflow/.local/lib/python3.8/site-packages/airflow/example_dags/example_branch_operator.py
[2025-04-13T17:43:57.714+0000] {logging_mixin.py:188} INFO - [2025-04-13T17:43:57.714+0000] {dag.py:3036} INFO - Sync 1 DAGs
[2025-04-13T17:43:57.750+0000] {logging_mixin.py:188} INFO - [2025-04-13T17:43:57.750+0000] {dag.py:3823} INFO - Setting next_dagrun for example_branch_operator to 2025-04-12 00:00:00+00:00, run_after=2025-04-13 00:00:00+00:00
[2025-04-13T17:43:57.826+0000] {processor.py:183} INFO - Processing /home/airflow/.local/lib/python3.8/site-packages/airflow/example_dags/example_branch_operator.py took 0.187 seconds
[2025-04-13T17:44:29.329+0000] {processor.py:161} INFO - Started process (PID=6211) to work on /home/airflow/.local/lib/python3.8/site-packages/airflow/example_dags/example_branch_operator.py
[2025-04-13T17:44:29.333+0000] {processor.py:830} INFO - Processing file /home/airflow/.local/lib/python3.8/site-packages/airflow/example_dags/example_branch_operator.py for tasks to queue
[2025-04-13T17:44:29.338+0000] {logging_mixin.py:188} INFO - [2025-04-13T17:44:29.337+0000] {dagbag.py:538} INFO - Filling up the DagBag from /home/airflow/.local/lib/python3.8/site-packages/airflow/example_dags/example_branch_operator.py
[2025-04-13T17:44:29.378+0000] {processor.py:840} INFO - DAG(s) 'example_branch_operator' retrieved from /home/airflow/.local/lib/python3.8/site-packages/airflow/example_dags/example_branch_operator.py
[2025-04-13T17:44:29.430+0000] {logging_mixin.py:188} INFO - [2025-04-13T17:44:29.430+0000] {dag.py:3036} INFO - Sync 1 DAGs
[2025-04-13T17:44:29.469+0000] {logging_mixin.py:188} INFO - [2025-04-13T17:44:29.469+0000] {dag.py:3823} INFO - Setting next_dagrun for example_branch_operator to 2025-04-12 00:00:00+00:00, run_after=2025-04-13 00:00:00+00:00
[2025-04-13T17:44:29.503+0000] {processor.py:183} INFO - Processing /home/airflow/.local/lib/python3.8/site-packages/airflow/example_dags/example_branch_operator.py took 0.183 seconds
[2025-04-13T17:45:01.853+0000] {processor.py:161} INFO - Started process (PID=6267) to work on /home/airflow/.local/lib/python3.8/site-packages/airflow/example_dags/example_branch_operator.py
[2025-04-13T17:45:01.856+0000] {processor.py:830} INFO - Processing file /home/airflow/.local/lib/python3.8/site-packages/airflow/example_dags/example_branch_operator.py for tasks to queue
[2025-04-13T17:45:01.859+0000] {logging_mixin.py:188} INFO - [2025-04-13T17:45:01.858+0000] {dagbag.py:538} INFO - Filling up the DagBag from /home/airflow/.local/lib/python3.8/site-packages/airflow/example_dags/example_branch_operator.py
[2025-04-13T17:45:01.894+0000] {processor.py:840} INFO - DAG(s) 'example_branch_operator' retrieved from /home/airflow/.local/lib/python3.8/site-packages/airflow/example_dags/example_branch_operator.py
[2025-04-13T17:45:01.950+0000] {logging_mixin.py:188} INFO - [2025-04-13T17:45:01.950+0000] {dag.py:3036} INFO - Sync 1 DAGs
[2025-04-13T17:45:01.994+0000] {logging_mixin.py:188} INFO - [2025-04-13T17:45:01.994+0000] {dag.py:3823} INFO - Setting next_dagrun for example_branch_operator to 2025-04-12 00:00:00+00:00, run_after=2025-04-13 00:00:00+00:00
[2025-04-13T17:45:02.054+0000] {processor.py:183} INFO - Processing /home/airflow/.local/lib/python3.8/site-packages/airflow/example_dags/example_branch_operator.py took 0.210 seconds
[2025-04-13T17:45:34.122+0000] {processor.py:161} INFO - Started process (PID=6323) to work on /home/airflow/.local/lib/python3.8/site-packages/airflow/example_dags/example_branch_operator.py
[2025-04-13T17:45:34.123+0000] {processor.py:830} INFO - Processing file /home/airflow/.local/lib/python3.8/site-packages/airflow/example_dags/example_branch_operator.py for tasks to queue
[2025-04-13T17:45:34.127+0000] {logging_mixin.py:188} INFO - [2025-04-13T17:45:34.127+0000] {dagbag.py:538} INFO - Filling up the DagBag from /home/airflow/.local/lib/python3.8/site-packages/airflow/example_dags/example_branch_operator.py
[2025-04-13T17:45:34.156+0000] {processor.py:840} INFO - DAG(s) 'example_branch_operator' retrieved from /home/airflow/.local/lib/python3.8/site-packages/airflow/example_dags/example_branch_operator.py
[2025-04-13T17:45:34.194+0000] {logging_mixin.py:188} INFO - [2025-04-13T17:45:34.194+0000] {dag.py:3036} INFO - Sync 1 DAGs
[2025-04-13T17:45:34.225+0000] {logging_mixin.py:188} INFO - [2025-04-13T17:45:34.225+0000] {dag.py:3823} INFO - Setting next_dagrun for example_branch_operator to 2025-04-12 00:00:00+00:00, run_after=2025-04-13 00:00:00+00:00
[2025-04-13T17:45:34.263+0000] {processor.py:183} INFO - Processing /home/airflow/.local/lib/python3.8/site-packages/airflow/example_dags/example_branch_operator.py took 0.147 seconds
[2025-04-13T17:46:06.853+0000] {processor.py:161} INFO - Started process (PID=6380) to work on /home/airflow/.local/lib/python3.8/site-packages/airflow/example_dags/example_branch_operator.py
[2025-04-13T17:46:06.856+0000] {processor.py:830} INFO - Processing file /home/airflow/.local/lib/python3.8/site-packages/airflow/example_dags/example_branch_operator.py for tasks to queue
[2025-04-13T17:46:06.860+0000] {logging_mixin.py:188} INFO - [2025-04-13T17:46:06.860+0000] {dagbag.py:538} INFO - Filling up the DagBag from /home/airflow/.local/lib/python3.8/site-packages/airflow/example_dags/example_branch_operator.py
[2025-04-13T17:46:06.906+0000] {processor.py:840} INFO - DAG(s) 'example_branch_operator' retrieved from /home/airflow/.local/lib/python3.8/site-packages/airflow/example_dags/example_branch_operator.py
[2025-04-13T17:46:06.954+0000] {logging_mixin.py:188} INFO - [2025-04-13T17:46:06.954+0000] {dag.py:3036} INFO - Sync 1 DAGs
[2025-04-13T17:46:06.995+0000] {logging_mixin.py:188} INFO - [2025-04-13T17:46:06.994+0000] {dag.py:3823} INFO - Setting next_dagrun for example_branch_operator to 2025-04-12 00:00:00+00:00, run_after=2025-04-13 00:00:00+00:00
[2025-04-13T17:46:07.056+0000] {processor.py:183} INFO - Processing /home/airflow/.local/lib/python3.8/site-packages/airflow/example_dags/example_branch_operator.py took 0.211 seconds
[2025-04-13T17:46:39.276+0000] {processor.py:161} INFO - Started process (PID=6436) to work on /home/airflow/.local/lib/python3.8/site-packages/airflow/example_dags/example_branch_operator.py
[2025-04-13T17:46:39.278+0000] {processor.py:830} INFO - Processing file /home/airflow/.local/lib/python3.8/site-packages/airflow/example_dags/example_branch_operator.py for tasks to queue
[2025-04-13T17:46:39.282+0000] {logging_mixin.py:188} INFO - [2025-04-13T17:46:39.281+0000] {dagbag.py:538} INFO - Filling up the DagBag from /home/airflow/.local/lib/python3.8/site-packages/airflow/example_dags/example_branch_operator.py
[2025-04-13T17:46:39.313+0000] {processor.py:840} INFO - DAG(s) 'example_branch_operator' retrieved from /home/airflow/.local/lib/python3.8/site-packages/airflow/example_dags/example_branch_operator.py
[2025-04-13T17:46:39.363+0000] {logging_mixin.py:188} INFO - [2025-04-13T17:46:39.363+0000] {dag.py:3036} INFO - Sync 1 DAGs
[2025-04-13T17:46:39.392+0000] {logging_mixin.py:188} INFO - [2025-04-13T17:46:39.392+0000] {dag.py:3823} INFO - Setting next_dagrun for example_branch_operator to 2025-04-12 00:00:00+00:00, run_after=2025-04-13 00:00:00+00:00
[2025-04-13T17:46:39.423+0000] {processor.py:183} INFO - Processing /home/airflow/.local/lib/python3.8/site-packages/airflow/example_dags/example_branch_operator.py took 0.152 seconds
[2025-04-13T17:47:11.568+0000] {processor.py:161} INFO - Started process (PID=6493) to work on /home/airflow/.local/lib/python3.8/site-packages/airflow/example_dags/example_branch_operator.py
[2025-04-13T17:47:11.569+0000] {processor.py:830} INFO - Processing file /home/airflow/.local/lib/python3.8/site-packages/airflow/example_dags/example_branch_operator.py for tasks to queue
[2025-04-13T17:47:11.573+0000] {logging_mixin.py:188} INFO - [2025-04-13T17:47:11.572+0000] {dagbag.py:538} INFO - Filling up the DagBag from /home/airflow/.local/lib/python3.8/site-packages/airflow/example_dags/example_branch_operator.py
[2025-04-13T17:47:11.603+0000] {processor.py:840} INFO - DAG(s) 'example_branch_operator' retrieved from /home/airflow/.local/lib/python3.8/site-packages/airflow/example_dags/example_branch_operator.py
[2025-04-13T17:47:11.641+0000] {logging_mixin.py:188} INFO - [2025-04-13T17:47:11.641+0000] {dag.py:3036} INFO - Sync 1 DAGs
[2025-04-13T17:47:11.673+0000] {logging_mixin.py:188} INFO - [2025-04-13T17:47:11.672+0000] {dag.py:3823} INFO - Setting next_dagrun for example_branch_operator to 2025-04-12 00:00:00+00:00, run_after=2025-04-13 00:00:00+00:00
[2025-04-13T17:47:11.759+0000] {processor.py:183} INFO - Processing /home/airflow/.local/lib/python3.8/site-packages/airflow/example_dags/example_branch_operator.py took 0.198 seconds
[2025-04-13T17:47:44.293+0000] {processor.py:161} INFO - Started process (PID=6549) to work on /home/airflow/.local/lib/python3.8/site-packages/airflow/example_dags/example_branch_operator.py
[2025-04-13T17:47:44.295+0000] {processor.py:830} INFO - Processing file /home/airflow/.local/lib/python3.8/site-packages/airflow/example_dags/example_branch_operator.py for tasks to queue
[2025-04-13T17:47:44.299+0000] {logging_mixin.py:188} INFO - [2025-04-13T17:47:44.298+0000] {dagbag.py:538} INFO - Filling up the DagBag from /home/airflow/.local/lib/python3.8/site-packages/airflow/example_dags/example_branch_operator.py
[2025-04-13T17:47:44.330+0000] {processor.py:840} INFO - DAG(s) 'example_branch_operator' retrieved from /home/airflow/.local/lib/python3.8/site-packages/airflow/example_dags/example_branch_operator.py
[2025-04-13T17:47:44.406+0000] {logging_mixin.py:188} INFO - [2025-04-13T17:47:44.405+0000] {dag.py:3036} INFO - Sync 1 DAGs
[2025-04-13T17:47:44.444+0000] {logging_mixin.py:188} INFO - [2025-04-13T17:47:44.444+0000] {dag.py:3823} INFO - Setting next_dagrun for example_branch_operator to 2025-04-12 00:00:00+00:00, run_after=2025-04-13 00:00:00+00:00
[2025-04-13T17:47:44.511+0000] {processor.py:183} INFO - Processing /home/airflow/.local/lib/python3.8/site-packages/airflow/example_dags/example_branch_operator.py took 0.223 seconds
[2025-04-13T17:48:16.961+0000] {processor.py:161} INFO - Started process (PID=6605) to work on /home/airflow/.local/lib/python3.8/site-packages/airflow/example_dags/example_branch_operator.py
[2025-04-13T17:48:16.964+0000] {processor.py:830} INFO - Processing file /home/airflow/.local/lib/python3.8/site-packages/airflow/example_dags/example_branch_operator.py for tasks to queue
[2025-04-13T17:48:16.979+0000] {logging_mixin.py:188} INFO - [2025-04-13T17:48:16.979+0000] {dagbag.py:538} INFO - Filling up the DagBag from /home/airflow/.local/lib/python3.8/site-packages/airflow/example_dags/example_branch_operator.py
[2025-04-13T17:48:17.016+0000] {processor.py:840} INFO - DAG(s) 'example_branch_operator' retrieved from /home/airflow/.local/lib/python3.8/site-packages/airflow/example_dags/example_branch_operator.py
[2025-04-13T17:48:17.096+0000] {logging_mixin.py:188} INFO - [2025-04-13T17:48:17.095+0000] {dag.py:3036} INFO - Sync 1 DAGs
[2025-04-13T17:48:17.128+0000] {logging_mixin.py:188} INFO - [2025-04-13T17:48:17.128+0000] {dag.py:3823} INFO - Setting next_dagrun for example_branch_operator to 2025-04-12 00:00:00+00:00, run_after=2025-04-13 00:00:00+00:00
[2025-04-13T17:48:17.203+0000] {processor.py:183} INFO - Processing /home/airflow/.local/lib/python3.8/site-packages/airflow/example_dags/example_branch_operator.py took 0.248 seconds
[2025-04-13T17:48:48.910+0000] {processor.py:161} INFO - Started process (PID=6661) to work on /home/airflow/.local/lib/python3.8/site-packages/airflow/example_dags/example_branch_operator.py
[2025-04-13T17:48:48.912+0000] {processor.py:830} INFO - Processing file /home/airflow/.local/lib/python3.8/site-packages/airflow/example_dags/example_branch_operator.py for tasks to queue
[2025-04-13T17:48:48.916+0000] {logging_mixin.py:188} INFO - [2025-04-13T17:48:48.915+0000] {dagbag.py:538} INFO - Filling up the DagBag from /home/airflow/.local/lib/python3.8/site-packages/airflow/example_dags/example_branch_operator.py
[2025-04-13T17:48:48.956+0000] {processor.py:840} INFO - DAG(s) 'example_branch_operator' retrieved from /home/airflow/.local/lib/python3.8/site-packages/airflow/example_dags/example_branch_operator.py
[2025-04-13T17:48:49.001+0000] {logging_mixin.py:188} INFO - [2025-04-13T17:48:49.000+0000] {dag.py:3036} INFO - Sync 1 DAGs
[2025-04-13T17:48:49.037+0000] {logging_mixin.py:188} INFO - [2025-04-13T17:48:49.036+0000] {dag.py:3823} INFO - Setting next_dagrun for example_branch_operator to 2025-04-12 00:00:00+00:00, run_after=2025-04-13 00:00:00+00:00
[2025-04-13T17:48:49.082+0000] {processor.py:183} INFO - Processing /home/airflow/.local/lib/python3.8/site-packages/airflow/example_dags/example_branch_operator.py took 0.177 seconds
[2025-04-13T17:49:21.206+0000] {processor.py:161} INFO - Started process (PID=6717) to work on /home/airflow/.local/lib/python3.8/site-packages/airflow/example_dags/example_branch_operator.py
[2025-04-13T17:49:21.208+0000] {processor.py:830} INFO - Processing file /home/airflow/.local/lib/python3.8/site-packages/airflow/example_dags/example_branch_operator.py for tasks to queue
[2025-04-13T17:49:21.212+0000] {logging_mixin.py:188} INFO - [2025-04-13T17:49:21.211+0000] {dagbag.py:538} INFO - Filling up the DagBag from /home/airflow/.local/lib/python3.8/site-packages/airflow/example_dags/example_branch_operator.py
[2025-04-13T17:49:21.247+0000] {processor.py:840} INFO - DAG(s) 'example_branch_operator' retrieved from /home/airflow/.local/lib/python3.8/site-packages/airflow/example_dags/example_branch_operator.py
[2025-04-13T17:49:21.300+0000] {logging_mixin.py:188} INFO - [2025-04-13T17:49:21.300+0000] {dag.py:3036} INFO - Sync 1 DAGs
[2025-04-13T17:49:21.340+0000] {logging_mixin.py:188} INFO - [2025-04-13T17:49:21.339+0000] {dag.py:3823} INFO - Setting next_dagrun for example_branch_operator to 2025-04-12 00:00:00+00:00, run_after=2025-04-13 00:00:00+00:00
[2025-04-13T17:49:21.371+0000] {processor.py:183} INFO - Processing /home/airflow/.local/lib/python3.8/site-packages/airflow/example_dags/example_branch_operator.py took 0.170 seconds
[2025-04-13T17:49:54.486+0000] {processor.py:161} INFO - Started process (PID=6773) to work on /home/airflow/.local/lib/python3.8/site-packages/airflow/example_dags/example_branch_operator.py
[2025-04-13T17:49:54.488+0000] {processor.py:830} INFO - Processing file /home/airflow/.local/lib/python3.8/site-packages/airflow/example_dags/example_branch_operator.py for tasks to queue
[2025-04-13T17:49:54.492+0000] {logging_mixin.py:188} INFO - [2025-04-13T17:49:54.491+0000] {dagbag.py:538} INFO - Filling up the DagBag from /home/airflow/.local/lib/python3.8/site-packages/airflow/example_dags/example_branch_operator.py
[2025-04-13T17:49:54.527+0000] {processor.py:840} INFO - DAG(s) 'example_branch_operator' retrieved from /home/airflow/.local/lib/python3.8/site-packages/airflow/example_dags/example_branch_operator.py
[2025-04-13T17:49:54.578+0000] {logging_mixin.py:188} INFO - [2025-04-13T17:49:54.578+0000] {dag.py:3036} INFO - Sync 1 DAGs
[2025-04-13T17:49:54.623+0000] {logging_mixin.py:188} INFO - [2025-04-13T17:49:54.622+0000] {dag.py:3823} INFO - Setting next_dagrun for example_branch_operator to 2025-04-12 00:00:00+00:00, run_after=2025-04-13 00:00:00+00:00
[2025-04-13T17:49:54.726+0000] {processor.py:183} INFO - Processing /home/airflow/.local/lib/python3.8/site-packages/airflow/example_dags/example_branch_operator.py took 0.246 seconds
[2025-04-13T17:50:26.805+0000] {processor.py:161} INFO - Started process (PID=6829) to work on /home/airflow/.local/lib/python3.8/site-packages/airflow/example_dags/example_branch_operator.py
[2025-04-13T17:50:26.807+0000] {processor.py:830} INFO - Processing file /home/airflow/.local/lib/python3.8/site-packages/airflow/example_dags/example_branch_operator.py for tasks to queue
[2025-04-13T17:50:26.813+0000] {logging_mixin.py:188} INFO - [2025-04-13T17:50:26.812+0000] {dagbag.py:538} INFO - Filling up the DagBag from /home/airflow/.local/lib/python3.8/site-packages/airflow/example_dags/example_branch_operator.py
[2025-04-13T17:50:26.849+0000] {processor.py:840} INFO - DAG(s) 'example_branch_operator' retrieved from /home/airflow/.local/lib/python3.8/site-packages/airflow/example_dags/example_branch_operator.py
[2025-04-13T17:50:26.898+0000] {logging_mixin.py:188} INFO - [2025-04-13T17:50:26.898+0000] {dag.py:3036} INFO - Sync 1 DAGs
[2025-04-13T17:50:26.937+0000] {logging_mixin.py:188} INFO - [2025-04-13T17:50:26.937+0000] {dag.py:3823} INFO - Setting next_dagrun for example_branch_operator to 2025-04-12 00:00:00+00:00, run_after=2025-04-13 00:00:00+00:00
[2025-04-13T17:50:26.967+0000] {processor.py:183} INFO - Processing /home/airflow/.local/lib/python3.8/site-packages/airflow/example_dags/example_branch_operator.py took 0.168 seconds
[2025-04-13T17:51:01.065+0000] {processor.py:161} INFO - Started process (PID=6886) to work on /home/airflow/.local/lib/python3.8/site-packages/airflow/example_dags/example_branch_operator.py
[2025-04-13T17:51:01.072+0000] {processor.py:830} INFO - Processing file /home/airflow/.local/lib/python3.8/site-packages/airflow/example_dags/example_branch_operator.py for tasks to queue
[2025-04-13T17:51:01.077+0000] {logging_mixin.py:188} INFO - [2025-04-13T17:51:01.077+0000] {dagbag.py:538} INFO - Filling up the DagBag from /home/airflow/.local/lib/python3.8/site-packages/airflow/example_dags/example_branch_operator.py
[2025-04-13T17:51:01.116+0000] {processor.py:840} INFO - DAG(s) 'example_branch_operator' retrieved from /home/airflow/.local/lib/python3.8/site-packages/airflow/example_dags/example_branch_operator.py
[2025-04-13T17:51:01.249+0000] {logging_mixin.py:188} INFO - [2025-04-13T17:51:01.249+0000] {dag.py:3036} INFO - Sync 1 DAGs
[2025-04-13T17:51:01.371+0000] {logging_mixin.py:188} INFO - [2025-04-13T17:51:01.370+0000] {dag.py:3823} INFO - Setting next_dagrun for example_branch_operator to 2025-04-12 00:00:00+00:00, run_after=2025-04-13 00:00:00+00:00
[2025-04-13T17:51:01.484+0000] {processor.py:183} INFO - Processing /home/airflow/.local/lib/python3.8/site-packages/airflow/example_dags/example_branch_operator.py took 0.425 seconds
[2025-04-13T17:51:32.180+0000] {processor.py:161} INFO - Started process (PID=6942) to work on /home/airflow/.local/lib/python3.8/site-packages/airflow/example_dags/example_branch_operator.py
[2025-04-13T17:51:32.181+0000] {processor.py:830} INFO - Processing file /home/airflow/.local/lib/python3.8/site-packages/airflow/example_dags/example_branch_operator.py for tasks to queue
[2025-04-13T17:51:32.184+0000] {logging_mixin.py:188} INFO - [2025-04-13T17:51:32.183+0000] {dagbag.py:538} INFO - Filling up the DagBag from /home/airflow/.local/lib/python3.8/site-packages/airflow/example_dags/example_branch_operator.py
[2025-04-13T17:51:32.204+0000] {processor.py:840} INFO - DAG(s) 'example_branch_operator' retrieved from /home/airflow/.local/lib/python3.8/site-packages/airflow/example_dags/example_branch_operator.py
[2025-04-13T17:51:32.242+0000] {logging_mixin.py:188} INFO - [2025-04-13T17:51:32.242+0000] {dag.py:3036} INFO - Sync 1 DAGs
[2025-04-13T17:51:32.287+0000] {logging_mixin.py:188} INFO - [2025-04-13T17:51:32.287+0000] {dag.py:3823} INFO - Setting next_dagrun for example_branch_operator to 2025-04-12 00:00:00+00:00, run_after=2025-04-13 00:00:00+00:00
[2025-04-13T17:51:32.347+0000] {processor.py:183} INFO - Processing /home/airflow/.local/lib/python3.8/site-packages/airflow/example_dags/example_branch_operator.py took 0.171 seconds
[2025-04-13T17:52:04.398+0000] {processor.py:161} INFO - Started process (PID=6997) to work on /home/airflow/.local/lib/python3.8/site-packages/airflow/example_dags/example_branch_operator.py
[2025-04-13T17:52:04.400+0000] {processor.py:830} INFO - Processing file /home/airflow/.local/lib/python3.8/site-packages/airflow/example_dags/example_branch_operator.py for tasks to queue
[2025-04-13T17:52:04.403+0000] {logging_mixin.py:188} INFO - [2025-04-13T17:52:04.402+0000] {dagbag.py:538} INFO - Filling up the DagBag from /home/airflow/.local/lib/python3.8/site-packages/airflow/example_dags/example_branch_operator.py
[2025-04-13T17:52:04.427+0000] {processor.py:840} INFO - DAG(s) 'example_branch_operator' retrieved from /home/airflow/.local/lib/python3.8/site-packages/airflow/example_dags/example_branch_operator.py
[2025-04-13T17:52:04.485+0000] {logging_mixin.py:188} INFO - [2025-04-13T17:52:04.484+0000] {dag.py:3036} INFO - Sync 1 DAGs
[2025-04-13T17:52:04.544+0000] {logging_mixin.py:188} INFO - [2025-04-13T17:52:04.544+0000] {dag.py:3823} INFO - Setting next_dagrun for example_branch_operator to 2025-04-12 00:00:00+00:00, run_after=2025-04-13 00:00:00+00:00
[2025-04-13T17:52:04.576+0000] {processor.py:183} INFO - Processing /home/airflow/.local/lib/python3.8/site-packages/airflow/example_dags/example_branch_operator.py took 0.182 seconds
[2025-04-13T17:52:37.777+0000] {processor.py:161} INFO - Started process (PID=7055) to work on /home/airflow/.local/lib/python3.8/site-packages/airflow/example_dags/example_branch_operator.py
[2025-04-13T17:52:37.779+0000] {processor.py:830} INFO - Processing file /home/airflow/.local/lib/python3.8/site-packages/airflow/example_dags/example_branch_operator.py for tasks to queue
[2025-04-13T17:52:37.781+0000] {logging_mixin.py:188} INFO - [2025-04-13T17:52:37.781+0000] {dagbag.py:538} INFO - Filling up the DagBag from /home/airflow/.local/lib/python3.8/site-packages/airflow/example_dags/example_branch_operator.py
[2025-04-13T17:52:37.809+0000] {processor.py:840} INFO - DAG(s) 'example_branch_operator' retrieved from /home/airflow/.local/lib/python3.8/site-packages/airflow/example_dags/example_branch_operator.py
[2025-04-13T17:52:37.848+0000] {logging_mixin.py:188} INFO - [2025-04-13T17:52:37.848+0000] {dag.py:3036} INFO - Sync 1 DAGs
[2025-04-13T17:52:37.880+0000] {logging_mixin.py:188} INFO - [2025-04-13T17:52:37.880+0000] {dag.py:3823} INFO - Setting next_dagrun for example_branch_operator to 2025-04-12 00:00:00+00:00, run_after=2025-04-13 00:00:00+00:00
[2025-04-13T17:52:37.931+0000] {processor.py:183} INFO - Processing /home/airflow/.local/lib/python3.8/site-packages/airflow/example_dags/example_branch_operator.py took 0.160 seconds
[2025-04-13T17:53:10.255+0000] {processor.py:161} INFO - Started process (PID=7119) to work on /home/airflow/.local/lib/python3.8/site-packages/airflow/example_dags/example_branch_operator.py
[2025-04-13T17:53:10.258+0000] {processor.py:830} INFO - Processing file /home/airflow/.local/lib/python3.8/site-packages/airflow/example_dags/example_branch_operator.py for tasks to queue
[2025-04-13T17:53:10.261+0000] {logging_mixin.py:188} INFO - [2025-04-13T17:53:10.260+0000] {dagbag.py:538} INFO - Filling up the DagBag from /home/airflow/.local/lib/python3.8/site-packages/airflow/example_dags/example_branch_operator.py
[2025-04-13T17:53:10.284+0000] {processor.py:840} INFO - DAG(s) 'example_branch_operator' retrieved from /home/airflow/.local/lib/python3.8/site-packages/airflow/example_dags/example_branch_operator.py
[2025-04-13T17:53:10.317+0000] {logging_mixin.py:188} INFO - [2025-04-13T17:53:10.316+0000] {dag.py:3036} INFO - Sync 1 DAGs
[2025-04-13T17:53:10.344+0000] {logging_mixin.py:188} INFO - [2025-04-13T17:53:10.344+0000] {dag.py:3823} INFO - Setting next_dagrun for example_branch_operator to 2025-04-12 00:00:00+00:00, run_after=2025-04-13 00:00:00+00:00
[2025-04-13T17:53:10.417+0000] {processor.py:183} INFO - Processing /home/airflow/.local/lib/python3.8/site-packages/airflow/example_dags/example_branch_operator.py took 0.168 seconds
[2025-04-13T17:53:43.693+0000] {processor.py:161} INFO - Started process (PID=7175) to work on /home/airflow/.local/lib/python3.8/site-packages/airflow/example_dags/example_branch_operator.py
[2025-04-13T17:53:43.695+0000] {processor.py:830} INFO - Processing file /home/airflow/.local/lib/python3.8/site-packages/airflow/example_dags/example_branch_operator.py for tasks to queue
[2025-04-13T17:53:43.700+0000] {logging_mixin.py:188} INFO - [2025-04-13T17:53:43.699+0000] {dagbag.py:538} INFO - Filling up the DagBag from /home/airflow/.local/lib/python3.8/site-packages/airflow/example_dags/example_branch_operator.py
[2025-04-13T17:53:43.732+0000] {processor.py:840} INFO - DAG(s) 'example_branch_operator' retrieved from /home/airflow/.local/lib/python3.8/site-packages/airflow/example_dags/example_branch_operator.py
[2025-04-13T17:53:43.777+0000] {logging_mixin.py:188} INFO - [2025-04-13T17:53:43.777+0000] {dag.py:3036} INFO - Sync 1 DAGs
[2025-04-13T17:53:43.814+0000] {logging_mixin.py:188} INFO - [2025-04-13T17:53:43.813+0000] {dag.py:3823} INFO - Setting next_dagrun for example_branch_operator to 2025-04-12 00:00:00+00:00, run_after=2025-04-13 00:00:00+00:00
[2025-04-13T17:53:43.864+0000] {processor.py:183} INFO - Processing /home/airflow/.local/lib/python3.8/site-packages/airflow/example_dags/example_branch_operator.py took 0.178 seconds
[2025-04-13T17:54:15.578+0000] {processor.py:161} INFO - Started process (PID=7231) to work on /home/airflow/.local/lib/python3.8/site-packages/airflow/example_dags/example_branch_operator.py
[2025-04-13T17:54:15.580+0000] {processor.py:830} INFO - Processing file /home/airflow/.local/lib/python3.8/site-packages/airflow/example_dags/example_branch_operator.py for tasks to queue
[2025-04-13T17:54:15.583+0000] {logging_mixin.py:188} INFO - [2025-04-13T17:54:15.583+0000] {dagbag.py:538} INFO - Filling up the DagBag from /home/airflow/.local/lib/python3.8/site-packages/airflow/example_dags/example_branch_operator.py
[2025-04-13T17:54:15.614+0000] {processor.py:840} INFO - DAG(s) 'example_branch_operator' retrieved from /home/airflow/.local/lib/python3.8/site-packages/airflow/example_dags/example_branch_operator.py
[2025-04-13T17:54:15.664+0000] {logging_mixin.py:188} INFO - [2025-04-13T17:54:15.664+0000] {dag.py:3036} INFO - Sync 1 DAGs
[2025-04-13T17:54:15.697+0000] {logging_mixin.py:188} INFO - [2025-04-13T17:54:15.697+0000] {dag.py:3823} INFO - Setting next_dagrun for example_branch_operator to 2025-04-12 00:00:00+00:00, run_after=2025-04-13 00:00:00+00:00
[2025-04-13T17:54:15.727+0000] {processor.py:183} INFO - Processing /home/airflow/.local/lib/python3.8/site-packages/airflow/example_dags/example_branch_operator.py took 0.155 seconds
[2025-04-13T17:54:48.836+0000] {processor.py:161} INFO - Started process (PID=7294) to work on /home/airflow/.local/lib/python3.8/site-packages/airflow/example_dags/example_branch_operator.py
[2025-04-13T17:54:48.838+0000] {processor.py:830} INFO - Processing file /home/airflow/.local/lib/python3.8/site-packages/airflow/example_dags/example_branch_operator.py for tasks to queue
[2025-04-13T17:54:48.841+0000] {logging_mixin.py:188} INFO - [2025-04-13T17:54:48.840+0000] {dagbag.py:538} INFO - Filling up the DagBag from /home/airflow/.local/lib/python3.8/site-packages/airflow/example_dags/example_branch_operator.py
[2025-04-13T17:54:48.871+0000] {processor.py:840} INFO - DAG(s) 'example_branch_operator' retrieved from /home/airflow/.local/lib/python3.8/site-packages/airflow/example_dags/example_branch_operator.py
[2025-04-13T17:54:48.909+0000] {logging_mixin.py:188} INFO - [2025-04-13T17:54:48.908+0000] {dag.py:3036} INFO - Sync 1 DAGs
[2025-04-13T17:54:48.938+0000] {logging_mixin.py:188} INFO - [2025-04-13T17:54:48.938+0000] {dag.py:3823} INFO - Setting next_dagrun for example_branch_operator to 2025-04-12 00:00:00+00:00, run_after=2025-04-13 00:00:00+00:00
[2025-04-13T17:54:49.031+0000] {processor.py:183} INFO - Processing /home/airflow/.local/lib/python3.8/site-packages/airflow/example_dags/example_branch_operator.py took 0.202 seconds
[2025-04-13T17:55:21.805+0000] {processor.py:161} INFO - Started process (PID=7349) to work on /home/airflow/.local/lib/python3.8/site-packages/airflow/example_dags/example_branch_operator.py
[2025-04-13T17:55:21.806+0000] {processor.py:830} INFO - Processing file /home/airflow/.local/lib/python3.8/site-packages/airflow/example_dags/example_branch_operator.py for tasks to queue
[2025-04-13T17:55:21.808+0000] {logging_mixin.py:188} INFO - [2025-04-13T17:55:21.808+0000] {dagbag.py:538} INFO - Filling up the DagBag from /home/airflow/.local/lib/python3.8/site-packages/airflow/example_dags/example_branch_operator.py
[2025-04-13T17:55:21.838+0000] {processor.py:840} INFO - DAG(s) 'example_branch_operator' retrieved from /home/airflow/.local/lib/python3.8/site-packages/airflow/example_dags/example_branch_operator.py
[2025-04-13T17:55:21.878+0000] {logging_mixin.py:188} INFO - [2025-04-13T17:55:21.878+0000] {dag.py:3036} INFO - Sync 1 DAGs
[2025-04-13T17:55:21.914+0000] {logging_mixin.py:188} INFO - [2025-04-13T17:55:21.914+0000] {dag.py:3823} INFO - Setting next_dagrun for example_branch_operator to 2025-04-12 00:00:00+00:00, run_after=2025-04-13 00:00:00+00:00
[2025-04-13T17:55:22.006+0000] {processor.py:183} INFO - Processing /home/airflow/.local/lib/python3.8/site-packages/airflow/example_dags/example_branch_operator.py took 0.208 seconds
[2025-04-13T17:55:55.141+0000] {processor.py:161} INFO - Started process (PID=7405) to work on /home/airflow/.local/lib/python3.8/site-packages/airflow/example_dags/example_branch_operator.py
[2025-04-13T17:55:55.143+0000] {processor.py:830} INFO - Processing file /home/airflow/.local/lib/python3.8/site-packages/airflow/example_dags/example_branch_operator.py for tasks to queue
[2025-04-13T17:55:55.149+0000] {logging_mixin.py:188} INFO - [2025-04-13T17:55:55.148+0000] {dagbag.py:538} INFO - Filling up the DagBag from /home/airflow/.local/lib/python3.8/site-packages/airflow/example_dags/example_branch_operator.py
[2025-04-13T17:55:55.185+0000] {processor.py:840} INFO - DAG(s) 'example_branch_operator' retrieved from /home/airflow/.local/lib/python3.8/site-packages/airflow/example_dags/example_branch_operator.py
[2025-04-13T17:55:55.305+0000] {logging_mixin.py:188} INFO - [2025-04-13T17:55:55.305+0000] {dag.py:3036} INFO - Sync 1 DAGs
[2025-04-13T17:55:55.401+0000] {logging_mixin.py:188} INFO - [2025-04-13T17:55:55.401+0000] {dag.py:3823} INFO - Setting next_dagrun for example_branch_operator to 2025-04-12 00:00:00+00:00, run_after=2025-04-13 00:00:00+00:00
[2025-04-13T17:55:55.482+0000] {processor.py:183} INFO - Processing /home/airflow/.local/lib/python3.8/site-packages/airflow/example_dags/example_branch_operator.py took 0.348 seconds
[2025-04-13T17:56:26.804+0000] {processor.py:161} INFO - Started process (PID=7461) to work on /home/airflow/.local/lib/python3.8/site-packages/airflow/example_dags/example_branch_operator.py
[2025-04-13T17:56:26.806+0000] {processor.py:830} INFO - Processing file /home/airflow/.local/lib/python3.8/site-packages/airflow/example_dags/example_branch_operator.py for tasks to queue
[2025-04-13T17:56:26.811+0000] {logging_mixin.py:188} INFO - [2025-04-13T17:56:26.809+0000] {dagbag.py:538} INFO - Filling up the DagBag from /home/airflow/.local/lib/python3.8/site-packages/airflow/example_dags/example_branch_operator.py
[2025-04-13T17:56:26.846+0000] {processor.py:840} INFO - DAG(s) 'example_branch_operator' retrieved from /home/airflow/.local/lib/python3.8/site-packages/airflow/example_dags/example_branch_operator.py
[2025-04-13T17:56:26.902+0000] {logging_mixin.py:188} INFO - [2025-04-13T17:56:26.901+0000] {dag.py:3036} INFO - Sync 1 DAGs
[2025-04-13T17:56:26.934+0000] {logging_mixin.py:188} INFO - [2025-04-13T17:56:26.934+0000] {dag.py:3823} INFO - Setting next_dagrun for example_branch_operator to 2025-04-12 00:00:00+00:00, run_after=2025-04-13 00:00:00+00:00
[2025-04-13T17:56:26.987+0000] {processor.py:183} INFO - Processing /home/airflow/.local/lib/python3.8/site-packages/airflow/example_dags/example_branch_operator.py took 0.190 seconds
[2025-04-13T17:57:00.004+0000] {processor.py:161} INFO - Started process (PID=7517) to work on /home/airflow/.local/lib/python3.8/site-packages/airflow/example_dags/example_branch_operator.py
[2025-04-13T17:57:00.006+0000] {processor.py:830} INFO - Processing file /home/airflow/.local/lib/python3.8/site-packages/airflow/example_dags/example_branch_operator.py for tasks to queue
[2025-04-13T17:57:00.009+0000] {logging_mixin.py:188} INFO - [2025-04-13T17:57:00.009+0000] {dagbag.py:538} INFO - Filling up the DagBag from /home/airflow/.local/lib/python3.8/site-packages/airflow/example_dags/example_branch_operator.py
[2025-04-13T17:57:00.050+0000] {processor.py:840} INFO - DAG(s) 'example_branch_operator' retrieved from /home/airflow/.local/lib/python3.8/site-packages/airflow/example_dags/example_branch_operator.py
[2025-04-13T17:57:00.097+0000] {logging_mixin.py:188} INFO - [2025-04-13T17:57:00.096+0000] {dag.py:3036} INFO - Sync 1 DAGs
[2025-04-13T17:57:00.128+0000] {logging_mixin.py:188} INFO - [2025-04-13T17:57:00.127+0000] {dag.py:3823} INFO - Setting next_dagrun for example_branch_operator to 2025-04-12 00:00:00+00:00, run_after=2025-04-13 00:00:00+00:00
[2025-04-13T17:57:00.192+0000] {processor.py:183} INFO - Processing /home/airflow/.local/lib/python3.8/site-packages/airflow/example_dags/example_branch_operator.py took 0.198 seconds
[2025-04-13T17:57:32.279+0000] {processor.py:161} INFO - Started process (PID=7573) to work on /home/airflow/.local/lib/python3.8/site-packages/airflow/example_dags/example_branch_operator.py
[2025-04-13T17:57:32.281+0000] {processor.py:830} INFO - Processing file /home/airflow/.local/lib/python3.8/site-packages/airflow/example_dags/example_branch_operator.py for tasks to queue
[2025-04-13T17:57:32.290+0000] {logging_mixin.py:188} INFO - [2025-04-13T17:57:32.287+0000] {dagbag.py:538} INFO - Filling up the DagBag from /home/airflow/.local/lib/python3.8/site-packages/airflow/example_dags/example_branch_operator.py
[2025-04-13T17:57:32.326+0000] {processor.py:840} INFO - DAG(s) 'example_branch_operator' retrieved from /home/airflow/.local/lib/python3.8/site-packages/airflow/example_dags/example_branch_operator.py
[2025-04-13T17:57:32.369+0000] {logging_mixin.py:188} INFO - [2025-04-13T17:57:32.369+0000] {dag.py:3036} INFO - Sync 1 DAGs
[2025-04-13T17:57:32.403+0000] {logging_mixin.py:188} INFO - [2025-04-13T17:57:32.403+0000] {dag.py:3823} INFO - Setting next_dagrun for example_branch_operator to 2025-04-12 00:00:00+00:00, run_after=2025-04-13 00:00:00+00:00
[2025-04-13T17:57:32.522+0000] {processor.py:183} INFO - Processing /home/airflow/.local/lib/python3.8/site-packages/airflow/example_dags/example_branch_operator.py took 0.250 seconds
[2025-04-13T17:58:03.325+0000] {processor.py:161} INFO - Started process (PID=7629) to work on /home/airflow/.local/lib/python3.8/site-packages/airflow/example_dags/example_branch_operator.py
[2025-04-13T17:58:03.327+0000] {processor.py:830} INFO - Processing file /home/airflow/.local/lib/python3.8/site-packages/airflow/example_dags/example_branch_operator.py for tasks to queue
[2025-04-13T17:58:03.329+0000] {logging_mixin.py:188} INFO - [2025-04-13T17:58:03.329+0000] {dagbag.py:538} INFO - Filling up the DagBag from /home/airflow/.local/lib/python3.8/site-packages/airflow/example_dags/example_branch_operator.py
[2025-04-13T17:58:03.361+0000] {processor.py:840} INFO - DAG(s) 'example_branch_operator' retrieved from /home/airflow/.local/lib/python3.8/site-packages/airflow/example_dags/example_branch_operator.py
[2025-04-13T17:58:03.400+0000] {logging_mixin.py:188} INFO - [2025-04-13T17:58:03.400+0000] {dag.py:3036} INFO - Sync 1 DAGs
[2025-04-13T17:58:03.439+0000] {logging_mixin.py:188} INFO - [2025-04-13T17:58:03.438+0000] {dag.py:3823} INFO - Setting next_dagrun for example_branch_operator to 2025-04-12 00:00:00+00:00, run_after=2025-04-13 00:00:00+00:00
[2025-04-13T17:58:03.477+0000] {processor.py:183} INFO - Processing /home/airflow/.local/lib/python3.8/site-packages/airflow/example_dags/example_branch_operator.py took 0.157 seconds
[2025-04-13T17:58:33.898+0000] {processor.py:161} INFO - Started process (PID=7685) to work on /home/airflow/.local/lib/python3.8/site-packages/airflow/example_dags/example_branch_operator.py
[2025-04-13T17:58:33.900+0000] {processor.py:830} INFO - Processing file /home/airflow/.local/lib/python3.8/site-packages/airflow/example_dags/example_branch_operator.py for tasks to queue
[2025-04-13T17:58:33.902+0000] {logging_mixin.py:188} INFO - [2025-04-13T17:58:33.902+0000] {dagbag.py:538} INFO - Filling up the DagBag from /home/airflow/.local/lib/python3.8/site-packages/airflow/example_dags/example_branch_operator.py
[2025-04-13T17:58:33.924+0000] {processor.py:840} INFO - DAG(s) 'example_branch_operator' retrieved from /home/airflow/.local/lib/python3.8/site-packages/airflow/example_dags/example_branch_operator.py
[2025-04-13T17:58:33.961+0000] {logging_mixin.py:188} INFO - [2025-04-13T17:58:33.961+0000] {dag.py:3036} INFO - Sync 1 DAGs
[2025-04-13T17:58:33.992+0000] {logging_mixin.py:188} INFO - [2025-04-13T17:58:33.992+0000] {dag.py:3823} INFO - Setting next_dagrun for example_branch_operator to 2025-04-12 00:00:00+00:00, run_after=2025-04-13 00:00:00+00:00
[2025-04-13T17:58:34.022+0000] {processor.py:183} INFO - Processing /home/airflow/.local/lib/python3.8/site-packages/airflow/example_dags/example_branch_operator.py took 0.130 seconds
[2025-04-13T17:59:06.711+0000] {processor.py:161} INFO - Started process (PID=7740) to work on /home/airflow/.local/lib/python3.8/site-packages/airflow/example_dags/example_branch_operator.py
[2025-04-13T17:59:06.713+0000] {processor.py:830} INFO - Processing file /home/airflow/.local/lib/python3.8/site-packages/airflow/example_dags/example_branch_operator.py for tasks to queue
[2025-04-13T17:59:06.717+0000] {logging_mixin.py:188} INFO - [2025-04-13T17:59:06.716+0000] {dagbag.py:538} INFO - Filling up the DagBag from /home/airflow/.local/lib/python3.8/site-packages/airflow/example_dags/example_branch_operator.py
[2025-04-13T17:59:06.766+0000] {processor.py:840} INFO - DAG(s) 'example_branch_operator' retrieved from /home/airflow/.local/lib/python3.8/site-packages/airflow/example_dags/example_branch_operator.py
[2025-04-13T17:59:06.835+0000] {logging_mixin.py:188} INFO - [2025-04-13T17:59:06.835+0000] {dag.py:3036} INFO - Sync 1 DAGs
[2025-04-13T17:59:06.914+0000] {logging_mixin.py:188} INFO - [2025-04-13T17:59:06.914+0000] {dag.py:3823} INFO - Setting next_dagrun for example_branch_operator to 2025-04-12 00:00:00+00:00, run_after=2025-04-13 00:00:00+00:00
[2025-04-13T17:59:07.011+0000] {processor.py:183} INFO - Processing /home/airflow/.local/lib/python3.8/site-packages/airflow/example_dags/example_branch_operator.py took 0.310 seconds
[2025-04-13T17:59:38.341+0000] {processor.py:161} INFO - Started process (PID=7796) to work on /home/airflow/.local/lib/python3.8/site-packages/airflow/example_dags/example_branch_operator.py
[2025-04-13T17:59:38.343+0000] {processor.py:830} INFO - Processing file /home/airflow/.local/lib/python3.8/site-packages/airflow/example_dags/example_branch_operator.py for tasks to queue
[2025-04-13T17:59:38.346+0000] {logging_mixin.py:188} INFO - [2025-04-13T17:59:38.346+0000] {dagbag.py:538} INFO - Filling up the DagBag from /home/airflow/.local/lib/python3.8/site-packages/airflow/example_dags/example_branch_operator.py
[2025-04-13T17:59:38.378+0000] {processor.py:840} INFO - DAG(s) 'example_branch_operator' retrieved from /home/airflow/.local/lib/python3.8/site-packages/airflow/example_dags/example_branch_operator.py
[2025-04-13T17:59:38.423+0000] {logging_mixin.py:188} INFO - [2025-04-13T17:59:38.422+0000] {dag.py:3036} INFO - Sync 1 DAGs
[2025-04-13T17:59:38.466+0000] {logging_mixin.py:188} INFO - [2025-04-13T17:59:38.466+0000] {dag.py:3823} INFO - Setting next_dagrun for example_branch_operator to 2025-04-12 00:00:00+00:00, run_after=2025-04-13 00:00:00+00:00
[2025-04-13T17:59:38.523+0000] {processor.py:183} INFO - Processing /home/airflow/.local/lib/python3.8/site-packages/airflow/example_dags/example_branch_operator.py took 0.187 seconds
[2025-04-13T18:00:09.439+0000] {processor.py:161} INFO - Started process (PID=7853) to work on /home/airflow/.local/lib/python3.8/site-packages/airflow/example_dags/example_branch_operator.py
[2025-04-13T18:00:09.441+0000] {processor.py:830} INFO - Processing file /home/airflow/.local/lib/python3.8/site-packages/airflow/example_dags/example_branch_operator.py for tasks to queue
[2025-04-13T18:00:09.445+0000] {logging_mixin.py:188} INFO - [2025-04-13T18:00:09.444+0000] {dagbag.py:538} INFO - Filling up the DagBag from /home/airflow/.local/lib/python3.8/site-packages/airflow/example_dags/example_branch_operator.py
[2025-04-13T18:00:09.477+0000] {processor.py:840} INFO - DAG(s) 'example_branch_operator' retrieved from /home/airflow/.local/lib/python3.8/site-packages/airflow/example_dags/example_branch_operator.py
[2025-04-13T18:00:09.528+0000] {logging_mixin.py:188} INFO - [2025-04-13T18:00:09.528+0000] {dag.py:3036} INFO - Sync 1 DAGs
[2025-04-13T18:00:09.565+0000] {logging_mixin.py:188} INFO - [2025-04-13T18:00:09.565+0000] {dag.py:3823} INFO - Setting next_dagrun for example_branch_operator to 2025-04-12 00:00:00+00:00, run_after=2025-04-13 00:00:00+00:00
[2025-04-13T18:00:09.592+0000] {processor.py:183} INFO - Processing /home/airflow/.local/lib/python3.8/site-packages/airflow/example_dags/example_branch_operator.py took 0.160 seconds
[2025-04-13T18:00:40.744+0000] {processor.py:161} INFO - Started process (PID=7908) to work on /home/airflow/.local/lib/python3.8/site-packages/airflow/example_dags/example_branch_operator.py
[2025-04-13T18:00:40.749+0000] {processor.py:830} INFO - Processing file /home/airflow/.local/lib/python3.8/site-packages/airflow/example_dags/example_branch_operator.py for tasks to queue
[2025-04-13T18:00:40.758+0000] {logging_mixin.py:188} INFO - [2025-04-13T18:00:40.754+0000] {dagbag.py:538} INFO - Filling up the DagBag from /home/airflow/.local/lib/python3.8/site-packages/airflow/example_dags/example_branch_operator.py
[2025-04-13T18:00:40.797+0000] {processor.py:840} INFO - DAG(s) 'example_branch_operator' retrieved from /home/airflow/.local/lib/python3.8/site-packages/airflow/example_dags/example_branch_operator.py
[2025-04-13T18:00:40.841+0000] {logging_mixin.py:188} INFO - [2025-04-13T18:00:40.840+0000] {dag.py:3036} INFO - Sync 1 DAGs
[2025-04-13T18:00:40.874+0000] {logging_mixin.py:188} INFO - [2025-04-13T18:00:40.873+0000] {dag.py:3823} INFO - Setting next_dagrun for example_branch_operator to 2025-04-12 00:00:00+00:00, run_after=2025-04-13 00:00:00+00:00
[2025-04-13T18:00:40.936+0000] {processor.py:183} INFO - Processing /home/airflow/.local/lib/python3.8/site-packages/airflow/example_dags/example_branch_operator.py took 0.206 seconds
[2025-04-13T18:01:12.646+0000] {processor.py:161} INFO - Started process (PID=7963) to work on /home/airflow/.local/lib/python3.8/site-packages/airflow/example_dags/example_branch_operator.py
[2025-04-13T18:01:12.647+0000] {processor.py:830} INFO - Processing file /home/airflow/.local/lib/python3.8/site-packages/airflow/example_dags/example_branch_operator.py for tasks to queue
[2025-04-13T18:01:12.649+0000] {logging_mixin.py:188} INFO - [2025-04-13T18:01:12.649+0000] {dagbag.py:538} INFO - Filling up the DagBag from /home/airflow/.local/lib/python3.8/site-packages/airflow/example_dags/example_branch_operator.py
[2025-04-13T18:01:12.676+0000] {processor.py:840} INFO - DAG(s) 'example_branch_operator' retrieved from /home/airflow/.local/lib/python3.8/site-packages/airflow/example_dags/example_branch_operator.py
[2025-04-13T18:01:12.711+0000] {logging_mixin.py:188} INFO - [2025-04-13T18:01:12.710+0000] {dag.py:3036} INFO - Sync 1 DAGs
[2025-04-13T18:01:12.746+0000] {logging_mixin.py:188} INFO - [2025-04-13T18:01:12.745+0000] {dag.py:3823} INFO - Setting next_dagrun for example_branch_operator to 2025-04-12 00:00:00+00:00, run_after=2025-04-13 00:00:00+00:00
[2025-04-13T18:01:12.773+0000] {processor.py:183} INFO - Processing /home/airflow/.local/lib/python3.8/site-packages/airflow/example_dags/example_branch_operator.py took 0.132 seconds
[2025-04-13T18:01:44.554+0000] {processor.py:161} INFO - Started process (PID=8019) to work on /home/airflow/.local/lib/python3.8/site-packages/airflow/example_dags/example_branch_operator.py
[2025-04-13T18:01:44.555+0000] {processor.py:830} INFO - Processing file /home/airflow/.local/lib/python3.8/site-packages/airflow/example_dags/example_branch_operator.py for tasks to queue
[2025-04-13T18:01:44.558+0000] {logging_mixin.py:188} INFO - [2025-04-13T18:01:44.558+0000] {dagbag.py:538} INFO - Filling up the DagBag from /home/airflow/.local/lib/python3.8/site-packages/airflow/example_dags/example_branch_operator.py
[2025-04-13T18:01:44.585+0000] {processor.py:840} INFO - DAG(s) 'example_branch_operator' retrieved from /home/airflow/.local/lib/python3.8/site-packages/airflow/example_dags/example_branch_operator.py
[2025-04-13T18:01:44.622+0000] {logging_mixin.py:188} INFO - [2025-04-13T18:01:44.622+0000] {dag.py:3036} INFO - Sync 1 DAGs
[2025-04-13T18:01:44.654+0000] {logging_mixin.py:188} INFO - [2025-04-13T18:01:44.653+0000] {dag.py:3823} INFO - Setting next_dagrun for example_branch_operator to 2025-04-12 00:00:00+00:00, run_after=2025-04-13 00:00:00+00:00
[2025-04-13T18:01:44.720+0000] {processor.py:183} INFO - Processing /home/airflow/.local/lib/python3.8/site-packages/airflow/example_dags/example_branch_operator.py took 0.172 seconds
[2025-04-13T18:02:18.320+0000] {processor.py:161} INFO - Started process (PID=8075) to work on /home/airflow/.local/lib/python3.8/site-packages/airflow/example_dags/example_branch_operator.py
[2025-04-13T18:02:18.321+0000] {processor.py:830} INFO - Processing file /home/airflow/.local/lib/python3.8/site-packages/airflow/example_dags/example_branch_operator.py for tasks to queue
[2025-04-13T18:02:18.324+0000] {logging_mixin.py:188} INFO - [2025-04-13T18:02:18.323+0000] {dagbag.py:538} INFO - Filling up the DagBag from /home/airflow/.local/lib/python3.8/site-packages/airflow/example_dags/example_branch_operator.py
[2025-04-13T18:02:18.347+0000] {processor.py:840} INFO - DAG(s) 'example_branch_operator' retrieved from /home/airflow/.local/lib/python3.8/site-packages/airflow/example_dags/example_branch_operator.py
[2025-04-13T18:02:18.387+0000] {logging_mixin.py:188} INFO - [2025-04-13T18:02:18.387+0000] {dag.py:3036} INFO - Sync 1 DAGs
[2025-04-13T18:02:18.423+0000] {logging_mixin.py:188} INFO - [2025-04-13T18:02:18.423+0000] {dag.py:3823} INFO - Setting next_dagrun for example_branch_operator to 2025-04-12 00:00:00+00:00, run_after=2025-04-13 00:00:00+00:00
[2025-04-13T18:02:18.488+0000] {processor.py:183} INFO - Processing /home/airflow/.local/lib/python3.8/site-packages/airflow/example_dags/example_branch_operator.py took 0.173 seconds
[2025-04-13T18:02:49.474+0000] {processor.py:161} INFO - Started process (PID=8131) to work on /home/airflow/.local/lib/python3.8/site-packages/airflow/example_dags/example_branch_operator.py
[2025-04-13T18:02:49.475+0000] {processor.py:830} INFO - Processing file /home/airflow/.local/lib/python3.8/site-packages/airflow/example_dags/example_branch_operator.py for tasks to queue
[2025-04-13T18:02:49.478+0000] {logging_mixin.py:188} INFO - [2025-04-13T18:02:49.477+0000] {dagbag.py:538} INFO - Filling up the DagBag from /home/airflow/.local/lib/python3.8/site-packages/airflow/example_dags/example_branch_operator.py
[2025-04-13T18:02:49.505+0000] {processor.py:840} INFO - DAG(s) 'example_branch_operator' retrieved from /home/airflow/.local/lib/python3.8/site-packages/airflow/example_dags/example_branch_operator.py
[2025-04-13T18:02:49.547+0000] {logging_mixin.py:188} INFO - [2025-04-13T18:02:49.546+0000] {dag.py:3036} INFO - Sync 1 DAGs
[2025-04-13T18:02:49.581+0000] {logging_mixin.py:188} INFO - [2025-04-13T18:02:49.580+0000] {dag.py:3823} INFO - Setting next_dagrun for example_branch_operator to 2025-04-12 00:00:00+00:00, run_after=2025-04-13 00:00:00+00:00
[2025-04-13T18:02:49.608+0000] {processor.py:183} INFO - Processing /home/airflow/.local/lib/python3.8/site-packages/airflow/example_dags/example_branch_operator.py took 0.140 seconds
[2025-04-13T18:03:22.335+0000] {processor.py:161} INFO - Started process (PID=8187) to work on /home/airflow/.local/lib/python3.8/site-packages/airflow/example_dags/example_branch_operator.py
[2025-04-13T18:03:22.336+0000] {processor.py:830} INFO - Processing file /home/airflow/.local/lib/python3.8/site-packages/airflow/example_dags/example_branch_operator.py for tasks to queue
[2025-04-13T18:03:22.339+0000] {logging_mixin.py:188} INFO - [2025-04-13T18:03:22.338+0000] {dagbag.py:538} INFO - Filling up the DagBag from /home/airflow/.local/lib/python3.8/site-packages/airflow/example_dags/example_branch_operator.py
[2025-04-13T18:03:22.366+0000] {processor.py:840} INFO - DAG(s) 'example_branch_operator' retrieved from /home/airflow/.local/lib/python3.8/site-packages/airflow/example_dags/example_branch_operator.py
[2025-04-13T18:03:22.404+0000] {logging_mixin.py:188} INFO - [2025-04-13T18:03:22.404+0000] {dag.py:3036} INFO - Sync 1 DAGs
[2025-04-13T18:03:22.433+0000] {logging_mixin.py:188} INFO - [2025-04-13T18:03:22.433+0000] {dag.py:3823} INFO - Setting next_dagrun for example_branch_operator to 2025-04-12 00:00:00+00:00, run_after=2025-04-13 00:00:00+00:00
[2025-04-13T18:03:22.496+0000] {processor.py:183} INFO - Processing /home/airflow/.local/lib/python3.8/site-packages/airflow/example_dags/example_branch_operator.py took 0.166 seconds
[2025-04-13T18:03:54.033+0000] {processor.py:161} INFO - Started process (PID=8243) to work on /home/airflow/.local/lib/python3.8/site-packages/airflow/example_dags/example_branch_operator.py
[2025-04-13T18:03:54.034+0000] {processor.py:830} INFO - Processing file /home/airflow/.local/lib/python3.8/site-packages/airflow/example_dags/example_branch_operator.py for tasks to queue
[2025-04-13T18:03:54.037+0000] {logging_mixin.py:188} INFO - [2025-04-13T18:03:54.036+0000] {dagbag.py:538} INFO - Filling up the DagBag from /home/airflow/.local/lib/python3.8/site-packages/airflow/example_dags/example_branch_operator.py
[2025-04-13T18:03:54.060+0000] {processor.py:840} INFO - DAG(s) 'example_branch_operator' retrieved from /home/airflow/.local/lib/python3.8/site-packages/airflow/example_dags/example_branch_operator.py
[2025-04-13T18:03:54.095+0000] {logging_mixin.py:188} INFO - [2025-04-13T18:03:54.095+0000] {dag.py:3036} INFO - Sync 1 DAGs
[2025-04-13T18:03:54.133+0000] {logging_mixin.py:188} INFO - [2025-04-13T18:03:54.133+0000] {dag.py:3823} INFO - Setting next_dagrun for example_branch_operator to 2025-04-12 00:00:00+00:00, run_after=2025-04-13 00:00:00+00:00
[2025-04-13T18:03:54.163+0000] {processor.py:183} INFO - Processing /home/airflow/.local/lib/python3.8/site-packages/airflow/example_dags/example_branch_operator.py took 0.134 seconds
[2025-04-13T18:04:27.075+0000] {processor.py:161} INFO - Started process (PID=8299) to work on /home/airflow/.local/lib/python3.8/site-packages/airflow/example_dags/example_branch_operator.py
[2025-04-13T18:04:27.077+0000] {processor.py:830} INFO - Processing file /home/airflow/.local/lib/python3.8/site-packages/airflow/example_dags/example_branch_operator.py for tasks to queue
[2025-04-13T18:04:27.079+0000] {logging_mixin.py:188} INFO - [2025-04-13T18:04:27.079+0000] {dagbag.py:538} INFO - Filling up the DagBag from /home/airflow/.local/lib/python3.8/site-packages/airflow/example_dags/example_branch_operator.py
[2025-04-13T18:04:27.108+0000] {processor.py:840} INFO - DAG(s) 'example_branch_operator' retrieved from /home/airflow/.local/lib/python3.8/site-packages/airflow/example_dags/example_branch_operator.py
[2025-04-13T18:04:27.157+0000] {logging_mixin.py:188} INFO - [2025-04-13T18:04:27.157+0000] {dag.py:3036} INFO - Sync 1 DAGs
[2025-04-13T18:04:27.193+0000] {logging_mixin.py:188} INFO - [2025-04-13T18:04:27.193+0000] {dag.py:3823} INFO - Setting next_dagrun for example_branch_operator to 2025-04-12 00:00:00+00:00, run_after=2025-04-13 00:00:00+00:00
[2025-04-13T18:04:27.222+0000] {processor.py:183} INFO - Processing /home/airflow/.local/lib/python3.8/site-packages/airflow/example_dags/example_branch_operator.py took 0.151 seconds
[2025-04-13T18:05:00.071+0000] {processor.py:161} INFO - Started process (PID=8355) to work on /home/airflow/.local/lib/python3.8/site-packages/airflow/example_dags/example_branch_operator.py
[2025-04-13T18:05:00.073+0000] {processor.py:830} INFO - Processing file /home/airflow/.local/lib/python3.8/site-packages/airflow/example_dags/example_branch_operator.py for tasks to queue
[2025-04-13T18:05:00.077+0000] {logging_mixin.py:188} INFO - [2025-04-13T18:05:00.076+0000] {dagbag.py:538} INFO - Filling up the DagBag from /home/airflow/.local/lib/python3.8/site-packages/airflow/example_dags/example_branch_operator.py
[2025-04-13T18:05:00.105+0000] {processor.py:840} INFO - DAG(s) 'example_branch_operator' retrieved from /home/airflow/.local/lib/python3.8/site-packages/airflow/example_dags/example_branch_operator.py
[2025-04-13T18:05:00.144+0000] {logging_mixin.py:188} INFO - [2025-04-13T18:05:00.144+0000] {dag.py:3036} INFO - Sync 1 DAGs
[2025-04-13T18:05:00.176+0000] {logging_mixin.py:188} INFO - [2025-04-13T18:05:00.176+0000] {dag.py:3823} INFO - Setting next_dagrun for example_branch_operator to 2025-04-12 00:00:00+00:00, run_after=2025-04-13 00:00:00+00:00
[2025-04-13T18:05:00.256+0000] {processor.py:183} INFO - Processing /home/airflow/.local/lib/python3.8/site-packages/airflow/example_dags/example_branch_operator.py took 0.190 seconds
[2025-04-13T18:05:31.933+0000] {processor.py:161} INFO - Started process (PID=8411) to work on /home/airflow/.local/lib/python3.8/site-packages/airflow/example_dags/example_branch_operator.py
[2025-04-13T18:05:31.935+0000] {processor.py:830} INFO - Processing file /home/airflow/.local/lib/python3.8/site-packages/airflow/example_dags/example_branch_operator.py for tasks to queue
[2025-04-13T18:05:31.938+0000] {logging_mixin.py:188} INFO - [2025-04-13T18:05:31.938+0000] {dagbag.py:538} INFO - Filling up the DagBag from /home/airflow/.local/lib/python3.8/site-packages/airflow/example_dags/example_branch_operator.py
[2025-04-13T18:05:31.963+0000] {processor.py:840} INFO - DAG(s) 'example_branch_operator' retrieved from /home/airflow/.local/lib/python3.8/site-packages/airflow/example_dags/example_branch_operator.py
[2025-04-13T18:05:32.010+0000] {logging_mixin.py:188} INFO - [2025-04-13T18:05:32.010+0000] {dag.py:3036} INFO - Sync 1 DAGs
[2025-04-13T18:05:32.047+0000] {logging_mixin.py:188} INFO - [2025-04-13T18:05:32.046+0000] {dag.py:3823} INFO - Setting next_dagrun for example_branch_operator to 2025-04-12 00:00:00+00:00, run_after=2025-04-13 00:00:00+00:00
[2025-04-13T18:05:32.099+0000] {processor.py:183} INFO - Processing /home/airflow/.local/lib/python3.8/site-packages/airflow/example_dags/example_branch_operator.py took 0.173 seconds
[2025-04-13T18:06:04.768+0000] {processor.py:161} INFO - Started process (PID=8467) to work on /home/airflow/.local/lib/python3.8/site-packages/airflow/example_dags/example_branch_operator.py
[2025-04-13T18:06:04.770+0000] {processor.py:830} INFO - Processing file /home/airflow/.local/lib/python3.8/site-packages/airflow/example_dags/example_branch_operator.py for tasks to queue
[2025-04-13T18:06:04.772+0000] {logging_mixin.py:188} INFO - [2025-04-13T18:06:04.772+0000] {dagbag.py:538} INFO - Filling up the DagBag from /home/airflow/.local/lib/python3.8/site-packages/airflow/example_dags/example_branch_operator.py
[2025-04-13T18:06:04.798+0000] {processor.py:840} INFO - DAG(s) 'example_branch_operator' retrieved from /home/airflow/.local/lib/python3.8/site-packages/airflow/example_dags/example_branch_operator.py
[2025-04-13T18:06:04.834+0000] {logging_mixin.py:188} INFO - [2025-04-13T18:06:04.833+0000] {dag.py:3036} INFO - Sync 1 DAGs
[2025-04-13T18:06:04.862+0000] {logging_mixin.py:188} INFO - [2025-04-13T18:06:04.862+0000] {dag.py:3823} INFO - Setting next_dagrun for example_branch_operator to 2025-04-12 00:00:00+00:00, run_after=2025-04-13 00:00:00+00:00
[2025-04-13T18:06:04.893+0000] {processor.py:183} INFO - Processing /home/airflow/.local/lib/python3.8/site-packages/airflow/example_dags/example_branch_operator.py took 0.128 seconds
[2025-04-13T18:06:37.644+0000] {processor.py:161} INFO - Started process (PID=8523) to work on /home/airflow/.local/lib/python3.8/site-packages/airflow/example_dags/example_branch_operator.py
[2025-04-13T18:06:37.646+0000] {processor.py:830} INFO - Processing file /home/airflow/.local/lib/python3.8/site-packages/airflow/example_dags/example_branch_operator.py for tasks to queue
[2025-04-13T18:06:37.649+0000] {logging_mixin.py:188} INFO - [2025-04-13T18:06:37.649+0000] {dagbag.py:538} INFO - Filling up the DagBag from /home/airflow/.local/lib/python3.8/site-packages/airflow/example_dags/example_branch_operator.py
[2025-04-13T18:06:37.675+0000] {processor.py:840} INFO - DAG(s) 'example_branch_operator' retrieved from /home/airflow/.local/lib/python3.8/site-packages/airflow/example_dags/example_branch_operator.py
[2025-04-13T18:06:37.716+0000] {logging_mixin.py:188} INFO - [2025-04-13T18:06:37.715+0000] {dag.py:3036} INFO - Sync 1 DAGs
[2025-04-13T18:06:37.784+0000] {logging_mixin.py:188} INFO - [2025-04-13T18:06:37.784+0000] {dag.py:3823} INFO - Setting next_dagrun for example_branch_operator to 2025-04-12 00:00:00+00:00, run_after=2025-04-13 00:00:00+00:00
[2025-04-13T18:06:37.822+0000] {processor.py:183} INFO - Processing /home/airflow/.local/lib/python3.8/site-packages/airflow/example_dags/example_branch_operator.py took 0.183 seconds
[2025-04-13T18:07:10.191+0000] {processor.py:161} INFO - Started process (PID=8582) to work on /home/airflow/.local/lib/python3.8/site-packages/airflow/example_dags/example_branch_operator.py
[2025-04-13T18:07:10.192+0000] {processor.py:830} INFO - Processing file /home/airflow/.local/lib/python3.8/site-packages/airflow/example_dags/example_branch_operator.py for tasks to queue
[2025-04-13T18:07:10.194+0000] {logging_mixin.py:188} INFO - [2025-04-13T18:07:10.194+0000] {dagbag.py:538} INFO - Filling up the DagBag from /home/airflow/.local/lib/python3.8/site-packages/airflow/example_dags/example_branch_operator.py
[2025-04-13T18:07:10.254+0000] {processor.py:840} INFO - DAG(s) 'example_branch_operator' retrieved from /home/airflow/.local/lib/python3.8/site-packages/airflow/example_dags/example_branch_operator.py
[2025-04-13T18:07:10.292+0000] {logging_mixin.py:188} INFO - [2025-04-13T18:07:10.292+0000] {dag.py:3036} INFO - Sync 1 DAGs
[2025-04-13T18:07:10.324+0000] {logging_mixin.py:188} INFO - [2025-04-13T18:07:10.323+0000] {dag.py:3823} INFO - Setting next_dagrun for example_branch_operator to 2025-04-12 00:00:00+00:00, run_after=2025-04-13 00:00:00+00:00
[2025-04-13T18:07:10.358+0000] {processor.py:183} INFO - Processing /home/airflow/.local/lib/python3.8/site-packages/airflow/example_dags/example_branch_operator.py took 0.172 seconds
[2025-04-13T18:07:44.926+0000] {processor.py:161} INFO - Started process (PID=8644) to work on /home/airflow/.local/lib/python3.8/site-packages/airflow/example_dags/example_branch_operator.py
[2025-04-13T18:07:44.928+0000] {processor.py:830} INFO - Processing file /home/airflow/.local/lib/python3.8/site-packages/airflow/example_dags/example_branch_operator.py for tasks to queue
[2025-04-13T18:07:44.932+0000] {logging_mixin.py:188} INFO - [2025-04-13T18:07:44.932+0000] {dagbag.py:538} INFO - Filling up the DagBag from /home/airflow/.local/lib/python3.8/site-packages/airflow/example_dags/example_branch_operator.py
[2025-04-13T18:07:44.975+0000] {processor.py:840} INFO - DAG(s) 'example_branch_operator' retrieved from /home/airflow/.local/lib/python3.8/site-packages/airflow/example_dags/example_branch_operator.py
[2025-04-13T18:07:45.039+0000] {logging_mixin.py:188} INFO - [2025-04-13T18:07:45.039+0000] {dag.py:3036} INFO - Sync 1 DAGs
[2025-04-13T18:07:45.089+0000] {logging_mixin.py:188} INFO - [2025-04-13T18:07:45.088+0000] {dag.py:3823} INFO - Setting next_dagrun for example_branch_operator to 2025-04-12 00:00:00+00:00, run_after=2025-04-13 00:00:00+00:00
[2025-04-13T18:07:45.139+0000] {processor.py:183} INFO - Processing /home/airflow/.local/lib/python3.8/site-packages/airflow/example_dags/example_branch_operator.py took 0.220 seconds
[2025-04-13T18:08:16.484+0000] {processor.py:161} INFO - Started process (PID=8700) to work on /home/airflow/.local/lib/python3.8/site-packages/airflow/example_dags/example_branch_operator.py
[2025-04-13T18:08:16.487+0000] {processor.py:830} INFO - Processing file /home/airflow/.local/lib/python3.8/site-packages/airflow/example_dags/example_branch_operator.py for tasks to queue
[2025-04-13T18:08:16.491+0000] {logging_mixin.py:188} INFO - [2025-04-13T18:08:16.490+0000] {dagbag.py:538} INFO - Filling up the DagBag from /home/airflow/.local/lib/python3.8/site-packages/airflow/example_dags/example_branch_operator.py
[2025-04-13T18:08:16.521+0000] {processor.py:840} INFO - DAG(s) 'example_branch_operator' retrieved from /home/airflow/.local/lib/python3.8/site-packages/airflow/example_dags/example_branch_operator.py
[2025-04-13T18:08:16.577+0000] {logging_mixin.py:188} INFO - [2025-04-13T18:08:16.576+0000] {dag.py:3036} INFO - Sync 1 DAGs
[2025-04-13T18:08:16.629+0000] {logging_mixin.py:188} INFO - [2025-04-13T18:08:16.628+0000] {dag.py:3823} INFO - Setting next_dagrun for example_branch_operator to 2025-04-12 00:00:00+00:00, run_after=2025-04-13 00:00:00+00:00
[2025-04-13T18:08:16.693+0000] {processor.py:183} INFO - Processing /home/airflow/.local/lib/python3.8/site-packages/airflow/example_dags/example_branch_operator.py took 0.215 seconds
[2025-04-13T18:08:50.092+0000] {processor.py:161} INFO - Started process (PID=8756) to work on /home/airflow/.local/lib/python3.8/site-packages/airflow/example_dags/example_branch_operator.py
[2025-04-13T18:08:50.094+0000] {processor.py:830} INFO - Processing file /home/airflow/.local/lib/python3.8/site-packages/airflow/example_dags/example_branch_operator.py for tasks to queue
[2025-04-13T18:08:50.099+0000] {logging_mixin.py:188} INFO - [2025-04-13T18:08:50.098+0000] {dagbag.py:538} INFO - Filling up the DagBag from /home/airflow/.local/lib/python3.8/site-packages/airflow/example_dags/example_branch_operator.py
[2025-04-13T18:08:50.131+0000] {processor.py:840} INFO - DAG(s) 'example_branch_operator' retrieved from /home/airflow/.local/lib/python3.8/site-packages/airflow/example_dags/example_branch_operator.py
[2025-04-13T18:08:50.185+0000] {logging_mixin.py:188} INFO - [2025-04-13T18:08:50.184+0000] {dag.py:3036} INFO - Sync 1 DAGs
[2025-04-13T18:08:50.255+0000] {logging_mixin.py:188} INFO - [2025-04-13T18:08:50.249+0000] {dag.py:3823} INFO - Setting next_dagrun for example_branch_operator to 2025-04-12 00:00:00+00:00, run_after=2025-04-13 00:00:00+00:00
[2025-04-13T18:08:50.325+0000] {processor.py:183} INFO - Processing /home/airflow/.local/lib/python3.8/site-packages/airflow/example_dags/example_branch_operator.py took 0.239 seconds
[2025-04-13T18:09:23.413+0000] {processor.py:161} INFO - Started process (PID=8812) to work on /home/airflow/.local/lib/python3.8/site-packages/airflow/example_dags/example_branch_operator.py
[2025-04-13T18:09:23.415+0000] {processor.py:830} INFO - Processing file /home/airflow/.local/lib/python3.8/site-packages/airflow/example_dags/example_branch_operator.py for tasks to queue
[2025-04-13T18:09:23.419+0000] {logging_mixin.py:188} INFO - [2025-04-13T18:09:23.418+0000] {dagbag.py:538} INFO - Filling up the DagBag from /home/airflow/.local/lib/python3.8/site-packages/airflow/example_dags/example_branch_operator.py
[2025-04-13T18:09:23.456+0000] {processor.py:840} INFO - DAG(s) 'example_branch_operator' retrieved from /home/airflow/.local/lib/python3.8/site-packages/airflow/example_dags/example_branch_operator.py
[2025-04-13T18:09:23.520+0000] {logging_mixin.py:188} INFO - [2025-04-13T18:09:23.519+0000] {dag.py:3036} INFO - Sync 1 DAGs
[2025-04-13T18:09:23.572+0000] {logging_mixin.py:188} INFO - [2025-04-13T18:09:23.572+0000] {dag.py:3823} INFO - Setting next_dagrun for example_branch_operator to 2025-04-12 00:00:00+00:00, run_after=2025-04-13 00:00:00+00:00
[2025-04-13T18:09:23.608+0000] {processor.py:183} INFO - Processing /home/airflow/.local/lib/python3.8/site-packages/airflow/example_dags/example_branch_operator.py took 0.203 seconds
[2025-04-13T18:09:54.683+0000] {processor.py:161} INFO - Started process (PID=8869) to work on /home/airflow/.local/lib/python3.8/site-packages/airflow/example_dags/example_branch_operator.py
[2025-04-13T18:09:54.687+0000] {processor.py:830} INFO - Processing file /home/airflow/.local/lib/python3.8/site-packages/airflow/example_dags/example_branch_operator.py for tasks to queue
[2025-04-13T18:09:54.695+0000] {logging_mixin.py:188} INFO - [2025-04-13T18:09:54.694+0000] {dagbag.py:538} INFO - Filling up the DagBag from /home/airflow/.local/lib/python3.8/site-packages/airflow/example_dags/example_branch_operator.py
[2025-04-13T18:09:54.776+0000] {processor.py:840} INFO - DAG(s) 'example_branch_operator' retrieved from /home/airflow/.local/lib/python3.8/site-packages/airflow/example_dags/example_branch_operator.py
[2025-04-13T18:09:54.834+0000] {logging_mixin.py:188} INFO - [2025-04-13T18:09:54.833+0000] {dag.py:3036} INFO - Sync 1 DAGs
[2025-04-13T18:09:54.889+0000] {logging_mixin.py:188} INFO - [2025-04-13T18:09:54.888+0000] {dag.py:3823} INFO - Setting next_dagrun for example_branch_operator to 2025-04-12 00:00:00+00:00, run_after=2025-04-13 00:00:00+00:00
[2025-04-13T18:09:54.987+0000] {processor.py:183} INFO - Processing /home/airflow/.local/lib/python3.8/site-packages/airflow/example_dags/example_branch_operator.py took 0.318 seconds
[2025-04-13T18:10:28.659+0000] {processor.py:161} INFO - Started process (PID=8924) to work on /home/airflow/.local/lib/python3.8/site-packages/airflow/example_dags/example_branch_operator.py
[2025-04-13T18:10:28.661+0000] {processor.py:830} INFO - Processing file /home/airflow/.local/lib/python3.8/site-packages/airflow/example_dags/example_branch_operator.py for tasks to queue
[2025-04-13T18:10:28.665+0000] {logging_mixin.py:188} INFO - [2025-04-13T18:10:28.664+0000] {dagbag.py:538} INFO - Filling up the DagBag from /home/airflow/.local/lib/python3.8/site-packages/airflow/example_dags/example_branch_operator.py
[2025-04-13T18:10:28.704+0000] {processor.py:840} INFO - DAG(s) 'example_branch_operator' retrieved from /home/airflow/.local/lib/python3.8/site-packages/airflow/example_dags/example_branch_operator.py
[2025-04-13T18:10:28.786+0000] {logging_mixin.py:188} INFO - [2025-04-13T18:10:28.786+0000] {dag.py:3036} INFO - Sync 1 DAGs
[2025-04-13T18:10:28.826+0000] {logging_mixin.py:188} INFO - [2025-04-13T18:10:28.825+0000] {dag.py:3823} INFO - Setting next_dagrun for example_branch_operator to 2025-04-12 00:00:00+00:00, run_after=2025-04-13 00:00:00+00:00
[2025-04-13T18:10:28.895+0000] {processor.py:183} INFO - Processing /home/airflow/.local/lib/python3.8/site-packages/airflow/example_dags/example_branch_operator.py took 0.243 seconds
[2025-04-13T18:11:00.600+0000] {processor.py:161} INFO - Started process (PID=8980) to work on /home/airflow/.local/lib/python3.8/site-packages/airflow/example_dags/example_branch_operator.py
[2025-04-13T18:11:00.602+0000] {processor.py:830} INFO - Processing file /home/airflow/.local/lib/python3.8/site-packages/airflow/example_dags/example_branch_operator.py for tasks to queue
[2025-04-13T18:11:00.605+0000] {logging_mixin.py:188} INFO - [2025-04-13T18:11:00.605+0000] {dagbag.py:538} INFO - Filling up the DagBag from /home/airflow/.local/lib/python3.8/site-packages/airflow/example_dags/example_branch_operator.py
[2025-04-13T18:11:00.635+0000] {processor.py:840} INFO - DAG(s) 'example_branch_operator' retrieved from /home/airflow/.local/lib/python3.8/site-packages/airflow/example_dags/example_branch_operator.py
[2025-04-13T18:11:00.682+0000] {logging_mixin.py:188} INFO - [2025-04-13T18:11:00.682+0000] {dag.py:3036} INFO - Sync 1 DAGs
[2025-04-13T18:11:00.722+0000] {logging_mixin.py:188} INFO - [2025-04-13T18:11:00.721+0000] {dag.py:3823} INFO - Setting next_dagrun for example_branch_operator to 2025-04-12 00:00:00+00:00, run_after=2025-04-13 00:00:00+00:00
[2025-04-13T18:11:00.801+0000] {processor.py:183} INFO - Processing /home/airflow/.local/lib/python3.8/site-packages/airflow/example_dags/example_branch_operator.py took 0.208 seconds
[2025-04-13T18:11:33.428+0000] {processor.py:161} INFO - Started process (PID=9035) to work on /home/airflow/.local/lib/python3.8/site-packages/airflow/example_dags/example_branch_operator.py
[2025-04-13T18:11:33.431+0000] {processor.py:830} INFO - Processing file /home/airflow/.local/lib/python3.8/site-packages/airflow/example_dags/example_branch_operator.py for tasks to queue
[2025-04-13T18:11:33.435+0000] {logging_mixin.py:188} INFO - [2025-04-13T18:11:33.434+0000] {dagbag.py:538} INFO - Filling up the DagBag from /home/airflow/.local/lib/python3.8/site-packages/airflow/example_dags/example_branch_operator.py
[2025-04-13T18:11:33.479+0000] {processor.py:840} INFO - DAG(s) 'example_branch_operator' retrieved from /home/airflow/.local/lib/python3.8/site-packages/airflow/example_dags/example_branch_operator.py
[2025-04-13T18:11:33.535+0000] {logging_mixin.py:188} INFO - [2025-04-13T18:11:33.534+0000] {dag.py:3036} INFO - Sync 1 DAGs
[2025-04-13T18:11:33.589+0000] {logging_mixin.py:188} INFO - [2025-04-13T18:11:33.589+0000] {dag.py:3823} INFO - Setting next_dagrun for example_branch_operator to 2025-04-12 00:00:00+00:00, run_after=2025-04-13 00:00:00+00:00
[2025-04-13T18:11:33.628+0000] {processor.py:183} INFO - Processing /home/airflow/.local/lib/python3.8/site-packages/airflow/example_dags/example_branch_operator.py took 0.208 seconds
[2025-04-13T18:12:06.652+0000] {processor.py:161} INFO - Started process (PID=9091) to work on /home/airflow/.local/lib/python3.8/site-packages/airflow/example_dags/example_branch_operator.py
[2025-04-13T18:12:06.657+0000] {processor.py:830} INFO - Processing file /home/airflow/.local/lib/python3.8/site-packages/airflow/example_dags/example_branch_operator.py for tasks to queue
[2025-04-13T18:12:06.666+0000] {logging_mixin.py:188} INFO - [2025-04-13T18:12:06.665+0000] {dagbag.py:538} INFO - Filling up the DagBag from /home/airflow/.local/lib/python3.8/site-packages/airflow/example_dags/example_branch_operator.py
[2025-04-13T18:12:06.724+0000] {processor.py:840} INFO - DAG(s) 'example_branch_operator' retrieved from /home/airflow/.local/lib/python3.8/site-packages/airflow/example_dags/example_branch_operator.py
[2025-04-13T18:12:06.776+0000] {logging_mixin.py:188} INFO - [2025-04-13T18:12:06.776+0000] {dag.py:3036} INFO - Sync 1 DAGs
[2025-04-13T18:12:06.828+0000] {logging_mixin.py:188} INFO - [2025-04-13T18:12:06.828+0000] {dag.py:3823} INFO - Setting next_dagrun for example_branch_operator to 2025-04-12 00:00:00+00:00, run_after=2025-04-13 00:00:00+00:00
[2025-04-13T18:12:06.876+0000] {processor.py:183} INFO - Processing /home/airflow/.local/lib/python3.8/site-packages/airflow/example_dags/example_branch_operator.py took 0.239 seconds
[2025-04-13T18:12:37.812+0000] {processor.py:161} INFO - Started process (PID=9146) to work on /home/airflow/.local/lib/python3.8/site-packages/airflow/example_dags/example_branch_operator.py
[2025-04-13T18:12:37.814+0000] {processor.py:830} INFO - Processing file /home/airflow/.local/lib/python3.8/site-packages/airflow/example_dags/example_branch_operator.py for tasks to queue
[2025-04-13T18:12:37.817+0000] {logging_mixin.py:188} INFO - [2025-04-13T18:12:37.817+0000] {dagbag.py:538} INFO - Filling up the DagBag from /home/airflow/.local/lib/python3.8/site-packages/airflow/example_dags/example_branch_operator.py
[2025-04-13T18:12:37.855+0000] {processor.py:840} INFO - DAG(s) 'example_branch_operator' retrieved from /home/airflow/.local/lib/python3.8/site-packages/airflow/example_dags/example_branch_operator.py
[2025-04-13T18:12:37.900+0000] {logging_mixin.py:188} INFO - [2025-04-13T18:12:37.900+0000] {dag.py:3036} INFO - Sync 1 DAGs
[2025-04-13T18:12:37.940+0000] {logging_mixin.py:188} INFO - [2025-04-13T18:12:37.940+0000] {dag.py:3823} INFO - Setting next_dagrun for example_branch_operator to 2025-04-12 00:00:00+00:00, run_after=2025-04-13 00:00:00+00:00
[2025-04-13T18:12:38.052+0000] {processor.py:183} INFO - Processing /home/airflow/.local/lib/python3.8/site-packages/airflow/example_dags/example_branch_operator.py took 0.246 seconds
[2025-04-13T18:13:08.972+0000] {processor.py:161} INFO - Started process (PID=9202) to work on /home/airflow/.local/lib/python3.8/site-packages/airflow/example_dags/example_branch_operator.py
[2025-04-13T18:13:08.975+0000] {processor.py:830} INFO - Processing file /home/airflow/.local/lib/python3.8/site-packages/airflow/example_dags/example_branch_operator.py for tasks to queue
[2025-04-13T18:13:08.979+0000] {logging_mixin.py:188} INFO - [2025-04-13T18:13:08.979+0000] {dagbag.py:538} INFO - Filling up the DagBag from /home/airflow/.local/lib/python3.8/site-packages/airflow/example_dags/example_branch_operator.py
[2025-04-13T18:13:09.017+0000] {processor.py:840} INFO - DAG(s) 'example_branch_operator' retrieved from /home/airflow/.local/lib/python3.8/site-packages/airflow/example_dags/example_branch_operator.py
[2025-04-13T18:13:09.068+0000] {logging_mixin.py:188} INFO - [2025-04-13T18:13:09.068+0000] {dag.py:3036} INFO - Sync 1 DAGs
[2025-04-13T18:13:09.109+0000] {logging_mixin.py:188} INFO - [2025-04-13T18:13:09.109+0000] {dag.py:3823} INFO - Setting next_dagrun for example_branch_operator to 2025-04-12 00:00:00+00:00, run_after=2025-04-13 00:00:00+00:00
[2025-04-13T18:13:09.198+0000] {processor.py:183} INFO - Processing /home/airflow/.local/lib/python3.8/site-packages/airflow/example_dags/example_branch_operator.py took 0.232 seconds
[2025-04-13T18:13:41.889+0000] {processor.py:161} INFO - Started process (PID=9257) to work on /home/airflow/.local/lib/python3.8/site-packages/airflow/example_dags/example_branch_operator.py
[2025-04-13T18:13:41.891+0000] {processor.py:830} INFO - Processing file /home/airflow/.local/lib/python3.8/site-packages/airflow/example_dags/example_branch_operator.py for tasks to queue
[2025-04-13T18:13:41.898+0000] {logging_mixin.py:188} INFO - [2025-04-13T18:13:41.898+0000] {dagbag.py:538} INFO - Filling up the DagBag from /home/airflow/.local/lib/python3.8/site-packages/airflow/example_dags/example_branch_operator.py
[2025-04-13T18:13:41.973+0000] {processor.py:840} INFO - DAG(s) 'example_branch_operator' retrieved from /home/airflow/.local/lib/python3.8/site-packages/airflow/example_dags/example_branch_operator.py
[2025-04-13T18:13:42.048+0000] {logging_mixin.py:188} INFO - [2025-04-13T18:13:42.048+0000] {dag.py:3036} INFO - Sync 1 DAGs
[2025-04-13T18:13:42.089+0000] {logging_mixin.py:188} INFO - [2025-04-13T18:13:42.089+0000] {dag.py:3823} INFO - Setting next_dagrun for example_branch_operator to 2025-04-12 00:00:00+00:00, run_after=2025-04-13 00:00:00+00:00
[2025-04-13T18:13:42.166+0000] {processor.py:183} INFO - Processing /home/airflow/.local/lib/python3.8/site-packages/airflow/example_dags/example_branch_operator.py took 0.284 seconds
[2025-04-13T18:14:13.212+0000] {processor.py:161} INFO - Started process (PID=9312) to work on /home/airflow/.local/lib/python3.8/site-packages/airflow/example_dags/example_branch_operator.py
[2025-04-13T18:14:13.215+0000] {processor.py:830} INFO - Processing file /home/airflow/.local/lib/python3.8/site-packages/airflow/example_dags/example_branch_operator.py for tasks to queue
[2025-04-13T18:14:13.220+0000] {logging_mixin.py:188} INFO - [2025-04-13T18:14:13.219+0000] {dagbag.py:538} INFO - Filling up the DagBag from /home/airflow/.local/lib/python3.8/site-packages/airflow/example_dags/example_branch_operator.py
[2025-04-13T18:14:13.258+0000] {processor.py:840} INFO - DAG(s) 'example_branch_operator' retrieved from /home/airflow/.local/lib/python3.8/site-packages/airflow/example_dags/example_branch_operator.py
[2025-04-13T18:14:13.326+0000] {logging_mixin.py:188} INFO - [2025-04-13T18:14:13.325+0000] {dag.py:3036} INFO - Sync 1 DAGs
[2025-04-13T18:14:13.383+0000] {logging_mixin.py:188} INFO - [2025-04-13T18:14:13.382+0000] {dag.py:3823} INFO - Setting next_dagrun for example_branch_operator to 2025-04-12 00:00:00+00:00, run_after=2025-04-13 00:00:00+00:00
[2025-04-13T18:14:13.416+0000] {processor.py:183} INFO - Processing /home/airflow/.local/lib/python3.8/site-packages/airflow/example_dags/example_branch_operator.py took 0.211 seconds
[2025-04-13T18:14:47.447+0000] {processor.py:161} INFO - Started process (PID=9368) to work on /home/airflow/.local/lib/python3.8/site-packages/airflow/example_dags/example_branch_operator.py
[2025-04-13T18:14:47.449+0000] {processor.py:830} INFO - Processing file /home/airflow/.local/lib/python3.8/site-packages/airflow/example_dags/example_branch_operator.py for tasks to queue
[2025-04-13T18:14:47.455+0000] {logging_mixin.py:188} INFO - [2025-04-13T18:14:47.454+0000] {dagbag.py:538} INFO - Filling up the DagBag from /home/airflow/.local/lib/python3.8/site-packages/airflow/example_dags/example_branch_operator.py
[2025-04-13T18:14:47.490+0000] {processor.py:840} INFO - DAG(s) 'example_branch_operator' retrieved from /home/airflow/.local/lib/python3.8/site-packages/airflow/example_dags/example_branch_operator.py
[2025-04-13T18:14:47.563+0000] {logging_mixin.py:188} INFO - [2025-04-13T18:14:47.562+0000] {dag.py:3036} INFO - Sync 1 DAGs
[2025-04-13T18:14:47.615+0000] {logging_mixin.py:188} INFO - [2025-04-13T18:14:47.615+0000] {dag.py:3823} INFO - Setting next_dagrun for example_branch_operator to 2025-04-12 00:00:00+00:00, run_after=2025-04-13 00:00:00+00:00
[2025-04-13T18:14:47.651+0000] {processor.py:183} INFO - Processing /home/airflow/.local/lib/python3.8/site-packages/airflow/example_dags/example_branch_operator.py took 0.209 seconds
[2025-04-13T18:15:19.467+0000] {processor.py:161} INFO - Started process (PID=9424) to work on /home/airflow/.local/lib/python3.8/site-packages/airflow/example_dags/example_branch_operator.py
[2025-04-13T18:15:19.471+0000] {processor.py:830} INFO - Processing file /home/airflow/.local/lib/python3.8/site-packages/airflow/example_dags/example_branch_operator.py for tasks to queue
[2025-04-13T18:15:19.476+0000] {logging_mixin.py:188} INFO - [2025-04-13T18:15:19.475+0000] {dagbag.py:538} INFO - Filling up the DagBag from /home/airflow/.local/lib/python3.8/site-packages/airflow/example_dags/example_branch_operator.py
[2025-04-13T18:15:19.526+0000] {processor.py:840} INFO - DAG(s) 'example_branch_operator' retrieved from /home/airflow/.local/lib/python3.8/site-packages/airflow/example_dags/example_branch_operator.py
[2025-04-13T18:15:19.595+0000] {logging_mixin.py:188} INFO - [2025-04-13T18:15:19.594+0000] {dag.py:3036} INFO - Sync 1 DAGs
[2025-04-13T18:15:19.642+0000] {logging_mixin.py:188} INFO - [2025-04-13T18:15:19.642+0000] {dag.py:3823} INFO - Setting next_dagrun for example_branch_operator to 2025-04-12 00:00:00+00:00, run_after=2025-04-13 00:00:00+00:00
[2025-04-13T18:15:19.697+0000] {processor.py:183} INFO - Processing /home/airflow/.local/lib/python3.8/site-packages/airflow/example_dags/example_branch_operator.py took 0.238 seconds
[2025-04-13T18:15:50.421+0000] {processor.py:161} INFO - Started process (PID=9479) to work on /home/airflow/.local/lib/python3.8/site-packages/airflow/example_dags/example_branch_operator.py
[2025-04-13T18:15:50.423+0000] {processor.py:830} INFO - Processing file /home/airflow/.local/lib/python3.8/site-packages/airflow/example_dags/example_branch_operator.py for tasks to queue
[2025-04-13T18:15:50.427+0000] {logging_mixin.py:188} INFO - [2025-04-13T18:15:50.426+0000] {dagbag.py:538} INFO - Filling up the DagBag from /home/airflow/.local/lib/python3.8/site-packages/airflow/example_dags/example_branch_operator.py
[2025-04-13T18:15:50.463+0000] {processor.py:840} INFO - DAG(s) 'example_branch_operator' retrieved from /home/airflow/.local/lib/python3.8/site-packages/airflow/example_dags/example_branch_operator.py
[2025-04-13T18:15:50.520+0000] {logging_mixin.py:188} INFO - [2025-04-13T18:15:50.520+0000] {dag.py:3036} INFO - Sync 1 DAGs
[2025-04-13T18:15:50.562+0000] {logging_mixin.py:188} INFO - [2025-04-13T18:15:50.561+0000] {dag.py:3823} INFO - Setting next_dagrun for example_branch_operator to 2025-04-12 00:00:00+00:00, run_after=2025-04-13 00:00:00+00:00
[2025-04-13T18:15:50.604+0000] {processor.py:183} INFO - Processing /home/airflow/.local/lib/python3.8/site-packages/airflow/example_dags/example_branch_operator.py took 0.188 seconds
[2025-04-13T18:16:24.108+0000] {processor.py:161} INFO - Started process (PID=9535) to work on /home/airflow/.local/lib/python3.8/site-packages/airflow/example_dags/example_branch_operator.py
[2025-04-13T18:16:24.110+0000] {processor.py:830} INFO - Processing file /home/airflow/.local/lib/python3.8/site-packages/airflow/example_dags/example_branch_operator.py for tasks to queue
[2025-04-13T18:16:24.115+0000] {logging_mixin.py:188} INFO - [2025-04-13T18:16:24.114+0000] {dagbag.py:538} INFO - Filling up the DagBag from /home/airflow/.local/lib/python3.8/site-packages/airflow/example_dags/example_branch_operator.py
[2025-04-13T18:16:24.156+0000] {processor.py:840} INFO - DAG(s) 'example_branch_operator' retrieved from /home/airflow/.local/lib/python3.8/site-packages/airflow/example_dags/example_branch_operator.py
[2025-04-13T18:16:24.208+0000] {logging_mixin.py:188} INFO - [2025-04-13T18:16:24.208+0000] {dag.py:3036} INFO - Sync 1 DAGs
[2025-04-13T18:16:24.250+0000] {logging_mixin.py:188} INFO - [2025-04-13T18:16:24.249+0000] {dag.py:3823} INFO - Setting next_dagrun for example_branch_operator to 2025-04-12 00:00:00+00:00, run_after=2025-04-13 00:00:00+00:00
[2025-04-13T18:16:24.325+0000] {processor.py:183} INFO - Processing /home/airflow/.local/lib/python3.8/site-packages/airflow/example_dags/example_branch_operator.py took 0.224 seconds
[2025-04-13T18:16:56.768+0000] {processor.py:161} INFO - Started process (PID=9591) to work on /home/airflow/.local/lib/python3.8/site-packages/airflow/example_dags/example_branch_operator.py
[2025-04-13T18:16:56.773+0000] {processor.py:830} INFO - Processing file /home/airflow/.local/lib/python3.8/site-packages/airflow/example_dags/example_branch_operator.py for tasks to queue
[2025-04-13T18:16:56.813+0000] {logging_mixin.py:188} INFO - [2025-04-13T18:16:56.811+0000] {dagbag.py:538} INFO - Filling up the DagBag from /home/airflow/.local/lib/python3.8/site-packages/airflow/example_dags/example_branch_operator.py
[2025-04-13T18:16:56.880+0000] {processor.py:840} INFO - DAG(s) 'example_branch_operator' retrieved from /home/airflow/.local/lib/python3.8/site-packages/airflow/example_dags/example_branch_operator.py
[2025-04-13T18:16:56.940+0000] {logging_mixin.py:188} INFO - [2025-04-13T18:16:56.940+0000] {dag.py:3036} INFO - Sync 1 DAGs
[2025-04-13T18:16:56.985+0000] {logging_mixin.py:188} INFO - [2025-04-13T18:16:56.984+0000] {dag.py:3823} INFO - Setting next_dagrun for example_branch_operator to 2025-04-12 00:00:00+00:00, run_after=2025-04-13 00:00:00+00:00
[2025-04-13T18:16:57.025+0000] {processor.py:183} INFO - Processing /home/airflow/.local/lib/python3.8/site-packages/airflow/example_dags/example_branch_operator.py took 0.273 seconds
[2025-04-13T18:17:28.936+0000] {processor.py:161} INFO - Started process (PID=9647) to work on /home/airflow/.local/lib/python3.8/site-packages/airflow/example_dags/example_branch_operator.py
[2025-04-13T18:17:28.938+0000] {processor.py:830} INFO - Processing file /home/airflow/.local/lib/python3.8/site-packages/airflow/example_dags/example_branch_operator.py for tasks to queue
[2025-04-13T18:17:28.943+0000] {logging_mixin.py:188} INFO - [2025-04-13T18:17:28.942+0000] {dagbag.py:538} INFO - Filling up the DagBag from /home/airflow/.local/lib/python3.8/site-packages/airflow/example_dags/example_branch_operator.py
[2025-04-13T18:17:28.982+0000] {processor.py:840} INFO - DAG(s) 'example_branch_operator' retrieved from /home/airflow/.local/lib/python3.8/site-packages/airflow/example_dags/example_branch_operator.py
[2025-04-13T18:17:29.054+0000] {logging_mixin.py:188} INFO - [2025-04-13T18:17:29.053+0000] {dag.py:3036} INFO - Sync 1 DAGs
[2025-04-13T18:17:29.098+0000] {logging_mixin.py:188} INFO - [2025-04-13T18:17:29.098+0000] {dag.py:3823} INFO - Setting next_dagrun for example_branch_operator to 2025-04-12 00:00:00+00:00, run_after=2025-04-13 00:00:00+00:00
[2025-04-13T18:17:29.137+0000] {processor.py:183} INFO - Processing /home/airflow/.local/lib/python3.8/site-packages/airflow/example_dags/example_branch_operator.py took 0.208 seconds
[2025-04-13T18:18:00.388+0000] {processor.py:161} INFO - Started process (PID=9703) to work on /home/airflow/.local/lib/python3.8/site-packages/airflow/example_dags/example_branch_operator.py
[2025-04-13T18:18:00.390+0000] {processor.py:830} INFO - Processing file /home/airflow/.local/lib/python3.8/site-packages/airflow/example_dags/example_branch_operator.py for tasks to queue
[2025-04-13T18:18:00.394+0000] {logging_mixin.py:188} INFO - [2025-04-13T18:18:00.394+0000] {dagbag.py:538} INFO - Filling up the DagBag from /home/airflow/.local/lib/python3.8/site-packages/airflow/example_dags/example_branch_operator.py
[2025-04-13T18:18:00.429+0000] {processor.py:840} INFO - DAG(s) 'example_branch_operator' retrieved from /home/airflow/.local/lib/python3.8/site-packages/airflow/example_dags/example_branch_operator.py
[2025-04-13T18:18:00.491+0000] {logging_mixin.py:188} INFO - [2025-04-13T18:18:00.491+0000] {dag.py:3036} INFO - Sync 1 DAGs
[2025-04-13T18:18:00.592+0000] {logging_mixin.py:188} INFO - [2025-04-13T18:18:00.592+0000] {dag.py:3823} INFO - Setting next_dagrun for example_branch_operator to 2025-04-12 00:00:00+00:00, run_after=2025-04-13 00:00:00+00:00
[2025-04-13T18:18:00.696+0000] {processor.py:183} INFO - Processing /home/airflow/.local/lib/python3.8/site-packages/airflow/example_dags/example_branch_operator.py took 0.315 seconds
[2025-04-13T18:18:31.059+0000] {processor.py:161} INFO - Started process (PID=9759) to work on /home/airflow/.local/lib/python3.8/site-packages/airflow/example_dags/example_branch_operator.py
[2025-04-13T18:18:31.061+0000] {processor.py:830} INFO - Processing file /home/airflow/.local/lib/python3.8/site-packages/airflow/example_dags/example_branch_operator.py for tasks to queue
[2025-04-13T18:18:31.064+0000] {logging_mixin.py:188} INFO - [2025-04-13T18:18:31.064+0000] {dagbag.py:538} INFO - Filling up the DagBag from /home/airflow/.local/lib/python3.8/site-packages/airflow/example_dags/example_branch_operator.py
[2025-04-13T18:18:31.109+0000] {processor.py:840} INFO - DAG(s) 'example_branch_operator' retrieved from /home/airflow/.local/lib/python3.8/site-packages/airflow/example_dags/example_branch_operator.py
[2025-04-13T18:18:31.169+0000] {logging_mixin.py:188} INFO - [2025-04-13T18:18:31.169+0000] {dag.py:3036} INFO - Sync 1 DAGs
[2025-04-13T18:18:31.220+0000] {logging_mixin.py:188} INFO - [2025-04-13T18:18:31.220+0000] {dag.py:3823} INFO - Setting next_dagrun for example_branch_operator to 2025-04-12 00:00:00+00:00, run_after=2025-04-13 00:00:00+00:00
[2025-04-13T18:18:31.292+0000] {processor.py:183} INFO - Processing /home/airflow/.local/lib/python3.8/site-packages/airflow/example_dags/example_branch_operator.py took 0.241 seconds
[2025-04-13T18:19:03.490+0000] {processor.py:161} INFO - Started process (PID=9815) to work on /home/airflow/.local/lib/python3.8/site-packages/airflow/example_dags/example_branch_operator.py
[2025-04-13T18:19:03.492+0000] {processor.py:830} INFO - Processing file /home/airflow/.local/lib/python3.8/site-packages/airflow/example_dags/example_branch_operator.py for tasks to queue
[2025-04-13T18:19:03.496+0000] {logging_mixin.py:188} INFO - [2025-04-13T18:19:03.495+0000] {dagbag.py:538} INFO - Filling up the DagBag from /home/airflow/.local/lib/python3.8/site-packages/airflow/example_dags/example_branch_operator.py
[2025-04-13T18:19:03.533+0000] {processor.py:840} INFO - DAG(s) 'example_branch_operator' retrieved from /home/airflow/.local/lib/python3.8/site-packages/airflow/example_dags/example_branch_operator.py
[2025-04-13T18:19:03.599+0000] {logging_mixin.py:188} INFO - [2025-04-13T18:19:03.599+0000] {dag.py:3036} INFO - Sync 1 DAGs
[2025-04-13T18:19:03.650+0000] {logging_mixin.py:188} INFO - [2025-04-13T18:19:03.650+0000] {dag.py:3823} INFO - Setting next_dagrun for example_branch_operator to 2025-04-12 00:00:00+00:00, run_after=2025-04-13 00:00:00+00:00
[2025-04-13T18:19:03.702+0000] {processor.py:183} INFO - Processing /home/airflow/.local/lib/python3.8/site-packages/airflow/example_dags/example_branch_operator.py took 0.218 seconds
[2025-04-13T18:19:36.846+0000] {processor.py:161} INFO - Started process (PID=9871) to work on /home/airflow/.local/lib/python3.8/site-packages/airflow/example_dags/example_branch_operator.py
[2025-04-13T18:19:36.851+0000] {processor.py:830} INFO - Processing file /home/airflow/.local/lib/python3.8/site-packages/airflow/example_dags/example_branch_operator.py for tasks to queue
[2025-04-13T18:19:36.862+0000] {logging_mixin.py:188} INFO - [2025-04-13T18:19:36.861+0000] {dagbag.py:538} INFO - Filling up the DagBag from /home/airflow/.local/lib/python3.8/site-packages/airflow/example_dags/example_branch_operator.py
[2025-04-13T18:19:36.904+0000] {processor.py:840} INFO - DAG(s) 'example_branch_operator' retrieved from /home/airflow/.local/lib/python3.8/site-packages/airflow/example_dags/example_branch_operator.py
[2025-04-13T18:19:36.964+0000] {logging_mixin.py:188} INFO - [2025-04-13T18:19:36.963+0000] {dag.py:3036} INFO - Sync 1 DAGs
[2025-04-13T18:19:37.006+0000] {logging_mixin.py:188} INFO - [2025-04-13T18:19:37.006+0000] {dag.py:3823} INFO - Setting next_dagrun for example_branch_operator to 2025-04-12 00:00:00+00:00, run_after=2025-04-13 00:00:00+00:00
[2025-04-13T18:19:37.041+0000] {processor.py:183} INFO - Processing /home/airflow/.local/lib/python3.8/site-packages/airflow/example_dags/example_branch_operator.py took 0.215 seconds
[2025-04-13T18:20:08.860+0000] {processor.py:161} INFO - Started process (PID=9927) to work on /home/airflow/.local/lib/python3.8/site-packages/airflow/example_dags/example_branch_operator.py
[2025-04-13T18:20:08.867+0000] {processor.py:830} INFO - Processing file /home/airflow/.local/lib/python3.8/site-packages/airflow/example_dags/example_branch_operator.py for tasks to queue
[2025-04-13T18:20:08.874+0000] {logging_mixin.py:188} INFO - [2025-04-13T18:20:08.873+0000] {dagbag.py:538} INFO - Filling up the DagBag from /home/airflow/.local/lib/python3.8/site-packages/airflow/example_dags/example_branch_operator.py
[2025-04-13T18:20:08.920+0000] {processor.py:840} INFO - DAG(s) 'example_branch_operator' retrieved from /home/airflow/.local/lib/python3.8/site-packages/airflow/example_dags/example_branch_operator.py
[2025-04-13T18:20:08.987+0000] {logging_mixin.py:188} INFO - [2025-04-13T18:20:08.987+0000] {dag.py:3036} INFO - Sync 1 DAGs
[2025-04-13T18:20:09.220+0000] {logging_mixin.py:188} INFO - [2025-04-13T18:20:09.220+0000] {dag.py:3823} INFO - Setting next_dagrun for example_branch_operator to 2025-04-12 00:00:00+00:00, run_after=2025-04-13 00:00:00+00:00
[2025-04-13T18:20:09.258+0000] {processor.py:183} INFO - Processing /home/airflow/.local/lib/python3.8/site-packages/airflow/example_dags/example_branch_operator.py took 0.406 seconds
[2025-04-13T18:20:42.273+0000] {processor.py:161} INFO - Started process (PID=9982) to work on /home/airflow/.local/lib/python3.8/site-packages/airflow/example_dags/example_branch_operator.py
[2025-04-13T18:20:42.277+0000] {processor.py:830} INFO - Processing file /home/airflow/.local/lib/python3.8/site-packages/airflow/example_dags/example_branch_operator.py for tasks to queue
[2025-04-13T18:20:42.287+0000] {logging_mixin.py:188} INFO - [2025-04-13T18:20:42.286+0000] {dagbag.py:538} INFO - Filling up the DagBag from /home/airflow/.local/lib/python3.8/site-packages/airflow/example_dags/example_branch_operator.py
[2025-04-13T18:20:42.362+0000] {processor.py:840} INFO - DAG(s) 'example_branch_operator' retrieved from /home/airflow/.local/lib/python3.8/site-packages/airflow/example_dags/example_branch_operator.py
[2025-04-13T18:20:42.442+0000] {logging_mixin.py:188} INFO - [2025-04-13T18:20:42.441+0000] {dag.py:3036} INFO - Sync 1 DAGs
[2025-04-13T18:20:42.507+0000] {logging_mixin.py:188} INFO - [2025-04-13T18:20:42.507+0000] {dag.py:3823} INFO - Setting next_dagrun for example_branch_operator to 2025-04-12 00:00:00+00:00, run_after=2025-04-13 00:00:00+00:00
[2025-04-13T18:20:42.896+0000] {processor.py:183} INFO - Processing /home/airflow/.local/lib/python3.8/site-packages/airflow/example_dags/example_branch_operator.py took 0.636 seconds
[2025-04-13T18:21:13.633+0000] {processor.py:161} INFO - Started process (PID=10039) to work on /home/airflow/.local/lib/python3.8/site-packages/airflow/example_dags/example_branch_operator.py
[2025-04-13T18:21:13.635+0000] {processor.py:830} INFO - Processing file /home/airflow/.local/lib/python3.8/site-packages/airflow/example_dags/example_branch_operator.py for tasks to queue
[2025-04-13T18:21:13.639+0000] {logging_mixin.py:188} INFO - [2025-04-13T18:21:13.638+0000] {dagbag.py:538} INFO - Filling up the DagBag from /home/airflow/.local/lib/python3.8/site-packages/airflow/example_dags/example_branch_operator.py
[2025-04-13T18:21:13.679+0000] {processor.py:840} INFO - DAG(s) 'example_branch_operator' retrieved from /home/airflow/.local/lib/python3.8/site-packages/airflow/example_dags/example_branch_operator.py
[2025-04-13T18:21:13.740+0000] {logging_mixin.py:188} INFO - [2025-04-13T18:21:13.739+0000] {dag.py:3036} INFO - Sync 1 DAGs
[2025-04-13T18:21:13.780+0000] {logging_mixin.py:188} INFO - [2025-04-13T18:21:13.780+0000] {dag.py:3823} INFO - Setting next_dagrun for example_branch_operator to 2025-04-12 00:00:00+00:00, run_after=2025-04-13 00:00:00+00:00
[2025-04-13T18:21:13.826+0000] {processor.py:183} INFO - Processing /home/airflow/.local/lib/python3.8/site-packages/airflow/example_dags/example_branch_operator.py took 0.200 seconds
[2025-04-13T18:21:47.223+0000] {processor.py:161} INFO - Started process (PID=10095) to work on /home/airflow/.local/lib/python3.8/site-packages/airflow/example_dags/example_branch_operator.py
[2025-04-13T18:21:47.225+0000] {processor.py:830} INFO - Processing file /home/airflow/.local/lib/python3.8/site-packages/airflow/example_dags/example_branch_operator.py for tasks to queue
[2025-04-13T18:21:47.229+0000] {logging_mixin.py:188} INFO - [2025-04-13T18:21:47.228+0000] {dagbag.py:538} INFO - Filling up the DagBag from /home/airflow/.local/lib/python3.8/site-packages/airflow/example_dags/example_branch_operator.py
[2025-04-13T18:21:47.267+0000] {processor.py:840} INFO - DAG(s) 'example_branch_operator' retrieved from /home/airflow/.local/lib/python3.8/site-packages/airflow/example_dags/example_branch_operator.py
[2025-04-13T18:21:47.336+0000] {logging_mixin.py:188} INFO - [2025-04-13T18:21:47.336+0000] {dag.py:3036} INFO - Sync 1 DAGs
[2025-04-13T18:21:47.396+0000] {logging_mixin.py:188} INFO - [2025-04-13T18:21:47.395+0000] {dag.py:3823} INFO - Setting next_dagrun for example_branch_operator to 2025-04-12 00:00:00+00:00, run_after=2025-04-13 00:00:00+00:00
[2025-04-13T18:21:47.435+0000] {processor.py:183} INFO - Processing /home/airflow/.local/lib/python3.8/site-packages/airflow/example_dags/example_branch_operator.py took 0.218 seconds
[2025-04-13T18:22:21.117+0000] {processor.py:161} INFO - Started process (PID=10151) to work on /home/airflow/.local/lib/python3.8/site-packages/airflow/example_dags/example_branch_operator.py
[2025-04-13T18:22:21.119+0000] {processor.py:830} INFO - Processing file /home/airflow/.local/lib/python3.8/site-packages/airflow/example_dags/example_branch_operator.py for tasks to queue
[2025-04-13T18:22:21.123+0000] {logging_mixin.py:188} INFO - [2025-04-13T18:22:21.122+0000] {dagbag.py:538} INFO - Filling up the DagBag from /home/airflow/.local/lib/python3.8/site-packages/airflow/example_dags/example_branch_operator.py
[2025-04-13T18:22:21.164+0000] {processor.py:840} INFO - DAG(s) 'example_branch_operator' retrieved from /home/airflow/.local/lib/python3.8/site-packages/airflow/example_dags/example_branch_operator.py
[2025-04-13T18:22:21.213+0000] {logging_mixin.py:188} INFO - [2025-04-13T18:22:21.213+0000] {dag.py:3036} INFO - Sync 1 DAGs
[2025-04-13T18:22:21.436+0000] {logging_mixin.py:188} INFO - [2025-04-13T18:22:21.436+0000] {dag.py:3823} INFO - Setting next_dagrun for example_branch_operator to 2025-04-12 00:00:00+00:00, run_after=2025-04-13 00:00:00+00:00
[2025-04-13T18:22:21.524+0000] {processor.py:183} INFO - Processing /home/airflow/.local/lib/python3.8/site-packages/airflow/example_dags/example_branch_operator.py took 0.413 seconds
[2025-04-13T18:22:51.858+0000] {processor.py:161} INFO - Started process (PID=10207) to work on /home/airflow/.local/lib/python3.8/site-packages/airflow/example_dags/example_branch_operator.py
[2025-04-13T18:22:51.863+0000] {processor.py:830} INFO - Processing file /home/airflow/.local/lib/python3.8/site-packages/airflow/example_dags/example_branch_operator.py for tasks to queue
[2025-04-13T18:22:51.873+0000] {logging_mixin.py:188} INFO - [2025-04-13T18:22:51.872+0000] {dagbag.py:538} INFO - Filling up the DagBag from /home/airflow/.local/lib/python3.8/site-packages/airflow/example_dags/example_branch_operator.py
[2025-04-13T18:22:51.958+0000] {processor.py:840} INFO - DAG(s) 'example_branch_operator' retrieved from /home/airflow/.local/lib/python3.8/site-packages/airflow/example_dags/example_branch_operator.py
[2025-04-13T18:22:52.010+0000] {logging_mixin.py:188} INFO - [2025-04-13T18:22:52.009+0000] {dag.py:3036} INFO - Sync 1 DAGs
[2025-04-13T18:22:52.274+0000] {logging_mixin.py:188} INFO - [2025-04-13T18:22:52.273+0000] {dag.py:3823} INFO - Setting next_dagrun for example_branch_operator to 2025-04-12 00:00:00+00:00, run_after=2025-04-13 00:00:00+00:00
[2025-04-13T18:22:52.363+0000] {processor.py:183} INFO - Processing /home/airflow/.local/lib/python3.8/site-packages/airflow/example_dags/example_branch_operator.py took 0.520 seconds
[2025-04-13T18:23:23.319+0000] {processor.py:161} INFO - Started process (PID=10263) to work on /home/airflow/.local/lib/python3.8/site-packages/airflow/example_dags/example_branch_operator.py
[2025-04-13T18:23:23.321+0000] {processor.py:830} INFO - Processing file /home/airflow/.local/lib/python3.8/site-packages/airflow/example_dags/example_branch_operator.py for tasks to queue
[2025-04-13T18:23:23.326+0000] {logging_mixin.py:188} INFO - [2025-04-13T18:23:23.325+0000] {dagbag.py:538} INFO - Filling up the DagBag from /home/airflow/.local/lib/python3.8/site-packages/airflow/example_dags/example_branch_operator.py
[2025-04-13T18:23:23.365+0000] {processor.py:840} INFO - DAG(s) 'example_branch_operator' retrieved from /home/airflow/.local/lib/python3.8/site-packages/airflow/example_dags/example_branch_operator.py
[2025-04-13T18:23:23.417+0000] {logging_mixin.py:188} INFO - [2025-04-13T18:23:23.417+0000] {dag.py:3036} INFO - Sync 1 DAGs
[2025-04-13T18:23:23.468+0000] {logging_mixin.py:188} INFO - [2025-04-13T18:23:23.467+0000] {dag.py:3823} INFO - Setting next_dagrun for example_branch_operator to 2025-04-12 00:00:00+00:00, run_after=2025-04-13 00:00:00+00:00
[2025-04-13T18:23:23.506+0000] {processor.py:183} INFO - Processing /home/airflow/.local/lib/python3.8/site-packages/airflow/example_dags/example_branch_operator.py took 0.193 seconds
[2025-04-13T18:23:58.138+0000] {processor.py:161} INFO - Started process (PID=10319) to work on /home/airflow/.local/lib/python3.8/site-packages/airflow/example_dags/example_branch_operator.py
[2025-04-13T18:23:58.140+0000] {processor.py:830} INFO - Processing file /home/airflow/.local/lib/python3.8/site-packages/airflow/example_dags/example_branch_operator.py for tasks to queue
[2025-04-13T18:23:58.144+0000] {logging_mixin.py:188} INFO - [2025-04-13T18:23:58.143+0000] {dagbag.py:538} INFO - Filling up the DagBag from /home/airflow/.local/lib/python3.8/site-packages/airflow/example_dags/example_branch_operator.py
[2025-04-13T18:23:58.360+0000] {processor.py:840} INFO - DAG(s) 'example_branch_operator' retrieved from /home/airflow/.local/lib/python3.8/site-packages/airflow/example_dags/example_branch_operator.py
[2025-04-13T18:23:58.415+0000] {logging_mixin.py:188} INFO - [2025-04-13T18:23:58.415+0000] {dag.py:3036} INFO - Sync 1 DAGs
[2025-04-13T18:23:58.459+0000] {logging_mixin.py:188} INFO - [2025-04-13T18:23:58.459+0000] {dag.py:3823} INFO - Setting next_dagrun for example_branch_operator to 2025-04-12 00:00:00+00:00, run_after=2025-04-13 00:00:00+00:00
[2025-04-13T18:23:58.500+0000] {processor.py:183} INFO - Processing /home/airflow/.local/lib/python3.8/site-packages/airflow/example_dags/example_branch_operator.py took 0.371 seconds
[2025-04-13T18:24:30.007+0000] {processor.py:161} INFO - Started process (PID=10377) to work on /home/airflow/.local/lib/python3.8/site-packages/airflow/example_dags/example_branch_operator.py
[2025-04-13T18:24:30.008+0000] {processor.py:830} INFO - Processing file /home/airflow/.local/lib/python3.8/site-packages/airflow/example_dags/example_branch_operator.py for tasks to queue
[2025-04-13T18:24:30.012+0000] {logging_mixin.py:188} INFO - [2025-04-13T18:24:30.012+0000] {dagbag.py:538} INFO - Filling up the DagBag from /home/airflow/.local/lib/python3.8/site-packages/airflow/example_dags/example_branch_operator.py
[2025-04-13T18:24:30.042+0000] {processor.py:840} INFO - DAG(s) 'example_branch_operator' retrieved from /home/airflow/.local/lib/python3.8/site-packages/airflow/example_dags/example_branch_operator.py
[2025-04-13T18:24:30.100+0000] {logging_mixin.py:188} INFO - [2025-04-13T18:24:30.099+0000] {dag.py:3036} INFO - Sync 1 DAGs
[2025-04-13T18:24:30.142+0000] {logging_mixin.py:188} INFO - [2025-04-13T18:24:30.142+0000] {dag.py:3823} INFO - Setting next_dagrun for example_branch_operator to 2025-04-12 00:00:00+00:00, run_after=2025-04-13 00:00:00+00:00
[2025-04-13T18:24:30.181+0000] {processor.py:183} INFO - Processing /home/airflow/.local/lib/python3.8/site-packages/airflow/example_dags/example_branch_operator.py took 0.180 seconds
[2025-04-13T18:25:03.125+0000] {processor.py:161} INFO - Started process (PID=10434) to work on /home/airflow/.local/lib/python3.8/site-packages/airflow/example_dags/example_branch_operator.py
[2025-04-13T18:25:03.127+0000] {processor.py:830} INFO - Processing file /home/airflow/.local/lib/python3.8/site-packages/airflow/example_dags/example_branch_operator.py for tasks to queue
[2025-04-13T18:25:03.131+0000] {logging_mixin.py:188} INFO - [2025-04-13T18:25:03.130+0000] {dagbag.py:538} INFO - Filling up the DagBag from /home/airflow/.local/lib/python3.8/site-packages/airflow/example_dags/example_branch_operator.py
[2025-04-13T18:25:03.176+0000] {processor.py:840} INFO - DAG(s) 'example_branch_operator' retrieved from /home/airflow/.local/lib/python3.8/site-packages/airflow/example_dags/example_branch_operator.py
[2025-04-13T18:25:03.232+0000] {logging_mixin.py:188} INFO - [2025-04-13T18:25:03.232+0000] {dag.py:3036} INFO - Sync 1 DAGs
[2025-04-13T18:25:03.293+0000] {logging_mixin.py:188} INFO - [2025-04-13T18:25:03.293+0000] {dag.py:3823} INFO - Setting next_dagrun for example_branch_operator to 2025-04-12 00:00:00+00:00, run_after=2025-04-13 00:00:00+00:00
[2025-04-13T18:25:03.390+0000] {processor.py:183} INFO - Processing /home/airflow/.local/lib/python3.8/site-packages/airflow/example_dags/example_branch_operator.py took 0.273 seconds
[2025-04-13T18:25:36.401+0000] {processor.py:161} INFO - Started process (PID=10497) to work on /home/airflow/.local/lib/python3.8/site-packages/airflow/example_dags/example_branch_operator.py
[2025-04-13T18:25:36.403+0000] {processor.py:830} INFO - Processing file /home/airflow/.local/lib/python3.8/site-packages/airflow/example_dags/example_branch_operator.py for tasks to queue
[2025-04-13T18:25:36.407+0000] {logging_mixin.py:188} INFO - [2025-04-13T18:25:36.406+0000] {dagbag.py:538} INFO - Filling up the DagBag from /home/airflow/.local/lib/python3.8/site-packages/airflow/example_dags/example_branch_operator.py
[2025-04-13T18:25:36.444+0000] {processor.py:840} INFO - DAG(s) 'example_branch_operator' retrieved from /home/airflow/.local/lib/python3.8/site-packages/airflow/example_dags/example_branch_operator.py
[2025-04-13T18:25:36.549+0000] {logging_mixin.py:188} INFO - [2025-04-13T18:25:36.549+0000] {dag.py:3036} INFO - Sync 1 DAGs
[2025-04-13T18:25:36.630+0000] {logging_mixin.py:188} INFO - [2025-04-13T18:25:36.629+0000] {dag.py:3823} INFO - Setting next_dagrun for example_branch_operator to 2025-04-12 00:00:00+00:00, run_after=2025-04-13 00:00:00+00:00
[2025-04-13T18:25:36.713+0000] {processor.py:183} INFO - Processing /home/airflow/.local/lib/python3.8/site-packages/airflow/example_dags/example_branch_operator.py took 0.320 seconds
[2025-04-13T18:26:10.663+0000] {processor.py:161} INFO - Started process (PID=10556) to work on /home/airflow/.local/lib/python3.8/site-packages/airflow/example_dags/example_branch_operator.py
[2025-04-13T18:26:10.667+0000] {processor.py:830} INFO - Processing file /home/airflow/.local/lib/python3.8/site-packages/airflow/example_dags/example_branch_operator.py for tasks to queue
[2025-04-13T18:26:10.677+0000] {logging_mixin.py:188} INFO - [2025-04-13T18:26:10.676+0000] {dagbag.py:538} INFO - Filling up the DagBag from /home/airflow/.local/lib/python3.8/site-packages/airflow/example_dags/example_branch_operator.py
[2025-04-13T18:26:10.770+0000] {processor.py:840} INFO - DAG(s) 'example_branch_operator' retrieved from /home/airflow/.local/lib/python3.8/site-packages/airflow/example_dags/example_branch_operator.py
[2025-04-13T18:26:10.836+0000] {logging_mixin.py:188} INFO - [2025-04-13T18:26:10.835+0000] {dag.py:3036} INFO - Sync 1 DAGs
[2025-04-13T18:26:10.891+0000] {logging_mixin.py:188} INFO - [2025-04-13T18:26:10.890+0000] {dag.py:3823} INFO - Setting next_dagrun for example_branch_operator to 2025-04-12 00:00:00+00:00, run_after=2025-04-13 00:00:00+00:00
[2025-04-13T18:26:10.924+0000] {processor.py:183} INFO - Processing /home/airflow/.local/lib/python3.8/site-packages/airflow/example_dags/example_branch_operator.py took 0.276 seconds
[2025-04-13T18:26:43.441+0000] {processor.py:161} INFO - Started process (PID=10612) to work on /home/airflow/.local/lib/python3.8/site-packages/airflow/example_dags/example_branch_operator.py
[2025-04-13T18:26:43.443+0000] {processor.py:830} INFO - Processing file /home/airflow/.local/lib/python3.8/site-packages/airflow/example_dags/example_branch_operator.py for tasks to queue
[2025-04-13T18:26:43.446+0000] {logging_mixin.py:188} INFO - [2025-04-13T18:26:43.446+0000] {dagbag.py:538} INFO - Filling up the DagBag from /home/airflow/.local/lib/python3.8/site-packages/airflow/example_dags/example_branch_operator.py
[2025-04-13T18:26:43.485+0000] {processor.py:840} INFO - DAG(s) 'example_branch_operator' retrieved from /home/airflow/.local/lib/python3.8/site-packages/airflow/example_dags/example_branch_operator.py
[2025-04-13T18:26:43.536+0000] {logging_mixin.py:188} INFO - [2025-04-13T18:26:43.536+0000] {dag.py:3036} INFO - Sync 1 DAGs
[2025-04-13T18:26:43.587+0000] {logging_mixin.py:188} INFO - [2025-04-13T18:26:43.586+0000] {dag.py:3823} INFO - Setting next_dagrun for example_branch_operator to 2025-04-12 00:00:00+00:00, run_after=2025-04-13 00:00:00+00:00
[2025-04-13T18:26:43.634+0000] {processor.py:183} INFO - Processing /home/airflow/.local/lib/python3.8/site-packages/airflow/example_dags/example_branch_operator.py took 0.198 seconds
[2025-04-13T18:27:16.771+0000] {processor.py:161} INFO - Started process (PID=10672) to work on /home/airflow/.local/lib/python3.8/site-packages/airflow/example_dags/example_branch_operator.py
[2025-04-13T18:27:16.775+0000] {processor.py:830} INFO - Processing file /home/airflow/.local/lib/python3.8/site-packages/airflow/example_dags/example_branch_operator.py for tasks to queue
[2025-04-13T18:27:16.784+0000] {logging_mixin.py:188} INFO - [2025-04-13T18:27:16.784+0000] {dagbag.py:538} INFO - Filling up the DagBag from /home/airflow/.local/lib/python3.8/site-packages/airflow/example_dags/example_branch_operator.py
[2025-04-13T18:27:16.890+0000] {processor.py:840} INFO - DAG(s) 'example_branch_operator' retrieved from /home/airflow/.local/lib/python3.8/site-packages/airflow/example_dags/example_branch_operator.py
[2025-04-13T18:27:16.960+0000] {logging_mixin.py:188} INFO - [2025-04-13T18:27:16.960+0000] {dag.py:3036} INFO - Sync 1 DAGs
[2025-04-13T18:27:17.003+0000] {logging_mixin.py:188} INFO - [2025-04-13T18:27:17.002+0000] {dag.py:3823} INFO - Setting next_dagrun for example_branch_operator to 2025-04-12 00:00:00+00:00, run_after=2025-04-13 00:00:00+00:00
[2025-04-13T18:27:17.042+0000] {processor.py:183} INFO - Processing /home/airflow/.local/lib/python3.8/site-packages/airflow/example_dags/example_branch_operator.py took 0.276 seconds
[2025-04-13T18:27:49.194+0000] {processor.py:161} INFO - Started process (PID=10727) to work on /home/airflow/.local/lib/python3.8/site-packages/airflow/example_dags/example_branch_operator.py
[2025-04-13T18:27:49.197+0000] {processor.py:830} INFO - Processing file /home/airflow/.local/lib/python3.8/site-packages/airflow/example_dags/example_branch_operator.py for tasks to queue
[2025-04-13T18:27:49.207+0000] {logging_mixin.py:188} INFO - [2025-04-13T18:27:49.200+0000] {dagbag.py:538} INFO - Filling up the DagBag from /home/airflow/.local/lib/python3.8/site-packages/airflow/example_dags/example_branch_operator.py
[2025-04-13T18:27:49.259+0000] {processor.py:840} INFO - DAG(s) 'example_branch_operator' retrieved from /home/airflow/.local/lib/python3.8/site-packages/airflow/example_dags/example_branch_operator.py
[2025-04-13T18:27:49.328+0000] {logging_mixin.py:188} INFO - [2025-04-13T18:27:49.327+0000] {dag.py:3036} INFO - Sync 1 DAGs
[2025-04-13T18:27:49.384+0000] {logging_mixin.py:188} INFO - [2025-04-13T18:27:49.384+0000] {dag.py:3823} INFO - Setting next_dagrun for example_branch_operator to 2025-04-12 00:00:00+00:00, run_after=2025-04-13 00:00:00+00:00
[2025-04-13T18:27:49.442+0000] {processor.py:183} INFO - Processing /home/airflow/.local/lib/python3.8/site-packages/airflow/example_dags/example_branch_operator.py took 0.263 seconds
[2025-04-13T18:28:21.817+0000] {processor.py:161} INFO - Started process (PID=10784) to work on /home/airflow/.local/lib/python3.8/site-packages/airflow/example_dags/example_branch_operator.py
[2025-04-13T18:28:21.820+0000] {processor.py:830} INFO - Processing file /home/airflow/.local/lib/python3.8/site-packages/airflow/example_dags/example_branch_operator.py for tasks to queue
[2025-04-13T18:28:21.823+0000] {logging_mixin.py:188} INFO - [2025-04-13T18:28:21.823+0000] {dagbag.py:538} INFO - Filling up the DagBag from /home/airflow/.local/lib/python3.8/site-packages/airflow/example_dags/example_branch_operator.py
[2025-04-13T18:28:21.857+0000] {processor.py:840} INFO - DAG(s) 'example_branch_operator' retrieved from /home/airflow/.local/lib/python3.8/site-packages/airflow/example_dags/example_branch_operator.py
[2025-04-13T18:28:21.901+0000] {logging_mixin.py:188} INFO - [2025-04-13T18:28:21.901+0000] {dag.py:3036} INFO - Sync 1 DAGs
[2025-04-13T18:28:21.941+0000] {logging_mixin.py:188} INFO - [2025-04-13T18:28:21.941+0000] {dag.py:3823} INFO - Setting next_dagrun for example_branch_operator to 2025-04-12 00:00:00+00:00, run_after=2025-04-13 00:00:00+00:00
[2025-04-13T18:28:22.012+0000] {processor.py:183} INFO - Processing /home/airflow/.local/lib/python3.8/site-packages/airflow/example_dags/example_branch_operator.py took 0.202 seconds
[2025-04-13T18:28:54.808+0000] {processor.py:161} INFO - Started process (PID=10840) to work on /home/airflow/.local/lib/python3.8/site-packages/airflow/example_dags/example_branch_operator.py
[2025-04-13T18:28:54.810+0000] {processor.py:830} INFO - Processing file /home/airflow/.local/lib/python3.8/site-packages/airflow/example_dags/example_branch_operator.py for tasks to queue
[2025-04-13T18:28:54.815+0000] {logging_mixin.py:188} INFO - [2025-04-13T18:28:54.814+0000] {dagbag.py:538} INFO - Filling up the DagBag from /home/airflow/.local/lib/python3.8/site-packages/airflow/example_dags/example_branch_operator.py
[2025-04-13T18:28:54.853+0000] {processor.py:840} INFO - DAG(s) 'example_branch_operator' retrieved from /home/airflow/.local/lib/python3.8/site-packages/airflow/example_dags/example_branch_operator.py
[2025-04-13T18:28:54.918+0000] {logging_mixin.py:188} INFO - [2025-04-13T18:28:54.918+0000] {dag.py:3036} INFO - Sync 1 DAGs
[2025-04-13T18:28:54.960+0000] {logging_mixin.py:188} INFO - [2025-04-13T18:28:54.960+0000] {dag.py:3823} INFO - Setting next_dagrun for example_branch_operator to 2025-04-12 00:00:00+00:00, run_after=2025-04-13 00:00:00+00:00
[2025-04-13T18:28:54.996+0000] {processor.py:183} INFO - Processing /home/airflow/.local/lib/python3.8/site-packages/airflow/example_dags/example_branch_operator.py took 0.198 seconds
[2025-04-13T18:29:28.953+0000] {processor.py:161} INFO - Started process (PID=10896) to work on /home/airflow/.local/lib/python3.8/site-packages/airflow/example_dags/example_branch_operator.py
[2025-04-13T18:29:28.955+0000] {processor.py:830} INFO - Processing file /home/airflow/.local/lib/python3.8/site-packages/airflow/example_dags/example_branch_operator.py for tasks to queue
[2025-04-13T18:29:28.960+0000] {logging_mixin.py:188} INFO - [2025-04-13T18:29:28.959+0000] {dagbag.py:538} INFO - Filling up the DagBag from /home/airflow/.local/lib/python3.8/site-packages/airflow/example_dags/example_branch_operator.py
[2025-04-13T18:29:29.013+0000] {processor.py:840} INFO - DAG(s) 'example_branch_operator' retrieved from /home/airflow/.local/lib/python3.8/site-packages/airflow/example_dags/example_branch_operator.py
[2025-04-13T18:29:29.069+0000] {logging_mixin.py:188} INFO - [2025-04-13T18:29:29.068+0000] {dag.py:3036} INFO - Sync 1 DAGs
[2025-04-13T18:29:29.110+0000] {logging_mixin.py:188} INFO - [2025-04-13T18:29:29.109+0000] {dag.py:3823} INFO - Setting next_dagrun for example_branch_operator to 2025-04-12 00:00:00+00:00, run_after=2025-04-13 00:00:00+00:00
[2025-04-13T18:29:29.185+0000] {processor.py:183} INFO - Processing /home/airflow/.local/lib/python3.8/site-packages/airflow/example_dags/example_branch_operator.py took 0.238 seconds
[2025-04-13T18:30:00.988+0000] {processor.py:161} INFO - Started process (PID=10952) to work on /home/airflow/.local/lib/python3.8/site-packages/airflow/example_dags/example_branch_operator.py
[2025-04-13T18:30:00.990+0000] {processor.py:830} INFO - Processing file /home/airflow/.local/lib/python3.8/site-packages/airflow/example_dags/example_branch_operator.py for tasks to queue
[2025-04-13T18:30:00.993+0000] {logging_mixin.py:188} INFO - [2025-04-13T18:30:00.993+0000] {dagbag.py:538} INFO - Filling up the DagBag from /home/airflow/.local/lib/python3.8/site-packages/airflow/example_dags/example_branch_operator.py
[2025-04-13T18:30:01.027+0000] {processor.py:840} INFO - DAG(s) 'example_branch_operator' retrieved from /home/airflow/.local/lib/python3.8/site-packages/airflow/example_dags/example_branch_operator.py
[2025-04-13T18:30:01.087+0000] {logging_mixin.py:188} INFO - [2025-04-13T18:30:01.087+0000] {dag.py:3036} INFO - Sync 1 DAGs
[2025-04-13T18:30:01.131+0000] {logging_mixin.py:188} INFO - [2025-04-13T18:30:01.130+0000] {dag.py:3823} INFO - Setting next_dagrun for example_branch_operator to 2025-04-12 00:00:00+00:00, run_after=2025-04-13 00:00:00+00:00
[2025-04-13T18:30:01.164+0000] {processor.py:183} INFO - Processing /home/airflow/.local/lib/python3.8/site-packages/airflow/example_dags/example_branch_operator.py took 0.182 seconds
[2025-04-13T18:30:34.170+0000] {processor.py:161} INFO - Started process (PID=11009) to work on /home/airflow/.local/lib/python3.8/site-packages/airflow/example_dags/example_branch_operator.py
[2025-04-13T18:30:34.173+0000] {processor.py:830} INFO - Processing file /home/airflow/.local/lib/python3.8/site-packages/airflow/example_dags/example_branch_operator.py for tasks to queue
[2025-04-13T18:30:34.179+0000] {logging_mixin.py:188} INFO - [2025-04-13T18:30:34.178+0000] {dagbag.py:538} INFO - Filling up the DagBag from /home/airflow/.local/lib/python3.8/site-packages/airflow/example_dags/example_branch_operator.py
[2025-04-13T18:30:34.226+0000] {processor.py:840} INFO - DAG(s) 'example_branch_operator' retrieved from /home/airflow/.local/lib/python3.8/site-packages/airflow/example_dags/example_branch_operator.py
[2025-04-13T18:30:34.302+0000] {logging_mixin.py:188} INFO - [2025-04-13T18:30:34.301+0000] {dag.py:3036} INFO - Sync 1 DAGs
[2025-04-13T18:30:34.360+0000] {logging_mixin.py:188} INFO - [2025-04-13T18:30:34.360+0000] {dag.py:3823} INFO - Setting next_dagrun for example_branch_operator to 2025-04-12 00:00:00+00:00, run_after=2025-04-13 00:00:00+00:00
[2025-04-13T18:30:34.451+0000] {processor.py:183} INFO - Processing /home/airflow/.local/lib/python3.8/site-packages/airflow/example_dags/example_branch_operator.py took 0.291 seconds
[2025-04-13T18:31:06.700+0000] {processor.py:161} INFO - Started process (PID=11066) to work on /home/airflow/.local/lib/python3.8/site-packages/airflow/example_dags/example_branch_operator.py
[2025-04-13T18:31:06.702+0000] {processor.py:830} INFO - Processing file /home/airflow/.local/lib/python3.8/site-packages/airflow/example_dags/example_branch_operator.py for tasks to queue
[2025-04-13T18:31:06.706+0000] {logging_mixin.py:188} INFO - [2025-04-13T18:31:06.706+0000] {dagbag.py:538} INFO - Filling up the DagBag from /home/airflow/.local/lib/python3.8/site-packages/airflow/example_dags/example_branch_operator.py
[2025-04-13T18:31:06.759+0000] {processor.py:840} INFO - DAG(s) 'example_branch_operator' retrieved from /home/airflow/.local/lib/python3.8/site-packages/airflow/example_dags/example_branch_operator.py
[2025-04-13T18:31:06.838+0000] {logging_mixin.py:188} INFO - [2025-04-13T18:31:06.837+0000] {dag.py:3036} INFO - Sync 1 DAGs
[2025-04-13T18:31:06.905+0000] {logging_mixin.py:188} INFO - [2025-04-13T18:31:06.904+0000] {dag.py:3823} INFO - Setting next_dagrun for example_branch_operator to 2025-04-12 00:00:00+00:00, run_after=2025-04-13 00:00:00+00:00
[2025-04-13T18:31:06.955+0000] {processor.py:183} INFO - Processing /home/airflow/.local/lib/python3.8/site-packages/airflow/example_dags/example_branch_operator.py took 0.264 seconds
[2025-04-13T18:31:39.892+0000] {processor.py:161} INFO - Started process (PID=11123) to work on /home/airflow/.local/lib/python3.8/site-packages/airflow/example_dags/example_branch_operator.py
[2025-04-13T18:31:39.901+0000] {processor.py:830} INFO - Processing file /home/airflow/.local/lib/python3.8/site-packages/airflow/example_dags/example_branch_operator.py for tasks to queue
[2025-04-13T18:31:39.906+0000] {logging_mixin.py:188} INFO - [2025-04-13T18:31:39.905+0000] {dagbag.py:538} INFO - Filling up the DagBag from /home/airflow/.local/lib/python3.8/site-packages/airflow/example_dags/example_branch_operator.py
[2025-04-13T18:31:39.973+0000] {processor.py:840} INFO - DAG(s) 'example_branch_operator' retrieved from /home/airflow/.local/lib/python3.8/site-packages/airflow/example_dags/example_branch_operator.py
[2025-04-13T18:31:40.035+0000] {logging_mixin.py:188} INFO - [2025-04-13T18:31:40.034+0000] {dag.py:3036} INFO - Sync 1 DAGs
[2025-04-13T18:31:40.081+0000] {logging_mixin.py:188} INFO - [2025-04-13T18:31:40.080+0000] {dag.py:3823} INFO - Setting next_dagrun for example_branch_operator to 2025-04-12 00:00:00+00:00, run_after=2025-04-13 00:00:00+00:00
[2025-04-13T18:31:40.150+0000] {processor.py:183} INFO - Processing /home/airflow/.local/lib/python3.8/site-packages/airflow/example_dags/example_branch_operator.py took 0.274 seconds
[2025-04-13T18:32:13.280+0000] {processor.py:161} INFO - Started process (PID=11179) to work on /home/airflow/.local/lib/python3.8/site-packages/airflow/example_dags/example_branch_operator.py
[2025-04-13T18:32:13.282+0000] {processor.py:830} INFO - Processing file /home/airflow/.local/lib/python3.8/site-packages/airflow/example_dags/example_branch_operator.py for tasks to queue
[2025-04-13T18:32:13.286+0000] {logging_mixin.py:188} INFO - [2025-04-13T18:32:13.286+0000] {dagbag.py:538} INFO - Filling up the DagBag from /home/airflow/.local/lib/python3.8/site-packages/airflow/example_dags/example_branch_operator.py
[2025-04-13T18:32:13.331+0000] {processor.py:840} INFO - DAG(s) 'example_branch_operator' retrieved from /home/airflow/.local/lib/python3.8/site-packages/airflow/example_dags/example_branch_operator.py
[2025-04-13T18:32:13.425+0000] {logging_mixin.py:188} INFO - [2025-04-13T18:32:13.424+0000] {dag.py:3036} INFO - Sync 1 DAGs
[2025-04-13T18:32:13.500+0000] {logging_mixin.py:188} INFO - [2025-04-13T18:32:13.499+0000] {dag.py:3823} INFO - Setting next_dagrun for example_branch_operator to 2025-04-12 00:00:00+00:00, run_after=2025-04-13 00:00:00+00:00
[2025-04-13T18:32:13.547+0000] {processor.py:183} INFO - Processing /home/airflow/.local/lib/python3.8/site-packages/airflow/example_dags/example_branch_operator.py took 0.274 seconds
[2025-04-13T18:32:46.636+0000] {processor.py:161} INFO - Started process (PID=11235) to work on /home/airflow/.local/lib/python3.8/site-packages/airflow/example_dags/example_branch_operator.py
[2025-04-13T18:32:46.638+0000] {processor.py:830} INFO - Processing file /home/airflow/.local/lib/python3.8/site-packages/airflow/example_dags/example_branch_operator.py for tasks to queue
[2025-04-13T18:32:46.642+0000] {logging_mixin.py:188} INFO - [2025-04-13T18:32:46.641+0000] {dagbag.py:538} INFO - Filling up the DagBag from /home/airflow/.local/lib/python3.8/site-packages/airflow/example_dags/example_branch_operator.py
[2025-04-13T18:32:46.680+0000] {processor.py:840} INFO - DAG(s) 'example_branch_operator' retrieved from /home/airflow/.local/lib/python3.8/site-packages/airflow/example_dags/example_branch_operator.py
[2025-04-13T18:32:46.753+0000] {logging_mixin.py:188} INFO - [2025-04-13T18:32:46.753+0000] {dag.py:3036} INFO - Sync 1 DAGs
[2025-04-13T18:32:46.820+0000] {logging_mixin.py:188} INFO - [2025-04-13T18:32:46.820+0000] {dag.py:3823} INFO - Setting next_dagrun for example_branch_operator to 2025-04-12 00:00:00+00:00, run_after=2025-04-13 00:00:00+00:00
[2025-04-13T18:32:46.898+0000] {processor.py:183} INFO - Processing /home/airflow/.local/lib/python3.8/site-packages/airflow/example_dags/example_branch_operator.py took 0.269 seconds
[2025-04-13T18:33:19.916+0000] {processor.py:161} INFO - Started process (PID=11291) to work on /home/airflow/.local/lib/python3.8/site-packages/airflow/example_dags/example_branch_operator.py
[2025-04-13T18:33:19.919+0000] {processor.py:830} INFO - Processing file /home/airflow/.local/lib/python3.8/site-packages/airflow/example_dags/example_branch_operator.py for tasks to queue
[2025-04-13T18:33:19.922+0000] {logging_mixin.py:188} INFO - [2025-04-13T18:33:19.922+0000] {dagbag.py:538} INFO - Filling up the DagBag from /home/airflow/.local/lib/python3.8/site-packages/airflow/example_dags/example_branch_operator.py
[2025-04-13T18:33:20.033+0000] {processor.py:840} INFO - DAG(s) 'example_branch_operator' retrieved from /home/airflow/.local/lib/python3.8/site-packages/airflow/example_dags/example_branch_operator.py
[2025-04-13T18:33:20.140+0000] {logging_mixin.py:188} INFO - [2025-04-13T18:33:20.139+0000] {dag.py:3036} INFO - Sync 1 DAGs
[2025-04-13T18:33:20.191+0000] {logging_mixin.py:188} INFO - [2025-04-13T18:33:20.191+0000] {dag.py:3823} INFO - Setting next_dagrun for example_branch_operator to 2025-04-12 00:00:00+00:00, run_after=2025-04-13 00:00:00+00:00
[2025-04-13T18:33:20.340+0000] {processor.py:183} INFO - Processing /home/airflow/.local/lib/python3.8/site-packages/airflow/example_dags/example_branch_operator.py took 0.435 seconds
[2025-04-13T18:33:52.670+0000] {processor.py:161} INFO - Started process (PID=11347) to work on /home/airflow/.local/lib/python3.8/site-packages/airflow/example_dags/example_branch_operator.py
[2025-04-13T18:33:52.672+0000] {processor.py:830} INFO - Processing file /home/airflow/.local/lib/python3.8/site-packages/airflow/example_dags/example_branch_operator.py for tasks to queue
[2025-04-13T18:33:52.675+0000] {logging_mixin.py:188} INFO - [2025-04-13T18:33:52.674+0000] {dagbag.py:538} INFO - Filling up the DagBag from /home/airflow/.local/lib/python3.8/site-packages/airflow/example_dags/example_branch_operator.py
[2025-04-13T18:33:52.745+0000] {processor.py:840} INFO - DAG(s) 'example_branch_operator' retrieved from /home/airflow/.local/lib/python3.8/site-packages/airflow/example_dags/example_branch_operator.py
[2025-04-13T18:33:52.868+0000] {logging_mixin.py:188} INFO - [2025-04-13T18:33:52.868+0000] {dag.py:3036} INFO - Sync 1 DAGs
[2025-04-13T18:33:52.923+0000] {logging_mixin.py:188} INFO - [2025-04-13T18:33:52.922+0000] {dag.py:3823} INFO - Setting next_dagrun for example_branch_operator to 2025-04-12 00:00:00+00:00, run_after=2025-04-13 00:00:00+00:00
[2025-04-13T18:33:52.959+0000] {processor.py:183} INFO - Processing /home/airflow/.local/lib/python3.8/site-packages/airflow/example_dags/example_branch_operator.py took 0.294 seconds
[2025-04-13T18:34:25.783+0000] {processor.py:161} INFO - Started process (PID=11403) to work on /home/airflow/.local/lib/python3.8/site-packages/airflow/example_dags/example_branch_operator.py
[2025-04-13T18:34:25.785+0000] {processor.py:830} INFO - Processing file /home/airflow/.local/lib/python3.8/site-packages/airflow/example_dags/example_branch_operator.py for tasks to queue
[2025-04-13T18:34:25.789+0000] {logging_mixin.py:188} INFO - [2025-04-13T18:34:25.789+0000] {dagbag.py:538} INFO - Filling up the DagBag from /home/airflow/.local/lib/python3.8/site-packages/airflow/example_dags/example_branch_operator.py
[2025-04-13T18:34:25.824+0000] {processor.py:840} INFO - DAG(s) 'example_branch_operator' retrieved from /home/airflow/.local/lib/python3.8/site-packages/airflow/example_dags/example_branch_operator.py
[2025-04-13T18:34:25.867+0000] {logging_mixin.py:188} INFO - [2025-04-13T18:34:25.867+0000] {dag.py:3036} INFO - Sync 1 DAGs
[2025-04-13T18:34:25.926+0000] {logging_mixin.py:188} INFO - [2025-04-13T18:34:25.925+0000] {dag.py:3823} INFO - Setting next_dagrun for example_branch_operator to 2025-04-12 00:00:00+00:00, run_after=2025-04-13 00:00:00+00:00
[2025-04-13T18:34:26.020+0000] {processor.py:183} INFO - Processing /home/airflow/.local/lib/python3.8/site-packages/airflow/example_dags/example_branch_operator.py took 0.244 seconds
[2025-04-13T18:34:59.404+0000] {processor.py:161} INFO - Started process (PID=11459) to work on /home/airflow/.local/lib/python3.8/site-packages/airflow/example_dags/example_branch_operator.py
[2025-04-13T18:34:59.406+0000] {processor.py:830} INFO - Processing file /home/airflow/.local/lib/python3.8/site-packages/airflow/example_dags/example_branch_operator.py for tasks to queue
[2025-04-13T18:34:59.411+0000] {logging_mixin.py:188} INFO - [2025-04-13T18:34:59.411+0000] {dagbag.py:538} INFO - Filling up the DagBag from /home/airflow/.local/lib/python3.8/site-packages/airflow/example_dags/example_branch_operator.py
[2025-04-13T18:34:59.451+0000] {processor.py:840} INFO - DAG(s) 'example_branch_operator' retrieved from /home/airflow/.local/lib/python3.8/site-packages/airflow/example_dags/example_branch_operator.py
[2025-04-13T18:34:59.500+0000] {logging_mixin.py:188} INFO - [2025-04-13T18:34:59.500+0000] {dag.py:3036} INFO - Sync 1 DAGs
[2025-04-13T18:34:59.553+0000] {logging_mixin.py:188} INFO - [2025-04-13T18:34:59.553+0000] {dag.py:3823} INFO - Setting next_dagrun for example_branch_operator to 2025-04-12 00:00:00+00:00, run_after=2025-04-13 00:00:00+00:00
[2025-04-13T18:34:59.632+0000] {processor.py:183} INFO - Processing /home/airflow/.local/lib/python3.8/site-packages/airflow/example_dags/example_branch_operator.py took 0.235 seconds
[2025-04-13T18:35:31.757+0000] {processor.py:161} INFO - Started process (PID=11515) to work on /home/airflow/.local/lib/python3.8/site-packages/airflow/example_dags/example_branch_operator.py
[2025-04-13T18:35:31.760+0000] {processor.py:830} INFO - Processing file /home/airflow/.local/lib/python3.8/site-packages/airflow/example_dags/example_branch_operator.py for tasks to queue
[2025-04-13T18:35:31.766+0000] {logging_mixin.py:188} INFO - [2025-04-13T18:35:31.765+0000] {dagbag.py:538} INFO - Filling up the DagBag from /home/airflow/.local/lib/python3.8/site-packages/airflow/example_dags/example_branch_operator.py
[2025-04-13T18:35:31.827+0000] {processor.py:840} INFO - DAG(s) 'example_branch_operator' retrieved from /home/airflow/.local/lib/python3.8/site-packages/airflow/example_dags/example_branch_operator.py
[2025-04-13T18:35:31.902+0000] {logging_mixin.py:188} INFO - [2025-04-13T18:35:31.901+0000] {dag.py:3036} INFO - Sync 1 DAGs
[2025-04-13T18:35:31.949+0000] {logging_mixin.py:188} INFO - [2025-04-13T18:35:31.949+0000] {dag.py:3823} INFO - Setting next_dagrun for example_branch_operator to 2025-04-12 00:00:00+00:00, run_after=2025-04-13 00:00:00+00:00
[2025-04-13T18:35:32.047+0000] {processor.py:183} INFO - Processing /home/airflow/.local/lib/python3.8/site-packages/airflow/example_dags/example_branch_operator.py took 0.299 seconds
[2025-04-13T18:36:02.590+0000] {processor.py:161} INFO - Started process (PID=11571) to work on /home/airflow/.local/lib/python3.8/site-packages/airflow/example_dags/example_branch_operator.py
[2025-04-13T18:36:02.592+0000] {processor.py:830} INFO - Processing file /home/airflow/.local/lib/python3.8/site-packages/airflow/example_dags/example_branch_operator.py for tasks to queue
[2025-04-13T18:36:02.595+0000] {logging_mixin.py:188} INFO - [2025-04-13T18:36:02.595+0000] {dagbag.py:538} INFO - Filling up the DagBag from /home/airflow/.local/lib/python3.8/site-packages/airflow/example_dags/example_branch_operator.py
[2025-04-13T18:36:02.630+0000] {processor.py:840} INFO - DAG(s) 'example_branch_operator' retrieved from /home/airflow/.local/lib/python3.8/site-packages/airflow/example_dags/example_branch_operator.py
[2025-04-13T18:36:02.683+0000] {logging_mixin.py:188} INFO - [2025-04-13T18:36:02.683+0000] {dag.py:3036} INFO - Sync 1 DAGs
[2025-04-13T18:36:02.730+0000] {logging_mixin.py:188} INFO - [2025-04-13T18:36:02.729+0000] {dag.py:3823} INFO - Setting next_dagrun for example_branch_operator to 2025-04-12 00:00:00+00:00, run_after=2025-04-13 00:00:00+00:00
[2025-04-13T18:36:02.797+0000] {processor.py:183} INFO - Processing /home/airflow/.local/lib/python3.8/site-packages/airflow/example_dags/example_branch_operator.py took 0.213 seconds
[2025-04-13T18:36:35.185+0000] {processor.py:161} INFO - Started process (PID=11627) to work on /home/airflow/.local/lib/python3.8/site-packages/airflow/example_dags/example_branch_operator.py
[2025-04-13T18:36:35.186+0000] {processor.py:830} INFO - Processing file /home/airflow/.local/lib/python3.8/site-packages/airflow/example_dags/example_branch_operator.py for tasks to queue
[2025-04-13T18:36:35.190+0000] {logging_mixin.py:188} INFO - [2025-04-13T18:36:35.190+0000] {dagbag.py:538} INFO - Filling up the DagBag from /home/airflow/.local/lib/python3.8/site-packages/airflow/example_dags/example_branch_operator.py
[2025-04-13T18:36:35.226+0000] {processor.py:840} INFO - DAG(s) 'example_branch_operator' retrieved from /home/airflow/.local/lib/python3.8/site-packages/airflow/example_dags/example_branch_operator.py
[2025-04-13T18:36:35.284+0000] {logging_mixin.py:188} INFO - [2025-04-13T18:36:35.283+0000] {dag.py:3036} INFO - Sync 1 DAGs
[2025-04-13T18:36:35.331+0000] {logging_mixin.py:188} INFO - [2025-04-13T18:36:35.331+0000] {dag.py:3823} INFO - Setting next_dagrun for example_branch_operator to 2025-04-12 00:00:00+00:00, run_after=2025-04-13 00:00:00+00:00
[2025-04-13T18:36:35.371+0000] {processor.py:183} INFO - Processing /home/airflow/.local/lib/python3.8/site-packages/airflow/example_dags/example_branch_operator.py took 0.193 seconds
[2025-04-13T18:37:08.496+0000] {processor.py:161} INFO - Started process (PID=11683) to work on /home/airflow/.local/lib/python3.8/site-packages/airflow/example_dags/example_branch_operator.py
[2025-04-13T18:37:08.498+0000] {processor.py:830} INFO - Processing file /home/airflow/.local/lib/python3.8/site-packages/airflow/example_dags/example_branch_operator.py for tasks to queue
[2025-04-13T18:37:08.501+0000] {logging_mixin.py:188} INFO - [2025-04-13T18:37:08.500+0000] {dagbag.py:538} INFO - Filling up the DagBag from /home/airflow/.local/lib/python3.8/site-packages/airflow/example_dags/example_branch_operator.py
[2025-04-13T18:37:08.531+0000] {processor.py:840} INFO - DAG(s) 'example_branch_operator' retrieved from /home/airflow/.local/lib/python3.8/site-packages/airflow/example_dags/example_branch_operator.py
[2025-04-13T18:37:08.586+0000] {logging_mixin.py:188} INFO - [2025-04-13T18:37:08.585+0000] {dag.py:3036} INFO - Sync 1 DAGs
[2025-04-13T18:37:08.638+0000] {logging_mixin.py:188} INFO - [2025-04-13T18:37:08.637+0000] {dag.py:3823} INFO - Setting next_dagrun for example_branch_operator to 2025-04-12 00:00:00+00:00, run_after=2025-04-13 00:00:00+00:00
[2025-04-13T18:37:08.676+0000] {processor.py:183} INFO - Processing /home/airflow/.local/lib/python3.8/site-packages/airflow/example_dags/example_branch_operator.py took 0.187 seconds
[2025-04-13T18:37:42.461+0000] {processor.py:161} INFO - Started process (PID=11739) to work on /home/airflow/.local/lib/python3.8/site-packages/airflow/example_dags/example_branch_operator.py
[2025-04-13T18:37:42.463+0000] {processor.py:830} INFO - Processing file /home/airflow/.local/lib/python3.8/site-packages/airflow/example_dags/example_branch_operator.py for tasks to queue
[2025-04-13T18:37:42.467+0000] {logging_mixin.py:188} INFO - [2025-04-13T18:37:42.467+0000] {dagbag.py:538} INFO - Filling up the DagBag from /home/airflow/.local/lib/python3.8/site-packages/airflow/example_dags/example_branch_operator.py
[2025-04-13T18:37:42.510+0000] {processor.py:840} INFO - DAG(s) 'example_branch_operator' retrieved from /home/airflow/.local/lib/python3.8/site-packages/airflow/example_dags/example_branch_operator.py
[2025-04-13T18:37:42.575+0000] {logging_mixin.py:188} INFO - [2025-04-13T18:37:42.574+0000] {dag.py:3036} INFO - Sync 1 DAGs
[2025-04-13T18:37:42.618+0000] {logging_mixin.py:188} INFO - [2025-04-13T18:37:42.617+0000] {dag.py:3823} INFO - Setting next_dagrun for example_branch_operator to 2025-04-12 00:00:00+00:00, run_after=2025-04-13 00:00:00+00:00
[2025-04-13T18:37:42.710+0000] {processor.py:183} INFO - Processing /home/airflow/.local/lib/python3.8/site-packages/airflow/example_dags/example_branch_operator.py took 0.256 seconds
[2025-04-13T18:38:15.203+0000] {processor.py:161} INFO - Started process (PID=11795) to work on /home/airflow/.local/lib/python3.8/site-packages/airflow/example_dags/example_branch_operator.py
[2025-04-13T18:38:15.205+0000] {processor.py:830} INFO - Processing file /home/airflow/.local/lib/python3.8/site-packages/airflow/example_dags/example_branch_operator.py for tasks to queue
[2025-04-13T18:38:15.211+0000] {logging_mixin.py:188} INFO - [2025-04-13T18:38:15.209+0000] {dagbag.py:538} INFO - Filling up the DagBag from /home/airflow/.local/lib/python3.8/site-packages/airflow/example_dags/example_branch_operator.py
[2025-04-13T18:38:15.257+0000] {processor.py:840} INFO - DAG(s) 'example_branch_operator' retrieved from /home/airflow/.local/lib/python3.8/site-packages/airflow/example_dags/example_branch_operator.py
[2025-04-13T18:38:15.325+0000] {logging_mixin.py:188} INFO - [2025-04-13T18:38:15.324+0000] {dag.py:3036} INFO - Sync 1 DAGs
[2025-04-13T18:38:15.381+0000] {logging_mixin.py:188} INFO - [2025-04-13T18:38:15.381+0000] {dag.py:3823} INFO - Setting next_dagrun for example_branch_operator to 2025-04-12 00:00:00+00:00, run_after=2025-04-13 00:00:00+00:00
[2025-04-13T18:38:15.424+0000] {processor.py:183} INFO - Processing /home/airflow/.local/lib/python3.8/site-packages/airflow/example_dags/example_branch_operator.py took 0.227 seconds
[2025-04-13T18:38:48.076+0000] {processor.py:161} INFO - Started process (PID=11851) to work on /home/airflow/.local/lib/python3.8/site-packages/airflow/example_dags/example_branch_operator.py
[2025-04-13T18:38:48.079+0000] {processor.py:830} INFO - Processing file /home/airflow/.local/lib/python3.8/site-packages/airflow/example_dags/example_branch_operator.py for tasks to queue
[2025-04-13T18:38:48.084+0000] {logging_mixin.py:188} INFO - [2025-04-13T18:38:48.083+0000] {dagbag.py:538} INFO - Filling up the DagBag from /home/airflow/.local/lib/python3.8/site-packages/airflow/example_dags/example_branch_operator.py
[2025-04-13T18:38:48.127+0000] {processor.py:840} INFO - DAG(s) 'example_branch_operator' retrieved from /home/airflow/.local/lib/python3.8/site-packages/airflow/example_dags/example_branch_operator.py
[2025-04-13T18:38:48.185+0000] {logging_mixin.py:188} INFO - [2025-04-13T18:38:48.184+0000] {dag.py:3036} INFO - Sync 1 DAGs
[2025-04-13T18:38:48.242+0000] {logging_mixin.py:188} INFO - [2025-04-13T18:38:48.242+0000] {dag.py:3823} INFO - Setting next_dagrun for example_branch_operator to 2025-04-12 00:00:00+00:00, run_after=2025-04-13 00:00:00+00:00
[2025-04-13T18:38:48.284+0000] {processor.py:183} INFO - Processing /home/airflow/.local/lib/python3.8/site-packages/airflow/example_dags/example_branch_operator.py took 0.214 seconds
[2025-04-13T18:39:21.685+0000] {processor.py:161} INFO - Started process (PID=11907) to work on /home/airflow/.local/lib/python3.8/site-packages/airflow/example_dags/example_branch_operator.py
[2025-04-13T18:39:21.688+0000] {processor.py:830} INFO - Processing file /home/airflow/.local/lib/python3.8/site-packages/airflow/example_dags/example_branch_operator.py for tasks to queue
[2025-04-13T18:39:21.692+0000] {logging_mixin.py:188} INFO - [2025-04-13T18:39:21.691+0000] {dagbag.py:538} INFO - Filling up the DagBag from /home/airflow/.local/lib/python3.8/site-packages/airflow/example_dags/example_branch_operator.py
[2025-04-13T18:39:21.731+0000] {processor.py:840} INFO - DAG(s) 'example_branch_operator' retrieved from /home/airflow/.local/lib/python3.8/site-packages/airflow/example_dags/example_branch_operator.py
[2025-04-13T18:39:21.792+0000] {logging_mixin.py:188} INFO - [2025-04-13T18:39:21.791+0000] {dag.py:3036} INFO - Sync 1 DAGs
[2025-04-13T18:39:21.833+0000] {logging_mixin.py:188} INFO - [2025-04-13T18:39:21.832+0000] {dag.py:3823} INFO - Setting next_dagrun for example_branch_operator to 2025-04-12 00:00:00+00:00, run_after=2025-04-13 00:00:00+00:00
[2025-04-13T18:39:21.867+0000] {processor.py:183} INFO - Processing /home/airflow/.local/lib/python3.8/site-packages/airflow/example_dags/example_branch_operator.py took 0.190 seconds
[2025-04-13T18:39:54.123+0000] {processor.py:161} INFO - Started process (PID=11964) to work on /home/airflow/.local/lib/python3.8/site-packages/airflow/example_dags/example_branch_operator.py
[2025-04-13T18:39:54.126+0000] {processor.py:830} INFO - Processing file /home/airflow/.local/lib/python3.8/site-packages/airflow/example_dags/example_branch_operator.py for tasks to queue
[2025-04-13T18:39:54.130+0000] {logging_mixin.py:188} INFO - [2025-04-13T18:39:54.130+0000] {dagbag.py:538} INFO - Filling up the DagBag from /home/airflow/.local/lib/python3.8/site-packages/airflow/example_dags/example_branch_operator.py
[2025-04-13T18:39:54.177+0000] {processor.py:840} INFO - DAG(s) 'example_branch_operator' retrieved from /home/airflow/.local/lib/python3.8/site-packages/airflow/example_dags/example_branch_operator.py
[2025-04-13T18:39:54.248+0000] {logging_mixin.py:188} INFO - [2025-04-13T18:39:54.248+0000] {dag.py:3036} INFO - Sync 1 DAGs
[2025-04-13T18:39:54.313+0000] {logging_mixin.py:188} INFO - [2025-04-13T18:39:54.313+0000] {dag.py:3823} INFO - Setting next_dagrun for example_branch_operator to 2025-04-12 00:00:00+00:00, run_after=2025-04-13 00:00:00+00:00
[2025-04-13T18:39:54.356+0000] {processor.py:183} INFO - Processing /home/airflow/.local/lib/python3.8/site-packages/airflow/example_dags/example_branch_operator.py took 0.241 seconds
[2025-04-13T18:40:27.750+0000] {processor.py:161} INFO - Started process (PID=12020) to work on /home/airflow/.local/lib/python3.8/site-packages/airflow/example_dags/example_branch_operator.py
[2025-04-13T18:40:27.751+0000] {processor.py:830} INFO - Processing file /home/airflow/.local/lib/python3.8/site-packages/airflow/example_dags/example_branch_operator.py for tasks to queue
[2025-04-13T18:40:27.756+0000] {logging_mixin.py:188} INFO - [2025-04-13T18:40:27.755+0000] {dagbag.py:538} INFO - Filling up the DagBag from /home/airflow/.local/lib/python3.8/site-packages/airflow/example_dags/example_branch_operator.py
[2025-04-13T18:40:27.823+0000] {processor.py:840} INFO - DAG(s) 'example_branch_operator' retrieved from /home/airflow/.local/lib/python3.8/site-packages/airflow/example_dags/example_branch_operator.py
[2025-04-13T18:40:27.889+0000] {logging_mixin.py:188} INFO - [2025-04-13T18:40:27.889+0000] {dag.py:3036} INFO - Sync 1 DAGs
[2025-04-13T18:40:27.942+0000] {logging_mixin.py:188} INFO - [2025-04-13T18:40:27.942+0000] {dag.py:3823} INFO - Setting next_dagrun for example_branch_operator to 2025-04-12 00:00:00+00:00, run_after=2025-04-13 00:00:00+00:00
[2025-04-13T18:40:28.015+0000] {processor.py:183} INFO - Processing /home/airflow/.local/lib/python3.8/site-packages/airflow/example_dags/example_branch_operator.py took 0.274 seconds
[2025-04-13T18:41:01.389+0000] {processor.py:161} INFO - Started process (PID=12076) to work on /home/airflow/.local/lib/python3.8/site-packages/airflow/example_dags/example_branch_operator.py
[2025-04-13T18:41:01.391+0000] {processor.py:830} INFO - Processing file /home/airflow/.local/lib/python3.8/site-packages/airflow/example_dags/example_branch_operator.py for tasks to queue
[2025-04-13T18:41:01.395+0000] {logging_mixin.py:188} INFO - [2025-04-13T18:41:01.394+0000] {dagbag.py:538} INFO - Filling up the DagBag from /home/airflow/.local/lib/python3.8/site-packages/airflow/example_dags/example_branch_operator.py
[2025-04-13T18:41:01.436+0000] {processor.py:840} INFO - DAG(s) 'example_branch_operator' retrieved from /home/airflow/.local/lib/python3.8/site-packages/airflow/example_dags/example_branch_operator.py
[2025-04-13T18:41:01.490+0000] {logging_mixin.py:188} INFO - [2025-04-13T18:41:01.490+0000] {dag.py:3036} INFO - Sync 1 DAGs
[2025-04-13T18:41:01.532+0000] {logging_mixin.py:188} INFO - [2025-04-13T18:41:01.531+0000] {dag.py:3823} INFO - Setting next_dagrun for example_branch_operator to 2025-04-12 00:00:00+00:00, run_after=2025-04-13 00:00:00+00:00
[2025-04-13T18:41:01.624+0000] {processor.py:183} INFO - Processing /home/airflow/.local/lib/python3.8/site-packages/airflow/example_dags/example_branch_operator.py took 0.242 seconds
[2025-04-13T18:41:35.042+0000] {processor.py:161} INFO - Started process (PID=12132) to work on /home/airflow/.local/lib/python3.8/site-packages/airflow/example_dags/example_branch_operator.py
[2025-04-13T18:41:35.045+0000] {processor.py:830} INFO - Processing file /home/airflow/.local/lib/python3.8/site-packages/airflow/example_dags/example_branch_operator.py for tasks to queue
[2025-04-13T18:41:35.052+0000] {logging_mixin.py:188} INFO - [2025-04-13T18:41:35.051+0000] {dagbag.py:538} INFO - Filling up the DagBag from /home/airflow/.local/lib/python3.8/site-packages/airflow/example_dags/example_branch_operator.py
[2025-04-13T18:41:35.104+0000] {processor.py:840} INFO - DAG(s) 'example_branch_operator' retrieved from /home/airflow/.local/lib/python3.8/site-packages/airflow/example_dags/example_branch_operator.py
[2025-04-13T18:41:35.151+0000] {logging_mixin.py:188} INFO - [2025-04-13T18:41:35.151+0000] {dag.py:3036} INFO - Sync 1 DAGs
[2025-04-13T18:41:35.192+0000] {logging_mixin.py:188} INFO - [2025-04-13T18:41:35.191+0000] {dag.py:3823} INFO - Setting next_dagrun for example_branch_operator to 2025-04-12 00:00:00+00:00, run_after=2025-04-13 00:00:00+00:00
[2025-04-13T18:41:35.232+0000] {processor.py:183} INFO - Processing /home/airflow/.local/lib/python3.8/site-packages/airflow/example_dags/example_branch_operator.py took 0.201 seconds
[2025-04-13T18:56:00.773+0000] {processor.py:161} INFO - Started process (PID=12204) to work on /home/airflow/.local/lib/python3.8/site-packages/airflow/example_dags/example_branch_operator.py
[2025-04-13T18:56:00.775+0000] {processor.py:830} INFO - Processing file /home/airflow/.local/lib/python3.8/site-packages/airflow/example_dags/example_branch_operator.py for tasks to queue
[2025-04-13T18:56:00.790+0000] {logging_mixin.py:188} INFO - [2025-04-13T18:56:00.789+0000] {dagbag.py:538} INFO - Filling up the DagBag from /home/airflow/.local/lib/python3.8/site-packages/airflow/example_dags/example_branch_operator.py
[2025-04-13T18:56:00.973+0000] {processor.py:840} INFO - DAG(s) 'example_branch_operator' retrieved from /home/airflow/.local/lib/python3.8/site-packages/airflow/example_dags/example_branch_operator.py
[2025-04-13T18:56:01.205+0000] {logging_mixin.py:188} INFO - [2025-04-13T18:56:01.204+0000] {dag.py:3036} INFO - Sync 1 DAGs
[2025-04-13T18:56:01.363+0000] {logging_mixin.py:188} INFO - [2025-04-13T18:56:01.363+0000] {dag.py:3823} INFO - Setting next_dagrun for example_branch_operator to 2025-04-12 00:00:00+00:00, run_after=2025-04-13 00:00:00+00:00
[2025-04-13T18:56:01.460+0000] {processor.py:183} INFO - Processing /home/airflow/.local/lib/python3.8/site-packages/airflow/example_dags/example_branch_operator.py took 0.712 seconds
[2025-04-13T18:56:31.637+0000] {processor.py:161} INFO - Started process (PID=12260) to work on /home/airflow/.local/lib/python3.8/site-packages/airflow/example_dags/example_branch_operator.py
[2025-04-13T18:56:31.639+0000] {processor.py:830} INFO - Processing file /home/airflow/.local/lib/python3.8/site-packages/airflow/example_dags/example_branch_operator.py for tasks to queue
[2025-04-13T18:56:31.643+0000] {logging_mixin.py:188} INFO - [2025-04-13T18:56:31.643+0000] {dagbag.py:538} INFO - Filling up the DagBag from /home/airflow/.local/lib/python3.8/site-packages/airflow/example_dags/example_branch_operator.py
[2025-04-13T18:56:31.685+0000] {processor.py:840} INFO - DAG(s) 'example_branch_operator' retrieved from /home/airflow/.local/lib/python3.8/site-packages/airflow/example_dags/example_branch_operator.py
[2025-04-13T18:56:31.734+0000] {logging_mixin.py:188} INFO - [2025-04-13T18:56:31.733+0000] {dag.py:3036} INFO - Sync 1 DAGs
[2025-04-13T18:56:31.773+0000] {logging_mixin.py:188} INFO - [2025-04-13T18:56:31.772+0000] {dag.py:3823} INFO - Setting next_dagrun for example_branch_operator to 2025-04-12 00:00:00+00:00, run_after=2025-04-13 00:00:00+00:00
[2025-04-13T18:56:31.806+0000] {processor.py:183} INFO - Processing /home/airflow/.local/lib/python3.8/site-packages/airflow/example_dags/example_branch_operator.py took 0.177 seconds
[2025-04-13T18:57:04.350+0000] {processor.py:161} INFO - Started process (PID=12316) to work on /home/airflow/.local/lib/python3.8/site-packages/airflow/example_dags/example_branch_operator.py
[2025-04-13T18:57:04.351+0000] {processor.py:830} INFO - Processing file /home/airflow/.local/lib/python3.8/site-packages/airflow/example_dags/example_branch_operator.py for tasks to queue
[2025-04-13T18:57:04.363+0000] {logging_mixin.py:188} INFO - [2025-04-13T18:57:04.362+0000] {dagbag.py:538} INFO - Filling up the DagBag from /home/airflow/.local/lib/python3.8/site-packages/airflow/example_dags/example_branch_operator.py
[2025-04-13T18:57:04.419+0000] {processor.py:840} INFO - DAG(s) 'example_branch_operator' retrieved from /home/airflow/.local/lib/python3.8/site-packages/airflow/example_dags/example_branch_operator.py
[2025-04-13T18:57:04.575+0000] {logging_mixin.py:188} INFO - [2025-04-13T18:57:04.575+0000] {dag.py:3036} INFO - Sync 1 DAGs
[2025-04-13T18:57:04.741+0000] {logging_mixin.py:188} INFO - [2025-04-13T18:57:04.740+0000] {dag.py:3823} INFO - Setting next_dagrun for example_branch_operator to 2025-04-12 00:00:00+00:00, run_after=2025-04-13 00:00:00+00:00
[2025-04-13T18:57:04.854+0000] {processor.py:183} INFO - Processing /home/airflow/.local/lib/python3.8/site-packages/airflow/example_dags/example_branch_operator.py took 0.517 seconds
[2025-04-13T18:57:35.200+0000] {processor.py:161} INFO - Started process (PID=12372) to work on /home/airflow/.local/lib/python3.8/site-packages/airflow/example_dags/example_branch_operator.py
[2025-04-13T18:57:35.201+0000] {processor.py:830} INFO - Processing file /home/airflow/.local/lib/python3.8/site-packages/airflow/example_dags/example_branch_operator.py for tasks to queue
[2025-04-13T18:57:35.204+0000] {logging_mixin.py:188} INFO - [2025-04-13T18:57:35.203+0000] {dagbag.py:538} INFO - Filling up the DagBag from /home/airflow/.local/lib/python3.8/site-packages/airflow/example_dags/example_branch_operator.py
[2025-04-13T18:57:35.223+0000] {processor.py:840} INFO - DAG(s) 'example_branch_operator' retrieved from /home/airflow/.local/lib/python3.8/site-packages/airflow/example_dags/example_branch_operator.py
[2025-04-13T18:57:35.257+0000] {logging_mixin.py:188} INFO - [2025-04-13T18:57:35.257+0000] {dag.py:3036} INFO - Sync 1 DAGs
[2025-04-13T18:57:35.287+0000] {logging_mixin.py:188} INFO - [2025-04-13T18:57:35.286+0000] {dag.py:3823} INFO - Setting next_dagrun for example_branch_operator to 2025-04-12 00:00:00+00:00, run_after=2025-04-13 00:00:00+00:00
[2025-04-13T18:57:35.313+0000] {processor.py:183} INFO - Processing /home/airflow/.local/lib/python3.8/site-packages/airflow/example_dags/example_branch_operator.py took 0.118 seconds
[2025-04-13T18:58:05.996+0000] {processor.py:161} INFO - Started process (PID=12428) to work on /home/airflow/.local/lib/python3.8/site-packages/airflow/example_dags/example_branch_operator.py
[2025-04-13T18:58:05.998+0000] {processor.py:830} INFO - Processing file /home/airflow/.local/lib/python3.8/site-packages/airflow/example_dags/example_branch_operator.py for tasks to queue
[2025-04-13T18:58:06.001+0000] {logging_mixin.py:188} INFO - [2025-04-13T18:58:06.000+0000] {dagbag.py:538} INFO - Filling up the DagBag from /home/airflow/.local/lib/python3.8/site-packages/airflow/example_dags/example_branch_operator.py
[2025-04-13T18:58:06.028+0000] {processor.py:840} INFO - DAG(s) 'example_branch_operator' retrieved from /home/airflow/.local/lib/python3.8/site-packages/airflow/example_dags/example_branch_operator.py
[2025-04-13T18:58:06.070+0000] {logging_mixin.py:188} INFO - [2025-04-13T18:58:06.069+0000] {dag.py:3036} INFO - Sync 1 DAGs
[2025-04-13T18:58:06.102+0000] {logging_mixin.py:188} INFO - [2025-04-13T18:58:06.102+0000] {dag.py:3823} INFO - Setting next_dagrun for example_branch_operator to 2025-04-12 00:00:00+00:00, run_after=2025-04-13 00:00:00+00:00
[2025-04-13T18:58:06.129+0000] {processor.py:183} INFO - Processing /home/airflow/.local/lib/python3.8/site-packages/airflow/example_dags/example_branch_operator.py took 0.139 seconds
[2025-04-13T18:58:36.749+0000] {processor.py:161} INFO - Started process (PID=12485) to work on /home/airflow/.local/lib/python3.8/site-packages/airflow/example_dags/example_branch_operator.py
[2025-04-13T18:58:36.751+0000] {processor.py:830} INFO - Processing file /home/airflow/.local/lib/python3.8/site-packages/airflow/example_dags/example_branch_operator.py for tasks to queue
[2025-04-13T18:58:36.753+0000] {logging_mixin.py:188} INFO - [2025-04-13T18:58:36.753+0000] {dagbag.py:538} INFO - Filling up the DagBag from /home/airflow/.local/lib/python3.8/site-packages/airflow/example_dags/example_branch_operator.py
[2025-04-13T18:58:36.782+0000] {processor.py:840} INFO - DAG(s) 'example_branch_operator' retrieved from /home/airflow/.local/lib/python3.8/site-packages/airflow/example_dags/example_branch_operator.py
[2025-04-13T18:58:36.832+0000] {logging_mixin.py:188} INFO - [2025-04-13T18:58:36.832+0000] {dag.py:3036} INFO - Sync 1 DAGs
[2025-04-13T18:58:36.865+0000] {logging_mixin.py:188} INFO - [2025-04-13T18:58:36.865+0000] {dag.py:3823} INFO - Setting next_dagrun for example_branch_operator to 2025-04-12 00:00:00+00:00, run_after=2025-04-13 00:00:00+00:00
[2025-04-13T18:58:36.900+0000] {processor.py:183} INFO - Processing /home/airflow/.local/lib/python3.8/site-packages/airflow/example_dags/example_branch_operator.py took 0.157 seconds
[2025-04-13T18:59:08.340+0000] {processor.py:161} INFO - Started process (PID=12541) to work on /home/airflow/.local/lib/python3.8/site-packages/airflow/example_dags/example_branch_operator.py
[2025-04-13T18:59:08.342+0000] {processor.py:830} INFO - Processing file /home/airflow/.local/lib/python3.8/site-packages/airflow/example_dags/example_branch_operator.py for tasks to queue
[2025-04-13T18:59:08.345+0000] {logging_mixin.py:188} INFO - [2025-04-13T18:59:08.345+0000] {dagbag.py:538} INFO - Filling up the DagBag from /home/airflow/.local/lib/python3.8/site-packages/airflow/example_dags/example_branch_operator.py
[2025-04-13T18:59:08.380+0000] {processor.py:840} INFO - DAG(s) 'example_branch_operator' retrieved from /home/airflow/.local/lib/python3.8/site-packages/airflow/example_dags/example_branch_operator.py
[2025-04-13T18:59:08.430+0000] {logging_mixin.py:188} INFO - [2025-04-13T18:59:08.430+0000] {dag.py:3036} INFO - Sync 1 DAGs
[2025-04-13T18:59:08.478+0000] {logging_mixin.py:188} INFO - [2025-04-13T18:59:08.478+0000] {dag.py:3823} INFO - Setting next_dagrun for example_branch_operator to 2025-04-12 00:00:00+00:00, run_after=2025-04-13 00:00:00+00:00
[2025-04-13T18:59:08.514+0000] {processor.py:183} INFO - Processing /home/airflow/.local/lib/python3.8/site-packages/airflow/example_dags/example_branch_operator.py took 0.180 seconds
[2025-04-13T18:59:40.872+0000] {processor.py:161} INFO - Started process (PID=12597) to work on /home/airflow/.local/lib/python3.8/site-packages/airflow/example_dags/example_branch_operator.py
[2025-04-13T18:59:40.873+0000] {processor.py:830} INFO - Processing file /home/airflow/.local/lib/python3.8/site-packages/airflow/example_dags/example_branch_operator.py for tasks to queue
[2025-04-13T18:59:40.876+0000] {logging_mixin.py:188} INFO - [2025-04-13T18:59:40.876+0000] {dagbag.py:538} INFO - Filling up the DagBag from /home/airflow/.local/lib/python3.8/site-packages/airflow/example_dags/example_branch_operator.py
[2025-04-13T18:59:40.899+0000] {processor.py:840} INFO - DAG(s) 'example_branch_operator' retrieved from /home/airflow/.local/lib/python3.8/site-packages/airflow/example_dags/example_branch_operator.py
[2025-04-13T18:59:40.934+0000] {logging_mixin.py:188} INFO - [2025-04-13T18:59:40.934+0000] {dag.py:3036} INFO - Sync 1 DAGs
[2025-04-13T18:59:40.970+0000] {logging_mixin.py:188} INFO - [2025-04-13T18:59:40.970+0000] {dag.py:3823} INFO - Setting next_dagrun for example_branch_operator to 2025-04-12 00:00:00+00:00, run_after=2025-04-13 00:00:00+00:00
[2025-04-13T18:59:41.009+0000] {processor.py:183} INFO - Processing /home/airflow/.local/lib/python3.8/site-packages/airflow/example_dags/example_branch_operator.py took 0.146 seconds
[2025-04-13T19:00:13.806+0000] {processor.py:161} INFO - Started process (PID=12653) to work on /home/airflow/.local/lib/python3.8/site-packages/airflow/example_dags/example_branch_operator.py
[2025-04-13T19:00:13.808+0000] {processor.py:830} INFO - Processing file /home/airflow/.local/lib/python3.8/site-packages/airflow/example_dags/example_branch_operator.py for tasks to queue
[2025-04-13T19:00:13.810+0000] {logging_mixin.py:188} INFO - [2025-04-13T19:00:13.810+0000] {dagbag.py:538} INFO - Filling up the DagBag from /home/airflow/.local/lib/python3.8/site-packages/airflow/example_dags/example_branch_operator.py
[2025-04-13T19:00:13.837+0000] {processor.py:840} INFO - DAG(s) 'example_branch_operator' retrieved from /home/airflow/.local/lib/python3.8/site-packages/airflow/example_dags/example_branch_operator.py
[2025-04-13T19:00:13.875+0000] {logging_mixin.py:188} INFO - [2025-04-13T19:00:13.875+0000] {dag.py:3036} INFO - Sync 1 DAGs
[2025-04-13T19:00:13.914+0000] {logging_mixin.py:188} INFO - [2025-04-13T19:00:13.914+0000] {dag.py:3823} INFO - Setting next_dagrun for example_branch_operator to 2025-04-12 00:00:00+00:00, run_after=2025-04-13 00:00:00+00:00
[2025-04-13T19:00:13.938+0000] {processor.py:183} INFO - Processing /home/airflow/.local/lib/python3.8/site-packages/airflow/example_dags/example_branch_operator.py took 0.139 seconds
[2025-04-13T19:00:52.779+0000] {processor.py:161} INFO - Started process (PID=12713) to work on /home/airflow/.local/lib/python3.8/site-packages/airflow/example_dags/example_branch_operator.py
[2025-04-13T19:00:52.781+0000] {processor.py:830} INFO - Processing file /home/airflow/.local/lib/python3.8/site-packages/airflow/example_dags/example_branch_operator.py for tasks to queue
[2025-04-13T19:00:52.796+0000] {logging_mixin.py:188} INFO - [2025-04-13T19:00:52.794+0000] {dagbag.py:538} INFO - Filling up the DagBag from /home/airflow/.local/lib/python3.8/site-packages/airflow/example_dags/example_branch_operator.py
[2025-04-13T19:00:52.969+0000] {processor.py:840} INFO - DAG(s) 'example_branch_operator' retrieved from /home/airflow/.local/lib/python3.8/site-packages/airflow/example_dags/example_branch_operator.py
[2025-04-13T19:00:53.249+0000] {logging_mixin.py:188} INFO - [2025-04-13T19:00:53.249+0000] {dag.py:3036} INFO - Sync 1 DAGs
[2025-04-13T19:00:53.379+0000] {logging_mixin.py:188} INFO - [2025-04-13T19:00:53.378+0000] {dag.py:3823} INFO - Setting next_dagrun for example_branch_operator to 2025-04-12 00:00:00+00:00, run_after=2025-04-13 00:00:00+00:00
[2025-04-13T19:00:53.448+0000] {processor.py:183} INFO - Processing /home/airflow/.local/lib/python3.8/site-packages/airflow/example_dags/example_branch_operator.py took 0.674 seconds
[2025-04-13T19:01:23.628+0000] {processor.py:161} INFO - Started process (PID=12769) to work on /home/airflow/.local/lib/python3.8/site-packages/airflow/example_dags/example_branch_operator.py
[2025-04-13T19:01:23.629+0000] {processor.py:830} INFO - Processing file /home/airflow/.local/lib/python3.8/site-packages/airflow/example_dags/example_branch_operator.py for tasks to queue
[2025-04-13T19:01:23.631+0000] {logging_mixin.py:188} INFO - [2025-04-13T19:01:23.631+0000] {dagbag.py:538} INFO - Filling up the DagBag from /home/airflow/.local/lib/python3.8/site-packages/airflow/example_dags/example_branch_operator.py
[2025-04-13T19:01:23.653+0000] {processor.py:840} INFO - DAG(s) 'example_branch_operator' retrieved from /home/airflow/.local/lib/python3.8/site-packages/airflow/example_dags/example_branch_operator.py
[2025-04-13T19:01:23.686+0000] {logging_mixin.py:188} INFO - [2025-04-13T19:01:23.686+0000] {dag.py:3036} INFO - Sync 1 DAGs
[2025-04-13T19:01:23.714+0000] {logging_mixin.py:188} INFO - [2025-04-13T19:01:23.714+0000] {dag.py:3823} INFO - Setting next_dagrun for example_branch_operator to 2025-04-12 00:00:00+00:00, run_after=2025-04-13 00:00:00+00:00
[2025-04-13T19:01:23.739+0000] {processor.py:183} INFO - Processing /home/airflow/.local/lib/python3.8/site-packages/airflow/example_dags/example_branch_operator.py took 0.114 seconds
[2025-04-13T19:01:54.610+0000] {processor.py:161} INFO - Started process (PID=12825) to work on /home/airflow/.local/lib/python3.8/site-packages/airflow/example_dags/example_branch_operator.py
[2025-04-13T19:01:54.612+0000] {processor.py:830} INFO - Processing file /home/airflow/.local/lib/python3.8/site-packages/airflow/example_dags/example_branch_operator.py for tasks to queue
[2025-04-13T19:01:54.619+0000] {logging_mixin.py:188} INFO - [2025-04-13T19:01:54.617+0000] {dagbag.py:538} INFO - Filling up the DagBag from /home/airflow/.local/lib/python3.8/site-packages/airflow/example_dags/example_branch_operator.py
[2025-04-13T19:01:54.670+0000] {processor.py:840} INFO - DAG(s) 'example_branch_operator' retrieved from /home/airflow/.local/lib/python3.8/site-packages/airflow/example_dags/example_branch_operator.py
[2025-04-13T19:01:54.724+0000] {logging_mixin.py:188} INFO - [2025-04-13T19:01:54.724+0000] {dag.py:3036} INFO - Sync 1 DAGs
[2025-04-13T19:01:54.756+0000] {logging_mixin.py:188} INFO - [2025-04-13T19:01:54.756+0000] {dag.py:3823} INFO - Setting next_dagrun for example_branch_operator to 2025-04-12 00:00:00+00:00, run_after=2025-04-13 00:00:00+00:00
[2025-04-13T19:01:54.787+0000] {processor.py:183} INFO - Processing /home/airflow/.local/lib/python3.8/site-packages/airflow/example_dags/example_branch_operator.py took 0.189 seconds
[2025-04-13T19:02:27.822+0000] {processor.py:161} INFO - Started process (PID=12882) to work on /home/airflow/.local/lib/python3.8/site-packages/airflow/example_dags/example_branch_operator.py
[2025-04-13T19:02:27.823+0000] {processor.py:830} INFO - Processing file /home/airflow/.local/lib/python3.8/site-packages/airflow/example_dags/example_branch_operator.py for tasks to queue
[2025-04-13T19:02:27.826+0000] {logging_mixin.py:188} INFO - [2025-04-13T19:02:27.825+0000] {dagbag.py:538} INFO - Filling up the DagBag from /home/airflow/.local/lib/python3.8/site-packages/airflow/example_dags/example_branch_operator.py
[2025-04-13T19:02:27.849+0000] {processor.py:840} INFO - DAG(s) 'example_branch_operator' retrieved from /home/airflow/.local/lib/python3.8/site-packages/airflow/example_dags/example_branch_operator.py
[2025-04-13T19:02:27.885+0000] {logging_mixin.py:188} INFO - [2025-04-13T19:02:27.885+0000] {dag.py:3036} INFO - Sync 1 DAGs
[2025-04-13T19:02:27.920+0000] {logging_mixin.py:188} INFO - [2025-04-13T19:02:27.920+0000] {dag.py:3823} INFO - Setting next_dagrun for example_branch_operator to 2025-04-12 00:00:00+00:00, run_after=2025-04-13 00:00:00+00:00
[2025-04-13T19:02:27.949+0000] {processor.py:183} INFO - Processing /home/airflow/.local/lib/python3.8/site-packages/airflow/example_dags/example_branch_operator.py took 0.133 seconds
[2025-04-13T19:03:01.393+0000] {processor.py:161} INFO - Started process (PID=12942) to work on /home/airflow/.local/lib/python3.8/site-packages/airflow/example_dags/example_branch_operator.py
[2025-04-13T19:03:01.394+0000] {processor.py:830} INFO - Processing file /home/airflow/.local/lib/python3.8/site-packages/airflow/example_dags/example_branch_operator.py for tasks to queue
[2025-04-13T19:03:01.397+0000] {logging_mixin.py:188} INFO - [2025-04-13T19:03:01.397+0000] {dagbag.py:538} INFO - Filling up the DagBag from /home/airflow/.local/lib/python3.8/site-packages/airflow/example_dags/example_branch_operator.py
[2025-04-13T19:03:01.422+0000] {processor.py:840} INFO - DAG(s) 'example_branch_operator' retrieved from /home/airflow/.local/lib/python3.8/site-packages/airflow/example_dags/example_branch_operator.py
[2025-04-13T19:03:01.455+0000] {logging_mixin.py:188} INFO - [2025-04-13T19:03:01.454+0000] {dag.py:3036} INFO - Sync 1 DAGs
[2025-04-13T19:03:01.499+0000] {logging_mixin.py:188} INFO - [2025-04-13T19:03:01.498+0000] {dag.py:3823} INFO - Setting next_dagrun for example_branch_operator to 2025-04-12 00:00:00+00:00, run_after=2025-04-13 00:00:00+00:00
[2025-04-13T19:03:01.528+0000] {processor.py:183} INFO - Processing /home/airflow/.local/lib/python3.8/site-packages/airflow/example_dags/example_branch_operator.py took 0.139 seconds
[2025-04-13T19:03:36.337+0000] {processor.py:161} INFO - Started process (PID=12999) to work on /home/airflow/.local/lib/python3.8/site-packages/airflow/example_dags/example_branch_operator.py
[2025-04-13T19:03:36.346+0000] {processor.py:830} INFO - Processing file /home/airflow/.local/lib/python3.8/site-packages/airflow/example_dags/example_branch_operator.py for tasks to queue
[2025-04-13T19:03:36.357+0000] {logging_mixin.py:188} INFO - [2025-04-13T19:03:36.356+0000] {dagbag.py:538} INFO - Filling up the DagBag from /home/airflow/.local/lib/python3.8/site-packages/airflow/example_dags/example_branch_operator.py
[2025-04-13T19:03:36.412+0000] {processor.py:840} INFO - DAG(s) 'example_branch_operator' retrieved from /home/airflow/.local/lib/python3.8/site-packages/airflow/example_dags/example_branch_operator.py
[2025-04-13T19:03:36.505+0000] {logging_mixin.py:188} INFO - [2025-04-13T19:03:36.505+0000] {dag.py:3036} INFO - Sync 1 DAGs
[2025-04-13T19:03:36.586+0000] {logging_mixin.py:188} INFO - [2025-04-13T19:03:36.584+0000] {dag.py:3823} INFO - Setting next_dagrun for example_branch_operator to 2025-04-12 00:00:00+00:00, run_after=2025-04-13 00:00:00+00:00
[2025-04-13T19:03:36.626+0000] {processor.py:183} INFO - Processing /home/airflow/.local/lib/python3.8/site-packages/airflow/example_dags/example_branch_operator.py took 0.293 seconds
[2025-04-13T19:04:08.969+0000] {processor.py:161} INFO - Started process (PID=13055) to work on /home/airflow/.local/lib/python3.8/site-packages/airflow/example_dags/example_branch_operator.py
[2025-04-13T19:04:08.971+0000] {processor.py:830} INFO - Processing file /home/airflow/.local/lib/python3.8/site-packages/airflow/example_dags/example_branch_operator.py for tasks to queue
[2025-04-13T19:04:08.974+0000] {logging_mixin.py:188} INFO - [2025-04-13T19:04:08.973+0000] {dagbag.py:538} INFO - Filling up the DagBag from /home/airflow/.local/lib/python3.8/site-packages/airflow/example_dags/example_branch_operator.py
[2025-04-13T19:04:09.003+0000] {processor.py:840} INFO - DAG(s) 'example_branch_operator' retrieved from /home/airflow/.local/lib/python3.8/site-packages/airflow/example_dags/example_branch_operator.py
[2025-04-13T19:04:09.054+0000] {logging_mixin.py:188} INFO - [2025-04-13T19:04:09.054+0000] {dag.py:3036} INFO - Sync 1 DAGs
[2025-04-13T19:04:09.083+0000] {logging_mixin.py:188} INFO - [2025-04-13T19:04:09.083+0000] {dag.py:3823} INFO - Setting next_dagrun for example_branch_operator to 2025-04-12 00:00:00+00:00, run_after=2025-04-13 00:00:00+00:00
[2025-04-13T19:04:09.104+0000] {processor.py:183} INFO - Processing /home/airflow/.local/lib/python3.8/site-packages/airflow/example_dags/example_branch_operator.py took 0.146 seconds
[2025-04-13T19:04:41.313+0000] {processor.py:161} INFO - Started process (PID=13112) to work on /home/airflow/.local/lib/python3.8/site-packages/airflow/example_dags/example_branch_operator.py
[2025-04-13T19:04:41.316+0000] {processor.py:830} INFO - Processing file /home/airflow/.local/lib/python3.8/site-packages/airflow/example_dags/example_branch_operator.py for tasks to queue
[2025-04-13T19:04:41.320+0000] {logging_mixin.py:188} INFO - [2025-04-13T19:04:41.320+0000] {dagbag.py:538} INFO - Filling up the DagBag from /home/airflow/.local/lib/python3.8/site-packages/airflow/example_dags/example_branch_operator.py
[2025-04-13T19:04:41.360+0000] {processor.py:840} INFO - DAG(s) 'example_branch_operator' retrieved from /home/airflow/.local/lib/python3.8/site-packages/airflow/example_dags/example_branch_operator.py
[2025-04-13T19:04:41.406+0000] {logging_mixin.py:188} INFO - [2025-04-13T19:04:41.406+0000] {dag.py:3036} INFO - Sync 1 DAGs
[2025-04-13T19:04:41.436+0000] {logging_mixin.py:188} INFO - [2025-04-13T19:04:41.436+0000] {dag.py:3823} INFO - Setting next_dagrun for example_branch_operator to 2025-04-12 00:00:00+00:00, run_after=2025-04-13 00:00:00+00:00
[2025-04-13T19:04:41.478+0000] {processor.py:183} INFO - Processing /home/airflow/.local/lib/python3.8/site-packages/airflow/example_dags/example_branch_operator.py took 0.169 seconds
[2025-04-13T19:05:15.225+0000] {processor.py:161} INFO - Started process (PID=13168) to work on /home/airflow/.local/lib/python3.8/site-packages/airflow/example_dags/example_branch_operator.py
[2025-04-13T19:05:15.227+0000] {processor.py:830} INFO - Processing file /home/airflow/.local/lib/python3.8/site-packages/airflow/example_dags/example_branch_operator.py for tasks to queue
[2025-04-13T19:05:15.246+0000] {logging_mixin.py:188} INFO - [2025-04-13T19:05:15.241+0000] {dagbag.py:538} INFO - Filling up the DagBag from /home/airflow/.local/lib/python3.8/site-packages/airflow/example_dags/example_branch_operator.py
[2025-04-13T19:05:15.333+0000] {processor.py:840} INFO - DAG(s) 'example_branch_operator' retrieved from /home/airflow/.local/lib/python3.8/site-packages/airflow/example_dags/example_branch_operator.py
[2025-04-13T19:05:15.390+0000] {logging_mixin.py:188} INFO - [2025-04-13T19:05:15.389+0000] {dag.py:3036} INFO - Sync 1 DAGs
[2025-04-13T19:05:15.429+0000] {logging_mixin.py:188} INFO - [2025-04-13T19:05:15.429+0000] {dag.py:3823} INFO - Setting next_dagrun for example_branch_operator to 2025-04-12 00:00:00+00:00, run_after=2025-04-13 00:00:00+00:00
[2025-04-13T19:05:15.460+0000] {processor.py:183} INFO - Processing /home/airflow/.local/lib/python3.8/site-packages/airflow/example_dags/example_branch_operator.py took 0.239 seconds
[2025-04-13T19:05:48.636+0000] {processor.py:161} INFO - Started process (PID=13224) to work on /home/airflow/.local/lib/python3.8/site-packages/airflow/example_dags/example_branch_operator.py
[2025-04-13T19:05:48.648+0000] {processor.py:830} INFO - Processing file /home/airflow/.local/lib/python3.8/site-packages/airflow/example_dags/example_branch_operator.py for tasks to queue
[2025-04-13T19:05:48.651+0000] {logging_mixin.py:188} INFO - [2025-04-13T19:05:48.650+0000] {dagbag.py:538} INFO - Filling up the DagBag from /home/airflow/.local/lib/python3.8/site-packages/airflow/example_dags/example_branch_operator.py
[2025-04-13T19:05:48.708+0000] {processor.py:840} INFO - DAG(s) 'example_branch_operator' retrieved from /home/airflow/.local/lib/python3.8/site-packages/airflow/example_dags/example_branch_operator.py
[2025-04-13T19:05:48.784+0000] {logging_mixin.py:188} INFO - [2025-04-13T19:05:48.783+0000] {dag.py:3036} INFO - Sync 1 DAGs
[2025-04-13T19:05:48.840+0000] {logging_mixin.py:188} INFO - [2025-04-13T19:05:48.839+0000] {dag.py:3823} INFO - Setting next_dagrun for example_branch_operator to 2025-04-12 00:00:00+00:00, run_after=2025-04-13 00:00:00+00:00
[2025-04-13T19:05:48.889+0000] {processor.py:183} INFO - Processing /home/airflow/.local/lib/python3.8/site-packages/airflow/example_dags/example_branch_operator.py took 0.257 seconds
[2025-04-13T19:06:21.573+0000] {processor.py:161} INFO - Started process (PID=13280) to work on /home/airflow/.local/lib/python3.8/site-packages/airflow/example_dags/example_branch_operator.py
[2025-04-13T19:06:21.574+0000] {processor.py:830} INFO - Processing file /home/airflow/.local/lib/python3.8/site-packages/airflow/example_dags/example_branch_operator.py for tasks to queue
[2025-04-13T19:06:21.577+0000] {logging_mixin.py:188} INFO - [2025-04-13T19:06:21.576+0000] {dagbag.py:538} INFO - Filling up the DagBag from /home/airflow/.local/lib/python3.8/site-packages/airflow/example_dags/example_branch_operator.py
[2025-04-13T19:06:21.602+0000] {processor.py:840} INFO - DAG(s) 'example_branch_operator' retrieved from /home/airflow/.local/lib/python3.8/site-packages/airflow/example_dags/example_branch_operator.py
[2025-04-13T19:06:21.637+0000] {logging_mixin.py:188} INFO - [2025-04-13T19:06:21.636+0000] {dag.py:3036} INFO - Sync 1 DAGs
[2025-04-13T19:06:21.678+0000] {logging_mixin.py:188} INFO - [2025-04-13T19:06:21.678+0000] {dag.py:3823} INFO - Setting next_dagrun for example_branch_operator to 2025-04-12 00:00:00+00:00, run_after=2025-04-13 00:00:00+00:00
[2025-04-13T19:06:21.715+0000] {processor.py:183} INFO - Processing /home/airflow/.local/lib/python3.8/site-packages/airflow/example_dags/example_branch_operator.py took 0.146 seconds
[2025-04-13T19:06:55.394+0000] {processor.py:161} INFO - Started process (PID=13335) to work on /home/airflow/.local/lib/python3.8/site-packages/airflow/example_dags/example_branch_operator.py
[2025-04-13T19:06:55.396+0000] {processor.py:830} INFO - Processing file /home/airflow/.local/lib/python3.8/site-packages/airflow/example_dags/example_branch_operator.py for tasks to queue
[2025-04-13T19:06:55.399+0000] {logging_mixin.py:188} INFO - [2025-04-13T19:06:55.398+0000] {dagbag.py:538} INFO - Filling up the DagBag from /home/airflow/.local/lib/python3.8/site-packages/airflow/example_dags/example_branch_operator.py
[2025-04-13T19:06:55.426+0000] {processor.py:840} INFO - DAG(s) 'example_branch_operator' retrieved from /home/airflow/.local/lib/python3.8/site-packages/airflow/example_dags/example_branch_operator.py
[2025-04-13T19:06:55.482+0000] {logging_mixin.py:188} INFO - [2025-04-13T19:06:55.482+0000] {dag.py:3036} INFO - Sync 1 DAGs
[2025-04-13T19:06:55.533+0000] {logging_mixin.py:188} INFO - [2025-04-13T19:06:55.533+0000] {dag.py:3823} INFO - Setting next_dagrun for example_branch_operator to 2025-04-12 00:00:00+00:00, run_after=2025-04-13 00:00:00+00:00
[2025-04-13T19:06:55.566+0000] {processor.py:183} INFO - Processing /home/airflow/.local/lib/python3.8/site-packages/airflow/example_dags/example_branch_operator.py took 0.177 seconds
[2025-04-13T19:07:28.344+0000] {processor.py:161} INFO - Started process (PID=13391) to work on /home/airflow/.local/lib/python3.8/site-packages/airflow/example_dags/example_branch_operator.py
[2025-04-13T19:07:28.347+0000] {processor.py:830} INFO - Processing file /home/airflow/.local/lib/python3.8/site-packages/airflow/example_dags/example_branch_operator.py for tasks to queue
[2025-04-13T19:07:28.354+0000] {logging_mixin.py:188} INFO - [2025-04-13T19:07:28.353+0000] {dagbag.py:538} INFO - Filling up the DagBag from /home/airflow/.local/lib/python3.8/site-packages/airflow/example_dags/example_branch_operator.py
[2025-04-13T19:07:28.384+0000] {processor.py:840} INFO - DAG(s) 'example_branch_operator' retrieved from /home/airflow/.local/lib/python3.8/site-packages/airflow/example_dags/example_branch_operator.py
[2025-04-13T19:07:28.434+0000] {logging_mixin.py:188} INFO - [2025-04-13T19:07:28.434+0000] {dag.py:3036} INFO - Sync 1 DAGs
[2025-04-13T19:07:28.475+0000] {logging_mixin.py:188} INFO - [2025-04-13T19:07:28.475+0000] {dag.py:3823} INFO - Setting next_dagrun for example_branch_operator to 2025-04-12 00:00:00+00:00, run_after=2025-04-13 00:00:00+00:00
[2025-04-13T19:07:28.509+0000] {processor.py:183} INFO - Processing /home/airflow/.local/lib/python3.8/site-packages/airflow/example_dags/example_branch_operator.py took 0.169 seconds
[2025-04-13T19:08:02.420+0000] {processor.py:161} INFO - Started process (PID=13446) to work on /home/airflow/.local/lib/python3.8/site-packages/airflow/example_dags/example_branch_operator.py
[2025-04-13T19:08:02.422+0000] {processor.py:830} INFO - Processing file /home/airflow/.local/lib/python3.8/site-packages/airflow/example_dags/example_branch_operator.py for tasks to queue
[2025-04-13T19:08:02.427+0000] {logging_mixin.py:188} INFO - [2025-04-13T19:08:02.425+0000] {dagbag.py:538} INFO - Filling up the DagBag from /home/airflow/.local/lib/python3.8/site-packages/airflow/example_dags/example_branch_operator.py
[2025-04-13T19:08:02.472+0000] {processor.py:840} INFO - DAG(s) 'example_branch_operator' retrieved from /home/airflow/.local/lib/python3.8/site-packages/airflow/example_dags/example_branch_operator.py
[2025-04-13T19:08:02.534+0000] {logging_mixin.py:188} INFO - [2025-04-13T19:08:02.534+0000] {dag.py:3036} INFO - Sync 1 DAGs
[2025-04-13T19:08:02.569+0000] {logging_mixin.py:188} INFO - [2025-04-13T19:08:02.569+0000] {dag.py:3823} INFO - Setting next_dagrun for example_branch_operator to 2025-04-12 00:00:00+00:00, run_after=2025-04-13 00:00:00+00:00
[2025-04-13T19:08:02.600+0000] {processor.py:183} INFO - Processing /home/airflow/.local/lib/python3.8/site-packages/airflow/example_dags/example_branch_operator.py took 0.185 seconds
[2025-04-13T19:08:34.357+0000] {processor.py:161} INFO - Started process (PID=13502) to work on /home/airflow/.local/lib/python3.8/site-packages/airflow/example_dags/example_branch_operator.py
[2025-04-13T19:08:34.358+0000] {processor.py:830} INFO - Processing file /home/airflow/.local/lib/python3.8/site-packages/airflow/example_dags/example_branch_operator.py for tasks to queue
[2025-04-13T19:08:34.360+0000] {logging_mixin.py:188} INFO - [2025-04-13T19:08:34.360+0000] {dagbag.py:538} INFO - Filling up the DagBag from /home/airflow/.local/lib/python3.8/site-packages/airflow/example_dags/example_branch_operator.py
[2025-04-13T19:08:34.380+0000] {processor.py:840} INFO - DAG(s) 'example_branch_operator' retrieved from /home/airflow/.local/lib/python3.8/site-packages/airflow/example_dags/example_branch_operator.py
[2025-04-13T19:08:34.437+0000] {logging_mixin.py:188} INFO - [2025-04-13T19:08:34.437+0000] {dag.py:3036} INFO - Sync 1 DAGs
[2025-04-13T19:08:34.494+0000] {logging_mixin.py:188} INFO - [2025-04-13T19:08:34.494+0000] {dag.py:3823} INFO - Setting next_dagrun for example_branch_operator to 2025-04-12 00:00:00+00:00, run_after=2025-04-13 00:00:00+00:00
[2025-04-13T19:08:34.545+0000] {processor.py:183} INFO - Processing /home/airflow/.local/lib/python3.8/site-packages/airflow/example_dags/example_branch_operator.py took 0.193 seconds
[2025-04-13T19:09:07.931+0000] {processor.py:161} INFO - Started process (PID=13558) to work on /home/airflow/.local/lib/python3.8/site-packages/airflow/example_dags/example_branch_operator.py
[2025-04-13T19:09:07.935+0000] {processor.py:830} INFO - Processing file /home/airflow/.local/lib/python3.8/site-packages/airflow/example_dags/example_branch_operator.py for tasks to queue
[2025-04-13T19:09:07.944+0000] {logging_mixin.py:188} INFO - [2025-04-13T19:09:07.944+0000] {dagbag.py:538} INFO - Filling up the DagBag from /home/airflow/.local/lib/python3.8/site-packages/airflow/example_dags/example_branch_operator.py
[2025-04-13T19:09:08.022+0000] {processor.py:840} INFO - DAG(s) 'example_branch_operator' retrieved from /home/airflow/.local/lib/python3.8/site-packages/airflow/example_dags/example_branch_operator.py
[2025-04-13T19:09:08.090+0000] {logging_mixin.py:188} INFO - [2025-04-13T19:09:08.089+0000] {dag.py:3036} INFO - Sync 1 DAGs
[2025-04-13T19:09:08.122+0000] {logging_mixin.py:188} INFO - [2025-04-13T19:09:08.121+0000] {dag.py:3823} INFO - Setting next_dagrun for example_branch_operator to 2025-04-12 00:00:00+00:00, run_after=2025-04-13 00:00:00+00:00
[2025-04-13T19:09:08.152+0000] {processor.py:183} INFO - Processing /home/airflow/.local/lib/python3.8/site-packages/airflow/example_dags/example_branch_operator.py took 0.226 seconds
[2025-04-13T19:09:40.976+0000] {processor.py:161} INFO - Started process (PID=13614) to work on /home/airflow/.local/lib/python3.8/site-packages/airflow/example_dags/example_branch_operator.py
[2025-04-13T19:09:40.977+0000] {processor.py:830} INFO - Processing file /home/airflow/.local/lib/python3.8/site-packages/airflow/example_dags/example_branch_operator.py for tasks to queue
[2025-04-13T19:09:40.979+0000] {logging_mixin.py:188} INFO - [2025-04-13T19:09:40.979+0000] {dagbag.py:538} INFO - Filling up the DagBag from /home/airflow/.local/lib/python3.8/site-packages/airflow/example_dags/example_branch_operator.py
[2025-04-13T19:09:41.009+0000] {processor.py:840} INFO - DAG(s) 'example_branch_operator' retrieved from /home/airflow/.local/lib/python3.8/site-packages/airflow/example_dags/example_branch_operator.py
[2025-04-13T19:09:41.054+0000] {logging_mixin.py:188} INFO - [2025-04-13T19:09:41.053+0000] {dag.py:3036} INFO - Sync 1 DAGs
[2025-04-13T19:09:41.094+0000] {logging_mixin.py:188} INFO - [2025-04-13T19:09:41.093+0000] {dag.py:3823} INFO - Setting next_dagrun for example_branch_operator to 2025-04-12 00:00:00+00:00, run_after=2025-04-13 00:00:00+00:00
[2025-04-13T19:09:41.125+0000] {processor.py:183} INFO - Processing /home/airflow/.local/lib/python3.8/site-packages/airflow/example_dags/example_branch_operator.py took 0.155 seconds
[2025-04-13T19:10:15.650+0000] {processor.py:161} INFO - Started process (PID=13670) to work on /home/airflow/.local/lib/python3.8/site-packages/airflow/example_dags/example_branch_operator.py
[2025-04-13T19:10:15.652+0000] {processor.py:830} INFO - Processing file /home/airflow/.local/lib/python3.8/site-packages/airflow/example_dags/example_branch_operator.py for tasks to queue
[2025-04-13T19:10:15.656+0000] {logging_mixin.py:188} INFO - [2025-04-13T19:10:15.655+0000] {dagbag.py:538} INFO - Filling up the DagBag from /home/airflow/.local/lib/python3.8/site-packages/airflow/example_dags/example_branch_operator.py
[2025-04-13T19:10:15.695+0000] {processor.py:840} INFO - DAG(s) 'example_branch_operator' retrieved from /home/airflow/.local/lib/python3.8/site-packages/airflow/example_dags/example_branch_operator.py
[2025-04-13T19:10:15.751+0000] {logging_mixin.py:188} INFO - [2025-04-13T19:10:15.751+0000] {dag.py:3036} INFO - Sync 1 DAGs
[2025-04-13T19:10:15.821+0000] {logging_mixin.py:188} INFO - [2025-04-13T19:10:15.820+0000] {dag.py:3823} INFO - Setting next_dagrun for example_branch_operator to 2025-04-12 00:00:00+00:00, run_after=2025-04-13 00:00:00+00:00
[2025-04-13T19:10:15.881+0000] {processor.py:183} INFO - Processing /home/airflow/.local/lib/python3.8/site-packages/airflow/example_dags/example_branch_operator.py took 0.235 seconds
[2025-04-13T19:10:49.075+0000] {processor.py:161} INFO - Started process (PID=13726) to work on /home/airflow/.local/lib/python3.8/site-packages/airflow/example_dags/example_branch_operator.py
[2025-04-13T19:10:49.076+0000] {processor.py:830} INFO - Processing file /home/airflow/.local/lib/python3.8/site-packages/airflow/example_dags/example_branch_operator.py for tasks to queue
[2025-04-13T19:10:49.079+0000] {logging_mixin.py:188} INFO - [2025-04-13T19:10:49.078+0000] {dagbag.py:538} INFO - Filling up the DagBag from /home/airflow/.local/lib/python3.8/site-packages/airflow/example_dags/example_branch_operator.py
[2025-04-13T19:10:49.109+0000] {processor.py:840} INFO - DAG(s) 'example_branch_operator' retrieved from /home/airflow/.local/lib/python3.8/site-packages/airflow/example_dags/example_branch_operator.py
[2025-04-13T19:10:49.174+0000] {logging_mixin.py:188} INFO - [2025-04-13T19:10:49.174+0000] {dag.py:3036} INFO - Sync 1 DAGs
[2025-04-13T19:10:49.236+0000] {logging_mixin.py:188} INFO - [2025-04-13T19:10:49.236+0000] {dag.py:3823} INFO - Setting next_dagrun for example_branch_operator to 2025-04-12 00:00:00+00:00, run_after=2025-04-13 00:00:00+00:00
[2025-04-13T19:10:49.270+0000] {processor.py:183} INFO - Processing /home/airflow/.local/lib/python3.8/site-packages/airflow/example_dags/example_branch_operator.py took 0.199 seconds
[2025-04-13T19:11:21.512+0000] {processor.py:161} INFO - Started process (PID=13782) to work on /home/airflow/.local/lib/python3.8/site-packages/airflow/example_dags/example_branch_operator.py
[2025-04-13T19:11:21.514+0000] {processor.py:830} INFO - Processing file /home/airflow/.local/lib/python3.8/site-packages/airflow/example_dags/example_branch_operator.py for tasks to queue
[2025-04-13T19:11:21.517+0000] {logging_mixin.py:188} INFO - [2025-04-13T19:11:21.516+0000] {dagbag.py:538} INFO - Filling up the DagBag from /home/airflow/.local/lib/python3.8/site-packages/airflow/example_dags/example_branch_operator.py
[2025-04-13T19:11:21.563+0000] {processor.py:840} INFO - DAG(s) 'example_branch_operator' retrieved from /home/airflow/.local/lib/python3.8/site-packages/airflow/example_dags/example_branch_operator.py
[2025-04-13T19:11:21.649+0000] {logging_mixin.py:188} INFO - [2025-04-13T19:11:21.649+0000] {dag.py:3036} INFO - Sync 1 DAGs
[2025-04-13T19:11:21.718+0000] {logging_mixin.py:188} INFO - [2025-04-13T19:11:21.717+0000] {dag.py:3823} INFO - Setting next_dagrun for example_branch_operator to 2025-04-12 00:00:00+00:00, run_after=2025-04-13 00:00:00+00:00
[2025-04-13T19:11:21.754+0000] {processor.py:183} INFO - Processing /home/airflow/.local/lib/python3.8/site-packages/airflow/example_dags/example_branch_operator.py took 0.246 seconds
[2025-04-13T19:11:56.328+0000] {processor.py:161} INFO - Started process (PID=13838) to work on /home/airflow/.local/lib/python3.8/site-packages/airflow/example_dags/example_branch_operator.py
[2025-04-13T19:11:56.329+0000] {processor.py:830} INFO - Processing file /home/airflow/.local/lib/python3.8/site-packages/airflow/example_dags/example_branch_operator.py for tasks to queue
[2025-04-13T19:11:56.332+0000] {logging_mixin.py:188} INFO - [2025-04-13T19:11:56.332+0000] {dagbag.py:538} INFO - Filling up the DagBag from /home/airflow/.local/lib/python3.8/site-packages/airflow/example_dags/example_branch_operator.py
[2025-04-13T19:11:56.411+0000] {processor.py:840} INFO - DAG(s) 'example_branch_operator' retrieved from /home/airflow/.local/lib/python3.8/site-packages/airflow/example_dags/example_branch_operator.py
[2025-04-13T19:11:56.514+0000] {logging_mixin.py:188} INFO - [2025-04-13T19:11:56.514+0000] {dag.py:3036} INFO - Sync 1 DAGs
[2025-04-13T19:11:56.616+0000] {logging_mixin.py:188} INFO - [2025-04-13T19:11:56.616+0000] {dag.py:3823} INFO - Setting next_dagrun for example_branch_operator to 2025-04-12 00:00:00+00:00, run_after=2025-04-13 00:00:00+00:00
[2025-04-13T19:11:56.674+0000] {processor.py:183} INFO - Processing /home/airflow/.local/lib/python3.8/site-packages/airflow/example_dags/example_branch_operator.py took 0.360 seconds
[2025-04-13T19:12:27.854+0000] {processor.py:161} INFO - Started process (PID=13894) to work on /home/airflow/.local/lib/python3.8/site-packages/airflow/example_dags/example_branch_operator.py
[2025-04-13T19:12:27.855+0000] {processor.py:830} INFO - Processing file /home/airflow/.local/lib/python3.8/site-packages/airflow/example_dags/example_branch_operator.py for tasks to queue
[2025-04-13T19:12:27.858+0000] {logging_mixin.py:188} INFO - [2025-04-13T19:12:27.858+0000] {dagbag.py:538} INFO - Filling up the DagBag from /home/airflow/.local/lib/python3.8/site-packages/airflow/example_dags/example_branch_operator.py
[2025-04-13T19:12:27.882+0000] {processor.py:840} INFO - DAG(s) 'example_branch_operator' retrieved from /home/airflow/.local/lib/python3.8/site-packages/airflow/example_dags/example_branch_operator.py
[2025-04-13T19:12:27.925+0000] {logging_mixin.py:188} INFO - [2025-04-13T19:12:27.924+0000] {dag.py:3036} INFO - Sync 1 DAGs
[2025-04-13T19:12:27.970+0000] {logging_mixin.py:188} INFO - [2025-04-13T19:12:27.970+0000] {dag.py:3823} INFO - Setting next_dagrun for example_branch_operator to 2025-04-12 00:00:00+00:00, run_after=2025-04-13 00:00:00+00:00
[2025-04-13T19:12:28.001+0000] {processor.py:183} INFO - Processing /home/airflow/.local/lib/python3.8/site-packages/airflow/example_dags/example_branch_operator.py took 0.152 seconds
[2025-04-13T19:13:00.909+0000] {processor.py:161} INFO - Started process (PID=13950) to work on /home/airflow/.local/lib/python3.8/site-packages/airflow/example_dags/example_branch_operator.py
[2025-04-13T19:13:00.910+0000] {processor.py:830} INFO - Processing file /home/airflow/.local/lib/python3.8/site-packages/airflow/example_dags/example_branch_operator.py for tasks to queue
[2025-04-13T19:13:00.912+0000] {logging_mixin.py:188} INFO - [2025-04-13T19:13:00.912+0000] {dagbag.py:538} INFO - Filling up the DagBag from /home/airflow/.local/lib/python3.8/site-packages/airflow/example_dags/example_branch_operator.py
[2025-04-13T19:13:00.933+0000] {processor.py:840} INFO - DAG(s) 'example_branch_operator' retrieved from /home/airflow/.local/lib/python3.8/site-packages/airflow/example_dags/example_branch_operator.py
[2025-04-13T19:13:00.969+0000] {logging_mixin.py:188} INFO - [2025-04-13T19:13:00.969+0000] {dag.py:3036} INFO - Sync 1 DAGs
[2025-04-13T19:13:00.997+0000] {logging_mixin.py:188} INFO - [2025-04-13T19:13:00.997+0000] {dag.py:3823} INFO - Setting next_dagrun for example_branch_operator to 2025-04-12 00:00:00+00:00, run_after=2025-04-13 00:00:00+00:00
[2025-04-13T19:13:01.021+0000] {processor.py:183} INFO - Processing /home/airflow/.local/lib/python3.8/site-packages/airflow/example_dags/example_branch_operator.py took 0.116 seconds
[2025-04-13T19:13:34.117+0000] {processor.py:161} INFO - Started process (PID=14006) to work on /home/airflow/.local/lib/python3.8/site-packages/airflow/example_dags/example_branch_operator.py
[2025-04-13T19:13:34.119+0000] {processor.py:830} INFO - Processing file /home/airflow/.local/lib/python3.8/site-packages/airflow/example_dags/example_branch_operator.py for tasks to queue
[2025-04-13T19:13:34.121+0000] {logging_mixin.py:188} INFO - [2025-04-13T19:13:34.120+0000] {dagbag.py:538} INFO - Filling up the DagBag from /home/airflow/.local/lib/python3.8/site-packages/airflow/example_dags/example_branch_operator.py
[2025-04-13T19:13:34.140+0000] {processor.py:840} INFO - DAG(s) 'example_branch_operator' retrieved from /home/airflow/.local/lib/python3.8/site-packages/airflow/example_dags/example_branch_operator.py
[2025-04-13T19:13:34.173+0000] {logging_mixin.py:188} INFO - [2025-04-13T19:13:34.172+0000] {dag.py:3036} INFO - Sync 1 DAGs
[2025-04-13T19:13:34.199+0000] {logging_mixin.py:188} INFO - [2025-04-13T19:13:34.199+0000] {dag.py:3823} INFO - Setting next_dagrun for example_branch_operator to 2025-04-12 00:00:00+00:00, run_after=2025-04-13 00:00:00+00:00
[2025-04-13T19:13:34.227+0000] {processor.py:183} INFO - Processing /home/airflow/.local/lib/python3.8/site-packages/airflow/example_dags/example_branch_operator.py took 0.114 seconds
[2025-04-13T19:14:07.266+0000] {processor.py:161} INFO - Started process (PID=14062) to work on /home/airflow/.local/lib/python3.8/site-packages/airflow/example_dags/example_branch_operator.py
[2025-04-13T19:14:07.267+0000] {processor.py:830} INFO - Processing file /home/airflow/.local/lib/python3.8/site-packages/airflow/example_dags/example_branch_operator.py for tasks to queue
[2025-04-13T19:14:07.269+0000] {logging_mixin.py:188} INFO - [2025-04-13T19:14:07.269+0000] {dagbag.py:538} INFO - Filling up the DagBag from /home/airflow/.local/lib/python3.8/site-packages/airflow/example_dags/example_branch_operator.py
[2025-04-13T19:14:07.292+0000] {processor.py:840} INFO - DAG(s) 'example_branch_operator' retrieved from /home/airflow/.local/lib/python3.8/site-packages/airflow/example_dags/example_branch_operator.py
[2025-04-13T19:14:07.325+0000] {logging_mixin.py:188} INFO - [2025-04-13T19:14:07.325+0000] {dag.py:3036} INFO - Sync 1 DAGs
[2025-04-13T19:14:07.354+0000] {logging_mixin.py:188} INFO - [2025-04-13T19:14:07.353+0000] {dag.py:3823} INFO - Setting next_dagrun for example_branch_operator to 2025-04-12 00:00:00+00:00, run_after=2025-04-13 00:00:00+00:00
[2025-04-13T19:14:07.378+0000] {processor.py:183} INFO - Processing /home/airflow/.local/lib/python3.8/site-packages/airflow/example_dags/example_branch_operator.py took 0.117 seconds
[2025-04-13T19:14:40.640+0000] {processor.py:161} INFO - Started process (PID=14117) to work on /home/airflow/.local/lib/python3.8/site-packages/airflow/example_dags/example_branch_operator.py
[2025-04-13T19:14:40.645+0000] {processor.py:830} INFO - Processing file /home/airflow/.local/lib/python3.8/site-packages/airflow/example_dags/example_branch_operator.py for tasks to queue
[2025-04-13T19:14:40.649+0000] {logging_mixin.py:188} INFO - [2025-04-13T19:14:40.649+0000] {dagbag.py:538} INFO - Filling up the DagBag from /home/airflow/.local/lib/python3.8/site-packages/airflow/example_dags/example_branch_operator.py
[2025-04-13T19:14:40.693+0000] {processor.py:840} INFO - DAG(s) 'example_branch_operator' retrieved from /home/airflow/.local/lib/python3.8/site-packages/airflow/example_dags/example_branch_operator.py
[2025-04-13T19:14:40.759+0000] {logging_mixin.py:188} INFO - [2025-04-13T19:14:40.758+0000] {dag.py:3036} INFO - Sync 1 DAGs
[2025-04-13T19:14:40.811+0000] {logging_mixin.py:188} INFO - [2025-04-13T19:14:40.811+0000] {dag.py:3823} INFO - Setting next_dagrun for example_branch_operator to 2025-04-12 00:00:00+00:00, run_after=2025-04-13 00:00:00+00:00
[2025-04-13T19:14:40.845+0000] {processor.py:183} INFO - Processing /home/airflow/.local/lib/python3.8/site-packages/airflow/example_dags/example_branch_operator.py took 0.215 seconds
[2025-04-13T19:15:15.769+0000] {processor.py:161} INFO - Started process (PID=14173) to work on /home/airflow/.local/lib/python3.8/site-packages/airflow/example_dags/example_branch_operator.py
[2025-04-13T19:15:15.770+0000] {processor.py:830} INFO - Processing file /home/airflow/.local/lib/python3.8/site-packages/airflow/example_dags/example_branch_operator.py for tasks to queue
[2025-04-13T19:15:15.774+0000] {logging_mixin.py:188} INFO - [2025-04-13T19:15:15.773+0000] {dagbag.py:538} INFO - Filling up the DagBag from /home/airflow/.local/lib/python3.8/site-packages/airflow/example_dags/example_branch_operator.py
[2025-04-13T19:15:15.817+0000] {processor.py:840} INFO - DAG(s) 'example_branch_operator' retrieved from /home/airflow/.local/lib/python3.8/site-packages/airflow/example_dags/example_branch_operator.py
[2025-04-13T19:15:15.856+0000] {logging_mixin.py:188} INFO - [2025-04-13T19:15:15.855+0000] {dag.py:3036} INFO - Sync 1 DAGs
[2025-04-13T19:15:15.897+0000] {logging_mixin.py:188} INFO - [2025-04-13T19:15:15.897+0000] {dag.py:3823} INFO - Setting next_dagrun for example_branch_operator to 2025-04-12 00:00:00+00:00, run_after=2025-04-13 00:00:00+00:00
[2025-04-13T19:15:15.939+0000] {processor.py:183} INFO - Processing /home/airflow/.local/lib/python3.8/site-packages/airflow/example_dags/example_branch_operator.py took 0.176 seconds
[2025-04-13T19:15:49.923+0000] {processor.py:161} INFO - Started process (PID=14229) to work on /home/airflow/.local/lib/python3.8/site-packages/airflow/example_dags/example_branch_operator.py
[2025-04-13T19:15:49.925+0000] {processor.py:830} INFO - Processing file /home/airflow/.local/lib/python3.8/site-packages/airflow/example_dags/example_branch_operator.py for tasks to queue
[2025-04-13T19:15:49.928+0000] {logging_mixin.py:188} INFO - [2025-04-13T19:15:49.927+0000] {dagbag.py:538} INFO - Filling up the DagBag from /home/airflow/.local/lib/python3.8/site-packages/airflow/example_dags/example_branch_operator.py
[2025-04-13T19:15:49.955+0000] {processor.py:840} INFO - DAG(s) 'example_branch_operator' retrieved from /home/airflow/.local/lib/python3.8/site-packages/airflow/example_dags/example_branch_operator.py
[2025-04-13T19:15:49.998+0000] {logging_mixin.py:188} INFO - [2025-04-13T19:15:49.998+0000] {dag.py:3036} INFO - Sync 1 DAGs
[2025-04-13T19:15:50.038+0000] {logging_mixin.py:188} INFO - [2025-04-13T19:15:50.037+0000] {dag.py:3823} INFO - Setting next_dagrun for example_branch_operator to 2025-04-12 00:00:00+00:00, run_after=2025-04-13 00:00:00+00:00
[2025-04-13T19:15:50.069+0000] {processor.py:183} INFO - Processing /home/airflow/.local/lib/python3.8/site-packages/airflow/example_dags/example_branch_operator.py took 0.152 seconds
[2025-04-13T19:16:21.522+0000] {processor.py:161} INFO - Started process (PID=14285) to work on /home/airflow/.local/lib/python3.8/site-packages/airflow/example_dags/example_branch_operator.py
[2025-04-13T19:16:21.524+0000] {processor.py:830} INFO - Processing file /home/airflow/.local/lib/python3.8/site-packages/airflow/example_dags/example_branch_operator.py for tasks to queue
[2025-04-13T19:16:21.526+0000] {logging_mixin.py:188} INFO - [2025-04-13T19:16:21.526+0000] {dagbag.py:538} INFO - Filling up the DagBag from /home/airflow/.local/lib/python3.8/site-packages/airflow/example_dags/example_branch_operator.py
[2025-04-13T19:16:21.547+0000] {processor.py:840} INFO - DAG(s) 'example_branch_operator' retrieved from /home/airflow/.local/lib/python3.8/site-packages/airflow/example_dags/example_branch_operator.py
[2025-04-13T19:16:21.583+0000] {logging_mixin.py:188} INFO - [2025-04-13T19:16:21.583+0000] {dag.py:3036} INFO - Sync 1 DAGs
[2025-04-13T19:16:21.611+0000] {logging_mixin.py:188} INFO - [2025-04-13T19:16:21.611+0000] {dag.py:3823} INFO - Setting next_dagrun for example_branch_operator to 2025-04-12 00:00:00+00:00, run_after=2025-04-13 00:00:00+00:00
[2025-04-13T19:16:21.649+0000] {processor.py:183} INFO - Processing /home/airflow/.local/lib/python3.8/site-packages/airflow/example_dags/example_branch_operator.py took 0.130 seconds
[2025-04-13T19:16:54.726+0000] {processor.py:161} INFO - Started process (PID=14341) to work on /home/airflow/.local/lib/python3.8/site-packages/airflow/example_dags/example_branch_operator.py
[2025-04-13T19:16:54.727+0000] {processor.py:830} INFO - Processing file /home/airflow/.local/lib/python3.8/site-packages/airflow/example_dags/example_branch_operator.py for tasks to queue
[2025-04-13T19:16:54.730+0000] {logging_mixin.py:188} INFO - [2025-04-13T19:16:54.729+0000] {dagbag.py:538} INFO - Filling up the DagBag from /home/airflow/.local/lib/python3.8/site-packages/airflow/example_dags/example_branch_operator.py
[2025-04-13T19:16:54.754+0000] {processor.py:840} INFO - DAG(s) 'example_branch_operator' retrieved from /home/airflow/.local/lib/python3.8/site-packages/airflow/example_dags/example_branch_operator.py
[2025-04-13T19:16:54.800+0000] {logging_mixin.py:188} INFO - [2025-04-13T19:16:54.800+0000] {dag.py:3036} INFO - Sync 1 DAGs
[2025-04-13T19:16:54.829+0000] {logging_mixin.py:188} INFO - [2025-04-13T19:16:54.829+0000] {dag.py:3823} INFO - Setting next_dagrun for example_branch_operator to 2025-04-12 00:00:00+00:00, run_after=2025-04-13 00:00:00+00:00
[2025-04-13T19:16:54.851+0000] {processor.py:183} INFO - Processing /home/airflow/.local/lib/python3.8/site-packages/airflow/example_dags/example_branch_operator.py took 0.129 seconds
[2025-04-13T19:17:28.011+0000] {processor.py:161} INFO - Started process (PID=14397) to work on /home/airflow/.local/lib/python3.8/site-packages/airflow/example_dags/example_branch_operator.py
[2025-04-13T19:17:28.012+0000] {processor.py:830} INFO - Processing file /home/airflow/.local/lib/python3.8/site-packages/airflow/example_dags/example_branch_operator.py for tasks to queue
[2025-04-13T19:17:28.014+0000] {logging_mixin.py:188} INFO - [2025-04-13T19:17:28.014+0000] {dagbag.py:538} INFO - Filling up the DagBag from /home/airflow/.local/lib/python3.8/site-packages/airflow/example_dags/example_branch_operator.py
[2025-04-13T19:17:28.040+0000] {processor.py:840} INFO - DAG(s) 'example_branch_operator' retrieved from /home/airflow/.local/lib/python3.8/site-packages/airflow/example_dags/example_branch_operator.py
[2025-04-13T19:17:28.084+0000] {logging_mixin.py:188} INFO - [2025-04-13T19:17:28.083+0000] {dag.py:3036} INFO - Sync 1 DAGs
[2025-04-13T19:17:28.115+0000] {logging_mixin.py:188} INFO - [2025-04-13T19:17:28.115+0000] {dag.py:3823} INFO - Setting next_dagrun for example_branch_operator to 2025-04-12 00:00:00+00:00, run_after=2025-04-13 00:00:00+00:00
[2025-04-13T19:17:28.140+0000] {processor.py:183} INFO - Processing /home/airflow/.local/lib/python3.8/site-packages/airflow/example_dags/example_branch_operator.py took 0.132 seconds
[2025-04-13T19:18:00.632+0000] {processor.py:161} INFO - Started process (PID=14453) to work on /home/airflow/.local/lib/python3.8/site-packages/airflow/example_dags/example_branch_operator.py
[2025-04-13T19:18:00.635+0000] {processor.py:830} INFO - Processing file /home/airflow/.local/lib/python3.8/site-packages/airflow/example_dags/example_branch_operator.py for tasks to queue
[2025-04-13T19:18:00.640+0000] {logging_mixin.py:188} INFO - [2025-04-13T19:18:00.639+0000] {dagbag.py:538} INFO - Filling up the DagBag from /home/airflow/.local/lib/python3.8/site-packages/airflow/example_dags/example_branch_operator.py
[2025-04-13T19:18:00.668+0000] {processor.py:840} INFO - DAG(s) 'example_branch_operator' retrieved from /home/airflow/.local/lib/python3.8/site-packages/airflow/example_dags/example_branch_operator.py
[2025-04-13T19:18:00.716+0000] {logging_mixin.py:188} INFO - [2025-04-13T19:18:00.716+0000] {dag.py:3036} INFO - Sync 1 DAGs
[2025-04-13T19:18:00.764+0000] {logging_mixin.py:188} INFO - [2025-04-13T19:18:00.764+0000] {dag.py:3823} INFO - Setting next_dagrun for example_branch_operator to 2025-04-12 00:00:00+00:00, run_after=2025-04-13 00:00:00+00:00
[2025-04-13T19:18:00.798+0000] {processor.py:183} INFO - Processing /home/airflow/.local/lib/python3.8/site-packages/airflow/example_dags/example_branch_operator.py took 0.170 seconds
[2025-04-13T19:18:35.096+0000] {processor.py:161} INFO - Started process (PID=14510) to work on /home/airflow/.local/lib/python3.8/site-packages/airflow/example_dags/example_branch_operator.py
[2025-04-13T19:18:35.099+0000] {processor.py:830} INFO - Processing file /home/airflow/.local/lib/python3.8/site-packages/airflow/example_dags/example_branch_operator.py for tasks to queue
[2025-04-13T19:18:35.102+0000] {logging_mixin.py:188} INFO - [2025-04-13T19:18:35.101+0000] {dagbag.py:538} INFO - Filling up the DagBag from /home/airflow/.local/lib/python3.8/site-packages/airflow/example_dags/example_branch_operator.py
[2025-04-13T19:18:35.142+0000] {processor.py:840} INFO - DAG(s) 'example_branch_operator' retrieved from /home/airflow/.local/lib/python3.8/site-packages/airflow/example_dags/example_branch_operator.py
[2025-04-13T19:18:35.187+0000] {logging_mixin.py:188} INFO - [2025-04-13T19:18:35.187+0000] {dag.py:3036} INFO - Sync 1 DAGs
[2025-04-13T19:18:35.225+0000] {logging_mixin.py:188} INFO - [2025-04-13T19:18:35.225+0000] {dag.py:3823} INFO - Setting next_dagrun for example_branch_operator to 2025-04-12 00:00:00+00:00, run_after=2025-04-13 00:00:00+00:00
[2025-04-13T19:18:35.297+0000] {processor.py:183} INFO - Processing /home/airflow/.local/lib/python3.8/site-packages/airflow/example_dags/example_branch_operator.py took 0.206 seconds
[2025-04-13T19:19:08.318+0000] {processor.py:161} INFO - Started process (PID=14566) to work on /home/airflow/.local/lib/python3.8/site-packages/airflow/example_dags/example_branch_operator.py
[2025-04-13T19:19:08.319+0000] {processor.py:830} INFO - Processing file /home/airflow/.local/lib/python3.8/site-packages/airflow/example_dags/example_branch_operator.py for tasks to queue
[2025-04-13T19:19:08.324+0000] {logging_mixin.py:188} INFO - [2025-04-13T19:19:08.323+0000] {dagbag.py:538} INFO - Filling up the DagBag from /home/airflow/.local/lib/python3.8/site-packages/airflow/example_dags/example_branch_operator.py
[2025-04-13T19:19:08.353+0000] {processor.py:840} INFO - DAG(s) 'example_branch_operator' retrieved from /home/airflow/.local/lib/python3.8/site-packages/airflow/example_dags/example_branch_operator.py
[2025-04-13T19:19:08.415+0000] {logging_mixin.py:188} INFO - [2025-04-13T19:19:08.414+0000] {dag.py:3036} INFO - Sync 1 DAGs
[2025-04-13T19:19:08.454+0000] {logging_mixin.py:188} INFO - [2025-04-13T19:19:08.454+0000] {dag.py:3823} INFO - Setting next_dagrun for example_branch_operator to 2025-04-12 00:00:00+00:00, run_after=2025-04-13 00:00:00+00:00
[2025-04-13T19:19:08.481+0000] {processor.py:183} INFO - Processing /home/airflow/.local/lib/python3.8/site-packages/airflow/example_dags/example_branch_operator.py took 0.167 seconds
[2025-04-13T19:19:42.430+0000] {processor.py:161} INFO - Started process (PID=14624) to work on /home/airflow/.local/lib/python3.8/site-packages/airflow/example_dags/example_branch_operator.py
[2025-04-13T19:19:42.432+0000] {processor.py:830} INFO - Processing file /home/airflow/.local/lib/python3.8/site-packages/airflow/example_dags/example_branch_operator.py for tasks to queue
[2025-04-13T19:19:42.434+0000] {logging_mixin.py:188} INFO - [2025-04-13T19:19:42.434+0000] {dagbag.py:538} INFO - Filling up the DagBag from /home/airflow/.local/lib/python3.8/site-packages/airflow/example_dags/example_branch_operator.py
[2025-04-13T19:19:42.458+0000] {processor.py:840} INFO - DAG(s) 'example_branch_operator' retrieved from /home/airflow/.local/lib/python3.8/site-packages/airflow/example_dags/example_branch_operator.py
[2025-04-13T19:19:42.501+0000] {logging_mixin.py:188} INFO - [2025-04-13T19:19:42.500+0000] {dag.py:3036} INFO - Sync 1 DAGs
[2025-04-13T19:19:42.534+0000] {logging_mixin.py:188} INFO - [2025-04-13T19:19:42.533+0000] {dag.py:3823} INFO - Setting next_dagrun for example_branch_operator to 2025-04-12 00:00:00+00:00, run_after=2025-04-13 00:00:00+00:00
[2025-04-13T19:19:42.557+0000] {processor.py:183} INFO - Processing /home/airflow/.local/lib/python3.8/site-packages/airflow/example_dags/example_branch_operator.py took 0.131 seconds
[2025-04-13T19:20:15.138+0000] {processor.py:161} INFO - Started process (PID=14680) to work on /home/airflow/.local/lib/python3.8/site-packages/airflow/example_dags/example_branch_operator.py
[2025-04-13T19:20:15.140+0000] {processor.py:830} INFO - Processing file /home/airflow/.local/lib/python3.8/site-packages/airflow/example_dags/example_branch_operator.py for tasks to queue
[2025-04-13T19:20:15.142+0000] {logging_mixin.py:188} INFO - [2025-04-13T19:20:15.142+0000] {dagbag.py:538} INFO - Filling up the DagBag from /home/airflow/.local/lib/python3.8/site-packages/airflow/example_dags/example_branch_operator.py
[2025-04-13T19:20:15.176+0000] {processor.py:840} INFO - DAG(s) 'example_branch_operator' retrieved from /home/airflow/.local/lib/python3.8/site-packages/airflow/example_dags/example_branch_operator.py
[2025-04-13T19:20:15.231+0000] {logging_mixin.py:188} INFO - [2025-04-13T19:20:15.230+0000] {dag.py:3036} INFO - Sync 1 DAGs
[2025-04-13T19:20:15.270+0000] {logging_mixin.py:188} INFO - [2025-04-13T19:20:15.270+0000] {dag.py:3823} INFO - Setting next_dagrun for example_branch_operator to 2025-04-12 00:00:00+00:00, run_after=2025-04-13 00:00:00+00:00
[2025-04-13T19:20:15.299+0000] {processor.py:183} INFO - Processing /home/airflow/.local/lib/python3.8/site-packages/airflow/example_dags/example_branch_operator.py took 0.165 seconds
[2025-04-13T19:20:49.083+0000] {processor.py:161} INFO - Started process (PID=14736) to work on /home/airflow/.local/lib/python3.8/site-packages/airflow/example_dags/example_branch_operator.py
[2025-04-13T19:20:49.085+0000] {processor.py:830} INFO - Processing file /home/airflow/.local/lib/python3.8/site-packages/airflow/example_dags/example_branch_operator.py for tasks to queue
[2025-04-13T19:20:49.088+0000] {logging_mixin.py:188} INFO - [2025-04-13T19:20:49.087+0000] {dagbag.py:538} INFO - Filling up the DagBag from /home/airflow/.local/lib/python3.8/site-packages/airflow/example_dags/example_branch_operator.py
[2025-04-13T19:20:49.113+0000] {processor.py:840} INFO - DAG(s) 'example_branch_operator' retrieved from /home/airflow/.local/lib/python3.8/site-packages/airflow/example_dags/example_branch_operator.py
[2025-04-13T19:20:49.164+0000] {logging_mixin.py:188} INFO - [2025-04-13T19:20:49.164+0000] {dag.py:3036} INFO - Sync 1 DAGs
[2025-04-13T19:20:49.199+0000] {logging_mixin.py:188} INFO - [2025-04-13T19:20:49.199+0000] {dag.py:3823} INFO - Setting next_dagrun for example_branch_operator to 2025-04-12 00:00:00+00:00, run_after=2025-04-13 00:00:00+00:00
[2025-04-13T19:20:49.230+0000] {processor.py:183} INFO - Processing /home/airflow/.local/lib/python3.8/site-packages/airflow/example_dags/example_branch_operator.py took 0.150 seconds
[2025-04-13T19:21:21.529+0000] {processor.py:161} INFO - Started process (PID=14792) to work on /home/airflow/.local/lib/python3.8/site-packages/airflow/example_dags/example_branch_operator.py
[2025-04-13T19:21:21.530+0000] {processor.py:830} INFO - Processing file /home/airflow/.local/lib/python3.8/site-packages/airflow/example_dags/example_branch_operator.py for tasks to queue
[2025-04-13T19:21:21.533+0000] {logging_mixin.py:188} INFO - [2025-04-13T19:21:21.533+0000] {dagbag.py:538} INFO - Filling up the DagBag from /home/airflow/.local/lib/python3.8/site-packages/airflow/example_dags/example_branch_operator.py
[2025-04-13T19:21:21.563+0000] {processor.py:840} INFO - DAG(s) 'example_branch_operator' retrieved from /home/airflow/.local/lib/python3.8/site-packages/airflow/example_dags/example_branch_operator.py
[2025-04-13T19:21:21.609+0000] {logging_mixin.py:188} INFO - [2025-04-13T19:21:21.609+0000] {dag.py:3036} INFO - Sync 1 DAGs
[2025-04-13T19:21:21.648+0000] {logging_mixin.py:188} INFO - [2025-04-13T19:21:21.647+0000] {dag.py:3823} INFO - Setting next_dagrun for example_branch_operator to 2025-04-12 00:00:00+00:00, run_after=2025-04-13 00:00:00+00:00
[2025-04-13T19:21:21.683+0000] {processor.py:183} INFO - Processing /home/airflow/.local/lib/python3.8/site-packages/airflow/example_dags/example_branch_operator.py took 0.158 seconds
[2025-04-13T19:21:54.256+0000] {processor.py:161} INFO - Started process (PID=14849) to work on /home/airflow/.local/lib/python3.8/site-packages/airflow/example_dags/example_branch_operator.py
[2025-04-13T19:21:54.258+0000] {processor.py:830} INFO - Processing file /home/airflow/.local/lib/python3.8/site-packages/airflow/example_dags/example_branch_operator.py for tasks to queue
[2025-04-13T19:21:54.260+0000] {logging_mixin.py:188} INFO - [2025-04-13T19:21:54.259+0000] {dagbag.py:538} INFO - Filling up the DagBag from /home/airflow/.local/lib/python3.8/site-packages/airflow/example_dags/example_branch_operator.py
[2025-04-13T19:21:54.281+0000] {processor.py:840} INFO - DAG(s) 'example_branch_operator' retrieved from /home/airflow/.local/lib/python3.8/site-packages/airflow/example_dags/example_branch_operator.py
[2025-04-13T19:21:54.319+0000] {logging_mixin.py:188} INFO - [2025-04-13T19:21:54.319+0000] {dag.py:3036} INFO - Sync 1 DAGs
[2025-04-13T19:21:54.354+0000] {logging_mixin.py:188} INFO - [2025-04-13T19:21:54.354+0000] {dag.py:3823} INFO - Setting next_dagrun for example_branch_operator to 2025-04-12 00:00:00+00:00, run_after=2025-04-13 00:00:00+00:00
[2025-04-13T19:21:54.378+0000] {processor.py:183} INFO - Processing /home/airflow/.local/lib/python3.8/site-packages/airflow/example_dags/example_branch_operator.py took 0.127 seconds
[2025-04-13T19:22:28.182+0000] {processor.py:161} INFO - Started process (PID=14905) to work on /home/airflow/.local/lib/python3.8/site-packages/airflow/example_dags/example_branch_operator.py
[2025-04-13T19:22:28.183+0000] {processor.py:830} INFO - Processing file /home/airflow/.local/lib/python3.8/site-packages/airflow/example_dags/example_branch_operator.py for tasks to queue
[2025-04-13T19:22:28.186+0000] {logging_mixin.py:188} INFO - [2025-04-13T19:22:28.186+0000] {dagbag.py:538} INFO - Filling up the DagBag from /home/airflow/.local/lib/python3.8/site-packages/airflow/example_dags/example_branch_operator.py
[2025-04-13T19:22:28.211+0000] {processor.py:840} INFO - DAG(s) 'example_branch_operator' retrieved from /home/airflow/.local/lib/python3.8/site-packages/airflow/example_dags/example_branch_operator.py
[2025-04-13T19:22:28.253+0000] {logging_mixin.py:188} INFO - [2025-04-13T19:22:28.253+0000] {dag.py:3036} INFO - Sync 1 DAGs
[2025-04-13T19:22:28.291+0000] {logging_mixin.py:188} INFO - [2025-04-13T19:22:28.291+0000] {dag.py:3823} INFO - Setting next_dagrun for example_branch_operator to 2025-04-12 00:00:00+00:00, run_after=2025-04-13 00:00:00+00:00
[2025-04-13T19:22:28.314+0000] {processor.py:183} INFO - Processing /home/airflow/.local/lib/python3.8/site-packages/airflow/example_dags/example_branch_operator.py took 0.136 seconds
[2025-04-13T19:23:01.266+0000] {processor.py:161} INFO - Started process (PID=14960) to work on /home/airflow/.local/lib/python3.8/site-packages/airflow/example_dags/example_branch_operator.py
[2025-04-13T19:23:01.268+0000] {processor.py:830} INFO - Processing file /home/airflow/.local/lib/python3.8/site-packages/airflow/example_dags/example_branch_operator.py for tasks to queue
[2025-04-13T19:23:01.274+0000] {logging_mixin.py:188} INFO - [2025-04-13T19:23:01.273+0000] {dagbag.py:538} INFO - Filling up the DagBag from /home/airflow/.local/lib/python3.8/site-packages/airflow/example_dags/example_branch_operator.py
[2025-04-13T19:23:01.309+0000] {processor.py:840} INFO - DAG(s) 'example_branch_operator' retrieved from /home/airflow/.local/lib/python3.8/site-packages/airflow/example_dags/example_branch_operator.py
[2025-04-13T19:23:01.360+0000] {logging_mixin.py:188} INFO - [2025-04-13T19:23:01.360+0000] {dag.py:3036} INFO - Sync 1 DAGs
[2025-04-13T19:23:01.396+0000] {logging_mixin.py:188} INFO - [2025-04-13T19:23:01.395+0000] {dag.py:3823} INFO - Setting next_dagrun for example_branch_operator to 2025-04-12 00:00:00+00:00, run_after=2025-04-13 00:00:00+00:00
[2025-04-13T19:23:01.420+0000] {processor.py:183} INFO - Processing /home/airflow/.local/lib/python3.8/site-packages/airflow/example_dags/example_branch_operator.py took 0.158 seconds
[2025-04-13T19:23:36.685+0000] {processor.py:161} INFO - Started process (PID=15016) to work on /home/airflow/.local/lib/python3.8/site-packages/airflow/example_dags/example_branch_operator.py
[2025-04-13T19:23:36.687+0000] {processor.py:830} INFO - Processing file /home/airflow/.local/lib/python3.8/site-packages/airflow/example_dags/example_branch_operator.py for tasks to queue
[2025-04-13T19:23:36.693+0000] {logging_mixin.py:188} INFO - [2025-04-13T19:23:36.693+0000] {dagbag.py:538} INFO - Filling up the DagBag from /home/airflow/.local/lib/python3.8/site-packages/airflow/example_dags/example_branch_operator.py
[2025-04-13T19:23:36.823+0000] {processor.py:840} INFO - DAG(s) 'example_branch_operator' retrieved from /home/airflow/.local/lib/python3.8/site-packages/airflow/example_dags/example_branch_operator.py
[2025-04-13T19:23:36.886+0000] {logging_mixin.py:188} INFO - [2025-04-13T19:23:36.886+0000] {dag.py:3036} INFO - Sync 1 DAGs
[2025-04-13T19:23:36.921+0000] {logging_mixin.py:188} INFO - [2025-04-13T19:23:36.921+0000] {dag.py:3823} INFO - Setting next_dagrun for example_branch_operator to 2025-04-12 00:00:00+00:00, run_after=2025-04-13 00:00:00+00:00
[2025-04-13T19:23:36.954+0000] {processor.py:183} INFO - Processing /home/airflow/.local/lib/python3.8/site-packages/airflow/example_dags/example_branch_operator.py took 0.273 seconds
[2025-04-13T19:24:07.104+0000] {processor.py:161} INFO - Started process (PID=15072) to work on /home/airflow/.local/lib/python3.8/site-packages/airflow/example_dags/example_branch_operator.py
[2025-04-13T19:24:07.106+0000] {processor.py:830} INFO - Processing file /home/airflow/.local/lib/python3.8/site-packages/airflow/example_dags/example_branch_operator.py for tasks to queue
[2025-04-13T19:24:07.108+0000] {logging_mixin.py:188} INFO - [2025-04-13T19:24:07.108+0000] {dagbag.py:538} INFO - Filling up the DagBag from /home/airflow/.local/lib/python3.8/site-packages/airflow/example_dags/example_branch_operator.py
[2025-04-13T19:24:07.129+0000] {processor.py:840} INFO - DAG(s) 'example_branch_operator' retrieved from /home/airflow/.local/lib/python3.8/site-packages/airflow/example_dags/example_branch_operator.py
[2025-04-13T19:24:07.164+0000] {logging_mixin.py:188} INFO - [2025-04-13T19:24:07.163+0000] {dag.py:3036} INFO - Sync 1 DAGs
[2025-04-13T19:24:07.193+0000] {logging_mixin.py:188} INFO - [2025-04-13T19:24:07.193+0000] {dag.py:3823} INFO - Setting next_dagrun for example_branch_operator to 2025-04-12 00:00:00+00:00, run_after=2025-04-13 00:00:00+00:00
[2025-04-13T19:24:07.218+0000] {processor.py:183} INFO - Processing /home/airflow/.local/lib/python3.8/site-packages/airflow/example_dags/example_branch_operator.py took 0.117 seconds
[2025-04-13T19:24:40.580+0000] {processor.py:161} INFO - Started process (PID=15128) to work on /home/airflow/.local/lib/python3.8/site-packages/airflow/example_dags/example_branch_operator.py
[2025-04-13T19:24:40.581+0000] {processor.py:830} INFO - Processing file /home/airflow/.local/lib/python3.8/site-packages/airflow/example_dags/example_branch_operator.py for tasks to queue
[2025-04-13T19:24:40.583+0000] {logging_mixin.py:188} INFO - [2025-04-13T19:24:40.583+0000] {dagbag.py:538} INFO - Filling up the DagBag from /home/airflow/.local/lib/python3.8/site-packages/airflow/example_dags/example_branch_operator.py
[2025-04-13T19:24:40.614+0000] {processor.py:840} INFO - DAG(s) 'example_branch_operator' retrieved from /home/airflow/.local/lib/python3.8/site-packages/airflow/example_dags/example_branch_operator.py
[2025-04-13T19:24:40.700+0000] {logging_mixin.py:188} INFO - [2025-04-13T19:24:40.699+0000] {dag.py:3036} INFO - Sync 1 DAGs
[2025-04-13T19:24:40.795+0000] {logging_mixin.py:188} INFO - [2025-04-13T19:24:40.795+0000] {dag.py:3823} INFO - Setting next_dagrun for example_branch_operator to 2025-04-12 00:00:00+00:00, run_after=2025-04-13 00:00:00+00:00
[2025-04-13T19:24:40.868+0000] {processor.py:183} INFO - Processing /home/airflow/.local/lib/python3.8/site-packages/airflow/example_dags/example_branch_operator.py took 0.295 seconds
[2025-04-13T19:25:12.608+0000] {processor.py:161} INFO - Started process (PID=15184) to work on /home/airflow/.local/lib/python3.8/site-packages/airflow/example_dags/example_branch_operator.py
[2025-04-13T19:25:12.610+0000] {processor.py:830} INFO - Processing file /home/airflow/.local/lib/python3.8/site-packages/airflow/example_dags/example_branch_operator.py for tasks to queue
[2025-04-13T19:25:12.625+0000] {logging_mixin.py:188} INFO - [2025-04-13T19:25:12.625+0000] {dagbag.py:538} INFO - Filling up the DagBag from /home/airflow/.local/lib/python3.8/site-packages/airflow/example_dags/example_branch_operator.py
[2025-04-13T19:25:12.687+0000] {processor.py:840} INFO - DAG(s) 'example_branch_operator' retrieved from /home/airflow/.local/lib/python3.8/site-packages/airflow/example_dags/example_branch_operator.py
[2025-04-13T19:25:12.776+0000] {logging_mixin.py:188} INFO - [2025-04-13T19:25:12.775+0000] {dag.py:3036} INFO - Sync 1 DAGs
[2025-04-13T19:25:12.845+0000] {logging_mixin.py:188} INFO - [2025-04-13T19:25:12.844+0000] {dag.py:3823} INFO - Setting next_dagrun for example_branch_operator to 2025-04-12 00:00:00+00:00, run_after=2025-04-13 00:00:00+00:00
[2025-04-13T19:25:12.890+0000] {processor.py:183} INFO - Processing /home/airflow/.local/lib/python3.8/site-packages/airflow/example_dags/example_branch_operator.py took 0.286 seconds
[2025-04-13T19:25:45.753+0000] {processor.py:161} INFO - Started process (PID=15245) to work on /home/airflow/.local/lib/python3.8/site-packages/airflow/example_dags/example_branch_operator.py
[2025-04-13T19:25:45.756+0000] {processor.py:830} INFO - Processing file /home/airflow/.local/lib/python3.8/site-packages/airflow/example_dags/example_branch_operator.py for tasks to queue
[2025-04-13T19:25:45.759+0000] {logging_mixin.py:188} INFO - [2025-04-13T19:25:45.758+0000] {dagbag.py:538} INFO - Filling up the DagBag from /home/airflow/.local/lib/python3.8/site-packages/airflow/example_dags/example_branch_operator.py
[2025-04-13T19:25:45.788+0000] {processor.py:840} INFO - DAG(s) 'example_branch_operator' retrieved from /home/airflow/.local/lib/python3.8/site-packages/airflow/example_dags/example_branch_operator.py
[2025-04-13T19:25:45.831+0000] {logging_mixin.py:188} INFO - [2025-04-13T19:25:45.831+0000] {dag.py:3036} INFO - Sync 1 DAGs
[2025-04-13T19:25:45.874+0000] {logging_mixin.py:188} INFO - [2025-04-13T19:25:45.874+0000] {dag.py:3823} INFO - Setting next_dagrun for example_branch_operator to 2025-04-12 00:00:00+00:00, run_after=2025-04-13 00:00:00+00:00
[2025-04-13T19:25:45.925+0000] {processor.py:183} INFO - Processing /home/airflow/.local/lib/python3.8/site-packages/airflow/example_dags/example_branch_operator.py took 0.177 seconds
[2025-04-13T19:26:19.737+0000] {processor.py:161} INFO - Started process (PID=15301) to work on /home/airflow/.local/lib/python3.8/site-packages/airflow/example_dags/example_branch_operator.py
[2025-04-13T19:26:19.738+0000] {processor.py:830} INFO - Processing file /home/airflow/.local/lib/python3.8/site-packages/airflow/example_dags/example_branch_operator.py for tasks to queue
[2025-04-13T19:26:19.740+0000] {logging_mixin.py:188} INFO - [2025-04-13T19:26:19.740+0000] {dagbag.py:538} INFO - Filling up the DagBag from /home/airflow/.local/lib/python3.8/site-packages/airflow/example_dags/example_branch_operator.py
[2025-04-13T19:26:19.767+0000] {processor.py:840} INFO - DAG(s) 'example_branch_operator' retrieved from /home/airflow/.local/lib/python3.8/site-packages/airflow/example_dags/example_branch_operator.py
[2025-04-13T19:26:19.815+0000] {logging_mixin.py:188} INFO - [2025-04-13T19:26:19.815+0000] {dag.py:3036} INFO - Sync 1 DAGs
[2025-04-13T19:26:19.851+0000] {logging_mixin.py:188} INFO - [2025-04-13T19:26:19.851+0000] {dag.py:3823} INFO - Setting next_dagrun for example_branch_operator to 2025-04-12 00:00:00+00:00, run_after=2025-04-13 00:00:00+00:00
[2025-04-13T19:26:19.877+0000] {processor.py:183} INFO - Processing /home/airflow/.local/lib/python3.8/site-packages/airflow/example_dags/example_branch_operator.py took 0.144 seconds
[2025-04-13T19:26:52.909+0000] {processor.py:161} INFO - Started process (PID=15357) to work on /home/airflow/.local/lib/python3.8/site-packages/airflow/example_dags/example_branch_operator.py
[2025-04-13T19:26:52.911+0000] {processor.py:830} INFO - Processing file /home/airflow/.local/lib/python3.8/site-packages/airflow/example_dags/example_branch_operator.py for tasks to queue
[2025-04-13T19:26:52.913+0000] {logging_mixin.py:188} INFO - [2025-04-13T19:26:52.912+0000] {dagbag.py:538} INFO - Filling up the DagBag from /home/airflow/.local/lib/python3.8/site-packages/airflow/example_dags/example_branch_operator.py
[2025-04-13T19:26:52.932+0000] {processor.py:840} INFO - DAG(s) 'example_branch_operator' retrieved from /home/airflow/.local/lib/python3.8/site-packages/airflow/example_dags/example_branch_operator.py
[2025-04-13T19:26:52.969+0000] {logging_mixin.py:188} INFO - [2025-04-13T19:26:52.968+0000] {dag.py:3036} INFO - Sync 1 DAGs
[2025-04-13T19:26:53.000+0000] {logging_mixin.py:188} INFO - [2025-04-13T19:26:52.999+0000] {dag.py:3823} INFO - Setting next_dagrun for example_branch_operator to 2025-04-12 00:00:00+00:00, run_after=2025-04-13 00:00:00+00:00
[2025-04-13T19:26:53.023+0000] {processor.py:183} INFO - Processing /home/airflow/.local/lib/python3.8/site-packages/airflow/example_dags/example_branch_operator.py took 0.117 seconds
[2025-04-13T19:27:26.060+0000] {processor.py:161} INFO - Started process (PID=15414) to work on /home/airflow/.local/lib/python3.8/site-packages/airflow/example_dags/example_branch_operator.py
[2025-04-13T19:27:26.061+0000] {processor.py:830} INFO - Processing file /home/airflow/.local/lib/python3.8/site-packages/airflow/example_dags/example_branch_operator.py for tasks to queue
[2025-04-13T19:27:26.064+0000] {logging_mixin.py:188} INFO - [2025-04-13T19:27:26.064+0000] {dagbag.py:538} INFO - Filling up the DagBag from /home/airflow/.local/lib/python3.8/site-packages/airflow/example_dags/example_branch_operator.py
[2025-04-13T19:27:26.088+0000] {processor.py:840} INFO - DAG(s) 'example_branch_operator' retrieved from /home/airflow/.local/lib/python3.8/site-packages/airflow/example_dags/example_branch_operator.py
[2025-04-13T19:27:26.121+0000] {logging_mixin.py:188} INFO - [2025-04-13T19:27:26.121+0000] {dag.py:3036} INFO - Sync 1 DAGs
[2025-04-13T19:27:26.149+0000] {logging_mixin.py:188} INFO - [2025-04-13T19:27:26.149+0000] {dag.py:3823} INFO - Setting next_dagrun for example_branch_operator to 2025-04-12 00:00:00+00:00, run_after=2025-04-13 00:00:00+00:00
[2025-04-13T19:27:26.170+0000] {processor.py:183} INFO - Processing /home/airflow/.local/lib/python3.8/site-packages/airflow/example_dags/example_branch_operator.py took 0.114 seconds
[2025-04-13T19:27:59.104+0000] {processor.py:161} INFO - Started process (PID=15470) to work on /home/airflow/.local/lib/python3.8/site-packages/airflow/example_dags/example_branch_operator.py
[2025-04-13T19:27:59.105+0000] {processor.py:830} INFO - Processing file /home/airflow/.local/lib/python3.8/site-packages/airflow/example_dags/example_branch_operator.py for tasks to queue
[2025-04-13T19:27:59.108+0000] {logging_mixin.py:188} INFO - [2025-04-13T19:27:59.107+0000] {dagbag.py:538} INFO - Filling up the DagBag from /home/airflow/.local/lib/python3.8/site-packages/airflow/example_dags/example_branch_operator.py
[2025-04-13T19:27:59.128+0000] {processor.py:840} INFO - DAG(s) 'example_branch_operator' retrieved from /home/airflow/.local/lib/python3.8/site-packages/airflow/example_dags/example_branch_operator.py
[2025-04-13T19:27:59.165+0000] {logging_mixin.py:188} INFO - [2025-04-13T19:27:59.165+0000] {dag.py:3036} INFO - Sync 1 DAGs
[2025-04-13T19:27:59.194+0000] {logging_mixin.py:188} INFO - [2025-04-13T19:27:59.194+0000] {dag.py:3823} INFO - Setting next_dagrun for example_branch_operator to 2025-04-12 00:00:00+00:00, run_after=2025-04-13 00:00:00+00:00
[2025-04-13T19:27:59.219+0000] {processor.py:183} INFO - Processing /home/airflow/.local/lib/python3.8/site-packages/airflow/example_dags/example_branch_operator.py took 0.119 seconds
[2025-04-13T19:28:37.053+0000] {processor.py:161} INFO - Started process (PID=15526) to work on /home/airflow/.local/lib/python3.8/site-packages/airflow/example_dags/example_branch_operator.py
[2025-04-13T19:28:37.054+0000] {processor.py:830} INFO - Processing file /home/airflow/.local/lib/python3.8/site-packages/airflow/example_dags/example_branch_operator.py for tasks to queue
[2025-04-13T19:28:37.067+0000] {logging_mixin.py:188} INFO - [2025-04-13T19:28:37.067+0000] {dagbag.py:538} INFO - Filling up the DagBag from /home/airflow/.local/lib/python3.8/site-packages/airflow/example_dags/example_branch_operator.py
[2025-04-13T19:28:37.245+0000] {processor.py:840} INFO - DAG(s) 'example_branch_operator' retrieved from /home/airflow/.local/lib/python3.8/site-packages/airflow/example_dags/example_branch_operator.py
[2025-04-13T19:28:37.377+0000] {logging_mixin.py:188} INFO - [2025-04-13T19:28:37.377+0000] {dag.py:3036} INFO - Sync 1 DAGs
[2025-04-13T19:28:37.490+0000] {logging_mixin.py:188} INFO - [2025-04-13T19:28:37.480+0000] {dag.py:3823} INFO - Setting next_dagrun for example_branch_operator to 2025-04-12 00:00:00+00:00, run_after=2025-04-13 00:00:00+00:00
[2025-04-13T19:28:37.714+0000] {processor.py:183} INFO - Processing /home/airflow/.local/lib/python3.8/site-packages/airflow/example_dags/example_branch_operator.py took 0.666 seconds
[2025-04-13T19:29:09.372+0000] {processor.py:161} INFO - Started process (PID=15582) to work on /home/airflow/.local/lib/python3.8/site-packages/airflow/example_dags/example_branch_operator.py
[2025-04-13T19:29:09.374+0000] {processor.py:830} INFO - Processing file /home/airflow/.local/lib/python3.8/site-packages/airflow/example_dags/example_branch_operator.py for tasks to queue
[2025-04-13T19:29:09.377+0000] {logging_mixin.py:188} INFO - [2025-04-13T19:29:09.377+0000] {dagbag.py:538} INFO - Filling up the DagBag from /home/airflow/.local/lib/python3.8/site-packages/airflow/example_dags/example_branch_operator.py
[2025-04-13T19:29:09.413+0000] {processor.py:840} INFO - DAG(s) 'example_branch_operator' retrieved from /home/airflow/.local/lib/python3.8/site-packages/airflow/example_dags/example_branch_operator.py
[2025-04-13T19:29:09.472+0000] {logging_mixin.py:188} INFO - [2025-04-13T19:29:09.472+0000] {dag.py:3036} INFO - Sync 1 DAGs
[2025-04-13T19:29:09.513+0000] {logging_mixin.py:188} INFO - [2025-04-13T19:29:09.513+0000] {dag.py:3823} INFO - Setting next_dagrun for example_branch_operator to 2025-04-12 00:00:00+00:00, run_after=2025-04-13 00:00:00+00:00
[2025-04-13T19:29:09.545+0000] {processor.py:183} INFO - Processing /home/airflow/.local/lib/python3.8/site-packages/airflow/example_dags/example_branch_operator.py took 0.178 seconds
[2025-04-13T19:29:40.074+0000] {processor.py:161} INFO - Started process (PID=15638) to work on /home/airflow/.local/lib/python3.8/site-packages/airflow/example_dags/example_branch_operator.py
[2025-04-13T19:29:40.075+0000] {processor.py:830} INFO - Processing file /home/airflow/.local/lib/python3.8/site-packages/airflow/example_dags/example_branch_operator.py for tasks to queue
[2025-04-13T19:29:40.077+0000] {logging_mixin.py:188} INFO - [2025-04-13T19:29:40.077+0000] {dagbag.py:538} INFO - Filling up the DagBag from /home/airflow/.local/lib/python3.8/site-packages/airflow/example_dags/example_branch_operator.py
[2025-04-13T19:29:40.100+0000] {processor.py:840} INFO - DAG(s) 'example_branch_operator' retrieved from /home/airflow/.local/lib/python3.8/site-packages/airflow/example_dags/example_branch_operator.py
[2025-04-13T19:29:40.134+0000] {logging_mixin.py:188} INFO - [2025-04-13T19:29:40.133+0000] {dag.py:3036} INFO - Sync 1 DAGs
[2025-04-13T19:29:40.167+0000] {logging_mixin.py:188} INFO - [2025-04-13T19:29:40.167+0000] {dag.py:3823} INFO - Setting next_dagrun for example_branch_operator to 2025-04-12 00:00:00+00:00, run_after=2025-04-13 00:00:00+00:00
[2025-04-13T19:29:40.189+0000] {processor.py:183} INFO - Processing /home/airflow/.local/lib/python3.8/site-packages/airflow/example_dags/example_branch_operator.py took 0.119 seconds
[2025-04-13T19:30:13.608+0000] {processor.py:161} INFO - Started process (PID=15694) to work on /home/airflow/.local/lib/python3.8/site-packages/airflow/example_dags/example_branch_operator.py
[2025-04-13T19:30:13.611+0000] {processor.py:830} INFO - Processing file /home/airflow/.local/lib/python3.8/site-packages/airflow/example_dags/example_branch_operator.py for tasks to queue
[2025-04-13T19:30:13.614+0000] {logging_mixin.py:188} INFO - [2025-04-13T19:30:13.614+0000] {dagbag.py:538} INFO - Filling up the DagBag from /home/airflow/.local/lib/python3.8/site-packages/airflow/example_dags/example_branch_operator.py
[2025-04-13T19:30:13.647+0000] {processor.py:840} INFO - DAG(s) 'example_branch_operator' retrieved from /home/airflow/.local/lib/python3.8/site-packages/airflow/example_dags/example_branch_operator.py
[2025-04-13T19:30:13.692+0000] {logging_mixin.py:188} INFO - [2025-04-13T19:30:13.692+0000] {dag.py:3036} INFO - Sync 1 DAGs
[2025-04-13T19:30:13.733+0000] {logging_mixin.py:188} INFO - [2025-04-13T19:30:13.732+0000] {dag.py:3823} INFO - Setting next_dagrun for example_branch_operator to 2025-04-12 00:00:00+00:00, run_after=2025-04-13 00:00:00+00:00
[2025-04-13T19:30:13.764+0000] {processor.py:183} INFO - Processing /home/airflow/.local/lib/python3.8/site-packages/airflow/example_dags/example_branch_operator.py took 0.162 seconds
[2025-04-13T19:30:47.069+0000] {processor.py:161} INFO - Started process (PID=15750) to work on /home/airflow/.local/lib/python3.8/site-packages/airflow/example_dags/example_branch_operator.py
[2025-04-13T19:30:47.070+0000] {processor.py:830} INFO - Processing file /home/airflow/.local/lib/python3.8/site-packages/airflow/example_dags/example_branch_operator.py for tasks to queue
[2025-04-13T19:30:47.076+0000] {logging_mixin.py:188} INFO - [2025-04-13T19:30:47.075+0000] {dagbag.py:538} INFO - Filling up the DagBag from /home/airflow/.local/lib/python3.8/site-packages/airflow/example_dags/example_branch_operator.py
[2025-04-13T19:30:47.110+0000] {processor.py:840} INFO - DAG(s) 'example_branch_operator' retrieved from /home/airflow/.local/lib/python3.8/site-packages/airflow/example_dags/example_branch_operator.py
[2025-04-13T19:30:47.175+0000] {logging_mixin.py:188} INFO - [2025-04-13T19:30:47.174+0000] {dag.py:3036} INFO - Sync 1 DAGs
[2025-04-13T19:30:47.238+0000] {logging_mixin.py:188} INFO - [2025-04-13T19:30:47.237+0000] {dag.py:3823} INFO - Setting next_dagrun for example_branch_operator to 2025-04-12 00:00:00+00:00, run_after=2025-04-13 00:00:00+00:00
[2025-04-13T19:30:47.277+0000] {processor.py:183} INFO - Processing /home/airflow/.local/lib/python3.8/site-packages/airflow/example_dags/example_branch_operator.py took 0.213 seconds
[2025-04-13T19:31:20.639+0000] {processor.py:161} INFO - Started process (PID=15806) to work on /home/airflow/.local/lib/python3.8/site-packages/airflow/example_dags/example_branch_operator.py
[2025-04-13T19:31:20.640+0000] {processor.py:830} INFO - Processing file /home/airflow/.local/lib/python3.8/site-packages/airflow/example_dags/example_branch_operator.py for tasks to queue
[2025-04-13T19:31:20.643+0000] {logging_mixin.py:188} INFO - [2025-04-13T19:31:20.642+0000] {dagbag.py:538} INFO - Filling up the DagBag from /home/airflow/.local/lib/python3.8/site-packages/airflow/example_dags/example_branch_operator.py
[2025-04-13T19:31:20.663+0000] {processor.py:840} INFO - DAG(s) 'example_branch_operator' retrieved from /home/airflow/.local/lib/python3.8/site-packages/airflow/example_dags/example_branch_operator.py
[2025-04-13T19:31:20.699+0000] {logging_mixin.py:188} INFO - [2025-04-13T19:31:20.699+0000] {dag.py:3036} INFO - Sync 1 DAGs
[2025-04-13T19:31:20.735+0000] {logging_mixin.py:188} INFO - [2025-04-13T19:31:20.734+0000] {dag.py:3823} INFO - Setting next_dagrun for example_branch_operator to 2025-04-12 00:00:00+00:00, run_after=2025-04-13 00:00:00+00:00
[2025-04-13T19:31:20.768+0000] {processor.py:183} INFO - Processing /home/airflow/.local/lib/python3.8/site-packages/airflow/example_dags/example_branch_operator.py took 0.134 seconds
[2025-04-13T19:31:54.229+0000] {processor.py:161} INFO - Started process (PID=15862) to work on /home/airflow/.local/lib/python3.8/site-packages/airflow/example_dags/example_branch_operator.py
[2025-04-13T19:31:54.230+0000] {processor.py:830} INFO - Processing file /home/airflow/.local/lib/python3.8/site-packages/airflow/example_dags/example_branch_operator.py for tasks to queue
[2025-04-13T19:31:54.233+0000] {logging_mixin.py:188} INFO - [2025-04-13T19:31:54.233+0000] {dagbag.py:538} INFO - Filling up the DagBag from /home/airflow/.local/lib/python3.8/site-packages/airflow/example_dags/example_branch_operator.py
[2025-04-13T19:31:54.284+0000] {processor.py:840} INFO - DAG(s) 'example_branch_operator' retrieved from /home/airflow/.local/lib/python3.8/site-packages/airflow/example_dags/example_branch_operator.py
[2025-04-13T19:31:54.354+0000] {logging_mixin.py:188} INFO - [2025-04-13T19:31:54.353+0000] {dag.py:3036} INFO - Sync 1 DAGs
[2025-04-13T19:31:54.406+0000] {logging_mixin.py:188} INFO - [2025-04-13T19:31:54.405+0000] {dag.py:3823} INFO - Setting next_dagrun for example_branch_operator to 2025-04-12 00:00:00+00:00, run_after=2025-04-13 00:00:00+00:00
[2025-04-13T19:31:54.447+0000] {processor.py:183} INFO - Processing /home/airflow/.local/lib/python3.8/site-packages/airflow/example_dags/example_branch_operator.py took 0.223 seconds
[2025-04-13T19:32:27.076+0000] {processor.py:161} INFO - Started process (PID=15917) to work on /home/airflow/.local/lib/python3.8/site-packages/airflow/example_dags/example_branch_operator.py
[2025-04-13T19:32:27.077+0000] {processor.py:830} INFO - Processing file /home/airflow/.local/lib/python3.8/site-packages/airflow/example_dags/example_branch_operator.py for tasks to queue
[2025-04-13T19:32:27.080+0000] {logging_mixin.py:188} INFO - [2025-04-13T19:32:27.080+0000] {dagbag.py:538} INFO - Filling up the DagBag from /home/airflow/.local/lib/python3.8/site-packages/airflow/example_dags/example_branch_operator.py
[2025-04-13T19:32:27.107+0000] {processor.py:840} INFO - DAG(s) 'example_branch_operator' retrieved from /home/airflow/.local/lib/python3.8/site-packages/airflow/example_dags/example_branch_operator.py
[2025-04-13T19:32:27.141+0000] {logging_mixin.py:188} INFO - [2025-04-13T19:32:27.140+0000] {dag.py:3036} INFO - Sync 1 DAGs
[2025-04-13T19:32:27.168+0000] {logging_mixin.py:188} INFO - [2025-04-13T19:32:27.168+0000] {dag.py:3823} INFO - Setting next_dagrun for example_branch_operator to 2025-04-12 00:00:00+00:00, run_after=2025-04-13 00:00:00+00:00
[2025-04-13T19:32:27.191+0000] {processor.py:183} INFO - Processing /home/airflow/.local/lib/python3.8/site-packages/airflow/example_dags/example_branch_operator.py took 0.119 seconds
[2025-04-13T19:33:00.199+0000] {processor.py:161} INFO - Started process (PID=15973) to work on /home/airflow/.local/lib/python3.8/site-packages/airflow/example_dags/example_branch_operator.py
[2025-04-13T19:33:00.201+0000] {processor.py:830} INFO - Processing file /home/airflow/.local/lib/python3.8/site-packages/airflow/example_dags/example_branch_operator.py for tasks to queue
[2025-04-13T19:33:00.204+0000] {logging_mixin.py:188} INFO - [2025-04-13T19:33:00.204+0000] {dagbag.py:538} INFO - Filling up the DagBag from /home/airflow/.local/lib/python3.8/site-packages/airflow/example_dags/example_branch_operator.py
[2025-04-13T19:33:00.236+0000] {processor.py:840} INFO - DAG(s) 'example_branch_operator' retrieved from /home/airflow/.local/lib/python3.8/site-packages/airflow/example_dags/example_branch_operator.py
[2025-04-13T19:33:00.302+0000] {logging_mixin.py:188} INFO - [2025-04-13T19:33:00.302+0000] {dag.py:3036} INFO - Sync 1 DAGs
[2025-04-13T19:33:00.362+0000] {logging_mixin.py:188} INFO - [2025-04-13T19:33:00.362+0000] {dag.py:3823} INFO - Setting next_dagrun for example_branch_operator to 2025-04-12 00:00:00+00:00, run_after=2025-04-13 00:00:00+00:00
[2025-04-13T19:33:00.437+0000] {processor.py:183} INFO - Processing /home/airflow/.local/lib/python3.8/site-packages/airflow/example_dags/example_branch_operator.py took 0.242 seconds
[2025-04-13T19:33:33.807+0000] {processor.py:161} INFO - Started process (PID=16031) to work on /home/airflow/.local/lib/python3.8/site-packages/airflow/example_dags/example_branch_operator.py
[2025-04-13T19:33:33.808+0000] {processor.py:830} INFO - Processing file /home/airflow/.local/lib/python3.8/site-packages/airflow/example_dags/example_branch_operator.py for tasks to queue
[2025-04-13T19:33:33.811+0000] {logging_mixin.py:188} INFO - [2025-04-13T19:33:33.810+0000] {dagbag.py:538} INFO - Filling up the DagBag from /home/airflow/.local/lib/python3.8/site-packages/airflow/example_dags/example_branch_operator.py
[2025-04-13T19:33:33.832+0000] {processor.py:840} INFO - DAG(s) 'example_branch_operator' retrieved from /home/airflow/.local/lib/python3.8/site-packages/airflow/example_dags/example_branch_operator.py
[2025-04-13T19:33:33.870+0000] {logging_mixin.py:188} INFO - [2025-04-13T19:33:33.869+0000] {dag.py:3036} INFO - Sync 1 DAGs
[2025-04-13T19:33:33.906+0000] {logging_mixin.py:188} INFO - [2025-04-13T19:33:33.905+0000] {dag.py:3823} INFO - Setting next_dagrun for example_branch_operator to 2025-04-12 00:00:00+00:00, run_after=2025-04-13 00:00:00+00:00
[2025-04-13T19:33:33.934+0000] {processor.py:183} INFO - Processing /home/airflow/.local/lib/python3.8/site-packages/airflow/example_dags/example_branch_operator.py took 0.131 seconds
[2025-04-13T19:34:08.276+0000] {processor.py:161} INFO - Started process (PID=16094) to work on /home/airflow/.local/lib/python3.8/site-packages/airflow/example_dags/example_branch_operator.py
[2025-04-13T19:34:08.277+0000] {processor.py:830} INFO - Processing file /home/airflow/.local/lib/python3.8/site-packages/airflow/example_dags/example_branch_operator.py for tasks to queue
[2025-04-13T19:34:08.279+0000] {logging_mixin.py:188} INFO - [2025-04-13T19:34:08.279+0000] {dagbag.py:538} INFO - Filling up the DagBag from /home/airflow/.local/lib/python3.8/site-packages/airflow/example_dags/example_branch_operator.py
[2025-04-13T19:34:08.299+0000] {processor.py:840} INFO - DAG(s) 'example_branch_operator' retrieved from /home/airflow/.local/lib/python3.8/site-packages/airflow/example_dags/example_branch_operator.py
[2025-04-13T19:34:08.337+0000] {logging_mixin.py:188} INFO - [2025-04-13T19:34:08.337+0000] {dag.py:3036} INFO - Sync 1 DAGs
[2025-04-13T19:34:08.400+0000] {logging_mixin.py:188} INFO - [2025-04-13T19:34:08.400+0000] {dag.py:3823} INFO - Setting next_dagrun for example_branch_operator to 2025-04-12 00:00:00+00:00, run_after=2025-04-13 00:00:00+00:00
[2025-04-13T19:34:08.441+0000] {processor.py:183} INFO - Processing /home/airflow/.local/lib/python3.8/site-packages/airflow/example_dags/example_branch_operator.py took 0.170 seconds
[2025-04-13T19:34:41.831+0000] {processor.py:161} INFO - Started process (PID=16150) to work on /home/airflow/.local/lib/python3.8/site-packages/airflow/example_dags/example_branch_operator.py
[2025-04-13T19:34:41.832+0000] {processor.py:830} INFO - Processing file /home/airflow/.local/lib/python3.8/site-packages/airflow/example_dags/example_branch_operator.py for tasks to queue
[2025-04-13T19:34:41.835+0000] {logging_mixin.py:188} INFO - [2025-04-13T19:34:41.835+0000] {dagbag.py:538} INFO - Filling up the DagBag from /home/airflow/.local/lib/python3.8/site-packages/airflow/example_dags/example_branch_operator.py
[2025-04-13T19:34:41.867+0000] {processor.py:840} INFO - DAG(s) 'example_branch_operator' retrieved from /home/airflow/.local/lib/python3.8/site-packages/airflow/example_dags/example_branch_operator.py
[2025-04-13T19:34:41.922+0000] {logging_mixin.py:188} INFO - [2025-04-13T19:34:41.922+0000] {dag.py:3036} INFO - Sync 1 DAGs
[2025-04-13T19:34:41.960+0000] {logging_mixin.py:188} INFO - [2025-04-13T19:34:41.960+0000] {dag.py:3823} INFO - Setting next_dagrun for example_branch_operator to 2025-04-12 00:00:00+00:00, run_after=2025-04-13 00:00:00+00:00
[2025-04-13T19:34:42.006+0000] {processor.py:183} INFO - Processing /home/airflow/.local/lib/python3.8/site-packages/airflow/example_dags/example_branch_operator.py took 0.182 seconds
[2025-04-13T19:35:14.300+0000] {processor.py:161} INFO - Started process (PID=16206) to work on /home/airflow/.local/lib/python3.8/site-packages/airflow/example_dags/example_branch_operator.py
[2025-04-13T19:35:14.302+0000] {processor.py:830} INFO - Processing file /home/airflow/.local/lib/python3.8/site-packages/airflow/example_dags/example_branch_operator.py for tasks to queue
[2025-04-13T19:35:14.304+0000] {logging_mixin.py:188} INFO - [2025-04-13T19:35:14.304+0000] {dagbag.py:538} INFO - Filling up the DagBag from /home/airflow/.local/lib/python3.8/site-packages/airflow/example_dags/example_branch_operator.py
[2025-04-13T19:35:14.322+0000] {processor.py:840} INFO - DAG(s) 'example_branch_operator' retrieved from /home/airflow/.local/lib/python3.8/site-packages/airflow/example_dags/example_branch_operator.py
[2025-04-13T19:35:14.353+0000] {logging_mixin.py:188} INFO - [2025-04-13T19:35:14.352+0000] {dag.py:3036} INFO - Sync 1 DAGs
[2025-04-13T19:35:14.379+0000] {logging_mixin.py:188} INFO - [2025-04-13T19:35:14.379+0000] {dag.py:3823} INFO - Setting next_dagrun for example_branch_operator to 2025-04-12 00:00:00+00:00, run_after=2025-04-13 00:00:00+00:00
[2025-04-13T19:35:14.426+0000] {processor.py:183} INFO - Processing /home/airflow/.local/lib/python3.8/site-packages/airflow/example_dags/example_branch_operator.py took 0.129 seconds
[2025-04-13T19:35:49.539+0000] {processor.py:161} INFO - Started process (PID=16268) to work on /home/airflow/.local/lib/python3.8/site-packages/airflow/example_dags/example_branch_operator.py
[2025-04-13T19:35:49.541+0000] {processor.py:830} INFO - Processing file /home/airflow/.local/lib/python3.8/site-packages/airflow/example_dags/example_branch_operator.py for tasks to queue
[2025-04-13T19:35:49.544+0000] {logging_mixin.py:188} INFO - [2025-04-13T19:35:49.543+0000] {dagbag.py:538} INFO - Filling up the DagBag from /home/airflow/.local/lib/python3.8/site-packages/airflow/example_dags/example_branch_operator.py
[2025-04-13T19:35:49.583+0000] {processor.py:840} INFO - DAG(s) 'example_branch_operator' retrieved from /home/airflow/.local/lib/python3.8/site-packages/airflow/example_dags/example_branch_operator.py
[2025-04-13T19:35:49.682+0000] {logging_mixin.py:188} INFO - [2025-04-13T19:35:49.681+0000] {dag.py:3036} INFO - Sync 1 DAGs
[2025-04-13T19:35:49.738+0000] {logging_mixin.py:188} INFO - [2025-04-13T19:35:49.738+0000] {dag.py:3823} INFO - Setting next_dagrun for example_branch_operator to 2025-04-12 00:00:00+00:00, run_after=2025-04-13 00:00:00+00:00
[2025-04-13T19:35:49.782+0000] {processor.py:183} INFO - Processing /home/airflow/.local/lib/python3.8/site-packages/airflow/example_dags/example_branch_operator.py took 0.248 seconds
[2025-04-13T19:36:21.484+0000] {processor.py:161} INFO - Started process (PID=16324) to work on /home/airflow/.local/lib/python3.8/site-packages/airflow/example_dags/example_branch_operator.py
[2025-04-13T19:36:21.486+0000] {processor.py:830} INFO - Processing file /home/airflow/.local/lib/python3.8/site-packages/airflow/example_dags/example_branch_operator.py for tasks to queue
[2025-04-13T19:36:21.488+0000] {logging_mixin.py:188} INFO - [2025-04-13T19:36:21.488+0000] {dagbag.py:538} INFO - Filling up the DagBag from /home/airflow/.local/lib/python3.8/site-packages/airflow/example_dags/example_branch_operator.py
[2025-04-13T19:36:21.509+0000] {processor.py:840} INFO - DAG(s) 'example_branch_operator' retrieved from /home/airflow/.local/lib/python3.8/site-packages/airflow/example_dags/example_branch_operator.py
[2025-04-13T19:36:21.541+0000] {logging_mixin.py:188} INFO - [2025-04-13T19:36:21.541+0000] {dag.py:3036} INFO - Sync 1 DAGs
[2025-04-13T19:36:21.577+0000] {logging_mixin.py:188} INFO - [2025-04-13T19:36:21.577+0000] {dag.py:3823} INFO - Setting next_dagrun for example_branch_operator to 2025-04-12 00:00:00+00:00, run_after=2025-04-13 00:00:00+00:00
[2025-04-13T19:36:21.603+0000] {processor.py:183} INFO - Processing /home/airflow/.local/lib/python3.8/site-packages/airflow/example_dags/example_branch_operator.py took 0.122 seconds
[2025-04-13T19:37:05.129+0000] {processor.py:161} INFO - Started process (PID=16380) to work on /home/airflow/.local/lib/python3.8/site-packages/airflow/example_dags/example_branch_operator.py
[2025-04-13T19:37:05.131+0000] {processor.py:830} INFO - Processing file /home/airflow/.local/lib/python3.8/site-packages/airflow/example_dags/example_branch_operator.py for tasks to queue
[2025-04-13T19:37:05.140+0000] {logging_mixin.py:188} INFO - [2025-04-13T19:37:05.140+0000] {dagbag.py:538} INFO - Filling up the DagBag from /home/airflow/.local/lib/python3.8/site-packages/airflow/example_dags/example_branch_operator.py
[2025-04-13T19:37:05.180+0000] {processor.py:840} INFO - DAG(s) 'example_branch_operator' retrieved from /home/airflow/.local/lib/python3.8/site-packages/airflow/example_dags/example_branch_operator.py
[2025-04-13T19:37:05.252+0000] {logging_mixin.py:188} INFO - [2025-04-13T19:37:05.252+0000] {dag.py:3036} INFO - Sync 1 DAGs
[2025-04-13T19:37:05.303+0000] {logging_mixin.py:188} INFO - [2025-04-13T19:37:05.302+0000] {dag.py:3823} INFO - Setting next_dagrun for example_branch_operator to 2025-04-12 00:00:00+00:00, run_after=2025-04-13 00:00:00+00:00
[2025-04-13T19:37:05.355+0000] {processor.py:183} INFO - Processing /home/airflow/.local/lib/python3.8/site-packages/airflow/example_dags/example_branch_operator.py took 0.239 seconds
[2025-04-13T19:37:35.815+0000] {processor.py:161} INFO - Started process (PID=16436) to work on /home/airflow/.local/lib/python3.8/site-packages/airflow/example_dags/example_branch_operator.py
[2025-04-13T19:37:35.822+0000] {processor.py:830} INFO - Processing file /home/airflow/.local/lib/python3.8/site-packages/airflow/example_dags/example_branch_operator.py for tasks to queue
[2025-04-13T19:37:35.828+0000] {logging_mixin.py:188} INFO - [2025-04-13T19:37:35.827+0000] {dagbag.py:538} INFO - Filling up the DagBag from /home/airflow/.local/lib/python3.8/site-packages/airflow/example_dags/example_branch_operator.py
[2025-04-13T19:37:35.863+0000] {processor.py:840} INFO - DAG(s) 'example_branch_operator' retrieved from /home/airflow/.local/lib/python3.8/site-packages/airflow/example_dags/example_branch_operator.py
[2025-04-13T19:37:35.911+0000] {logging_mixin.py:188} INFO - [2025-04-13T19:37:35.910+0000] {dag.py:3036} INFO - Sync 1 DAGs
[2025-04-13T19:37:35.953+0000] {logging_mixin.py:188} INFO - [2025-04-13T19:37:35.952+0000] {dag.py:3823} INFO - Setting next_dagrun for example_branch_operator to 2025-04-12 00:00:00+00:00, run_after=2025-04-13 00:00:00+00:00
[2025-04-13T19:37:35.998+0000] {processor.py:183} INFO - Processing /home/airflow/.local/lib/python3.8/site-packages/airflow/example_dags/example_branch_operator.py took 0.191 seconds
[2025-04-13T19:38:06.301+0000] {processor.py:161} INFO - Started process (PID=16492) to work on /home/airflow/.local/lib/python3.8/site-packages/airflow/example_dags/example_branch_operator.py
[2025-04-13T19:38:06.302+0000] {processor.py:830} INFO - Processing file /home/airflow/.local/lib/python3.8/site-packages/airflow/example_dags/example_branch_operator.py for tasks to queue
[2025-04-13T19:38:06.305+0000] {logging_mixin.py:188} INFO - [2025-04-13T19:38:06.305+0000] {dagbag.py:538} INFO - Filling up the DagBag from /home/airflow/.local/lib/python3.8/site-packages/airflow/example_dags/example_branch_operator.py
[2025-04-13T19:38:06.330+0000] {processor.py:840} INFO - DAG(s) 'example_branch_operator' retrieved from /home/airflow/.local/lib/python3.8/site-packages/airflow/example_dags/example_branch_operator.py
[2025-04-13T19:38:06.376+0000] {logging_mixin.py:188} INFO - [2025-04-13T19:38:06.376+0000] {dag.py:3036} INFO - Sync 1 DAGs
[2025-04-13T19:38:06.405+0000] {logging_mixin.py:188} INFO - [2025-04-13T19:38:06.405+0000] {dag.py:3823} INFO - Setting next_dagrun for example_branch_operator to 2025-04-12 00:00:00+00:00, run_after=2025-04-13 00:00:00+00:00
[2025-04-13T19:38:06.427+0000] {processor.py:183} INFO - Processing /home/airflow/.local/lib/python3.8/site-packages/airflow/example_dags/example_branch_operator.py took 0.131 seconds
[2025-04-13T19:38:37.085+0000] {processor.py:161} INFO - Started process (PID=16548) to work on /home/airflow/.local/lib/python3.8/site-packages/airflow/example_dags/example_branch_operator.py
[2025-04-13T19:38:37.086+0000] {processor.py:830} INFO - Processing file /home/airflow/.local/lib/python3.8/site-packages/airflow/example_dags/example_branch_operator.py for tasks to queue
[2025-04-13T19:38:37.089+0000] {logging_mixin.py:188} INFO - [2025-04-13T19:38:37.089+0000] {dagbag.py:538} INFO - Filling up the DagBag from /home/airflow/.local/lib/python3.8/site-packages/airflow/example_dags/example_branch_operator.py
[2025-04-13T19:38:37.116+0000] {processor.py:840} INFO - DAG(s) 'example_branch_operator' retrieved from /home/airflow/.local/lib/python3.8/site-packages/airflow/example_dags/example_branch_operator.py
[2025-04-13T19:38:37.158+0000] {logging_mixin.py:188} INFO - [2025-04-13T19:38:37.158+0000] {dag.py:3036} INFO - Sync 1 DAGs
[2025-04-13T19:38:37.184+0000] {logging_mixin.py:188} INFO - [2025-04-13T19:38:37.184+0000] {dag.py:3823} INFO - Setting next_dagrun for example_branch_operator to 2025-04-12 00:00:00+00:00, run_after=2025-04-13 00:00:00+00:00
[2025-04-13T19:38:37.212+0000] {processor.py:183} INFO - Processing /home/airflow/.local/lib/python3.8/site-packages/airflow/example_dags/example_branch_operator.py took 0.131 seconds
[2025-04-13T19:39:09.241+0000] {processor.py:161} INFO - Started process (PID=16604) to work on /home/airflow/.local/lib/python3.8/site-packages/airflow/example_dags/example_branch_operator.py
[2025-04-13T19:39:09.242+0000] {processor.py:830} INFO - Processing file /home/airflow/.local/lib/python3.8/site-packages/airflow/example_dags/example_branch_operator.py for tasks to queue
[2025-04-13T19:39:09.244+0000] {logging_mixin.py:188} INFO - [2025-04-13T19:39:09.244+0000] {dagbag.py:538} INFO - Filling up the DagBag from /home/airflow/.local/lib/python3.8/site-packages/airflow/example_dags/example_branch_operator.py
[2025-04-13T19:39:09.268+0000] {processor.py:840} INFO - DAG(s) 'example_branch_operator' retrieved from /home/airflow/.local/lib/python3.8/site-packages/airflow/example_dags/example_branch_operator.py
[2025-04-13T19:39:09.303+0000] {logging_mixin.py:188} INFO - [2025-04-13T19:39:09.302+0000] {dag.py:3036} INFO - Sync 1 DAGs
[2025-04-13T19:39:09.336+0000] {logging_mixin.py:188} INFO - [2025-04-13T19:39:09.336+0000] {dag.py:3823} INFO - Setting next_dagrun for example_branch_operator to 2025-04-12 00:00:00+00:00, run_after=2025-04-13 00:00:00+00:00
[2025-04-13T19:39:09.511+0000] {processor.py:183} INFO - Processing /home/airflow/.local/lib/python3.8/site-packages/airflow/example_dags/example_branch_operator.py took 0.274 seconds
[2025-04-13T19:39:44.320+0000] {processor.py:161} INFO - Started process (PID=16660) to work on /home/airflow/.local/lib/python3.8/site-packages/airflow/example_dags/example_branch_operator.py
[2025-04-13T19:39:44.329+0000] {processor.py:830} INFO - Processing file /home/airflow/.local/lib/python3.8/site-packages/airflow/example_dags/example_branch_operator.py for tasks to queue
[2025-04-13T19:39:44.334+0000] {logging_mixin.py:188} INFO - [2025-04-13T19:39:44.334+0000] {dagbag.py:538} INFO - Filling up the DagBag from /home/airflow/.local/lib/python3.8/site-packages/airflow/example_dags/example_branch_operator.py
[2025-04-13T19:39:44.394+0000] {processor.py:840} INFO - DAG(s) 'example_branch_operator' retrieved from /home/airflow/.local/lib/python3.8/site-packages/airflow/example_dags/example_branch_operator.py
[2025-04-13T19:39:44.486+0000] {logging_mixin.py:188} INFO - [2025-04-13T19:39:44.485+0000] {dag.py:3036} INFO - Sync 1 DAGs
[2025-04-13T19:39:44.542+0000] {logging_mixin.py:188} INFO - [2025-04-13T19:39:44.541+0000] {dag.py:3823} INFO - Setting next_dagrun for example_branch_operator to 2025-04-12 00:00:00+00:00, run_after=2025-04-13 00:00:00+00:00
[2025-04-13T19:39:44.597+0000] {processor.py:183} INFO - Processing /home/airflow/.local/lib/python3.8/site-packages/airflow/example_dags/example_branch_operator.py took 0.283 seconds
