[2025-04-13T14:51:25.614+0000] {processor.py:161} INFO - Started process (PID=92) to work on /home/airflow/.local/lib/python3.8/site-packages/airflow/example_dags/example_subdag_operator.py
[2025-04-13T14:51:25.618+0000] {processor.py:830} INFO - Processing file /home/airflow/.local/lib/python3.8/site-packages/airflow/example_dags/example_subdag_operator.py for tasks to queue
[2025-04-13T14:51:25.622+0000] {logging_mixin.py:188} INFO - [2025-04-13T14:51:25.621+0000] {dagbag.py:538} INFO - Filling up the DagBag from /home/airflow/.local/lib/python3.8/site-packages/airflow/example_dags/example_subdag_operator.py
[2025-04-13T14:51:25.722+0000] {processor.py:840} INFO - DAG(s) 'example_subdag_operator.section-1', 'example_subdag_operator.section-2', 'example_subdag_operator' retrieved from /home/airflow/.local/lib/python3.8/site-packages/airflow/example_dags/example_subdag_operator.py
[2025-04-13T14:51:26.199+0000] {logging_mixin.py:188} INFO - [2025-04-13T14:51:26.199+0000] {dag.py:3036} INFO - Sync 3 DAGs
[2025-04-13T14:51:26.274+0000] {logging_mixin.py:188} INFO - [2025-04-13T14:51:26.274+0000] {dag.py:3823} INFO - Setting next_dagrun for example_subdag_operator to 2022-01-01 00:00:00+00:00, run_after=2022-01-01 00:00:00+00:00
[2025-04-13T14:51:26.285+0000] {logging_mixin.py:188} INFO - [2025-04-13T14:51:26.283+0000] {dag.py:3823} INFO - Setting next_dagrun for example_subdag_operator.section-1 to None, run_after=None
[2025-04-13T14:51:26.295+0000] {logging_mixin.py:188} INFO - [2025-04-13T14:51:26.294+0000] {dag.py:3823} INFO - Setting next_dagrun for example_subdag_operator.section-2 to None, run_after=None
[2025-04-13T14:51:26.378+0000] {logging_mixin.py:188} INFO - [2025-04-13T14:51:26.377+0000] {dag.py:3036} INFO - Sync 2 DAGs
[2025-04-13T14:51:26.402+0000] {logging_mixin.py:188} INFO - [2025-04-13T14:51:26.401+0000] {dag.py:3823} INFO - Setting next_dagrun for example_subdag_operator.section-1 to None, run_after=None
[2025-04-13T14:51:26.414+0000] {logging_mixin.py:188} INFO - [2025-04-13T14:51:26.413+0000] {dag.py:3823} INFO - Setting next_dagrun for example_subdag_operator.section-2 to None, run_after=None
[2025-04-13T14:51:26.460+0000] {processor.py:183} INFO - Processing /home/airflow/.local/lib/python3.8/site-packages/airflow/example_dags/example_subdag_operator.py took 0.880 seconds
[2025-04-13T14:51:57.379+0000] {processor.py:161} INFO - Started process (PID=147) to work on /home/airflow/.local/lib/python3.8/site-packages/airflow/example_dags/example_subdag_operator.py
[2025-04-13T14:51:57.381+0000] {processor.py:830} INFO - Processing file /home/airflow/.local/lib/python3.8/site-packages/airflow/example_dags/example_subdag_operator.py for tasks to queue
[2025-04-13T14:51:57.386+0000] {logging_mixin.py:188} INFO - [2025-04-13T14:51:57.385+0000] {dagbag.py:538} INFO - Filling up the DagBag from /home/airflow/.local/lib/python3.8/site-packages/airflow/example_dags/example_subdag_operator.py
[2025-04-13T14:51:57.443+0000] {processor.py:840} INFO - DAG(s) 'example_subdag_operator.section-1', 'example_subdag_operator.section-2', 'example_subdag_operator' retrieved from /home/airflow/.local/lib/python3.8/site-packages/airflow/example_dags/example_subdag_operator.py
[2025-04-13T14:51:57.475+0000] {logging_mixin.py:188} INFO - [2025-04-13T14:51:57.474+0000] {dag.py:3036} INFO - Sync 3 DAGs
[2025-04-13T14:51:57.518+0000] {logging_mixin.py:188} INFO - [2025-04-13T14:51:57.517+0000] {dag.py:3823} INFO - Setting next_dagrun for example_subdag_operator to 2022-01-01 00:00:00+00:00, run_after=2022-01-01 00:00:00+00:00
[2025-04-13T14:51:57.528+0000] {logging_mixin.py:188} INFO - [2025-04-13T14:51:57.527+0000] {dag.py:3823} INFO - Setting next_dagrun for example_subdag_operator.section-1 to None, run_after=None
[2025-04-13T14:51:57.531+0000] {logging_mixin.py:188} INFO - [2025-04-13T14:51:57.530+0000] {dag.py:3823} INFO - Setting next_dagrun for example_subdag_operator.section-2 to None, run_after=None
[2025-04-13T14:51:57.546+0000] {logging_mixin.py:188} INFO - [2025-04-13T14:51:57.545+0000] {dag.py:3036} INFO - Sync 2 DAGs
[2025-04-13T14:51:57.554+0000] {logging_mixin.py:188} INFO - [2025-04-13T14:51:57.554+0000] {dag.py:3823} INFO - Setting next_dagrun for example_subdag_operator.section-1 to None, run_after=None
[2025-04-13T14:51:57.556+0000] {logging_mixin.py:188} INFO - [2025-04-13T14:51:57.555+0000] {dag.py:3823} INFO - Setting next_dagrun for example_subdag_operator.section-2 to None, run_after=None
[2025-04-13T14:51:57.585+0000] {processor.py:183} INFO - Processing /home/airflow/.local/lib/python3.8/site-packages/airflow/example_dags/example_subdag_operator.py took 0.210 seconds
[2025-04-13T14:55:35.573+0000] {processor.py:161} INFO - Started process (PID=94) to work on /home/airflow/.local/lib/python3.8/site-packages/airflow/example_dags/example_subdag_operator.py
[2025-04-13T14:55:35.575+0000] {processor.py:830} INFO - Processing file /home/airflow/.local/lib/python3.8/site-packages/airflow/example_dags/example_subdag_operator.py for tasks to queue
[2025-04-13T14:55:35.578+0000] {logging_mixin.py:188} INFO - [2025-04-13T14:55:35.578+0000] {dagbag.py:538} INFO - Filling up the DagBag from /home/airflow/.local/lib/python3.8/site-packages/airflow/example_dags/example_subdag_operator.py
[2025-04-13T14:55:35.736+0000] {processor.py:840} INFO - DAG(s) 'example_subdag_operator.section-1', 'example_subdag_operator.section-2', 'example_subdag_operator' retrieved from /home/airflow/.local/lib/python3.8/site-packages/airflow/example_dags/example_subdag_operator.py
[2025-04-13T14:55:35.873+0000] {logging_mixin.py:188} INFO - [2025-04-13T14:55:35.873+0000] {dag.py:3036} INFO - Sync 3 DAGs
[2025-04-13T14:55:35.924+0000] {logging_mixin.py:188} INFO - [2025-04-13T14:55:35.923+0000] {dag.py:3823} INFO - Setting next_dagrun for example_subdag_operator to 2022-01-01 00:00:00+00:00, run_after=2022-01-01 00:00:00+00:00
[2025-04-13T14:55:35.937+0000] {logging_mixin.py:188} INFO - [2025-04-13T14:55:35.936+0000] {dag.py:3823} INFO - Setting next_dagrun for example_subdag_operator.section-1 to None, run_after=None
[2025-04-13T14:55:35.940+0000] {logging_mixin.py:188} INFO - [2025-04-13T14:55:35.940+0000] {dag.py:3823} INFO - Setting next_dagrun for example_subdag_operator.section-2 to None, run_after=None
[2025-04-13T14:55:35.964+0000] {logging_mixin.py:188} INFO - [2025-04-13T14:55:35.963+0000] {dag.py:3036} INFO - Sync 2 DAGs
[2025-04-13T14:55:35.978+0000] {logging_mixin.py:188} INFO - [2025-04-13T14:55:35.978+0000] {dag.py:3823} INFO - Setting next_dagrun for example_subdag_operator.section-1 to None, run_after=None
[2025-04-13T14:55:35.979+0000] {logging_mixin.py:188} INFO - [2025-04-13T14:55:35.979+0000] {dag.py:3823} INFO - Setting next_dagrun for example_subdag_operator.section-2 to None, run_after=None
[2025-04-13T14:55:36.026+0000] {processor.py:183} INFO - Processing /home/airflow/.local/lib/python3.8/site-packages/airflow/example_dags/example_subdag_operator.py took 0.457 seconds
[2025-04-13T14:56:06.592+0000] {processor.py:161} INFO - Started process (PID=149) to work on /home/airflow/.local/lib/python3.8/site-packages/airflow/example_dags/example_subdag_operator.py
[2025-04-13T14:56:06.596+0000] {processor.py:830} INFO - Processing file /home/airflow/.local/lib/python3.8/site-packages/airflow/example_dags/example_subdag_operator.py for tasks to queue
[2025-04-13T14:56:06.600+0000] {logging_mixin.py:188} INFO - [2025-04-13T14:56:06.599+0000] {dagbag.py:538} INFO - Filling up the DagBag from /home/airflow/.local/lib/python3.8/site-packages/airflow/example_dags/example_subdag_operator.py
[2025-04-13T14:56:06.656+0000] {processor.py:840} INFO - DAG(s) 'example_subdag_operator.section-1', 'example_subdag_operator.section-2', 'example_subdag_operator' retrieved from /home/airflow/.local/lib/python3.8/site-packages/airflow/example_dags/example_subdag_operator.py
[2025-04-13T14:56:06.727+0000] {logging_mixin.py:188} INFO - [2025-04-13T14:56:06.727+0000] {dag.py:3036} INFO - Sync 3 DAGs
[2025-04-13T14:56:06.833+0000] {logging_mixin.py:188} INFO - [2025-04-13T14:56:06.832+0000] {dag.py:3823} INFO - Setting next_dagrun for example_subdag_operator to 2022-01-01 00:00:00+00:00, run_after=2022-01-01 00:00:00+00:00
[2025-04-13T14:56:06.848+0000] {logging_mixin.py:188} INFO - [2025-04-13T14:56:06.848+0000] {dag.py:3823} INFO - Setting next_dagrun for example_subdag_operator.section-1 to None, run_after=None
[2025-04-13T14:56:06.860+0000] {logging_mixin.py:188} INFO - [2025-04-13T14:56:06.860+0000] {dag.py:3823} INFO - Setting next_dagrun for example_subdag_operator.section-2 to None, run_after=None
[2025-04-13T14:56:06.892+0000] {logging_mixin.py:188} INFO - [2025-04-13T14:56:06.892+0000] {dag.py:3036} INFO - Sync 2 DAGs
[2025-04-13T14:56:06.920+0000] {logging_mixin.py:188} INFO - [2025-04-13T14:56:06.912+0000] {dag.py:3823} INFO - Setting next_dagrun for example_subdag_operator.section-1 to None, run_after=None
[2025-04-13T14:56:06.935+0000] {logging_mixin.py:188} INFO - [2025-04-13T14:56:06.935+0000] {dag.py:3823} INFO - Setting next_dagrun for example_subdag_operator.section-2 to None, run_after=None
[2025-04-13T14:56:06.984+0000] {processor.py:183} INFO - Processing /home/airflow/.local/lib/python3.8/site-packages/airflow/example_dags/example_subdag_operator.py took 0.396 seconds
[2025-04-13T14:56:43.881+0000] {processor.py:161} INFO - Started process (PID=204) to work on /home/airflow/.local/lib/python3.8/site-packages/airflow/example_dags/example_subdag_operator.py
[2025-04-13T14:56:43.883+0000] {processor.py:830} INFO - Processing file /home/airflow/.local/lib/python3.8/site-packages/airflow/example_dags/example_subdag_operator.py for tasks to queue
[2025-04-13T14:56:43.887+0000] {logging_mixin.py:188} INFO - [2025-04-13T14:56:43.886+0000] {dagbag.py:538} INFO - Filling up the DagBag from /home/airflow/.local/lib/python3.8/site-packages/airflow/example_dags/example_subdag_operator.py
[2025-04-13T14:56:43.958+0000] {processor.py:840} INFO - DAG(s) 'example_subdag_operator.section-1', 'example_subdag_operator.section-2', 'example_subdag_operator' retrieved from /home/airflow/.local/lib/python3.8/site-packages/airflow/example_dags/example_subdag_operator.py
[2025-04-13T14:56:43.994+0000] {logging_mixin.py:188} INFO - [2025-04-13T14:56:43.993+0000] {dag.py:3036} INFO - Sync 3 DAGs
[2025-04-13T14:56:44.036+0000] {logging_mixin.py:188} INFO - [2025-04-13T14:56:44.035+0000] {dag.py:3823} INFO - Setting next_dagrun for example_subdag_operator to 2022-01-01 00:00:00+00:00, run_after=2022-01-01 00:00:00+00:00
[2025-04-13T14:56:44.043+0000] {logging_mixin.py:188} INFO - [2025-04-13T14:56:44.042+0000] {dag.py:3823} INFO - Setting next_dagrun for example_subdag_operator.section-1 to None, run_after=None
[2025-04-13T14:56:44.048+0000] {logging_mixin.py:188} INFO - [2025-04-13T14:56:44.047+0000] {dag.py:3823} INFO - Setting next_dagrun for example_subdag_operator.section-2 to None, run_after=None
[2025-04-13T14:56:44.061+0000] {logging_mixin.py:188} INFO - [2025-04-13T14:56:44.061+0000] {dag.py:3036} INFO - Sync 2 DAGs
[2025-04-13T14:56:44.070+0000] {logging_mixin.py:188} INFO - [2025-04-13T14:56:44.070+0000] {dag.py:3823} INFO - Setting next_dagrun for example_subdag_operator.section-1 to None, run_after=None
[2025-04-13T14:56:44.071+0000] {logging_mixin.py:188} INFO - [2025-04-13T14:56:44.071+0000] {dag.py:3823} INFO - Setting next_dagrun for example_subdag_operator.section-2 to None, run_after=None
[2025-04-13T14:56:44.086+0000] {processor.py:183} INFO - Processing /home/airflow/.local/lib/python3.8/site-packages/airflow/example_dags/example_subdag_operator.py took 0.211 seconds
[2025-04-13T14:57:14.341+0000] {processor.py:161} INFO - Started process (PID=259) to work on /home/airflow/.local/lib/python3.8/site-packages/airflow/example_dags/example_subdag_operator.py
[2025-04-13T14:57:14.342+0000] {processor.py:830} INFO - Processing file /home/airflow/.local/lib/python3.8/site-packages/airflow/example_dags/example_subdag_operator.py for tasks to queue
[2025-04-13T14:57:14.345+0000] {logging_mixin.py:188} INFO - [2025-04-13T14:57:14.344+0000] {dagbag.py:538} INFO - Filling up the DagBag from /home/airflow/.local/lib/python3.8/site-packages/airflow/example_dags/example_subdag_operator.py
[2025-04-13T14:57:14.381+0000] {processor.py:840} INFO - DAG(s) 'example_subdag_operator.section-1', 'example_subdag_operator.section-2', 'example_subdag_operator' retrieved from /home/airflow/.local/lib/python3.8/site-packages/airflow/example_dags/example_subdag_operator.py
[2025-04-13T14:57:14.389+0000] {logging_mixin.py:188} INFO - [2025-04-13T14:57:14.389+0000] {dag.py:3036} INFO - Sync 3 DAGs
[2025-04-13T14:57:14.430+0000] {logging_mixin.py:188} INFO - [2025-04-13T14:57:14.429+0000] {dag.py:3823} INFO - Setting next_dagrun for example_subdag_operator to 2022-01-01 00:00:00+00:00, run_after=2022-01-01 00:00:00+00:00
[2025-04-13T14:57:14.436+0000] {logging_mixin.py:188} INFO - [2025-04-13T14:57:14.436+0000] {dag.py:3823} INFO - Setting next_dagrun for example_subdag_operator.section-1 to None, run_after=None
[2025-04-13T14:57:14.439+0000] {logging_mixin.py:188} INFO - [2025-04-13T14:57:14.438+0000] {dag.py:3823} INFO - Setting next_dagrun for example_subdag_operator.section-2 to None, run_after=None
[2025-04-13T14:57:14.451+0000] {logging_mixin.py:188} INFO - [2025-04-13T14:57:14.451+0000] {dag.py:3036} INFO - Sync 2 DAGs
[2025-04-13T14:57:14.460+0000] {logging_mixin.py:188} INFO - [2025-04-13T14:57:14.459+0000] {dag.py:3823} INFO - Setting next_dagrun for example_subdag_operator.section-1 to None, run_after=None
[2025-04-13T14:57:14.461+0000] {logging_mixin.py:188} INFO - [2025-04-13T14:57:14.460+0000] {dag.py:3823} INFO - Setting next_dagrun for example_subdag_operator.section-2 to None, run_after=None
[2025-04-13T14:57:14.483+0000] {processor.py:183} INFO - Processing /home/airflow/.local/lib/python3.8/site-packages/airflow/example_dags/example_subdag_operator.py took 0.147 seconds
[2025-04-13T14:57:45.561+0000] {processor.py:161} INFO - Started process (PID=314) to work on /home/airflow/.local/lib/python3.8/site-packages/airflow/example_dags/example_subdag_operator.py
[2025-04-13T14:57:45.562+0000] {processor.py:830} INFO - Processing file /home/airflow/.local/lib/python3.8/site-packages/airflow/example_dags/example_subdag_operator.py for tasks to queue
[2025-04-13T14:57:45.564+0000] {logging_mixin.py:188} INFO - [2025-04-13T14:57:45.564+0000] {dagbag.py:538} INFO - Filling up the DagBag from /home/airflow/.local/lib/python3.8/site-packages/airflow/example_dags/example_subdag_operator.py
[2025-04-13T14:57:45.595+0000] {processor.py:840} INFO - DAG(s) 'example_subdag_operator.section-1', 'example_subdag_operator.section-2', 'example_subdag_operator' retrieved from /home/airflow/.local/lib/python3.8/site-packages/airflow/example_dags/example_subdag_operator.py
[2025-04-13T14:57:45.750+0000] {logging_mixin.py:188} INFO - [2025-04-13T14:57:45.749+0000] {dag.py:3036} INFO - Sync 3 DAGs
[2025-04-13T14:57:45.780+0000] {logging_mixin.py:188} INFO - [2025-04-13T14:57:45.780+0000] {dag.py:3823} INFO - Setting next_dagrun for example_subdag_operator to 2022-01-01 00:00:00+00:00, run_after=2022-01-01 00:00:00+00:00
[2025-04-13T14:57:45.785+0000] {logging_mixin.py:188} INFO - [2025-04-13T14:57:45.785+0000] {dag.py:3823} INFO - Setting next_dagrun for example_subdag_operator.section-1 to None, run_after=None
[2025-04-13T14:57:45.788+0000] {logging_mixin.py:188} INFO - [2025-04-13T14:57:45.788+0000] {dag.py:3823} INFO - Setting next_dagrun for example_subdag_operator.section-2 to None, run_after=None
[2025-04-13T14:57:45.800+0000] {logging_mixin.py:188} INFO - [2025-04-13T14:57:45.800+0000] {dag.py:3036} INFO - Sync 2 DAGs
[2025-04-13T14:57:45.809+0000] {logging_mixin.py:188} INFO - [2025-04-13T14:57:45.809+0000] {dag.py:3823} INFO - Setting next_dagrun for example_subdag_operator.section-1 to None, run_after=None
[2025-04-13T14:57:45.810+0000] {logging_mixin.py:188} INFO - [2025-04-13T14:57:45.810+0000] {dag.py:3823} INFO - Setting next_dagrun for example_subdag_operator.section-2 to None, run_after=None
[2025-04-13T14:57:45.826+0000] {processor.py:183} INFO - Processing /home/airflow/.local/lib/python3.8/site-packages/airflow/example_dags/example_subdag_operator.py took 0.268 seconds
[2025-04-13T14:58:15.995+0000] {processor.py:161} INFO - Started process (PID=369) to work on /home/airflow/.local/lib/python3.8/site-packages/airflow/example_dags/example_subdag_operator.py
[2025-04-13T14:58:15.997+0000] {processor.py:830} INFO - Processing file /home/airflow/.local/lib/python3.8/site-packages/airflow/example_dags/example_subdag_operator.py for tasks to queue
[2025-04-13T14:58:16.000+0000] {logging_mixin.py:188} INFO - [2025-04-13T14:58:16.000+0000] {dagbag.py:538} INFO - Filling up the DagBag from /home/airflow/.local/lib/python3.8/site-packages/airflow/example_dags/example_subdag_operator.py
[2025-04-13T14:58:16.065+0000] {processor.py:840} INFO - DAG(s) 'example_subdag_operator.section-1', 'example_subdag_operator.section-2', 'example_subdag_operator' retrieved from /home/airflow/.local/lib/python3.8/site-packages/airflow/example_dags/example_subdag_operator.py
[2025-04-13T14:58:16.096+0000] {logging_mixin.py:188} INFO - [2025-04-13T14:58:16.096+0000] {dag.py:3036} INFO - Sync 3 DAGs
[2025-04-13T14:58:16.136+0000] {logging_mixin.py:188} INFO - [2025-04-13T14:58:16.135+0000] {dag.py:3823} INFO - Setting next_dagrun for example_subdag_operator to 2022-01-01 00:00:00+00:00, run_after=2022-01-01 00:00:00+00:00
[2025-04-13T14:58:16.141+0000] {logging_mixin.py:188} INFO - [2025-04-13T14:58:16.141+0000] {dag.py:3823} INFO - Setting next_dagrun for example_subdag_operator.section-1 to None, run_after=None
[2025-04-13T14:58:16.143+0000] {logging_mixin.py:188} INFO - [2025-04-13T14:58:16.143+0000] {dag.py:3823} INFO - Setting next_dagrun for example_subdag_operator.section-2 to None, run_after=None
[2025-04-13T14:58:16.153+0000] {logging_mixin.py:188} INFO - [2025-04-13T14:58:16.153+0000] {dag.py:3036} INFO - Sync 2 DAGs
[2025-04-13T14:58:16.158+0000] {logging_mixin.py:188} INFO - [2025-04-13T14:58:16.158+0000] {dag.py:3823} INFO - Setting next_dagrun for example_subdag_operator.section-1 to None, run_after=None
[2025-04-13T14:58:16.159+0000] {logging_mixin.py:188} INFO - [2025-04-13T14:58:16.159+0000] {dag.py:3823} INFO - Setting next_dagrun for example_subdag_operator.section-2 to None, run_after=None
[2025-04-13T14:58:16.171+0000] {processor.py:183} INFO - Processing /home/airflow/.local/lib/python3.8/site-packages/airflow/example_dags/example_subdag_operator.py took 0.181 seconds
[2025-04-13T14:58:49.530+0000] {processor.py:161} INFO - Started process (PID=424) to work on /home/airflow/.local/lib/python3.8/site-packages/airflow/example_dags/example_subdag_operator.py
[2025-04-13T14:58:49.539+0000] {processor.py:830} INFO - Processing file /home/airflow/.local/lib/python3.8/site-packages/airflow/example_dags/example_subdag_operator.py for tasks to queue
[2025-04-13T14:58:49.550+0000] {logging_mixin.py:188} INFO - [2025-04-13T14:58:49.550+0000] {dagbag.py:538} INFO - Filling up the DagBag from /home/airflow/.local/lib/python3.8/site-packages/airflow/example_dags/example_subdag_operator.py
[2025-04-13T14:58:49.631+0000] {processor.py:840} INFO - DAG(s) 'example_subdag_operator.section-1', 'example_subdag_operator.section-2', 'example_subdag_operator' retrieved from /home/airflow/.local/lib/python3.8/site-packages/airflow/example_dags/example_subdag_operator.py
[2025-04-13T14:58:49.693+0000] {logging_mixin.py:188} INFO - [2025-04-13T14:58:49.693+0000] {dag.py:3036} INFO - Sync 3 DAGs
[2025-04-13T14:58:49.784+0000] {logging_mixin.py:188} INFO - [2025-04-13T14:58:49.783+0000] {dag.py:3823} INFO - Setting next_dagrun for example_subdag_operator to 2022-01-01 00:00:00+00:00, run_after=2022-01-01 00:00:00+00:00
[2025-04-13T14:58:49.822+0000] {logging_mixin.py:188} INFO - [2025-04-13T14:58:49.813+0000] {dag.py:3823} INFO - Setting next_dagrun for example_subdag_operator.section-1 to None, run_after=None
[2025-04-13T14:58:49.829+0000] {logging_mixin.py:188} INFO - [2025-04-13T14:58:49.828+0000] {dag.py:3823} INFO - Setting next_dagrun for example_subdag_operator.section-2 to None, run_after=None
[2025-04-13T14:58:49.855+0000] {logging_mixin.py:188} INFO - [2025-04-13T14:58:49.854+0000] {dag.py:3036} INFO - Sync 2 DAGs
[2025-04-13T14:58:49.892+0000] {logging_mixin.py:188} INFO - [2025-04-13T14:58:49.892+0000] {dag.py:3823} INFO - Setting next_dagrun for example_subdag_operator.section-1 to None, run_after=None
[2025-04-13T14:58:49.904+0000] {logging_mixin.py:188} INFO - [2025-04-13T14:58:49.904+0000] {dag.py:3823} INFO - Setting next_dagrun for example_subdag_operator.section-2 to None, run_after=None
[2025-04-13T14:58:49.944+0000] {processor.py:183} INFO - Processing /home/airflow/.local/lib/python3.8/site-packages/airflow/example_dags/example_subdag_operator.py took 0.419 seconds
[2025-04-13T14:59:22.961+0000] {processor.py:161} INFO - Started process (PID=479) to work on /home/airflow/.local/lib/python3.8/site-packages/airflow/example_dags/example_subdag_operator.py
[2025-04-13T14:59:22.969+0000] {processor.py:830} INFO - Processing file /home/airflow/.local/lib/python3.8/site-packages/airflow/example_dags/example_subdag_operator.py for tasks to queue
[2025-04-13T14:59:22.975+0000] {logging_mixin.py:188} INFO - [2025-04-13T14:59:22.974+0000] {dagbag.py:538} INFO - Filling up the DagBag from /home/airflow/.local/lib/python3.8/site-packages/airflow/example_dags/example_subdag_operator.py
[2025-04-13T14:59:23.090+0000] {processor.py:840} INFO - DAG(s) 'example_subdag_operator.section-1', 'example_subdag_operator.section-2', 'example_subdag_operator' retrieved from /home/airflow/.local/lib/python3.8/site-packages/airflow/example_dags/example_subdag_operator.py
[2025-04-13T14:59:23.170+0000] {logging_mixin.py:188} INFO - [2025-04-13T14:59:23.170+0000] {dag.py:3036} INFO - Sync 3 DAGs
[2025-04-13T14:59:23.269+0000] {logging_mixin.py:188} INFO - [2025-04-13T14:59:23.268+0000] {dag.py:3823} INFO - Setting next_dagrun for example_subdag_operator to 2022-01-01 00:00:00+00:00, run_after=2022-01-01 00:00:00+00:00
[2025-04-13T14:59:23.284+0000] {logging_mixin.py:188} INFO - [2025-04-13T14:59:23.284+0000] {dag.py:3823} INFO - Setting next_dagrun for example_subdag_operator.section-1 to None, run_after=None
[2025-04-13T14:59:23.326+0000] {logging_mixin.py:188} INFO - [2025-04-13T14:59:23.326+0000] {dag.py:3823} INFO - Setting next_dagrun for example_subdag_operator.section-2 to None, run_after=None
[2025-04-13T14:59:23.344+0000] {logging_mixin.py:188} INFO - [2025-04-13T14:59:23.340+0000] {dag.py:3036} INFO - Sync 2 DAGs
[2025-04-13T14:59:23.372+0000] {logging_mixin.py:188} INFO - [2025-04-13T14:59:23.371+0000] {dag.py:3823} INFO - Setting next_dagrun for example_subdag_operator.section-1 to None, run_after=None
[2025-04-13T14:59:23.373+0000] {logging_mixin.py:188} INFO - [2025-04-13T14:59:23.373+0000] {dag.py:3823} INFO - Setting next_dagrun for example_subdag_operator.section-2 to None, run_after=None
[2025-04-13T14:59:23.430+0000] {processor.py:183} INFO - Processing /home/airflow/.local/lib/python3.8/site-packages/airflow/example_dags/example_subdag_operator.py took 0.477 seconds
[2025-04-13T14:59:53.781+0000] {processor.py:161} INFO - Started process (PID=534) to work on /home/airflow/.local/lib/python3.8/site-packages/airflow/example_dags/example_subdag_operator.py
[2025-04-13T14:59:53.782+0000] {processor.py:830} INFO - Processing file /home/airflow/.local/lib/python3.8/site-packages/airflow/example_dags/example_subdag_operator.py for tasks to queue
[2025-04-13T14:59:53.784+0000] {logging_mixin.py:188} INFO - [2025-04-13T14:59:53.784+0000] {dagbag.py:538} INFO - Filling up the DagBag from /home/airflow/.local/lib/python3.8/site-packages/airflow/example_dags/example_subdag_operator.py
[2025-04-13T14:59:53.818+0000] {processor.py:840} INFO - DAG(s) 'example_subdag_operator.section-1', 'example_subdag_operator.section-2', 'example_subdag_operator' retrieved from /home/airflow/.local/lib/python3.8/site-packages/airflow/example_dags/example_subdag_operator.py
[2025-04-13T14:59:53.842+0000] {logging_mixin.py:188} INFO - [2025-04-13T14:59:53.842+0000] {dag.py:3036} INFO - Sync 3 DAGs
[2025-04-13T14:59:53.875+0000] {logging_mixin.py:188} INFO - [2025-04-13T14:59:53.875+0000] {dag.py:3823} INFO - Setting next_dagrun for example_subdag_operator to 2022-01-01 00:00:00+00:00, run_after=2022-01-01 00:00:00+00:00
[2025-04-13T14:59:53.883+0000] {logging_mixin.py:188} INFO - [2025-04-13T14:59:53.882+0000] {dag.py:3823} INFO - Setting next_dagrun for example_subdag_operator.section-1 to None, run_after=None
[2025-04-13T14:59:53.884+0000] {logging_mixin.py:188} INFO - [2025-04-13T14:59:53.884+0000] {dag.py:3823} INFO - Setting next_dagrun for example_subdag_operator.section-2 to None, run_after=None
[2025-04-13T14:59:53.894+0000] {logging_mixin.py:188} INFO - [2025-04-13T14:59:53.894+0000] {dag.py:3036} INFO - Sync 2 DAGs
[2025-04-13T14:59:53.902+0000] {logging_mixin.py:188} INFO - [2025-04-13T14:59:53.902+0000] {dag.py:3823} INFO - Setting next_dagrun for example_subdag_operator.section-1 to None, run_after=None
[2025-04-13T14:59:53.903+0000] {logging_mixin.py:188} INFO - [2025-04-13T14:59:53.902+0000] {dag.py:3823} INFO - Setting next_dagrun for example_subdag_operator.section-2 to None, run_after=None
[2025-04-13T14:59:53.918+0000] {processor.py:183} INFO - Processing /home/airflow/.local/lib/python3.8/site-packages/airflow/example_dags/example_subdag_operator.py took 0.141 seconds
[2025-04-13T15:00:29.446+0000] {processor.py:161} INFO - Started process (PID=590) to work on /home/airflow/.local/lib/python3.8/site-packages/airflow/example_dags/example_subdag_operator.py
[2025-04-13T15:00:29.449+0000] {processor.py:830} INFO - Processing file /home/airflow/.local/lib/python3.8/site-packages/airflow/example_dags/example_subdag_operator.py for tasks to queue
[2025-04-13T15:00:29.457+0000] {logging_mixin.py:188} INFO - [2025-04-13T15:00:29.457+0000] {dagbag.py:538} INFO - Filling up the DagBag from /home/airflow/.local/lib/python3.8/site-packages/airflow/example_dags/example_subdag_operator.py
[2025-04-13T15:00:29.526+0000] {processor.py:840} INFO - DAG(s) 'example_subdag_operator.section-1', 'example_subdag_operator.section-2', 'example_subdag_operator' retrieved from /home/airflow/.local/lib/python3.8/site-packages/airflow/example_dags/example_subdag_operator.py
[2025-04-13T15:00:29.555+0000] {logging_mixin.py:188} INFO - [2025-04-13T15:00:29.554+0000] {dag.py:3036} INFO - Sync 3 DAGs
[2025-04-13T15:00:29.599+0000] {logging_mixin.py:188} INFO - [2025-04-13T15:00:29.599+0000] {dag.py:3823} INFO - Setting next_dagrun for example_subdag_operator to 2022-01-01 00:00:00+00:00, run_after=2022-01-01 00:00:00+00:00
[2025-04-13T15:00:29.609+0000] {logging_mixin.py:188} INFO - [2025-04-13T15:00:29.608+0000] {dag.py:3823} INFO - Setting next_dagrun for example_subdag_operator.section-1 to None, run_after=None
[2025-04-13T15:00:29.612+0000] {logging_mixin.py:188} INFO - [2025-04-13T15:00:29.611+0000] {dag.py:3823} INFO - Setting next_dagrun for example_subdag_operator.section-2 to None, run_after=None
[2025-04-13T15:00:29.629+0000] {logging_mixin.py:188} INFO - [2025-04-13T15:00:29.629+0000] {dag.py:3036} INFO - Sync 2 DAGs
[2025-04-13T15:00:29.642+0000] {logging_mixin.py:188} INFO - [2025-04-13T15:00:29.641+0000] {dag.py:3823} INFO - Setting next_dagrun for example_subdag_operator.section-1 to None, run_after=None
[2025-04-13T15:00:29.643+0000] {logging_mixin.py:188} INFO - [2025-04-13T15:00:29.643+0000] {dag.py:3823} INFO - Setting next_dagrun for example_subdag_operator.section-2 to None, run_after=None
[2025-04-13T15:00:29.662+0000] {processor.py:183} INFO - Processing /home/airflow/.local/lib/python3.8/site-packages/airflow/example_dags/example_subdag_operator.py took 0.221 seconds
[2025-04-13T15:01:00.854+0000] {processor.py:161} INFO - Started process (PID=645) to work on /home/airflow/.local/lib/python3.8/site-packages/airflow/example_dags/example_subdag_operator.py
[2025-04-13T15:01:00.860+0000] {processor.py:830} INFO - Processing file /home/airflow/.local/lib/python3.8/site-packages/airflow/example_dags/example_subdag_operator.py for tasks to queue
[2025-04-13T15:01:00.863+0000] {logging_mixin.py:188} INFO - [2025-04-13T15:01:00.863+0000] {dagbag.py:538} INFO - Filling up the DagBag from /home/airflow/.local/lib/python3.8/site-packages/airflow/example_dags/example_subdag_operator.py
[2025-04-13T15:01:00.934+0000] {processor.py:840} INFO - DAG(s) 'example_subdag_operator.section-1', 'example_subdag_operator.section-2', 'example_subdag_operator' retrieved from /home/airflow/.local/lib/python3.8/site-packages/airflow/example_dags/example_subdag_operator.py
[2025-04-13T15:01:00.992+0000] {logging_mixin.py:188} INFO - [2025-04-13T15:01:00.992+0000] {dag.py:3036} INFO - Sync 3 DAGs
[2025-04-13T15:01:01.051+0000] {logging_mixin.py:188} INFO - [2025-04-13T15:01:01.050+0000] {dag.py:3823} INFO - Setting next_dagrun for example_subdag_operator to 2022-01-01 00:00:00+00:00, run_after=2022-01-01 00:00:00+00:00
[2025-04-13T15:01:01.064+0000] {logging_mixin.py:188} INFO - [2025-04-13T15:01:01.064+0000] {dag.py:3823} INFO - Setting next_dagrun for example_subdag_operator.section-1 to None, run_after=None
[2025-04-13T15:01:01.075+0000] {logging_mixin.py:188} INFO - [2025-04-13T15:01:01.075+0000] {dag.py:3823} INFO - Setting next_dagrun for example_subdag_operator.section-2 to None, run_after=None
[2025-04-13T15:01:01.098+0000] {logging_mixin.py:188} INFO - [2025-04-13T15:01:01.098+0000] {dag.py:3036} INFO - Sync 2 DAGs
[2025-04-13T15:01:01.107+0000] {logging_mixin.py:188} INFO - [2025-04-13T15:01:01.106+0000] {dag.py:3823} INFO - Setting next_dagrun for example_subdag_operator.section-1 to None, run_after=None
[2025-04-13T15:01:01.109+0000] {logging_mixin.py:188} INFO - [2025-04-13T15:01:01.108+0000] {dag.py:3823} INFO - Setting next_dagrun for example_subdag_operator.section-2 to None, run_after=None
[2025-04-13T15:01:01.136+0000] {processor.py:183} INFO - Processing /home/airflow/.local/lib/python3.8/site-packages/airflow/example_dags/example_subdag_operator.py took 0.286 seconds
[2025-04-13T15:01:31.608+0000] {processor.py:161} INFO - Started process (PID=701) to work on /home/airflow/.local/lib/python3.8/site-packages/airflow/example_dags/example_subdag_operator.py
[2025-04-13T15:01:31.615+0000] {processor.py:830} INFO - Processing file /home/airflow/.local/lib/python3.8/site-packages/airflow/example_dags/example_subdag_operator.py for tasks to queue
[2025-04-13T15:01:31.623+0000] {logging_mixin.py:188} INFO - [2025-04-13T15:01:31.622+0000] {dagbag.py:538} INFO - Filling up the DagBag from /home/airflow/.local/lib/python3.8/site-packages/airflow/example_dags/example_subdag_operator.py
[2025-04-13T15:01:31.728+0000] {processor.py:840} INFO - DAG(s) 'example_subdag_operator.section-1', 'example_subdag_operator.section-2', 'example_subdag_operator' retrieved from /home/airflow/.local/lib/python3.8/site-packages/airflow/example_dags/example_subdag_operator.py
[2025-04-13T15:01:31.782+0000] {logging_mixin.py:188} INFO - [2025-04-13T15:01:31.781+0000] {dag.py:3036} INFO - Sync 3 DAGs
[2025-04-13T15:01:31.828+0000] {logging_mixin.py:188} INFO - [2025-04-13T15:01:31.828+0000] {dag.py:3823} INFO - Setting next_dagrun for example_subdag_operator to 2022-01-01 00:00:00+00:00, run_after=2022-01-01 00:00:00+00:00
[2025-04-13T15:01:31.839+0000] {logging_mixin.py:188} INFO - [2025-04-13T15:01:31.838+0000] {dag.py:3823} INFO - Setting next_dagrun for example_subdag_operator.section-1 to None, run_after=None
[2025-04-13T15:01:31.846+0000] {logging_mixin.py:188} INFO - [2025-04-13T15:01:31.846+0000] {dag.py:3823} INFO - Setting next_dagrun for example_subdag_operator.section-2 to None, run_after=None
[2025-04-13T15:01:31.859+0000] {logging_mixin.py:188} INFO - [2025-04-13T15:01:31.858+0000] {dag.py:3036} INFO - Sync 2 DAGs
[2025-04-13T15:01:31.868+0000] {logging_mixin.py:188} INFO - [2025-04-13T15:01:31.867+0000] {dag.py:3823} INFO - Setting next_dagrun for example_subdag_operator.section-1 to None, run_after=None
[2025-04-13T15:01:31.868+0000] {logging_mixin.py:188} INFO - [2025-04-13T15:01:31.868+0000] {dag.py:3823} INFO - Setting next_dagrun for example_subdag_operator.section-2 to None, run_after=None
[2025-04-13T15:01:31.887+0000] {processor.py:183} INFO - Processing /home/airflow/.local/lib/python3.8/site-packages/airflow/example_dags/example_subdag_operator.py took 0.285 seconds
[2025-04-13T15:02:04.619+0000] {processor.py:161} INFO - Started process (PID=759) to work on /home/airflow/.local/lib/python3.8/site-packages/airflow/example_dags/example_subdag_operator.py
[2025-04-13T15:02:04.620+0000] {processor.py:830} INFO - Processing file /home/airflow/.local/lib/python3.8/site-packages/airflow/example_dags/example_subdag_operator.py for tasks to queue
[2025-04-13T15:02:04.623+0000] {logging_mixin.py:188} INFO - [2025-04-13T15:02:04.623+0000] {dagbag.py:538} INFO - Filling up the DagBag from /home/airflow/.local/lib/python3.8/site-packages/airflow/example_dags/example_subdag_operator.py
[2025-04-13T15:02:04.671+0000] {processor.py:840} INFO - DAG(s) 'example_subdag_operator.section-1', 'example_subdag_operator.section-2', 'example_subdag_operator' retrieved from /home/airflow/.local/lib/python3.8/site-packages/airflow/example_dags/example_subdag_operator.py
[2025-04-13T15:02:04.711+0000] {logging_mixin.py:188} INFO - [2025-04-13T15:02:04.711+0000] {dag.py:3036} INFO - Sync 3 DAGs
[2025-04-13T15:02:04.751+0000] {logging_mixin.py:188} INFO - [2025-04-13T15:02:04.750+0000] {dag.py:3823} INFO - Setting next_dagrun for example_subdag_operator to 2022-01-01 00:00:00+00:00, run_after=2022-01-01 00:00:00+00:00
[2025-04-13T15:02:04.761+0000] {logging_mixin.py:188} INFO - [2025-04-13T15:02:04.760+0000] {dag.py:3823} INFO - Setting next_dagrun for example_subdag_operator.section-1 to None, run_after=None
[2025-04-13T15:02:04.763+0000] {logging_mixin.py:188} INFO - [2025-04-13T15:02:04.762+0000] {dag.py:3823} INFO - Setting next_dagrun for example_subdag_operator.section-2 to None, run_after=None
[2025-04-13T15:02:04.777+0000] {logging_mixin.py:188} INFO - [2025-04-13T15:02:04.776+0000] {dag.py:3036} INFO - Sync 2 DAGs
[2025-04-13T15:02:04.786+0000] {logging_mixin.py:188} INFO - [2025-04-13T15:02:04.786+0000] {dag.py:3823} INFO - Setting next_dagrun for example_subdag_operator.section-1 to None, run_after=None
[2025-04-13T15:02:04.787+0000] {logging_mixin.py:188} INFO - [2025-04-13T15:02:04.787+0000] {dag.py:3823} INFO - Setting next_dagrun for example_subdag_operator.section-2 to None, run_after=None
[2025-04-13T15:02:04.807+0000] {processor.py:183} INFO - Processing /home/airflow/.local/lib/python3.8/site-packages/airflow/example_dags/example_subdag_operator.py took 0.194 seconds
[2025-04-13T15:02:35.978+0000] {processor.py:161} INFO - Started process (PID=815) to work on /home/airflow/.local/lib/python3.8/site-packages/airflow/example_dags/example_subdag_operator.py
[2025-04-13T15:02:35.979+0000] {processor.py:830} INFO - Processing file /home/airflow/.local/lib/python3.8/site-packages/airflow/example_dags/example_subdag_operator.py for tasks to queue
[2025-04-13T15:02:35.981+0000] {logging_mixin.py:188} INFO - [2025-04-13T15:02:35.981+0000] {dagbag.py:538} INFO - Filling up the DagBag from /home/airflow/.local/lib/python3.8/site-packages/airflow/example_dags/example_subdag_operator.py
[2025-04-13T15:02:36.010+0000] {processor.py:840} INFO - DAG(s) 'example_subdag_operator.section-1', 'example_subdag_operator.section-2', 'example_subdag_operator' retrieved from /home/airflow/.local/lib/python3.8/site-packages/airflow/example_dags/example_subdag_operator.py
[2025-04-13T15:02:36.031+0000] {logging_mixin.py:188} INFO - [2025-04-13T15:02:36.030+0000] {dag.py:3036} INFO - Sync 3 DAGs
[2025-04-13T15:02:36.056+0000] {logging_mixin.py:188} INFO - [2025-04-13T15:02:36.055+0000] {dag.py:3823} INFO - Setting next_dagrun for example_subdag_operator to 2022-01-01 00:00:00+00:00, run_after=2022-01-01 00:00:00+00:00
[2025-04-13T15:02:36.060+0000] {logging_mixin.py:188} INFO - [2025-04-13T15:02:36.060+0000] {dag.py:3823} INFO - Setting next_dagrun for example_subdag_operator.section-1 to None, run_after=None
[2025-04-13T15:02:36.062+0000] {logging_mixin.py:188} INFO - [2025-04-13T15:02:36.062+0000] {dag.py:3823} INFO - Setting next_dagrun for example_subdag_operator.section-2 to None, run_after=None
[2025-04-13T15:02:36.070+0000] {logging_mixin.py:188} INFO - [2025-04-13T15:02:36.070+0000] {dag.py:3036} INFO - Sync 2 DAGs
[2025-04-13T15:02:36.077+0000] {logging_mixin.py:188} INFO - [2025-04-13T15:02:36.076+0000] {dag.py:3823} INFO - Setting next_dagrun for example_subdag_operator.section-1 to None, run_after=None
[2025-04-13T15:02:36.078+0000] {logging_mixin.py:188} INFO - [2025-04-13T15:02:36.077+0000] {dag.py:3823} INFO - Setting next_dagrun for example_subdag_operator.section-2 to None, run_after=None
[2025-04-13T15:02:36.092+0000] {processor.py:183} INFO - Processing /home/airflow/.local/lib/python3.8/site-packages/airflow/example_dags/example_subdag_operator.py took 0.119 seconds
[2025-04-13T15:03:09.141+0000] {processor.py:161} INFO - Started process (PID=870) to work on /home/airflow/.local/lib/python3.8/site-packages/airflow/example_dags/example_subdag_operator.py
[2025-04-13T15:03:09.143+0000] {processor.py:830} INFO - Processing file /home/airflow/.local/lib/python3.8/site-packages/airflow/example_dags/example_subdag_operator.py for tasks to queue
[2025-04-13T15:03:09.145+0000] {logging_mixin.py:188} INFO - [2025-04-13T15:03:09.144+0000] {dagbag.py:538} INFO - Filling up the DagBag from /home/airflow/.local/lib/python3.8/site-packages/airflow/example_dags/example_subdag_operator.py
[2025-04-13T15:03:09.180+0000] {processor.py:840} INFO - DAG(s) 'example_subdag_operator.section-1', 'example_subdag_operator.section-2', 'example_subdag_operator' retrieved from /home/airflow/.local/lib/python3.8/site-packages/airflow/example_dags/example_subdag_operator.py
[2025-04-13T15:03:09.209+0000] {logging_mixin.py:188} INFO - [2025-04-13T15:03:09.209+0000] {dag.py:3036} INFO - Sync 3 DAGs
[2025-04-13T15:03:09.238+0000] {logging_mixin.py:188} INFO - [2025-04-13T15:03:09.238+0000] {dag.py:3823} INFO - Setting next_dagrun for example_subdag_operator to 2022-01-01 00:00:00+00:00, run_after=2022-01-01 00:00:00+00:00
[2025-04-13T15:03:09.243+0000] {logging_mixin.py:188} INFO - [2025-04-13T15:03:09.243+0000] {dag.py:3823} INFO - Setting next_dagrun for example_subdag_operator.section-1 to None, run_after=None
[2025-04-13T15:03:09.245+0000] {logging_mixin.py:188} INFO - [2025-04-13T15:03:09.244+0000] {dag.py:3823} INFO - Setting next_dagrun for example_subdag_operator.section-2 to None, run_after=None
[2025-04-13T15:03:09.254+0000] {logging_mixin.py:188} INFO - [2025-04-13T15:03:09.253+0000] {dag.py:3036} INFO - Sync 2 DAGs
[2025-04-13T15:03:09.259+0000] {logging_mixin.py:188} INFO - [2025-04-13T15:03:09.259+0000] {dag.py:3823} INFO - Setting next_dagrun for example_subdag_operator.section-1 to None, run_after=None
[2025-04-13T15:03:09.260+0000] {logging_mixin.py:188} INFO - [2025-04-13T15:03:09.260+0000] {dag.py:3823} INFO - Setting next_dagrun for example_subdag_operator.section-2 to None, run_after=None
[2025-04-13T15:03:09.274+0000] {processor.py:183} INFO - Processing /home/airflow/.local/lib/python3.8/site-packages/airflow/example_dags/example_subdag_operator.py took 0.137 seconds
[2025-04-13T15:03:41.529+0000] {processor.py:161} INFO - Started process (PID=925) to work on /home/airflow/.local/lib/python3.8/site-packages/airflow/example_dags/example_subdag_operator.py
[2025-04-13T15:03:41.531+0000] {processor.py:830} INFO - Processing file /home/airflow/.local/lib/python3.8/site-packages/airflow/example_dags/example_subdag_operator.py for tasks to queue
[2025-04-13T15:03:41.533+0000] {logging_mixin.py:188} INFO - [2025-04-13T15:03:41.532+0000] {dagbag.py:538} INFO - Filling up the DagBag from /home/airflow/.local/lib/python3.8/site-packages/airflow/example_dags/example_subdag_operator.py
[2025-04-13T15:03:41.560+0000] {processor.py:840} INFO - DAG(s) 'example_subdag_operator.section-1', 'example_subdag_operator.section-2', 'example_subdag_operator' retrieved from /home/airflow/.local/lib/python3.8/site-packages/airflow/example_dags/example_subdag_operator.py
[2025-04-13T15:03:41.580+0000] {logging_mixin.py:188} INFO - [2025-04-13T15:03:41.580+0000] {dag.py:3036} INFO - Sync 3 DAGs
[2025-04-13T15:03:41.611+0000] {logging_mixin.py:188} INFO - [2025-04-13T15:03:41.611+0000] {dag.py:3823} INFO - Setting next_dagrun for example_subdag_operator to 2022-01-01 00:00:00+00:00, run_after=2022-01-01 00:00:00+00:00
[2025-04-13T15:03:41.618+0000] {logging_mixin.py:188} INFO - [2025-04-13T15:03:41.618+0000] {dag.py:3823} INFO - Setting next_dagrun for example_subdag_operator.section-1 to None, run_after=None
[2025-04-13T15:03:41.621+0000] {logging_mixin.py:188} INFO - [2025-04-13T15:03:41.621+0000] {dag.py:3823} INFO - Setting next_dagrun for example_subdag_operator.section-2 to None, run_after=None
[2025-04-13T15:03:41.634+0000] {logging_mixin.py:188} INFO - [2025-04-13T15:03:41.633+0000] {dag.py:3036} INFO - Sync 2 DAGs
[2025-04-13T15:03:41.642+0000] {logging_mixin.py:188} INFO - [2025-04-13T15:03:41.642+0000] {dag.py:3823} INFO - Setting next_dagrun for example_subdag_operator.section-1 to None, run_after=None
[2025-04-13T15:03:41.643+0000] {logging_mixin.py:188} INFO - [2025-04-13T15:03:41.643+0000] {dag.py:3823} INFO - Setting next_dagrun for example_subdag_operator.section-2 to None, run_after=None
[2025-04-13T15:03:41.661+0000] {processor.py:183} INFO - Processing /home/airflow/.local/lib/python3.8/site-packages/airflow/example_dags/example_subdag_operator.py took 0.135 seconds
[2025-04-13T15:04:14.437+0000] {processor.py:161} INFO - Started process (PID=982) to work on /home/airflow/.local/lib/python3.8/site-packages/airflow/example_dags/example_subdag_operator.py
[2025-04-13T15:04:14.438+0000] {processor.py:830} INFO - Processing file /home/airflow/.local/lib/python3.8/site-packages/airflow/example_dags/example_subdag_operator.py for tasks to queue
[2025-04-13T15:04:14.441+0000] {logging_mixin.py:188} INFO - [2025-04-13T15:04:14.440+0000] {dagbag.py:538} INFO - Filling up the DagBag from /home/airflow/.local/lib/python3.8/site-packages/airflow/example_dags/example_subdag_operator.py
[2025-04-13T15:04:14.469+0000] {processor.py:840} INFO - DAG(s) 'example_subdag_operator.section-1', 'example_subdag_operator.section-2', 'example_subdag_operator' retrieved from /home/airflow/.local/lib/python3.8/site-packages/airflow/example_dags/example_subdag_operator.py
[2025-04-13T15:04:14.505+0000] {logging_mixin.py:188} INFO - [2025-04-13T15:04:14.504+0000] {dag.py:3036} INFO - Sync 3 DAGs
[2025-04-13T15:04:14.556+0000] {logging_mixin.py:188} INFO - [2025-04-13T15:04:14.556+0000] {dag.py:3823} INFO - Setting next_dagrun for example_subdag_operator to 2022-01-01 00:00:00+00:00, run_after=2022-01-01 00:00:00+00:00
[2025-04-13T15:04:14.564+0000] {logging_mixin.py:188} INFO - [2025-04-13T15:04:14.564+0000] {dag.py:3823} INFO - Setting next_dagrun for example_subdag_operator.section-1 to None, run_after=None
[2025-04-13T15:04:14.567+0000] {logging_mixin.py:188} INFO - [2025-04-13T15:04:14.567+0000] {dag.py:3823} INFO - Setting next_dagrun for example_subdag_operator.section-2 to None, run_after=None
[2025-04-13T15:04:14.581+0000] {logging_mixin.py:188} INFO - [2025-04-13T15:04:14.580+0000] {dag.py:3036} INFO - Sync 2 DAGs
[2025-04-13T15:04:14.592+0000] {logging_mixin.py:188} INFO - [2025-04-13T15:04:14.592+0000] {dag.py:3823} INFO - Setting next_dagrun for example_subdag_operator.section-1 to None, run_after=None
[2025-04-13T15:04:14.593+0000] {logging_mixin.py:188} INFO - [2025-04-13T15:04:14.593+0000] {dag.py:3823} INFO - Setting next_dagrun for example_subdag_operator.section-2 to None, run_after=None
[2025-04-13T15:04:14.618+0000] {processor.py:183} INFO - Processing /home/airflow/.local/lib/python3.8/site-packages/airflow/example_dags/example_subdag_operator.py took 0.184 seconds
[2025-04-13T15:04:47.669+0000] {processor.py:161} INFO - Started process (PID=1038) to work on /home/airflow/.local/lib/python3.8/site-packages/airflow/example_dags/example_subdag_operator.py
[2025-04-13T15:04:47.672+0000] {processor.py:830} INFO - Processing file /home/airflow/.local/lib/python3.8/site-packages/airflow/example_dags/example_subdag_operator.py for tasks to queue
[2025-04-13T15:04:47.682+0000] {logging_mixin.py:188} INFO - [2025-04-13T15:04:47.682+0000] {dagbag.py:538} INFO - Filling up the DagBag from /home/airflow/.local/lib/python3.8/site-packages/airflow/example_dags/example_subdag_operator.py
[2025-04-13T15:04:47.756+0000] {processor.py:840} INFO - DAG(s) 'example_subdag_operator.section-1', 'example_subdag_operator.section-2', 'example_subdag_operator' retrieved from /home/airflow/.local/lib/python3.8/site-packages/airflow/example_dags/example_subdag_operator.py
[2025-04-13T15:04:47.791+0000] {logging_mixin.py:188} INFO - [2025-04-13T15:04:47.791+0000] {dag.py:3036} INFO - Sync 3 DAGs
[2025-04-13T15:04:47.830+0000] {logging_mixin.py:188} INFO - [2025-04-13T15:04:47.830+0000] {dag.py:3823} INFO - Setting next_dagrun for example_subdag_operator to 2022-01-01 00:00:00+00:00, run_after=2022-01-01 00:00:00+00:00
[2025-04-13T15:04:47.836+0000] {logging_mixin.py:188} INFO - [2025-04-13T15:04:47.836+0000] {dag.py:3823} INFO - Setting next_dagrun for example_subdag_operator.section-1 to None, run_after=None
[2025-04-13T15:04:47.839+0000] {logging_mixin.py:188} INFO - [2025-04-13T15:04:47.839+0000] {dag.py:3823} INFO - Setting next_dagrun for example_subdag_operator.section-2 to None, run_after=None
[2025-04-13T15:04:47.852+0000] {logging_mixin.py:188} INFO - [2025-04-13T15:04:47.852+0000] {dag.py:3036} INFO - Sync 2 DAGs
[2025-04-13T15:04:47.863+0000] {logging_mixin.py:188} INFO - [2025-04-13T15:04:47.863+0000] {dag.py:3823} INFO - Setting next_dagrun for example_subdag_operator.section-1 to None, run_after=None
[2025-04-13T15:04:47.865+0000] {logging_mixin.py:188} INFO - [2025-04-13T15:04:47.864+0000] {dag.py:3823} INFO - Setting next_dagrun for example_subdag_operator.section-2 to None, run_after=None
[2025-04-13T15:04:47.898+0000] {processor.py:183} INFO - Processing /home/airflow/.local/lib/python3.8/site-packages/airflow/example_dags/example_subdag_operator.py took 0.234 seconds
[2025-04-13T15:05:22.586+0000] {processor.py:161} INFO - Started process (PID=1093) to work on /home/airflow/.local/lib/python3.8/site-packages/airflow/example_dags/example_subdag_operator.py
[2025-04-13T15:05:22.588+0000] {processor.py:830} INFO - Processing file /home/airflow/.local/lib/python3.8/site-packages/airflow/example_dags/example_subdag_operator.py for tasks to queue
[2025-04-13T15:05:22.593+0000] {logging_mixin.py:188} INFO - [2025-04-13T15:05:22.592+0000] {dagbag.py:538} INFO - Filling up the DagBag from /home/airflow/.local/lib/python3.8/site-packages/airflow/example_dags/example_subdag_operator.py
[2025-04-13T15:05:22.653+0000] {processor.py:840} INFO - DAG(s) 'example_subdag_operator.section-1', 'example_subdag_operator.section-2', 'example_subdag_operator' retrieved from /home/airflow/.local/lib/python3.8/site-packages/airflow/example_dags/example_subdag_operator.py
[2025-04-13T15:05:22.686+0000] {logging_mixin.py:188} INFO - [2025-04-13T15:05:22.686+0000] {dag.py:3036} INFO - Sync 3 DAGs
[2025-04-13T15:05:22.752+0000] {logging_mixin.py:188} INFO - [2025-04-13T15:05:22.752+0000] {dag.py:3823} INFO - Setting next_dagrun for example_subdag_operator to 2022-01-01 00:00:00+00:00, run_after=2022-01-01 00:00:00+00:00
[2025-04-13T15:05:22.761+0000] {logging_mixin.py:188} INFO - [2025-04-13T15:05:22.761+0000] {dag.py:3823} INFO - Setting next_dagrun for example_subdag_operator.section-1 to None, run_after=None
[2025-04-13T15:05:22.764+0000] {logging_mixin.py:188} INFO - [2025-04-13T15:05:22.763+0000] {dag.py:3823} INFO - Setting next_dagrun for example_subdag_operator.section-2 to None, run_after=None
[2025-04-13T15:05:22.783+0000] {logging_mixin.py:188} INFO - [2025-04-13T15:05:22.783+0000] {dag.py:3036} INFO - Sync 2 DAGs
[2025-04-13T15:05:22.796+0000] {logging_mixin.py:188} INFO - [2025-04-13T15:05:22.796+0000] {dag.py:3823} INFO - Setting next_dagrun for example_subdag_operator.section-1 to None, run_after=None
[2025-04-13T15:05:22.797+0000] {logging_mixin.py:188} INFO - [2025-04-13T15:05:22.797+0000] {dag.py:3823} INFO - Setting next_dagrun for example_subdag_operator.section-2 to None, run_after=None
[2025-04-13T15:05:22.824+0000] {processor.py:183} INFO - Processing /home/airflow/.local/lib/python3.8/site-packages/airflow/example_dags/example_subdag_operator.py took 0.242 seconds
[2025-04-13T15:05:53.974+0000] {processor.py:161} INFO - Started process (PID=1150) to work on /home/airflow/.local/lib/python3.8/site-packages/airflow/example_dags/example_subdag_operator.py
[2025-04-13T15:05:53.975+0000] {processor.py:830} INFO - Processing file /home/airflow/.local/lib/python3.8/site-packages/airflow/example_dags/example_subdag_operator.py for tasks to queue
[2025-04-13T15:05:53.978+0000] {logging_mixin.py:188} INFO - [2025-04-13T15:05:53.978+0000] {dagbag.py:538} INFO - Filling up the DagBag from /home/airflow/.local/lib/python3.8/site-packages/airflow/example_dags/example_subdag_operator.py
[2025-04-13T15:05:54.009+0000] {processor.py:840} INFO - DAG(s) 'example_subdag_operator.section-1', 'example_subdag_operator.section-2', 'example_subdag_operator' retrieved from /home/airflow/.local/lib/python3.8/site-packages/airflow/example_dags/example_subdag_operator.py
[2025-04-13T15:05:54.031+0000] {logging_mixin.py:188} INFO - [2025-04-13T15:05:54.031+0000] {dag.py:3036} INFO - Sync 3 DAGs
[2025-04-13T15:05:54.059+0000] {logging_mixin.py:188} INFO - [2025-04-13T15:05:54.059+0000] {dag.py:3823} INFO - Setting next_dagrun for example_subdag_operator to 2022-01-01 00:00:00+00:00, run_after=2022-01-01 00:00:00+00:00
[2025-04-13T15:05:54.066+0000] {logging_mixin.py:188} INFO - [2025-04-13T15:05:54.065+0000] {dag.py:3823} INFO - Setting next_dagrun for example_subdag_operator.section-1 to None, run_after=None
[2025-04-13T15:05:54.067+0000] {logging_mixin.py:188} INFO - [2025-04-13T15:05:54.067+0000] {dag.py:3823} INFO - Setting next_dagrun for example_subdag_operator.section-2 to None, run_after=None
[2025-04-13T15:05:54.077+0000] {logging_mixin.py:188} INFO - [2025-04-13T15:05:54.077+0000] {dag.py:3036} INFO - Sync 2 DAGs
[2025-04-13T15:05:54.084+0000] {logging_mixin.py:188} INFO - [2025-04-13T15:05:54.083+0000] {dag.py:3823} INFO - Setting next_dagrun for example_subdag_operator.section-1 to None, run_after=None
[2025-04-13T15:05:54.085+0000] {logging_mixin.py:188} INFO - [2025-04-13T15:05:54.084+0000] {dag.py:3823} INFO - Setting next_dagrun for example_subdag_operator.section-2 to None, run_after=None
[2025-04-13T15:05:54.099+0000] {processor.py:183} INFO - Processing /home/airflow/.local/lib/python3.8/site-packages/airflow/example_dags/example_subdag_operator.py took 0.130 seconds
[2025-04-13T15:06:25.748+0000] {processor.py:161} INFO - Started process (PID=1205) to work on /home/airflow/.local/lib/python3.8/site-packages/airflow/example_dags/example_subdag_operator.py
[2025-04-13T15:06:25.749+0000] {processor.py:830} INFO - Processing file /home/airflow/.local/lib/python3.8/site-packages/airflow/example_dags/example_subdag_operator.py for tasks to queue
[2025-04-13T15:06:25.751+0000] {logging_mixin.py:188} INFO - [2025-04-13T15:06:25.751+0000] {dagbag.py:538} INFO - Filling up the DagBag from /home/airflow/.local/lib/python3.8/site-packages/airflow/example_dags/example_subdag_operator.py
[2025-04-13T15:06:25.782+0000] {processor.py:840} INFO - DAG(s) 'example_subdag_operator.section-1', 'example_subdag_operator.section-2', 'example_subdag_operator' retrieved from /home/airflow/.local/lib/python3.8/site-packages/airflow/example_dags/example_subdag_operator.py
[2025-04-13T15:06:25.801+0000] {logging_mixin.py:188} INFO - [2025-04-13T15:06:25.801+0000] {dag.py:3036} INFO - Sync 3 DAGs
[2025-04-13T15:06:25.829+0000] {logging_mixin.py:188} INFO - [2025-04-13T15:06:25.829+0000] {dag.py:3823} INFO - Setting next_dagrun for example_subdag_operator to 2022-01-01 00:00:00+00:00, run_after=2022-01-01 00:00:00+00:00
[2025-04-13T15:06:25.834+0000] {logging_mixin.py:188} INFO - [2025-04-13T15:06:25.833+0000] {dag.py:3823} INFO - Setting next_dagrun for example_subdag_operator.section-1 to None, run_after=None
[2025-04-13T15:06:25.836+0000] {logging_mixin.py:188} INFO - [2025-04-13T15:06:25.835+0000] {dag.py:3823} INFO - Setting next_dagrun for example_subdag_operator.section-2 to None, run_after=None
[2025-04-13T15:06:25.844+0000] {logging_mixin.py:188} INFO - [2025-04-13T15:06:25.844+0000] {dag.py:3036} INFO - Sync 2 DAGs
[2025-04-13T15:06:25.851+0000] {logging_mixin.py:188} INFO - [2025-04-13T15:06:25.850+0000] {dag.py:3823} INFO - Setting next_dagrun for example_subdag_operator.section-1 to None, run_after=None
[2025-04-13T15:06:25.852+0000] {logging_mixin.py:188} INFO - [2025-04-13T15:06:25.851+0000] {dag.py:3823} INFO - Setting next_dagrun for example_subdag_operator.section-2 to None, run_after=None
[2025-04-13T15:06:25.867+0000] {processor.py:183} INFO - Processing /home/airflow/.local/lib/python3.8/site-packages/airflow/example_dags/example_subdag_operator.py took 0.123 seconds
[2025-04-13T15:06:59.242+0000] {processor.py:161} INFO - Started process (PID=1260) to work on /home/airflow/.local/lib/python3.8/site-packages/airflow/example_dags/example_subdag_operator.py
[2025-04-13T15:06:59.244+0000] {processor.py:830} INFO - Processing file /home/airflow/.local/lib/python3.8/site-packages/airflow/example_dags/example_subdag_operator.py for tasks to queue
[2025-04-13T15:06:59.246+0000] {logging_mixin.py:188} INFO - [2025-04-13T15:06:59.245+0000] {dagbag.py:538} INFO - Filling up the DagBag from /home/airflow/.local/lib/python3.8/site-packages/airflow/example_dags/example_subdag_operator.py
[2025-04-13T15:06:59.280+0000] {processor.py:840} INFO - DAG(s) 'example_subdag_operator.section-1', 'example_subdag_operator.section-2', 'example_subdag_operator' retrieved from /home/airflow/.local/lib/python3.8/site-packages/airflow/example_dags/example_subdag_operator.py
[2025-04-13T15:06:59.303+0000] {logging_mixin.py:188} INFO - [2025-04-13T15:06:59.302+0000] {dag.py:3036} INFO - Sync 3 DAGs
[2025-04-13T15:06:59.335+0000] {logging_mixin.py:188} INFO - [2025-04-13T15:06:59.335+0000] {dag.py:3823} INFO - Setting next_dagrun for example_subdag_operator to 2022-01-01 00:00:00+00:00, run_after=2022-01-01 00:00:00+00:00
[2025-04-13T15:06:59.340+0000] {logging_mixin.py:188} INFO - [2025-04-13T15:06:59.340+0000] {dag.py:3823} INFO - Setting next_dagrun for example_subdag_operator.section-1 to None, run_after=None
[2025-04-13T15:06:59.343+0000] {logging_mixin.py:188} INFO - [2025-04-13T15:06:59.342+0000] {dag.py:3823} INFO - Setting next_dagrun for example_subdag_operator.section-2 to None, run_after=None
[2025-04-13T15:06:59.355+0000] {logging_mixin.py:188} INFO - [2025-04-13T15:06:59.355+0000] {dag.py:3036} INFO - Sync 2 DAGs
[2025-04-13T15:06:59.363+0000] {logging_mixin.py:188} INFO - [2025-04-13T15:06:59.363+0000] {dag.py:3823} INFO - Setting next_dagrun for example_subdag_operator.section-1 to None, run_after=None
[2025-04-13T15:06:59.365+0000] {logging_mixin.py:188} INFO - [2025-04-13T15:06:59.364+0000] {dag.py:3823} INFO - Setting next_dagrun for example_subdag_operator.section-2 to None, run_after=None
[2025-04-13T15:06:59.378+0000] {processor.py:183} INFO - Processing /home/airflow/.local/lib/python3.8/site-packages/airflow/example_dags/example_subdag_operator.py took 0.140 seconds
[2025-04-13T15:07:31.765+0000] {processor.py:161} INFO - Started process (PID=1316) to work on /home/airflow/.local/lib/python3.8/site-packages/airflow/example_dags/example_subdag_operator.py
[2025-04-13T15:07:31.766+0000] {processor.py:830} INFO - Processing file /home/airflow/.local/lib/python3.8/site-packages/airflow/example_dags/example_subdag_operator.py for tasks to queue
[2025-04-13T15:07:31.768+0000] {logging_mixin.py:188} INFO - [2025-04-13T15:07:31.768+0000] {dagbag.py:538} INFO - Filling up the DagBag from /home/airflow/.local/lib/python3.8/site-packages/airflow/example_dags/example_subdag_operator.py
[2025-04-13T15:07:31.794+0000] {processor.py:840} INFO - DAG(s) 'example_subdag_operator.section-1', 'example_subdag_operator.section-2', 'example_subdag_operator' retrieved from /home/airflow/.local/lib/python3.8/site-packages/airflow/example_dags/example_subdag_operator.py
[2025-04-13T15:07:31.810+0000] {logging_mixin.py:188} INFO - [2025-04-13T15:07:31.809+0000] {dag.py:3036} INFO - Sync 3 DAGs
[2025-04-13T15:07:31.831+0000] {logging_mixin.py:188} INFO - [2025-04-13T15:07:31.831+0000] {dag.py:3823} INFO - Setting next_dagrun for example_subdag_operator to 2022-01-01 00:00:00+00:00, run_after=2022-01-01 00:00:00+00:00
[2025-04-13T15:07:31.835+0000] {logging_mixin.py:188} INFO - [2025-04-13T15:07:31.835+0000] {dag.py:3823} INFO - Setting next_dagrun for example_subdag_operator.section-1 to None, run_after=None
[2025-04-13T15:07:31.837+0000] {logging_mixin.py:188} INFO - [2025-04-13T15:07:31.837+0000] {dag.py:3823} INFO - Setting next_dagrun for example_subdag_operator.section-2 to None, run_after=None
[2025-04-13T15:07:31.845+0000] {logging_mixin.py:188} INFO - [2025-04-13T15:07:31.845+0000] {dag.py:3036} INFO - Sync 2 DAGs
[2025-04-13T15:07:31.852+0000] {logging_mixin.py:188} INFO - [2025-04-13T15:07:31.852+0000] {dag.py:3823} INFO - Setting next_dagrun for example_subdag_operator.section-1 to None, run_after=None
[2025-04-13T15:07:31.853+0000] {logging_mixin.py:188} INFO - [2025-04-13T15:07:31.853+0000] {dag.py:3823} INFO - Setting next_dagrun for example_subdag_operator.section-2 to None, run_after=None
[2025-04-13T15:07:31.867+0000] {processor.py:183} INFO - Processing /home/airflow/.local/lib/python3.8/site-packages/airflow/example_dags/example_subdag_operator.py took 0.106 seconds
[2025-04-13T15:08:04.380+0000] {processor.py:161} INFO - Started process (PID=1371) to work on /home/airflow/.local/lib/python3.8/site-packages/airflow/example_dags/example_subdag_operator.py
[2025-04-13T15:08:04.389+0000] {processor.py:830} INFO - Processing file /home/airflow/.local/lib/python3.8/site-packages/airflow/example_dags/example_subdag_operator.py for tasks to queue
[2025-04-13T15:08:04.392+0000] {logging_mixin.py:188} INFO - [2025-04-13T15:08:04.392+0000] {dagbag.py:538} INFO - Filling up the DagBag from /home/airflow/.local/lib/python3.8/site-packages/airflow/example_dags/example_subdag_operator.py
[2025-04-13T15:08:04.427+0000] {processor.py:840} INFO - DAG(s) 'example_subdag_operator.section-1', 'example_subdag_operator.section-2', 'example_subdag_operator' retrieved from /home/airflow/.local/lib/python3.8/site-packages/airflow/example_dags/example_subdag_operator.py
[2025-04-13T15:08:04.452+0000] {logging_mixin.py:188} INFO - [2025-04-13T15:08:04.452+0000] {dag.py:3036} INFO - Sync 3 DAGs
[2025-04-13T15:08:04.485+0000] {logging_mixin.py:188} INFO - [2025-04-13T15:08:04.485+0000] {dag.py:3823} INFO - Setting next_dagrun for example_subdag_operator to 2022-01-01 00:00:00+00:00, run_after=2022-01-01 00:00:00+00:00
[2025-04-13T15:08:04.493+0000] {logging_mixin.py:188} INFO - [2025-04-13T15:08:04.493+0000] {dag.py:3823} INFO - Setting next_dagrun for example_subdag_operator.section-1 to None, run_after=None
[2025-04-13T15:08:04.495+0000] {logging_mixin.py:188} INFO - [2025-04-13T15:08:04.495+0000] {dag.py:3823} INFO - Setting next_dagrun for example_subdag_operator.section-2 to None, run_after=None
[2025-04-13T15:08:04.504+0000] {logging_mixin.py:188} INFO - [2025-04-13T15:08:04.504+0000] {dag.py:3036} INFO - Sync 2 DAGs
[2025-04-13T15:08:04.512+0000] {logging_mixin.py:188} INFO - [2025-04-13T15:08:04.512+0000] {dag.py:3823} INFO - Setting next_dagrun for example_subdag_operator.section-1 to None, run_after=None
[2025-04-13T15:08:04.513+0000] {logging_mixin.py:188} INFO - [2025-04-13T15:08:04.513+0000] {dag.py:3823} INFO - Setting next_dagrun for example_subdag_operator.section-2 to None, run_after=None
[2025-04-13T15:08:04.526+0000] {processor.py:183} INFO - Processing /home/airflow/.local/lib/python3.8/site-packages/airflow/example_dags/example_subdag_operator.py took 0.152 seconds
[2025-04-13T15:08:36.754+0000] {processor.py:161} INFO - Started process (PID=1425) to work on /home/airflow/.local/lib/python3.8/site-packages/airflow/example_dags/example_subdag_operator.py
[2025-04-13T15:08:36.756+0000] {processor.py:830} INFO - Processing file /home/airflow/.local/lib/python3.8/site-packages/airflow/example_dags/example_subdag_operator.py for tasks to queue
[2025-04-13T15:08:36.758+0000] {logging_mixin.py:188} INFO - [2025-04-13T15:08:36.758+0000] {dagbag.py:538} INFO - Filling up the DagBag from /home/airflow/.local/lib/python3.8/site-packages/airflow/example_dags/example_subdag_operator.py
[2025-04-13T15:08:36.788+0000] {processor.py:840} INFO - DAG(s) 'example_subdag_operator.section-1', 'example_subdag_operator.section-2', 'example_subdag_operator' retrieved from /home/airflow/.local/lib/python3.8/site-packages/airflow/example_dags/example_subdag_operator.py
[2025-04-13T15:08:36.812+0000] {logging_mixin.py:188} INFO - [2025-04-13T15:08:36.812+0000] {dag.py:3036} INFO - Sync 3 DAGs
[2025-04-13T15:08:36.845+0000] {logging_mixin.py:188} INFO - [2025-04-13T15:08:36.844+0000] {dag.py:3823} INFO - Setting next_dagrun for example_subdag_operator to 2022-01-01 00:00:00+00:00, run_after=2022-01-01 00:00:00+00:00
[2025-04-13T15:08:36.849+0000] {logging_mixin.py:188} INFO - [2025-04-13T15:08:36.849+0000] {dag.py:3823} INFO - Setting next_dagrun for example_subdag_operator.section-1 to None, run_after=None
[2025-04-13T15:08:36.852+0000] {logging_mixin.py:188} INFO - [2025-04-13T15:08:36.852+0000] {dag.py:3823} INFO - Setting next_dagrun for example_subdag_operator.section-2 to None, run_after=None
[2025-04-13T15:08:36.862+0000] {logging_mixin.py:188} INFO - [2025-04-13T15:08:36.861+0000] {dag.py:3036} INFO - Sync 2 DAGs
[2025-04-13T15:08:36.869+0000] {logging_mixin.py:188} INFO - [2025-04-13T15:08:36.869+0000] {dag.py:3823} INFO - Setting next_dagrun for example_subdag_operator.section-1 to None, run_after=None
[2025-04-13T15:08:36.870+0000] {logging_mixin.py:188} INFO - [2025-04-13T15:08:36.869+0000] {dag.py:3823} INFO - Setting next_dagrun for example_subdag_operator.section-2 to None, run_after=None
[2025-04-13T15:08:36.883+0000] {processor.py:183} INFO - Processing /home/airflow/.local/lib/python3.8/site-packages/airflow/example_dags/example_subdag_operator.py took 0.134 seconds
[2025-04-13T15:09:09.459+0000] {processor.py:161} INFO - Started process (PID=1480) to work on /home/airflow/.local/lib/python3.8/site-packages/airflow/example_dags/example_subdag_operator.py
[2025-04-13T15:09:09.460+0000] {processor.py:830} INFO - Processing file /home/airflow/.local/lib/python3.8/site-packages/airflow/example_dags/example_subdag_operator.py for tasks to queue
[2025-04-13T15:09:09.463+0000] {logging_mixin.py:188} INFO - [2025-04-13T15:09:09.462+0000] {dagbag.py:538} INFO - Filling up the DagBag from /home/airflow/.local/lib/python3.8/site-packages/airflow/example_dags/example_subdag_operator.py
[2025-04-13T15:09:09.491+0000] {processor.py:840} INFO - DAG(s) 'example_subdag_operator.section-1', 'example_subdag_operator.section-2', 'example_subdag_operator' retrieved from /home/airflow/.local/lib/python3.8/site-packages/airflow/example_dags/example_subdag_operator.py
[2025-04-13T15:09:09.520+0000] {logging_mixin.py:188} INFO - [2025-04-13T15:09:09.520+0000] {dag.py:3036} INFO - Sync 3 DAGs
[2025-04-13T15:09:09.548+0000] {logging_mixin.py:188} INFO - [2025-04-13T15:09:09.548+0000] {dag.py:3823} INFO - Setting next_dagrun for example_subdag_operator to 2022-01-01 00:00:00+00:00, run_after=2022-01-01 00:00:00+00:00
[2025-04-13T15:09:09.553+0000] {logging_mixin.py:188} INFO - [2025-04-13T15:09:09.552+0000] {dag.py:3823} INFO - Setting next_dagrun for example_subdag_operator.section-1 to None, run_after=None
[2025-04-13T15:09:09.554+0000] {logging_mixin.py:188} INFO - [2025-04-13T15:09:09.554+0000] {dag.py:3823} INFO - Setting next_dagrun for example_subdag_operator.section-2 to None, run_after=None
[2025-04-13T15:09:09.568+0000] {logging_mixin.py:188} INFO - [2025-04-13T15:09:09.567+0000] {dag.py:3036} INFO - Sync 2 DAGs
[2025-04-13T15:09:09.576+0000] {logging_mixin.py:188} INFO - [2025-04-13T15:09:09.576+0000] {dag.py:3823} INFO - Setting next_dagrun for example_subdag_operator.section-1 to None, run_after=None
[2025-04-13T15:09:09.578+0000] {logging_mixin.py:188} INFO - [2025-04-13T15:09:09.577+0000] {dag.py:3823} INFO - Setting next_dagrun for example_subdag_operator.section-2 to None, run_after=None
[2025-04-13T15:09:09.597+0000] {processor.py:183} INFO - Processing /home/airflow/.local/lib/python3.8/site-packages/airflow/example_dags/example_subdag_operator.py took 0.142 seconds
[2025-04-13T15:09:48.360+0000] {processor.py:161} INFO - Started process (PID=1535) to work on /home/airflow/.local/lib/python3.8/site-packages/airflow/example_dags/example_subdag_operator.py
[2025-04-13T15:09:48.362+0000] {processor.py:830} INFO - Processing file /home/airflow/.local/lib/python3.8/site-packages/airflow/example_dags/example_subdag_operator.py for tasks to queue
[2025-04-13T15:09:48.365+0000] {logging_mixin.py:188} INFO - [2025-04-13T15:09:48.365+0000] {dagbag.py:538} INFO - Filling up the DagBag from /home/airflow/.local/lib/python3.8/site-packages/airflow/example_dags/example_subdag_operator.py
[2025-04-13T15:09:48.432+0000] {processor.py:840} INFO - DAG(s) 'example_subdag_operator.section-1', 'example_subdag_operator.section-2', 'example_subdag_operator' retrieved from /home/airflow/.local/lib/python3.8/site-packages/airflow/example_dags/example_subdag_operator.py
[2025-04-13T15:09:48.490+0000] {logging_mixin.py:188} INFO - [2025-04-13T15:09:48.488+0000] {dag.py:3036} INFO - Sync 3 DAGs
[2025-04-13T15:09:48.539+0000] {logging_mixin.py:188} INFO - [2025-04-13T15:09:48.539+0000] {dag.py:3823} INFO - Setting next_dagrun for example_subdag_operator to 2022-01-01 00:00:00+00:00, run_after=2022-01-01 00:00:00+00:00
[2025-04-13T15:09:48.545+0000] {logging_mixin.py:188} INFO - [2025-04-13T15:09:48.545+0000] {dag.py:3823} INFO - Setting next_dagrun for example_subdag_operator.section-1 to None, run_after=None
[2025-04-13T15:09:48.549+0000] {logging_mixin.py:188} INFO - [2025-04-13T15:09:48.548+0000] {dag.py:3823} INFO - Setting next_dagrun for example_subdag_operator.section-2 to None, run_after=None
[2025-04-13T15:09:48.563+0000] {logging_mixin.py:188} INFO - [2025-04-13T15:09:48.563+0000] {dag.py:3036} INFO - Sync 2 DAGs
[2025-04-13T15:09:48.571+0000] {logging_mixin.py:188} INFO - [2025-04-13T15:09:48.571+0000] {dag.py:3823} INFO - Setting next_dagrun for example_subdag_operator.section-1 to None, run_after=None
[2025-04-13T15:09:48.572+0000] {logging_mixin.py:188} INFO - [2025-04-13T15:09:48.571+0000] {dag.py:3823} INFO - Setting next_dagrun for example_subdag_operator.section-2 to None, run_after=None
[2025-04-13T15:09:48.590+0000] {processor.py:183} INFO - Processing /home/airflow/.local/lib/python3.8/site-packages/airflow/example_dags/example_subdag_operator.py took 0.236 seconds
[2025-04-13T15:10:19.353+0000] {processor.py:161} INFO - Started process (PID=1590) to work on /home/airflow/.local/lib/python3.8/site-packages/airflow/example_dags/example_subdag_operator.py
[2025-04-13T15:10:19.354+0000] {processor.py:830} INFO - Processing file /home/airflow/.local/lib/python3.8/site-packages/airflow/example_dags/example_subdag_operator.py for tasks to queue
[2025-04-13T15:10:19.357+0000] {logging_mixin.py:188} INFO - [2025-04-13T15:10:19.356+0000] {dagbag.py:538} INFO - Filling up the DagBag from /home/airflow/.local/lib/python3.8/site-packages/airflow/example_dags/example_subdag_operator.py
[2025-04-13T15:10:19.387+0000] {processor.py:840} INFO - DAG(s) 'example_subdag_operator.section-1', 'example_subdag_operator.section-2', 'example_subdag_operator' retrieved from /home/airflow/.local/lib/python3.8/site-packages/airflow/example_dags/example_subdag_operator.py
[2025-04-13T15:10:19.409+0000] {logging_mixin.py:188} INFO - [2025-04-13T15:10:19.408+0000] {dag.py:3036} INFO - Sync 3 DAGs
[2025-04-13T15:10:19.443+0000] {logging_mixin.py:188} INFO - [2025-04-13T15:10:19.443+0000] {dag.py:3823} INFO - Setting next_dagrun for example_subdag_operator to 2022-01-01 00:00:00+00:00, run_after=2022-01-01 00:00:00+00:00
[2025-04-13T15:10:19.460+0000] {logging_mixin.py:188} INFO - [2025-04-13T15:10:19.459+0000] {dag.py:3823} INFO - Setting next_dagrun for example_subdag_operator.section-1 to None, run_after=None
[2025-04-13T15:10:19.464+0000] {logging_mixin.py:188} INFO - [2025-04-13T15:10:19.464+0000] {dag.py:3823} INFO - Setting next_dagrun for example_subdag_operator.section-2 to None, run_after=None
[2025-04-13T15:10:19.483+0000] {logging_mixin.py:188} INFO - [2025-04-13T15:10:19.482+0000] {dag.py:3036} INFO - Sync 2 DAGs
[2025-04-13T15:10:19.493+0000] {logging_mixin.py:188} INFO - [2025-04-13T15:10:19.492+0000] {dag.py:3823} INFO - Setting next_dagrun for example_subdag_operator.section-1 to None, run_after=None
[2025-04-13T15:10:19.494+0000] {logging_mixin.py:188} INFO - [2025-04-13T15:10:19.494+0000] {dag.py:3823} INFO - Setting next_dagrun for example_subdag_operator.section-2 to None, run_after=None
[2025-04-13T15:10:19.520+0000] {processor.py:183} INFO - Processing /home/airflow/.local/lib/python3.8/site-packages/airflow/example_dags/example_subdag_operator.py took 0.171 seconds
[2025-04-13T15:10:49.725+0000] {processor.py:161} INFO - Started process (PID=1645) to work on /home/airflow/.local/lib/python3.8/site-packages/airflow/example_dags/example_subdag_operator.py
[2025-04-13T15:10:49.736+0000] {processor.py:830} INFO - Processing file /home/airflow/.local/lib/python3.8/site-packages/airflow/example_dags/example_subdag_operator.py for tasks to queue
[2025-04-13T15:10:49.756+0000] {logging_mixin.py:188} INFO - [2025-04-13T15:10:49.755+0000] {dagbag.py:538} INFO - Filling up the DagBag from /home/airflow/.local/lib/python3.8/site-packages/airflow/example_dags/example_subdag_operator.py
[2025-04-13T15:10:49.840+0000] {processor.py:840} INFO - DAG(s) 'example_subdag_operator.section-1', 'example_subdag_operator.section-2', 'example_subdag_operator' retrieved from /home/airflow/.local/lib/python3.8/site-packages/airflow/example_dags/example_subdag_operator.py
[2025-04-13T15:10:49.871+0000] {logging_mixin.py:188} INFO - [2025-04-13T15:10:49.870+0000] {dag.py:3036} INFO - Sync 3 DAGs
[2025-04-13T15:10:49.909+0000] {logging_mixin.py:188} INFO - [2025-04-13T15:10:49.909+0000] {dag.py:3823} INFO - Setting next_dagrun for example_subdag_operator to 2022-01-01 00:00:00+00:00, run_after=2022-01-01 00:00:00+00:00
[2025-04-13T15:10:49.918+0000] {logging_mixin.py:188} INFO - [2025-04-13T15:10:49.918+0000] {dag.py:3823} INFO - Setting next_dagrun for example_subdag_operator.section-1 to None, run_after=None
[2025-04-13T15:10:49.921+0000] {logging_mixin.py:188} INFO - [2025-04-13T15:10:49.921+0000] {dag.py:3823} INFO - Setting next_dagrun for example_subdag_operator.section-2 to None, run_after=None
[2025-04-13T15:10:49.948+0000] {logging_mixin.py:188} INFO - [2025-04-13T15:10:49.948+0000] {dag.py:3036} INFO - Sync 2 DAGs
[2025-04-13T15:10:49.964+0000] {logging_mixin.py:188} INFO - [2025-04-13T15:10:49.964+0000] {dag.py:3823} INFO - Setting next_dagrun for example_subdag_operator.section-1 to None, run_after=None
[2025-04-13T15:10:49.965+0000] {logging_mixin.py:188} INFO - [2025-04-13T15:10:49.965+0000] {dag.py:3823} INFO - Setting next_dagrun for example_subdag_operator.section-2 to None, run_after=None
[2025-04-13T15:10:50.005+0000] {processor.py:183} INFO - Processing /home/airflow/.local/lib/python3.8/site-packages/airflow/example_dags/example_subdag_operator.py took 0.320 seconds
[2025-04-13T15:11:20.934+0000] {processor.py:161} INFO - Started process (PID=1700) to work on /home/airflow/.local/lib/python3.8/site-packages/airflow/example_dags/example_subdag_operator.py
[2025-04-13T15:11:20.937+0000] {processor.py:830} INFO - Processing file /home/airflow/.local/lib/python3.8/site-packages/airflow/example_dags/example_subdag_operator.py for tasks to queue
[2025-04-13T15:11:20.953+0000] {logging_mixin.py:188} INFO - [2025-04-13T15:11:20.952+0000] {dagbag.py:538} INFO - Filling up the DagBag from /home/airflow/.local/lib/python3.8/site-packages/airflow/example_dags/example_subdag_operator.py
[2025-04-13T15:11:21.026+0000] {processor.py:840} INFO - DAG(s) 'example_subdag_operator.section-1', 'example_subdag_operator.section-2', 'example_subdag_operator' retrieved from /home/airflow/.local/lib/python3.8/site-packages/airflow/example_dags/example_subdag_operator.py
[2025-04-13T15:11:21.080+0000] {logging_mixin.py:188} INFO - [2025-04-13T15:11:21.079+0000] {dag.py:3036} INFO - Sync 3 DAGs
[2025-04-13T15:11:21.134+0000] {logging_mixin.py:188} INFO - [2025-04-13T15:11:21.133+0000] {dag.py:3823} INFO - Setting next_dagrun for example_subdag_operator to 2022-01-01 00:00:00+00:00, run_after=2022-01-01 00:00:00+00:00
[2025-04-13T15:11:21.144+0000] {logging_mixin.py:188} INFO - [2025-04-13T15:11:21.144+0000] {dag.py:3823} INFO - Setting next_dagrun for example_subdag_operator.section-1 to None, run_after=None
[2025-04-13T15:11:21.147+0000] {logging_mixin.py:188} INFO - [2025-04-13T15:11:21.146+0000] {dag.py:3823} INFO - Setting next_dagrun for example_subdag_operator.section-2 to None, run_after=None
[2025-04-13T15:11:21.159+0000] {logging_mixin.py:188} INFO - [2025-04-13T15:11:21.159+0000] {dag.py:3036} INFO - Sync 2 DAGs
[2025-04-13T15:11:21.169+0000] {logging_mixin.py:188} INFO - [2025-04-13T15:11:21.168+0000] {dag.py:3823} INFO - Setting next_dagrun for example_subdag_operator.section-1 to None, run_after=None
[2025-04-13T15:11:21.172+0000] {logging_mixin.py:188} INFO - [2025-04-13T15:11:21.170+0000] {dag.py:3823} INFO - Setting next_dagrun for example_subdag_operator.section-2 to None, run_after=None
[2025-04-13T15:11:21.193+0000] {processor.py:183} INFO - Processing /home/airflow/.local/lib/python3.8/site-packages/airflow/example_dags/example_subdag_operator.py took 0.264 seconds
[2025-04-13T15:11:53.940+0000] {processor.py:161} INFO - Started process (PID=1754) to work on /home/airflow/.local/lib/python3.8/site-packages/airflow/example_dags/example_subdag_operator.py
[2025-04-13T15:11:53.942+0000] {processor.py:830} INFO - Processing file /home/airflow/.local/lib/python3.8/site-packages/airflow/example_dags/example_subdag_operator.py for tasks to queue
[2025-04-13T15:11:53.944+0000] {logging_mixin.py:188} INFO - [2025-04-13T15:11:53.944+0000] {dagbag.py:538} INFO - Filling up the DagBag from /home/airflow/.local/lib/python3.8/site-packages/airflow/example_dags/example_subdag_operator.py
[2025-04-13T15:11:53.979+0000] {processor.py:840} INFO - DAG(s) 'example_subdag_operator.section-1', 'example_subdag_operator.section-2', 'example_subdag_operator' retrieved from /home/airflow/.local/lib/python3.8/site-packages/airflow/example_dags/example_subdag_operator.py
[2025-04-13T15:11:53.998+0000] {logging_mixin.py:188} INFO - [2025-04-13T15:11:53.998+0000] {dag.py:3036} INFO - Sync 3 DAGs
[2025-04-13T15:11:54.034+0000] {logging_mixin.py:188} INFO - [2025-04-13T15:11:54.034+0000] {dag.py:3823} INFO - Setting next_dagrun for example_subdag_operator to 2022-01-01 00:00:00+00:00, run_after=2022-01-01 00:00:00+00:00
[2025-04-13T15:11:54.041+0000] {logging_mixin.py:188} INFO - [2025-04-13T15:11:54.041+0000] {dag.py:3823} INFO - Setting next_dagrun for example_subdag_operator.section-1 to None, run_after=None
[2025-04-13T15:11:54.043+0000] {logging_mixin.py:188} INFO - [2025-04-13T15:11:54.042+0000] {dag.py:3823} INFO - Setting next_dagrun for example_subdag_operator.section-2 to None, run_after=None
[2025-04-13T15:11:54.052+0000] {logging_mixin.py:188} INFO - [2025-04-13T15:11:54.051+0000] {dag.py:3036} INFO - Sync 2 DAGs
[2025-04-13T15:11:54.058+0000] {logging_mixin.py:188} INFO - [2025-04-13T15:11:54.058+0000] {dag.py:3823} INFO - Setting next_dagrun for example_subdag_operator.section-1 to None, run_after=None
[2025-04-13T15:11:54.059+0000] {logging_mixin.py:188} INFO - [2025-04-13T15:11:54.059+0000] {dag.py:3823} INFO - Setting next_dagrun for example_subdag_operator.section-2 to None, run_after=None
[2025-04-13T15:11:54.075+0000] {processor.py:183} INFO - Processing /home/airflow/.local/lib/python3.8/site-packages/airflow/example_dags/example_subdag_operator.py took 0.139 seconds
[2025-04-13T15:12:26.419+0000] {processor.py:161} INFO - Started process (PID=1809) to work on /home/airflow/.local/lib/python3.8/site-packages/airflow/example_dags/example_subdag_operator.py
[2025-04-13T15:12:26.421+0000] {processor.py:830} INFO - Processing file /home/airflow/.local/lib/python3.8/site-packages/airflow/example_dags/example_subdag_operator.py for tasks to queue
[2025-04-13T15:12:26.424+0000] {logging_mixin.py:188} INFO - [2025-04-13T15:12:26.423+0000] {dagbag.py:538} INFO - Filling up the DagBag from /home/airflow/.local/lib/python3.8/site-packages/airflow/example_dags/example_subdag_operator.py
[2025-04-13T15:12:26.454+0000] {processor.py:840} INFO - DAG(s) 'example_subdag_operator.section-1', 'example_subdag_operator.section-2', 'example_subdag_operator' retrieved from /home/airflow/.local/lib/python3.8/site-packages/airflow/example_dags/example_subdag_operator.py
[2025-04-13T15:12:26.475+0000] {logging_mixin.py:188} INFO - [2025-04-13T15:12:26.474+0000] {dag.py:3036} INFO - Sync 3 DAGs
[2025-04-13T15:12:26.504+0000] {logging_mixin.py:188} INFO - [2025-04-13T15:12:26.503+0000] {dag.py:3823} INFO - Setting next_dagrun for example_subdag_operator to 2022-01-01 00:00:00+00:00, run_after=2022-01-01 00:00:00+00:00
[2025-04-13T15:12:26.509+0000] {logging_mixin.py:188} INFO - [2025-04-13T15:12:26.509+0000] {dag.py:3823} INFO - Setting next_dagrun for example_subdag_operator.section-1 to None, run_after=None
[2025-04-13T15:12:26.511+0000] {logging_mixin.py:188} INFO - [2025-04-13T15:12:26.511+0000] {dag.py:3823} INFO - Setting next_dagrun for example_subdag_operator.section-2 to None, run_after=None
[2025-04-13T15:12:26.521+0000] {logging_mixin.py:188} INFO - [2025-04-13T15:12:26.521+0000] {dag.py:3036} INFO - Sync 2 DAGs
[2025-04-13T15:12:26.529+0000] {logging_mixin.py:188} INFO - [2025-04-13T15:12:26.529+0000] {dag.py:3823} INFO - Setting next_dagrun for example_subdag_operator.section-1 to None, run_after=None
[2025-04-13T15:12:26.530+0000] {logging_mixin.py:188} INFO - [2025-04-13T15:12:26.530+0000] {dag.py:3823} INFO - Setting next_dagrun for example_subdag_operator.section-2 to None, run_after=None
[2025-04-13T15:12:26.546+0000] {processor.py:183} INFO - Processing /home/airflow/.local/lib/python3.8/site-packages/airflow/example_dags/example_subdag_operator.py took 0.131 seconds
[2025-04-13T15:13:01.346+0000] {processor.py:161} INFO - Started process (PID=1863) to work on /home/airflow/.local/lib/python3.8/site-packages/airflow/example_dags/example_subdag_operator.py
[2025-04-13T15:13:01.347+0000] {processor.py:830} INFO - Processing file /home/airflow/.local/lib/python3.8/site-packages/airflow/example_dags/example_subdag_operator.py for tasks to queue
[2025-04-13T15:13:01.351+0000] {logging_mixin.py:188} INFO - [2025-04-13T15:13:01.350+0000] {dagbag.py:538} INFO - Filling up the DagBag from /home/airflow/.local/lib/python3.8/site-packages/airflow/example_dags/example_subdag_operator.py
[2025-04-13T15:13:01.397+0000] {processor.py:840} INFO - DAG(s) 'example_subdag_operator.section-1', 'example_subdag_operator.section-2', 'example_subdag_operator' retrieved from /home/airflow/.local/lib/python3.8/site-packages/airflow/example_dags/example_subdag_operator.py
[2025-04-13T15:13:01.431+0000] {logging_mixin.py:188} INFO - [2025-04-13T15:13:01.430+0000] {dag.py:3036} INFO - Sync 3 DAGs
[2025-04-13T15:13:01.470+0000] {logging_mixin.py:188} INFO - [2025-04-13T15:13:01.470+0000] {dag.py:3823} INFO - Setting next_dagrun for example_subdag_operator to 2022-01-01 00:00:00+00:00, run_after=2022-01-01 00:00:00+00:00
[2025-04-13T15:13:01.475+0000] {logging_mixin.py:188} INFO - [2025-04-13T15:13:01.474+0000] {dag.py:3823} INFO - Setting next_dagrun for example_subdag_operator.section-1 to None, run_after=None
[2025-04-13T15:13:01.481+0000] {logging_mixin.py:188} INFO - [2025-04-13T15:13:01.481+0000] {dag.py:3823} INFO - Setting next_dagrun for example_subdag_operator.section-2 to None, run_after=None
[2025-04-13T15:13:01.501+0000] {logging_mixin.py:188} INFO - [2025-04-13T15:13:01.501+0000] {dag.py:3036} INFO - Sync 2 DAGs
[2025-04-13T15:13:01.511+0000] {logging_mixin.py:188} INFO - [2025-04-13T15:13:01.511+0000] {dag.py:3823} INFO - Setting next_dagrun for example_subdag_operator.section-1 to None, run_after=None
[2025-04-13T15:13:01.512+0000] {logging_mixin.py:188} INFO - [2025-04-13T15:13:01.512+0000] {dag.py:3823} INFO - Setting next_dagrun for example_subdag_operator.section-2 to None, run_after=None
[2025-04-13T15:13:01.566+0000] {processor.py:183} INFO - Processing /home/airflow/.local/lib/python3.8/site-packages/airflow/example_dags/example_subdag_operator.py took 0.232 seconds
[2025-04-13T15:13:34.528+0000] {processor.py:161} INFO - Started process (PID=1919) to work on /home/airflow/.local/lib/python3.8/site-packages/airflow/example_dags/example_subdag_operator.py
[2025-04-13T15:13:34.529+0000] {processor.py:830} INFO - Processing file /home/airflow/.local/lib/python3.8/site-packages/airflow/example_dags/example_subdag_operator.py for tasks to queue
[2025-04-13T15:13:34.533+0000] {logging_mixin.py:188} INFO - [2025-04-13T15:13:34.533+0000] {dagbag.py:538} INFO - Filling up the DagBag from /home/airflow/.local/lib/python3.8/site-packages/airflow/example_dags/example_subdag_operator.py
[2025-04-13T15:13:34.578+0000] {processor.py:840} INFO - DAG(s) 'example_subdag_operator.section-1', 'example_subdag_operator.section-2', 'example_subdag_operator' retrieved from /home/airflow/.local/lib/python3.8/site-packages/airflow/example_dags/example_subdag_operator.py
[2025-04-13T15:13:34.607+0000] {logging_mixin.py:188} INFO - [2025-04-13T15:13:34.606+0000] {dag.py:3036} INFO - Sync 3 DAGs
[2025-04-13T15:13:34.646+0000] {logging_mixin.py:188} INFO - [2025-04-13T15:13:34.646+0000] {dag.py:3823} INFO - Setting next_dagrun for example_subdag_operator to 2022-01-01 00:00:00+00:00, run_after=2022-01-01 00:00:00+00:00
[2025-04-13T15:13:34.651+0000] {logging_mixin.py:188} INFO - [2025-04-13T15:13:34.651+0000] {dag.py:3823} INFO - Setting next_dagrun for example_subdag_operator.section-1 to None, run_after=None
[2025-04-13T15:13:34.653+0000] {logging_mixin.py:188} INFO - [2025-04-13T15:13:34.653+0000] {dag.py:3823} INFO - Setting next_dagrun for example_subdag_operator.section-2 to None, run_after=None
[2025-04-13T15:13:34.664+0000] {logging_mixin.py:188} INFO - [2025-04-13T15:13:34.664+0000] {dag.py:3036} INFO - Sync 2 DAGs
[2025-04-13T15:13:34.672+0000] {logging_mixin.py:188} INFO - [2025-04-13T15:13:34.671+0000] {dag.py:3823} INFO - Setting next_dagrun for example_subdag_operator.section-1 to None, run_after=None
[2025-04-13T15:13:34.673+0000] {logging_mixin.py:188} INFO - [2025-04-13T15:13:34.672+0000] {dag.py:3823} INFO - Setting next_dagrun for example_subdag_operator.section-2 to None, run_after=None
[2025-04-13T15:13:34.692+0000] {processor.py:183} INFO - Processing /home/airflow/.local/lib/python3.8/site-packages/airflow/example_dags/example_subdag_operator.py took 0.169 seconds
[2025-04-13T15:14:06.920+0000] {processor.py:161} INFO - Started process (PID=1974) to work on /home/airflow/.local/lib/python3.8/site-packages/airflow/example_dags/example_subdag_operator.py
[2025-04-13T15:14:06.923+0000] {processor.py:830} INFO - Processing file /home/airflow/.local/lib/python3.8/site-packages/airflow/example_dags/example_subdag_operator.py for tasks to queue
[2025-04-13T15:14:06.927+0000] {logging_mixin.py:188} INFO - [2025-04-13T15:14:06.926+0000] {dagbag.py:538} INFO - Filling up the DagBag from /home/airflow/.local/lib/python3.8/site-packages/airflow/example_dags/example_subdag_operator.py
[2025-04-13T15:14:06.963+0000] {processor.py:840} INFO - DAG(s) 'example_subdag_operator.section-1', 'example_subdag_operator.section-2', 'example_subdag_operator' retrieved from /home/airflow/.local/lib/python3.8/site-packages/airflow/example_dags/example_subdag_operator.py
[2025-04-13T15:14:07.006+0000] {logging_mixin.py:188} INFO - [2025-04-13T15:14:07.005+0000] {dag.py:3036} INFO - Sync 3 DAGs
[2025-04-13T15:14:07.078+0000] {logging_mixin.py:188} INFO - [2025-04-13T15:14:07.076+0000] {dag.py:3823} INFO - Setting next_dagrun for example_subdag_operator to 2022-01-01 00:00:00+00:00, run_after=2022-01-01 00:00:00+00:00
[2025-04-13T15:14:07.100+0000] {logging_mixin.py:188} INFO - [2025-04-13T15:14:07.095+0000] {dag.py:3823} INFO - Setting next_dagrun for example_subdag_operator.section-1 to None, run_after=None
[2025-04-13T15:14:07.116+0000] {logging_mixin.py:188} INFO - [2025-04-13T15:14:07.116+0000] {dag.py:3823} INFO - Setting next_dagrun for example_subdag_operator.section-2 to None, run_after=None
[2025-04-13T15:14:07.264+0000] {logging_mixin.py:188} INFO - [2025-04-13T15:14:07.263+0000] {dag.py:3036} INFO - Sync 2 DAGs
[2025-04-13T15:14:07.279+0000] {logging_mixin.py:188} INFO - [2025-04-13T15:14:07.279+0000] {dag.py:3823} INFO - Setting next_dagrun for example_subdag_operator.section-1 to None, run_after=None
[2025-04-13T15:14:07.282+0000] {logging_mixin.py:188} INFO - [2025-04-13T15:14:07.281+0000] {dag.py:3823} INFO - Setting next_dagrun for example_subdag_operator.section-2 to None, run_after=None
[2025-04-13T15:14:07.562+0000] {processor.py:183} INFO - Processing /home/airflow/.local/lib/python3.8/site-packages/airflow/example_dags/example_subdag_operator.py took 0.647 seconds
[2025-04-13T15:14:40.574+0000] {processor.py:161} INFO - Started process (PID=2028) to work on /home/airflow/.local/lib/python3.8/site-packages/airflow/example_dags/example_subdag_operator.py
[2025-04-13T15:14:40.577+0000] {processor.py:830} INFO - Processing file /home/airflow/.local/lib/python3.8/site-packages/airflow/example_dags/example_subdag_operator.py for tasks to queue
[2025-04-13T15:14:40.588+0000] {logging_mixin.py:188} INFO - [2025-04-13T15:14:40.580+0000] {dagbag.py:538} INFO - Filling up the DagBag from /home/airflow/.local/lib/python3.8/site-packages/airflow/example_dags/example_subdag_operator.py
[2025-04-13T15:14:40.707+0000] {processor.py:840} INFO - DAG(s) 'example_subdag_operator.section-1', 'example_subdag_operator.section-2', 'example_subdag_operator' retrieved from /home/airflow/.local/lib/python3.8/site-packages/airflow/example_dags/example_subdag_operator.py
[2025-04-13T15:14:40.713+0000] {logging_mixin.py:188} INFO - [2025-04-13T15:14:40.713+0000] {dag.py:3036} INFO - Sync 3 DAGs
[2025-04-13T15:14:40.788+0000] {logging_mixin.py:188} INFO - [2025-04-13T15:14:40.787+0000] {dag.py:3823} INFO - Setting next_dagrun for example_subdag_operator to 2022-01-01 00:00:00+00:00, run_after=2022-01-01 00:00:00+00:00
[2025-04-13T15:14:40.802+0000] {logging_mixin.py:188} INFO - [2025-04-13T15:14:40.801+0000] {dag.py:3823} INFO - Setting next_dagrun for example_subdag_operator.section-1 to None, run_after=None
[2025-04-13T15:14:40.805+0000] {logging_mixin.py:188} INFO - [2025-04-13T15:14:40.804+0000] {dag.py:3823} INFO - Setting next_dagrun for example_subdag_operator.section-2 to None, run_after=None
[2025-04-13T15:14:40.829+0000] {logging_mixin.py:188} INFO - [2025-04-13T15:14:40.828+0000] {dag.py:3036} INFO - Sync 2 DAGs
[2025-04-13T15:14:40.864+0000] {logging_mixin.py:188} INFO - [2025-04-13T15:14:40.863+0000] {dag.py:3823} INFO - Setting next_dagrun for example_subdag_operator.section-1 to None, run_after=None
[2025-04-13T15:14:40.865+0000] {logging_mixin.py:188} INFO - [2025-04-13T15:14:40.865+0000] {dag.py:3823} INFO - Setting next_dagrun for example_subdag_operator.section-2 to None, run_after=None
[2025-04-13T15:14:40.882+0000] {processor.py:183} INFO - Processing /home/airflow/.local/lib/python3.8/site-packages/airflow/example_dags/example_subdag_operator.py took 0.317 seconds
[2025-04-13T15:15:15.609+0000] {processor.py:161} INFO - Started process (PID=2084) to work on /home/airflow/.local/lib/python3.8/site-packages/airflow/example_dags/example_subdag_operator.py
[2025-04-13T15:15:15.610+0000] {processor.py:830} INFO - Processing file /home/airflow/.local/lib/python3.8/site-packages/airflow/example_dags/example_subdag_operator.py for tasks to queue
[2025-04-13T15:15:15.613+0000] {logging_mixin.py:188} INFO - [2025-04-13T15:15:15.613+0000] {dagbag.py:538} INFO - Filling up the DagBag from /home/airflow/.local/lib/python3.8/site-packages/airflow/example_dags/example_subdag_operator.py
[2025-04-13T15:15:15.653+0000] {processor.py:840} INFO - DAG(s) 'example_subdag_operator.section-1', 'example_subdag_operator.section-2', 'example_subdag_operator' retrieved from /home/airflow/.local/lib/python3.8/site-packages/airflow/example_dags/example_subdag_operator.py
[2025-04-13T15:15:15.835+0000] {logging_mixin.py:188} INFO - [2025-04-13T15:15:15.835+0000] {dag.py:3036} INFO - Sync 3 DAGs
[2025-04-13T15:15:15.870+0000] {logging_mixin.py:188} INFO - [2025-04-13T15:15:15.870+0000] {dag.py:3823} INFO - Setting next_dagrun for example_subdag_operator to 2022-01-01 00:00:00+00:00, run_after=2022-01-01 00:00:00+00:00
[2025-04-13T15:15:15.881+0000] {logging_mixin.py:188} INFO - [2025-04-13T15:15:15.880+0000] {dag.py:3823} INFO - Setting next_dagrun for example_subdag_operator.section-1 to None, run_after=None
[2025-04-13T15:15:15.883+0000] {logging_mixin.py:188} INFO - [2025-04-13T15:15:15.883+0000] {dag.py:3823} INFO - Setting next_dagrun for example_subdag_operator.section-2 to None, run_after=None
[2025-04-13T15:15:15.899+0000] {logging_mixin.py:188} INFO - [2025-04-13T15:15:15.898+0000] {dag.py:3036} INFO - Sync 2 DAGs
[2025-04-13T15:15:15.908+0000] {logging_mixin.py:188} INFO - [2025-04-13T15:15:15.908+0000] {dag.py:3823} INFO - Setting next_dagrun for example_subdag_operator.section-1 to None, run_after=None
[2025-04-13T15:15:15.909+0000] {logging_mixin.py:188} INFO - [2025-04-13T15:15:15.909+0000] {dag.py:3823} INFO - Setting next_dagrun for example_subdag_operator.section-2 to None, run_after=None
[2025-04-13T15:15:15.925+0000] {processor.py:183} INFO - Processing /home/airflow/.local/lib/python3.8/site-packages/airflow/example_dags/example_subdag_operator.py took 0.320 seconds
[2025-04-13T15:15:46.560+0000] {processor.py:161} INFO - Started process (PID=2140) to work on /home/airflow/.local/lib/python3.8/site-packages/airflow/example_dags/example_subdag_operator.py
[2025-04-13T15:15:46.561+0000] {processor.py:830} INFO - Processing file /home/airflow/.local/lib/python3.8/site-packages/airflow/example_dags/example_subdag_operator.py for tasks to queue
[2025-04-13T15:15:46.565+0000] {logging_mixin.py:188} INFO - [2025-04-13T15:15:46.564+0000] {dagbag.py:538} INFO - Filling up the DagBag from /home/airflow/.local/lib/python3.8/site-packages/airflow/example_dags/example_subdag_operator.py
[2025-04-13T15:15:46.597+0000] {processor.py:840} INFO - DAG(s) 'example_subdag_operator.section-1', 'example_subdag_operator.section-2', 'example_subdag_operator' retrieved from /home/airflow/.local/lib/python3.8/site-packages/airflow/example_dags/example_subdag_operator.py
[2025-04-13T15:15:46.619+0000] {logging_mixin.py:188} INFO - [2025-04-13T15:15:46.618+0000] {dag.py:3036} INFO - Sync 3 DAGs
[2025-04-13T15:15:46.663+0000] {logging_mixin.py:188} INFO - [2025-04-13T15:15:46.662+0000] {dag.py:3823} INFO - Setting next_dagrun for example_subdag_operator to 2022-01-01 00:00:00+00:00, run_after=2022-01-01 00:00:00+00:00
[2025-04-13T15:15:46.668+0000] {logging_mixin.py:188} INFO - [2025-04-13T15:15:46.668+0000] {dag.py:3823} INFO - Setting next_dagrun for example_subdag_operator.section-1 to None, run_after=None
[2025-04-13T15:15:46.671+0000] {logging_mixin.py:188} INFO - [2025-04-13T15:15:46.670+0000] {dag.py:3823} INFO - Setting next_dagrun for example_subdag_operator.section-2 to None, run_after=None
[2025-04-13T15:15:46.685+0000] {logging_mixin.py:188} INFO - [2025-04-13T15:15:46.685+0000] {dag.py:3036} INFO - Sync 2 DAGs
[2025-04-13T15:15:46.695+0000] {logging_mixin.py:188} INFO - [2025-04-13T15:15:46.695+0000] {dag.py:3823} INFO - Setting next_dagrun for example_subdag_operator.section-1 to None, run_after=None
[2025-04-13T15:15:46.696+0000] {logging_mixin.py:188} INFO - [2025-04-13T15:15:46.696+0000] {dag.py:3823} INFO - Setting next_dagrun for example_subdag_operator.section-2 to None, run_after=None
[2025-04-13T15:15:46.714+0000] {processor.py:183} INFO - Processing /home/airflow/.local/lib/python3.8/site-packages/airflow/example_dags/example_subdag_operator.py took 0.158 seconds
[2025-04-13T15:16:17.284+0000] {processor.py:161} INFO - Started process (PID=2196) to work on /home/airflow/.local/lib/python3.8/site-packages/airflow/example_dags/example_subdag_operator.py
[2025-04-13T15:16:17.285+0000] {processor.py:830} INFO - Processing file /home/airflow/.local/lib/python3.8/site-packages/airflow/example_dags/example_subdag_operator.py for tasks to queue
[2025-04-13T15:16:17.287+0000] {logging_mixin.py:188} INFO - [2025-04-13T15:16:17.287+0000] {dagbag.py:538} INFO - Filling up the DagBag from /home/airflow/.local/lib/python3.8/site-packages/airflow/example_dags/example_subdag_operator.py
[2025-04-13T15:16:17.316+0000] {processor.py:840} INFO - DAG(s) 'example_subdag_operator.section-1', 'example_subdag_operator.section-2', 'example_subdag_operator' retrieved from /home/airflow/.local/lib/python3.8/site-packages/airflow/example_dags/example_subdag_operator.py
[2025-04-13T15:16:17.333+0000] {logging_mixin.py:188} INFO - [2025-04-13T15:16:17.333+0000] {dag.py:3036} INFO - Sync 3 DAGs
[2025-04-13T15:16:17.359+0000] {logging_mixin.py:188} INFO - [2025-04-13T15:16:17.358+0000] {dag.py:3823} INFO - Setting next_dagrun for example_subdag_operator to 2022-01-01 00:00:00+00:00, run_after=2022-01-01 00:00:00+00:00
[2025-04-13T15:16:17.363+0000] {logging_mixin.py:188} INFO - [2025-04-13T15:16:17.363+0000] {dag.py:3823} INFO - Setting next_dagrun for example_subdag_operator.section-1 to None, run_after=None
[2025-04-13T15:16:17.365+0000] {logging_mixin.py:188} INFO - [2025-04-13T15:16:17.365+0000] {dag.py:3823} INFO - Setting next_dagrun for example_subdag_operator.section-2 to None, run_after=None
[2025-04-13T15:16:17.375+0000] {logging_mixin.py:188} INFO - [2025-04-13T15:16:17.375+0000] {dag.py:3036} INFO - Sync 2 DAGs
[2025-04-13T15:16:17.382+0000] {logging_mixin.py:188} INFO - [2025-04-13T15:16:17.382+0000] {dag.py:3823} INFO - Setting next_dagrun for example_subdag_operator.section-1 to None, run_after=None
[2025-04-13T15:16:17.383+0000] {logging_mixin.py:188} INFO - [2025-04-13T15:16:17.383+0000] {dag.py:3823} INFO - Setting next_dagrun for example_subdag_operator.section-2 to None, run_after=None
[2025-04-13T15:16:17.399+0000] {processor.py:183} INFO - Processing /home/airflow/.local/lib/python3.8/site-packages/airflow/example_dags/example_subdag_operator.py took 0.120 seconds
[2025-04-13T15:19:16.109+0000] {processor.py:161} INFO - Started process (PID=97) to work on /home/airflow/.local/lib/python3.8/site-packages/airflow/example_dags/example_subdag_operator.py
[2025-04-13T15:19:16.111+0000] {processor.py:830} INFO - Processing file /home/airflow/.local/lib/python3.8/site-packages/airflow/example_dags/example_subdag_operator.py for tasks to queue
[2025-04-13T15:19:16.116+0000] {logging_mixin.py:188} INFO - [2025-04-13T15:19:16.115+0000] {dagbag.py:538} INFO - Filling up the DagBag from /home/airflow/.local/lib/python3.8/site-packages/airflow/example_dags/example_subdag_operator.py
[2025-04-13T15:19:16.229+0000] {processor.py:840} INFO - DAG(s) 'example_subdag_operator.section-1', 'example_subdag_operator.section-2', 'example_subdag_operator' retrieved from /home/airflow/.local/lib/python3.8/site-packages/airflow/example_dags/example_subdag_operator.py
[2025-04-13T15:19:16.715+0000] {logging_mixin.py:188} INFO - [2025-04-13T15:19:16.714+0000] {dag.py:3036} INFO - Sync 3 DAGs
[2025-04-13T15:19:16.979+0000] {logging_mixin.py:188} INFO - [2025-04-13T15:19:16.973+0000] {dag.py:3823} INFO - Setting next_dagrun for example_subdag_operator to 2022-01-01 00:00:00+00:00, run_after=2022-01-01 00:00:00+00:00
[2025-04-13T15:19:16.994+0000] {logging_mixin.py:188} INFO - [2025-04-13T15:19:16.994+0000] {dag.py:3823} INFO - Setting next_dagrun for example_subdag_operator.section-1 to None, run_after=None
[2025-04-13T15:19:17.003+0000] {logging_mixin.py:188} INFO - [2025-04-13T15:19:17.003+0000] {dag.py:3823} INFO - Setting next_dagrun for example_subdag_operator.section-2 to None, run_after=None
[2025-04-13T15:19:17.045+0000] {logging_mixin.py:188} INFO - [2025-04-13T15:19:17.045+0000] {dag.py:3036} INFO - Sync 2 DAGs
[2025-04-13T15:19:17.057+0000] {logging_mixin.py:188} INFO - [2025-04-13T15:19:17.057+0000] {dag.py:3823} INFO - Setting next_dagrun for example_subdag_operator.section-1 to None, run_after=None
[2025-04-13T15:19:17.059+0000] {logging_mixin.py:188} INFO - [2025-04-13T15:19:17.058+0000] {dag.py:3823} INFO - Setting next_dagrun for example_subdag_operator.section-2 to None, run_after=None
[2025-04-13T15:19:17.084+0000] {processor.py:183} INFO - Processing /home/airflow/.local/lib/python3.8/site-packages/airflow/example_dags/example_subdag_operator.py took 0.985 seconds
[2025-04-13T15:19:47.717+0000] {processor.py:161} INFO - Started process (PID=153) to work on /home/airflow/.local/lib/python3.8/site-packages/airflow/example_dags/example_subdag_operator.py
[2025-04-13T15:19:47.719+0000] {processor.py:830} INFO - Processing file /home/airflow/.local/lib/python3.8/site-packages/airflow/example_dags/example_subdag_operator.py for tasks to queue
[2025-04-13T15:19:47.725+0000] {logging_mixin.py:188} INFO - [2025-04-13T15:19:47.724+0000] {dagbag.py:538} INFO - Filling up the DagBag from /home/airflow/.local/lib/python3.8/site-packages/airflow/example_dags/example_subdag_operator.py
[2025-04-13T15:19:47.867+0000] {processor.py:840} INFO - DAG(s) 'example_subdag_operator.section-1', 'example_subdag_operator.section-2', 'example_subdag_operator' retrieved from /home/airflow/.local/lib/python3.8/site-packages/airflow/example_dags/example_subdag_operator.py
[2025-04-13T15:19:47.926+0000] {logging_mixin.py:188} INFO - [2025-04-13T15:19:47.925+0000] {dag.py:3036} INFO - Sync 3 DAGs
[2025-04-13T15:19:48.004+0000] {logging_mixin.py:188} INFO - [2025-04-13T15:19:48.003+0000] {dag.py:3823} INFO - Setting next_dagrun for example_subdag_operator to 2022-01-01 00:00:00+00:00, run_after=2022-01-01 00:00:00+00:00
[2025-04-13T15:19:48.014+0000] {logging_mixin.py:188} INFO - [2025-04-13T15:19:48.013+0000] {dag.py:3823} INFO - Setting next_dagrun for example_subdag_operator.section-1 to None, run_after=None
[2025-04-13T15:19:48.018+0000] {logging_mixin.py:188} INFO - [2025-04-13T15:19:48.017+0000] {dag.py:3823} INFO - Setting next_dagrun for example_subdag_operator.section-2 to None, run_after=None
[2025-04-13T15:19:48.037+0000] {logging_mixin.py:188} INFO - [2025-04-13T15:19:48.037+0000] {dag.py:3036} INFO - Sync 2 DAGs
[2025-04-13T15:19:48.052+0000] {logging_mixin.py:188} INFO - [2025-04-13T15:19:48.052+0000] {dag.py:3823} INFO - Setting next_dagrun for example_subdag_operator.section-1 to None, run_after=None
[2025-04-13T15:19:48.053+0000] {logging_mixin.py:188} INFO - [2025-04-13T15:19:48.053+0000] {dag.py:3823} INFO - Setting next_dagrun for example_subdag_operator.section-2 to None, run_after=None
[2025-04-13T15:19:48.097+0000] {processor.py:183} INFO - Processing /home/airflow/.local/lib/python3.8/site-packages/airflow/example_dags/example_subdag_operator.py took 0.387 seconds
[2025-04-13T15:20:18.374+0000] {processor.py:161} INFO - Started process (PID=203) to work on /home/airflow/.local/lib/python3.8/site-packages/airflow/example_dags/example_subdag_operator.py
[2025-04-13T15:20:18.375+0000] {processor.py:830} INFO - Processing file /home/airflow/.local/lib/python3.8/site-packages/airflow/example_dags/example_subdag_operator.py for tasks to queue
[2025-04-13T15:20:18.382+0000] {logging_mixin.py:188} INFO - [2025-04-13T15:20:18.382+0000] {dagbag.py:538} INFO - Filling up the DagBag from /home/airflow/.local/lib/python3.8/site-packages/airflow/example_dags/example_subdag_operator.py
[2025-04-13T15:20:18.426+0000] {processor.py:840} INFO - DAG(s) 'example_subdag_operator.section-1', 'example_subdag_operator.section-2', 'example_subdag_operator' retrieved from /home/airflow/.local/lib/python3.8/site-packages/airflow/example_dags/example_subdag_operator.py
[2025-04-13T15:20:18.453+0000] {logging_mixin.py:188} INFO - [2025-04-13T15:20:18.453+0000] {dag.py:3036} INFO - Sync 3 DAGs
[2025-04-13T15:20:18.491+0000] {logging_mixin.py:188} INFO - [2025-04-13T15:20:18.491+0000] {dag.py:3823} INFO - Setting next_dagrun for example_subdag_operator to 2022-01-01 00:00:00+00:00, run_after=2022-01-01 00:00:00+00:00
[2025-04-13T15:20:18.496+0000] {logging_mixin.py:188} INFO - [2025-04-13T15:20:18.495+0000] {dag.py:3823} INFO - Setting next_dagrun for example_subdag_operator.section-1 to None, run_after=None
[2025-04-13T15:20:18.497+0000] {logging_mixin.py:188} INFO - [2025-04-13T15:20:18.497+0000] {dag.py:3823} INFO - Setting next_dagrun for example_subdag_operator.section-2 to None, run_after=None
[2025-04-13T15:20:18.507+0000] {logging_mixin.py:188} INFO - [2025-04-13T15:20:18.507+0000] {dag.py:3036} INFO - Sync 2 DAGs
[2025-04-13T15:20:18.515+0000] {logging_mixin.py:188} INFO - [2025-04-13T15:20:18.515+0000] {dag.py:3823} INFO - Setting next_dagrun for example_subdag_operator.section-1 to None, run_after=None
[2025-04-13T15:20:18.517+0000] {logging_mixin.py:188} INFO - [2025-04-13T15:20:18.516+0000] {dag.py:3823} INFO - Setting next_dagrun for example_subdag_operator.section-2 to None, run_after=None
[2025-04-13T15:20:18.565+0000] {processor.py:183} INFO - Processing /home/airflow/.local/lib/python3.8/site-packages/airflow/example_dags/example_subdag_operator.py took 0.195 seconds
[2025-04-13T15:20:49.083+0000] {processor.py:161} INFO - Started process (PID=259) to work on /home/airflow/.local/lib/python3.8/site-packages/airflow/example_dags/example_subdag_operator.py
[2025-04-13T15:20:49.085+0000] {processor.py:830} INFO - Processing file /home/airflow/.local/lib/python3.8/site-packages/airflow/example_dags/example_subdag_operator.py for tasks to queue
[2025-04-13T15:20:49.089+0000] {logging_mixin.py:188} INFO - [2025-04-13T15:20:49.089+0000] {dagbag.py:538} INFO - Filling up the DagBag from /home/airflow/.local/lib/python3.8/site-packages/airflow/example_dags/example_subdag_operator.py
[2025-04-13T15:20:49.117+0000] {processor.py:840} INFO - DAG(s) 'example_subdag_operator.section-1', 'example_subdag_operator.section-2', 'example_subdag_operator' retrieved from /home/airflow/.local/lib/python3.8/site-packages/airflow/example_dags/example_subdag_operator.py
[2025-04-13T15:20:49.139+0000] {logging_mixin.py:188} INFO - [2025-04-13T15:20:49.139+0000] {dag.py:3036} INFO - Sync 3 DAGs
[2025-04-13T15:20:49.168+0000] {logging_mixin.py:188} INFO - [2025-04-13T15:20:49.168+0000] {dag.py:3823} INFO - Setting next_dagrun for example_subdag_operator to 2022-01-01 00:00:00+00:00, run_after=2022-01-01 00:00:00+00:00
[2025-04-13T15:20:49.173+0000] {logging_mixin.py:188} INFO - [2025-04-13T15:20:49.172+0000] {dag.py:3823} INFO - Setting next_dagrun for example_subdag_operator.section-1 to None, run_after=None
[2025-04-13T15:20:49.175+0000] {logging_mixin.py:188} INFO - [2025-04-13T15:20:49.174+0000] {dag.py:3823} INFO - Setting next_dagrun for example_subdag_operator.section-2 to None, run_after=None
[2025-04-13T15:20:49.183+0000] {logging_mixin.py:188} INFO - [2025-04-13T15:20:49.183+0000] {dag.py:3036} INFO - Sync 2 DAGs
[2025-04-13T15:20:49.190+0000] {logging_mixin.py:188} INFO - [2025-04-13T15:20:49.190+0000] {dag.py:3823} INFO - Setting next_dagrun for example_subdag_operator.section-1 to None, run_after=None
[2025-04-13T15:20:49.191+0000] {logging_mixin.py:188} INFO - [2025-04-13T15:20:49.191+0000] {dag.py:3823} INFO - Setting next_dagrun for example_subdag_operator.section-2 to None, run_after=None
[2025-04-13T15:20:49.208+0000] {processor.py:183} INFO - Processing /home/airflow/.local/lib/python3.8/site-packages/airflow/example_dags/example_subdag_operator.py took 0.131 seconds
[2025-04-13T15:21:19.747+0000] {processor.py:161} INFO - Started process (PID=316) to work on /home/airflow/.local/lib/python3.8/site-packages/airflow/example_dags/example_subdag_operator.py
[2025-04-13T15:21:19.749+0000] {processor.py:830} INFO - Processing file /home/airflow/.local/lib/python3.8/site-packages/airflow/example_dags/example_subdag_operator.py for tasks to queue
[2025-04-13T15:21:19.753+0000] {logging_mixin.py:188} INFO - [2025-04-13T15:21:19.753+0000] {dagbag.py:538} INFO - Filling up the DagBag from /home/airflow/.local/lib/python3.8/site-packages/airflow/example_dags/example_subdag_operator.py
[2025-04-13T15:21:19.790+0000] {processor.py:840} INFO - DAG(s) 'example_subdag_operator.section-1', 'example_subdag_operator.section-2', 'example_subdag_operator' retrieved from /home/airflow/.local/lib/python3.8/site-packages/airflow/example_dags/example_subdag_operator.py
[2025-04-13T15:21:19.820+0000] {logging_mixin.py:188} INFO - [2025-04-13T15:21:19.820+0000] {dag.py:3036} INFO - Sync 3 DAGs
[2025-04-13T15:21:19.859+0000] {logging_mixin.py:188} INFO - [2025-04-13T15:21:19.858+0000] {dag.py:3823} INFO - Setting next_dagrun for example_subdag_operator to 2022-01-01 00:00:00+00:00, run_after=2022-01-01 00:00:00+00:00
[2025-04-13T15:21:19.864+0000] {logging_mixin.py:188} INFO - [2025-04-13T15:21:19.864+0000] {dag.py:3823} INFO - Setting next_dagrun for example_subdag_operator.section-1 to None, run_after=None
[2025-04-13T15:21:19.866+0000] {logging_mixin.py:188} INFO - [2025-04-13T15:21:19.866+0000] {dag.py:3823} INFO - Setting next_dagrun for example_subdag_operator.section-2 to None, run_after=None
[2025-04-13T15:21:19.876+0000] {logging_mixin.py:188} INFO - [2025-04-13T15:21:19.875+0000] {dag.py:3036} INFO - Sync 2 DAGs
[2025-04-13T15:21:19.884+0000] {logging_mixin.py:188} INFO - [2025-04-13T15:21:19.883+0000] {dag.py:3823} INFO - Setting next_dagrun for example_subdag_operator.section-1 to None, run_after=None
[2025-04-13T15:21:19.885+0000] {logging_mixin.py:188} INFO - [2025-04-13T15:21:19.884+0000] {dag.py:3823} INFO - Setting next_dagrun for example_subdag_operator.section-2 to None, run_after=None
[2025-04-13T15:21:20.016+0000] {processor.py:183} INFO - Processing /home/airflow/.local/lib/python3.8/site-packages/airflow/example_dags/example_subdag_operator.py took 0.274 seconds
[2025-04-13T15:21:50.088+0000] {processor.py:161} INFO - Started process (PID=372) to work on /home/airflow/.local/lib/python3.8/site-packages/airflow/example_dags/example_subdag_operator.py
[2025-04-13T15:21:50.089+0000] {processor.py:830} INFO - Processing file /home/airflow/.local/lib/python3.8/site-packages/airflow/example_dags/example_subdag_operator.py for tasks to queue
[2025-04-13T15:21:50.092+0000] {logging_mixin.py:188} INFO - [2025-04-13T15:21:50.092+0000] {dagbag.py:538} INFO - Filling up the DagBag from /home/airflow/.local/lib/python3.8/site-packages/airflow/example_dags/example_subdag_operator.py
[2025-04-13T15:21:50.118+0000] {processor.py:840} INFO - DAG(s) 'example_subdag_operator.section-1', 'example_subdag_operator.section-2', 'example_subdag_operator' retrieved from /home/airflow/.local/lib/python3.8/site-packages/airflow/example_dags/example_subdag_operator.py
[2025-04-13T15:21:50.140+0000] {logging_mixin.py:188} INFO - [2025-04-13T15:21:50.139+0000] {dag.py:3036} INFO - Sync 3 DAGs
[2025-04-13T15:21:50.164+0000] {logging_mixin.py:188} INFO - [2025-04-13T15:21:50.164+0000] {dag.py:3823} INFO - Setting next_dagrun for example_subdag_operator to 2022-01-01 00:00:00+00:00, run_after=2022-01-01 00:00:00+00:00
[2025-04-13T15:21:50.169+0000] {logging_mixin.py:188} INFO - [2025-04-13T15:21:50.168+0000] {dag.py:3823} INFO - Setting next_dagrun for example_subdag_operator.section-1 to None, run_after=None
[2025-04-13T15:21:50.170+0000] {logging_mixin.py:188} INFO - [2025-04-13T15:21:50.170+0000] {dag.py:3823} INFO - Setting next_dagrun for example_subdag_operator.section-2 to None, run_after=None
[2025-04-13T15:21:50.178+0000] {logging_mixin.py:188} INFO - [2025-04-13T15:21:50.178+0000] {dag.py:3036} INFO - Sync 2 DAGs
[2025-04-13T15:21:50.184+0000] {logging_mixin.py:188} INFO - [2025-04-13T15:21:50.184+0000] {dag.py:3823} INFO - Setting next_dagrun for example_subdag_operator.section-1 to None, run_after=None
[2025-04-13T15:21:50.185+0000] {logging_mixin.py:188} INFO - [2025-04-13T15:21:50.185+0000] {dag.py:3823} INFO - Setting next_dagrun for example_subdag_operator.section-2 to None, run_after=None
[2025-04-13T15:21:50.200+0000] {processor.py:183} INFO - Processing /home/airflow/.local/lib/python3.8/site-packages/airflow/example_dags/example_subdag_operator.py took 0.115 seconds
[2025-04-13T15:22:20.332+0000] {processor.py:161} INFO - Started process (PID=428) to work on /home/airflow/.local/lib/python3.8/site-packages/airflow/example_dags/example_subdag_operator.py
[2025-04-13T15:22:20.334+0000] {processor.py:830} INFO - Processing file /home/airflow/.local/lib/python3.8/site-packages/airflow/example_dags/example_subdag_operator.py for tasks to queue
[2025-04-13T15:22:20.336+0000] {logging_mixin.py:188} INFO - [2025-04-13T15:22:20.336+0000] {dagbag.py:538} INFO - Filling up the DagBag from /home/airflow/.local/lib/python3.8/site-packages/airflow/example_dags/example_subdag_operator.py
[2025-04-13T15:22:20.363+0000] {processor.py:840} INFO - DAG(s) 'example_subdag_operator.section-1', 'example_subdag_operator.section-2', 'example_subdag_operator' retrieved from /home/airflow/.local/lib/python3.8/site-packages/airflow/example_dags/example_subdag_operator.py
[2025-04-13T15:22:20.385+0000] {logging_mixin.py:188} INFO - [2025-04-13T15:22:20.384+0000] {dag.py:3036} INFO - Sync 3 DAGs
[2025-04-13T15:22:20.409+0000] {logging_mixin.py:188} INFO - [2025-04-13T15:22:20.408+0000] {dag.py:3823} INFO - Setting next_dagrun for example_subdag_operator to 2022-01-01 00:00:00+00:00, run_after=2022-01-01 00:00:00+00:00
[2025-04-13T15:22:20.413+0000] {logging_mixin.py:188} INFO - [2025-04-13T15:22:20.413+0000] {dag.py:3823} INFO - Setting next_dagrun for example_subdag_operator.section-1 to None, run_after=None
[2025-04-13T15:22:20.415+0000] {logging_mixin.py:188} INFO - [2025-04-13T15:22:20.415+0000] {dag.py:3823} INFO - Setting next_dagrun for example_subdag_operator.section-2 to None, run_after=None
[2025-04-13T15:22:20.423+0000] {logging_mixin.py:188} INFO - [2025-04-13T15:22:20.423+0000] {dag.py:3036} INFO - Sync 2 DAGs
[2025-04-13T15:22:20.429+0000] {logging_mixin.py:188} INFO - [2025-04-13T15:22:20.429+0000] {dag.py:3823} INFO - Setting next_dagrun for example_subdag_operator.section-1 to None, run_after=None
[2025-04-13T15:22:20.430+0000] {logging_mixin.py:188} INFO - [2025-04-13T15:22:20.430+0000] {dag.py:3823} INFO - Setting next_dagrun for example_subdag_operator.section-2 to None, run_after=None
[2025-04-13T15:22:20.443+0000] {processor.py:183} INFO - Processing /home/airflow/.local/lib/python3.8/site-packages/airflow/example_dags/example_subdag_operator.py took 0.114 seconds
[2025-04-13T15:22:51.041+0000] {processor.py:161} INFO - Started process (PID=483) to work on /home/airflow/.local/lib/python3.8/site-packages/airflow/example_dags/example_subdag_operator.py
[2025-04-13T15:22:51.044+0000] {processor.py:830} INFO - Processing file /home/airflow/.local/lib/python3.8/site-packages/airflow/example_dags/example_subdag_operator.py for tasks to queue
[2025-04-13T15:22:51.051+0000] {logging_mixin.py:188} INFO - [2025-04-13T15:22:51.050+0000] {dagbag.py:538} INFO - Filling up the DagBag from /home/airflow/.local/lib/python3.8/site-packages/airflow/example_dags/example_subdag_operator.py
[2025-04-13T15:22:51.087+0000] {processor.py:840} INFO - DAG(s) 'example_subdag_operator.section-1', 'example_subdag_operator.section-2', 'example_subdag_operator' retrieved from /home/airflow/.local/lib/python3.8/site-packages/airflow/example_dags/example_subdag_operator.py
[2025-04-13T15:22:51.118+0000] {logging_mixin.py:188} INFO - [2025-04-13T15:22:51.118+0000] {dag.py:3036} INFO - Sync 3 DAGs
[2025-04-13T15:22:51.159+0000] {logging_mixin.py:188} INFO - [2025-04-13T15:22:51.158+0000] {dag.py:3823} INFO - Setting next_dagrun for example_subdag_operator to 2022-01-01 00:00:00+00:00, run_after=2022-01-01 00:00:00+00:00
[2025-04-13T15:22:51.168+0000] {logging_mixin.py:188} INFO - [2025-04-13T15:22:51.167+0000] {dag.py:3823} INFO - Setting next_dagrun for example_subdag_operator.section-1 to None, run_after=None
[2025-04-13T15:22:51.170+0000] {logging_mixin.py:188} INFO - [2025-04-13T15:22:51.170+0000] {dag.py:3823} INFO - Setting next_dagrun for example_subdag_operator.section-2 to None, run_after=None
[2025-04-13T15:22:51.182+0000] {logging_mixin.py:188} INFO - [2025-04-13T15:22:51.181+0000] {dag.py:3036} INFO - Sync 2 DAGs
[2025-04-13T15:22:51.190+0000] {logging_mixin.py:188} INFO - [2025-04-13T15:22:51.190+0000] {dag.py:3823} INFO - Setting next_dagrun for example_subdag_operator.section-1 to None, run_after=None
[2025-04-13T15:22:51.191+0000] {logging_mixin.py:188} INFO - [2025-04-13T15:22:51.191+0000] {dag.py:3823} INFO - Setting next_dagrun for example_subdag_operator.section-2 to None, run_after=None
[2025-04-13T15:22:51.210+0000] {processor.py:183} INFO - Processing /home/airflow/.local/lib/python3.8/site-packages/airflow/example_dags/example_subdag_operator.py took 0.173 seconds
[2025-04-13T15:23:21.451+0000] {processor.py:161} INFO - Started process (PID=539) to work on /home/airflow/.local/lib/python3.8/site-packages/airflow/example_dags/example_subdag_operator.py
[2025-04-13T15:23:21.452+0000] {processor.py:830} INFO - Processing file /home/airflow/.local/lib/python3.8/site-packages/airflow/example_dags/example_subdag_operator.py for tasks to queue
[2025-04-13T15:23:21.455+0000] {logging_mixin.py:188} INFO - [2025-04-13T15:23:21.454+0000] {dagbag.py:538} INFO - Filling up the DagBag from /home/airflow/.local/lib/python3.8/site-packages/airflow/example_dags/example_subdag_operator.py
[2025-04-13T15:23:21.482+0000] {processor.py:840} INFO - DAG(s) 'example_subdag_operator.section-1', 'example_subdag_operator.section-2', 'example_subdag_operator' retrieved from /home/airflow/.local/lib/python3.8/site-packages/airflow/example_dags/example_subdag_operator.py
[2025-04-13T15:23:21.503+0000] {logging_mixin.py:188} INFO - [2025-04-13T15:23:21.503+0000] {dag.py:3036} INFO - Sync 3 DAGs
[2025-04-13T15:23:21.532+0000] {logging_mixin.py:188} INFO - [2025-04-13T15:23:21.532+0000] {dag.py:3823} INFO - Setting next_dagrun for example_subdag_operator to 2022-01-01 00:00:00+00:00, run_after=2022-01-01 00:00:00+00:00
[2025-04-13T15:23:21.537+0000] {logging_mixin.py:188} INFO - [2025-04-13T15:23:21.536+0000] {dag.py:3823} INFO - Setting next_dagrun for example_subdag_operator.section-1 to None, run_after=None
[2025-04-13T15:23:21.539+0000] {logging_mixin.py:188} INFO - [2025-04-13T15:23:21.539+0000] {dag.py:3823} INFO - Setting next_dagrun for example_subdag_operator.section-2 to None, run_after=None
[2025-04-13T15:23:21.548+0000] {logging_mixin.py:188} INFO - [2025-04-13T15:23:21.548+0000] {dag.py:3036} INFO - Sync 2 DAGs
[2025-04-13T15:23:21.555+0000] {logging_mixin.py:188} INFO - [2025-04-13T15:23:21.555+0000] {dag.py:3823} INFO - Setting next_dagrun for example_subdag_operator.section-1 to None, run_after=None
[2025-04-13T15:23:21.556+0000] {logging_mixin.py:188} INFO - [2025-04-13T15:23:21.556+0000] {dag.py:3823} INFO - Setting next_dagrun for example_subdag_operator.section-2 to None, run_after=None
[2025-04-13T15:23:21.573+0000] {processor.py:183} INFO - Processing /home/airflow/.local/lib/python3.8/site-packages/airflow/example_dags/example_subdag_operator.py took 0.126 seconds
[2025-04-13T15:23:51.736+0000] {processor.py:161} INFO - Started process (PID=594) to work on /home/airflow/.local/lib/python3.8/site-packages/airflow/example_dags/example_subdag_operator.py
[2025-04-13T15:23:51.737+0000] {processor.py:830} INFO - Processing file /home/airflow/.local/lib/python3.8/site-packages/airflow/example_dags/example_subdag_operator.py for tasks to queue
[2025-04-13T15:23:51.739+0000] {logging_mixin.py:188} INFO - [2025-04-13T15:23:51.738+0000] {dagbag.py:538} INFO - Filling up the DagBag from /home/airflow/.local/lib/python3.8/site-packages/airflow/example_dags/example_subdag_operator.py
[2025-04-13T15:23:51.774+0000] {processor.py:840} INFO - DAG(s) 'example_subdag_operator.section-1', 'example_subdag_operator.section-2', 'example_subdag_operator' retrieved from /home/airflow/.local/lib/python3.8/site-packages/airflow/example_dags/example_subdag_operator.py
[2025-04-13T15:23:51.798+0000] {logging_mixin.py:188} INFO - [2025-04-13T15:23:51.798+0000] {dag.py:3036} INFO - Sync 3 DAGs
[2025-04-13T15:23:51.836+0000] {logging_mixin.py:188} INFO - [2025-04-13T15:23:51.835+0000] {dag.py:3823} INFO - Setting next_dagrun for example_subdag_operator to 2022-01-01 00:00:00+00:00, run_after=2022-01-01 00:00:00+00:00
[2025-04-13T15:23:51.841+0000] {logging_mixin.py:188} INFO - [2025-04-13T15:23:51.841+0000] {dag.py:3823} INFO - Setting next_dagrun for example_subdag_operator.section-1 to None, run_after=None
[2025-04-13T15:23:51.844+0000] {logging_mixin.py:188} INFO - [2025-04-13T15:23:51.843+0000] {dag.py:3823} INFO - Setting next_dagrun for example_subdag_operator.section-2 to None, run_after=None
[2025-04-13T15:23:51.862+0000] {logging_mixin.py:188} INFO - [2025-04-13T15:23:51.862+0000] {dag.py:3036} INFO - Sync 2 DAGs
[2025-04-13T15:23:51.878+0000] {logging_mixin.py:188} INFO - [2025-04-13T15:23:51.878+0000] {dag.py:3823} INFO - Setting next_dagrun for example_subdag_operator.section-1 to None, run_after=None
[2025-04-13T15:23:51.879+0000] {logging_mixin.py:188} INFO - [2025-04-13T15:23:51.879+0000] {dag.py:3823} INFO - Setting next_dagrun for example_subdag_operator.section-2 to None, run_after=None
[2025-04-13T15:23:51.899+0000] {processor.py:183} INFO - Processing /home/airflow/.local/lib/python3.8/site-packages/airflow/example_dags/example_subdag_operator.py took 0.168 seconds
[2025-04-13T15:24:24.590+0000] {processor.py:161} INFO - Started process (PID=651) to work on /home/airflow/.local/lib/python3.8/site-packages/airflow/example_dags/example_subdag_operator.py
[2025-04-13T15:24:24.591+0000] {processor.py:830} INFO - Processing file /home/airflow/.local/lib/python3.8/site-packages/airflow/example_dags/example_subdag_operator.py for tasks to queue
[2025-04-13T15:24:24.594+0000] {logging_mixin.py:188} INFO - [2025-04-13T15:24:24.594+0000] {dagbag.py:538} INFO - Filling up the DagBag from /home/airflow/.local/lib/python3.8/site-packages/airflow/example_dags/example_subdag_operator.py
[2025-04-13T15:24:24.626+0000] {processor.py:840} INFO - DAG(s) 'example_subdag_operator.section-1', 'example_subdag_operator.section-2', 'example_subdag_operator' retrieved from /home/airflow/.local/lib/python3.8/site-packages/airflow/example_dags/example_subdag_operator.py
[2025-04-13T15:24:24.651+0000] {logging_mixin.py:188} INFO - [2025-04-13T15:24:24.651+0000] {dag.py:3036} INFO - Sync 3 DAGs
[2025-04-13T15:24:24.679+0000] {logging_mixin.py:188} INFO - [2025-04-13T15:24:24.679+0000] {dag.py:3823} INFO - Setting next_dagrun for example_subdag_operator to 2022-01-01 00:00:00+00:00, run_after=2022-01-01 00:00:00+00:00
[2025-04-13T15:24:24.684+0000] {logging_mixin.py:188} INFO - [2025-04-13T15:24:24.684+0000] {dag.py:3823} INFO - Setting next_dagrun for example_subdag_operator.section-1 to None, run_after=None
[2025-04-13T15:24:24.686+0000] {logging_mixin.py:188} INFO - [2025-04-13T15:24:24.685+0000] {dag.py:3823} INFO - Setting next_dagrun for example_subdag_operator.section-2 to None, run_after=None
[2025-04-13T15:24:24.694+0000] {logging_mixin.py:188} INFO - [2025-04-13T15:24:24.694+0000] {dag.py:3036} INFO - Sync 2 DAGs
[2025-04-13T15:24:24.700+0000] {logging_mixin.py:188} INFO - [2025-04-13T15:24:24.700+0000] {dag.py:3823} INFO - Setting next_dagrun for example_subdag_operator.section-1 to None, run_after=None
[2025-04-13T15:24:24.701+0000] {logging_mixin.py:188} INFO - [2025-04-13T15:24:24.700+0000] {dag.py:3823} INFO - Setting next_dagrun for example_subdag_operator.section-2 to None, run_after=None
[2025-04-13T15:24:24.714+0000] {processor.py:183} INFO - Processing /home/airflow/.local/lib/python3.8/site-packages/airflow/example_dags/example_subdag_operator.py took 0.129 seconds
[2025-04-13T15:24:57.217+0000] {processor.py:161} INFO - Started process (PID=707) to work on /home/airflow/.local/lib/python3.8/site-packages/airflow/example_dags/example_subdag_operator.py
[2025-04-13T15:24:57.218+0000] {processor.py:830} INFO - Processing file /home/airflow/.local/lib/python3.8/site-packages/airflow/example_dags/example_subdag_operator.py for tasks to queue
[2025-04-13T15:24:57.222+0000] {logging_mixin.py:188} INFO - [2025-04-13T15:24:57.222+0000] {dagbag.py:538} INFO - Filling up the DagBag from /home/airflow/.local/lib/python3.8/site-packages/airflow/example_dags/example_subdag_operator.py
[2025-04-13T15:24:57.249+0000] {processor.py:840} INFO - DAG(s) 'example_subdag_operator.section-1', 'example_subdag_operator.section-2', 'example_subdag_operator' retrieved from /home/airflow/.local/lib/python3.8/site-packages/airflow/example_dags/example_subdag_operator.py
[2025-04-13T15:24:57.270+0000] {logging_mixin.py:188} INFO - [2025-04-13T15:24:57.269+0000] {dag.py:3036} INFO - Sync 3 DAGs
[2025-04-13T15:24:57.296+0000] {logging_mixin.py:188} INFO - [2025-04-13T15:24:57.296+0000] {dag.py:3823} INFO - Setting next_dagrun for example_subdag_operator to 2022-01-01 00:00:00+00:00, run_after=2022-01-01 00:00:00+00:00
[2025-04-13T15:24:57.301+0000] {logging_mixin.py:188} INFO - [2025-04-13T15:24:57.301+0000] {dag.py:3823} INFO - Setting next_dagrun for example_subdag_operator.section-1 to None, run_after=None
[2025-04-13T15:24:57.303+0000] {logging_mixin.py:188} INFO - [2025-04-13T15:24:57.303+0000] {dag.py:3823} INFO - Setting next_dagrun for example_subdag_operator.section-2 to None, run_after=None
[2025-04-13T15:24:57.313+0000] {logging_mixin.py:188} INFO - [2025-04-13T15:24:57.313+0000] {dag.py:3036} INFO - Sync 2 DAGs
[2025-04-13T15:24:57.320+0000] {logging_mixin.py:188} INFO - [2025-04-13T15:24:57.320+0000] {dag.py:3823} INFO - Setting next_dagrun for example_subdag_operator.section-1 to None, run_after=None
[2025-04-13T15:24:57.321+0000] {logging_mixin.py:188} INFO - [2025-04-13T15:24:57.321+0000] {dag.py:3823} INFO - Setting next_dagrun for example_subdag_operator.section-2 to None, run_after=None
[2025-04-13T15:24:57.336+0000] {processor.py:183} INFO - Processing /home/airflow/.local/lib/python3.8/site-packages/airflow/example_dags/example_subdag_operator.py took 0.122 seconds
[2025-04-13T15:25:29.781+0000] {processor.py:161} INFO - Started process (PID=763) to work on /home/airflow/.local/lib/python3.8/site-packages/airflow/example_dags/example_subdag_operator.py
[2025-04-13T15:25:29.783+0000] {processor.py:830} INFO - Processing file /home/airflow/.local/lib/python3.8/site-packages/airflow/example_dags/example_subdag_operator.py for tasks to queue
[2025-04-13T15:25:29.789+0000] {logging_mixin.py:188} INFO - [2025-04-13T15:25:29.789+0000] {dagbag.py:538} INFO - Filling up the DagBag from /home/airflow/.local/lib/python3.8/site-packages/airflow/example_dags/example_subdag_operator.py
[2025-04-13T15:25:29.835+0000] {processor.py:840} INFO - DAG(s) 'example_subdag_operator.section-1', 'example_subdag_operator.section-2', 'example_subdag_operator' retrieved from /home/airflow/.local/lib/python3.8/site-packages/airflow/example_dags/example_subdag_operator.py
[2025-04-13T15:25:29.862+0000] {logging_mixin.py:188} INFO - [2025-04-13T15:25:29.862+0000] {dag.py:3036} INFO - Sync 3 DAGs
[2025-04-13T15:25:29.910+0000] {logging_mixin.py:188} INFO - [2025-04-13T15:25:29.909+0000] {dag.py:3823} INFO - Setting next_dagrun for example_subdag_operator to 2022-01-01 00:00:00+00:00, run_after=2022-01-01 00:00:00+00:00
[2025-04-13T15:25:29.915+0000] {logging_mixin.py:188} INFO - [2025-04-13T15:25:29.915+0000] {dag.py:3823} INFO - Setting next_dagrun for example_subdag_operator.section-1 to None, run_after=None
[2025-04-13T15:25:29.917+0000] {logging_mixin.py:188} INFO - [2025-04-13T15:25:29.917+0000] {dag.py:3823} INFO - Setting next_dagrun for example_subdag_operator.section-2 to None, run_after=None
[2025-04-13T15:25:29.928+0000] {logging_mixin.py:188} INFO - [2025-04-13T15:25:29.928+0000] {dag.py:3036} INFO - Sync 2 DAGs
[2025-04-13T15:25:29.936+0000] {logging_mixin.py:188} INFO - [2025-04-13T15:25:29.935+0000] {dag.py:3823} INFO - Setting next_dagrun for example_subdag_operator.section-1 to None, run_after=None
[2025-04-13T15:25:29.936+0000] {logging_mixin.py:188} INFO - [2025-04-13T15:25:29.936+0000] {dag.py:3823} INFO - Setting next_dagrun for example_subdag_operator.section-2 to None, run_after=None
[2025-04-13T15:25:29.952+0000] {processor.py:183} INFO - Processing /home/airflow/.local/lib/python3.8/site-packages/airflow/example_dags/example_subdag_operator.py took 0.175 seconds
[2025-04-13T15:26:02.464+0000] {processor.py:161} INFO - Started process (PID=819) to work on /home/airflow/.local/lib/python3.8/site-packages/airflow/example_dags/example_subdag_operator.py
[2025-04-13T15:26:02.465+0000] {processor.py:830} INFO - Processing file /home/airflow/.local/lib/python3.8/site-packages/airflow/example_dags/example_subdag_operator.py for tasks to queue
[2025-04-13T15:26:02.467+0000] {logging_mixin.py:188} INFO - [2025-04-13T15:26:02.467+0000] {dagbag.py:538} INFO - Filling up the DagBag from /home/airflow/.local/lib/python3.8/site-packages/airflow/example_dags/example_subdag_operator.py
[2025-04-13T15:26:02.498+0000] {processor.py:840} INFO - DAG(s) 'example_subdag_operator.section-1', 'example_subdag_operator.section-2', 'example_subdag_operator' retrieved from /home/airflow/.local/lib/python3.8/site-packages/airflow/example_dags/example_subdag_operator.py
[2025-04-13T15:26:02.518+0000] {logging_mixin.py:188} INFO - [2025-04-13T15:26:02.518+0000] {dag.py:3036} INFO - Sync 3 DAGs
[2025-04-13T15:26:02.544+0000] {logging_mixin.py:188} INFO - [2025-04-13T15:26:02.544+0000] {dag.py:3823} INFO - Setting next_dagrun for example_subdag_operator to 2022-01-01 00:00:00+00:00, run_after=2022-01-01 00:00:00+00:00
[2025-04-13T15:26:02.549+0000] {logging_mixin.py:188} INFO - [2025-04-13T15:26:02.548+0000] {dag.py:3823} INFO - Setting next_dagrun for example_subdag_operator.section-1 to None, run_after=None
[2025-04-13T15:26:02.550+0000] {logging_mixin.py:188} INFO - [2025-04-13T15:26:02.550+0000] {dag.py:3823} INFO - Setting next_dagrun for example_subdag_operator.section-2 to None, run_after=None
[2025-04-13T15:26:02.559+0000] {logging_mixin.py:188} INFO - [2025-04-13T15:26:02.559+0000] {dag.py:3036} INFO - Sync 2 DAGs
[2025-04-13T15:26:02.565+0000] {logging_mixin.py:188} INFO - [2025-04-13T15:26:02.565+0000] {dag.py:3823} INFO - Setting next_dagrun for example_subdag_operator.section-1 to None, run_after=None
[2025-04-13T15:26:02.565+0000] {logging_mixin.py:188} INFO - [2025-04-13T15:26:02.565+0000] {dag.py:3823} INFO - Setting next_dagrun for example_subdag_operator.section-2 to None, run_after=None
[2025-04-13T15:26:02.582+0000] {processor.py:183} INFO - Processing /home/airflow/.local/lib/python3.8/site-packages/airflow/example_dags/example_subdag_operator.py took 0.123 seconds
[2025-04-13T15:26:33.266+0000] {processor.py:161} INFO - Started process (PID=876) to work on /home/airflow/.local/lib/python3.8/site-packages/airflow/example_dags/example_subdag_operator.py
[2025-04-13T15:26:33.268+0000] {processor.py:830} INFO - Processing file /home/airflow/.local/lib/python3.8/site-packages/airflow/example_dags/example_subdag_operator.py for tasks to queue
[2025-04-13T15:26:33.270+0000] {logging_mixin.py:188} INFO - [2025-04-13T15:26:33.270+0000] {dagbag.py:538} INFO - Filling up the DagBag from /home/airflow/.local/lib/python3.8/site-packages/airflow/example_dags/example_subdag_operator.py
[2025-04-13T15:26:33.296+0000] {processor.py:840} INFO - DAG(s) 'example_subdag_operator.section-1', 'example_subdag_operator.section-2', 'example_subdag_operator' retrieved from /home/airflow/.local/lib/python3.8/site-packages/airflow/example_dags/example_subdag_operator.py
[2025-04-13T15:26:33.315+0000] {logging_mixin.py:188} INFO - [2025-04-13T15:26:33.315+0000] {dag.py:3036} INFO - Sync 3 DAGs
[2025-04-13T15:26:33.344+0000] {logging_mixin.py:188} INFO - [2025-04-13T15:26:33.344+0000] {dag.py:3823} INFO - Setting next_dagrun for example_subdag_operator to 2022-01-01 00:00:00+00:00, run_after=2022-01-01 00:00:00+00:00
[2025-04-13T15:26:33.351+0000] {logging_mixin.py:188} INFO - [2025-04-13T15:26:33.349+0000] {dag.py:3823} INFO - Setting next_dagrun for example_subdag_operator.section-1 to None, run_after=None
[2025-04-13T15:26:33.354+0000] {logging_mixin.py:188} INFO - [2025-04-13T15:26:33.353+0000] {dag.py:3823} INFO - Setting next_dagrun for example_subdag_operator.section-2 to None, run_after=None
[2025-04-13T15:26:33.365+0000] {logging_mixin.py:188} INFO - [2025-04-13T15:26:33.364+0000] {dag.py:3036} INFO - Sync 2 DAGs
[2025-04-13T15:26:33.371+0000] {logging_mixin.py:188} INFO - [2025-04-13T15:26:33.371+0000] {dag.py:3823} INFO - Setting next_dagrun for example_subdag_operator.section-1 to None, run_after=None
[2025-04-13T15:26:33.372+0000] {logging_mixin.py:188} INFO - [2025-04-13T15:26:33.372+0000] {dag.py:3823} INFO - Setting next_dagrun for example_subdag_operator.section-2 to None, run_after=None
[2025-04-13T15:26:33.386+0000] {processor.py:183} INFO - Processing /home/airflow/.local/lib/python3.8/site-packages/airflow/example_dags/example_subdag_operator.py took 0.124 seconds
[2025-04-13T15:27:04.099+0000] {processor.py:161} INFO - Started process (PID=932) to work on /home/airflow/.local/lib/python3.8/site-packages/airflow/example_dags/example_subdag_operator.py
[2025-04-13T15:27:04.101+0000] {processor.py:830} INFO - Processing file /home/airflow/.local/lib/python3.8/site-packages/airflow/example_dags/example_subdag_operator.py for tasks to queue
[2025-04-13T15:27:04.104+0000] {logging_mixin.py:188} INFO - [2025-04-13T15:27:04.104+0000] {dagbag.py:538} INFO - Filling up the DagBag from /home/airflow/.local/lib/python3.8/site-packages/airflow/example_dags/example_subdag_operator.py
[2025-04-13T15:27:04.139+0000] {processor.py:840} INFO - DAG(s) 'example_subdag_operator.section-1', 'example_subdag_operator.section-2', 'example_subdag_operator' retrieved from /home/airflow/.local/lib/python3.8/site-packages/airflow/example_dags/example_subdag_operator.py
[2025-04-13T15:27:04.170+0000] {logging_mixin.py:188} INFO - [2025-04-13T15:27:04.170+0000] {dag.py:3036} INFO - Sync 3 DAGs
[2025-04-13T15:27:04.201+0000] {logging_mixin.py:188} INFO - [2025-04-13T15:27:04.201+0000] {dag.py:3823} INFO - Setting next_dagrun for example_subdag_operator to 2022-01-01 00:00:00+00:00, run_after=2022-01-01 00:00:00+00:00
[2025-04-13T15:27:04.208+0000] {logging_mixin.py:188} INFO - [2025-04-13T15:27:04.207+0000] {dag.py:3823} INFO - Setting next_dagrun for example_subdag_operator.section-1 to None, run_after=None
[2025-04-13T15:27:04.212+0000] {logging_mixin.py:188} INFO - [2025-04-13T15:27:04.212+0000] {dag.py:3823} INFO - Setting next_dagrun for example_subdag_operator.section-2 to None, run_after=None
[2025-04-13T15:27:04.225+0000] {logging_mixin.py:188} INFO - [2025-04-13T15:27:04.225+0000] {dag.py:3036} INFO - Sync 2 DAGs
[2025-04-13T15:27:04.235+0000] {logging_mixin.py:188} INFO - [2025-04-13T15:27:04.234+0000] {dag.py:3823} INFO - Setting next_dagrun for example_subdag_operator.section-1 to None, run_after=None
[2025-04-13T15:27:04.236+0000] {logging_mixin.py:188} INFO - [2025-04-13T15:27:04.235+0000] {dag.py:3823} INFO - Setting next_dagrun for example_subdag_operator.section-2 to None, run_after=None
[2025-04-13T15:27:04.253+0000] {processor.py:183} INFO - Processing /home/airflow/.local/lib/python3.8/site-packages/airflow/example_dags/example_subdag_operator.py took 0.160 seconds
[2025-04-13T15:27:34.778+0000] {processor.py:161} INFO - Started process (PID=992) to work on /home/airflow/.local/lib/python3.8/site-packages/airflow/example_dags/example_subdag_operator.py
[2025-04-13T15:27:34.780+0000] {processor.py:830} INFO - Processing file /home/airflow/.local/lib/python3.8/site-packages/airflow/example_dags/example_subdag_operator.py for tasks to queue
[2025-04-13T15:27:34.783+0000] {logging_mixin.py:188} INFO - [2025-04-13T15:27:34.783+0000] {dagbag.py:538} INFO - Filling up the DagBag from /home/airflow/.local/lib/python3.8/site-packages/airflow/example_dags/example_subdag_operator.py
[2025-04-13T15:27:34.827+0000] {processor.py:840} INFO - DAG(s) 'example_subdag_operator.section-1', 'example_subdag_operator.section-2', 'example_subdag_operator' retrieved from /home/airflow/.local/lib/python3.8/site-packages/airflow/example_dags/example_subdag_operator.py
[2025-04-13T15:27:34.857+0000] {logging_mixin.py:188} INFO - [2025-04-13T15:27:34.857+0000] {dag.py:3036} INFO - Sync 3 DAGs
[2025-04-13T15:27:34.897+0000] {logging_mixin.py:188} INFO - [2025-04-13T15:27:34.897+0000] {dag.py:3823} INFO - Setting next_dagrun for example_subdag_operator to 2022-01-01 00:00:00+00:00, run_after=2022-01-01 00:00:00+00:00
[2025-04-13T15:27:34.903+0000] {logging_mixin.py:188} INFO - [2025-04-13T15:27:34.902+0000] {dag.py:3823} INFO - Setting next_dagrun for example_subdag_operator.section-1 to None, run_after=None
[2025-04-13T15:27:34.905+0000] {logging_mixin.py:188} INFO - [2025-04-13T15:27:34.905+0000] {dag.py:3823} INFO - Setting next_dagrun for example_subdag_operator.section-2 to None, run_after=None
[2025-04-13T15:27:34.915+0000] {logging_mixin.py:188} INFO - [2025-04-13T15:27:34.913+0000] {dag.py:3036} INFO - Sync 2 DAGs
[2025-04-13T15:27:34.922+0000] {logging_mixin.py:188} INFO - [2025-04-13T15:27:34.922+0000] {dag.py:3823} INFO - Setting next_dagrun for example_subdag_operator.section-1 to None, run_after=None
[2025-04-13T15:27:34.923+0000] {logging_mixin.py:188} INFO - [2025-04-13T15:27:34.923+0000] {dag.py:3823} INFO - Setting next_dagrun for example_subdag_operator.section-2 to None, run_after=None
[2025-04-13T15:27:34.940+0000] {processor.py:183} INFO - Processing /home/airflow/.local/lib/python3.8/site-packages/airflow/example_dags/example_subdag_operator.py took 0.166 seconds
[2025-04-13T15:28:05.718+0000] {processor.py:161} INFO - Started process (PID=1047) to work on /home/airflow/.local/lib/python3.8/site-packages/airflow/example_dags/example_subdag_operator.py
[2025-04-13T15:28:05.720+0000] {processor.py:830} INFO - Processing file /home/airflow/.local/lib/python3.8/site-packages/airflow/example_dags/example_subdag_operator.py for tasks to queue
[2025-04-13T15:28:05.722+0000] {logging_mixin.py:188} INFO - [2025-04-13T15:28:05.721+0000] {dagbag.py:538} INFO - Filling up the DagBag from /home/airflow/.local/lib/python3.8/site-packages/airflow/example_dags/example_subdag_operator.py
[2025-04-13T15:28:05.753+0000] {processor.py:840} INFO - DAG(s) 'example_subdag_operator.section-1', 'example_subdag_operator.section-2', 'example_subdag_operator' retrieved from /home/airflow/.local/lib/python3.8/site-packages/airflow/example_dags/example_subdag_operator.py
[2025-04-13T15:28:05.778+0000] {logging_mixin.py:188} INFO - [2025-04-13T15:28:05.778+0000] {dag.py:3036} INFO - Sync 3 DAGs
[2025-04-13T15:28:05.806+0000] {logging_mixin.py:188} INFO - [2025-04-13T15:28:05.806+0000] {dag.py:3823} INFO - Setting next_dagrun for example_subdag_operator to 2022-01-01 00:00:00+00:00, run_after=2022-01-01 00:00:00+00:00
[2025-04-13T15:28:05.811+0000] {logging_mixin.py:188} INFO - [2025-04-13T15:28:05.811+0000] {dag.py:3823} INFO - Setting next_dagrun for example_subdag_operator.section-1 to None, run_after=None
[2025-04-13T15:28:05.813+0000] {logging_mixin.py:188} INFO - [2025-04-13T15:28:05.813+0000] {dag.py:3823} INFO - Setting next_dagrun for example_subdag_operator.section-2 to None, run_after=None
[2025-04-13T15:28:05.824+0000] {logging_mixin.py:188} INFO - [2025-04-13T15:28:05.823+0000] {dag.py:3036} INFO - Sync 2 DAGs
[2025-04-13T15:28:05.833+0000] {logging_mixin.py:188} INFO - [2025-04-13T15:28:05.832+0000] {dag.py:3823} INFO - Setting next_dagrun for example_subdag_operator.section-1 to None, run_after=None
[2025-04-13T15:28:05.834+0000] {logging_mixin.py:188} INFO - [2025-04-13T15:28:05.833+0000] {dag.py:3823} INFO - Setting next_dagrun for example_subdag_operator.section-2 to None, run_after=None
[2025-04-13T15:28:05.858+0000] {processor.py:183} INFO - Processing /home/airflow/.local/lib/python3.8/site-packages/airflow/example_dags/example_subdag_operator.py took 0.143 seconds
[2025-04-13T15:28:36.530+0000] {processor.py:161} INFO - Started process (PID=1104) to work on /home/airflow/.local/lib/python3.8/site-packages/airflow/example_dags/example_subdag_operator.py
[2025-04-13T15:28:36.531+0000] {processor.py:830} INFO - Processing file /home/airflow/.local/lib/python3.8/site-packages/airflow/example_dags/example_subdag_operator.py for tasks to queue
[2025-04-13T15:28:36.533+0000] {logging_mixin.py:188} INFO - [2025-04-13T15:28:36.533+0000] {dagbag.py:538} INFO - Filling up the DagBag from /home/airflow/.local/lib/python3.8/site-packages/airflow/example_dags/example_subdag_operator.py
[2025-04-13T15:28:36.564+0000] {processor.py:840} INFO - DAG(s) 'example_subdag_operator.section-1', 'example_subdag_operator.section-2', 'example_subdag_operator' retrieved from /home/airflow/.local/lib/python3.8/site-packages/airflow/example_dags/example_subdag_operator.py
[2025-04-13T15:28:36.586+0000] {logging_mixin.py:188} INFO - [2025-04-13T15:28:36.586+0000] {dag.py:3036} INFO - Sync 3 DAGs
[2025-04-13T15:28:36.613+0000] {logging_mixin.py:188} INFO - [2025-04-13T15:28:36.613+0000] {dag.py:3823} INFO - Setting next_dagrun for example_subdag_operator to 2022-01-01 00:00:00+00:00, run_after=2022-01-01 00:00:00+00:00
[2025-04-13T15:28:36.617+0000] {logging_mixin.py:188} INFO - [2025-04-13T15:28:36.617+0000] {dag.py:3823} INFO - Setting next_dagrun for example_subdag_operator.section-1 to None, run_after=None
[2025-04-13T15:28:36.619+0000] {logging_mixin.py:188} INFO - [2025-04-13T15:28:36.619+0000] {dag.py:3823} INFO - Setting next_dagrun for example_subdag_operator.section-2 to None, run_after=None
[2025-04-13T15:28:36.628+0000] {logging_mixin.py:188} INFO - [2025-04-13T15:28:36.628+0000] {dag.py:3036} INFO - Sync 2 DAGs
[2025-04-13T15:28:36.636+0000] {logging_mixin.py:188} INFO - [2025-04-13T15:28:36.636+0000] {dag.py:3823} INFO - Setting next_dagrun for example_subdag_operator.section-1 to None, run_after=None
[2025-04-13T15:28:36.637+0000] {logging_mixin.py:188} INFO - [2025-04-13T15:28:36.637+0000] {dag.py:3823} INFO - Setting next_dagrun for example_subdag_operator.section-2 to None, run_after=None
[2025-04-13T15:28:36.654+0000] {processor.py:183} INFO - Processing /home/airflow/.local/lib/python3.8/site-packages/airflow/example_dags/example_subdag_operator.py took 0.128 seconds
[2025-04-13T15:29:07.386+0000] {processor.py:161} INFO - Started process (PID=1160) to work on /home/airflow/.local/lib/python3.8/site-packages/airflow/example_dags/example_subdag_operator.py
[2025-04-13T15:29:07.388+0000] {processor.py:830} INFO - Processing file /home/airflow/.local/lib/python3.8/site-packages/airflow/example_dags/example_subdag_operator.py for tasks to queue
[2025-04-13T15:29:07.391+0000] {logging_mixin.py:188} INFO - [2025-04-13T15:29:07.390+0000] {dagbag.py:538} INFO - Filling up the DagBag from /home/airflow/.local/lib/python3.8/site-packages/airflow/example_dags/example_subdag_operator.py
[2025-04-13T15:29:07.422+0000] {processor.py:840} INFO - DAG(s) 'example_subdag_operator.section-1', 'example_subdag_operator.section-2', 'example_subdag_operator' retrieved from /home/airflow/.local/lib/python3.8/site-packages/airflow/example_dags/example_subdag_operator.py
[2025-04-13T15:29:07.446+0000] {logging_mixin.py:188} INFO - [2025-04-13T15:29:07.446+0000] {dag.py:3036} INFO - Sync 3 DAGs
[2025-04-13T15:29:07.475+0000] {logging_mixin.py:188} INFO - [2025-04-13T15:29:07.475+0000] {dag.py:3823} INFO - Setting next_dagrun for example_subdag_operator to 2022-01-01 00:00:00+00:00, run_after=2022-01-01 00:00:00+00:00
[2025-04-13T15:29:07.480+0000] {logging_mixin.py:188} INFO - [2025-04-13T15:29:07.480+0000] {dag.py:3823} INFO - Setting next_dagrun for example_subdag_operator.section-1 to None, run_after=None
[2025-04-13T15:29:07.483+0000] {logging_mixin.py:188} INFO - [2025-04-13T15:29:07.482+0000] {dag.py:3823} INFO - Setting next_dagrun for example_subdag_operator.section-2 to None, run_after=None
[2025-04-13T15:29:07.492+0000] {logging_mixin.py:188} INFO - [2025-04-13T15:29:07.492+0000] {dag.py:3036} INFO - Sync 2 DAGs
[2025-04-13T15:29:07.499+0000] {logging_mixin.py:188} INFO - [2025-04-13T15:29:07.498+0000] {dag.py:3823} INFO - Setting next_dagrun for example_subdag_operator.section-1 to None, run_after=None
[2025-04-13T15:29:07.499+0000] {logging_mixin.py:188} INFO - [2025-04-13T15:29:07.499+0000] {dag.py:3823} INFO - Setting next_dagrun for example_subdag_operator.section-2 to None, run_after=None
[2025-04-13T15:29:07.515+0000] {processor.py:183} INFO - Processing /home/airflow/.local/lib/python3.8/site-packages/airflow/example_dags/example_subdag_operator.py took 0.134 seconds
[2025-04-13T15:29:37.659+0000] {processor.py:161} INFO - Started process (PID=1216) to work on /home/airflow/.local/lib/python3.8/site-packages/airflow/example_dags/example_subdag_operator.py
[2025-04-13T15:29:37.660+0000] {processor.py:830} INFO - Processing file /home/airflow/.local/lib/python3.8/site-packages/airflow/example_dags/example_subdag_operator.py for tasks to queue
[2025-04-13T15:29:37.662+0000] {logging_mixin.py:188} INFO - [2025-04-13T15:29:37.662+0000] {dagbag.py:538} INFO - Filling up the DagBag from /home/airflow/.local/lib/python3.8/site-packages/airflow/example_dags/example_subdag_operator.py
[2025-04-13T15:29:37.695+0000] {processor.py:840} INFO - DAG(s) 'example_subdag_operator.section-1', 'example_subdag_operator.section-2', 'example_subdag_operator' retrieved from /home/airflow/.local/lib/python3.8/site-packages/airflow/example_dags/example_subdag_operator.py
[2025-04-13T15:29:37.715+0000] {logging_mixin.py:188} INFO - [2025-04-13T15:29:37.715+0000] {dag.py:3036} INFO - Sync 3 DAGs
[2025-04-13T15:29:37.743+0000] {logging_mixin.py:188} INFO - [2025-04-13T15:29:37.743+0000] {dag.py:3823} INFO - Setting next_dagrun for example_subdag_operator to 2022-01-01 00:00:00+00:00, run_after=2022-01-01 00:00:00+00:00
[2025-04-13T15:29:37.747+0000] {logging_mixin.py:188} INFO - [2025-04-13T15:29:37.747+0000] {dag.py:3823} INFO - Setting next_dagrun for example_subdag_operator.section-1 to None, run_after=None
[2025-04-13T15:29:37.749+0000] {logging_mixin.py:188} INFO - [2025-04-13T15:29:37.749+0000] {dag.py:3823} INFO - Setting next_dagrun for example_subdag_operator.section-2 to None, run_after=None
[2025-04-13T15:29:37.759+0000] {logging_mixin.py:188} INFO - [2025-04-13T15:29:37.759+0000] {dag.py:3036} INFO - Sync 2 DAGs
[2025-04-13T15:29:37.766+0000] {logging_mixin.py:188} INFO - [2025-04-13T15:29:37.766+0000] {dag.py:3823} INFO - Setting next_dagrun for example_subdag_operator.section-1 to None, run_after=None
[2025-04-13T15:29:37.767+0000] {logging_mixin.py:188} INFO - [2025-04-13T15:29:37.767+0000] {dag.py:3823} INFO - Setting next_dagrun for example_subdag_operator.section-2 to None, run_after=None
[2025-04-13T15:29:37.786+0000] {processor.py:183} INFO - Processing /home/airflow/.local/lib/python3.8/site-packages/airflow/example_dags/example_subdag_operator.py took 0.131 seconds
[2025-04-13T15:30:07.855+0000] {processor.py:161} INFO - Started process (PID=1266) to work on /home/airflow/.local/lib/python3.8/site-packages/airflow/example_dags/example_subdag_operator.py
[2025-04-13T15:30:07.857+0000] {processor.py:830} INFO - Processing file /home/airflow/.local/lib/python3.8/site-packages/airflow/example_dags/example_subdag_operator.py for tasks to queue
[2025-04-13T15:30:07.859+0000] {logging_mixin.py:188} INFO - [2025-04-13T15:30:07.859+0000] {dagbag.py:538} INFO - Filling up the DagBag from /home/airflow/.local/lib/python3.8/site-packages/airflow/example_dags/example_subdag_operator.py
[2025-04-13T15:30:07.889+0000] {processor.py:840} INFO - DAG(s) 'example_subdag_operator.section-1', 'example_subdag_operator.section-2', 'example_subdag_operator' retrieved from /home/airflow/.local/lib/python3.8/site-packages/airflow/example_dags/example_subdag_operator.py
[2025-04-13T15:30:07.909+0000] {logging_mixin.py:188} INFO - [2025-04-13T15:30:07.907+0000] {dag.py:3036} INFO - Sync 3 DAGs
[2025-04-13T15:30:07.957+0000] {logging_mixin.py:188} INFO - [2025-04-13T15:30:07.957+0000] {dag.py:3823} INFO - Setting next_dagrun for example_subdag_operator to 2022-01-01 00:00:00+00:00, run_after=2022-01-01 00:00:00+00:00
[2025-04-13T15:30:07.965+0000] {logging_mixin.py:188} INFO - [2025-04-13T15:30:07.965+0000] {dag.py:3823} INFO - Setting next_dagrun for example_subdag_operator.section-1 to None, run_after=None
[2025-04-13T15:30:07.967+0000] {logging_mixin.py:188} INFO - [2025-04-13T15:30:07.967+0000] {dag.py:3823} INFO - Setting next_dagrun for example_subdag_operator.section-2 to None, run_after=None
[2025-04-13T15:30:07.989+0000] {logging_mixin.py:188} INFO - [2025-04-13T15:30:07.985+0000] {dag.py:3036} INFO - Sync 2 DAGs
[2025-04-13T15:30:07.998+0000] {logging_mixin.py:188} INFO - [2025-04-13T15:30:07.998+0000] {dag.py:3823} INFO - Setting next_dagrun for example_subdag_operator.section-1 to None, run_after=None
[2025-04-13T15:30:07.999+0000] {logging_mixin.py:188} INFO - [2025-04-13T15:30:07.999+0000] {dag.py:3823} INFO - Setting next_dagrun for example_subdag_operator.section-2 to None, run_after=None
[2025-04-13T15:30:08.024+0000] {processor.py:183} INFO - Processing /home/airflow/.local/lib/python3.8/site-packages/airflow/example_dags/example_subdag_operator.py took 0.173 seconds
[2025-04-13T15:30:38.229+0000] {processor.py:161} INFO - Started process (PID=1322) to work on /home/airflow/.local/lib/python3.8/site-packages/airflow/example_dags/example_subdag_operator.py
[2025-04-13T15:30:38.230+0000] {processor.py:830} INFO - Processing file /home/airflow/.local/lib/python3.8/site-packages/airflow/example_dags/example_subdag_operator.py for tasks to queue
[2025-04-13T15:30:38.233+0000] {logging_mixin.py:188} INFO - [2025-04-13T15:30:38.232+0000] {dagbag.py:538} INFO - Filling up the DagBag from /home/airflow/.local/lib/python3.8/site-packages/airflow/example_dags/example_subdag_operator.py
[2025-04-13T15:30:38.275+0000] {processor.py:840} INFO - DAG(s) 'example_subdag_operator.section-1', 'example_subdag_operator.section-2', 'example_subdag_operator' retrieved from /home/airflow/.local/lib/python3.8/site-packages/airflow/example_dags/example_subdag_operator.py
[2025-04-13T15:30:38.294+0000] {logging_mixin.py:188} INFO - [2025-04-13T15:30:38.294+0000] {dag.py:3036} INFO - Sync 3 DAGs
[2025-04-13T15:30:38.321+0000] {logging_mixin.py:188} INFO - [2025-04-13T15:30:38.321+0000] {dag.py:3823} INFO - Setting next_dagrun for example_subdag_operator to 2022-01-01 00:00:00+00:00, run_after=2022-01-01 00:00:00+00:00
[2025-04-13T15:30:38.326+0000] {logging_mixin.py:188} INFO - [2025-04-13T15:30:38.326+0000] {dag.py:3823} INFO - Setting next_dagrun for example_subdag_operator.section-1 to None, run_after=None
[2025-04-13T15:30:38.328+0000] {logging_mixin.py:188} INFO - [2025-04-13T15:30:38.328+0000] {dag.py:3823} INFO - Setting next_dagrun for example_subdag_operator.section-2 to None, run_after=None
[2025-04-13T15:30:38.337+0000] {logging_mixin.py:188} INFO - [2025-04-13T15:30:38.337+0000] {dag.py:3036} INFO - Sync 2 DAGs
[2025-04-13T15:30:38.344+0000] {logging_mixin.py:188} INFO - [2025-04-13T15:30:38.344+0000] {dag.py:3823} INFO - Setting next_dagrun for example_subdag_operator.section-1 to None, run_after=None
[2025-04-13T15:30:38.345+0000] {logging_mixin.py:188} INFO - [2025-04-13T15:30:38.345+0000] {dag.py:3823} INFO - Setting next_dagrun for example_subdag_operator.section-2 to None, run_after=None
[2025-04-13T15:30:38.362+0000] {processor.py:183} INFO - Processing /home/airflow/.local/lib/python3.8/site-packages/airflow/example_dags/example_subdag_operator.py took 0.137 seconds
[2025-04-13T15:31:08.800+0000] {processor.py:161} INFO - Started process (PID=1378) to work on /home/airflow/.local/lib/python3.8/site-packages/airflow/example_dags/example_subdag_operator.py
[2025-04-13T15:31:08.801+0000] {processor.py:830} INFO - Processing file /home/airflow/.local/lib/python3.8/site-packages/airflow/example_dags/example_subdag_operator.py for tasks to queue
[2025-04-13T15:31:08.803+0000] {logging_mixin.py:188} INFO - [2025-04-13T15:31:08.803+0000] {dagbag.py:538} INFO - Filling up the DagBag from /home/airflow/.local/lib/python3.8/site-packages/airflow/example_dags/example_subdag_operator.py
[2025-04-13T15:31:08.832+0000] {processor.py:840} INFO - DAG(s) 'example_subdag_operator.section-1', 'example_subdag_operator.section-2', 'example_subdag_operator' retrieved from /home/airflow/.local/lib/python3.8/site-packages/airflow/example_dags/example_subdag_operator.py
[2025-04-13T15:31:08.848+0000] {logging_mixin.py:188} INFO - [2025-04-13T15:31:08.848+0000] {dag.py:3036} INFO - Sync 3 DAGs
[2025-04-13T15:31:08.875+0000] {logging_mixin.py:188} INFO - [2025-04-13T15:31:08.875+0000] {dag.py:3823} INFO - Setting next_dagrun for example_subdag_operator to 2022-01-01 00:00:00+00:00, run_after=2022-01-01 00:00:00+00:00
[2025-04-13T15:31:08.879+0000] {logging_mixin.py:188} INFO - [2025-04-13T15:31:08.879+0000] {dag.py:3823} INFO - Setting next_dagrun for example_subdag_operator.section-1 to None, run_after=None
[2025-04-13T15:31:08.881+0000] {logging_mixin.py:188} INFO - [2025-04-13T15:31:08.881+0000] {dag.py:3823} INFO - Setting next_dagrun for example_subdag_operator.section-2 to None, run_after=None
[2025-04-13T15:31:08.889+0000] {logging_mixin.py:188} INFO - [2025-04-13T15:31:08.889+0000] {dag.py:3036} INFO - Sync 2 DAGs
[2025-04-13T15:31:08.895+0000] {logging_mixin.py:188} INFO - [2025-04-13T15:31:08.895+0000] {dag.py:3823} INFO - Setting next_dagrun for example_subdag_operator.section-1 to None, run_after=None
[2025-04-13T15:31:08.896+0000] {logging_mixin.py:188} INFO - [2025-04-13T15:31:08.896+0000] {dag.py:3823} INFO - Setting next_dagrun for example_subdag_operator.section-2 to None, run_after=None
[2025-04-13T15:31:08.919+0000] {processor.py:183} INFO - Processing /home/airflow/.local/lib/python3.8/site-packages/airflow/example_dags/example_subdag_operator.py took 0.123 seconds
[2025-04-13T15:31:39.155+0000] {processor.py:161} INFO - Started process (PID=1434) to work on /home/airflow/.local/lib/python3.8/site-packages/airflow/example_dags/example_subdag_operator.py
[2025-04-13T15:31:39.157+0000] {processor.py:830} INFO - Processing file /home/airflow/.local/lib/python3.8/site-packages/airflow/example_dags/example_subdag_operator.py for tasks to queue
[2025-04-13T15:31:39.160+0000] {logging_mixin.py:188} INFO - [2025-04-13T15:31:39.159+0000] {dagbag.py:538} INFO - Filling up the DagBag from /home/airflow/.local/lib/python3.8/site-packages/airflow/example_dags/example_subdag_operator.py
[2025-04-13T15:31:39.309+0000] {processor.py:840} INFO - DAG(s) 'example_subdag_operator.section-1', 'example_subdag_operator.section-2', 'example_subdag_operator' retrieved from /home/airflow/.local/lib/python3.8/site-packages/airflow/example_dags/example_subdag_operator.py
[2025-04-13T15:31:39.395+0000] {logging_mixin.py:188} INFO - [2025-04-13T15:31:39.395+0000] {dag.py:3036} INFO - Sync 3 DAGs
[2025-04-13T15:31:39.489+0000] {logging_mixin.py:188} INFO - [2025-04-13T15:31:39.489+0000] {dag.py:3823} INFO - Setting next_dagrun for example_subdag_operator to 2022-01-01 00:00:00+00:00, run_after=2022-01-01 00:00:00+00:00
[2025-04-13T15:31:39.504+0000] {logging_mixin.py:188} INFO - [2025-04-13T15:31:39.504+0000] {dag.py:3823} INFO - Setting next_dagrun for example_subdag_operator.section-1 to None, run_after=None
[2025-04-13T15:31:39.509+0000] {logging_mixin.py:188} INFO - [2025-04-13T15:31:39.508+0000] {dag.py:3823} INFO - Setting next_dagrun for example_subdag_operator.section-2 to None, run_after=None
[2025-04-13T15:31:39.537+0000] {logging_mixin.py:188} INFO - [2025-04-13T15:31:39.536+0000] {dag.py:3036} INFO - Sync 2 DAGs
[2025-04-13T15:31:39.562+0000] {logging_mixin.py:188} INFO - [2025-04-13T15:31:39.562+0000] {dag.py:3823} INFO - Setting next_dagrun for example_subdag_operator.section-1 to None, run_after=None
[2025-04-13T15:31:39.566+0000] {logging_mixin.py:188} INFO - [2025-04-13T15:31:39.566+0000] {dag.py:3823} INFO - Setting next_dagrun for example_subdag_operator.section-2 to None, run_after=None
[2025-04-13T15:31:39.602+0000] {processor.py:183} INFO - Processing /home/airflow/.local/lib/python3.8/site-packages/airflow/example_dags/example_subdag_operator.py took 0.468 seconds
[2025-04-13T15:32:10.292+0000] {processor.py:161} INFO - Started process (PID=1490) to work on /home/airflow/.local/lib/python3.8/site-packages/airflow/example_dags/example_subdag_operator.py
[2025-04-13T15:32:10.293+0000] {processor.py:830} INFO - Processing file /home/airflow/.local/lib/python3.8/site-packages/airflow/example_dags/example_subdag_operator.py for tasks to queue
[2025-04-13T15:32:10.297+0000] {logging_mixin.py:188} INFO - [2025-04-13T15:32:10.296+0000] {dagbag.py:538} INFO - Filling up the DagBag from /home/airflow/.local/lib/python3.8/site-packages/airflow/example_dags/example_subdag_operator.py
[2025-04-13T15:32:10.327+0000] {processor.py:840} INFO - DAG(s) 'example_subdag_operator.section-1', 'example_subdag_operator.section-2', 'example_subdag_operator' retrieved from /home/airflow/.local/lib/python3.8/site-packages/airflow/example_dags/example_subdag_operator.py
[2025-04-13T15:32:10.343+0000] {logging_mixin.py:188} INFO - [2025-04-13T15:32:10.343+0000] {dag.py:3036} INFO - Sync 3 DAGs
[2025-04-13T15:32:10.365+0000] {logging_mixin.py:188} INFO - [2025-04-13T15:32:10.365+0000] {dag.py:3823} INFO - Setting next_dagrun for example_subdag_operator to 2022-01-01 00:00:00+00:00, run_after=2022-01-01 00:00:00+00:00
[2025-04-13T15:32:10.370+0000] {logging_mixin.py:188} INFO - [2025-04-13T15:32:10.370+0000] {dag.py:3823} INFO - Setting next_dagrun for example_subdag_operator.section-1 to None, run_after=None
[2025-04-13T15:32:10.372+0000] {logging_mixin.py:188} INFO - [2025-04-13T15:32:10.372+0000] {dag.py:3823} INFO - Setting next_dagrun for example_subdag_operator.section-2 to None, run_after=None
[2025-04-13T15:32:10.380+0000] {logging_mixin.py:188} INFO - [2025-04-13T15:32:10.380+0000] {dag.py:3036} INFO - Sync 2 DAGs
[2025-04-13T15:32:10.386+0000] {logging_mixin.py:188} INFO - [2025-04-13T15:32:10.386+0000] {dag.py:3823} INFO - Setting next_dagrun for example_subdag_operator.section-1 to None, run_after=None
[2025-04-13T15:32:10.387+0000] {logging_mixin.py:188} INFO - [2025-04-13T15:32:10.387+0000] {dag.py:3823} INFO - Setting next_dagrun for example_subdag_operator.section-2 to None, run_after=None
[2025-04-13T15:32:10.404+0000] {processor.py:183} INFO - Processing /home/airflow/.local/lib/python3.8/site-packages/airflow/example_dags/example_subdag_operator.py took 0.117 seconds
[2025-04-13T15:32:40.887+0000] {processor.py:161} INFO - Started process (PID=1547) to work on /home/airflow/.local/lib/python3.8/site-packages/airflow/example_dags/example_subdag_operator.py
[2025-04-13T15:32:40.888+0000] {processor.py:830} INFO - Processing file /home/airflow/.local/lib/python3.8/site-packages/airflow/example_dags/example_subdag_operator.py for tasks to queue
[2025-04-13T15:32:40.891+0000] {logging_mixin.py:188} INFO - [2025-04-13T15:32:40.891+0000] {dagbag.py:538} INFO - Filling up the DagBag from /home/airflow/.local/lib/python3.8/site-packages/airflow/example_dags/example_subdag_operator.py
[2025-04-13T15:32:40.920+0000] {processor.py:840} INFO - DAG(s) 'example_subdag_operator.section-1', 'example_subdag_operator.section-2', 'example_subdag_operator' retrieved from /home/airflow/.local/lib/python3.8/site-packages/airflow/example_dags/example_subdag_operator.py
[2025-04-13T15:32:40.938+0000] {logging_mixin.py:188} INFO - [2025-04-13T15:32:40.937+0000] {dag.py:3036} INFO - Sync 3 DAGs
[2025-04-13T15:32:40.962+0000] {logging_mixin.py:188} INFO - [2025-04-13T15:32:40.961+0000] {dag.py:3823} INFO - Setting next_dagrun for example_subdag_operator to 2022-01-01 00:00:00+00:00, run_after=2022-01-01 00:00:00+00:00
[2025-04-13T15:32:40.966+0000] {logging_mixin.py:188} INFO - [2025-04-13T15:32:40.966+0000] {dag.py:3823} INFO - Setting next_dagrun for example_subdag_operator.section-1 to None, run_after=None
[2025-04-13T15:32:40.968+0000] {logging_mixin.py:188} INFO - [2025-04-13T15:32:40.968+0000] {dag.py:3823} INFO - Setting next_dagrun for example_subdag_operator.section-2 to None, run_after=None
[2025-04-13T15:32:40.976+0000] {logging_mixin.py:188} INFO - [2025-04-13T15:32:40.976+0000] {dag.py:3036} INFO - Sync 2 DAGs
[2025-04-13T15:32:40.982+0000] {logging_mixin.py:188} INFO - [2025-04-13T15:32:40.982+0000] {dag.py:3823} INFO - Setting next_dagrun for example_subdag_operator.section-1 to None, run_after=None
[2025-04-13T15:32:40.983+0000] {logging_mixin.py:188} INFO - [2025-04-13T15:32:40.983+0000] {dag.py:3823} INFO - Setting next_dagrun for example_subdag_operator.section-2 to None, run_after=None
[2025-04-13T15:32:41.002+0000] {processor.py:183} INFO - Processing /home/airflow/.local/lib/python3.8/site-packages/airflow/example_dags/example_subdag_operator.py took 0.119 seconds
[2025-04-13T15:33:11.281+0000] {processor.py:161} INFO - Started process (PID=1603) to work on /home/airflow/.local/lib/python3.8/site-packages/airflow/example_dags/example_subdag_operator.py
[2025-04-13T15:33:11.283+0000] {processor.py:830} INFO - Processing file /home/airflow/.local/lib/python3.8/site-packages/airflow/example_dags/example_subdag_operator.py for tasks to queue
[2025-04-13T15:33:11.285+0000] {logging_mixin.py:188} INFO - [2025-04-13T15:33:11.285+0000] {dagbag.py:538} INFO - Filling up the DagBag from /home/airflow/.local/lib/python3.8/site-packages/airflow/example_dags/example_subdag_operator.py
[2025-04-13T15:33:11.316+0000] {processor.py:840} INFO - DAG(s) 'example_subdag_operator.section-1', 'example_subdag_operator.section-2', 'example_subdag_operator' retrieved from /home/airflow/.local/lib/python3.8/site-packages/airflow/example_dags/example_subdag_operator.py
[2025-04-13T15:33:11.333+0000] {logging_mixin.py:188} INFO - [2025-04-13T15:33:11.333+0000] {dag.py:3036} INFO - Sync 3 DAGs
[2025-04-13T15:33:11.361+0000] {logging_mixin.py:188} INFO - [2025-04-13T15:33:11.361+0000] {dag.py:3823} INFO - Setting next_dagrun for example_subdag_operator to 2022-01-01 00:00:00+00:00, run_after=2022-01-01 00:00:00+00:00
[2025-04-13T15:33:11.366+0000] {logging_mixin.py:188} INFO - [2025-04-13T15:33:11.366+0000] {dag.py:3823} INFO - Setting next_dagrun for example_subdag_operator.section-1 to None, run_after=None
[2025-04-13T15:33:11.368+0000] {logging_mixin.py:188} INFO - [2025-04-13T15:33:11.368+0000] {dag.py:3823} INFO - Setting next_dagrun for example_subdag_operator.section-2 to None, run_after=None
[2025-04-13T15:33:11.377+0000] {logging_mixin.py:188} INFO - [2025-04-13T15:33:11.377+0000] {dag.py:3036} INFO - Sync 2 DAGs
[2025-04-13T15:33:11.383+0000] {logging_mixin.py:188} INFO - [2025-04-13T15:33:11.383+0000] {dag.py:3823} INFO - Setting next_dagrun for example_subdag_operator.section-1 to None, run_after=None
[2025-04-13T15:33:11.384+0000] {logging_mixin.py:188} INFO - [2025-04-13T15:33:11.384+0000] {dag.py:3823} INFO - Setting next_dagrun for example_subdag_operator.section-2 to None, run_after=None
[2025-04-13T15:33:11.399+0000] {processor.py:183} INFO - Processing /home/airflow/.local/lib/python3.8/site-packages/airflow/example_dags/example_subdag_operator.py took 0.122 seconds
[2025-04-13T15:33:42.927+0000] {processor.py:161} INFO - Started process (PID=1657) to work on /home/airflow/.local/lib/python3.8/site-packages/airflow/example_dags/example_subdag_operator.py
[2025-04-13T15:33:42.928+0000] {processor.py:830} INFO - Processing file /home/airflow/.local/lib/python3.8/site-packages/airflow/example_dags/example_subdag_operator.py for tasks to queue
[2025-04-13T15:33:42.930+0000] {logging_mixin.py:188} INFO - [2025-04-13T15:33:42.930+0000] {dagbag.py:538} INFO - Filling up the DagBag from /home/airflow/.local/lib/python3.8/site-packages/airflow/example_dags/example_subdag_operator.py
[2025-04-13T15:33:42.962+0000] {processor.py:840} INFO - DAG(s) 'example_subdag_operator.section-1', 'example_subdag_operator.section-2', 'example_subdag_operator' retrieved from /home/airflow/.local/lib/python3.8/site-packages/airflow/example_dags/example_subdag_operator.py
[2025-04-13T15:33:42.980+0000] {logging_mixin.py:188} INFO - [2025-04-13T15:33:42.979+0000] {dag.py:3036} INFO - Sync 3 DAGs
[2025-04-13T15:33:43.013+0000] {logging_mixin.py:188} INFO - [2025-04-13T15:33:43.013+0000] {dag.py:3823} INFO - Setting next_dagrun for example_subdag_operator to 2022-01-01 00:00:00+00:00, run_after=2022-01-01 00:00:00+00:00
[2025-04-13T15:33:43.019+0000] {logging_mixin.py:188} INFO - [2025-04-13T15:33:43.019+0000] {dag.py:3823} INFO - Setting next_dagrun for example_subdag_operator.section-1 to None, run_after=None
[2025-04-13T15:33:43.022+0000] {logging_mixin.py:188} INFO - [2025-04-13T15:33:43.021+0000] {dag.py:3823} INFO - Setting next_dagrun for example_subdag_operator.section-2 to None, run_after=None
[2025-04-13T15:33:43.035+0000] {logging_mixin.py:188} INFO - [2025-04-13T15:33:43.034+0000] {dag.py:3036} INFO - Sync 2 DAGs
[2025-04-13T15:33:43.042+0000] {logging_mixin.py:188} INFO - [2025-04-13T15:33:43.042+0000] {dag.py:3823} INFO - Setting next_dagrun for example_subdag_operator.section-1 to None, run_after=None
[2025-04-13T15:33:43.043+0000] {logging_mixin.py:188} INFO - [2025-04-13T15:33:43.043+0000] {dag.py:3823} INFO - Setting next_dagrun for example_subdag_operator.section-2 to None, run_after=None
[2025-04-13T15:33:43.058+0000] {processor.py:183} INFO - Processing /home/airflow/.local/lib/python3.8/site-packages/airflow/example_dags/example_subdag_operator.py took 0.135 seconds
[2025-04-13T15:34:15.521+0000] {processor.py:161} INFO - Started process (PID=1712) to work on /home/airflow/.local/lib/python3.8/site-packages/airflow/example_dags/example_subdag_operator.py
[2025-04-13T15:34:15.523+0000] {processor.py:830} INFO - Processing file /home/airflow/.local/lib/python3.8/site-packages/airflow/example_dags/example_subdag_operator.py for tasks to queue
[2025-04-13T15:34:15.533+0000] {logging_mixin.py:188} INFO - [2025-04-13T15:34:15.528+0000] {dagbag.py:538} INFO - Filling up the DagBag from /home/airflow/.local/lib/python3.8/site-packages/airflow/example_dags/example_subdag_operator.py
[2025-04-13T15:34:15.584+0000] {processor.py:840} INFO - DAG(s) 'example_subdag_operator.section-1', 'example_subdag_operator.section-2', 'example_subdag_operator' retrieved from /home/airflow/.local/lib/python3.8/site-packages/airflow/example_dags/example_subdag_operator.py
[2025-04-13T15:34:15.616+0000] {logging_mixin.py:188} INFO - [2025-04-13T15:34:15.616+0000] {dag.py:3036} INFO - Sync 3 DAGs
[2025-04-13T15:34:15.647+0000] {logging_mixin.py:188} INFO - [2025-04-13T15:34:15.647+0000] {dag.py:3823} INFO - Setting next_dagrun for example_subdag_operator to 2022-01-01 00:00:00+00:00, run_after=2022-01-01 00:00:00+00:00
[2025-04-13T15:34:15.651+0000] {logging_mixin.py:188} INFO - [2025-04-13T15:34:15.651+0000] {dag.py:3823} INFO - Setting next_dagrun for example_subdag_operator.section-1 to None, run_after=None
[2025-04-13T15:34:15.654+0000] {logging_mixin.py:188} INFO - [2025-04-13T15:34:15.653+0000] {dag.py:3823} INFO - Setting next_dagrun for example_subdag_operator.section-2 to None, run_after=None
[2025-04-13T15:34:15.663+0000] {logging_mixin.py:188} INFO - [2025-04-13T15:34:15.662+0000] {dag.py:3036} INFO - Sync 2 DAGs
[2025-04-13T15:34:15.669+0000] {logging_mixin.py:188} INFO - [2025-04-13T15:34:15.669+0000] {dag.py:3823} INFO - Setting next_dagrun for example_subdag_operator.section-1 to None, run_after=None
[2025-04-13T15:34:15.670+0000] {logging_mixin.py:188} INFO - [2025-04-13T15:34:15.670+0000] {dag.py:3823} INFO - Setting next_dagrun for example_subdag_operator.section-2 to None, run_after=None
[2025-04-13T15:34:15.684+0000] {processor.py:183} INFO - Processing /home/airflow/.local/lib/python3.8/site-packages/airflow/example_dags/example_subdag_operator.py took 0.167 seconds
[2025-04-13T15:34:48.020+0000] {processor.py:161} INFO - Started process (PID=1768) to work on /home/airflow/.local/lib/python3.8/site-packages/airflow/example_dags/example_subdag_operator.py
[2025-04-13T15:34:48.022+0000] {processor.py:830} INFO - Processing file /home/airflow/.local/lib/python3.8/site-packages/airflow/example_dags/example_subdag_operator.py for tasks to queue
[2025-04-13T15:34:48.025+0000] {logging_mixin.py:188} INFO - [2025-04-13T15:34:48.024+0000] {dagbag.py:538} INFO - Filling up the DagBag from /home/airflow/.local/lib/python3.8/site-packages/airflow/example_dags/example_subdag_operator.py
[2025-04-13T15:34:48.052+0000] {processor.py:840} INFO - DAG(s) 'example_subdag_operator.section-1', 'example_subdag_operator.section-2', 'example_subdag_operator' retrieved from /home/airflow/.local/lib/python3.8/site-packages/airflow/example_dags/example_subdag_operator.py
[2025-04-13T15:34:48.072+0000] {logging_mixin.py:188} INFO - [2025-04-13T15:34:48.071+0000] {dag.py:3036} INFO - Sync 3 DAGs
[2025-04-13T15:34:48.099+0000] {logging_mixin.py:188} INFO - [2025-04-13T15:34:48.098+0000] {dag.py:3823} INFO - Setting next_dagrun for example_subdag_operator to 2022-01-01 00:00:00+00:00, run_after=2022-01-01 00:00:00+00:00
[2025-04-13T15:34:48.104+0000] {logging_mixin.py:188} INFO - [2025-04-13T15:34:48.104+0000] {dag.py:3823} INFO - Setting next_dagrun for example_subdag_operator.section-1 to None, run_after=None
[2025-04-13T15:34:48.106+0000] {logging_mixin.py:188} INFO - [2025-04-13T15:34:48.106+0000] {dag.py:3823} INFO - Setting next_dagrun for example_subdag_operator.section-2 to None, run_after=None
[2025-04-13T15:34:48.116+0000] {logging_mixin.py:188} INFO - [2025-04-13T15:34:48.115+0000] {dag.py:3036} INFO - Sync 2 DAGs
[2025-04-13T15:34:48.124+0000] {logging_mixin.py:188} INFO - [2025-04-13T15:34:48.124+0000] {dag.py:3823} INFO - Setting next_dagrun for example_subdag_operator.section-1 to None, run_after=None
[2025-04-13T15:34:48.125+0000] {logging_mixin.py:188} INFO - [2025-04-13T15:34:48.124+0000] {dag.py:3823} INFO - Setting next_dagrun for example_subdag_operator.section-2 to None, run_after=None
[2025-04-13T15:34:48.144+0000] {processor.py:183} INFO - Processing /home/airflow/.local/lib/python3.8/site-packages/airflow/example_dags/example_subdag_operator.py took 0.127 seconds
[2025-04-13T15:35:20.654+0000] {processor.py:161} INFO - Started process (PID=1822) to work on /home/airflow/.local/lib/python3.8/site-packages/airflow/example_dags/example_subdag_operator.py
[2025-04-13T15:35:20.656+0000] {processor.py:830} INFO - Processing file /home/airflow/.local/lib/python3.8/site-packages/airflow/example_dags/example_subdag_operator.py for tasks to queue
[2025-04-13T15:35:20.658+0000] {logging_mixin.py:188} INFO - [2025-04-13T15:35:20.657+0000] {dagbag.py:538} INFO - Filling up the DagBag from /home/airflow/.local/lib/python3.8/site-packages/airflow/example_dags/example_subdag_operator.py
[2025-04-13T15:35:20.693+0000] {processor.py:840} INFO - DAG(s) 'example_subdag_operator.section-1', 'example_subdag_operator.section-2', 'example_subdag_operator' retrieved from /home/airflow/.local/lib/python3.8/site-packages/airflow/example_dags/example_subdag_operator.py
[2025-04-13T15:35:20.726+0000] {logging_mixin.py:188} INFO - [2025-04-13T15:35:20.726+0000] {dag.py:3036} INFO - Sync 3 DAGs
[2025-04-13T15:35:20.757+0000] {logging_mixin.py:188} INFO - [2025-04-13T15:35:20.756+0000] {dag.py:3823} INFO - Setting next_dagrun for example_subdag_operator to 2022-01-01 00:00:00+00:00, run_after=2022-01-01 00:00:00+00:00
[2025-04-13T15:35:20.761+0000] {logging_mixin.py:188} INFO - [2025-04-13T15:35:20.761+0000] {dag.py:3823} INFO - Setting next_dagrun for example_subdag_operator.section-1 to None, run_after=None
[2025-04-13T15:35:20.765+0000] {logging_mixin.py:188} INFO - [2025-04-13T15:35:20.764+0000] {dag.py:3823} INFO - Setting next_dagrun for example_subdag_operator.section-2 to None, run_after=None
[2025-04-13T15:35:20.774+0000] {logging_mixin.py:188} INFO - [2025-04-13T15:35:20.774+0000] {dag.py:3036} INFO - Sync 2 DAGs
[2025-04-13T15:35:20.782+0000] {logging_mixin.py:188} INFO - [2025-04-13T15:35:20.781+0000] {dag.py:3823} INFO - Setting next_dagrun for example_subdag_operator.section-1 to None, run_after=None
[2025-04-13T15:35:20.783+0000] {logging_mixin.py:188} INFO - [2025-04-13T15:35:20.782+0000] {dag.py:3823} INFO - Setting next_dagrun for example_subdag_operator.section-2 to None, run_after=None
[2025-04-13T15:35:20.798+0000] {processor.py:183} INFO - Processing /home/airflow/.local/lib/python3.8/site-packages/airflow/example_dags/example_subdag_operator.py took 0.148 seconds
[2025-04-13T15:35:53.020+0000] {processor.py:161} INFO - Started process (PID=1875) to work on /home/airflow/.local/lib/python3.8/site-packages/airflow/example_dags/example_subdag_operator.py
[2025-04-13T15:35:53.021+0000] {processor.py:830} INFO - Processing file /home/airflow/.local/lib/python3.8/site-packages/airflow/example_dags/example_subdag_operator.py for tasks to queue
[2025-04-13T15:35:53.023+0000] {logging_mixin.py:188} INFO - [2025-04-13T15:35:53.023+0000] {dagbag.py:538} INFO - Filling up the DagBag from /home/airflow/.local/lib/python3.8/site-packages/airflow/example_dags/example_subdag_operator.py
[2025-04-13T15:35:53.050+0000] {processor.py:840} INFO - DAG(s) 'example_subdag_operator.section-1', 'example_subdag_operator.section-2', 'example_subdag_operator' retrieved from /home/airflow/.local/lib/python3.8/site-packages/airflow/example_dags/example_subdag_operator.py
[2025-04-13T15:35:53.072+0000] {logging_mixin.py:188} INFO - [2025-04-13T15:35:53.072+0000] {dag.py:3036} INFO - Sync 3 DAGs
[2025-04-13T15:35:53.099+0000] {logging_mixin.py:188} INFO - [2025-04-13T15:35:53.099+0000] {dag.py:3823} INFO - Setting next_dagrun for example_subdag_operator to 2022-01-01 00:00:00+00:00, run_after=2022-01-01 00:00:00+00:00
[2025-04-13T15:35:53.104+0000] {logging_mixin.py:188} INFO - [2025-04-13T15:35:53.104+0000] {dag.py:3823} INFO - Setting next_dagrun for example_subdag_operator.section-1 to None, run_after=None
[2025-04-13T15:35:53.106+0000] {logging_mixin.py:188} INFO - [2025-04-13T15:35:53.106+0000] {dag.py:3823} INFO - Setting next_dagrun for example_subdag_operator.section-2 to None, run_after=None
[2025-04-13T15:35:53.115+0000] {logging_mixin.py:188} INFO - [2025-04-13T15:35:53.115+0000] {dag.py:3036} INFO - Sync 2 DAGs
[2025-04-13T15:35:53.122+0000] {logging_mixin.py:188} INFO - [2025-04-13T15:35:53.122+0000] {dag.py:3823} INFO - Setting next_dagrun for example_subdag_operator.section-1 to None, run_after=None
[2025-04-13T15:35:53.123+0000] {logging_mixin.py:188} INFO - [2025-04-13T15:35:53.123+0000] {dag.py:3823} INFO - Setting next_dagrun for example_subdag_operator.section-2 to None, run_after=None
[2025-04-13T15:35:53.138+0000] {processor.py:183} INFO - Processing /home/airflow/.local/lib/python3.8/site-packages/airflow/example_dags/example_subdag_operator.py took 0.122 seconds
[2025-04-13T15:36:25.893+0000] {processor.py:161} INFO - Started process (PID=1931) to work on /home/airflow/.local/lib/python3.8/site-packages/airflow/example_dags/example_subdag_operator.py
[2025-04-13T15:36:25.894+0000] {processor.py:830} INFO - Processing file /home/airflow/.local/lib/python3.8/site-packages/airflow/example_dags/example_subdag_operator.py for tasks to queue
[2025-04-13T15:36:25.897+0000] {logging_mixin.py:188} INFO - [2025-04-13T15:36:25.896+0000] {dagbag.py:538} INFO - Filling up the DagBag from /home/airflow/.local/lib/python3.8/site-packages/airflow/example_dags/example_subdag_operator.py
[2025-04-13T15:36:25.926+0000] {processor.py:840} INFO - DAG(s) 'example_subdag_operator.section-1', 'example_subdag_operator.section-2', 'example_subdag_operator' retrieved from /home/airflow/.local/lib/python3.8/site-packages/airflow/example_dags/example_subdag_operator.py
[2025-04-13T15:36:25.943+0000] {logging_mixin.py:188} INFO - [2025-04-13T15:36:25.943+0000] {dag.py:3036} INFO - Sync 3 DAGs
[2025-04-13T15:36:25.971+0000] {logging_mixin.py:188} INFO - [2025-04-13T15:36:25.970+0000] {dag.py:3823} INFO - Setting next_dagrun for example_subdag_operator to 2022-01-01 00:00:00+00:00, run_after=2022-01-01 00:00:00+00:00
[2025-04-13T15:36:25.976+0000] {logging_mixin.py:188} INFO - [2025-04-13T15:36:25.976+0000] {dag.py:3823} INFO - Setting next_dagrun for example_subdag_operator.section-1 to None, run_after=None
[2025-04-13T15:36:25.979+0000] {logging_mixin.py:188} INFO - [2025-04-13T15:36:25.978+0000] {dag.py:3823} INFO - Setting next_dagrun for example_subdag_operator.section-2 to None, run_after=None
[2025-04-13T15:36:25.989+0000] {logging_mixin.py:188} INFO - [2025-04-13T15:36:25.989+0000] {dag.py:3036} INFO - Sync 2 DAGs
[2025-04-13T15:36:25.996+0000] {logging_mixin.py:188} INFO - [2025-04-13T15:36:25.995+0000] {dag.py:3823} INFO - Setting next_dagrun for example_subdag_operator.section-1 to None, run_after=None
[2025-04-13T15:36:25.996+0000] {logging_mixin.py:188} INFO - [2025-04-13T15:36:25.996+0000] {dag.py:3823} INFO - Setting next_dagrun for example_subdag_operator.section-2 to None, run_after=None
[2025-04-13T15:36:26.010+0000] {processor.py:183} INFO - Processing /home/airflow/.local/lib/python3.8/site-packages/airflow/example_dags/example_subdag_operator.py took 0.120 seconds
[2025-04-13T15:36:58.324+0000] {processor.py:161} INFO - Started process (PID=1987) to work on /home/airflow/.local/lib/python3.8/site-packages/airflow/example_dags/example_subdag_operator.py
[2025-04-13T15:36:58.325+0000] {processor.py:830} INFO - Processing file /home/airflow/.local/lib/python3.8/site-packages/airflow/example_dags/example_subdag_operator.py for tasks to queue
[2025-04-13T15:36:58.327+0000] {logging_mixin.py:188} INFO - [2025-04-13T15:36:58.327+0000] {dagbag.py:538} INFO - Filling up the DagBag from /home/airflow/.local/lib/python3.8/site-packages/airflow/example_dags/example_subdag_operator.py
[2025-04-13T15:36:58.354+0000] {processor.py:840} INFO - DAG(s) 'example_subdag_operator.section-1', 'example_subdag_operator.section-2', 'example_subdag_operator' retrieved from /home/airflow/.local/lib/python3.8/site-packages/airflow/example_dags/example_subdag_operator.py
[2025-04-13T15:36:58.375+0000] {logging_mixin.py:188} INFO - [2025-04-13T15:36:58.374+0000] {dag.py:3036} INFO - Sync 3 DAGs
[2025-04-13T15:36:58.401+0000] {logging_mixin.py:188} INFO - [2025-04-13T15:36:58.400+0000] {dag.py:3823} INFO - Setting next_dagrun for example_subdag_operator to 2022-01-01 00:00:00+00:00, run_after=2022-01-01 00:00:00+00:00
[2025-04-13T15:36:58.406+0000] {logging_mixin.py:188} INFO - [2025-04-13T15:36:58.406+0000] {dag.py:3823} INFO - Setting next_dagrun for example_subdag_operator.section-1 to None, run_after=None
[2025-04-13T15:36:58.408+0000] {logging_mixin.py:188} INFO - [2025-04-13T15:36:58.408+0000] {dag.py:3823} INFO - Setting next_dagrun for example_subdag_operator.section-2 to None, run_after=None
[2025-04-13T15:36:58.419+0000] {logging_mixin.py:188} INFO - [2025-04-13T15:36:58.418+0000] {dag.py:3036} INFO - Sync 2 DAGs
[2025-04-13T15:36:58.425+0000] {logging_mixin.py:188} INFO - [2025-04-13T15:36:58.425+0000] {dag.py:3823} INFO - Setting next_dagrun for example_subdag_operator.section-1 to None, run_after=None
[2025-04-13T15:36:58.426+0000] {logging_mixin.py:188} INFO - [2025-04-13T15:36:58.426+0000] {dag.py:3823} INFO - Setting next_dagrun for example_subdag_operator.section-2 to None, run_after=None
[2025-04-13T15:36:58.438+0000] {processor.py:183} INFO - Processing /home/airflow/.local/lib/python3.8/site-packages/airflow/example_dags/example_subdag_operator.py took 0.117 seconds
[2025-04-13T15:37:31.320+0000] {processor.py:161} INFO - Started process (PID=2043) to work on /home/airflow/.local/lib/python3.8/site-packages/airflow/example_dags/example_subdag_operator.py
[2025-04-13T15:37:31.322+0000] {processor.py:830} INFO - Processing file /home/airflow/.local/lib/python3.8/site-packages/airflow/example_dags/example_subdag_operator.py for tasks to queue
[2025-04-13T15:37:31.323+0000] {logging_mixin.py:188} INFO - [2025-04-13T15:37:31.323+0000] {dagbag.py:538} INFO - Filling up the DagBag from /home/airflow/.local/lib/python3.8/site-packages/airflow/example_dags/example_subdag_operator.py
[2025-04-13T15:37:31.347+0000] {processor.py:840} INFO - DAG(s) 'example_subdag_operator.section-1', 'example_subdag_operator.section-2', 'example_subdag_operator' retrieved from /home/airflow/.local/lib/python3.8/site-packages/airflow/example_dags/example_subdag_operator.py
[2025-04-13T15:37:31.363+0000] {logging_mixin.py:188} INFO - [2025-04-13T15:37:31.363+0000] {dag.py:3036} INFO - Sync 3 DAGs
[2025-04-13T15:37:31.384+0000] {logging_mixin.py:188} INFO - [2025-04-13T15:37:31.384+0000] {dag.py:3823} INFO - Setting next_dagrun for example_subdag_operator to 2022-01-01 00:00:00+00:00, run_after=2022-01-01 00:00:00+00:00
[2025-04-13T15:37:31.388+0000] {logging_mixin.py:188} INFO - [2025-04-13T15:37:31.388+0000] {dag.py:3823} INFO - Setting next_dagrun for example_subdag_operator.section-1 to None, run_after=None
[2025-04-13T15:37:31.390+0000] {logging_mixin.py:188} INFO - [2025-04-13T15:37:31.390+0000] {dag.py:3823} INFO - Setting next_dagrun for example_subdag_operator.section-2 to None, run_after=None
[2025-04-13T15:37:31.398+0000] {logging_mixin.py:188} INFO - [2025-04-13T15:37:31.398+0000] {dag.py:3036} INFO - Sync 2 DAGs
[2025-04-13T15:37:31.404+0000] {logging_mixin.py:188} INFO - [2025-04-13T15:37:31.404+0000] {dag.py:3823} INFO - Setting next_dagrun for example_subdag_operator.section-1 to None, run_after=None
[2025-04-13T15:37:31.405+0000] {logging_mixin.py:188} INFO - [2025-04-13T15:37:31.405+0000] {dag.py:3823} INFO - Setting next_dagrun for example_subdag_operator.section-2 to None, run_after=None
[2025-04-13T15:37:31.418+0000] {processor.py:183} INFO - Processing /home/airflow/.local/lib/python3.8/site-packages/airflow/example_dags/example_subdag_operator.py took 0.100 seconds
[2025-04-13T15:38:04.103+0000] {processor.py:161} INFO - Started process (PID=2099) to work on /home/airflow/.local/lib/python3.8/site-packages/airflow/example_dags/example_subdag_operator.py
[2025-04-13T15:38:04.113+0000] {processor.py:830} INFO - Processing file /home/airflow/.local/lib/python3.8/site-packages/airflow/example_dags/example_subdag_operator.py for tasks to queue
[2025-04-13T15:38:04.116+0000] {logging_mixin.py:188} INFO - [2025-04-13T15:38:04.116+0000] {dagbag.py:538} INFO - Filling up the DagBag from /home/airflow/.local/lib/python3.8/site-packages/airflow/example_dags/example_subdag_operator.py
[2025-04-13T15:38:04.172+0000] {processor.py:840} INFO - DAG(s) 'example_subdag_operator.section-1', 'example_subdag_operator.section-2', 'example_subdag_operator' retrieved from /home/airflow/.local/lib/python3.8/site-packages/airflow/example_dags/example_subdag_operator.py
[2025-04-13T15:38:04.205+0000] {logging_mixin.py:188} INFO - [2025-04-13T15:38:04.204+0000] {dag.py:3036} INFO - Sync 3 DAGs
[2025-04-13T15:38:04.235+0000] {logging_mixin.py:188} INFO - [2025-04-13T15:38:04.235+0000] {dag.py:3823} INFO - Setting next_dagrun for example_subdag_operator to 2022-01-01 00:00:00+00:00, run_after=2022-01-01 00:00:00+00:00
[2025-04-13T15:38:04.242+0000] {logging_mixin.py:188} INFO - [2025-04-13T15:38:04.242+0000] {dag.py:3823} INFO - Setting next_dagrun for example_subdag_operator.section-1 to None, run_after=None
[2025-04-13T15:38:04.245+0000] {logging_mixin.py:188} INFO - [2025-04-13T15:38:04.245+0000] {dag.py:3823} INFO - Setting next_dagrun for example_subdag_operator.section-2 to None, run_after=None
[2025-04-13T15:38:04.261+0000] {logging_mixin.py:188} INFO - [2025-04-13T15:38:04.261+0000] {dag.py:3036} INFO - Sync 2 DAGs
[2025-04-13T15:38:04.270+0000] {logging_mixin.py:188} INFO - [2025-04-13T15:38:04.269+0000] {dag.py:3823} INFO - Setting next_dagrun for example_subdag_operator.section-1 to None, run_after=None
[2025-04-13T15:38:04.287+0000] {logging_mixin.py:188} INFO - [2025-04-13T15:38:04.286+0000] {dag.py:3823} INFO - Setting next_dagrun for example_subdag_operator.section-2 to None, run_after=None
[2025-04-13T15:38:04.334+0000] {processor.py:183} INFO - Processing /home/airflow/.local/lib/python3.8/site-packages/airflow/example_dags/example_subdag_operator.py took 0.240 seconds
[2025-04-13T15:38:36.409+0000] {processor.py:161} INFO - Started process (PID=2155) to work on /home/airflow/.local/lib/python3.8/site-packages/airflow/example_dags/example_subdag_operator.py
[2025-04-13T15:38:36.411+0000] {processor.py:830} INFO - Processing file /home/airflow/.local/lib/python3.8/site-packages/airflow/example_dags/example_subdag_operator.py for tasks to queue
[2025-04-13T15:38:36.413+0000] {logging_mixin.py:188} INFO - [2025-04-13T15:38:36.413+0000] {dagbag.py:538} INFO - Filling up the DagBag from /home/airflow/.local/lib/python3.8/site-packages/airflow/example_dags/example_subdag_operator.py
[2025-04-13T15:38:36.448+0000] {processor.py:840} INFO - DAG(s) 'example_subdag_operator.section-1', 'example_subdag_operator.section-2', 'example_subdag_operator' retrieved from /home/airflow/.local/lib/python3.8/site-packages/airflow/example_dags/example_subdag_operator.py
[2025-04-13T15:38:36.481+0000] {logging_mixin.py:188} INFO - [2025-04-13T15:38:36.480+0000] {dag.py:3036} INFO - Sync 3 DAGs
[2025-04-13T15:38:36.510+0000] {logging_mixin.py:188} INFO - [2025-04-13T15:38:36.509+0000] {dag.py:3823} INFO - Setting next_dagrun for example_subdag_operator to 2022-01-01 00:00:00+00:00, run_after=2022-01-01 00:00:00+00:00
[2025-04-13T15:38:36.515+0000] {logging_mixin.py:188} INFO - [2025-04-13T15:38:36.514+0000] {dag.py:3823} INFO - Setting next_dagrun for example_subdag_operator.section-1 to None, run_after=None
[2025-04-13T15:38:36.518+0000] {logging_mixin.py:188} INFO - [2025-04-13T15:38:36.517+0000] {dag.py:3823} INFO - Setting next_dagrun for example_subdag_operator.section-2 to None, run_after=None
[2025-04-13T15:38:36.528+0000] {logging_mixin.py:188} INFO - [2025-04-13T15:38:36.527+0000] {dag.py:3036} INFO - Sync 2 DAGs
[2025-04-13T15:38:36.535+0000] {logging_mixin.py:188} INFO - [2025-04-13T15:38:36.534+0000] {dag.py:3823} INFO - Setting next_dagrun for example_subdag_operator.section-1 to None, run_after=None
[2025-04-13T15:38:36.535+0000] {logging_mixin.py:188} INFO - [2025-04-13T15:38:36.535+0000] {dag.py:3823} INFO - Setting next_dagrun for example_subdag_operator.section-2 to None, run_after=None
[2025-04-13T15:38:36.550+0000] {processor.py:183} INFO - Processing /home/airflow/.local/lib/python3.8/site-packages/airflow/example_dags/example_subdag_operator.py took 0.144 seconds
[2025-04-13T15:39:09.478+0000] {processor.py:161} INFO - Started process (PID=2211) to work on /home/airflow/.local/lib/python3.8/site-packages/airflow/example_dags/example_subdag_operator.py
[2025-04-13T15:39:09.480+0000] {processor.py:830} INFO - Processing file /home/airflow/.local/lib/python3.8/site-packages/airflow/example_dags/example_subdag_operator.py for tasks to queue
[2025-04-13T15:39:09.484+0000] {logging_mixin.py:188} INFO - [2025-04-13T15:39:09.483+0000] {dagbag.py:538} INFO - Filling up the DagBag from /home/airflow/.local/lib/python3.8/site-packages/airflow/example_dags/example_subdag_operator.py
[2025-04-13T15:39:09.521+0000] {processor.py:840} INFO - DAG(s) 'example_subdag_operator.section-1', 'example_subdag_operator.section-2', 'example_subdag_operator' retrieved from /home/airflow/.local/lib/python3.8/site-packages/airflow/example_dags/example_subdag_operator.py
[2025-04-13T15:39:09.545+0000] {logging_mixin.py:188} INFO - [2025-04-13T15:39:09.545+0000] {dag.py:3036} INFO - Sync 3 DAGs
[2025-04-13T15:39:09.576+0000] {logging_mixin.py:188} INFO - [2025-04-13T15:39:09.576+0000] {dag.py:3823} INFO - Setting next_dagrun for example_subdag_operator to 2022-01-01 00:00:00+00:00, run_after=2022-01-01 00:00:00+00:00
[2025-04-13T15:39:09.581+0000] {logging_mixin.py:188} INFO - [2025-04-13T15:39:09.581+0000] {dag.py:3823} INFO - Setting next_dagrun for example_subdag_operator.section-1 to None, run_after=None
[2025-04-13T15:39:09.584+0000] {logging_mixin.py:188} INFO - [2025-04-13T15:39:09.583+0000] {dag.py:3823} INFO - Setting next_dagrun for example_subdag_operator.section-2 to None, run_after=None
[2025-04-13T15:39:09.595+0000] {logging_mixin.py:188} INFO - [2025-04-13T15:39:09.595+0000] {dag.py:3036} INFO - Sync 2 DAGs
[2025-04-13T15:39:09.601+0000] {logging_mixin.py:188} INFO - [2025-04-13T15:39:09.601+0000] {dag.py:3823} INFO - Setting next_dagrun for example_subdag_operator.section-1 to None, run_after=None
[2025-04-13T15:39:09.602+0000] {logging_mixin.py:188} INFO - [2025-04-13T15:39:09.602+0000] {dag.py:3823} INFO - Setting next_dagrun for example_subdag_operator.section-2 to None, run_after=None
[2025-04-13T15:39:09.615+0000] {processor.py:183} INFO - Processing /home/airflow/.local/lib/python3.8/site-packages/airflow/example_dags/example_subdag_operator.py took 0.142 seconds
[2025-04-13T15:39:42.358+0000] {processor.py:161} INFO - Started process (PID=2267) to work on /home/airflow/.local/lib/python3.8/site-packages/airflow/example_dags/example_subdag_operator.py
[2025-04-13T15:39:42.359+0000] {processor.py:830} INFO - Processing file /home/airflow/.local/lib/python3.8/site-packages/airflow/example_dags/example_subdag_operator.py for tasks to queue
[2025-04-13T15:39:42.362+0000] {logging_mixin.py:188} INFO - [2025-04-13T15:39:42.362+0000] {dagbag.py:538} INFO - Filling up the DagBag from /home/airflow/.local/lib/python3.8/site-packages/airflow/example_dags/example_subdag_operator.py
[2025-04-13T15:39:42.395+0000] {processor.py:840} INFO - DAG(s) 'example_subdag_operator.section-1', 'example_subdag_operator.section-2', 'example_subdag_operator' retrieved from /home/airflow/.local/lib/python3.8/site-packages/airflow/example_dags/example_subdag_operator.py
[2025-04-13T15:39:42.413+0000] {logging_mixin.py:188} INFO - [2025-04-13T15:39:42.413+0000] {dag.py:3036} INFO - Sync 3 DAGs
[2025-04-13T15:39:42.444+0000] {logging_mixin.py:188} INFO - [2025-04-13T15:39:42.444+0000] {dag.py:3823} INFO - Setting next_dagrun for example_subdag_operator to 2022-01-01 00:00:00+00:00, run_after=2022-01-01 00:00:00+00:00
[2025-04-13T15:39:42.448+0000] {logging_mixin.py:188} INFO - [2025-04-13T15:39:42.448+0000] {dag.py:3823} INFO - Setting next_dagrun for example_subdag_operator.section-1 to None, run_after=None
[2025-04-13T15:39:42.450+0000] {logging_mixin.py:188} INFO - [2025-04-13T15:39:42.450+0000] {dag.py:3823} INFO - Setting next_dagrun for example_subdag_operator.section-2 to None, run_after=None
[2025-04-13T15:39:42.458+0000] {logging_mixin.py:188} INFO - [2025-04-13T15:39:42.458+0000] {dag.py:3036} INFO - Sync 2 DAGs
[2025-04-13T15:39:42.466+0000] {logging_mixin.py:188} INFO - [2025-04-13T15:39:42.465+0000] {dag.py:3823} INFO - Setting next_dagrun for example_subdag_operator.section-1 to None, run_after=None
[2025-04-13T15:39:42.466+0000] {logging_mixin.py:188} INFO - [2025-04-13T15:39:42.466+0000] {dag.py:3823} INFO - Setting next_dagrun for example_subdag_operator.section-2 to None, run_after=None
[2025-04-13T15:39:42.484+0000] {processor.py:183} INFO - Processing /home/airflow/.local/lib/python3.8/site-packages/airflow/example_dags/example_subdag_operator.py took 0.130 seconds
[2025-04-13T15:40:14.690+0000] {processor.py:161} INFO - Started process (PID=2323) to work on /home/airflow/.local/lib/python3.8/site-packages/airflow/example_dags/example_subdag_operator.py
[2025-04-13T15:40:14.691+0000] {processor.py:830} INFO - Processing file /home/airflow/.local/lib/python3.8/site-packages/airflow/example_dags/example_subdag_operator.py for tasks to queue
[2025-04-13T15:40:14.694+0000] {logging_mixin.py:188} INFO - [2025-04-13T15:40:14.693+0000] {dagbag.py:538} INFO - Filling up the DagBag from /home/airflow/.local/lib/python3.8/site-packages/airflow/example_dags/example_subdag_operator.py
[2025-04-13T15:40:14.720+0000] {processor.py:840} INFO - DAG(s) 'example_subdag_operator.section-1', 'example_subdag_operator.section-2', 'example_subdag_operator' retrieved from /home/airflow/.local/lib/python3.8/site-packages/airflow/example_dags/example_subdag_operator.py
[2025-04-13T15:40:14.740+0000] {logging_mixin.py:188} INFO - [2025-04-13T15:40:14.740+0000] {dag.py:3036} INFO - Sync 3 DAGs
[2025-04-13T15:40:14.766+0000] {logging_mixin.py:188} INFO - [2025-04-13T15:40:14.766+0000] {dag.py:3823} INFO - Setting next_dagrun for example_subdag_operator to 2022-01-01 00:00:00+00:00, run_after=2022-01-01 00:00:00+00:00
[2025-04-13T15:40:14.770+0000] {logging_mixin.py:188} INFO - [2025-04-13T15:40:14.770+0000] {dag.py:3823} INFO - Setting next_dagrun for example_subdag_operator.section-1 to None, run_after=None
[2025-04-13T15:40:14.772+0000] {logging_mixin.py:188} INFO - [2025-04-13T15:40:14.772+0000] {dag.py:3823} INFO - Setting next_dagrun for example_subdag_operator.section-2 to None, run_after=None
[2025-04-13T15:40:14.781+0000] {logging_mixin.py:188} INFO - [2025-04-13T15:40:14.780+0000] {dag.py:3036} INFO - Sync 2 DAGs
[2025-04-13T15:40:14.789+0000] {logging_mixin.py:188} INFO - [2025-04-13T15:40:14.788+0000] {dag.py:3823} INFO - Setting next_dagrun for example_subdag_operator.section-1 to None, run_after=None
[2025-04-13T15:40:14.790+0000] {logging_mixin.py:188} INFO - [2025-04-13T15:40:14.790+0000] {dag.py:3823} INFO - Setting next_dagrun for example_subdag_operator.section-2 to None, run_after=None
[2025-04-13T15:40:14.803+0000] {processor.py:183} INFO - Processing /home/airflow/.local/lib/python3.8/site-packages/airflow/example_dags/example_subdag_operator.py took 0.117 seconds
[2025-04-13T15:40:47.420+0000] {processor.py:161} INFO - Started process (PID=2379) to work on /home/airflow/.local/lib/python3.8/site-packages/airflow/example_dags/example_subdag_operator.py
[2025-04-13T15:40:47.421+0000] {processor.py:830} INFO - Processing file /home/airflow/.local/lib/python3.8/site-packages/airflow/example_dags/example_subdag_operator.py for tasks to queue
[2025-04-13T15:40:47.429+0000] {logging_mixin.py:188} INFO - [2025-04-13T15:40:47.429+0000] {dagbag.py:538} INFO - Filling up the DagBag from /home/airflow/.local/lib/python3.8/site-packages/airflow/example_dags/example_subdag_operator.py
[2025-04-13T15:40:47.473+0000] {processor.py:840} INFO - DAG(s) 'example_subdag_operator.section-1', 'example_subdag_operator.section-2', 'example_subdag_operator' retrieved from /home/airflow/.local/lib/python3.8/site-packages/airflow/example_dags/example_subdag_operator.py
[2025-04-13T15:40:47.505+0000] {logging_mixin.py:188} INFO - [2025-04-13T15:40:47.504+0000] {dag.py:3036} INFO - Sync 3 DAGs
[2025-04-13T15:40:47.541+0000] {logging_mixin.py:188} INFO - [2025-04-13T15:40:47.541+0000] {dag.py:3823} INFO - Setting next_dagrun for example_subdag_operator to 2022-01-01 00:00:00+00:00, run_after=2022-01-01 00:00:00+00:00
[2025-04-13T15:40:47.547+0000] {logging_mixin.py:188} INFO - [2025-04-13T15:40:47.547+0000] {dag.py:3823} INFO - Setting next_dagrun for example_subdag_operator.section-1 to None, run_after=None
[2025-04-13T15:40:47.549+0000] {logging_mixin.py:188} INFO - [2025-04-13T15:40:47.549+0000] {dag.py:3823} INFO - Setting next_dagrun for example_subdag_operator.section-2 to None, run_after=None
[2025-04-13T15:40:47.561+0000] {logging_mixin.py:188} INFO - [2025-04-13T15:40:47.561+0000] {dag.py:3036} INFO - Sync 2 DAGs
[2025-04-13T15:40:47.569+0000] {logging_mixin.py:188} INFO - [2025-04-13T15:40:47.569+0000] {dag.py:3823} INFO - Setting next_dagrun for example_subdag_operator.section-1 to None, run_after=None
[2025-04-13T15:40:47.570+0000] {logging_mixin.py:188} INFO - [2025-04-13T15:40:47.569+0000] {dag.py:3823} INFO - Setting next_dagrun for example_subdag_operator.section-2 to None, run_after=None
[2025-04-13T15:40:47.584+0000] {processor.py:183} INFO - Processing /home/airflow/.local/lib/python3.8/site-packages/airflow/example_dags/example_subdag_operator.py took 0.169 seconds
[2025-04-13T15:41:20.267+0000] {processor.py:161} INFO - Started process (PID=2435) to work on /home/airflow/.local/lib/python3.8/site-packages/airflow/example_dags/example_subdag_operator.py
[2025-04-13T15:41:20.268+0000] {processor.py:830} INFO - Processing file /home/airflow/.local/lib/python3.8/site-packages/airflow/example_dags/example_subdag_operator.py for tasks to queue
[2025-04-13T15:41:20.270+0000] {logging_mixin.py:188} INFO - [2025-04-13T15:41:20.270+0000] {dagbag.py:538} INFO - Filling up the DagBag from /home/airflow/.local/lib/python3.8/site-packages/airflow/example_dags/example_subdag_operator.py
[2025-04-13T15:41:20.298+0000] {processor.py:840} INFO - DAG(s) 'example_subdag_operator.section-1', 'example_subdag_operator.section-2', 'example_subdag_operator' retrieved from /home/airflow/.local/lib/python3.8/site-packages/airflow/example_dags/example_subdag_operator.py
[2025-04-13T15:41:20.320+0000] {logging_mixin.py:188} INFO - [2025-04-13T15:41:20.319+0000] {dag.py:3036} INFO - Sync 3 DAGs
[2025-04-13T15:41:20.347+0000] {logging_mixin.py:188} INFO - [2025-04-13T15:41:20.347+0000] {dag.py:3823} INFO - Setting next_dagrun for example_subdag_operator to 2022-01-01 00:00:00+00:00, run_after=2022-01-01 00:00:00+00:00
[2025-04-13T15:41:20.353+0000] {logging_mixin.py:188} INFO - [2025-04-13T15:41:20.353+0000] {dag.py:3823} INFO - Setting next_dagrun for example_subdag_operator.section-1 to None, run_after=None
[2025-04-13T15:41:20.356+0000] {logging_mixin.py:188} INFO - [2025-04-13T15:41:20.355+0000] {dag.py:3823} INFO - Setting next_dagrun for example_subdag_operator.section-2 to None, run_after=None
[2025-04-13T15:41:20.367+0000] {logging_mixin.py:188} INFO - [2025-04-13T15:41:20.366+0000] {dag.py:3036} INFO - Sync 2 DAGs
[2025-04-13T15:41:20.374+0000] {logging_mixin.py:188} INFO - [2025-04-13T15:41:20.373+0000] {dag.py:3823} INFO - Setting next_dagrun for example_subdag_operator.section-1 to None, run_after=None
[2025-04-13T15:41:20.375+0000] {logging_mixin.py:188} INFO - [2025-04-13T15:41:20.374+0000] {dag.py:3823} INFO - Setting next_dagrun for example_subdag_operator.section-2 to None, run_after=None
[2025-04-13T15:41:20.389+0000] {processor.py:183} INFO - Processing /home/airflow/.local/lib/python3.8/site-packages/airflow/example_dags/example_subdag_operator.py took 0.126 seconds
[2025-04-13T15:41:53.142+0000] {processor.py:161} INFO - Started process (PID=2491) to work on /home/airflow/.local/lib/python3.8/site-packages/airflow/example_dags/example_subdag_operator.py
[2025-04-13T15:41:53.143+0000] {processor.py:830} INFO - Processing file /home/airflow/.local/lib/python3.8/site-packages/airflow/example_dags/example_subdag_operator.py for tasks to queue
[2025-04-13T15:41:53.146+0000] {logging_mixin.py:188} INFO - [2025-04-13T15:41:53.146+0000] {dagbag.py:538} INFO - Filling up the DagBag from /home/airflow/.local/lib/python3.8/site-packages/airflow/example_dags/example_subdag_operator.py
[2025-04-13T15:41:53.174+0000] {processor.py:840} INFO - DAG(s) 'example_subdag_operator.section-1', 'example_subdag_operator.section-2', 'example_subdag_operator' retrieved from /home/airflow/.local/lib/python3.8/site-packages/airflow/example_dags/example_subdag_operator.py
[2025-04-13T15:41:53.193+0000] {logging_mixin.py:188} INFO - [2025-04-13T15:41:53.192+0000] {dag.py:3036} INFO - Sync 3 DAGs
[2025-04-13T15:41:53.227+0000] {logging_mixin.py:188} INFO - [2025-04-13T15:41:53.227+0000] {dag.py:3823} INFO - Setting next_dagrun for example_subdag_operator to 2022-01-01 00:00:00+00:00, run_after=2022-01-01 00:00:00+00:00
[2025-04-13T15:41:53.234+0000] {logging_mixin.py:188} INFO - [2025-04-13T15:41:53.234+0000] {dag.py:3823} INFO - Setting next_dagrun for example_subdag_operator.section-1 to None, run_after=None
[2025-04-13T15:41:53.237+0000] {logging_mixin.py:188} INFO - [2025-04-13T15:41:53.236+0000] {dag.py:3823} INFO - Setting next_dagrun for example_subdag_operator.section-2 to None, run_after=None
[2025-04-13T15:41:53.249+0000] {logging_mixin.py:188} INFO - [2025-04-13T15:41:53.248+0000] {dag.py:3036} INFO - Sync 2 DAGs
[2025-04-13T15:41:53.256+0000] {logging_mixin.py:188} INFO - [2025-04-13T15:41:53.256+0000] {dag.py:3823} INFO - Setting next_dagrun for example_subdag_operator.section-1 to None, run_after=None
[2025-04-13T15:41:53.257+0000] {logging_mixin.py:188} INFO - [2025-04-13T15:41:53.257+0000] {dag.py:3823} INFO - Setting next_dagrun for example_subdag_operator.section-2 to None, run_after=None
[2025-04-13T15:41:53.274+0000] {processor.py:183} INFO - Processing /home/airflow/.local/lib/python3.8/site-packages/airflow/example_dags/example_subdag_operator.py took 0.136 seconds
[2025-04-13T15:42:25.952+0000] {processor.py:161} INFO - Started process (PID=2547) to work on /home/airflow/.local/lib/python3.8/site-packages/airflow/example_dags/example_subdag_operator.py
[2025-04-13T15:42:25.954+0000] {processor.py:830} INFO - Processing file /home/airflow/.local/lib/python3.8/site-packages/airflow/example_dags/example_subdag_operator.py for tasks to queue
[2025-04-13T15:42:25.956+0000] {logging_mixin.py:188} INFO - [2025-04-13T15:42:25.955+0000] {dagbag.py:538} INFO - Filling up the DagBag from /home/airflow/.local/lib/python3.8/site-packages/airflow/example_dags/example_subdag_operator.py
[2025-04-13T15:42:25.978+0000] {processor.py:840} INFO - DAG(s) 'example_subdag_operator.section-1', 'example_subdag_operator.section-2', 'example_subdag_operator' retrieved from /home/airflow/.local/lib/python3.8/site-packages/airflow/example_dags/example_subdag_operator.py
[2025-04-13T15:42:25.994+0000] {logging_mixin.py:188} INFO - [2025-04-13T15:42:25.994+0000] {dag.py:3036} INFO - Sync 3 DAGs
[2025-04-13T15:42:26.017+0000] {logging_mixin.py:188} INFO - [2025-04-13T15:42:26.017+0000] {dag.py:3823} INFO - Setting next_dagrun for example_subdag_operator to 2022-01-01 00:00:00+00:00, run_after=2022-01-01 00:00:00+00:00
[2025-04-13T15:42:26.021+0000] {logging_mixin.py:188} INFO - [2025-04-13T15:42:26.021+0000] {dag.py:3823} INFO - Setting next_dagrun for example_subdag_operator.section-1 to None, run_after=None
[2025-04-13T15:42:26.023+0000] {logging_mixin.py:188} INFO - [2025-04-13T15:42:26.023+0000] {dag.py:3823} INFO - Setting next_dagrun for example_subdag_operator.section-2 to None, run_after=None
[2025-04-13T15:42:26.032+0000] {logging_mixin.py:188} INFO - [2025-04-13T15:42:26.032+0000] {dag.py:3036} INFO - Sync 2 DAGs
[2025-04-13T15:42:26.038+0000] {logging_mixin.py:188} INFO - [2025-04-13T15:42:26.038+0000] {dag.py:3823} INFO - Setting next_dagrun for example_subdag_operator.section-1 to None, run_after=None
[2025-04-13T15:42:26.039+0000] {logging_mixin.py:188} INFO - [2025-04-13T15:42:26.039+0000] {dag.py:3823} INFO - Setting next_dagrun for example_subdag_operator.section-2 to None, run_after=None
[2025-04-13T15:42:26.053+0000] {processor.py:183} INFO - Processing /home/airflow/.local/lib/python3.8/site-packages/airflow/example_dags/example_subdag_operator.py took 0.104 seconds
[2025-04-13T15:42:58.262+0000] {processor.py:161} INFO - Started process (PID=2603) to work on /home/airflow/.local/lib/python3.8/site-packages/airflow/example_dags/example_subdag_operator.py
[2025-04-13T15:42:58.263+0000] {processor.py:830} INFO - Processing file /home/airflow/.local/lib/python3.8/site-packages/airflow/example_dags/example_subdag_operator.py for tasks to queue
[2025-04-13T15:42:58.265+0000] {logging_mixin.py:188} INFO - [2025-04-13T15:42:58.265+0000] {dagbag.py:538} INFO - Filling up the DagBag from /home/airflow/.local/lib/python3.8/site-packages/airflow/example_dags/example_subdag_operator.py
[2025-04-13T15:42:58.292+0000] {processor.py:840} INFO - DAG(s) 'example_subdag_operator.section-1', 'example_subdag_operator.section-2', 'example_subdag_operator' retrieved from /home/airflow/.local/lib/python3.8/site-packages/airflow/example_dags/example_subdag_operator.py
[2025-04-13T15:42:58.317+0000] {logging_mixin.py:188} INFO - [2025-04-13T15:42:58.317+0000] {dag.py:3036} INFO - Sync 3 DAGs
[2025-04-13T15:42:58.343+0000] {logging_mixin.py:188} INFO - [2025-04-13T15:42:58.343+0000] {dag.py:3823} INFO - Setting next_dagrun for example_subdag_operator to 2022-01-01 00:00:00+00:00, run_after=2022-01-01 00:00:00+00:00
[2025-04-13T15:42:58.347+0000] {logging_mixin.py:188} INFO - [2025-04-13T15:42:58.347+0000] {dag.py:3823} INFO - Setting next_dagrun for example_subdag_operator.section-1 to None, run_after=None
[2025-04-13T15:42:58.349+0000] {logging_mixin.py:188} INFO - [2025-04-13T15:42:58.349+0000] {dag.py:3823} INFO - Setting next_dagrun for example_subdag_operator.section-2 to None, run_after=None
[2025-04-13T15:42:58.358+0000] {logging_mixin.py:188} INFO - [2025-04-13T15:42:58.358+0000] {dag.py:3036} INFO - Sync 2 DAGs
[2025-04-13T15:42:58.365+0000] {logging_mixin.py:188} INFO - [2025-04-13T15:42:58.364+0000] {dag.py:3823} INFO - Setting next_dagrun for example_subdag_operator.section-1 to None, run_after=None
[2025-04-13T15:42:58.366+0000] {logging_mixin.py:188} INFO - [2025-04-13T15:42:58.365+0000] {dag.py:3823} INFO - Setting next_dagrun for example_subdag_operator.section-2 to None, run_after=None
[2025-04-13T15:42:58.379+0000] {processor.py:183} INFO - Processing /home/airflow/.local/lib/python3.8/site-packages/airflow/example_dags/example_subdag_operator.py took 0.120 seconds
[2025-04-13T15:43:30.978+0000] {processor.py:161} INFO - Started process (PID=2659) to work on /home/airflow/.local/lib/python3.8/site-packages/airflow/example_dags/example_subdag_operator.py
[2025-04-13T15:43:30.980+0000] {processor.py:830} INFO - Processing file /home/airflow/.local/lib/python3.8/site-packages/airflow/example_dags/example_subdag_operator.py for tasks to queue
[2025-04-13T15:43:30.982+0000] {logging_mixin.py:188} INFO - [2025-04-13T15:43:30.982+0000] {dagbag.py:538} INFO - Filling up the DagBag from /home/airflow/.local/lib/python3.8/site-packages/airflow/example_dags/example_subdag_operator.py
[2025-04-13T15:43:31.007+0000] {processor.py:840} INFO - DAG(s) 'example_subdag_operator.section-1', 'example_subdag_operator.section-2', 'example_subdag_operator' retrieved from /home/airflow/.local/lib/python3.8/site-packages/airflow/example_dags/example_subdag_operator.py
[2025-04-13T15:43:31.022+0000] {logging_mixin.py:188} INFO - [2025-04-13T15:43:31.022+0000] {dag.py:3036} INFO - Sync 3 DAGs
[2025-04-13T15:43:31.044+0000] {logging_mixin.py:188} INFO - [2025-04-13T15:43:31.044+0000] {dag.py:3823} INFO - Setting next_dagrun for example_subdag_operator to 2022-01-01 00:00:00+00:00, run_after=2022-01-01 00:00:00+00:00
[2025-04-13T15:43:31.048+0000] {logging_mixin.py:188} INFO - [2025-04-13T15:43:31.048+0000] {dag.py:3823} INFO - Setting next_dagrun for example_subdag_operator.section-1 to None, run_after=None
[2025-04-13T15:43:31.050+0000] {logging_mixin.py:188} INFO - [2025-04-13T15:43:31.050+0000] {dag.py:3823} INFO - Setting next_dagrun for example_subdag_operator.section-2 to None, run_after=None
[2025-04-13T15:43:31.059+0000] {logging_mixin.py:188} INFO - [2025-04-13T15:43:31.059+0000] {dag.py:3036} INFO - Sync 2 DAGs
[2025-04-13T15:43:31.065+0000] {logging_mixin.py:188} INFO - [2025-04-13T15:43:31.065+0000] {dag.py:3823} INFO - Setting next_dagrun for example_subdag_operator.section-1 to None, run_after=None
[2025-04-13T15:43:31.066+0000] {logging_mixin.py:188} INFO - [2025-04-13T15:43:31.066+0000] {dag.py:3823} INFO - Setting next_dagrun for example_subdag_operator.section-2 to None, run_after=None
[2025-04-13T15:43:31.082+0000] {processor.py:183} INFO - Processing /home/airflow/.local/lib/python3.8/site-packages/airflow/example_dags/example_subdag_operator.py took 0.108 seconds
[2025-04-13T15:44:07.561+0000] {processor.py:161} INFO - Started process (PID=2715) to work on /home/airflow/.local/lib/python3.8/site-packages/airflow/example_dags/example_subdag_operator.py
[2025-04-13T15:44:07.563+0000] {processor.py:830} INFO - Processing file /home/airflow/.local/lib/python3.8/site-packages/airflow/example_dags/example_subdag_operator.py for tasks to queue
[2025-04-13T15:44:07.568+0000] {logging_mixin.py:188} INFO - [2025-04-13T15:44:07.567+0000] {dagbag.py:538} INFO - Filling up the DagBag from /home/airflow/.local/lib/python3.8/site-packages/airflow/example_dags/example_subdag_operator.py
[2025-04-13T15:44:07.614+0000] {processor.py:840} INFO - DAG(s) 'example_subdag_operator.section-1', 'example_subdag_operator.section-2', 'example_subdag_operator' retrieved from /home/airflow/.local/lib/python3.8/site-packages/airflow/example_dags/example_subdag_operator.py
[2025-04-13T15:44:07.655+0000] {logging_mixin.py:188} INFO - [2025-04-13T15:44:07.655+0000] {dag.py:3036} INFO - Sync 3 DAGs
[2025-04-13T15:44:07.696+0000] {logging_mixin.py:188} INFO - [2025-04-13T15:44:07.695+0000] {dag.py:3823} INFO - Setting next_dagrun for example_subdag_operator to 2022-01-01 00:00:00+00:00, run_after=2022-01-01 00:00:00+00:00
[2025-04-13T15:44:07.701+0000] {logging_mixin.py:188} INFO - [2025-04-13T15:44:07.701+0000] {dag.py:3823} INFO - Setting next_dagrun for example_subdag_operator.section-1 to None, run_after=None
[2025-04-13T15:44:07.703+0000] {logging_mixin.py:188} INFO - [2025-04-13T15:44:07.703+0000] {dag.py:3823} INFO - Setting next_dagrun for example_subdag_operator.section-2 to None, run_after=None
[2025-04-13T15:44:07.713+0000] {logging_mixin.py:188} INFO - [2025-04-13T15:44:07.713+0000] {dag.py:3036} INFO - Sync 2 DAGs
[2025-04-13T15:44:07.721+0000] {logging_mixin.py:188} INFO - [2025-04-13T15:44:07.721+0000] {dag.py:3823} INFO - Setting next_dagrun for example_subdag_operator.section-1 to None, run_after=None
[2025-04-13T15:44:07.722+0000] {logging_mixin.py:188} INFO - [2025-04-13T15:44:07.722+0000] {dag.py:3823} INFO - Setting next_dagrun for example_subdag_operator.section-2 to None, run_after=None
[2025-04-13T15:44:07.741+0000] {processor.py:183} INFO - Processing /home/airflow/.local/lib/python3.8/site-packages/airflow/example_dags/example_subdag_operator.py took 0.187 seconds
[2025-04-13T15:44:42.341+0000] {processor.py:161} INFO - Started process (PID=2771) to work on /home/airflow/.local/lib/python3.8/site-packages/airflow/example_dags/example_subdag_operator.py
[2025-04-13T15:44:42.342+0000] {processor.py:830} INFO - Processing file /home/airflow/.local/lib/python3.8/site-packages/airflow/example_dags/example_subdag_operator.py for tasks to queue
[2025-04-13T15:44:42.344+0000] {logging_mixin.py:188} INFO - [2025-04-13T15:44:42.344+0000] {dagbag.py:538} INFO - Filling up the DagBag from /home/airflow/.local/lib/python3.8/site-packages/airflow/example_dags/example_subdag_operator.py
[2025-04-13T15:44:42.379+0000] {processor.py:840} INFO - DAG(s) 'example_subdag_operator.section-1', 'example_subdag_operator.section-2', 'example_subdag_operator' retrieved from /home/airflow/.local/lib/python3.8/site-packages/airflow/example_dags/example_subdag_operator.py
[2025-04-13T15:44:42.433+0000] {logging_mixin.py:188} INFO - [2025-04-13T15:44:42.433+0000] {dag.py:3036} INFO - Sync 3 DAGs
[2025-04-13T15:44:42.683+0000] {logging_mixin.py:188} INFO - [2025-04-13T15:44:42.683+0000] {dag.py:3823} INFO - Setting next_dagrun for example_subdag_operator to 2022-01-01 00:00:00+00:00, run_after=2022-01-01 00:00:00+00:00
[2025-04-13T15:44:42.688+0000] {logging_mixin.py:188} INFO - [2025-04-13T15:44:42.688+0000] {dag.py:3823} INFO - Setting next_dagrun for example_subdag_operator.section-1 to None, run_after=None
[2025-04-13T15:44:42.690+0000] {logging_mixin.py:188} INFO - [2025-04-13T15:44:42.690+0000] {dag.py:3823} INFO - Setting next_dagrun for example_subdag_operator.section-2 to None, run_after=None
[2025-04-13T15:44:42.700+0000] {logging_mixin.py:188} INFO - [2025-04-13T15:44:42.699+0000] {dag.py:3036} INFO - Sync 2 DAGs
[2025-04-13T15:44:42.708+0000] {logging_mixin.py:188} INFO - [2025-04-13T15:44:42.707+0000] {dag.py:3823} INFO - Setting next_dagrun for example_subdag_operator.section-1 to None, run_after=None
[2025-04-13T15:44:42.709+0000] {logging_mixin.py:188} INFO - [2025-04-13T15:44:42.708+0000] {dag.py:3823} INFO - Setting next_dagrun for example_subdag_operator.section-2 to None, run_after=None
[2025-04-13T15:44:42.741+0000] {processor.py:183} INFO - Processing /home/airflow/.local/lib/python3.8/site-packages/airflow/example_dags/example_subdag_operator.py took 0.403 seconds
[2025-04-13T15:45:12.845+0000] {processor.py:161} INFO - Started process (PID=2828) to work on /home/airflow/.local/lib/python3.8/site-packages/airflow/example_dags/example_subdag_operator.py
[2025-04-13T15:45:12.847+0000] {processor.py:830} INFO - Processing file /home/airflow/.local/lib/python3.8/site-packages/airflow/example_dags/example_subdag_operator.py for tasks to queue
[2025-04-13T15:45:12.849+0000] {logging_mixin.py:188} INFO - [2025-04-13T15:45:12.849+0000] {dagbag.py:538} INFO - Filling up the DagBag from /home/airflow/.local/lib/python3.8/site-packages/airflow/example_dags/example_subdag_operator.py
[2025-04-13T15:45:12.882+0000] {processor.py:840} INFO - DAG(s) 'example_subdag_operator.section-1', 'example_subdag_operator.section-2', 'example_subdag_operator' retrieved from /home/airflow/.local/lib/python3.8/site-packages/airflow/example_dags/example_subdag_operator.py
[2025-04-13T15:45:12.905+0000] {logging_mixin.py:188} INFO - [2025-04-13T15:45:12.904+0000] {dag.py:3036} INFO - Sync 3 DAGs
[2025-04-13T15:45:13.079+0000] {logging_mixin.py:188} INFO - [2025-04-13T15:45:13.078+0000] {dag.py:3823} INFO - Setting next_dagrun for example_subdag_operator to 2022-01-01 00:00:00+00:00, run_after=2022-01-01 00:00:00+00:00
[2025-04-13T15:45:13.088+0000] {logging_mixin.py:188} INFO - [2025-04-13T15:45:13.087+0000] {dag.py:3823} INFO - Setting next_dagrun for example_subdag_operator.section-1 to None, run_after=None
[2025-04-13T15:45:13.092+0000] {logging_mixin.py:188} INFO - [2025-04-13T15:45:13.092+0000] {dag.py:3823} INFO - Setting next_dagrun for example_subdag_operator.section-2 to None, run_after=None
[2025-04-13T15:45:13.127+0000] {logging_mixin.py:188} INFO - [2025-04-13T15:45:13.127+0000] {dag.py:3036} INFO - Sync 2 DAGs
[2025-04-13T15:45:13.151+0000] {logging_mixin.py:188} INFO - [2025-04-13T15:45:13.150+0000] {dag.py:3823} INFO - Setting next_dagrun for example_subdag_operator.section-1 to None, run_after=None
[2025-04-13T15:45:13.153+0000] {logging_mixin.py:188} INFO - [2025-04-13T15:45:13.153+0000] {dag.py:3823} INFO - Setting next_dagrun for example_subdag_operator.section-2 to None, run_after=None
[2025-04-13T15:45:13.173+0000] {processor.py:183} INFO - Processing /home/airflow/.local/lib/python3.8/site-packages/airflow/example_dags/example_subdag_operator.py took 0.332 seconds
[2025-04-13T15:45:43.400+0000] {processor.py:161} INFO - Started process (PID=2883) to work on /home/airflow/.local/lib/python3.8/site-packages/airflow/example_dags/example_subdag_operator.py
[2025-04-13T15:45:43.402+0000] {processor.py:830} INFO - Processing file /home/airflow/.local/lib/python3.8/site-packages/airflow/example_dags/example_subdag_operator.py for tasks to queue
[2025-04-13T15:45:43.405+0000] {logging_mixin.py:188} INFO - [2025-04-13T15:45:43.404+0000] {dagbag.py:538} INFO - Filling up the DagBag from /home/airflow/.local/lib/python3.8/site-packages/airflow/example_dags/example_subdag_operator.py
[2025-04-13T15:45:43.436+0000] {processor.py:840} INFO - DAG(s) 'example_subdag_operator.section-1', 'example_subdag_operator.section-2', 'example_subdag_operator' retrieved from /home/airflow/.local/lib/python3.8/site-packages/airflow/example_dags/example_subdag_operator.py
[2025-04-13T15:45:43.453+0000] {logging_mixin.py:188} INFO - [2025-04-13T15:45:43.453+0000] {dag.py:3036} INFO - Sync 3 DAGs
[2025-04-13T15:45:43.477+0000] {logging_mixin.py:188} INFO - [2025-04-13T15:45:43.476+0000] {dag.py:3823} INFO - Setting next_dagrun for example_subdag_operator to 2022-01-01 00:00:00+00:00, run_after=2022-01-01 00:00:00+00:00
[2025-04-13T15:45:43.481+0000] {logging_mixin.py:188} INFO - [2025-04-13T15:45:43.480+0000] {dag.py:3823} INFO - Setting next_dagrun for example_subdag_operator.section-1 to None, run_after=None
[2025-04-13T15:45:43.483+0000] {logging_mixin.py:188} INFO - [2025-04-13T15:45:43.482+0000] {dag.py:3823} INFO - Setting next_dagrun for example_subdag_operator.section-2 to None, run_after=None
[2025-04-13T15:45:43.491+0000] {logging_mixin.py:188} INFO - [2025-04-13T15:45:43.491+0000] {dag.py:3036} INFO - Sync 2 DAGs
[2025-04-13T15:45:43.497+0000] {logging_mixin.py:188} INFO - [2025-04-13T15:45:43.497+0000] {dag.py:3823} INFO - Setting next_dagrun for example_subdag_operator.section-1 to None, run_after=None
[2025-04-13T15:45:43.498+0000] {logging_mixin.py:188} INFO - [2025-04-13T15:45:43.498+0000] {dag.py:3823} INFO - Setting next_dagrun for example_subdag_operator.section-2 to None, run_after=None
[2025-04-13T15:45:43.513+0000] {processor.py:183} INFO - Processing /home/airflow/.local/lib/python3.8/site-packages/airflow/example_dags/example_subdag_operator.py took 0.117 seconds
[2025-04-13T15:46:17.573+0000] {processor.py:161} INFO - Started process (PID=2939) to work on /home/airflow/.local/lib/python3.8/site-packages/airflow/example_dags/example_subdag_operator.py
[2025-04-13T15:46:17.575+0000] {processor.py:830} INFO - Processing file /home/airflow/.local/lib/python3.8/site-packages/airflow/example_dags/example_subdag_operator.py for tasks to queue
[2025-04-13T15:46:17.578+0000] {logging_mixin.py:188} INFO - [2025-04-13T15:46:17.577+0000] {dagbag.py:538} INFO - Filling up the DagBag from /home/airflow/.local/lib/python3.8/site-packages/airflow/example_dags/example_subdag_operator.py
[2025-04-13T15:46:17.752+0000] {processor.py:840} INFO - DAG(s) 'example_subdag_operator.section-1', 'example_subdag_operator.section-2', 'example_subdag_operator' retrieved from /home/airflow/.local/lib/python3.8/site-packages/airflow/example_dags/example_subdag_operator.py
[2025-04-13T15:46:17.768+0000] {logging_mixin.py:188} INFO - [2025-04-13T15:46:17.767+0000] {dag.py:3036} INFO - Sync 3 DAGs
[2025-04-13T15:46:17.797+0000] {logging_mixin.py:188} INFO - [2025-04-13T15:46:17.797+0000] {dag.py:3823} INFO - Setting next_dagrun for example_subdag_operator to 2022-01-01 00:00:00+00:00, run_after=2022-01-01 00:00:00+00:00
[2025-04-13T15:46:17.802+0000] {logging_mixin.py:188} INFO - [2025-04-13T15:46:17.801+0000] {dag.py:3823} INFO - Setting next_dagrun for example_subdag_operator.section-1 to None, run_after=None
[2025-04-13T15:46:17.804+0000] {logging_mixin.py:188} INFO - [2025-04-13T15:46:17.804+0000] {dag.py:3823} INFO - Setting next_dagrun for example_subdag_operator.section-2 to None, run_after=None
[2025-04-13T15:46:17.813+0000] {logging_mixin.py:188} INFO - [2025-04-13T15:46:17.813+0000] {dag.py:3036} INFO - Sync 2 DAGs
[2025-04-13T15:46:17.819+0000] {logging_mixin.py:188} INFO - [2025-04-13T15:46:17.819+0000] {dag.py:3823} INFO - Setting next_dagrun for example_subdag_operator.section-1 to None, run_after=None
[2025-04-13T15:46:17.820+0000] {logging_mixin.py:188} INFO - [2025-04-13T15:46:17.820+0000] {dag.py:3823} INFO - Setting next_dagrun for example_subdag_operator.section-2 to None, run_after=None
[2025-04-13T15:46:17.832+0000] {processor.py:183} INFO - Processing /home/airflow/.local/lib/python3.8/site-packages/airflow/example_dags/example_subdag_operator.py took 0.262 seconds
[2025-04-13T15:46:48.245+0000] {processor.py:161} INFO - Started process (PID=2995) to work on /home/airflow/.local/lib/python3.8/site-packages/airflow/example_dags/example_subdag_operator.py
[2025-04-13T15:46:48.246+0000] {processor.py:830} INFO - Processing file /home/airflow/.local/lib/python3.8/site-packages/airflow/example_dags/example_subdag_operator.py for tasks to queue
[2025-04-13T15:46:48.249+0000] {logging_mixin.py:188} INFO - [2025-04-13T15:46:48.249+0000] {dagbag.py:538} INFO - Filling up the DagBag from /home/airflow/.local/lib/python3.8/site-packages/airflow/example_dags/example_subdag_operator.py
[2025-04-13T15:46:48.278+0000] {processor.py:840} INFO - DAG(s) 'example_subdag_operator.section-1', 'example_subdag_operator.section-2', 'example_subdag_operator' retrieved from /home/airflow/.local/lib/python3.8/site-packages/airflow/example_dags/example_subdag_operator.py
[2025-04-13T15:46:48.309+0000] {logging_mixin.py:188} INFO - [2025-04-13T15:46:48.308+0000] {dag.py:3036} INFO - Sync 3 DAGs
[2025-04-13T15:46:48.339+0000] {logging_mixin.py:188} INFO - [2025-04-13T15:46:48.338+0000] {dag.py:3823} INFO - Setting next_dagrun for example_subdag_operator to 2022-01-01 00:00:00+00:00, run_after=2022-01-01 00:00:00+00:00
[2025-04-13T15:46:48.344+0000] {logging_mixin.py:188} INFO - [2025-04-13T15:46:48.344+0000] {dag.py:3823} INFO - Setting next_dagrun for example_subdag_operator.section-1 to None, run_after=None
[2025-04-13T15:46:48.347+0000] {logging_mixin.py:188} INFO - [2025-04-13T15:46:48.347+0000] {dag.py:3823} INFO - Setting next_dagrun for example_subdag_operator.section-2 to None, run_after=None
[2025-04-13T15:46:48.356+0000] {logging_mixin.py:188} INFO - [2025-04-13T15:46:48.356+0000] {dag.py:3036} INFO - Sync 2 DAGs
[2025-04-13T15:46:48.363+0000] {logging_mixin.py:188} INFO - [2025-04-13T15:46:48.363+0000] {dag.py:3823} INFO - Setting next_dagrun for example_subdag_operator.section-1 to None, run_after=None
[2025-04-13T15:46:48.364+0000] {logging_mixin.py:188} INFO - [2025-04-13T15:46:48.364+0000] {dag.py:3823} INFO - Setting next_dagrun for example_subdag_operator.section-2 to None, run_after=None
[2025-04-13T15:46:48.377+0000] {processor.py:183} INFO - Processing /home/airflow/.local/lib/python3.8/site-packages/airflow/example_dags/example_subdag_operator.py took 0.135 seconds
[2025-04-13T15:47:20.300+0000] {processor.py:161} INFO - Started process (PID=3052) to work on /home/airflow/.local/lib/python3.8/site-packages/airflow/example_dags/example_subdag_operator.py
[2025-04-13T15:47:20.301+0000] {processor.py:830} INFO - Processing file /home/airflow/.local/lib/python3.8/site-packages/airflow/example_dags/example_subdag_operator.py for tasks to queue
[2025-04-13T15:47:20.303+0000] {logging_mixin.py:188} INFO - [2025-04-13T15:47:20.303+0000] {dagbag.py:538} INFO - Filling up the DagBag from /home/airflow/.local/lib/python3.8/site-packages/airflow/example_dags/example_subdag_operator.py
[2025-04-13T15:47:20.333+0000] {processor.py:840} INFO - DAG(s) 'example_subdag_operator.section-1', 'example_subdag_operator.section-2', 'example_subdag_operator' retrieved from /home/airflow/.local/lib/python3.8/site-packages/airflow/example_dags/example_subdag_operator.py
[2025-04-13T15:47:20.349+0000] {logging_mixin.py:188} INFO - [2025-04-13T15:47:20.349+0000] {dag.py:3036} INFO - Sync 3 DAGs
[2025-04-13T15:47:20.371+0000] {logging_mixin.py:188} INFO - [2025-04-13T15:47:20.371+0000] {dag.py:3823} INFO - Setting next_dagrun for example_subdag_operator to 2022-01-01 00:00:00+00:00, run_after=2022-01-01 00:00:00+00:00
[2025-04-13T15:47:20.376+0000] {logging_mixin.py:188} INFO - [2025-04-13T15:47:20.375+0000] {dag.py:3823} INFO - Setting next_dagrun for example_subdag_operator.section-1 to None, run_after=None
[2025-04-13T15:47:20.378+0000] {logging_mixin.py:188} INFO - [2025-04-13T15:47:20.377+0000] {dag.py:3823} INFO - Setting next_dagrun for example_subdag_operator.section-2 to None, run_after=None
[2025-04-13T15:47:20.385+0000] {logging_mixin.py:188} INFO - [2025-04-13T15:47:20.385+0000] {dag.py:3036} INFO - Sync 2 DAGs
[2025-04-13T15:47:20.391+0000] {logging_mixin.py:188} INFO - [2025-04-13T15:47:20.391+0000] {dag.py:3823} INFO - Setting next_dagrun for example_subdag_operator.section-1 to None, run_after=None
[2025-04-13T15:47:20.392+0000] {logging_mixin.py:188} INFO - [2025-04-13T15:47:20.392+0000] {dag.py:3823} INFO - Setting next_dagrun for example_subdag_operator.section-2 to None, run_after=None
[2025-04-13T15:47:20.405+0000] {processor.py:183} INFO - Processing /home/airflow/.local/lib/python3.8/site-packages/airflow/example_dags/example_subdag_operator.py took 0.110 seconds
[2025-04-13T15:47:53.077+0000] {processor.py:161} INFO - Started process (PID=3108) to work on /home/airflow/.local/lib/python3.8/site-packages/airflow/example_dags/example_subdag_operator.py
[2025-04-13T15:47:53.078+0000] {processor.py:830} INFO - Processing file /home/airflow/.local/lib/python3.8/site-packages/airflow/example_dags/example_subdag_operator.py for tasks to queue
[2025-04-13T15:47:53.081+0000] {logging_mixin.py:188} INFO - [2025-04-13T15:47:53.080+0000] {dagbag.py:538} INFO - Filling up the DagBag from /home/airflow/.local/lib/python3.8/site-packages/airflow/example_dags/example_subdag_operator.py
[2025-04-13T15:47:53.106+0000] {processor.py:840} INFO - DAG(s) 'example_subdag_operator.section-1', 'example_subdag_operator.section-2', 'example_subdag_operator' retrieved from /home/airflow/.local/lib/python3.8/site-packages/airflow/example_dags/example_subdag_operator.py
[2025-04-13T15:47:53.123+0000] {logging_mixin.py:188} INFO - [2025-04-13T15:47:53.123+0000] {dag.py:3036} INFO - Sync 3 DAGs
[2025-04-13T15:47:53.151+0000] {logging_mixin.py:188} INFO - [2025-04-13T15:47:53.150+0000] {dag.py:3823} INFO - Setting next_dagrun for example_subdag_operator to 2022-01-01 00:00:00+00:00, run_after=2022-01-01 00:00:00+00:00
[2025-04-13T15:47:53.155+0000] {logging_mixin.py:188} INFO - [2025-04-13T15:47:53.155+0000] {dag.py:3823} INFO - Setting next_dagrun for example_subdag_operator.section-1 to None, run_after=None
[2025-04-13T15:47:53.157+0000] {logging_mixin.py:188} INFO - [2025-04-13T15:47:53.157+0000] {dag.py:3823} INFO - Setting next_dagrun for example_subdag_operator.section-2 to None, run_after=None
[2025-04-13T15:47:53.166+0000] {logging_mixin.py:188} INFO - [2025-04-13T15:47:53.165+0000] {dag.py:3036} INFO - Sync 2 DAGs
[2025-04-13T15:47:53.172+0000] {logging_mixin.py:188} INFO - [2025-04-13T15:47:53.172+0000] {dag.py:3823} INFO - Setting next_dagrun for example_subdag_operator.section-1 to None, run_after=None
[2025-04-13T15:47:53.173+0000] {logging_mixin.py:188} INFO - [2025-04-13T15:47:53.173+0000] {dag.py:3823} INFO - Setting next_dagrun for example_subdag_operator.section-2 to None, run_after=None
[2025-04-13T15:47:53.201+0000] {processor.py:183} INFO - Processing /home/airflow/.local/lib/python3.8/site-packages/airflow/example_dags/example_subdag_operator.py took 0.128 seconds
[2025-04-13T15:48:25.623+0000] {processor.py:161} INFO - Started process (PID=3164) to work on /home/airflow/.local/lib/python3.8/site-packages/airflow/example_dags/example_subdag_operator.py
[2025-04-13T15:48:25.624+0000] {processor.py:830} INFO - Processing file /home/airflow/.local/lib/python3.8/site-packages/airflow/example_dags/example_subdag_operator.py for tasks to queue
[2025-04-13T15:48:25.626+0000] {logging_mixin.py:188} INFO - [2025-04-13T15:48:25.625+0000] {dagbag.py:538} INFO - Filling up the DagBag from /home/airflow/.local/lib/python3.8/site-packages/airflow/example_dags/example_subdag_operator.py
[2025-04-13T15:48:25.654+0000] {processor.py:840} INFO - DAG(s) 'example_subdag_operator.section-1', 'example_subdag_operator.section-2', 'example_subdag_operator' retrieved from /home/airflow/.local/lib/python3.8/site-packages/airflow/example_dags/example_subdag_operator.py
[2025-04-13T15:48:25.677+0000] {logging_mixin.py:188} INFO - [2025-04-13T15:48:25.677+0000] {dag.py:3036} INFO - Sync 3 DAGs
[2025-04-13T15:48:25.702+0000] {logging_mixin.py:188} INFO - [2025-04-13T15:48:25.701+0000] {dag.py:3823} INFO - Setting next_dagrun for example_subdag_operator to 2022-01-01 00:00:00+00:00, run_after=2022-01-01 00:00:00+00:00
[2025-04-13T15:48:25.706+0000] {logging_mixin.py:188} INFO - [2025-04-13T15:48:25.706+0000] {dag.py:3823} INFO - Setting next_dagrun for example_subdag_operator.section-1 to None, run_after=None
[2025-04-13T15:48:25.708+0000] {logging_mixin.py:188} INFO - [2025-04-13T15:48:25.708+0000] {dag.py:3823} INFO - Setting next_dagrun for example_subdag_operator.section-2 to None, run_after=None
[2025-04-13T15:48:25.721+0000] {logging_mixin.py:188} INFO - [2025-04-13T15:48:25.720+0000] {dag.py:3036} INFO - Sync 2 DAGs
[2025-04-13T15:48:25.727+0000] {logging_mixin.py:188} INFO - [2025-04-13T15:48:25.727+0000] {dag.py:3823} INFO - Setting next_dagrun for example_subdag_operator.section-1 to None, run_after=None
[2025-04-13T15:48:25.728+0000] {logging_mixin.py:188} INFO - [2025-04-13T15:48:25.728+0000] {dag.py:3823} INFO - Setting next_dagrun for example_subdag_operator.section-2 to None, run_after=None
[2025-04-13T15:48:25.742+0000] {processor.py:183} INFO - Processing /home/airflow/.local/lib/python3.8/site-packages/airflow/example_dags/example_subdag_operator.py took 0.124 seconds
[2025-04-13T15:48:58.894+0000] {processor.py:161} INFO - Started process (PID=3220) to work on /home/airflow/.local/lib/python3.8/site-packages/airflow/example_dags/example_subdag_operator.py
[2025-04-13T15:48:58.896+0000] {processor.py:830} INFO - Processing file /home/airflow/.local/lib/python3.8/site-packages/airflow/example_dags/example_subdag_operator.py for tasks to queue
[2025-04-13T15:48:58.901+0000] {logging_mixin.py:188} INFO - [2025-04-13T15:48:58.900+0000] {dagbag.py:538} INFO - Filling up the DagBag from /home/airflow/.local/lib/python3.8/site-packages/airflow/example_dags/example_subdag_operator.py
[2025-04-13T15:48:58.947+0000] {processor.py:840} INFO - DAG(s) 'example_subdag_operator.section-1', 'example_subdag_operator.section-2', 'example_subdag_operator' retrieved from /home/airflow/.local/lib/python3.8/site-packages/airflow/example_dags/example_subdag_operator.py
[2025-04-13T15:48:58.979+0000] {logging_mixin.py:188} INFO - [2025-04-13T15:48:58.978+0000] {dag.py:3036} INFO - Sync 3 DAGs
[2025-04-13T15:48:59.049+0000] {logging_mixin.py:188} INFO - [2025-04-13T15:48:59.048+0000] {dag.py:3823} INFO - Setting next_dagrun for example_subdag_operator to 2022-01-01 00:00:00+00:00, run_after=2022-01-01 00:00:00+00:00
[2025-04-13T15:48:59.064+0000] {logging_mixin.py:188} INFO - [2025-04-13T15:48:59.063+0000] {dag.py:3823} INFO - Setting next_dagrun for example_subdag_operator.section-1 to None, run_after=None
[2025-04-13T15:48:59.070+0000] {logging_mixin.py:188} INFO - [2025-04-13T15:48:59.069+0000] {dag.py:3823} INFO - Setting next_dagrun for example_subdag_operator.section-2 to None, run_after=None
[2025-04-13T15:48:59.097+0000] {logging_mixin.py:188} INFO - [2025-04-13T15:48:59.096+0000] {dag.py:3036} INFO - Sync 2 DAGs
[2025-04-13T15:48:59.112+0000] {logging_mixin.py:188} INFO - [2025-04-13T15:48:59.112+0000] {dag.py:3823} INFO - Setting next_dagrun for example_subdag_operator.section-1 to None, run_after=None
[2025-04-13T15:48:59.114+0000] {logging_mixin.py:188} INFO - [2025-04-13T15:48:59.114+0000] {dag.py:3823} INFO - Setting next_dagrun for example_subdag_operator.section-2 to None, run_after=None
[2025-04-13T15:48:59.141+0000] {processor.py:183} INFO - Processing /home/airflow/.local/lib/python3.8/site-packages/airflow/example_dags/example_subdag_operator.py took 0.253 seconds
[2025-04-13T15:49:31.420+0000] {processor.py:161} INFO - Started process (PID=3276) to work on /home/airflow/.local/lib/python3.8/site-packages/airflow/example_dags/example_subdag_operator.py
[2025-04-13T15:49:31.421+0000] {processor.py:830} INFO - Processing file /home/airflow/.local/lib/python3.8/site-packages/airflow/example_dags/example_subdag_operator.py for tasks to queue
[2025-04-13T15:49:31.423+0000] {logging_mixin.py:188} INFO - [2025-04-13T15:49:31.422+0000] {dagbag.py:538} INFO - Filling up the DagBag from /home/airflow/.local/lib/python3.8/site-packages/airflow/example_dags/example_subdag_operator.py
[2025-04-13T15:49:31.451+0000] {processor.py:840} INFO - DAG(s) 'example_subdag_operator.section-1', 'example_subdag_operator.section-2', 'example_subdag_operator' retrieved from /home/airflow/.local/lib/python3.8/site-packages/airflow/example_dags/example_subdag_operator.py
[2025-04-13T15:49:31.475+0000] {logging_mixin.py:188} INFO - [2025-04-13T15:49:31.474+0000] {dag.py:3036} INFO - Sync 3 DAGs
[2025-04-13T15:49:31.500+0000] {logging_mixin.py:188} INFO - [2025-04-13T15:49:31.500+0000] {dag.py:3823} INFO - Setting next_dagrun for example_subdag_operator to 2022-01-01 00:00:00+00:00, run_after=2022-01-01 00:00:00+00:00
[2025-04-13T15:49:31.504+0000] {logging_mixin.py:188} INFO - [2025-04-13T15:49:31.504+0000] {dag.py:3823} INFO - Setting next_dagrun for example_subdag_operator.section-1 to None, run_after=None
[2025-04-13T15:49:31.506+0000] {logging_mixin.py:188} INFO - [2025-04-13T15:49:31.506+0000] {dag.py:3823} INFO - Setting next_dagrun for example_subdag_operator.section-2 to None, run_after=None
[2025-04-13T15:49:31.516+0000] {logging_mixin.py:188} INFO - [2025-04-13T15:49:31.516+0000] {dag.py:3036} INFO - Sync 2 DAGs
[2025-04-13T15:49:31.522+0000] {logging_mixin.py:188} INFO - [2025-04-13T15:49:31.522+0000] {dag.py:3823} INFO - Setting next_dagrun for example_subdag_operator.section-1 to None, run_after=None
[2025-04-13T15:49:31.523+0000] {logging_mixin.py:188} INFO - [2025-04-13T15:49:31.523+0000] {dag.py:3823} INFO - Setting next_dagrun for example_subdag_operator.section-2 to None, run_after=None
[2025-04-13T15:49:31.537+0000] {processor.py:183} INFO - Processing /home/airflow/.local/lib/python3.8/site-packages/airflow/example_dags/example_subdag_operator.py took 0.120 seconds
[2025-04-13T15:50:02.431+0000] {processor.py:161} INFO - Started process (PID=3332) to work on /home/airflow/.local/lib/python3.8/site-packages/airflow/example_dags/example_subdag_operator.py
[2025-04-13T15:50:02.432+0000] {processor.py:830} INFO - Processing file /home/airflow/.local/lib/python3.8/site-packages/airflow/example_dags/example_subdag_operator.py for tasks to queue
[2025-04-13T15:50:02.434+0000] {logging_mixin.py:188} INFO - [2025-04-13T15:50:02.434+0000] {dagbag.py:538} INFO - Filling up the DagBag from /home/airflow/.local/lib/python3.8/site-packages/airflow/example_dags/example_subdag_operator.py
[2025-04-13T15:50:02.462+0000] {processor.py:840} INFO - DAG(s) 'example_subdag_operator.section-1', 'example_subdag_operator.section-2', 'example_subdag_operator' retrieved from /home/airflow/.local/lib/python3.8/site-packages/airflow/example_dags/example_subdag_operator.py
[2025-04-13T15:50:02.479+0000] {logging_mixin.py:188} INFO - [2025-04-13T15:50:02.478+0000] {dag.py:3036} INFO - Sync 3 DAGs
[2025-04-13T15:50:02.507+0000] {logging_mixin.py:188} INFO - [2025-04-13T15:50:02.507+0000] {dag.py:3823} INFO - Setting next_dagrun for example_subdag_operator to 2022-01-01 00:00:00+00:00, run_after=2022-01-01 00:00:00+00:00
[2025-04-13T15:50:02.512+0000] {logging_mixin.py:188} INFO - [2025-04-13T15:50:02.511+0000] {dag.py:3823} INFO - Setting next_dagrun for example_subdag_operator.section-1 to None, run_after=None
[2025-04-13T15:50:02.514+0000] {logging_mixin.py:188} INFO - [2025-04-13T15:50:02.513+0000] {dag.py:3823} INFO - Setting next_dagrun for example_subdag_operator.section-2 to None, run_after=None
[2025-04-13T15:50:02.522+0000] {logging_mixin.py:188} INFO - [2025-04-13T15:50:02.522+0000] {dag.py:3036} INFO - Sync 2 DAGs
[2025-04-13T15:50:02.529+0000] {logging_mixin.py:188} INFO - [2025-04-13T15:50:02.529+0000] {dag.py:3823} INFO - Setting next_dagrun for example_subdag_operator.section-1 to None, run_after=None
[2025-04-13T15:50:02.530+0000] {logging_mixin.py:188} INFO - [2025-04-13T15:50:02.530+0000] {dag.py:3823} INFO - Setting next_dagrun for example_subdag_operator.section-2 to None, run_after=None
[2025-04-13T15:50:02.544+0000] {processor.py:183} INFO - Processing /home/airflow/.local/lib/python3.8/site-packages/airflow/example_dags/example_subdag_operator.py took 0.116 seconds
[2025-04-13T15:50:32.644+0000] {processor.py:161} INFO - Started process (PID=3388) to work on /home/airflow/.local/lib/python3.8/site-packages/airflow/example_dags/example_subdag_operator.py
[2025-04-13T15:50:32.645+0000] {processor.py:830} INFO - Processing file /home/airflow/.local/lib/python3.8/site-packages/airflow/example_dags/example_subdag_operator.py for tasks to queue
[2025-04-13T15:50:32.647+0000] {logging_mixin.py:188} INFO - [2025-04-13T15:50:32.647+0000] {dagbag.py:538} INFO - Filling up the DagBag from /home/airflow/.local/lib/python3.8/site-packages/airflow/example_dags/example_subdag_operator.py
[2025-04-13T15:50:32.677+0000] {processor.py:840} INFO - DAG(s) 'example_subdag_operator.section-1', 'example_subdag_operator.section-2', 'example_subdag_operator' retrieved from /home/airflow/.local/lib/python3.8/site-packages/airflow/example_dags/example_subdag_operator.py
[2025-04-13T15:50:32.697+0000] {logging_mixin.py:188} INFO - [2025-04-13T15:50:32.697+0000] {dag.py:3036} INFO - Sync 3 DAGs
[2025-04-13T15:50:32.726+0000] {logging_mixin.py:188} INFO - [2025-04-13T15:50:32.726+0000] {dag.py:3823} INFO - Setting next_dagrun for example_subdag_operator to 2022-01-01 00:00:00+00:00, run_after=2022-01-01 00:00:00+00:00
[2025-04-13T15:50:32.730+0000] {logging_mixin.py:188} INFO - [2025-04-13T15:50:32.730+0000] {dag.py:3823} INFO - Setting next_dagrun for example_subdag_operator.section-1 to None, run_after=None
[2025-04-13T15:50:32.733+0000] {logging_mixin.py:188} INFO - [2025-04-13T15:50:32.733+0000] {dag.py:3823} INFO - Setting next_dagrun for example_subdag_operator.section-2 to None, run_after=None
[2025-04-13T15:50:31.379+0000] {logging_mixin.py:188} INFO - [2025-04-13T15:50:31.379+0000] {dag.py:3036} INFO - Sync 2 DAGs
[2025-04-13T15:50:31.386+0000] {logging_mixin.py:188} INFO - [2025-04-13T15:50:31.385+0000] {dag.py:3823} INFO - Setting next_dagrun for example_subdag_operator.section-1 to None, run_after=None
[2025-04-13T15:50:31.386+0000] {logging_mixin.py:188} INFO - [2025-04-13T15:50:31.386+0000] {dag.py:3823} INFO - Setting next_dagrun for example_subdag_operator.section-2 to None, run_after=None
[2025-04-13T15:50:31.402+0000] {processor.py:183} INFO - Processing /home/airflow/.local/lib/python3.8/site-packages/airflow/example_dags/example_subdag_operator.py took 0.126 seconds
[2025-04-13T15:51:02.084+0000] {processor.py:161} INFO - Started process (PID=3428) to work on /home/airflow/.local/lib/python3.8/site-packages/airflow/example_dags/example_subdag_operator.py
[2025-04-13T15:51:02.085+0000] {processor.py:830} INFO - Processing file /home/airflow/.local/lib/python3.8/site-packages/airflow/example_dags/example_subdag_operator.py for tasks to queue
[2025-04-13T15:51:02.088+0000] {logging_mixin.py:188} INFO - [2025-04-13T15:51:02.087+0000] {dagbag.py:538} INFO - Filling up the DagBag from /home/airflow/.local/lib/python3.8/site-packages/airflow/example_dags/example_subdag_operator.py
[2025-04-13T15:51:02.116+0000] {processor.py:840} INFO - DAG(s) 'example_subdag_operator.section-1', 'example_subdag_operator.section-2', 'example_subdag_operator' retrieved from /home/airflow/.local/lib/python3.8/site-packages/airflow/example_dags/example_subdag_operator.py
[2025-04-13T15:51:02.136+0000] {logging_mixin.py:188} INFO - [2025-04-13T15:51:02.136+0000] {dag.py:3036} INFO - Sync 3 DAGs
[2025-04-13T15:51:02.165+0000] {logging_mixin.py:188} INFO - [2025-04-13T15:51:02.165+0000] {dag.py:3823} INFO - Setting next_dagrun for example_subdag_operator to 2022-01-01 00:00:00+00:00, run_after=2022-01-01 00:00:00+00:00
[2025-04-13T15:51:02.172+0000] {logging_mixin.py:188} INFO - [2025-04-13T15:51:02.172+0000] {dag.py:3823} INFO - Setting next_dagrun for example_subdag_operator.section-1 to None, run_after=None
[2025-04-13T15:51:02.175+0000] {logging_mixin.py:188} INFO - [2025-04-13T15:51:02.174+0000] {dag.py:3823} INFO - Setting next_dagrun for example_subdag_operator.section-2 to None, run_after=None
[2025-04-13T15:51:02.183+0000] {logging_mixin.py:188} INFO - [2025-04-13T15:51:02.183+0000] {dag.py:3036} INFO - Sync 2 DAGs
[2025-04-13T15:51:02.192+0000] {logging_mixin.py:188} INFO - [2025-04-13T15:51:02.191+0000] {dag.py:3823} INFO - Setting next_dagrun for example_subdag_operator.section-1 to None, run_after=None
[2025-04-13T15:51:02.193+0000] {logging_mixin.py:188} INFO - [2025-04-13T15:51:02.192+0000] {dag.py:3823} INFO - Setting next_dagrun for example_subdag_operator.section-2 to None, run_after=None
[2025-04-13T15:51:02.219+0000] {processor.py:183} INFO - Processing /home/airflow/.local/lib/python3.8/site-packages/airflow/example_dags/example_subdag_operator.py took 0.139 seconds
[2025-04-13T15:51:33.249+0000] {processor.py:161} INFO - Started process (PID=3488) to work on /home/airflow/.local/lib/python3.8/site-packages/airflow/example_dags/example_subdag_operator.py
[2025-04-13T15:51:33.250+0000] {processor.py:830} INFO - Processing file /home/airflow/.local/lib/python3.8/site-packages/airflow/example_dags/example_subdag_operator.py for tasks to queue
[2025-04-13T15:51:33.253+0000] {logging_mixin.py:188} INFO - [2025-04-13T15:51:33.252+0000] {dagbag.py:538} INFO - Filling up the DagBag from /home/airflow/.local/lib/python3.8/site-packages/airflow/example_dags/example_subdag_operator.py
[2025-04-13T15:51:33.283+0000] {processor.py:840} INFO - DAG(s) 'example_subdag_operator.section-1', 'example_subdag_operator.section-2', 'example_subdag_operator' retrieved from /home/airflow/.local/lib/python3.8/site-packages/airflow/example_dags/example_subdag_operator.py
[2025-04-13T15:51:33.304+0000] {logging_mixin.py:188} INFO - [2025-04-13T15:51:33.304+0000] {dag.py:3036} INFO - Sync 3 DAGs
[2025-04-13T15:51:33.331+0000] {logging_mixin.py:188} INFO - [2025-04-13T15:51:33.331+0000] {dag.py:3823} INFO - Setting next_dagrun for example_subdag_operator to 2022-01-01 00:00:00+00:00, run_after=2022-01-01 00:00:00+00:00
[2025-04-13T15:51:33.335+0000] {logging_mixin.py:188} INFO - [2025-04-13T15:51:33.335+0000] {dag.py:3823} INFO - Setting next_dagrun for example_subdag_operator.section-1 to None, run_after=None
[2025-04-13T15:51:33.337+0000] {logging_mixin.py:188} INFO - [2025-04-13T15:51:33.337+0000] {dag.py:3823} INFO - Setting next_dagrun for example_subdag_operator.section-2 to None, run_after=None
[2025-04-13T15:51:33.345+0000] {logging_mixin.py:188} INFO - [2025-04-13T15:51:33.345+0000] {dag.py:3036} INFO - Sync 2 DAGs
[2025-04-13T15:51:33.351+0000] {logging_mixin.py:188} INFO - [2025-04-13T15:51:33.351+0000] {dag.py:3823} INFO - Setting next_dagrun for example_subdag_operator.section-1 to None, run_after=None
[2025-04-13T15:51:33.352+0000] {logging_mixin.py:188} INFO - [2025-04-13T15:51:33.352+0000] {dag.py:3823} INFO - Setting next_dagrun for example_subdag_operator.section-2 to None, run_after=None
[2025-04-13T15:51:33.369+0000] {processor.py:183} INFO - Processing /home/airflow/.local/lib/python3.8/site-packages/airflow/example_dags/example_subdag_operator.py took 0.125 seconds
[2025-04-13T15:52:05.156+0000] {processor.py:161} INFO - Started process (PID=3555) to work on /home/airflow/.local/lib/python3.8/site-packages/airflow/example_dags/example_subdag_operator.py
[2025-04-13T15:52:05.157+0000] {processor.py:830} INFO - Processing file /home/airflow/.local/lib/python3.8/site-packages/airflow/example_dags/example_subdag_operator.py for tasks to queue
[2025-04-13T15:52:05.160+0000] {logging_mixin.py:188} INFO - [2025-04-13T15:52:05.159+0000] {dagbag.py:538} INFO - Filling up the DagBag from /home/airflow/.local/lib/python3.8/site-packages/airflow/example_dags/example_subdag_operator.py
[2025-04-13T15:52:05.192+0000] {processor.py:840} INFO - DAG(s) 'example_subdag_operator.section-1', 'example_subdag_operator.section-2', 'example_subdag_operator' retrieved from /home/airflow/.local/lib/python3.8/site-packages/airflow/example_dags/example_subdag_operator.py
[2025-04-13T15:52:05.215+0000] {logging_mixin.py:188} INFO - [2025-04-13T15:52:05.215+0000] {dag.py:3036} INFO - Sync 3 DAGs
[2025-04-13T15:52:05.263+0000] {logging_mixin.py:188} INFO - [2025-04-13T15:52:05.263+0000] {dag.py:3823} INFO - Setting next_dagrun for example_subdag_operator to 2022-01-01 00:00:00+00:00, run_after=2022-01-01 00:00:00+00:00
[2025-04-13T15:52:05.270+0000] {logging_mixin.py:188} INFO - [2025-04-13T15:52:05.269+0000] {dag.py:3823} INFO - Setting next_dagrun for example_subdag_operator.section-1 to None, run_after=None
[2025-04-13T15:52:05.272+0000] {logging_mixin.py:188} INFO - [2025-04-13T15:52:05.272+0000] {dag.py:3823} INFO - Setting next_dagrun for example_subdag_operator.section-2 to None, run_after=None
[2025-04-13T15:52:05.284+0000] {logging_mixin.py:188} INFO - [2025-04-13T15:52:05.284+0000] {dag.py:3036} INFO - Sync 2 DAGs
[2025-04-13T15:52:05.295+0000] {logging_mixin.py:188} INFO - [2025-04-13T15:52:05.294+0000] {dag.py:3823} INFO - Setting next_dagrun for example_subdag_operator.section-1 to None, run_after=None
[2025-04-13T15:52:05.296+0000] {logging_mixin.py:188} INFO - [2025-04-13T15:52:05.296+0000] {dag.py:3823} INFO - Setting next_dagrun for example_subdag_operator.section-2 to None, run_after=None
[2025-04-13T15:52:05.334+0000] {processor.py:183} INFO - Processing /home/airflow/.local/lib/python3.8/site-packages/airflow/example_dags/example_subdag_operator.py took 0.182 seconds
[2025-04-13T15:52:35.506+0000] {processor.py:161} INFO - Started process (PID=3611) to work on /home/airflow/.local/lib/python3.8/site-packages/airflow/example_dags/example_subdag_operator.py
[2025-04-13T15:52:35.508+0000] {processor.py:830} INFO - Processing file /home/airflow/.local/lib/python3.8/site-packages/airflow/example_dags/example_subdag_operator.py for tasks to queue
[2025-04-13T15:52:35.511+0000] {logging_mixin.py:188} INFO - [2025-04-13T15:52:35.511+0000] {dagbag.py:538} INFO - Filling up the DagBag from /home/airflow/.local/lib/python3.8/site-packages/airflow/example_dags/example_subdag_operator.py
[2025-04-13T15:52:35.546+0000] {processor.py:840} INFO - DAG(s) 'example_subdag_operator.section-1', 'example_subdag_operator.section-2', 'example_subdag_operator' retrieved from /home/airflow/.local/lib/python3.8/site-packages/airflow/example_dags/example_subdag_operator.py
[2025-04-13T15:52:35.566+0000] {logging_mixin.py:188} INFO - [2025-04-13T15:52:35.566+0000] {dag.py:3036} INFO - Sync 3 DAGs
[2025-04-13T15:52:35.592+0000] {logging_mixin.py:188} INFO - [2025-04-13T15:52:35.591+0000] {dag.py:3823} INFO - Setting next_dagrun for example_subdag_operator to 2022-01-01 00:00:00+00:00, run_after=2022-01-01 00:00:00+00:00
[2025-04-13T15:52:35.597+0000] {logging_mixin.py:188} INFO - [2025-04-13T15:52:35.596+0000] {dag.py:3823} INFO - Setting next_dagrun for example_subdag_operator.section-1 to None, run_after=None
[2025-04-13T15:52:35.599+0000] {logging_mixin.py:188} INFO - [2025-04-13T15:52:35.598+0000] {dag.py:3823} INFO - Setting next_dagrun for example_subdag_operator.section-2 to None, run_after=None
[2025-04-13T15:52:35.607+0000] {logging_mixin.py:188} INFO - [2025-04-13T15:52:35.607+0000] {dag.py:3036} INFO - Sync 2 DAGs
[2025-04-13T15:52:35.614+0000] {logging_mixin.py:188} INFO - [2025-04-13T15:52:35.614+0000] {dag.py:3823} INFO - Setting next_dagrun for example_subdag_operator.section-1 to None, run_after=None
[2025-04-13T15:52:35.615+0000] {logging_mixin.py:188} INFO - [2025-04-13T15:52:35.614+0000] {dag.py:3823} INFO - Setting next_dagrun for example_subdag_operator.section-2 to None, run_after=None
[2025-04-13T15:52:35.629+0000] {processor.py:183} INFO - Processing /home/airflow/.local/lib/python3.8/site-packages/airflow/example_dags/example_subdag_operator.py took 0.128 seconds
[2025-04-13T17:20:30.548+0000] {processor.py:161} INFO - Started process (PID=3674) to work on /home/airflow/.local/lib/python3.8/site-packages/airflow/example_dags/example_subdag_operator.py
[2025-04-13T17:20:30.563+0000] {processor.py:830} INFO - Processing file /home/airflow/.local/lib/python3.8/site-packages/airflow/example_dags/example_subdag_operator.py for tasks to queue
[2025-04-13T17:20:30.579+0000] {logging_mixin.py:188} INFO - [2025-04-13T17:20:30.578+0000] {dagbag.py:538} INFO - Filling up the DagBag from /home/airflow/.local/lib/python3.8/site-packages/airflow/example_dags/example_subdag_operator.py
[2025-04-13T17:20:30.824+0000] {processor.py:840} INFO - DAG(s) 'example_subdag_operator.section-1', 'example_subdag_operator.section-2', 'example_subdag_operator' retrieved from /home/airflow/.local/lib/python3.8/site-packages/airflow/example_dags/example_subdag_operator.py
[2025-04-13T17:20:31.013+0000] {logging_mixin.py:188} INFO - [2025-04-13T17:20:31.013+0000] {dag.py:3036} INFO - Sync 3 DAGs
[2025-04-13T17:20:31.261+0000] {logging_mixin.py:188} INFO - [2025-04-13T17:20:31.260+0000] {dag.py:3823} INFO - Setting next_dagrun for example_subdag_operator to 2022-01-01 00:00:00+00:00, run_after=2022-01-01 00:00:00+00:00
[2025-04-13T17:20:31.291+0000] {logging_mixin.py:188} INFO - [2025-04-13T17:20:31.290+0000] {dag.py:3823} INFO - Setting next_dagrun for example_subdag_operator.section-1 to None, run_after=None
[2025-04-13T17:20:31.355+0000] {logging_mixin.py:188} INFO - [2025-04-13T17:20:31.355+0000] {dag.py:3823} INFO - Setting next_dagrun for example_subdag_operator.section-2 to None, run_after=None
[2025-04-13T17:20:31.506+0000] {logging_mixin.py:188} INFO - [2025-04-13T17:20:31.506+0000] {dag.py:3036} INFO - Sync 2 DAGs
[2025-04-13T17:20:31.609+0000] {logging_mixin.py:188} INFO - [2025-04-13T17:20:31.609+0000] {dag.py:3823} INFO - Setting next_dagrun for example_subdag_operator.section-1 to None, run_after=None
[2025-04-13T17:20:31.663+0000] {logging_mixin.py:188} INFO - [2025-04-13T17:20:31.663+0000] {dag.py:3823} INFO - Setting next_dagrun for example_subdag_operator.section-2 to None, run_after=None
[2025-04-13T17:20:31.876+0000] {processor.py:183} INFO - Processing /home/airflow/.local/lib/python3.8/site-packages/airflow/example_dags/example_subdag_operator.py took 1.344 seconds
[2025-04-13T17:21:02.903+0000] {processor.py:161} INFO - Started process (PID=3731) to work on /home/airflow/.local/lib/python3.8/site-packages/airflow/example_dags/example_subdag_operator.py
[2025-04-13T17:21:02.905+0000] {processor.py:830} INFO - Processing file /home/airflow/.local/lib/python3.8/site-packages/airflow/example_dags/example_subdag_operator.py for tasks to queue
[2025-04-13T17:21:02.908+0000] {logging_mixin.py:188} INFO - [2025-04-13T17:21:02.907+0000] {dagbag.py:538} INFO - Filling up the DagBag from /home/airflow/.local/lib/python3.8/site-packages/airflow/example_dags/example_subdag_operator.py
[2025-04-13T17:21:02.947+0000] {processor.py:840} INFO - DAG(s) 'example_subdag_operator.section-1', 'example_subdag_operator.section-2', 'example_subdag_operator' retrieved from /home/airflow/.local/lib/python3.8/site-packages/airflow/example_dags/example_subdag_operator.py
[2025-04-13T17:21:02.971+0000] {logging_mixin.py:188} INFO - [2025-04-13T17:21:02.971+0000] {dag.py:3036} INFO - Sync 3 DAGs
[2025-04-13T17:21:03.002+0000] {logging_mixin.py:188} INFO - [2025-04-13T17:21:03.002+0000] {dag.py:3823} INFO - Setting next_dagrun for example_subdag_operator to 2022-01-01 00:00:00+00:00, run_after=2022-01-01 00:00:00+00:00
[2025-04-13T17:21:03.008+0000] {logging_mixin.py:188} INFO - [2025-04-13T17:21:03.008+0000] {dag.py:3823} INFO - Setting next_dagrun for example_subdag_operator.section-1 to None, run_after=None
[2025-04-13T17:21:03.011+0000] {logging_mixin.py:188} INFO - [2025-04-13T17:21:03.010+0000] {dag.py:3823} INFO - Setting next_dagrun for example_subdag_operator.section-2 to None, run_after=None
[2025-04-13T17:21:03.023+0000] {logging_mixin.py:188} INFO - [2025-04-13T17:21:03.023+0000] {dag.py:3036} INFO - Sync 2 DAGs
[2025-04-13T17:21:03.038+0000] {logging_mixin.py:188} INFO - [2025-04-13T17:21:03.037+0000] {dag.py:3823} INFO - Setting next_dagrun for example_subdag_operator.section-1 to None, run_after=None
[2025-04-13T17:21:03.039+0000] {logging_mixin.py:188} INFO - [2025-04-13T17:21:03.038+0000] {dag.py:3823} INFO - Setting next_dagrun for example_subdag_operator.section-2 to None, run_after=None
[2025-04-13T17:21:03.059+0000] {processor.py:183} INFO - Processing /home/airflow/.local/lib/python3.8/site-packages/airflow/example_dags/example_subdag_operator.py took 0.162 seconds
[2025-04-13T17:21:33.917+0000] {processor.py:161} INFO - Started process (PID=3787) to work on /home/airflow/.local/lib/python3.8/site-packages/airflow/example_dags/example_subdag_operator.py
[2025-04-13T17:21:33.918+0000] {processor.py:830} INFO - Processing file /home/airflow/.local/lib/python3.8/site-packages/airflow/example_dags/example_subdag_operator.py for tasks to queue
[2025-04-13T17:21:33.921+0000] {logging_mixin.py:188} INFO - [2025-04-13T17:21:33.921+0000] {dagbag.py:538} INFO - Filling up the DagBag from /home/airflow/.local/lib/python3.8/site-packages/airflow/example_dags/example_subdag_operator.py
[2025-04-13T17:21:33.954+0000] {processor.py:840} INFO - DAG(s) 'example_subdag_operator.section-1', 'example_subdag_operator.section-2', 'example_subdag_operator' retrieved from /home/airflow/.local/lib/python3.8/site-packages/airflow/example_dags/example_subdag_operator.py
[2025-04-13T17:21:33.974+0000] {logging_mixin.py:188} INFO - [2025-04-13T17:21:33.973+0000] {dag.py:3036} INFO - Sync 3 DAGs
[2025-04-13T17:21:34.026+0000] {logging_mixin.py:188} INFO - [2025-04-13T17:21:34.025+0000] {dag.py:3823} INFO - Setting next_dagrun for example_subdag_operator to 2022-01-01 00:00:00+00:00, run_after=2022-01-01 00:00:00+00:00
[2025-04-13T17:21:34.045+0000] {logging_mixin.py:188} INFO - [2025-04-13T17:21:34.044+0000] {dag.py:3823} INFO - Setting next_dagrun for example_subdag_operator.section-1 to None, run_after=None
[2025-04-13T17:21:34.048+0000] {logging_mixin.py:188} INFO - [2025-04-13T17:21:34.048+0000] {dag.py:3823} INFO - Setting next_dagrun for example_subdag_operator.section-2 to None, run_after=None
[2025-04-13T17:21:34.061+0000] {logging_mixin.py:188} INFO - [2025-04-13T17:21:34.060+0000] {dag.py:3036} INFO - Sync 2 DAGs
[2025-04-13T17:21:34.070+0000] {logging_mixin.py:188} INFO - [2025-04-13T17:21:34.070+0000] {dag.py:3823} INFO - Setting next_dagrun for example_subdag_operator.section-1 to None, run_after=None
[2025-04-13T17:21:34.071+0000] {logging_mixin.py:188} INFO - [2025-04-13T17:21:34.071+0000] {dag.py:3823} INFO - Setting next_dagrun for example_subdag_operator.section-2 to None, run_after=None
[2025-04-13T17:21:34.103+0000] {processor.py:183} INFO - Processing /home/airflow/.local/lib/python3.8/site-packages/airflow/example_dags/example_subdag_operator.py took 0.190 seconds
[2025-04-13T17:22:04.251+0000] {processor.py:161} INFO - Started process (PID=3843) to work on /home/airflow/.local/lib/python3.8/site-packages/airflow/example_dags/example_subdag_operator.py
[2025-04-13T17:22:04.253+0000] {processor.py:830} INFO - Processing file /home/airflow/.local/lib/python3.8/site-packages/airflow/example_dags/example_subdag_operator.py for tasks to queue
[2025-04-13T17:22:04.256+0000] {logging_mixin.py:188} INFO - [2025-04-13T17:22:04.255+0000] {dagbag.py:538} INFO - Filling up the DagBag from /home/airflow/.local/lib/python3.8/site-packages/airflow/example_dags/example_subdag_operator.py
[2025-04-13T17:22:04.283+0000] {processor.py:840} INFO - DAG(s) 'example_subdag_operator.section-1', 'example_subdag_operator.section-2', 'example_subdag_operator' retrieved from /home/airflow/.local/lib/python3.8/site-packages/airflow/example_dags/example_subdag_operator.py
[2025-04-13T17:22:04.304+0000] {logging_mixin.py:188} INFO - [2025-04-13T17:22:04.304+0000] {dag.py:3036} INFO - Sync 3 DAGs
[2025-04-13T17:22:04.339+0000] {logging_mixin.py:188} INFO - [2025-04-13T17:22:04.339+0000] {dag.py:3823} INFO - Setting next_dagrun for example_subdag_operator to 2022-01-01 00:00:00+00:00, run_after=2022-01-01 00:00:00+00:00
[2025-04-13T17:22:04.345+0000] {logging_mixin.py:188} INFO - [2025-04-13T17:22:04.344+0000] {dag.py:3823} INFO - Setting next_dagrun for example_subdag_operator.section-1 to None, run_after=None
[2025-04-13T17:22:04.348+0000] {logging_mixin.py:188} INFO - [2025-04-13T17:22:04.347+0000] {dag.py:3823} INFO - Setting next_dagrun for example_subdag_operator.section-2 to None, run_after=None
[2025-04-13T17:22:04.362+0000] {logging_mixin.py:188} INFO - [2025-04-13T17:22:04.362+0000] {dag.py:3036} INFO - Sync 2 DAGs
[2025-04-13T17:22:04.373+0000] {logging_mixin.py:188} INFO - [2025-04-13T17:22:04.371+0000] {dag.py:3823} INFO - Setting next_dagrun for example_subdag_operator.section-1 to None, run_after=None
[2025-04-13T17:22:04.374+0000] {logging_mixin.py:188} INFO - [2025-04-13T17:22:04.374+0000] {dag.py:3823} INFO - Setting next_dagrun for example_subdag_operator.section-2 to None, run_after=None
[2025-04-13T17:22:04.413+0000] {processor.py:183} INFO - Processing /home/airflow/.local/lib/python3.8/site-packages/airflow/example_dags/example_subdag_operator.py took 0.166 seconds
[2025-04-13T17:22:34.993+0000] {processor.py:161} INFO - Started process (PID=3899) to work on /home/airflow/.local/lib/python3.8/site-packages/airflow/example_dags/example_subdag_operator.py
[2025-04-13T17:22:34.995+0000] {processor.py:830} INFO - Processing file /home/airflow/.local/lib/python3.8/site-packages/airflow/example_dags/example_subdag_operator.py for tasks to queue
[2025-04-13T17:22:35.007+0000] {logging_mixin.py:188} INFO - [2025-04-13T17:22:35.006+0000] {dagbag.py:538} INFO - Filling up the DagBag from /home/airflow/.local/lib/python3.8/site-packages/airflow/example_dags/example_subdag_operator.py
[2025-04-13T17:22:35.042+0000] {processor.py:840} INFO - DAG(s) 'example_subdag_operator.section-1', 'example_subdag_operator.section-2', 'example_subdag_operator' retrieved from /home/airflow/.local/lib/python3.8/site-packages/airflow/example_dags/example_subdag_operator.py
[2025-04-13T17:22:35.066+0000] {logging_mixin.py:188} INFO - [2025-04-13T17:22:35.065+0000] {dag.py:3036} INFO - Sync 3 DAGs
[2025-04-13T17:22:35.093+0000] {logging_mixin.py:188} INFO - [2025-04-13T17:22:35.092+0000] {dag.py:3823} INFO - Setting next_dagrun for example_subdag_operator to 2022-01-01 00:00:00+00:00, run_after=2022-01-01 00:00:00+00:00
[2025-04-13T17:22:35.099+0000] {logging_mixin.py:188} INFO - [2025-04-13T17:22:35.098+0000] {dag.py:3823} INFO - Setting next_dagrun for example_subdag_operator.section-1 to None, run_after=None
[2025-04-13T17:22:35.101+0000] {logging_mixin.py:188} INFO - [2025-04-13T17:22:35.101+0000] {dag.py:3823} INFO - Setting next_dagrun for example_subdag_operator.section-2 to None, run_after=None
[2025-04-13T17:22:35.113+0000] {logging_mixin.py:188} INFO - [2025-04-13T17:22:35.112+0000] {dag.py:3036} INFO - Sync 2 DAGs
[2025-04-13T17:22:35.126+0000] {logging_mixin.py:188} INFO - [2025-04-13T17:22:35.126+0000] {dag.py:3823} INFO - Setting next_dagrun for example_subdag_operator.section-1 to None, run_after=None
[2025-04-13T17:22:35.127+0000] {logging_mixin.py:188} INFO - [2025-04-13T17:22:35.127+0000] {dag.py:3823} INFO - Setting next_dagrun for example_subdag_operator.section-2 to None, run_after=None
[2025-04-13T17:22:35.161+0000] {processor.py:183} INFO - Processing /home/airflow/.local/lib/python3.8/site-packages/airflow/example_dags/example_subdag_operator.py took 0.180 seconds
[2025-04-13T17:23:05.509+0000] {processor.py:161} INFO - Started process (PID=3955) to work on /home/airflow/.local/lib/python3.8/site-packages/airflow/example_dags/example_subdag_operator.py
[2025-04-13T17:23:05.511+0000] {processor.py:830} INFO - Processing file /home/airflow/.local/lib/python3.8/site-packages/airflow/example_dags/example_subdag_operator.py for tasks to queue
[2025-04-13T17:23:05.514+0000] {logging_mixin.py:188} INFO - [2025-04-13T17:23:05.514+0000] {dagbag.py:538} INFO - Filling up the DagBag from /home/airflow/.local/lib/python3.8/site-packages/airflow/example_dags/example_subdag_operator.py
[2025-04-13T17:23:05.580+0000] {processor.py:840} INFO - DAG(s) 'example_subdag_operator.section-1', 'example_subdag_operator.section-2', 'example_subdag_operator' retrieved from /home/airflow/.local/lib/python3.8/site-packages/airflow/example_dags/example_subdag_operator.py
[2025-04-13T17:23:05.604+0000] {logging_mixin.py:188} INFO - [2025-04-13T17:23:05.603+0000] {dag.py:3036} INFO - Sync 3 DAGs
[2025-04-13T17:23:05.638+0000] {logging_mixin.py:188} INFO - [2025-04-13T17:23:05.637+0000] {dag.py:3823} INFO - Setting next_dagrun for example_subdag_operator to 2022-01-01 00:00:00+00:00, run_after=2022-01-01 00:00:00+00:00
[2025-04-13T17:23:05.644+0000] {logging_mixin.py:188} INFO - [2025-04-13T17:23:05.644+0000] {dag.py:3823} INFO - Setting next_dagrun for example_subdag_operator.section-1 to None, run_after=None
[2025-04-13T17:23:05.646+0000] {logging_mixin.py:188} INFO - [2025-04-13T17:23:05.646+0000] {dag.py:3823} INFO - Setting next_dagrun for example_subdag_operator.section-2 to None, run_after=None
[2025-04-13T17:23:05.660+0000] {logging_mixin.py:188} INFO - [2025-04-13T17:23:05.659+0000] {dag.py:3036} INFO - Sync 2 DAGs
[2025-04-13T17:23:05.668+0000] {logging_mixin.py:188} INFO - [2025-04-13T17:23:05.668+0000] {dag.py:3823} INFO - Setting next_dagrun for example_subdag_operator.section-1 to None, run_after=None
[2025-04-13T17:23:05.670+0000] {logging_mixin.py:188} INFO - [2025-04-13T17:23:05.669+0000] {dag.py:3823} INFO - Setting next_dagrun for example_subdag_operator.section-2 to None, run_after=None
[2025-04-13T17:23:05.693+0000] {processor.py:183} INFO - Processing /home/airflow/.local/lib/python3.8/site-packages/airflow/example_dags/example_subdag_operator.py took 0.200 seconds
[2025-04-13T17:23:36.567+0000] {processor.py:161} INFO - Started process (PID=4011) to work on /home/airflow/.local/lib/python3.8/site-packages/airflow/example_dags/example_subdag_operator.py
[2025-04-13T17:23:36.569+0000] {processor.py:830} INFO - Processing file /home/airflow/.local/lib/python3.8/site-packages/airflow/example_dags/example_subdag_operator.py for tasks to queue
[2025-04-13T17:23:36.572+0000] {logging_mixin.py:188} INFO - [2025-04-13T17:23:36.571+0000] {dagbag.py:538} INFO - Filling up the DagBag from /home/airflow/.local/lib/python3.8/site-packages/airflow/example_dags/example_subdag_operator.py
[2025-04-13T17:23:36.607+0000] {processor.py:840} INFO - DAG(s) 'example_subdag_operator.section-1', 'example_subdag_operator.section-2', 'example_subdag_operator' retrieved from /home/airflow/.local/lib/python3.8/site-packages/airflow/example_dags/example_subdag_operator.py
[2025-04-13T17:23:36.629+0000] {logging_mixin.py:188} INFO - [2025-04-13T17:23:36.629+0000] {dag.py:3036} INFO - Sync 3 DAGs
[2025-04-13T17:23:36.661+0000] {logging_mixin.py:188} INFO - [2025-04-13T17:23:36.661+0000] {dag.py:3823} INFO - Setting next_dagrun for example_subdag_operator to 2022-01-01 00:00:00+00:00, run_after=2022-01-01 00:00:00+00:00
[2025-04-13T17:23:36.666+0000] {logging_mixin.py:188} INFO - [2025-04-13T17:23:36.666+0000] {dag.py:3823} INFO - Setting next_dagrun for example_subdag_operator.section-1 to None, run_after=None
[2025-04-13T17:23:36.669+0000] {logging_mixin.py:188} INFO - [2025-04-13T17:23:36.668+0000] {dag.py:3823} INFO - Setting next_dagrun for example_subdag_operator.section-2 to None, run_after=None
[2025-04-13T17:23:36.678+0000] {logging_mixin.py:188} INFO - [2025-04-13T17:23:36.677+0000] {dag.py:3036} INFO - Sync 2 DAGs
[2025-04-13T17:23:36.685+0000] {logging_mixin.py:188} INFO - [2025-04-13T17:23:36.685+0000] {dag.py:3823} INFO - Setting next_dagrun for example_subdag_operator.section-1 to None, run_after=None
[2025-04-13T17:23:36.686+0000] {logging_mixin.py:188} INFO - [2025-04-13T17:23:36.686+0000] {dag.py:3823} INFO - Setting next_dagrun for example_subdag_operator.section-2 to None, run_after=None
[2025-04-13T17:23:36.707+0000] {processor.py:183} INFO - Processing /home/airflow/.local/lib/python3.8/site-packages/airflow/example_dags/example_subdag_operator.py took 0.145 seconds
[2025-04-13T17:24:06.752+0000] {processor.py:161} INFO - Started process (PID=4067) to work on /home/airflow/.local/lib/python3.8/site-packages/airflow/example_dags/example_subdag_operator.py
[2025-04-13T17:24:06.753+0000] {processor.py:830} INFO - Processing file /home/airflow/.local/lib/python3.8/site-packages/airflow/example_dags/example_subdag_operator.py for tasks to queue
[2025-04-13T17:24:06.757+0000] {logging_mixin.py:188} INFO - [2025-04-13T17:24:06.757+0000] {dagbag.py:538} INFO - Filling up the DagBag from /home/airflow/.local/lib/python3.8/site-packages/airflow/example_dags/example_subdag_operator.py
[2025-04-13T17:24:06.791+0000] {processor.py:840} INFO - DAG(s) 'example_subdag_operator.section-1', 'example_subdag_operator.section-2', 'example_subdag_operator' retrieved from /home/airflow/.local/lib/python3.8/site-packages/airflow/example_dags/example_subdag_operator.py
[2025-04-13T17:24:06.830+0000] {logging_mixin.py:188} INFO - [2025-04-13T17:24:06.829+0000] {dag.py:3036} INFO - Sync 3 DAGs
[2025-04-13T17:24:06.873+0000] {logging_mixin.py:188} INFO - [2025-04-13T17:24:06.873+0000] {dag.py:3823} INFO - Setting next_dagrun for example_subdag_operator to 2022-01-01 00:00:00+00:00, run_after=2022-01-01 00:00:00+00:00
[2025-04-13T17:24:06.881+0000] {logging_mixin.py:188} INFO - [2025-04-13T17:24:06.881+0000] {dag.py:3823} INFO - Setting next_dagrun for example_subdag_operator.section-1 to None, run_after=None
[2025-04-13T17:24:06.884+0000] {logging_mixin.py:188} INFO - [2025-04-13T17:24:06.884+0000] {dag.py:3823} INFO - Setting next_dagrun for example_subdag_operator.section-2 to None, run_after=None
[2025-04-13T17:24:06.896+0000] {logging_mixin.py:188} INFO - [2025-04-13T17:24:06.896+0000] {dag.py:3036} INFO - Sync 2 DAGs
[2025-04-13T17:24:06.913+0000] {logging_mixin.py:188} INFO - [2025-04-13T17:24:06.912+0000] {dag.py:3823} INFO - Setting next_dagrun for example_subdag_operator.section-1 to None, run_after=None
[2025-04-13T17:24:06.916+0000] {logging_mixin.py:188} INFO - [2025-04-13T17:24:06.916+0000] {dag.py:3823} INFO - Setting next_dagrun for example_subdag_operator.section-2 to None, run_after=None
[2025-04-13T17:24:06.940+0000] {processor.py:183} INFO - Processing /home/airflow/.local/lib/python3.8/site-packages/airflow/example_dags/example_subdag_operator.py took 0.193 seconds
[2025-04-13T17:24:37.226+0000] {processor.py:161} INFO - Started process (PID=4123) to work on /home/airflow/.local/lib/python3.8/site-packages/airflow/example_dags/example_subdag_operator.py
[2025-04-13T17:24:37.228+0000] {processor.py:830} INFO - Processing file /home/airflow/.local/lib/python3.8/site-packages/airflow/example_dags/example_subdag_operator.py for tasks to queue
[2025-04-13T17:24:37.230+0000] {logging_mixin.py:188} INFO - [2025-04-13T17:24:37.230+0000] {dagbag.py:538} INFO - Filling up the DagBag from /home/airflow/.local/lib/python3.8/site-packages/airflow/example_dags/example_subdag_operator.py
[2025-04-13T17:24:37.261+0000] {processor.py:840} INFO - DAG(s) 'example_subdag_operator.section-1', 'example_subdag_operator.section-2', 'example_subdag_operator' retrieved from /home/airflow/.local/lib/python3.8/site-packages/airflow/example_dags/example_subdag_operator.py
[2025-04-13T17:24:37.279+0000] {logging_mixin.py:188} INFO - [2025-04-13T17:24:37.279+0000] {dag.py:3036} INFO - Sync 3 DAGs
[2025-04-13T17:24:37.307+0000] {logging_mixin.py:188} INFO - [2025-04-13T17:24:37.307+0000] {dag.py:3823} INFO - Setting next_dagrun for example_subdag_operator to 2022-01-01 00:00:00+00:00, run_after=2022-01-01 00:00:00+00:00
[2025-04-13T17:24:37.312+0000] {logging_mixin.py:188} INFO - [2025-04-13T17:24:37.312+0000] {dag.py:3823} INFO - Setting next_dagrun for example_subdag_operator.section-1 to None, run_after=None
[2025-04-13T17:24:37.314+0000] {logging_mixin.py:188} INFO - [2025-04-13T17:24:37.314+0000] {dag.py:3823} INFO - Setting next_dagrun for example_subdag_operator.section-2 to None, run_after=None
[2025-04-13T17:24:37.325+0000] {logging_mixin.py:188} INFO - [2025-04-13T17:24:37.325+0000] {dag.py:3036} INFO - Sync 2 DAGs
[2025-04-13T17:24:37.332+0000] {logging_mixin.py:188} INFO - [2025-04-13T17:24:37.332+0000] {dag.py:3823} INFO - Setting next_dagrun for example_subdag_operator.section-1 to None, run_after=None
[2025-04-13T17:24:37.333+0000] {logging_mixin.py:188} INFO - [2025-04-13T17:24:37.333+0000] {dag.py:3823} INFO - Setting next_dagrun for example_subdag_operator.section-2 to None, run_after=None
[2025-04-13T17:24:37.352+0000] {processor.py:183} INFO - Processing /home/airflow/.local/lib/python3.8/site-packages/airflow/example_dags/example_subdag_operator.py took 0.129 seconds
[2025-04-13T17:25:07.887+0000] {processor.py:161} INFO - Started process (PID=4179) to work on /home/airflow/.local/lib/python3.8/site-packages/airflow/example_dags/example_subdag_operator.py
[2025-04-13T17:25:07.888+0000] {processor.py:830} INFO - Processing file /home/airflow/.local/lib/python3.8/site-packages/airflow/example_dags/example_subdag_operator.py for tasks to queue
[2025-04-13T17:25:07.891+0000] {logging_mixin.py:188} INFO - [2025-04-13T17:25:07.891+0000] {dagbag.py:538} INFO - Filling up the DagBag from /home/airflow/.local/lib/python3.8/site-packages/airflow/example_dags/example_subdag_operator.py
[2025-04-13T17:25:07.919+0000] {processor.py:840} INFO - DAG(s) 'example_subdag_operator.section-1', 'example_subdag_operator.section-2', 'example_subdag_operator' retrieved from /home/airflow/.local/lib/python3.8/site-packages/airflow/example_dags/example_subdag_operator.py
[2025-04-13T17:25:07.939+0000] {logging_mixin.py:188} INFO - [2025-04-13T17:25:07.939+0000] {dag.py:3036} INFO - Sync 3 DAGs
[2025-04-13T17:25:07.968+0000] {logging_mixin.py:188} INFO - [2025-04-13T17:25:07.967+0000] {dag.py:3823} INFO - Setting next_dagrun for example_subdag_operator to 2022-01-01 00:00:00+00:00, run_after=2022-01-01 00:00:00+00:00
[2025-04-13T17:25:07.975+0000] {logging_mixin.py:188} INFO - [2025-04-13T17:25:07.974+0000] {dag.py:3823} INFO - Setting next_dagrun for example_subdag_operator.section-1 to None, run_after=None
[2025-04-13T17:25:07.977+0000] {logging_mixin.py:188} INFO - [2025-04-13T17:25:07.977+0000] {dag.py:3823} INFO - Setting next_dagrun for example_subdag_operator.section-2 to None, run_after=None
[2025-04-13T17:25:07.987+0000] {logging_mixin.py:188} INFO - [2025-04-13T17:25:07.987+0000] {dag.py:3036} INFO - Sync 2 DAGs
[2025-04-13T17:25:07.995+0000] {logging_mixin.py:188} INFO - [2025-04-13T17:25:07.994+0000] {dag.py:3823} INFO - Setting next_dagrun for example_subdag_operator.section-1 to None, run_after=None
[2025-04-13T17:25:07.996+0000] {logging_mixin.py:188} INFO - [2025-04-13T17:25:07.995+0000] {dag.py:3823} INFO - Setting next_dagrun for example_subdag_operator.section-2 to None, run_after=None
[2025-04-13T17:25:08.014+0000] {processor.py:183} INFO - Processing /home/airflow/.local/lib/python3.8/site-packages/airflow/example_dags/example_subdag_operator.py took 0.130 seconds
[2025-04-13T17:25:38.836+0000] {processor.py:161} INFO - Started process (PID=4234) to work on /home/airflow/.local/lib/python3.8/site-packages/airflow/example_dags/example_subdag_operator.py
[2025-04-13T17:25:38.838+0000] {processor.py:830} INFO - Processing file /home/airflow/.local/lib/python3.8/site-packages/airflow/example_dags/example_subdag_operator.py for tasks to queue
[2025-04-13T17:25:38.840+0000] {logging_mixin.py:188} INFO - [2025-04-13T17:25:38.840+0000] {dagbag.py:538} INFO - Filling up the DagBag from /home/airflow/.local/lib/python3.8/site-packages/airflow/example_dags/example_subdag_operator.py
[2025-04-13T17:25:38.873+0000] {processor.py:840} INFO - DAG(s) 'example_subdag_operator.section-1', 'example_subdag_operator.section-2', 'example_subdag_operator' retrieved from /home/airflow/.local/lib/python3.8/site-packages/airflow/example_dags/example_subdag_operator.py
[2025-04-13T17:25:38.896+0000] {logging_mixin.py:188} INFO - [2025-04-13T17:25:38.895+0000] {dag.py:3036} INFO - Sync 3 DAGs
[2025-04-13T17:25:38.932+0000] {logging_mixin.py:188} INFO - [2025-04-13T17:25:38.931+0000] {dag.py:3823} INFO - Setting next_dagrun for example_subdag_operator to 2022-01-01 00:00:00+00:00, run_after=2022-01-01 00:00:00+00:00
[2025-04-13T17:25:38.937+0000] {logging_mixin.py:188} INFO - [2025-04-13T17:25:38.937+0000] {dag.py:3823} INFO - Setting next_dagrun for example_subdag_operator.section-1 to None, run_after=None
[2025-04-13T17:25:38.940+0000] {logging_mixin.py:188} INFO - [2025-04-13T17:25:38.939+0000] {dag.py:3823} INFO - Setting next_dagrun for example_subdag_operator.section-2 to None, run_after=None
[2025-04-13T17:25:38.951+0000] {logging_mixin.py:188} INFO - [2025-04-13T17:25:38.951+0000] {dag.py:3036} INFO - Sync 2 DAGs
[2025-04-13T17:25:38.959+0000] {logging_mixin.py:188} INFO - [2025-04-13T17:25:38.959+0000] {dag.py:3823} INFO - Setting next_dagrun for example_subdag_operator.section-1 to None, run_after=None
[2025-04-13T17:25:38.960+0000] {logging_mixin.py:188} INFO - [2025-04-13T17:25:38.960+0000] {dag.py:3823} INFO - Setting next_dagrun for example_subdag_operator.section-2 to None, run_after=None
[2025-04-13T17:25:38.978+0000] {processor.py:183} INFO - Processing /home/airflow/.local/lib/python3.8/site-packages/airflow/example_dags/example_subdag_operator.py took 0.150 seconds
[2025-04-13T17:26:09.232+0000] {processor.py:161} INFO - Started process (PID=4290) to work on /home/airflow/.local/lib/python3.8/site-packages/airflow/example_dags/example_subdag_operator.py
[2025-04-13T17:26:09.233+0000] {processor.py:830} INFO - Processing file /home/airflow/.local/lib/python3.8/site-packages/airflow/example_dags/example_subdag_operator.py for tasks to queue
[2025-04-13T17:26:09.236+0000] {logging_mixin.py:188} INFO - [2025-04-13T17:26:09.235+0000] {dagbag.py:538} INFO - Filling up the DagBag from /home/airflow/.local/lib/python3.8/site-packages/airflow/example_dags/example_subdag_operator.py
[2025-04-13T17:26:09.269+0000] {processor.py:840} INFO - DAG(s) 'example_subdag_operator.section-1', 'example_subdag_operator.section-2', 'example_subdag_operator' retrieved from /home/airflow/.local/lib/python3.8/site-packages/airflow/example_dags/example_subdag_operator.py
[2025-04-13T17:26:09.291+0000] {logging_mixin.py:188} INFO - [2025-04-13T17:26:09.290+0000] {dag.py:3036} INFO - Sync 3 DAGs
[2025-04-13T17:26:09.322+0000] {logging_mixin.py:188} INFO - [2025-04-13T17:26:09.321+0000] {dag.py:3823} INFO - Setting next_dagrun for example_subdag_operator to 2022-01-01 00:00:00+00:00, run_after=2022-01-01 00:00:00+00:00
[2025-04-13T17:26:09.327+0000] {logging_mixin.py:188} INFO - [2025-04-13T17:26:09.326+0000] {dag.py:3823} INFO - Setting next_dagrun for example_subdag_operator.section-1 to None, run_after=None
[2025-04-13T17:26:09.329+0000] {logging_mixin.py:188} INFO - [2025-04-13T17:26:09.329+0000] {dag.py:3823} INFO - Setting next_dagrun for example_subdag_operator.section-2 to None, run_after=None
[2025-04-13T17:26:09.339+0000] {logging_mixin.py:188} INFO - [2025-04-13T17:26:09.339+0000] {dag.py:3036} INFO - Sync 2 DAGs
[2025-04-13T17:26:09.347+0000] {logging_mixin.py:188} INFO - [2025-04-13T17:26:09.347+0000] {dag.py:3823} INFO - Setting next_dagrun for example_subdag_operator.section-1 to None, run_after=None
[2025-04-13T17:26:09.348+0000] {logging_mixin.py:188} INFO - [2025-04-13T17:26:09.348+0000] {dag.py:3823} INFO - Setting next_dagrun for example_subdag_operator.section-2 to None, run_after=None
[2025-04-13T17:26:09.372+0000] {processor.py:183} INFO - Processing /home/airflow/.local/lib/python3.8/site-packages/airflow/example_dags/example_subdag_operator.py took 0.146 seconds
[2025-04-13T17:26:41.752+0000] {processor.py:161} INFO - Started process (PID=4346) to work on /home/airflow/.local/lib/python3.8/site-packages/airflow/example_dags/example_subdag_operator.py
[2025-04-13T17:26:41.757+0000] {processor.py:830} INFO - Processing file /home/airflow/.local/lib/python3.8/site-packages/airflow/example_dags/example_subdag_operator.py for tasks to queue
[2025-04-13T17:26:41.761+0000] {logging_mixin.py:188} INFO - [2025-04-13T17:26:41.760+0000] {dagbag.py:538} INFO - Filling up the DagBag from /home/airflow/.local/lib/python3.8/site-packages/airflow/example_dags/example_subdag_operator.py
[2025-04-13T17:26:41.809+0000] {processor.py:840} INFO - DAG(s) 'example_subdag_operator.section-1', 'example_subdag_operator.section-2', 'example_subdag_operator' retrieved from /home/airflow/.local/lib/python3.8/site-packages/airflow/example_dags/example_subdag_operator.py
[2025-04-13T17:26:41.839+0000] {logging_mixin.py:188} INFO - [2025-04-13T17:26:41.838+0000] {dag.py:3036} INFO - Sync 3 DAGs
[2025-04-13T17:26:41.903+0000] {logging_mixin.py:188} INFO - [2025-04-13T17:26:41.903+0000] {dag.py:3823} INFO - Setting next_dagrun for example_subdag_operator to 2022-01-01 00:00:00+00:00, run_after=2022-01-01 00:00:00+00:00
[2025-04-13T17:26:41.916+0000] {logging_mixin.py:188} INFO - [2025-04-13T17:26:41.916+0000] {dag.py:3823} INFO - Setting next_dagrun for example_subdag_operator.section-1 to None, run_after=None
[2025-04-13T17:26:41.920+0000] {logging_mixin.py:188} INFO - [2025-04-13T17:26:41.919+0000] {dag.py:3823} INFO - Setting next_dagrun for example_subdag_operator.section-2 to None, run_after=None
[2025-04-13T17:26:41.933+0000] {logging_mixin.py:188} INFO - [2025-04-13T17:26:41.933+0000] {dag.py:3036} INFO - Sync 2 DAGs
[2025-04-13T17:26:41.942+0000] {logging_mixin.py:188} INFO - [2025-04-13T17:26:41.942+0000] {dag.py:3823} INFO - Setting next_dagrun for example_subdag_operator.section-1 to None, run_after=None
[2025-04-13T17:26:41.943+0000] {logging_mixin.py:188} INFO - [2025-04-13T17:26:41.943+0000] {dag.py:3823} INFO - Setting next_dagrun for example_subdag_operator.section-2 to None, run_after=None
[2025-04-13T17:26:41.979+0000] {processor.py:183} INFO - Processing /home/airflow/.local/lib/python3.8/site-packages/airflow/example_dags/example_subdag_operator.py took 0.231 seconds
[2025-04-13T17:27:13.587+0000] {processor.py:161} INFO - Started process (PID=4402) to work on /home/airflow/.local/lib/python3.8/site-packages/airflow/example_dags/example_subdag_operator.py
[2025-04-13T17:27:13.589+0000] {processor.py:830} INFO - Processing file /home/airflow/.local/lib/python3.8/site-packages/airflow/example_dags/example_subdag_operator.py for tasks to queue
[2025-04-13T17:27:13.592+0000] {logging_mixin.py:188} INFO - [2025-04-13T17:27:13.591+0000] {dagbag.py:538} INFO - Filling up the DagBag from /home/airflow/.local/lib/python3.8/site-packages/airflow/example_dags/example_subdag_operator.py
[2025-04-13T17:27:13.632+0000] {processor.py:840} INFO - DAG(s) 'example_subdag_operator.section-1', 'example_subdag_operator.section-2', 'example_subdag_operator' retrieved from /home/airflow/.local/lib/python3.8/site-packages/airflow/example_dags/example_subdag_operator.py
[2025-04-13T17:27:13.662+0000] {logging_mixin.py:188} INFO - [2025-04-13T17:27:13.662+0000] {dag.py:3036} INFO - Sync 3 DAGs
[2025-04-13T17:27:13.702+0000] {logging_mixin.py:188} INFO - [2025-04-13T17:27:13.702+0000] {dag.py:3823} INFO - Setting next_dagrun for example_subdag_operator to 2022-01-01 00:00:00+00:00, run_after=2022-01-01 00:00:00+00:00
[2025-04-13T17:27:13.708+0000] {logging_mixin.py:188} INFO - [2025-04-13T17:27:13.707+0000] {dag.py:3823} INFO - Setting next_dagrun for example_subdag_operator.section-1 to None, run_after=None
[2025-04-13T17:27:13.711+0000] {logging_mixin.py:188} INFO - [2025-04-13T17:27:13.710+0000] {dag.py:3823} INFO - Setting next_dagrun for example_subdag_operator.section-2 to None, run_after=None
[2025-04-13T17:27:13.722+0000] {logging_mixin.py:188} INFO - [2025-04-13T17:27:13.721+0000] {dag.py:3036} INFO - Sync 2 DAGs
[2025-04-13T17:27:13.731+0000] {logging_mixin.py:188} INFO - [2025-04-13T17:27:13.730+0000] {dag.py:3823} INFO - Setting next_dagrun for example_subdag_operator.section-1 to None, run_after=None
[2025-04-13T17:27:13.732+0000] {logging_mixin.py:188} INFO - [2025-04-13T17:27:13.732+0000] {dag.py:3823} INFO - Setting next_dagrun for example_subdag_operator.section-2 to None, run_after=None
[2025-04-13T17:27:13.750+0000] {processor.py:183} INFO - Processing /home/airflow/.local/lib/python3.8/site-packages/airflow/example_dags/example_subdag_operator.py took 0.168 seconds
[2025-04-13T17:27:45.933+0000] {processor.py:161} INFO - Started process (PID=4458) to work on /home/airflow/.local/lib/python3.8/site-packages/airflow/example_dags/example_subdag_operator.py
[2025-04-13T17:27:45.935+0000] {processor.py:830} INFO - Processing file /home/airflow/.local/lib/python3.8/site-packages/airflow/example_dags/example_subdag_operator.py for tasks to queue
[2025-04-13T17:27:45.938+0000] {logging_mixin.py:188} INFO - [2025-04-13T17:27:45.937+0000] {dagbag.py:538} INFO - Filling up the DagBag from /home/airflow/.local/lib/python3.8/site-packages/airflow/example_dags/example_subdag_operator.py
[2025-04-13T17:27:46.004+0000] {processor.py:840} INFO - DAG(s) 'example_subdag_operator.section-1', 'example_subdag_operator.section-2', 'example_subdag_operator' retrieved from /home/airflow/.local/lib/python3.8/site-packages/airflow/example_dags/example_subdag_operator.py
[2025-04-13T17:27:46.091+0000] {logging_mixin.py:188} INFO - [2025-04-13T17:27:46.091+0000] {dag.py:3036} INFO - Sync 3 DAGs
[2025-04-13T17:27:46.145+0000] {logging_mixin.py:188} INFO - [2025-04-13T17:27:46.144+0000] {dag.py:3823} INFO - Setting next_dagrun for example_subdag_operator to 2022-01-01 00:00:00+00:00, run_after=2022-01-01 00:00:00+00:00
[2025-04-13T17:27:46.154+0000] {logging_mixin.py:188} INFO - [2025-04-13T17:27:46.154+0000] {dag.py:3823} INFO - Setting next_dagrun for example_subdag_operator.section-1 to None, run_after=None
[2025-04-13T17:27:46.157+0000] {logging_mixin.py:188} INFO - [2025-04-13T17:27:46.157+0000] {dag.py:3823} INFO - Setting next_dagrun for example_subdag_operator.section-2 to None, run_after=None
[2025-04-13T17:27:46.173+0000] {logging_mixin.py:188} INFO - [2025-04-13T17:27:46.172+0000] {dag.py:3036} INFO - Sync 2 DAGs
[2025-04-13T17:27:46.181+0000] {logging_mixin.py:188} INFO - [2025-04-13T17:27:46.181+0000] {dag.py:3823} INFO - Setting next_dagrun for example_subdag_operator.section-1 to None, run_after=None
[2025-04-13T17:27:46.182+0000] {logging_mixin.py:188} INFO - [2025-04-13T17:27:46.182+0000] {dag.py:3823} INFO - Setting next_dagrun for example_subdag_operator.section-2 to None, run_after=None
[2025-04-13T17:27:46.199+0000] {processor.py:183} INFO - Processing /home/airflow/.local/lib/python3.8/site-packages/airflow/example_dags/example_subdag_operator.py took 0.270 seconds
[2025-04-13T17:28:19.291+0000] {processor.py:161} INFO - Started process (PID=4516) to work on /home/airflow/.local/lib/python3.8/site-packages/airflow/example_dags/example_subdag_operator.py
[2025-04-13T17:28:19.294+0000] {processor.py:830} INFO - Processing file /home/airflow/.local/lib/python3.8/site-packages/airflow/example_dags/example_subdag_operator.py for tasks to queue
[2025-04-13T17:28:19.297+0000] {logging_mixin.py:188} INFO - [2025-04-13T17:28:19.296+0000] {dagbag.py:538} INFO - Filling up the DagBag from /home/airflow/.local/lib/python3.8/site-packages/airflow/example_dags/example_subdag_operator.py
[2025-04-13T17:28:19.343+0000] {processor.py:840} INFO - DAG(s) 'example_subdag_operator.section-1', 'example_subdag_operator.section-2', 'example_subdag_operator' retrieved from /home/airflow/.local/lib/python3.8/site-packages/airflow/example_dags/example_subdag_operator.py
[2025-04-13T17:28:19.372+0000] {logging_mixin.py:188} INFO - [2025-04-13T17:28:19.371+0000] {dag.py:3036} INFO - Sync 3 DAGs
[2025-04-13T17:28:19.410+0000] {logging_mixin.py:188} INFO - [2025-04-13T17:28:19.410+0000] {dag.py:3823} INFO - Setting next_dagrun for example_subdag_operator to 2022-01-01 00:00:00+00:00, run_after=2022-01-01 00:00:00+00:00
[2025-04-13T17:28:19.417+0000] {logging_mixin.py:188} INFO - [2025-04-13T17:28:19.416+0000] {dag.py:3823} INFO - Setting next_dagrun for example_subdag_operator.section-1 to None, run_after=None
[2025-04-13T17:28:19.419+0000] {logging_mixin.py:188} INFO - [2025-04-13T17:28:19.419+0000] {dag.py:3823} INFO - Setting next_dagrun for example_subdag_operator.section-2 to None, run_after=None
[2025-04-13T17:28:19.434+0000] {logging_mixin.py:188} INFO - [2025-04-13T17:28:19.434+0000] {dag.py:3036} INFO - Sync 2 DAGs
[2025-04-13T17:28:19.444+0000] {logging_mixin.py:188} INFO - [2025-04-13T17:28:19.443+0000] {dag.py:3823} INFO - Setting next_dagrun for example_subdag_operator.section-1 to None, run_after=None
[2025-04-13T17:28:19.445+0000] {logging_mixin.py:188} INFO - [2025-04-13T17:28:19.445+0000] {dag.py:3823} INFO - Setting next_dagrun for example_subdag_operator.section-2 to None, run_after=None
[2025-04-13T17:28:19.478+0000] {processor.py:183} INFO - Processing /home/airflow/.local/lib/python3.8/site-packages/airflow/example_dags/example_subdag_operator.py took 0.193 seconds
[2025-04-13T17:28:50.663+0000] {processor.py:161} INFO - Started process (PID=4572) to work on /home/airflow/.local/lib/python3.8/site-packages/airflow/example_dags/example_subdag_operator.py
[2025-04-13T17:28:50.665+0000] {processor.py:830} INFO - Processing file /home/airflow/.local/lib/python3.8/site-packages/airflow/example_dags/example_subdag_operator.py for tasks to queue
[2025-04-13T17:28:50.667+0000] {logging_mixin.py:188} INFO - [2025-04-13T17:28:50.667+0000] {dagbag.py:538} INFO - Filling up the DagBag from /home/airflow/.local/lib/python3.8/site-packages/airflow/example_dags/example_subdag_operator.py
[2025-04-13T17:28:50.703+0000] {processor.py:840} INFO - DAG(s) 'example_subdag_operator.section-1', 'example_subdag_operator.section-2', 'example_subdag_operator' retrieved from /home/airflow/.local/lib/python3.8/site-packages/airflow/example_dags/example_subdag_operator.py
[2025-04-13T17:28:50.723+0000] {logging_mixin.py:188} INFO - [2025-04-13T17:28:50.723+0000] {dag.py:3036} INFO - Sync 3 DAGs
[2025-04-13T17:28:50.752+0000] {logging_mixin.py:188} INFO - [2025-04-13T17:28:50.752+0000] {dag.py:3823} INFO - Setting next_dagrun for example_subdag_operator to 2022-01-01 00:00:00+00:00, run_after=2022-01-01 00:00:00+00:00
[2025-04-13T17:28:50.758+0000] {logging_mixin.py:188} INFO - [2025-04-13T17:28:50.758+0000] {dag.py:3823} INFO - Setting next_dagrun for example_subdag_operator.section-1 to None, run_after=None
[2025-04-13T17:28:50.761+0000] {logging_mixin.py:188} INFO - [2025-04-13T17:28:50.760+0000] {dag.py:3823} INFO - Setting next_dagrun for example_subdag_operator.section-2 to None, run_after=None
[2025-04-13T17:28:50.775+0000] {logging_mixin.py:188} INFO - [2025-04-13T17:28:50.775+0000] {dag.py:3036} INFO - Sync 2 DAGs
[2025-04-13T17:28:50.801+0000] {logging_mixin.py:188} INFO - [2025-04-13T17:28:50.800+0000] {dag.py:3823} INFO - Setting next_dagrun for example_subdag_operator.section-1 to None, run_after=None
[2025-04-13T17:28:50.802+0000] {logging_mixin.py:188} INFO - [2025-04-13T17:28:50.802+0000] {dag.py:3823} INFO - Setting next_dagrun for example_subdag_operator.section-2 to None, run_after=None
[2025-04-13T17:28:50.829+0000] {processor.py:183} INFO - Processing /home/airflow/.local/lib/python3.8/site-packages/airflow/example_dags/example_subdag_operator.py took 0.171 seconds
[2025-04-13T17:29:23.784+0000] {processor.py:161} INFO - Started process (PID=4630) to work on /home/airflow/.local/lib/python3.8/site-packages/airflow/example_dags/example_subdag_operator.py
[2025-04-13T17:29:23.786+0000] {processor.py:830} INFO - Processing file /home/airflow/.local/lib/python3.8/site-packages/airflow/example_dags/example_subdag_operator.py for tasks to queue
[2025-04-13T17:29:23.789+0000] {logging_mixin.py:188} INFO - [2025-04-13T17:29:23.789+0000] {dagbag.py:538} INFO - Filling up the DagBag from /home/airflow/.local/lib/python3.8/site-packages/airflow/example_dags/example_subdag_operator.py
[2025-04-13T17:29:23.827+0000] {processor.py:840} INFO - DAG(s) 'example_subdag_operator.section-1', 'example_subdag_operator.section-2', 'example_subdag_operator' retrieved from /home/airflow/.local/lib/python3.8/site-packages/airflow/example_dags/example_subdag_operator.py
[2025-04-13T17:29:23.865+0000] {logging_mixin.py:188} INFO - [2025-04-13T17:29:23.864+0000] {dag.py:3036} INFO - Sync 3 DAGs
[2025-04-13T17:29:23.911+0000] {logging_mixin.py:188} INFO - [2025-04-13T17:29:23.911+0000] {dag.py:3823} INFO - Setting next_dagrun for example_subdag_operator to 2022-01-01 00:00:00+00:00, run_after=2022-01-01 00:00:00+00:00
[2025-04-13T17:29:23.919+0000] {logging_mixin.py:188} INFO - [2025-04-13T17:29:23.919+0000] {dag.py:3823} INFO - Setting next_dagrun for example_subdag_operator.section-1 to None, run_after=None
[2025-04-13T17:29:23.923+0000] {logging_mixin.py:188} INFO - [2025-04-13T17:29:23.922+0000] {dag.py:3823} INFO - Setting next_dagrun for example_subdag_operator.section-2 to None, run_after=None
[2025-04-13T17:29:23.936+0000] {logging_mixin.py:188} INFO - [2025-04-13T17:29:23.936+0000] {dag.py:3036} INFO - Sync 2 DAGs
[2025-04-13T17:29:23.946+0000] {logging_mixin.py:188} INFO - [2025-04-13T17:29:23.946+0000] {dag.py:3823} INFO - Setting next_dagrun for example_subdag_operator.section-1 to None, run_after=None
[2025-04-13T17:29:23.947+0000] {logging_mixin.py:188} INFO - [2025-04-13T17:29:23.947+0000] {dag.py:3823} INFO - Setting next_dagrun for example_subdag_operator.section-2 to None, run_after=None
[2025-04-13T17:29:23.967+0000] {processor.py:183} INFO - Processing /home/airflow/.local/lib/python3.8/site-packages/airflow/example_dags/example_subdag_operator.py took 0.189 seconds
[2025-04-13T17:29:56.595+0000] {processor.py:161} INFO - Started process (PID=4687) to work on /home/airflow/.local/lib/python3.8/site-packages/airflow/example_dags/example_subdag_operator.py
[2025-04-13T17:29:56.598+0000] {processor.py:830} INFO - Processing file /home/airflow/.local/lib/python3.8/site-packages/airflow/example_dags/example_subdag_operator.py for tasks to queue
[2025-04-13T17:29:56.604+0000] {logging_mixin.py:188} INFO - [2025-04-13T17:29:56.603+0000] {dagbag.py:538} INFO - Filling up the DagBag from /home/airflow/.local/lib/python3.8/site-packages/airflow/example_dags/example_subdag_operator.py
[2025-04-13T17:29:56.649+0000] {processor.py:840} INFO - DAG(s) 'example_subdag_operator.section-1', 'example_subdag_operator.section-2', 'example_subdag_operator' retrieved from /home/airflow/.local/lib/python3.8/site-packages/airflow/example_dags/example_subdag_operator.py
[2025-04-13T17:29:56.687+0000] {logging_mixin.py:188} INFO - [2025-04-13T17:29:56.686+0000] {dag.py:3036} INFO - Sync 3 DAGs
[2025-04-13T17:29:56.718+0000] {logging_mixin.py:188} INFO - [2025-04-13T17:29:56.717+0000] {dag.py:3823} INFO - Setting next_dagrun for example_subdag_operator to 2022-01-01 00:00:00+00:00, run_after=2022-01-01 00:00:00+00:00
[2025-04-13T17:29:56.724+0000] {logging_mixin.py:188} INFO - [2025-04-13T17:29:56.724+0000] {dag.py:3823} INFO - Setting next_dagrun for example_subdag_operator.section-1 to None, run_after=None
[2025-04-13T17:29:56.726+0000] {logging_mixin.py:188} INFO - [2025-04-13T17:29:56.726+0000] {dag.py:3823} INFO - Setting next_dagrun for example_subdag_operator.section-2 to None, run_after=None
[2025-04-13T17:29:56.737+0000] {logging_mixin.py:188} INFO - [2025-04-13T17:29:56.736+0000] {dag.py:3036} INFO - Sync 2 DAGs
[2025-04-13T17:29:56.744+0000] {logging_mixin.py:188} INFO - [2025-04-13T17:29:56.743+0000] {dag.py:3823} INFO - Setting next_dagrun for example_subdag_operator.section-1 to None, run_after=None
[2025-04-13T17:29:56.745+0000] {logging_mixin.py:188} INFO - [2025-04-13T17:29:56.745+0000] {dag.py:3823} INFO - Setting next_dagrun for example_subdag_operator.section-2 to None, run_after=None
[2025-04-13T17:29:56.820+0000] {processor.py:183} INFO - Processing /home/airflow/.local/lib/python3.8/site-packages/airflow/example_dags/example_subdag_operator.py took 0.231 seconds
[2025-04-13T17:30:29.337+0000] {processor.py:161} INFO - Started process (PID=4744) to work on /home/airflow/.local/lib/python3.8/site-packages/airflow/example_dags/example_subdag_operator.py
[2025-04-13T17:30:29.339+0000] {processor.py:830} INFO - Processing file /home/airflow/.local/lib/python3.8/site-packages/airflow/example_dags/example_subdag_operator.py for tasks to queue
[2025-04-13T17:30:29.342+0000] {logging_mixin.py:188} INFO - [2025-04-13T17:30:29.341+0000] {dagbag.py:538} INFO - Filling up the DagBag from /home/airflow/.local/lib/python3.8/site-packages/airflow/example_dags/example_subdag_operator.py
[2025-04-13T17:30:29.378+0000] {processor.py:840} INFO - DAG(s) 'example_subdag_operator.section-1', 'example_subdag_operator.section-2', 'example_subdag_operator' retrieved from /home/airflow/.local/lib/python3.8/site-packages/airflow/example_dags/example_subdag_operator.py
[2025-04-13T17:30:29.404+0000] {logging_mixin.py:188} INFO - [2025-04-13T17:30:29.404+0000] {dag.py:3036} INFO - Sync 3 DAGs
[2025-04-13T17:30:29.439+0000] {logging_mixin.py:188} INFO - [2025-04-13T17:30:29.438+0000] {dag.py:3823} INFO - Setting next_dagrun for example_subdag_operator to 2022-01-01 00:00:00+00:00, run_after=2022-01-01 00:00:00+00:00
[2025-04-13T17:30:29.447+0000] {logging_mixin.py:188} INFO - [2025-04-13T17:30:29.446+0000] {dag.py:3823} INFO - Setting next_dagrun for example_subdag_operator.section-1 to None, run_after=None
[2025-04-13T17:30:29.449+0000] {logging_mixin.py:188} INFO - [2025-04-13T17:30:29.449+0000] {dag.py:3823} INFO - Setting next_dagrun for example_subdag_operator.section-2 to None, run_after=None
[2025-04-13T17:30:29.463+0000] {logging_mixin.py:188} INFO - [2025-04-13T17:30:29.462+0000] {dag.py:3036} INFO - Sync 2 DAGs
[2025-04-13T17:30:29.471+0000] {logging_mixin.py:188} INFO - [2025-04-13T17:30:29.471+0000] {dag.py:3823} INFO - Setting next_dagrun for example_subdag_operator.section-1 to None, run_after=None
[2025-04-13T17:30:29.472+0000] {logging_mixin.py:188} INFO - [2025-04-13T17:30:29.472+0000] {dag.py:3823} INFO - Setting next_dagrun for example_subdag_operator.section-2 to None, run_after=None
[2025-04-13T17:30:29.497+0000] {processor.py:183} INFO - Processing /home/airflow/.local/lib/python3.8/site-packages/airflow/example_dags/example_subdag_operator.py took 0.166 seconds
[2025-04-13T17:31:01.649+0000] {processor.py:161} INFO - Started process (PID=4806) to work on /home/airflow/.local/lib/python3.8/site-packages/airflow/example_dags/example_subdag_operator.py
[2025-04-13T17:31:01.651+0000] {processor.py:830} INFO - Processing file /home/airflow/.local/lib/python3.8/site-packages/airflow/example_dags/example_subdag_operator.py for tasks to queue
[2025-04-13T17:31:01.654+0000] {logging_mixin.py:188} INFO - [2025-04-13T17:31:01.654+0000] {dagbag.py:538} INFO - Filling up the DagBag from /home/airflow/.local/lib/python3.8/site-packages/airflow/example_dags/example_subdag_operator.py
[2025-04-13T17:31:01.689+0000] {processor.py:840} INFO - DAG(s) 'example_subdag_operator.section-1', 'example_subdag_operator.section-2', 'example_subdag_operator' retrieved from /home/airflow/.local/lib/python3.8/site-packages/airflow/example_dags/example_subdag_operator.py
[2025-04-13T17:31:01.714+0000] {logging_mixin.py:188} INFO - [2025-04-13T17:31:01.714+0000] {dag.py:3036} INFO - Sync 3 DAGs
[2025-04-13T17:31:01.746+0000] {logging_mixin.py:188} INFO - [2025-04-13T17:31:01.745+0000] {dag.py:3823} INFO - Setting next_dagrun for example_subdag_operator to 2022-01-01 00:00:00+00:00, run_after=2022-01-01 00:00:00+00:00
[2025-04-13T17:31:01.751+0000] {logging_mixin.py:188} INFO - [2025-04-13T17:31:01.751+0000] {dag.py:3823} INFO - Setting next_dagrun for example_subdag_operator.section-1 to None, run_after=None
[2025-04-13T17:31:01.754+0000] {logging_mixin.py:188} INFO - [2025-04-13T17:31:01.753+0000] {dag.py:3823} INFO - Setting next_dagrun for example_subdag_operator.section-2 to None, run_after=None
[2025-04-13T17:31:01.765+0000] {logging_mixin.py:188} INFO - [2025-04-13T17:31:01.765+0000] {dag.py:3036} INFO - Sync 2 DAGs
[2025-04-13T17:31:01.772+0000] {logging_mixin.py:188} INFO - [2025-04-13T17:31:01.772+0000] {dag.py:3823} INFO - Setting next_dagrun for example_subdag_operator.section-1 to None, run_after=None
[2025-04-13T17:31:01.773+0000] {logging_mixin.py:188} INFO - [2025-04-13T17:31:01.773+0000] {dag.py:3823} INFO - Setting next_dagrun for example_subdag_operator.section-2 to None, run_after=None
[2025-04-13T17:31:01.798+0000] {processor.py:183} INFO - Processing /home/airflow/.local/lib/python3.8/site-packages/airflow/example_dags/example_subdag_operator.py took 0.154 seconds
[2025-04-13T17:31:34.689+0000] {processor.py:161} INFO - Started process (PID=4863) to work on /home/airflow/.local/lib/python3.8/site-packages/airflow/example_dags/example_subdag_operator.py
[2025-04-13T17:31:34.691+0000] {processor.py:830} INFO - Processing file /home/airflow/.local/lib/python3.8/site-packages/airflow/example_dags/example_subdag_operator.py for tasks to queue
[2025-04-13T17:31:34.694+0000] {logging_mixin.py:188} INFO - [2025-04-13T17:31:34.693+0000] {dagbag.py:538} INFO - Filling up the DagBag from /home/airflow/.local/lib/python3.8/site-packages/airflow/example_dags/example_subdag_operator.py
[2025-04-13T17:31:34.726+0000] {processor.py:840} INFO - DAG(s) 'example_subdag_operator.section-1', 'example_subdag_operator.section-2', 'example_subdag_operator' retrieved from /home/airflow/.local/lib/python3.8/site-packages/airflow/example_dags/example_subdag_operator.py
[2025-04-13T17:31:34.749+0000] {logging_mixin.py:188} INFO - [2025-04-13T17:31:34.749+0000] {dag.py:3036} INFO - Sync 3 DAGs
[2025-04-13T17:31:34.782+0000] {logging_mixin.py:188} INFO - [2025-04-13T17:31:34.782+0000] {dag.py:3823} INFO - Setting next_dagrun for example_subdag_operator to 2022-01-01 00:00:00+00:00, run_after=2022-01-01 00:00:00+00:00
[2025-04-13T17:31:34.788+0000] {logging_mixin.py:188} INFO - [2025-04-13T17:31:34.787+0000] {dag.py:3823} INFO - Setting next_dagrun for example_subdag_operator.section-1 to None, run_after=None
[2025-04-13T17:31:34.790+0000] {logging_mixin.py:188} INFO - [2025-04-13T17:31:34.790+0000] {dag.py:3823} INFO - Setting next_dagrun for example_subdag_operator.section-2 to None, run_after=None
[2025-04-13T17:31:34.800+0000] {logging_mixin.py:188} INFO - [2025-04-13T17:31:34.800+0000] {dag.py:3036} INFO - Sync 2 DAGs
[2025-04-13T17:31:34.809+0000] {logging_mixin.py:188} INFO - [2025-04-13T17:31:34.808+0000] {dag.py:3823} INFO - Setting next_dagrun for example_subdag_operator.section-1 to None, run_after=None
[2025-04-13T17:31:34.810+0000] {logging_mixin.py:188} INFO - [2025-04-13T17:31:34.809+0000] {dag.py:3823} INFO - Setting next_dagrun for example_subdag_operator.section-2 to None, run_after=None
[2025-04-13T17:31:34.828+0000] {processor.py:183} INFO - Processing /home/airflow/.local/lib/python3.8/site-packages/airflow/example_dags/example_subdag_operator.py took 0.144 seconds
[2025-04-13T17:32:07.332+0000] {processor.py:161} INFO - Started process (PID=4919) to work on /home/airflow/.local/lib/python3.8/site-packages/airflow/example_dags/example_subdag_operator.py
[2025-04-13T17:32:07.334+0000] {processor.py:830} INFO - Processing file /home/airflow/.local/lib/python3.8/site-packages/airflow/example_dags/example_subdag_operator.py for tasks to queue
[2025-04-13T17:32:07.337+0000] {logging_mixin.py:188} INFO - [2025-04-13T17:32:07.337+0000] {dagbag.py:538} INFO - Filling up the DagBag from /home/airflow/.local/lib/python3.8/site-packages/airflow/example_dags/example_subdag_operator.py
[2025-04-13T17:32:07.375+0000] {processor.py:840} INFO - DAG(s) 'example_subdag_operator.section-1', 'example_subdag_operator.section-2', 'example_subdag_operator' retrieved from /home/airflow/.local/lib/python3.8/site-packages/airflow/example_dags/example_subdag_operator.py
[2025-04-13T17:32:07.401+0000] {logging_mixin.py:188} INFO - [2025-04-13T17:32:07.400+0000] {dag.py:3036} INFO - Sync 3 DAGs
[2025-04-13T17:32:07.436+0000] {logging_mixin.py:188} INFO - [2025-04-13T17:32:07.435+0000] {dag.py:3823} INFO - Setting next_dagrun for example_subdag_operator to 2022-01-01 00:00:00+00:00, run_after=2022-01-01 00:00:00+00:00
[2025-04-13T17:32:07.441+0000] {logging_mixin.py:188} INFO - [2025-04-13T17:32:07.441+0000] {dag.py:3823} INFO - Setting next_dagrun for example_subdag_operator.section-1 to None, run_after=None
[2025-04-13T17:32:07.444+0000] {logging_mixin.py:188} INFO - [2025-04-13T17:32:07.444+0000] {dag.py:3823} INFO - Setting next_dagrun for example_subdag_operator.section-2 to None, run_after=None
[2025-04-13T17:32:07.456+0000] {logging_mixin.py:188} INFO - [2025-04-13T17:32:07.456+0000] {dag.py:3036} INFO - Sync 2 DAGs
[2025-04-13T17:32:07.464+0000] {logging_mixin.py:188} INFO - [2025-04-13T17:32:07.464+0000] {dag.py:3823} INFO - Setting next_dagrun for example_subdag_operator.section-1 to None, run_after=None
[2025-04-13T17:32:07.465+0000] {logging_mixin.py:188} INFO - [2025-04-13T17:32:07.465+0000] {dag.py:3823} INFO - Setting next_dagrun for example_subdag_operator.section-2 to None, run_after=None
[2025-04-13T17:32:07.485+0000] {processor.py:183} INFO - Processing /home/airflow/.local/lib/python3.8/site-packages/airflow/example_dags/example_subdag_operator.py took 0.158 seconds
[2025-04-13T17:32:39.556+0000] {processor.py:161} INFO - Started process (PID=4975) to work on /home/airflow/.local/lib/python3.8/site-packages/airflow/example_dags/example_subdag_operator.py
[2025-04-13T17:32:39.558+0000] {processor.py:830} INFO - Processing file /home/airflow/.local/lib/python3.8/site-packages/airflow/example_dags/example_subdag_operator.py for tasks to queue
[2025-04-13T17:32:39.562+0000] {logging_mixin.py:188} INFO - [2025-04-13T17:32:39.561+0000] {dagbag.py:538} INFO - Filling up the DagBag from /home/airflow/.local/lib/python3.8/site-packages/airflow/example_dags/example_subdag_operator.py
[2025-04-13T17:32:39.596+0000] {processor.py:840} INFO - DAG(s) 'example_subdag_operator.section-1', 'example_subdag_operator.section-2', 'example_subdag_operator' retrieved from /home/airflow/.local/lib/python3.8/site-packages/airflow/example_dags/example_subdag_operator.py
[2025-04-13T17:32:39.621+0000] {logging_mixin.py:188} INFO - [2025-04-13T17:32:39.620+0000] {dag.py:3036} INFO - Sync 3 DAGs
[2025-04-13T17:32:39.653+0000] {logging_mixin.py:188} INFO - [2025-04-13T17:32:39.652+0000] {dag.py:3823} INFO - Setting next_dagrun for example_subdag_operator to 2022-01-01 00:00:00+00:00, run_after=2022-01-01 00:00:00+00:00
[2025-04-13T17:32:39.658+0000] {logging_mixin.py:188} INFO - [2025-04-13T17:32:39.657+0000] {dag.py:3823} INFO - Setting next_dagrun for example_subdag_operator.section-1 to None, run_after=None
[2025-04-13T17:32:39.660+0000] {logging_mixin.py:188} INFO - [2025-04-13T17:32:39.660+0000] {dag.py:3823} INFO - Setting next_dagrun for example_subdag_operator.section-2 to None, run_after=None
[2025-04-13T17:32:39.670+0000] {logging_mixin.py:188} INFO - [2025-04-13T17:32:39.670+0000] {dag.py:3036} INFO - Sync 2 DAGs
[2025-04-13T17:32:39.678+0000] {logging_mixin.py:188} INFO - [2025-04-13T17:32:39.677+0000] {dag.py:3823} INFO - Setting next_dagrun for example_subdag_operator.section-1 to None, run_after=None
[2025-04-13T17:32:39.679+0000] {logging_mixin.py:188} INFO - [2025-04-13T17:32:39.678+0000] {dag.py:3823} INFO - Setting next_dagrun for example_subdag_operator.section-2 to None, run_after=None
[2025-04-13T17:32:39.743+0000] {processor.py:183} INFO - Processing /home/airflow/.local/lib/python3.8/site-packages/airflow/example_dags/example_subdag_operator.py took 0.192 seconds
[2025-04-13T17:33:12.348+0000] {processor.py:161} INFO - Started process (PID=5034) to work on /home/airflow/.local/lib/python3.8/site-packages/airflow/example_dags/example_subdag_operator.py
[2025-04-13T17:33:12.350+0000] {processor.py:830} INFO - Processing file /home/airflow/.local/lib/python3.8/site-packages/airflow/example_dags/example_subdag_operator.py for tasks to queue
[2025-04-13T17:33:12.355+0000] {logging_mixin.py:188} INFO - [2025-04-13T17:33:12.355+0000] {dagbag.py:538} INFO - Filling up the DagBag from /home/airflow/.local/lib/python3.8/site-packages/airflow/example_dags/example_subdag_operator.py
[2025-04-13T17:33:12.410+0000] {processor.py:840} INFO - DAG(s) 'example_subdag_operator.section-1', 'example_subdag_operator.section-2', 'example_subdag_operator' retrieved from /home/airflow/.local/lib/python3.8/site-packages/airflow/example_dags/example_subdag_operator.py
[2025-04-13T17:33:12.440+0000] {logging_mixin.py:188} INFO - [2025-04-13T17:33:12.439+0000] {dag.py:3036} INFO - Sync 3 DAGs
[2025-04-13T17:33:12.472+0000] {logging_mixin.py:188} INFO - [2025-04-13T17:33:12.471+0000] {dag.py:3823} INFO - Setting next_dagrun for example_subdag_operator to 2022-01-01 00:00:00+00:00, run_after=2022-01-01 00:00:00+00:00
[2025-04-13T17:33:12.478+0000] {logging_mixin.py:188} INFO - [2025-04-13T17:33:12.477+0000] {dag.py:3823} INFO - Setting next_dagrun for example_subdag_operator.section-1 to None, run_after=None
[2025-04-13T17:33:12.480+0000] {logging_mixin.py:188} INFO - [2025-04-13T17:33:12.480+0000] {dag.py:3823} INFO - Setting next_dagrun for example_subdag_operator.section-2 to None, run_after=None
[2025-04-13T17:33:12.490+0000] {logging_mixin.py:188} INFO - [2025-04-13T17:33:12.490+0000] {dag.py:3036} INFO - Sync 2 DAGs
[2025-04-13T17:33:12.498+0000] {logging_mixin.py:188} INFO - [2025-04-13T17:33:12.497+0000] {dag.py:3823} INFO - Setting next_dagrun for example_subdag_operator.section-1 to None, run_after=None
[2025-04-13T17:33:12.499+0000] {logging_mixin.py:188} INFO - [2025-04-13T17:33:12.498+0000] {dag.py:3823} INFO - Setting next_dagrun for example_subdag_operator.section-2 to None, run_after=None
[2025-04-13T17:33:12.565+0000] {processor.py:183} INFO - Processing /home/airflow/.local/lib/python3.8/site-packages/airflow/example_dags/example_subdag_operator.py took 0.226 seconds
[2025-04-13T17:33:44.501+0000] {processor.py:161} INFO - Started process (PID=5091) to work on /home/airflow/.local/lib/python3.8/site-packages/airflow/example_dags/example_subdag_operator.py
[2025-04-13T17:33:44.502+0000] {processor.py:830} INFO - Processing file /home/airflow/.local/lib/python3.8/site-packages/airflow/example_dags/example_subdag_operator.py for tasks to queue
[2025-04-13T17:33:44.505+0000] {logging_mixin.py:188} INFO - [2025-04-13T17:33:44.505+0000] {dagbag.py:538} INFO - Filling up the DagBag from /home/airflow/.local/lib/python3.8/site-packages/airflow/example_dags/example_subdag_operator.py
[2025-04-13T17:33:44.537+0000] {processor.py:840} INFO - DAG(s) 'example_subdag_operator.section-1', 'example_subdag_operator.section-2', 'example_subdag_operator' retrieved from /home/airflow/.local/lib/python3.8/site-packages/airflow/example_dags/example_subdag_operator.py
[2025-04-13T17:33:44.555+0000] {logging_mixin.py:188} INFO - [2025-04-13T17:33:44.555+0000] {dag.py:3036} INFO - Sync 3 DAGs
[2025-04-13T17:33:44.581+0000] {logging_mixin.py:188} INFO - [2025-04-13T17:33:44.580+0000] {dag.py:3823} INFO - Setting next_dagrun for example_subdag_operator to 2022-01-01 00:00:00+00:00, run_after=2022-01-01 00:00:00+00:00
[2025-04-13T17:33:44.585+0000] {logging_mixin.py:188} INFO - [2025-04-13T17:33:44.585+0000] {dag.py:3823} INFO - Setting next_dagrun for example_subdag_operator.section-1 to None, run_after=None
[2025-04-13T17:33:44.588+0000] {logging_mixin.py:188} INFO - [2025-04-13T17:33:44.588+0000] {dag.py:3823} INFO - Setting next_dagrun for example_subdag_operator.section-2 to None, run_after=None
[2025-04-13T17:33:44.597+0000] {logging_mixin.py:188} INFO - [2025-04-13T17:33:44.597+0000] {dag.py:3036} INFO - Sync 2 DAGs
[2025-04-13T17:33:44.604+0000] {logging_mixin.py:188} INFO - [2025-04-13T17:33:44.604+0000] {dag.py:3823} INFO - Setting next_dagrun for example_subdag_operator.section-1 to None, run_after=None
[2025-04-13T17:33:44.605+0000] {logging_mixin.py:188} INFO - [2025-04-13T17:33:44.605+0000] {dag.py:3823} INFO - Setting next_dagrun for example_subdag_operator.section-2 to None, run_after=None
[2025-04-13T17:33:44.630+0000] {processor.py:183} INFO - Processing /home/airflow/.local/lib/python3.8/site-packages/airflow/example_dags/example_subdag_operator.py took 0.135 seconds
[2025-04-13T17:34:17.671+0000] {processor.py:161} INFO - Started process (PID=5150) to work on /home/airflow/.local/lib/python3.8/site-packages/airflow/example_dags/example_subdag_operator.py
[2025-04-13T17:34:17.673+0000] {processor.py:830} INFO - Processing file /home/airflow/.local/lib/python3.8/site-packages/airflow/example_dags/example_subdag_operator.py for tasks to queue
[2025-04-13T17:34:17.678+0000] {logging_mixin.py:188} INFO - [2025-04-13T17:34:17.677+0000] {dagbag.py:538} INFO - Filling up the DagBag from /home/airflow/.local/lib/python3.8/site-packages/airflow/example_dags/example_subdag_operator.py
[2025-04-13T17:34:17.724+0000] {processor.py:840} INFO - DAG(s) 'example_subdag_operator.section-1', 'example_subdag_operator.section-2', 'example_subdag_operator' retrieved from /home/airflow/.local/lib/python3.8/site-packages/airflow/example_dags/example_subdag_operator.py
[2025-04-13T17:34:17.771+0000] {logging_mixin.py:188} INFO - [2025-04-13T17:34:17.771+0000] {dag.py:3036} INFO - Sync 3 DAGs
[2025-04-13T17:34:17.815+0000] {logging_mixin.py:188} INFO - [2025-04-13T17:34:17.814+0000] {dag.py:3823} INFO - Setting next_dagrun for example_subdag_operator to 2022-01-01 00:00:00+00:00, run_after=2022-01-01 00:00:00+00:00
[2025-04-13T17:34:17.821+0000] {logging_mixin.py:188} INFO - [2025-04-13T17:34:17.821+0000] {dag.py:3823} INFO - Setting next_dagrun for example_subdag_operator.section-1 to None, run_after=None
[2025-04-13T17:34:17.826+0000] {logging_mixin.py:188} INFO - [2025-04-13T17:34:17.826+0000] {dag.py:3823} INFO - Setting next_dagrun for example_subdag_operator.section-2 to None, run_after=None
[2025-04-13T17:34:17.847+0000] {logging_mixin.py:188} INFO - [2025-04-13T17:34:17.846+0000] {dag.py:3036} INFO - Sync 2 DAGs
[2025-04-13T17:34:17.860+0000] {logging_mixin.py:188} INFO - [2025-04-13T17:34:17.859+0000] {dag.py:3823} INFO - Setting next_dagrun for example_subdag_operator.section-1 to None, run_after=None
[2025-04-13T17:34:17.861+0000] {logging_mixin.py:188} INFO - [2025-04-13T17:34:17.861+0000] {dag.py:3823} INFO - Setting next_dagrun for example_subdag_operator.section-2 to None, run_after=None
[2025-04-13T17:34:17.889+0000] {processor.py:183} INFO - Processing /home/airflow/.local/lib/python3.8/site-packages/airflow/example_dags/example_subdag_operator.py took 0.241 seconds
[2025-04-13T17:34:49.387+0000] {processor.py:161} INFO - Started process (PID=5206) to work on /home/airflow/.local/lib/python3.8/site-packages/airflow/example_dags/example_subdag_operator.py
[2025-04-13T17:34:49.389+0000] {processor.py:830} INFO - Processing file /home/airflow/.local/lib/python3.8/site-packages/airflow/example_dags/example_subdag_operator.py for tasks to queue
[2025-04-13T17:34:49.393+0000] {logging_mixin.py:188} INFO - [2025-04-13T17:34:49.393+0000] {dagbag.py:538} INFO - Filling up the DagBag from /home/airflow/.local/lib/python3.8/site-packages/airflow/example_dags/example_subdag_operator.py
[2025-04-13T17:34:49.440+0000] {processor.py:840} INFO - DAG(s) 'example_subdag_operator.section-1', 'example_subdag_operator.section-2', 'example_subdag_operator' retrieved from /home/airflow/.local/lib/python3.8/site-packages/airflow/example_dags/example_subdag_operator.py
[2025-04-13T17:34:49.464+0000] {logging_mixin.py:188} INFO - [2025-04-13T17:34:49.463+0000] {dag.py:3036} INFO - Sync 3 DAGs
[2025-04-13T17:34:49.496+0000] {logging_mixin.py:188} INFO - [2025-04-13T17:34:49.496+0000] {dag.py:3823} INFO - Setting next_dagrun for example_subdag_operator to 2022-01-01 00:00:00+00:00, run_after=2022-01-01 00:00:00+00:00
[2025-04-13T17:34:49.502+0000] {logging_mixin.py:188} INFO - [2025-04-13T17:34:49.501+0000] {dag.py:3823} INFO - Setting next_dagrun for example_subdag_operator.section-1 to None, run_after=None
[2025-04-13T17:34:49.504+0000] {logging_mixin.py:188} INFO - [2025-04-13T17:34:49.503+0000] {dag.py:3823} INFO - Setting next_dagrun for example_subdag_operator.section-2 to None, run_after=None
[2025-04-13T17:34:49.514+0000] {logging_mixin.py:188} INFO - [2025-04-13T17:34:49.513+0000] {dag.py:3036} INFO - Sync 2 DAGs
[2025-04-13T17:34:49.521+0000] {logging_mixin.py:188} INFO - [2025-04-13T17:34:49.520+0000] {dag.py:3823} INFO - Setting next_dagrun for example_subdag_operator.section-1 to None, run_after=None
[2025-04-13T17:34:49.522+0000] {logging_mixin.py:188} INFO - [2025-04-13T17:34:49.521+0000] {dag.py:3823} INFO - Setting next_dagrun for example_subdag_operator.section-2 to None, run_after=None
[2025-04-13T17:34:49.538+0000] {processor.py:183} INFO - Processing /home/airflow/.local/lib/python3.8/site-packages/airflow/example_dags/example_subdag_operator.py took 0.159 seconds
[2025-04-13T17:35:21.869+0000] {processor.py:161} INFO - Started process (PID=5262) to work on /home/airflow/.local/lib/python3.8/site-packages/airflow/example_dags/example_subdag_operator.py
[2025-04-13T17:35:21.871+0000] {processor.py:830} INFO - Processing file /home/airflow/.local/lib/python3.8/site-packages/airflow/example_dags/example_subdag_operator.py for tasks to queue
[2025-04-13T17:35:21.874+0000] {logging_mixin.py:188} INFO - [2025-04-13T17:35:21.873+0000] {dagbag.py:538} INFO - Filling up the DagBag from /home/airflow/.local/lib/python3.8/site-packages/airflow/example_dags/example_subdag_operator.py
[2025-04-13T17:35:21.914+0000] {processor.py:840} INFO - DAG(s) 'example_subdag_operator.section-1', 'example_subdag_operator.section-2', 'example_subdag_operator' retrieved from /home/airflow/.local/lib/python3.8/site-packages/airflow/example_dags/example_subdag_operator.py
[2025-04-13T17:35:21.940+0000] {logging_mixin.py:188} INFO - [2025-04-13T17:35:21.940+0000] {dag.py:3036} INFO - Sync 3 DAGs
[2025-04-13T17:35:21.976+0000] {logging_mixin.py:188} INFO - [2025-04-13T17:35:21.976+0000] {dag.py:3823} INFO - Setting next_dagrun for example_subdag_operator to 2022-01-01 00:00:00+00:00, run_after=2022-01-01 00:00:00+00:00
[2025-04-13T17:35:21.983+0000] {logging_mixin.py:188} INFO - [2025-04-13T17:35:21.983+0000] {dag.py:3823} INFO - Setting next_dagrun for example_subdag_operator.section-1 to None, run_after=None
[2025-04-13T17:35:21.988+0000] {logging_mixin.py:188} INFO - [2025-04-13T17:35:21.987+0000] {dag.py:3823} INFO - Setting next_dagrun for example_subdag_operator.section-2 to None, run_after=None
[2025-04-13T17:35:22.000+0000] {logging_mixin.py:188} INFO - [2025-04-13T17:35:22.000+0000] {dag.py:3036} INFO - Sync 2 DAGs
[2025-04-13T17:35:22.009+0000] {logging_mixin.py:188} INFO - [2025-04-13T17:35:22.009+0000] {dag.py:3823} INFO - Setting next_dagrun for example_subdag_operator.section-1 to None, run_after=None
[2025-04-13T17:35:22.010+0000] {logging_mixin.py:188} INFO - [2025-04-13T17:35:22.010+0000] {dag.py:3823} INFO - Setting next_dagrun for example_subdag_operator.section-2 to None, run_after=None
[2025-04-13T17:35:22.026+0000] {processor.py:183} INFO - Processing /home/airflow/.local/lib/python3.8/site-packages/airflow/example_dags/example_subdag_operator.py took 0.163 seconds
[2025-04-13T17:35:54.592+0000] {processor.py:161} INFO - Started process (PID=5318) to work on /home/airflow/.local/lib/python3.8/site-packages/airflow/example_dags/example_subdag_operator.py
[2025-04-13T17:35:54.594+0000] {processor.py:830} INFO - Processing file /home/airflow/.local/lib/python3.8/site-packages/airflow/example_dags/example_subdag_operator.py for tasks to queue
[2025-04-13T17:35:54.599+0000] {logging_mixin.py:188} INFO - [2025-04-13T17:35:54.598+0000] {dagbag.py:538} INFO - Filling up the DagBag from /home/airflow/.local/lib/python3.8/site-packages/airflow/example_dags/example_subdag_operator.py
[2025-04-13T17:35:54.644+0000] {processor.py:840} INFO - DAG(s) 'example_subdag_operator.section-1', 'example_subdag_operator.section-2', 'example_subdag_operator' retrieved from /home/airflow/.local/lib/python3.8/site-packages/airflow/example_dags/example_subdag_operator.py
[2025-04-13T17:35:54.664+0000] {logging_mixin.py:188} INFO - [2025-04-13T17:35:54.664+0000] {dag.py:3036} INFO - Sync 3 DAGs
[2025-04-13T17:35:54.701+0000] {logging_mixin.py:188} INFO - [2025-04-13T17:35:54.701+0000] {dag.py:3823} INFO - Setting next_dagrun for example_subdag_operator to 2022-01-01 00:00:00+00:00, run_after=2022-01-01 00:00:00+00:00
[2025-04-13T17:35:54.708+0000] {logging_mixin.py:188} INFO - [2025-04-13T17:35:54.707+0000] {dag.py:3823} INFO - Setting next_dagrun for example_subdag_operator.section-1 to None, run_after=None
[2025-04-13T17:35:54.711+0000] {logging_mixin.py:188} INFO - [2025-04-13T17:35:54.711+0000] {dag.py:3823} INFO - Setting next_dagrun for example_subdag_operator.section-2 to None, run_after=None
[2025-04-13T17:35:54.725+0000] {logging_mixin.py:188} INFO - [2025-04-13T17:35:54.724+0000] {dag.py:3036} INFO - Sync 2 DAGs
[2025-04-13T17:35:54.736+0000] {logging_mixin.py:188} INFO - [2025-04-13T17:35:54.735+0000] {dag.py:3823} INFO - Setting next_dagrun for example_subdag_operator.section-1 to None, run_after=None
[2025-04-13T17:35:54.737+0000] {logging_mixin.py:188} INFO - [2025-04-13T17:35:54.737+0000] {dag.py:3823} INFO - Setting next_dagrun for example_subdag_operator.section-2 to None, run_after=None
[2025-04-13T17:35:54.774+0000] {processor.py:183} INFO - Processing /home/airflow/.local/lib/python3.8/site-packages/airflow/example_dags/example_subdag_operator.py took 0.188 seconds
[2025-04-13T17:36:27.266+0000] {processor.py:161} INFO - Started process (PID=5374) to work on /home/airflow/.local/lib/python3.8/site-packages/airflow/example_dags/example_subdag_operator.py
[2025-04-13T17:36:27.267+0000] {processor.py:830} INFO - Processing file /home/airflow/.local/lib/python3.8/site-packages/airflow/example_dags/example_subdag_operator.py for tasks to queue
[2025-04-13T17:36:27.270+0000] {logging_mixin.py:188} INFO - [2025-04-13T17:36:27.270+0000] {dagbag.py:538} INFO - Filling up the DagBag from /home/airflow/.local/lib/python3.8/site-packages/airflow/example_dags/example_subdag_operator.py
[2025-04-13T17:36:27.308+0000] {processor.py:840} INFO - DAG(s) 'example_subdag_operator.section-1', 'example_subdag_operator.section-2', 'example_subdag_operator' retrieved from /home/airflow/.local/lib/python3.8/site-packages/airflow/example_dags/example_subdag_operator.py
[2025-04-13T17:36:27.335+0000] {logging_mixin.py:188} INFO - [2025-04-13T17:36:27.335+0000] {dag.py:3036} INFO - Sync 3 DAGs
[2025-04-13T17:36:27.364+0000] {logging_mixin.py:188} INFO - [2025-04-13T17:36:27.363+0000] {dag.py:3823} INFO - Setting next_dagrun for example_subdag_operator to 2022-01-01 00:00:00+00:00, run_after=2022-01-01 00:00:00+00:00
[2025-04-13T17:36:27.370+0000] {logging_mixin.py:188} INFO - [2025-04-13T17:36:27.370+0000] {dag.py:3823} INFO - Setting next_dagrun for example_subdag_operator.section-1 to None, run_after=None
[2025-04-13T17:36:27.372+0000] {logging_mixin.py:188} INFO - [2025-04-13T17:36:27.372+0000] {dag.py:3823} INFO - Setting next_dagrun for example_subdag_operator.section-2 to None, run_after=None
[2025-04-13T17:36:27.383+0000] {logging_mixin.py:188} INFO - [2025-04-13T17:36:27.383+0000] {dag.py:3036} INFO - Sync 2 DAGs
[2025-04-13T17:36:27.392+0000] {logging_mixin.py:188} INFO - [2025-04-13T17:36:27.392+0000] {dag.py:3823} INFO - Setting next_dagrun for example_subdag_operator.section-1 to None, run_after=None
[2025-04-13T17:36:27.394+0000] {logging_mixin.py:188} INFO - [2025-04-13T17:36:27.393+0000] {dag.py:3823} INFO - Setting next_dagrun for example_subdag_operator.section-2 to None, run_after=None
[2025-04-13T17:36:27.414+0000] {processor.py:183} INFO - Processing /home/airflow/.local/lib/python3.8/site-packages/airflow/example_dags/example_subdag_operator.py took 0.151 seconds
[2025-04-13T17:36:58.541+0000] {processor.py:161} INFO - Started process (PID=5431) to work on /home/airflow/.local/lib/python3.8/site-packages/airflow/example_dags/example_subdag_operator.py
[2025-04-13T17:36:58.543+0000] {processor.py:830} INFO - Processing file /home/airflow/.local/lib/python3.8/site-packages/airflow/example_dags/example_subdag_operator.py for tasks to queue
[2025-04-13T17:36:58.546+0000] {logging_mixin.py:188} INFO - [2025-04-13T17:36:58.545+0000] {dagbag.py:538} INFO - Filling up the DagBag from /home/airflow/.local/lib/python3.8/site-packages/airflow/example_dags/example_subdag_operator.py
[2025-04-13T17:36:58.593+0000] {processor.py:840} INFO - DAG(s) 'example_subdag_operator.section-1', 'example_subdag_operator.section-2', 'example_subdag_operator' retrieved from /home/airflow/.local/lib/python3.8/site-packages/airflow/example_dags/example_subdag_operator.py
[2025-04-13T17:36:58.624+0000] {logging_mixin.py:188} INFO - [2025-04-13T17:36:58.623+0000] {dag.py:3036} INFO - Sync 3 DAGs
[2025-04-13T17:36:58.650+0000] {logging_mixin.py:188} INFO - [2025-04-13T17:36:58.649+0000] {dag.py:3823} INFO - Setting next_dagrun for example_subdag_operator to 2022-01-01 00:00:00+00:00, run_after=2022-01-01 00:00:00+00:00
[2025-04-13T17:36:58.654+0000] {logging_mixin.py:188} INFO - [2025-04-13T17:36:58.654+0000] {dag.py:3823} INFO - Setting next_dagrun for example_subdag_operator.section-1 to None, run_after=None
[2025-04-13T17:36:58.656+0000] {logging_mixin.py:188} INFO - [2025-04-13T17:36:58.656+0000] {dag.py:3823} INFO - Setting next_dagrun for example_subdag_operator.section-2 to None, run_after=None
[2025-04-13T17:36:58.674+0000] {logging_mixin.py:188} INFO - [2025-04-13T17:36:58.674+0000] {dag.py:3036} INFO - Sync 2 DAGs
[2025-04-13T17:36:58.685+0000] {logging_mixin.py:188} INFO - [2025-04-13T17:36:58.684+0000] {dag.py:3823} INFO - Setting next_dagrun for example_subdag_operator.section-1 to None, run_after=None
[2025-04-13T17:36:58.687+0000] {logging_mixin.py:188} INFO - [2025-04-13T17:36:58.687+0000] {dag.py:3823} INFO - Setting next_dagrun for example_subdag_operator.section-2 to None, run_after=None
[2025-04-13T17:36:58.712+0000] {processor.py:183} INFO - Processing /home/airflow/.local/lib/python3.8/site-packages/airflow/example_dags/example_subdag_operator.py took 0.177 seconds
[2025-04-13T17:37:31.690+0000] {processor.py:161} INFO - Started process (PID=5487) to work on /home/airflow/.local/lib/python3.8/site-packages/airflow/example_dags/example_subdag_operator.py
[2025-04-13T17:37:31.691+0000] {processor.py:830} INFO - Processing file /home/airflow/.local/lib/python3.8/site-packages/airflow/example_dags/example_subdag_operator.py for tasks to queue
[2025-04-13T17:37:31.694+0000] {logging_mixin.py:188} INFO - [2025-04-13T17:37:31.694+0000] {dagbag.py:538} INFO - Filling up the DagBag from /home/airflow/.local/lib/python3.8/site-packages/airflow/example_dags/example_subdag_operator.py
[2025-04-13T17:37:31.727+0000] {processor.py:840} INFO - DAG(s) 'example_subdag_operator.section-1', 'example_subdag_operator.section-2', 'example_subdag_operator' retrieved from /home/airflow/.local/lib/python3.8/site-packages/airflow/example_dags/example_subdag_operator.py
[2025-04-13T17:37:31.748+0000] {logging_mixin.py:188} INFO - [2025-04-13T17:37:31.747+0000] {dag.py:3036} INFO - Sync 3 DAGs
[2025-04-13T17:37:31.777+0000] {logging_mixin.py:188} INFO - [2025-04-13T17:37:31.777+0000] {dag.py:3823} INFO - Setting next_dagrun for example_subdag_operator to 2022-01-01 00:00:00+00:00, run_after=2022-01-01 00:00:00+00:00
[2025-04-13T17:37:31.782+0000] {logging_mixin.py:188} INFO - [2025-04-13T17:37:31.781+0000] {dag.py:3823} INFO - Setting next_dagrun for example_subdag_operator.section-1 to None, run_after=None
[2025-04-13T17:37:31.784+0000] {logging_mixin.py:188} INFO - [2025-04-13T17:37:31.783+0000] {dag.py:3823} INFO - Setting next_dagrun for example_subdag_operator.section-2 to None, run_after=None
[2025-04-13T17:37:31.794+0000] {logging_mixin.py:188} INFO - [2025-04-13T17:37:31.793+0000] {dag.py:3036} INFO - Sync 2 DAGs
[2025-04-13T17:37:31.801+0000] {logging_mixin.py:188} INFO - [2025-04-13T17:37:31.801+0000] {dag.py:3823} INFO - Setting next_dagrun for example_subdag_operator.section-1 to None, run_after=None
[2025-04-13T17:37:31.802+0000] {logging_mixin.py:188} INFO - [2025-04-13T17:37:31.802+0000] {dag.py:3823} INFO - Setting next_dagrun for example_subdag_operator.section-2 to None, run_after=None
[2025-04-13T17:37:31.817+0000] {processor.py:183} INFO - Processing /home/airflow/.local/lib/python3.8/site-packages/airflow/example_dags/example_subdag_operator.py took 0.133 seconds
[2025-04-13T17:38:01.947+0000] {processor.py:161} INFO - Started process (PID=5543) to work on /home/airflow/.local/lib/python3.8/site-packages/airflow/example_dags/example_subdag_operator.py
[2025-04-13T17:38:01.949+0000] {processor.py:830} INFO - Processing file /home/airflow/.local/lib/python3.8/site-packages/airflow/example_dags/example_subdag_operator.py for tasks to queue
[2025-04-13T17:38:01.952+0000] {logging_mixin.py:188} INFO - [2025-04-13T17:38:01.951+0000] {dagbag.py:538} INFO - Filling up the DagBag from /home/airflow/.local/lib/python3.8/site-packages/airflow/example_dags/example_subdag_operator.py
[2025-04-13T17:38:01.984+0000] {processor.py:840} INFO - DAG(s) 'example_subdag_operator.section-1', 'example_subdag_operator.section-2', 'example_subdag_operator' retrieved from /home/airflow/.local/lib/python3.8/site-packages/airflow/example_dags/example_subdag_operator.py
[2025-04-13T17:38:02.007+0000] {logging_mixin.py:188} INFO - [2025-04-13T17:38:02.006+0000] {dag.py:3036} INFO - Sync 3 DAGs
[2025-04-13T17:38:02.036+0000] {logging_mixin.py:188} INFO - [2025-04-13T17:38:02.035+0000] {dag.py:3823} INFO - Setting next_dagrun for example_subdag_operator to 2022-01-01 00:00:00+00:00, run_after=2022-01-01 00:00:00+00:00
[2025-04-13T17:38:02.043+0000] {logging_mixin.py:188} INFO - [2025-04-13T17:38:02.042+0000] {dag.py:3823} INFO - Setting next_dagrun for example_subdag_operator.section-1 to None, run_after=None
[2025-04-13T17:38:02.045+0000] {logging_mixin.py:188} INFO - [2025-04-13T17:38:02.045+0000] {dag.py:3823} INFO - Setting next_dagrun for example_subdag_operator.section-2 to None, run_after=None
[2025-04-13T17:38:02.055+0000] {logging_mixin.py:188} INFO - [2025-04-13T17:38:02.055+0000] {dag.py:3036} INFO - Sync 2 DAGs
[2025-04-13T17:38:02.062+0000] {logging_mixin.py:188} INFO - [2025-04-13T17:38:02.062+0000] {dag.py:3823} INFO - Setting next_dagrun for example_subdag_operator.section-1 to None, run_after=None
[2025-04-13T17:38:02.064+0000] {logging_mixin.py:188} INFO - [2025-04-13T17:38:02.063+0000] {dag.py:3823} INFO - Setting next_dagrun for example_subdag_operator.section-2 to None, run_after=None
[2025-04-13T17:38:02.138+0000] {processor.py:183} INFO - Processing /home/airflow/.local/lib/python3.8/site-packages/airflow/example_dags/example_subdag_operator.py took 0.196 seconds
[2025-04-13T17:38:36.437+0000] {processor.py:161} INFO - Started process (PID=5599) to work on /home/airflow/.local/lib/python3.8/site-packages/airflow/example_dags/example_subdag_operator.py
[2025-04-13T17:38:36.439+0000] {processor.py:830} INFO - Processing file /home/airflow/.local/lib/python3.8/site-packages/airflow/example_dags/example_subdag_operator.py for tasks to queue
[2025-04-13T17:38:36.443+0000] {logging_mixin.py:188} INFO - [2025-04-13T17:38:36.443+0000] {dagbag.py:538} INFO - Filling up the DagBag from /home/airflow/.local/lib/python3.8/site-packages/airflow/example_dags/example_subdag_operator.py
[2025-04-13T17:38:36.484+0000] {processor.py:840} INFO - DAG(s) 'example_subdag_operator.section-1', 'example_subdag_operator.section-2', 'example_subdag_operator' retrieved from /home/airflow/.local/lib/python3.8/site-packages/airflow/example_dags/example_subdag_operator.py
[2025-04-13T17:38:36.521+0000] {logging_mixin.py:188} INFO - [2025-04-13T17:38:36.521+0000] {dag.py:3036} INFO - Sync 3 DAGs
[2025-04-13T17:38:36.564+0000] {logging_mixin.py:188} INFO - [2025-04-13T17:38:36.564+0000] {dag.py:3823} INFO - Setting next_dagrun for example_subdag_operator to 2022-01-01 00:00:00+00:00, run_after=2022-01-01 00:00:00+00:00
[2025-04-13T17:38:36.569+0000] {logging_mixin.py:188} INFO - [2025-04-13T17:38:36.569+0000] {dag.py:3823} INFO - Setting next_dagrun for example_subdag_operator.section-1 to None, run_after=None
[2025-04-13T17:38:36.575+0000] {logging_mixin.py:188} INFO - [2025-04-13T17:38:36.574+0000] {dag.py:3823} INFO - Setting next_dagrun for example_subdag_operator.section-2 to None, run_after=None
[2025-04-13T17:38:36.590+0000] {logging_mixin.py:188} INFO - [2025-04-13T17:38:36.589+0000] {dag.py:3036} INFO - Sync 2 DAGs
[2025-04-13T17:38:36.598+0000] {logging_mixin.py:188} INFO - [2025-04-13T17:38:36.598+0000] {dag.py:3823} INFO - Setting next_dagrun for example_subdag_operator.section-1 to None, run_after=None
[2025-04-13T17:38:36.600+0000] {logging_mixin.py:188} INFO - [2025-04-13T17:38:36.599+0000] {dag.py:3823} INFO - Setting next_dagrun for example_subdag_operator.section-2 to None, run_after=None
[2025-04-13T17:38:36.622+0000] {processor.py:183} INFO - Processing /home/airflow/.local/lib/python3.8/site-packages/airflow/example_dags/example_subdag_operator.py took 0.192 seconds
[2025-04-13T17:39:08.549+0000] {processor.py:161} INFO - Started process (PID=5655) to work on /home/airflow/.local/lib/python3.8/site-packages/airflow/example_dags/example_subdag_operator.py
[2025-04-13T17:39:08.552+0000] {processor.py:830} INFO - Processing file /home/airflow/.local/lib/python3.8/site-packages/airflow/example_dags/example_subdag_operator.py for tasks to queue
[2025-04-13T17:39:08.558+0000] {logging_mixin.py:188} INFO - [2025-04-13T17:39:08.556+0000] {dagbag.py:538} INFO - Filling up the DagBag from /home/airflow/.local/lib/python3.8/site-packages/airflow/example_dags/example_subdag_operator.py
[2025-04-13T17:39:08.621+0000] {processor.py:840} INFO - DAG(s) 'example_subdag_operator.section-1', 'example_subdag_operator.section-2', 'example_subdag_operator' retrieved from /home/airflow/.local/lib/python3.8/site-packages/airflow/example_dags/example_subdag_operator.py
[2025-04-13T17:39:08.697+0000] {logging_mixin.py:188} INFO - [2025-04-13T17:39:08.697+0000] {dag.py:3036} INFO - Sync 3 DAGs
[2025-04-13T17:39:08.748+0000] {logging_mixin.py:188} INFO - [2025-04-13T17:39:08.748+0000] {dag.py:3823} INFO - Setting next_dagrun for example_subdag_operator to 2022-01-01 00:00:00+00:00, run_after=2022-01-01 00:00:00+00:00
[2025-04-13T17:39:08.762+0000] {logging_mixin.py:188} INFO - [2025-04-13T17:39:08.761+0000] {dag.py:3823} INFO - Setting next_dagrun for example_subdag_operator.section-1 to None, run_after=None
[2025-04-13T17:39:08.765+0000] {logging_mixin.py:188} INFO - [2025-04-13T17:39:08.765+0000] {dag.py:3823} INFO - Setting next_dagrun for example_subdag_operator.section-2 to None, run_after=None
[2025-04-13T17:39:08.790+0000] {logging_mixin.py:188} INFO - [2025-04-13T17:39:08.790+0000] {dag.py:3036} INFO - Sync 2 DAGs
[2025-04-13T17:39:08.799+0000] {logging_mixin.py:188} INFO - [2025-04-13T17:39:08.799+0000] {dag.py:3823} INFO - Setting next_dagrun for example_subdag_operator.section-1 to None, run_after=None
[2025-04-13T17:39:08.800+0000] {logging_mixin.py:188} INFO - [2025-04-13T17:39:08.800+0000] {dag.py:3823} INFO - Setting next_dagrun for example_subdag_operator.section-2 to None, run_after=None
[2025-04-13T17:39:08.816+0000] {processor.py:183} INFO - Processing /home/airflow/.local/lib/python3.8/site-packages/airflow/example_dags/example_subdag_operator.py took 0.275 seconds
[2025-04-13T17:39:41.526+0000] {processor.py:161} INFO - Started process (PID=5711) to work on /home/airflow/.local/lib/python3.8/site-packages/airflow/example_dags/example_subdag_operator.py
[2025-04-13T17:39:41.530+0000] {processor.py:830} INFO - Processing file /home/airflow/.local/lib/python3.8/site-packages/airflow/example_dags/example_subdag_operator.py for tasks to queue
[2025-04-13T17:39:41.536+0000] {logging_mixin.py:188} INFO - [2025-04-13T17:39:41.536+0000] {dagbag.py:538} INFO - Filling up the DagBag from /home/airflow/.local/lib/python3.8/site-packages/airflow/example_dags/example_subdag_operator.py
[2025-04-13T17:39:41.588+0000] {processor.py:840} INFO - DAG(s) 'example_subdag_operator.section-1', 'example_subdag_operator.section-2', 'example_subdag_operator' retrieved from /home/airflow/.local/lib/python3.8/site-packages/airflow/example_dags/example_subdag_operator.py
[2025-04-13T17:39:41.623+0000] {logging_mixin.py:188} INFO - [2025-04-13T17:39:41.622+0000] {dag.py:3036} INFO - Sync 3 DAGs
[2025-04-13T17:39:41.677+0000] {logging_mixin.py:188} INFO - [2025-04-13T17:39:41.677+0000] {dag.py:3823} INFO - Setting next_dagrun for example_subdag_operator to 2022-01-01 00:00:00+00:00, run_after=2022-01-01 00:00:00+00:00
[2025-04-13T17:39:41.733+0000] {logging_mixin.py:188} INFO - [2025-04-13T17:39:41.733+0000] {dag.py:3823} INFO - Setting next_dagrun for example_subdag_operator.section-1 to None, run_after=None
[2025-04-13T17:39:41.739+0000] {logging_mixin.py:188} INFO - [2025-04-13T17:39:41.739+0000] {dag.py:3823} INFO - Setting next_dagrun for example_subdag_operator.section-2 to None, run_after=None
[2025-04-13T17:39:41.756+0000] {logging_mixin.py:188} INFO - [2025-04-13T17:39:41.756+0000] {dag.py:3036} INFO - Sync 2 DAGs
[2025-04-13T17:39:41.764+0000] {logging_mixin.py:188} INFO - [2025-04-13T17:39:41.764+0000] {dag.py:3823} INFO - Setting next_dagrun for example_subdag_operator.section-1 to None, run_after=None
[2025-04-13T17:39:41.765+0000] {logging_mixin.py:188} INFO - [2025-04-13T17:39:41.765+0000] {dag.py:3823} INFO - Setting next_dagrun for example_subdag_operator.section-2 to None, run_after=None
[2025-04-13T17:39:41.795+0000] {processor.py:183} INFO - Processing /home/airflow/.local/lib/python3.8/site-packages/airflow/example_dags/example_subdag_operator.py took 0.276 seconds
[2025-04-13T17:40:12.873+0000] {processor.py:161} INFO - Started process (PID=5767) to work on /home/airflow/.local/lib/python3.8/site-packages/airflow/example_dags/example_subdag_operator.py
[2025-04-13T17:40:12.874+0000] {processor.py:830} INFO - Processing file /home/airflow/.local/lib/python3.8/site-packages/airflow/example_dags/example_subdag_operator.py for tasks to queue
[2025-04-13T17:40:12.877+0000] {logging_mixin.py:188} INFO - [2025-04-13T17:40:12.877+0000] {dagbag.py:538} INFO - Filling up the DagBag from /home/airflow/.local/lib/python3.8/site-packages/airflow/example_dags/example_subdag_operator.py
[2025-04-13T17:40:12.912+0000] {processor.py:840} INFO - DAG(s) 'example_subdag_operator.section-1', 'example_subdag_operator.section-2', 'example_subdag_operator' retrieved from /home/airflow/.local/lib/python3.8/site-packages/airflow/example_dags/example_subdag_operator.py
[2025-04-13T17:40:12.944+0000] {logging_mixin.py:188} INFO - [2025-04-13T17:40:12.944+0000] {dag.py:3036} INFO - Sync 3 DAGs
[2025-04-13T17:40:12.993+0000] {logging_mixin.py:188} INFO - [2025-04-13T17:40:12.992+0000] {dag.py:3823} INFO - Setting next_dagrun for example_subdag_operator to 2022-01-01 00:00:00+00:00, run_after=2022-01-01 00:00:00+00:00
[2025-04-13T17:40:13.005+0000] {logging_mixin.py:188} INFO - [2025-04-13T17:40:13.005+0000] {dag.py:3823} INFO - Setting next_dagrun for example_subdag_operator.section-1 to None, run_after=None
[2025-04-13T17:40:13.009+0000] {logging_mixin.py:188} INFO - [2025-04-13T17:40:13.008+0000] {dag.py:3823} INFO - Setting next_dagrun for example_subdag_operator.section-2 to None, run_after=None
[2025-04-13T17:40:13.024+0000] {logging_mixin.py:188} INFO - [2025-04-13T17:40:13.023+0000] {dag.py:3036} INFO - Sync 2 DAGs
[2025-04-13T17:40:13.034+0000] {logging_mixin.py:188} INFO - [2025-04-13T17:40:13.034+0000] {dag.py:3823} INFO - Setting next_dagrun for example_subdag_operator.section-1 to None, run_after=None
[2025-04-13T17:40:13.035+0000] {logging_mixin.py:188} INFO - [2025-04-13T17:40:13.035+0000] {dag.py:3823} INFO - Setting next_dagrun for example_subdag_operator.section-2 to None, run_after=None
[2025-04-13T17:40:13.056+0000] {processor.py:183} INFO - Processing /home/airflow/.local/lib/python3.8/site-packages/airflow/example_dags/example_subdag_operator.py took 0.189 seconds
[2025-04-13T17:40:46.081+0000] {processor.py:161} INFO - Started process (PID=5824) to work on /home/airflow/.local/lib/python3.8/site-packages/airflow/example_dags/example_subdag_operator.py
[2025-04-13T17:40:46.084+0000] {processor.py:830} INFO - Processing file /home/airflow/.local/lib/python3.8/site-packages/airflow/example_dags/example_subdag_operator.py for tasks to queue
[2025-04-13T17:40:46.088+0000] {logging_mixin.py:188} INFO - [2025-04-13T17:40:46.088+0000] {dagbag.py:538} INFO - Filling up the DagBag from /home/airflow/.local/lib/python3.8/site-packages/airflow/example_dags/example_subdag_operator.py
[2025-04-13T17:40:46.127+0000] {processor.py:840} INFO - DAG(s) 'example_subdag_operator.section-1', 'example_subdag_operator.section-2', 'example_subdag_operator' retrieved from /home/airflow/.local/lib/python3.8/site-packages/airflow/example_dags/example_subdag_operator.py
[2025-04-13T17:40:46.157+0000] {logging_mixin.py:188} INFO - [2025-04-13T17:40:46.157+0000] {dag.py:3036} INFO - Sync 3 DAGs
[2025-04-13T17:40:46.190+0000] {logging_mixin.py:188} INFO - [2025-04-13T17:40:46.189+0000] {dag.py:3823} INFO - Setting next_dagrun for example_subdag_operator to 2022-01-01 00:00:00+00:00, run_after=2022-01-01 00:00:00+00:00
[2025-04-13T17:40:46.196+0000] {logging_mixin.py:188} INFO - [2025-04-13T17:40:46.196+0000] {dag.py:3823} INFO - Setting next_dagrun for example_subdag_operator.section-1 to None, run_after=None
[2025-04-13T17:40:46.200+0000] {logging_mixin.py:188} INFO - [2025-04-13T17:40:46.200+0000] {dag.py:3823} INFO - Setting next_dagrun for example_subdag_operator.section-2 to None, run_after=None
[2025-04-13T17:40:46.215+0000] {logging_mixin.py:188} INFO - [2025-04-13T17:40:46.215+0000] {dag.py:3036} INFO - Sync 2 DAGs
[2025-04-13T17:40:46.224+0000] {logging_mixin.py:188} INFO - [2025-04-13T17:40:46.224+0000] {dag.py:3823} INFO - Setting next_dagrun for example_subdag_operator.section-1 to None, run_after=None
[2025-04-13T17:40:46.230+0000] {logging_mixin.py:188} INFO - [2025-04-13T17:40:46.230+0000] {dag.py:3823} INFO - Setting next_dagrun for example_subdag_operator.section-2 to None, run_after=None
[2025-04-13T17:40:46.262+0000] {processor.py:183} INFO - Processing /home/airflow/.local/lib/python3.8/site-packages/airflow/example_dags/example_subdag_operator.py took 0.190 seconds
[2025-04-13T17:41:18.824+0000] {processor.py:161} INFO - Started process (PID=5880) to work on /home/airflow/.local/lib/python3.8/site-packages/airflow/example_dags/example_subdag_operator.py
[2025-04-13T17:41:18.826+0000] {processor.py:830} INFO - Processing file /home/airflow/.local/lib/python3.8/site-packages/airflow/example_dags/example_subdag_operator.py for tasks to queue
[2025-04-13T17:41:18.829+0000] {logging_mixin.py:188} INFO - [2025-04-13T17:41:18.828+0000] {dagbag.py:538} INFO - Filling up the DagBag from /home/airflow/.local/lib/python3.8/site-packages/airflow/example_dags/example_subdag_operator.py
[2025-04-13T17:41:18.883+0000] {processor.py:840} INFO - DAG(s) 'example_subdag_operator.section-1', 'example_subdag_operator.section-2', 'example_subdag_operator' retrieved from /home/airflow/.local/lib/python3.8/site-packages/airflow/example_dags/example_subdag_operator.py
[2025-04-13T17:41:18.927+0000] {logging_mixin.py:188} INFO - [2025-04-13T17:41:18.926+0000] {dag.py:3036} INFO - Sync 3 DAGs
[2025-04-13T17:41:19.001+0000] {logging_mixin.py:188} INFO - [2025-04-13T17:41:19.000+0000] {dag.py:3823} INFO - Setting next_dagrun for example_subdag_operator to 2022-01-01 00:00:00+00:00, run_after=2022-01-01 00:00:00+00:00
[2025-04-13T17:41:19.009+0000] {logging_mixin.py:188} INFO - [2025-04-13T17:41:19.009+0000] {dag.py:3823} INFO - Setting next_dagrun for example_subdag_operator.section-1 to None, run_after=None
[2025-04-13T17:41:19.012+0000] {logging_mixin.py:188} INFO - [2025-04-13T17:41:19.012+0000] {dag.py:3823} INFO - Setting next_dagrun for example_subdag_operator.section-2 to None, run_after=None
[2025-04-13T17:41:19.032+0000] {logging_mixin.py:188} INFO - [2025-04-13T17:41:19.031+0000] {dag.py:3036} INFO - Sync 2 DAGs
[2025-04-13T17:41:19.056+0000] {logging_mixin.py:188} INFO - [2025-04-13T17:41:19.056+0000] {dag.py:3823} INFO - Setting next_dagrun for example_subdag_operator.section-1 to None, run_after=None
[2025-04-13T17:41:19.057+0000] {logging_mixin.py:188} INFO - [2025-04-13T17:41:19.057+0000] {dag.py:3823} INFO - Setting next_dagrun for example_subdag_operator.section-2 to None, run_after=None
[2025-04-13T17:41:19.080+0000] {processor.py:183} INFO - Processing /home/airflow/.local/lib/python3.8/site-packages/airflow/example_dags/example_subdag_operator.py took 0.262 seconds
[2025-04-13T17:41:49.381+0000] {processor.py:161} INFO - Started process (PID=5935) to work on /home/airflow/.local/lib/python3.8/site-packages/airflow/example_dags/example_subdag_operator.py
[2025-04-13T17:41:49.382+0000] {processor.py:830} INFO - Processing file /home/airflow/.local/lib/python3.8/site-packages/airflow/example_dags/example_subdag_operator.py for tasks to queue
[2025-04-13T17:41:49.385+0000] {logging_mixin.py:188} INFO - [2025-04-13T17:41:49.385+0000] {dagbag.py:538} INFO - Filling up the DagBag from /home/airflow/.local/lib/python3.8/site-packages/airflow/example_dags/example_subdag_operator.py
[2025-04-13T17:41:49.424+0000] {processor.py:840} INFO - DAG(s) 'example_subdag_operator.section-1', 'example_subdag_operator.section-2', 'example_subdag_operator' retrieved from /home/airflow/.local/lib/python3.8/site-packages/airflow/example_dags/example_subdag_operator.py
[2025-04-13T17:41:49.449+0000] {logging_mixin.py:188} INFO - [2025-04-13T17:41:49.449+0000] {dag.py:3036} INFO - Sync 3 DAGs
[2025-04-13T17:41:49.479+0000] {logging_mixin.py:188} INFO - [2025-04-13T17:41:49.478+0000] {dag.py:3823} INFO - Setting next_dagrun for example_subdag_operator to 2022-01-01 00:00:00+00:00, run_after=2022-01-01 00:00:00+00:00
[2025-04-13T17:41:49.485+0000] {logging_mixin.py:188} INFO - [2025-04-13T17:41:49.484+0000] {dag.py:3823} INFO - Setting next_dagrun for example_subdag_operator.section-1 to None, run_after=None
[2025-04-13T17:41:49.487+0000] {logging_mixin.py:188} INFO - [2025-04-13T17:41:49.487+0000] {dag.py:3823} INFO - Setting next_dagrun for example_subdag_operator.section-2 to None, run_after=None
[2025-04-13T17:41:49.497+0000] {logging_mixin.py:188} INFO - [2025-04-13T17:41:49.497+0000] {dag.py:3036} INFO - Sync 2 DAGs
[2025-04-13T17:41:49.505+0000] {logging_mixin.py:188} INFO - [2025-04-13T17:41:49.505+0000] {dag.py:3823} INFO - Setting next_dagrun for example_subdag_operator.section-1 to None, run_after=None
[2025-04-13T17:41:49.507+0000] {logging_mixin.py:188} INFO - [2025-04-13T17:41:49.506+0000] {dag.py:3823} INFO - Setting next_dagrun for example_subdag_operator.section-2 to None, run_after=None
[2025-04-13T17:41:49.533+0000] {processor.py:183} INFO - Processing /home/airflow/.local/lib/python3.8/site-packages/airflow/example_dags/example_subdag_operator.py took 0.157 seconds
[2025-04-13T17:42:21.750+0000] {processor.py:161} INFO - Started process (PID=5992) to work on /home/airflow/.local/lib/python3.8/site-packages/airflow/example_dags/example_subdag_operator.py
[2025-04-13T17:42:21.752+0000] {processor.py:830} INFO - Processing file /home/airflow/.local/lib/python3.8/site-packages/airflow/example_dags/example_subdag_operator.py for tasks to queue
[2025-04-13T17:42:21.754+0000] {logging_mixin.py:188} INFO - [2025-04-13T17:42:21.754+0000] {dagbag.py:538} INFO - Filling up the DagBag from /home/airflow/.local/lib/python3.8/site-packages/airflow/example_dags/example_subdag_operator.py
[2025-04-13T17:42:21.783+0000] {processor.py:840} INFO - DAG(s) 'example_subdag_operator.section-1', 'example_subdag_operator.section-2', 'example_subdag_operator' retrieved from /home/airflow/.local/lib/python3.8/site-packages/airflow/example_dags/example_subdag_operator.py
[2025-04-13T17:42:21.803+0000] {logging_mixin.py:188} INFO - [2025-04-13T17:42:21.802+0000] {dag.py:3036} INFO - Sync 3 DAGs
[2025-04-13T17:42:21.831+0000] {logging_mixin.py:188} INFO - [2025-04-13T17:42:21.831+0000] {dag.py:3823} INFO - Setting next_dagrun for example_subdag_operator to 2022-01-01 00:00:00+00:00, run_after=2022-01-01 00:00:00+00:00
[2025-04-13T17:42:21.836+0000] {logging_mixin.py:188} INFO - [2025-04-13T17:42:21.836+0000] {dag.py:3823} INFO - Setting next_dagrun for example_subdag_operator.section-1 to None, run_after=None
[2025-04-13T17:42:21.839+0000] {logging_mixin.py:188} INFO - [2025-04-13T17:42:21.838+0000] {dag.py:3823} INFO - Setting next_dagrun for example_subdag_operator.section-2 to None, run_after=None
[2025-04-13T17:42:21.849+0000] {logging_mixin.py:188} INFO - [2025-04-13T17:42:21.848+0000] {dag.py:3036} INFO - Sync 2 DAGs
[2025-04-13T17:42:21.856+0000] {logging_mixin.py:188} INFO - [2025-04-13T17:42:21.855+0000] {dag.py:3823} INFO - Setting next_dagrun for example_subdag_operator.section-1 to None, run_after=None
[2025-04-13T17:42:21.857+0000] {logging_mixin.py:188} INFO - [2025-04-13T17:42:21.856+0000] {dag.py:3823} INFO - Setting next_dagrun for example_subdag_operator.section-2 to None, run_after=None
[2025-04-13T17:42:21.925+0000] {processor.py:183} INFO - Processing /home/airflow/.local/lib/python3.8/site-packages/airflow/example_dags/example_subdag_operator.py took 0.181 seconds
[2025-04-13T17:42:54.162+0000] {processor.py:161} INFO - Started process (PID=6042) to work on /home/airflow/.local/lib/python3.8/site-packages/airflow/example_dags/example_subdag_operator.py
[2025-04-13T17:42:54.163+0000] {processor.py:830} INFO - Processing file /home/airflow/.local/lib/python3.8/site-packages/airflow/example_dags/example_subdag_operator.py for tasks to queue
[2025-04-13T17:42:54.165+0000] {logging_mixin.py:188} INFO - [2025-04-13T17:42:54.165+0000] {dagbag.py:538} INFO - Filling up the DagBag from /home/airflow/.local/lib/python3.8/site-packages/airflow/example_dags/example_subdag_operator.py
[2025-04-13T17:42:54.197+0000] {processor.py:840} INFO - DAG(s) 'example_subdag_operator.section-1', 'example_subdag_operator.section-2', 'example_subdag_operator' retrieved from /home/airflow/.local/lib/python3.8/site-packages/airflow/example_dags/example_subdag_operator.py
[2025-04-13T17:42:54.314+0000] {logging_mixin.py:188} INFO - [2025-04-13T17:42:54.314+0000] {dag.py:3036} INFO - Sync 3 DAGs
[2025-04-13T17:42:54.384+0000] {logging_mixin.py:188} INFO - [2025-04-13T17:42:54.384+0000] {dag.py:3823} INFO - Setting next_dagrun for example_subdag_operator to 2022-01-01 00:00:00+00:00, run_after=2022-01-01 00:00:00+00:00
[2025-04-13T17:42:54.389+0000] {logging_mixin.py:188} INFO - [2025-04-13T17:42:54.389+0000] {dag.py:3823} INFO - Setting next_dagrun for example_subdag_operator.section-1 to None, run_after=None
[2025-04-13T17:42:54.391+0000] {logging_mixin.py:188} INFO - [2025-04-13T17:42:54.391+0000] {dag.py:3823} INFO - Setting next_dagrun for example_subdag_operator.section-2 to None, run_after=None
[2025-04-13T17:42:54.401+0000] {logging_mixin.py:188} INFO - [2025-04-13T17:42:54.401+0000] {dag.py:3036} INFO - Sync 2 DAGs
[2025-04-13T17:42:54.409+0000] {logging_mixin.py:188} INFO - [2025-04-13T17:42:54.409+0000] {dag.py:3823} INFO - Setting next_dagrun for example_subdag_operator.section-1 to None, run_after=None
[2025-04-13T17:42:54.411+0000] {logging_mixin.py:188} INFO - [2025-04-13T17:42:54.410+0000] {dag.py:3823} INFO - Setting next_dagrun for example_subdag_operator.section-2 to None, run_after=None
[2025-04-13T17:42:54.440+0000] {processor.py:183} INFO - Processing /home/airflow/.local/lib/python3.8/site-packages/airflow/example_dags/example_subdag_operator.py took 0.283 seconds
[2025-04-13T17:43:26.646+0000] {processor.py:161} INFO - Started process (PID=6098) to work on /home/airflow/.local/lib/python3.8/site-packages/airflow/example_dags/example_subdag_operator.py
[2025-04-13T17:43:26.648+0000] {processor.py:830} INFO - Processing file /home/airflow/.local/lib/python3.8/site-packages/airflow/example_dags/example_subdag_operator.py for tasks to queue
[2025-04-13T17:43:26.653+0000] {logging_mixin.py:188} INFO - [2025-04-13T17:43:26.652+0000] {dagbag.py:538} INFO - Filling up the DagBag from /home/airflow/.local/lib/python3.8/site-packages/airflow/example_dags/example_subdag_operator.py
[2025-04-13T17:43:26.697+0000] {processor.py:840} INFO - DAG(s) 'example_subdag_operator.section-1', 'example_subdag_operator.section-2', 'example_subdag_operator' retrieved from /home/airflow/.local/lib/python3.8/site-packages/airflow/example_dags/example_subdag_operator.py
[2025-04-13T17:43:26.725+0000] {logging_mixin.py:188} INFO - [2025-04-13T17:43:26.724+0000] {dag.py:3036} INFO - Sync 3 DAGs
[2025-04-13T17:43:26.800+0000] {logging_mixin.py:188} INFO - [2025-04-13T17:43:26.791+0000] {dag.py:3823} INFO - Setting next_dagrun for example_subdag_operator to 2022-01-01 00:00:00+00:00, run_after=2022-01-01 00:00:00+00:00
[2025-04-13T17:43:26.818+0000] {logging_mixin.py:188} INFO - [2025-04-13T17:43:26.817+0000] {dag.py:3823} INFO - Setting next_dagrun for example_subdag_operator.section-1 to None, run_after=None
[2025-04-13T17:43:26.828+0000] {logging_mixin.py:188} INFO - [2025-04-13T17:43:26.827+0000] {dag.py:3823} INFO - Setting next_dagrun for example_subdag_operator.section-2 to None, run_after=None
[2025-04-13T17:43:26.849+0000] {logging_mixin.py:188} INFO - [2025-04-13T17:43:26.848+0000] {dag.py:3036} INFO - Sync 2 DAGs
[2025-04-13T17:43:26.861+0000] {logging_mixin.py:188} INFO - [2025-04-13T17:43:26.860+0000] {dag.py:3823} INFO - Setting next_dagrun for example_subdag_operator.section-1 to None, run_after=None
[2025-04-13T17:43:26.863+0000] {logging_mixin.py:188} INFO - [2025-04-13T17:43:26.863+0000] {dag.py:3823} INFO - Setting next_dagrun for example_subdag_operator.section-2 to None, run_after=None
[2025-04-13T17:43:26.888+0000] {processor.py:183} INFO - Processing /home/airflow/.local/lib/python3.8/site-packages/airflow/example_dags/example_subdag_operator.py took 0.247 seconds
[2025-04-13T17:43:57.399+0000] {processor.py:161} INFO - Started process (PID=6160) to work on /home/airflow/.local/lib/python3.8/site-packages/airflow/example_dags/example_subdag_operator.py
[2025-04-13T17:43:57.401+0000] {processor.py:830} INFO - Processing file /home/airflow/.local/lib/python3.8/site-packages/airflow/example_dags/example_subdag_operator.py for tasks to queue
[2025-04-13T17:43:57.403+0000] {logging_mixin.py:188} INFO - [2025-04-13T17:43:57.403+0000] {dagbag.py:538} INFO - Filling up the DagBag from /home/airflow/.local/lib/python3.8/site-packages/airflow/example_dags/example_subdag_operator.py
[2025-04-13T17:43:57.435+0000] {processor.py:840} INFO - DAG(s) 'example_subdag_operator.section-1', 'example_subdag_operator.section-2', 'example_subdag_operator' retrieved from /home/airflow/.local/lib/python3.8/site-packages/airflow/example_dags/example_subdag_operator.py
[2025-04-13T17:43:57.454+0000] {logging_mixin.py:188} INFO - [2025-04-13T17:43:57.454+0000] {dag.py:3036} INFO - Sync 3 DAGs
[2025-04-13T17:43:57.480+0000] {logging_mixin.py:188} INFO - [2025-04-13T17:43:57.480+0000] {dag.py:3823} INFO - Setting next_dagrun for example_subdag_operator to 2022-01-01 00:00:00+00:00, run_after=2022-01-01 00:00:00+00:00
[2025-04-13T17:43:57.485+0000] {logging_mixin.py:188} INFO - [2025-04-13T17:43:57.484+0000] {dag.py:3823} INFO - Setting next_dagrun for example_subdag_operator.section-1 to None, run_after=None
[2025-04-13T17:43:57.487+0000] {logging_mixin.py:188} INFO - [2025-04-13T17:43:57.487+0000] {dag.py:3823} INFO - Setting next_dagrun for example_subdag_operator.section-2 to None, run_after=None
[2025-04-13T17:43:57.496+0000] {logging_mixin.py:188} INFO - [2025-04-13T17:43:57.495+0000] {dag.py:3036} INFO - Sync 2 DAGs
[2025-04-13T17:43:57.503+0000] {logging_mixin.py:188} INFO - [2025-04-13T17:43:57.503+0000] {dag.py:3823} INFO - Setting next_dagrun for example_subdag_operator.section-1 to None, run_after=None
[2025-04-13T17:43:57.504+0000] {logging_mixin.py:188} INFO - [2025-04-13T17:43:57.504+0000] {dag.py:3823} INFO - Setting next_dagrun for example_subdag_operator.section-2 to None, run_after=None
[2025-04-13T17:43:57.573+0000] {processor.py:183} INFO - Processing /home/airflow/.local/lib/python3.8/site-packages/airflow/example_dags/example_subdag_operator.py took 0.178 seconds
[2025-04-13T17:44:29.325+0000] {processor.py:161} INFO - Started process (PID=6210) to work on /home/airflow/.local/lib/python3.8/site-packages/airflow/example_dags/example_subdag_operator.py
[2025-04-13T17:44:29.328+0000] {processor.py:830} INFO - Processing file /home/airflow/.local/lib/python3.8/site-packages/airflow/example_dags/example_subdag_operator.py for tasks to queue
[2025-04-13T17:44:29.334+0000] {logging_mixin.py:188} INFO - [2025-04-13T17:44:29.333+0000] {dagbag.py:538} INFO - Filling up the DagBag from /home/airflow/.local/lib/python3.8/site-packages/airflow/example_dags/example_subdag_operator.py
[2025-04-13T17:44:29.385+0000] {processor.py:840} INFO - DAG(s) 'example_subdag_operator.section-1', 'example_subdag_operator.section-2', 'example_subdag_operator' retrieved from /home/airflow/.local/lib/python3.8/site-packages/airflow/example_dags/example_subdag_operator.py
[2025-04-13T17:44:29.419+0000] {logging_mixin.py:188} INFO - [2025-04-13T17:44:29.419+0000] {dag.py:3036} INFO - Sync 3 DAGs
[2025-04-13T17:44:29.457+0000] {logging_mixin.py:188} INFO - [2025-04-13T17:44:29.456+0000] {dag.py:3823} INFO - Setting next_dagrun for example_subdag_operator to 2022-01-01 00:00:00+00:00, run_after=2022-01-01 00:00:00+00:00
[2025-04-13T17:44:29.464+0000] {logging_mixin.py:188} INFO - [2025-04-13T17:44:29.463+0000] {dag.py:3823} INFO - Setting next_dagrun for example_subdag_operator.section-1 to None, run_after=None
[2025-04-13T17:44:29.467+0000] {logging_mixin.py:188} INFO - [2025-04-13T17:44:29.467+0000] {dag.py:3823} INFO - Setting next_dagrun for example_subdag_operator.section-2 to None, run_after=None
[2025-04-13T17:44:29.479+0000] {logging_mixin.py:188} INFO - [2025-04-13T17:44:29.479+0000] {dag.py:3036} INFO - Sync 2 DAGs
[2025-04-13T17:44:29.488+0000] {logging_mixin.py:188} INFO - [2025-04-13T17:44:29.487+0000] {dag.py:3823} INFO - Setting next_dagrun for example_subdag_operator.section-1 to None, run_after=None
[2025-04-13T17:44:29.489+0000] {logging_mixin.py:188} INFO - [2025-04-13T17:44:29.489+0000] {dag.py:3823} INFO - Setting next_dagrun for example_subdag_operator.section-2 to None, run_after=None
[2025-04-13T17:44:29.514+0000] {processor.py:183} INFO - Processing /home/airflow/.local/lib/python3.8/site-packages/airflow/example_dags/example_subdag_operator.py took 0.199 seconds
[2025-04-13T17:45:01.560+0000] {processor.py:161} INFO - Started process (PID=6266) to work on /home/airflow/.local/lib/python3.8/site-packages/airflow/example_dags/example_subdag_operator.py
[2025-04-13T17:45:01.563+0000] {processor.py:830} INFO - Processing file /home/airflow/.local/lib/python3.8/site-packages/airflow/example_dags/example_subdag_operator.py for tasks to queue
[2025-04-13T17:45:01.567+0000] {logging_mixin.py:188} INFO - [2025-04-13T17:45:01.567+0000] {dagbag.py:538} INFO - Filling up the DagBag from /home/airflow/.local/lib/python3.8/site-packages/airflow/example_dags/example_subdag_operator.py
[2025-04-13T17:45:01.638+0000] {processor.py:840} INFO - DAG(s) 'example_subdag_operator.section-1', 'example_subdag_operator.section-2', 'example_subdag_operator' retrieved from /home/airflow/.local/lib/python3.8/site-packages/airflow/example_dags/example_subdag_operator.py
[2025-04-13T17:45:01.660+0000] {logging_mixin.py:188} INFO - [2025-04-13T17:45:01.660+0000] {dag.py:3036} INFO - Sync 3 DAGs
[2025-04-13T17:45:01.698+0000] {logging_mixin.py:188} INFO - [2025-04-13T17:45:01.697+0000] {dag.py:3823} INFO - Setting next_dagrun for example_subdag_operator to 2022-01-01 00:00:00+00:00, run_after=2022-01-01 00:00:00+00:00
[2025-04-13T17:45:01.705+0000] {logging_mixin.py:188} INFO - [2025-04-13T17:45:01.705+0000] {dag.py:3823} INFO - Setting next_dagrun for example_subdag_operator.section-1 to None, run_after=None
[2025-04-13T17:45:01.708+0000] {logging_mixin.py:188} INFO - [2025-04-13T17:45:01.708+0000] {dag.py:3823} INFO - Setting next_dagrun for example_subdag_operator.section-2 to None, run_after=None
[2025-04-13T17:45:01.721+0000] {logging_mixin.py:188} INFO - [2025-04-13T17:45:01.721+0000] {dag.py:3036} INFO - Sync 2 DAGs
[2025-04-13T17:45:01.733+0000] {logging_mixin.py:188} INFO - [2025-04-13T17:45:01.732+0000] {dag.py:3823} INFO - Setting next_dagrun for example_subdag_operator.section-1 to None, run_after=None
[2025-04-13T17:45:01.733+0000] {logging_mixin.py:188} INFO - [2025-04-13T17:45:01.733+0000] {dag.py:3823} INFO - Setting next_dagrun for example_subdag_operator.section-2 to None, run_after=None
[2025-04-13T17:45:01.788+0000] {processor.py:183} INFO - Processing /home/airflow/.local/lib/python3.8/site-packages/airflow/example_dags/example_subdag_operator.py took 0.246 seconds
[2025-04-13T17:45:34.033+0000] {processor.py:161} INFO - Started process (PID=6322) to work on /home/airflow/.local/lib/python3.8/site-packages/airflow/example_dags/example_subdag_operator.py
[2025-04-13T17:45:34.035+0000] {processor.py:830} INFO - Processing file /home/airflow/.local/lib/python3.8/site-packages/airflow/example_dags/example_subdag_operator.py for tasks to queue
[2025-04-13T17:45:34.039+0000] {logging_mixin.py:188} INFO - [2025-04-13T17:45:34.038+0000] {dagbag.py:538} INFO - Filling up the DagBag from /home/airflow/.local/lib/python3.8/site-packages/airflow/example_dags/example_subdag_operator.py
[2025-04-13T17:45:34.076+0000] {processor.py:840} INFO - DAG(s) 'example_subdag_operator.section-1', 'example_subdag_operator.section-2', 'example_subdag_operator' retrieved from /home/airflow/.local/lib/python3.8/site-packages/airflow/example_dags/example_subdag_operator.py
[2025-04-13T17:45:34.103+0000] {logging_mixin.py:188} INFO - [2025-04-13T17:45:34.102+0000] {dag.py:3036} INFO - Sync 3 DAGs
[2025-04-13T17:45:34.141+0000] {logging_mixin.py:188} INFO - [2025-04-13T17:45:34.140+0000] {dag.py:3823} INFO - Setting next_dagrun for example_subdag_operator to 2022-01-01 00:00:00+00:00, run_after=2022-01-01 00:00:00+00:00
[2025-04-13T17:45:34.150+0000] {logging_mixin.py:188} INFO - [2025-04-13T17:45:34.150+0000] {dag.py:3823} INFO - Setting next_dagrun for example_subdag_operator.section-1 to None, run_after=None
[2025-04-13T17:45:34.152+0000] {logging_mixin.py:188} INFO - [2025-04-13T17:45:34.152+0000] {dag.py:3823} INFO - Setting next_dagrun for example_subdag_operator.section-2 to None, run_after=None
[2025-04-13T17:45:34.164+0000] {logging_mixin.py:188} INFO - [2025-04-13T17:45:34.164+0000] {dag.py:3036} INFO - Sync 2 DAGs
[2025-04-13T17:45:34.172+0000] {logging_mixin.py:188} INFO - [2025-04-13T17:45:34.172+0000] {dag.py:3823} INFO - Setting next_dagrun for example_subdag_operator.section-1 to None, run_after=None
[2025-04-13T17:45:34.173+0000] {logging_mixin.py:188} INFO - [2025-04-13T17:45:34.172+0000] {dag.py:3823} INFO - Setting next_dagrun for example_subdag_operator.section-2 to None, run_after=None
[2025-04-13T17:45:34.228+0000] {processor.py:183} INFO - Processing /home/airflow/.local/lib/python3.8/site-packages/airflow/example_dags/example_subdag_operator.py took 0.199 seconds
[2025-04-13T17:46:06.634+0000] {processor.py:161} INFO - Started process (PID=6379) to work on /home/airflow/.local/lib/python3.8/site-packages/airflow/example_dags/example_subdag_operator.py
[2025-04-13T17:46:06.636+0000] {processor.py:830} INFO - Processing file /home/airflow/.local/lib/python3.8/site-packages/airflow/example_dags/example_subdag_operator.py for tasks to queue
[2025-04-13T17:46:06.639+0000] {logging_mixin.py:188} INFO - [2025-04-13T17:46:06.638+0000] {dagbag.py:538} INFO - Filling up the DagBag from /home/airflow/.local/lib/python3.8/site-packages/airflow/example_dags/example_subdag_operator.py
[2025-04-13T17:46:06.682+0000] {processor.py:840} INFO - DAG(s) 'example_subdag_operator.section-1', 'example_subdag_operator.section-2', 'example_subdag_operator' retrieved from /home/airflow/.local/lib/python3.8/site-packages/airflow/example_dags/example_subdag_operator.py
[2025-04-13T17:46:06.707+0000] {logging_mixin.py:188} INFO - [2025-04-13T17:46:06.706+0000] {dag.py:3036} INFO - Sync 3 DAGs
[2025-04-13T17:46:06.748+0000] {logging_mixin.py:188} INFO - [2025-04-13T17:46:06.748+0000] {dag.py:3823} INFO - Setting next_dagrun for example_subdag_operator to 2022-01-01 00:00:00+00:00, run_after=2022-01-01 00:00:00+00:00
[2025-04-13T17:46:06.753+0000] {logging_mixin.py:188} INFO - [2025-04-13T17:46:06.753+0000] {dag.py:3823} INFO - Setting next_dagrun for example_subdag_operator.section-1 to None, run_after=None
[2025-04-13T17:46:06.756+0000] {logging_mixin.py:188} INFO - [2025-04-13T17:46:06.755+0000] {dag.py:3823} INFO - Setting next_dagrun for example_subdag_operator.section-2 to None, run_after=None
[2025-04-13T17:46:06.770+0000] {logging_mixin.py:188} INFO - [2025-04-13T17:46:06.769+0000] {dag.py:3036} INFO - Sync 2 DAGs
[2025-04-13T17:46:06.779+0000] {logging_mixin.py:188} INFO - [2025-04-13T17:46:06.779+0000] {dag.py:3823} INFO - Setting next_dagrun for example_subdag_operator.section-1 to None, run_after=None
[2025-04-13T17:46:06.781+0000] {logging_mixin.py:188} INFO - [2025-04-13T17:46:06.780+0000] {dag.py:3823} INFO - Setting next_dagrun for example_subdag_operator.section-2 to None, run_after=None
[2025-04-13T17:46:06.810+0000] {processor.py:183} INFO - Processing /home/airflow/.local/lib/python3.8/site-packages/airflow/example_dags/example_subdag_operator.py took 0.183 seconds
[2025-04-13T17:46:39.206+0000] {processor.py:161} INFO - Started process (PID=6435) to work on /home/airflow/.local/lib/python3.8/site-packages/airflow/example_dags/example_subdag_operator.py
[2025-04-13T17:46:39.208+0000] {processor.py:830} INFO - Processing file /home/airflow/.local/lib/python3.8/site-packages/airflow/example_dags/example_subdag_operator.py for tasks to queue
[2025-04-13T17:46:39.212+0000] {logging_mixin.py:188} INFO - [2025-04-13T17:46:39.212+0000] {dagbag.py:538} INFO - Filling up the DagBag from /home/airflow/.local/lib/python3.8/site-packages/airflow/example_dags/example_subdag_operator.py
[2025-04-13T17:46:39.268+0000] {processor.py:840} INFO - DAG(s) 'example_subdag_operator.section-1', 'example_subdag_operator.section-2', 'example_subdag_operator' retrieved from /home/airflow/.local/lib/python3.8/site-packages/airflow/example_dags/example_subdag_operator.py
[2025-04-13T17:46:39.291+0000] {logging_mixin.py:188} INFO - [2025-04-13T17:46:39.290+0000] {dag.py:3036} INFO - Sync 3 DAGs
[2025-04-13T17:46:39.330+0000] {logging_mixin.py:188} INFO - [2025-04-13T17:46:39.329+0000] {dag.py:3823} INFO - Setting next_dagrun for example_subdag_operator to 2022-01-01 00:00:00+00:00, run_after=2022-01-01 00:00:00+00:00
[2025-04-13T17:46:39.337+0000] {logging_mixin.py:188} INFO - [2025-04-13T17:46:39.336+0000] {dag.py:3823} INFO - Setting next_dagrun for example_subdag_operator.section-1 to None, run_after=None
[2025-04-13T17:46:39.340+0000] {logging_mixin.py:188} INFO - [2025-04-13T17:46:39.339+0000] {dag.py:3823} INFO - Setting next_dagrun for example_subdag_operator.section-2 to None, run_after=None
[2025-04-13T17:46:39.353+0000] {logging_mixin.py:188} INFO - [2025-04-13T17:46:39.353+0000] {dag.py:3036} INFO - Sync 2 DAGs
[2025-04-13T17:46:39.363+0000] {logging_mixin.py:188} INFO - [2025-04-13T17:46:39.362+0000] {dag.py:3823} INFO - Setting next_dagrun for example_subdag_operator.section-1 to None, run_after=None
[2025-04-13T17:46:39.364+0000] {logging_mixin.py:188} INFO - [2025-04-13T17:46:39.363+0000] {dag.py:3823} INFO - Setting next_dagrun for example_subdag_operator.section-2 to None, run_after=None
[2025-04-13T17:46:39.420+0000] {processor.py:183} INFO - Processing /home/airflow/.local/lib/python3.8/site-packages/airflow/example_dags/example_subdag_operator.py took 0.219 seconds
[2025-04-13T17:47:11.379+0000] {processor.py:161} INFO - Started process (PID=6492) to work on /home/airflow/.local/lib/python3.8/site-packages/airflow/example_dags/example_subdag_operator.py
[2025-04-13T17:47:11.381+0000] {processor.py:830} INFO - Processing file /home/airflow/.local/lib/python3.8/site-packages/airflow/example_dags/example_subdag_operator.py for tasks to queue
[2025-04-13T17:47:11.384+0000] {logging_mixin.py:188} INFO - [2025-04-13T17:47:11.383+0000] {dagbag.py:538} INFO - Filling up the DagBag from /home/airflow/.local/lib/python3.8/site-packages/airflow/example_dags/example_subdag_operator.py
[2025-04-13T17:47:11.426+0000] {processor.py:840} INFO - DAG(s) 'example_subdag_operator.section-1', 'example_subdag_operator.section-2', 'example_subdag_operator' retrieved from /home/airflow/.local/lib/python3.8/site-packages/airflow/example_dags/example_subdag_operator.py
[2025-04-13T17:47:11.451+0000] {logging_mixin.py:188} INFO - [2025-04-13T17:47:11.451+0000] {dag.py:3036} INFO - Sync 3 DAGs
[2025-04-13T17:47:11.479+0000] {logging_mixin.py:188} INFO - [2025-04-13T17:47:11.479+0000] {dag.py:3823} INFO - Setting next_dagrun for example_subdag_operator to 2022-01-01 00:00:00+00:00, run_after=2022-01-01 00:00:00+00:00
[2025-04-13T17:47:11.485+0000] {logging_mixin.py:188} INFO - [2025-04-13T17:47:11.485+0000] {dag.py:3823} INFO - Setting next_dagrun for example_subdag_operator.section-1 to None, run_after=None
[2025-04-13T17:47:11.488+0000] {logging_mixin.py:188} INFO - [2025-04-13T17:47:11.487+0000] {dag.py:3823} INFO - Setting next_dagrun for example_subdag_operator.section-2 to None, run_after=None
[2025-04-13T17:47:11.498+0000] {logging_mixin.py:188} INFO - [2025-04-13T17:47:11.497+0000] {dag.py:3036} INFO - Sync 2 DAGs
[2025-04-13T17:47:11.505+0000] {logging_mixin.py:188} INFO - [2025-04-13T17:47:11.505+0000] {dag.py:3823} INFO - Setting next_dagrun for example_subdag_operator.section-1 to None, run_after=None
[2025-04-13T17:47:11.506+0000] {logging_mixin.py:188} INFO - [2025-04-13T17:47:11.506+0000] {dag.py:3823} INFO - Setting next_dagrun for example_subdag_operator.section-2 to None, run_after=None
[2025-04-13T17:47:11.529+0000] {processor.py:183} INFO - Processing /home/airflow/.local/lib/python3.8/site-packages/airflow/example_dags/example_subdag_operator.py took 0.156 seconds
[2025-04-13T17:47:44.249+0000] {processor.py:161} INFO - Started process (PID=6548) to work on /home/airflow/.local/lib/python3.8/site-packages/airflow/example_dags/example_subdag_operator.py
[2025-04-13T17:47:44.252+0000] {processor.py:830} INFO - Processing file /home/airflow/.local/lib/python3.8/site-packages/airflow/example_dags/example_subdag_operator.py for tasks to queue
[2025-04-13T17:47:44.257+0000] {logging_mixin.py:188} INFO - [2025-04-13T17:47:44.256+0000] {dagbag.py:538} INFO - Filling up the DagBag from /home/airflow/.local/lib/python3.8/site-packages/airflow/example_dags/example_subdag_operator.py
[2025-04-13T17:47:44.303+0000] {processor.py:840} INFO - DAG(s) 'example_subdag_operator.section-1', 'example_subdag_operator.section-2', 'example_subdag_operator' retrieved from /home/airflow/.local/lib/python3.8/site-packages/airflow/example_dags/example_subdag_operator.py
[2025-04-13T17:47:44.333+0000] {logging_mixin.py:188} INFO - [2025-04-13T17:47:44.333+0000] {dag.py:3036} INFO - Sync 3 DAGs
[2025-04-13T17:47:44.370+0000] {logging_mixin.py:188} INFO - [2025-04-13T17:47:44.370+0000] {dag.py:3823} INFO - Setting next_dagrun for example_subdag_operator to 2022-01-01 00:00:00+00:00, run_after=2022-01-01 00:00:00+00:00
[2025-04-13T17:47:44.378+0000] {logging_mixin.py:188} INFO - [2025-04-13T17:47:44.377+0000] {dag.py:3823} INFO - Setting next_dagrun for example_subdag_operator.section-1 to None, run_after=None
[2025-04-13T17:47:44.380+0000] {logging_mixin.py:188} INFO - [2025-04-13T17:47:44.380+0000] {dag.py:3823} INFO - Setting next_dagrun for example_subdag_operator.section-2 to None, run_after=None
[2025-04-13T17:47:44.389+0000] {logging_mixin.py:188} INFO - [2025-04-13T17:47:44.389+0000] {dag.py:3036} INFO - Sync 2 DAGs
[2025-04-13T17:47:44.398+0000] {logging_mixin.py:188} INFO - [2025-04-13T17:47:44.397+0000] {dag.py:3823} INFO - Setting next_dagrun for example_subdag_operator.section-1 to None, run_after=None
[2025-04-13T17:47:44.398+0000] {logging_mixin.py:188} INFO - [2025-04-13T17:47:44.398+0000] {dag.py:3823} INFO - Setting next_dagrun for example_subdag_operator.section-2 to None, run_after=None
[2025-04-13T17:47:44.416+0000] {processor.py:183} INFO - Processing /home/airflow/.local/lib/python3.8/site-packages/airflow/example_dags/example_subdag_operator.py took 0.172 seconds
[2025-04-13T17:48:16.703+0000] {processor.py:161} INFO - Started process (PID=6604) to work on /home/airflow/.local/lib/python3.8/site-packages/airflow/example_dags/example_subdag_operator.py
[2025-04-13T17:48:16.705+0000] {processor.py:830} INFO - Processing file /home/airflow/.local/lib/python3.8/site-packages/airflow/example_dags/example_subdag_operator.py for tasks to queue
[2025-04-13T17:48:16.708+0000] {logging_mixin.py:188} INFO - [2025-04-13T17:48:16.707+0000] {dagbag.py:538} INFO - Filling up the DagBag from /home/airflow/.local/lib/python3.8/site-packages/airflow/example_dags/example_subdag_operator.py
[2025-04-13T17:48:16.738+0000] {processor.py:840} INFO - DAG(s) 'example_subdag_operator.section-1', 'example_subdag_operator.section-2', 'example_subdag_operator' retrieved from /home/airflow/.local/lib/python3.8/site-packages/airflow/example_dags/example_subdag_operator.py
[2025-04-13T17:48:16.765+0000] {logging_mixin.py:188} INFO - [2025-04-13T17:48:16.765+0000] {dag.py:3036} INFO - Sync 3 DAGs
[2025-04-13T17:48:16.816+0000] {logging_mixin.py:188} INFO - [2025-04-13T17:48:16.815+0000] {dag.py:3823} INFO - Setting next_dagrun for example_subdag_operator to 2022-01-01 00:00:00+00:00, run_after=2022-01-01 00:00:00+00:00
[2025-04-13T17:48:16.824+0000] {logging_mixin.py:188} INFO - [2025-04-13T17:48:16.824+0000] {dag.py:3823} INFO - Setting next_dagrun for example_subdag_operator.section-1 to None, run_after=None
[2025-04-13T17:48:16.827+0000] {logging_mixin.py:188} INFO - [2025-04-13T17:48:16.827+0000] {dag.py:3823} INFO - Setting next_dagrun for example_subdag_operator.section-2 to None, run_after=None
[2025-04-13T17:48:16.842+0000] {logging_mixin.py:188} INFO - [2025-04-13T17:48:16.841+0000] {dag.py:3036} INFO - Sync 2 DAGs
[2025-04-13T17:48:16.851+0000] {logging_mixin.py:188} INFO - [2025-04-13T17:48:16.851+0000] {dag.py:3823} INFO - Setting next_dagrun for example_subdag_operator.section-1 to None, run_after=None
[2025-04-13T17:48:16.854+0000] {logging_mixin.py:188} INFO - [2025-04-13T17:48:16.854+0000] {dag.py:3823} INFO - Setting next_dagrun for example_subdag_operator.section-2 to None, run_after=None
[2025-04-13T17:48:16.878+0000] {processor.py:183} INFO - Processing /home/airflow/.local/lib/python3.8/site-packages/airflow/example_dags/example_subdag_operator.py took 0.179 seconds
[2025-04-13T17:48:48.808+0000] {processor.py:161} INFO - Started process (PID=6660) to work on /home/airflow/.local/lib/python3.8/site-packages/airflow/example_dags/example_subdag_operator.py
[2025-04-13T17:48:48.810+0000] {processor.py:830} INFO - Processing file /home/airflow/.local/lib/python3.8/site-packages/airflow/example_dags/example_subdag_operator.py for tasks to queue
[2025-04-13T17:48:48.813+0000] {logging_mixin.py:188} INFO - [2025-04-13T17:48:48.813+0000] {dagbag.py:538} INFO - Filling up the DagBag from /home/airflow/.local/lib/python3.8/site-packages/airflow/example_dags/example_subdag_operator.py
[2025-04-13T17:48:48.859+0000] {processor.py:840} INFO - DAG(s) 'example_subdag_operator.section-1', 'example_subdag_operator.section-2', 'example_subdag_operator' retrieved from /home/airflow/.local/lib/python3.8/site-packages/airflow/example_dags/example_subdag_operator.py
[2025-04-13T17:48:48.906+0000] {logging_mixin.py:188} INFO - [2025-04-13T17:48:48.906+0000] {dag.py:3036} INFO - Sync 3 DAGs
[2025-04-13T17:48:48.954+0000] {logging_mixin.py:188} INFO - [2025-04-13T17:48:48.954+0000] {dag.py:3823} INFO - Setting next_dagrun for example_subdag_operator to 2022-01-01 00:00:00+00:00, run_after=2022-01-01 00:00:00+00:00
[2025-04-13T17:48:48.965+0000] {logging_mixin.py:188} INFO - [2025-04-13T17:48:48.963+0000] {dag.py:3823} INFO - Setting next_dagrun for example_subdag_operator.section-1 to None, run_after=None
[2025-04-13T17:48:48.968+0000] {logging_mixin.py:188} INFO - [2025-04-13T17:48:48.968+0000] {dag.py:3823} INFO - Setting next_dagrun for example_subdag_operator.section-2 to None, run_after=None
[2025-04-13T17:48:48.980+0000] {logging_mixin.py:188} INFO - [2025-04-13T17:48:48.980+0000] {dag.py:3036} INFO - Sync 2 DAGs
[2025-04-13T17:48:48.988+0000] {logging_mixin.py:188} INFO - [2025-04-13T17:48:48.988+0000] {dag.py:3823} INFO - Setting next_dagrun for example_subdag_operator.section-1 to None, run_after=None
[2025-04-13T17:48:48.989+0000] {logging_mixin.py:188} INFO - [2025-04-13T17:48:48.989+0000] {dag.py:3823} INFO - Setting next_dagrun for example_subdag_operator.section-2 to None, run_after=None
[2025-04-13T17:48:49.045+0000] {processor.py:183} INFO - Processing /home/airflow/.local/lib/python3.8/site-packages/airflow/example_dags/example_subdag_operator.py took 0.241 seconds
[2025-04-13T17:49:21.085+0000] {processor.py:161} INFO - Started process (PID=6716) to work on /home/airflow/.local/lib/python3.8/site-packages/airflow/example_dags/example_subdag_operator.py
[2025-04-13T17:49:21.087+0000] {processor.py:830} INFO - Processing file /home/airflow/.local/lib/python3.8/site-packages/airflow/example_dags/example_subdag_operator.py for tasks to queue
[2025-04-13T17:49:21.090+0000] {logging_mixin.py:188} INFO - [2025-04-13T17:49:21.090+0000] {dagbag.py:538} INFO - Filling up the DagBag from /home/airflow/.local/lib/python3.8/site-packages/airflow/example_dags/example_subdag_operator.py
[2025-04-13T17:49:21.131+0000] {processor.py:840} INFO - DAG(s) 'example_subdag_operator.section-1', 'example_subdag_operator.section-2', 'example_subdag_operator' retrieved from /home/airflow/.local/lib/python3.8/site-packages/airflow/example_dags/example_subdag_operator.py
[2025-04-13T17:49:21.161+0000] {logging_mixin.py:188} INFO - [2025-04-13T17:49:21.161+0000] {dag.py:3036} INFO - Sync 3 DAGs
[2025-04-13T17:49:21.205+0000] {logging_mixin.py:188} INFO - [2025-04-13T17:49:21.205+0000] {dag.py:3823} INFO - Setting next_dagrun for example_subdag_operator to 2022-01-01 00:00:00+00:00, run_after=2022-01-01 00:00:00+00:00
[2025-04-13T17:49:21.212+0000] {logging_mixin.py:188} INFO - [2025-04-13T17:49:21.211+0000] {dag.py:3823} INFO - Setting next_dagrun for example_subdag_operator.section-1 to None, run_after=None
[2025-04-13T17:49:21.215+0000] {logging_mixin.py:188} INFO - [2025-04-13T17:49:21.214+0000] {dag.py:3823} INFO - Setting next_dagrun for example_subdag_operator.section-2 to None, run_after=None
[2025-04-13T17:49:21.226+0000] {logging_mixin.py:188} INFO - [2025-04-13T17:49:21.226+0000] {dag.py:3036} INFO - Sync 2 DAGs
[2025-04-13T17:49:21.238+0000] {logging_mixin.py:188} INFO - [2025-04-13T17:49:21.238+0000] {dag.py:3823} INFO - Setting next_dagrun for example_subdag_operator.section-1 to None, run_after=None
[2025-04-13T17:49:21.239+0000] {logging_mixin.py:188} INFO - [2025-04-13T17:49:21.239+0000] {dag.py:3823} INFO - Setting next_dagrun for example_subdag_operator.section-2 to None, run_after=None
[2025-04-13T17:49:21.257+0000] {processor.py:183} INFO - Processing /home/airflow/.local/lib/python3.8/site-packages/airflow/example_dags/example_subdag_operator.py took 0.177 seconds
[2025-04-13T17:49:54.349+0000] {processor.py:161} INFO - Started process (PID=6772) to work on /home/airflow/.local/lib/python3.8/site-packages/airflow/example_dags/example_subdag_operator.py
[2025-04-13T17:49:54.350+0000] {processor.py:830} INFO - Processing file /home/airflow/.local/lib/python3.8/site-packages/airflow/example_dags/example_subdag_operator.py for tasks to queue
[2025-04-13T17:49:54.354+0000] {logging_mixin.py:188} INFO - [2025-04-13T17:49:54.353+0000] {dagbag.py:538} INFO - Filling up the DagBag from /home/airflow/.local/lib/python3.8/site-packages/airflow/example_dags/example_subdag_operator.py
[2025-04-13T17:49:54.394+0000] {processor.py:840} INFO - DAG(s) 'example_subdag_operator.section-1', 'example_subdag_operator.section-2', 'example_subdag_operator' retrieved from /home/airflow/.local/lib/python3.8/site-packages/airflow/example_dags/example_subdag_operator.py
[2025-04-13T17:49:54.417+0000] {logging_mixin.py:188} INFO - [2025-04-13T17:49:54.417+0000] {dag.py:3036} INFO - Sync 3 DAGs
[2025-04-13T17:49:54.449+0000] {logging_mixin.py:188} INFO - [2025-04-13T17:49:54.449+0000] {dag.py:3823} INFO - Setting next_dagrun for example_subdag_operator to 2022-01-01 00:00:00+00:00, run_after=2022-01-01 00:00:00+00:00
[2025-04-13T17:49:54.458+0000] {logging_mixin.py:188} INFO - [2025-04-13T17:49:54.458+0000] {dag.py:3823} INFO - Setting next_dagrun for example_subdag_operator.section-1 to None, run_after=None
[2025-04-13T17:49:54.461+0000] {logging_mixin.py:188} INFO - [2025-04-13T17:49:54.461+0000] {dag.py:3823} INFO - Setting next_dagrun for example_subdag_operator.section-2 to None, run_after=None
[2025-04-13T17:49:54.475+0000] {logging_mixin.py:188} INFO - [2025-04-13T17:49:54.475+0000] {dag.py:3036} INFO - Sync 2 DAGs
[2025-04-13T17:49:54.485+0000] {logging_mixin.py:188} INFO - [2025-04-13T17:49:54.485+0000] {dag.py:3823} INFO - Setting next_dagrun for example_subdag_operator.section-1 to None, run_after=None
[2025-04-13T17:49:54.486+0000] {logging_mixin.py:188} INFO - [2025-04-13T17:49:54.486+0000] {dag.py:3823} INFO - Setting next_dagrun for example_subdag_operator.section-2 to None, run_after=None
[2025-04-13T17:49:54.506+0000] {processor.py:183} INFO - Processing /home/airflow/.local/lib/python3.8/site-packages/airflow/example_dags/example_subdag_operator.py took 0.162 seconds
[2025-04-13T17:50:26.652+0000] {processor.py:161} INFO - Started process (PID=6828) to work on /home/airflow/.local/lib/python3.8/site-packages/airflow/example_dags/example_subdag_operator.py
[2025-04-13T17:50:26.653+0000] {processor.py:830} INFO - Processing file /home/airflow/.local/lib/python3.8/site-packages/airflow/example_dags/example_subdag_operator.py for tasks to queue
[2025-04-13T17:50:26.657+0000] {logging_mixin.py:188} INFO - [2025-04-13T17:50:26.657+0000] {dagbag.py:538} INFO - Filling up the DagBag from /home/airflow/.local/lib/python3.8/site-packages/airflow/example_dags/example_subdag_operator.py
[2025-04-13T17:50:26.703+0000] {processor.py:840} INFO - DAG(s) 'example_subdag_operator.section-1', 'example_subdag_operator.section-2', 'example_subdag_operator' retrieved from /home/airflow/.local/lib/python3.8/site-packages/airflow/example_dags/example_subdag_operator.py
[2025-04-13T17:50:26.733+0000] {logging_mixin.py:188} INFO - [2025-04-13T17:50:26.733+0000] {dag.py:3036} INFO - Sync 3 DAGs
[2025-04-13T17:50:26.802+0000] {logging_mixin.py:188} INFO - [2025-04-13T17:50:26.801+0000] {dag.py:3823} INFO - Setting next_dagrun for example_subdag_operator to 2022-01-01 00:00:00+00:00, run_after=2022-01-01 00:00:00+00:00
[2025-04-13T17:50:26.812+0000] {logging_mixin.py:188} INFO - [2025-04-13T17:50:26.811+0000] {dag.py:3823} INFO - Setting next_dagrun for example_subdag_operator.section-1 to None, run_after=None
[2025-04-13T17:50:26.815+0000] {logging_mixin.py:188} INFO - [2025-04-13T17:50:26.815+0000] {dag.py:3823} INFO - Setting next_dagrun for example_subdag_operator.section-2 to None, run_after=None
[2025-04-13T17:50:26.831+0000] {logging_mixin.py:188} INFO - [2025-04-13T17:50:26.830+0000] {dag.py:3036} INFO - Sync 2 DAGs
[2025-04-13T17:50:26.842+0000] {logging_mixin.py:188} INFO - [2025-04-13T17:50:26.842+0000] {dag.py:3823} INFO - Setting next_dagrun for example_subdag_operator.section-1 to None, run_after=None
[2025-04-13T17:50:26.844+0000] {logging_mixin.py:188} INFO - [2025-04-13T17:50:26.843+0000] {dag.py:3823} INFO - Setting next_dagrun for example_subdag_operator.section-2 to None, run_after=None
[2025-04-13T17:50:26.865+0000] {processor.py:183} INFO - Processing /home/airflow/.local/lib/python3.8/site-packages/airflow/example_dags/example_subdag_operator.py took 0.219 seconds
[2025-04-13T17:51:00.932+0000] {processor.py:161} INFO - Started process (PID=6885) to work on /home/airflow/.local/lib/python3.8/site-packages/airflow/example_dags/example_subdag_operator.py
[2025-04-13T17:51:00.939+0000] {processor.py:830} INFO - Processing file /home/airflow/.local/lib/python3.8/site-packages/airflow/example_dags/example_subdag_operator.py for tasks to queue
[2025-04-13T17:51:00.944+0000] {logging_mixin.py:188} INFO - [2025-04-13T17:51:00.943+0000] {dagbag.py:538} INFO - Filling up the DagBag from /home/airflow/.local/lib/python3.8/site-packages/airflow/example_dags/example_subdag_operator.py
[2025-04-13T17:51:01.011+0000] {processor.py:840} INFO - DAG(s) 'example_subdag_operator.section-1', 'example_subdag_operator.section-2', 'example_subdag_operator' retrieved from /home/airflow/.local/lib/python3.8/site-packages/airflow/example_dags/example_subdag_operator.py
[2025-04-13T17:51:01.062+0000] {logging_mixin.py:188} INFO - [2025-04-13T17:51:01.061+0000] {dag.py:3036} INFO - Sync 3 DAGs
[2025-04-13T17:51:01.164+0000] {logging_mixin.py:188} INFO - [2025-04-13T17:51:01.163+0000] {dag.py:3823} INFO - Setting next_dagrun for example_subdag_operator to 2022-01-01 00:00:00+00:00, run_after=2022-01-01 00:00:00+00:00
[2025-04-13T17:51:01.180+0000] {logging_mixin.py:188} INFO - [2025-04-13T17:51:01.179+0000] {dag.py:3823} INFO - Setting next_dagrun for example_subdag_operator.section-1 to None, run_after=None
[2025-04-13T17:51:01.183+0000] {logging_mixin.py:188} INFO - [2025-04-13T17:51:01.183+0000] {dag.py:3823} INFO - Setting next_dagrun for example_subdag_operator.section-2 to None, run_after=None
[2025-04-13T17:51:01.213+0000] {logging_mixin.py:188} INFO - [2025-04-13T17:51:01.212+0000] {dag.py:3036} INFO - Sync 2 DAGs
[2025-04-13T17:51:01.242+0000] {logging_mixin.py:188} INFO - [2025-04-13T17:51:01.241+0000] {dag.py:3823} INFO - Setting next_dagrun for example_subdag_operator.section-1 to None, run_after=None
[2025-04-13T17:51:01.244+0000] {logging_mixin.py:188} INFO - [2025-04-13T17:51:01.244+0000] {dag.py:3823} INFO - Setting next_dagrun for example_subdag_operator.section-2 to None, run_after=None
[2025-04-13T17:51:01.325+0000] {processor.py:183} INFO - Processing /home/airflow/.local/lib/python3.8/site-packages/airflow/example_dags/example_subdag_operator.py took 0.399 seconds
[2025-04-13T17:51:31.996+0000] {processor.py:161} INFO - Started process (PID=6941) to work on /home/airflow/.local/lib/python3.8/site-packages/airflow/example_dags/example_subdag_operator.py
[2025-04-13T17:51:31.997+0000] {processor.py:830} INFO - Processing file /home/airflow/.local/lib/python3.8/site-packages/airflow/example_dags/example_subdag_operator.py for tasks to queue
[2025-04-13T17:51:32.001+0000] {logging_mixin.py:188} INFO - [2025-04-13T17:51:32.000+0000] {dagbag.py:538} INFO - Filling up the DagBag from /home/airflow/.local/lib/python3.8/site-packages/airflow/example_dags/example_subdag_operator.py
[2025-04-13T17:51:32.037+0000] {processor.py:840} INFO - DAG(s) 'example_subdag_operator.section-1', 'example_subdag_operator.section-2', 'example_subdag_operator' retrieved from /home/airflow/.local/lib/python3.8/site-packages/airflow/example_dags/example_subdag_operator.py
[2025-04-13T17:51:32.058+0000] {logging_mixin.py:188} INFO - [2025-04-13T17:51:32.058+0000] {dag.py:3036} INFO - Sync 3 DAGs
[2025-04-13T17:51:32.091+0000] {logging_mixin.py:188} INFO - [2025-04-13T17:51:32.091+0000] {dag.py:3823} INFO - Setting next_dagrun for example_subdag_operator to 2022-01-01 00:00:00+00:00, run_after=2022-01-01 00:00:00+00:00
[2025-04-13T17:51:32.096+0000] {logging_mixin.py:188} INFO - [2025-04-13T17:51:32.096+0000] {dag.py:3823} INFO - Setting next_dagrun for example_subdag_operator.section-1 to None, run_after=None
[2025-04-13T17:51:32.101+0000] {logging_mixin.py:188} INFO - [2025-04-13T17:51:32.100+0000] {dag.py:3823} INFO - Setting next_dagrun for example_subdag_operator.section-2 to None, run_after=None
[2025-04-13T17:51:32.113+0000] {logging_mixin.py:188} INFO - [2025-04-13T17:51:32.113+0000] {dag.py:3036} INFO - Sync 2 DAGs
[2025-04-13T17:51:32.121+0000] {logging_mixin.py:188} INFO - [2025-04-13T17:51:32.120+0000] {dag.py:3823} INFO - Setting next_dagrun for example_subdag_operator.section-1 to None, run_after=None
[2025-04-13T17:51:32.122+0000] {logging_mixin.py:188} INFO - [2025-04-13T17:51:32.121+0000] {dag.py:3823} INFO - Setting next_dagrun for example_subdag_operator.section-2 to None, run_after=None
[2025-04-13T17:51:32.134+0000] {processor.py:183} INFO - Processing /home/airflow/.local/lib/python3.8/site-packages/airflow/example_dags/example_subdag_operator.py took 0.143 seconds
[2025-04-13T17:52:04.301+0000] {processor.py:161} INFO - Started process (PID=6996) to work on /home/airflow/.local/lib/python3.8/site-packages/airflow/example_dags/example_subdag_operator.py
[2025-04-13T17:52:04.303+0000] {processor.py:830} INFO - Processing file /home/airflow/.local/lib/python3.8/site-packages/airflow/example_dags/example_subdag_operator.py for tasks to queue
[2025-04-13T17:52:04.307+0000] {logging_mixin.py:188} INFO - [2025-04-13T17:52:04.305+0000] {dagbag.py:538} INFO - Filling up the DagBag from /home/airflow/.local/lib/python3.8/site-packages/airflow/example_dags/example_subdag_operator.py
[2025-04-13T17:52:04.345+0000] {processor.py:840} INFO - DAG(s) 'example_subdag_operator.section-1', 'example_subdag_operator.section-2', 'example_subdag_operator' retrieved from /home/airflow/.local/lib/python3.8/site-packages/airflow/example_dags/example_subdag_operator.py
[2025-04-13T17:52:04.374+0000] {logging_mixin.py:188} INFO - [2025-04-13T17:52:04.373+0000] {dag.py:3036} INFO - Sync 3 DAGs
[2025-04-13T17:52:04.410+0000] {logging_mixin.py:188} INFO - [2025-04-13T17:52:04.409+0000] {dag.py:3823} INFO - Setting next_dagrun for example_subdag_operator to 2022-01-01 00:00:00+00:00, run_after=2022-01-01 00:00:00+00:00
[2025-04-13T17:52:04.416+0000] {logging_mixin.py:188} INFO - [2025-04-13T17:52:04.416+0000] {dag.py:3823} INFO - Setting next_dagrun for example_subdag_operator.section-1 to None, run_after=None
[2025-04-13T17:52:04.418+0000] {logging_mixin.py:188} INFO - [2025-04-13T17:52:04.418+0000] {dag.py:3823} INFO - Setting next_dagrun for example_subdag_operator.section-2 to None, run_after=None
[2025-04-13T17:52:04.427+0000] {logging_mixin.py:188} INFO - [2025-04-13T17:52:04.427+0000] {dag.py:3036} INFO - Sync 2 DAGs
[2025-04-13T17:52:04.435+0000] {logging_mixin.py:188} INFO - [2025-04-13T17:52:04.434+0000] {dag.py:3823} INFO - Setting next_dagrun for example_subdag_operator.section-1 to None, run_after=None
[2025-04-13T17:52:04.435+0000] {logging_mixin.py:188} INFO - [2025-04-13T17:52:04.435+0000] {dag.py:3823} INFO - Setting next_dagrun for example_subdag_operator.section-2 to None, run_after=None
[2025-04-13T17:52:04.459+0000] {processor.py:183} INFO - Processing /home/airflow/.local/lib/python3.8/site-packages/airflow/example_dags/example_subdag_operator.py took 0.163 seconds
[2025-04-13T17:52:37.356+0000] {processor.py:161} INFO - Started process (PID=7054) to work on /home/airflow/.local/lib/python3.8/site-packages/airflow/example_dags/example_subdag_operator.py
[2025-04-13T17:52:37.362+0000] {processor.py:830} INFO - Processing file /home/airflow/.local/lib/python3.8/site-packages/airflow/example_dags/example_subdag_operator.py for tasks to queue
[2025-04-13T17:52:37.373+0000] {logging_mixin.py:188} INFO - [2025-04-13T17:52:37.372+0000] {dagbag.py:538} INFO - Filling up the DagBag from /home/airflow/.local/lib/python3.8/site-packages/airflow/example_dags/example_subdag_operator.py
[2025-04-13T17:52:37.502+0000] {processor.py:840} INFO - DAG(s) 'example_subdag_operator.section-1', 'example_subdag_operator.section-2', 'example_subdag_operator' retrieved from /home/airflow/.local/lib/python3.8/site-packages/airflow/example_dags/example_subdag_operator.py
[2025-04-13T17:52:37.568+0000] {logging_mixin.py:188} INFO - [2025-04-13T17:52:37.568+0000] {dag.py:3036} INFO - Sync 3 DAGs
[2025-04-13T17:52:37.606+0000] {logging_mixin.py:188} INFO - [2025-04-13T17:52:37.605+0000] {dag.py:3823} INFO - Setting next_dagrun for example_subdag_operator to 2022-01-01 00:00:00+00:00, run_after=2022-01-01 00:00:00+00:00
[2025-04-13T17:52:37.611+0000] {logging_mixin.py:188} INFO - [2025-04-13T17:52:37.610+0000] {dag.py:3823} INFO - Setting next_dagrun for example_subdag_operator.section-1 to None, run_after=None
[2025-04-13T17:52:37.613+0000] {logging_mixin.py:188} INFO - [2025-04-13T17:52:37.613+0000] {dag.py:3823} INFO - Setting next_dagrun for example_subdag_operator.section-2 to None, run_after=None
[2025-04-13T17:52:37.623+0000] {logging_mixin.py:188} INFO - [2025-04-13T17:52:37.622+0000] {dag.py:3036} INFO - Sync 2 DAGs
[2025-04-13T17:52:37.631+0000] {logging_mixin.py:188} INFO - [2025-04-13T17:52:37.630+0000] {dag.py:3823} INFO - Setting next_dagrun for example_subdag_operator.section-1 to None, run_after=None
[2025-04-13T17:52:37.631+0000] {logging_mixin.py:188} INFO - [2025-04-13T17:52:37.631+0000] {dag.py:3823} INFO - Setting next_dagrun for example_subdag_operator.section-2 to None, run_after=None
[2025-04-13T17:52:37.692+0000] {processor.py:183} INFO - Processing /home/airflow/.local/lib/python3.8/site-packages/airflow/example_dags/example_subdag_operator.py took 0.356 seconds
[2025-04-13T17:53:09.169+0000] {processor.py:161} INFO - Started process (PID=7110) to work on /home/airflow/.local/lib/python3.8/site-packages/airflow/example_dags/example_subdag_operator.py
[2025-04-13T17:53:09.170+0000] {processor.py:830} INFO - Processing file /home/airflow/.local/lib/python3.8/site-packages/airflow/example_dags/example_subdag_operator.py for tasks to queue
[2025-04-13T17:53:09.174+0000] {logging_mixin.py:188} INFO - [2025-04-13T17:53:09.173+0000] {dagbag.py:538} INFO - Filling up the DagBag from /home/airflow/.local/lib/python3.8/site-packages/airflow/example_dags/example_subdag_operator.py
[2025-04-13T17:53:09.215+0000] {processor.py:840} INFO - DAG(s) 'example_subdag_operator.section-1', 'example_subdag_operator.section-2', 'example_subdag_operator' retrieved from /home/airflow/.local/lib/python3.8/site-packages/airflow/example_dags/example_subdag_operator.py
[2025-04-13T17:53:09.241+0000] {logging_mixin.py:188} INFO - [2025-04-13T17:53:09.241+0000] {dag.py:3036} INFO - Sync 3 DAGs
[2025-04-13T17:53:09.281+0000] {logging_mixin.py:188} INFO - [2025-04-13T17:53:09.281+0000] {dag.py:3823} INFO - Setting next_dagrun for example_subdag_operator to 2022-01-01 00:00:00+00:00, run_after=2022-01-01 00:00:00+00:00
[2025-04-13T17:53:09.288+0000] {logging_mixin.py:188} INFO - [2025-04-13T17:53:09.287+0000] {dag.py:3823} INFO - Setting next_dagrun for example_subdag_operator.section-1 to None, run_after=None
[2025-04-13T17:53:09.290+0000] {logging_mixin.py:188} INFO - [2025-04-13T17:53:09.290+0000] {dag.py:3823} INFO - Setting next_dagrun for example_subdag_operator.section-2 to None, run_after=None
[2025-04-13T17:53:09.307+0000] {logging_mixin.py:188} INFO - [2025-04-13T17:53:09.307+0000] {dag.py:3036} INFO - Sync 2 DAGs
[2025-04-13T17:53:09.325+0000] {logging_mixin.py:188} INFO - [2025-04-13T17:53:09.325+0000] {dag.py:3823} INFO - Setting next_dagrun for example_subdag_operator.section-1 to None, run_after=None
[2025-04-13T17:53:09.326+0000] {logging_mixin.py:188} INFO - [2025-04-13T17:53:09.326+0000] {dag.py:3823} INFO - Setting next_dagrun for example_subdag_operator.section-2 to None, run_after=None
[2025-04-13T17:53:09.353+0000] {processor.py:183} INFO - Processing /home/airflow/.local/lib/python3.8/site-packages/airflow/example_dags/example_subdag_operator.py took 0.190 seconds
[2025-04-13T17:53:43.691+0000] {processor.py:161} INFO - Started process (PID=7174) to work on /home/airflow/.local/lib/python3.8/site-packages/airflow/example_dags/example_subdag_operator.py
[2025-04-13T17:53:43.693+0000] {processor.py:830} INFO - Processing file /home/airflow/.local/lib/python3.8/site-packages/airflow/example_dags/example_subdag_operator.py for tasks to queue
[2025-04-13T17:53:43.696+0000] {logging_mixin.py:188} INFO - [2025-04-13T17:53:43.696+0000] {dagbag.py:538} INFO - Filling up the DagBag from /home/airflow/.local/lib/python3.8/site-packages/airflow/example_dags/example_subdag_operator.py
[2025-04-13T17:53:43.740+0000] {processor.py:840} INFO - DAG(s) 'example_subdag_operator.section-1', 'example_subdag_operator.section-2', 'example_subdag_operator' retrieved from /home/airflow/.local/lib/python3.8/site-packages/airflow/example_dags/example_subdag_operator.py
[2025-04-13T17:53:43.768+0000] {logging_mixin.py:188} INFO - [2025-04-13T17:53:43.768+0000] {dag.py:3036} INFO - Sync 3 DAGs
[2025-04-13T17:53:43.801+0000] {logging_mixin.py:188} INFO - [2025-04-13T17:53:43.801+0000] {dag.py:3823} INFO - Setting next_dagrun for example_subdag_operator to 2022-01-01 00:00:00+00:00, run_after=2022-01-01 00:00:00+00:00
[2025-04-13T17:53:43.806+0000] {logging_mixin.py:188} INFO - [2025-04-13T17:53:43.806+0000] {dag.py:3823} INFO - Setting next_dagrun for example_subdag_operator.section-1 to None, run_after=None
[2025-04-13T17:53:43.809+0000] {logging_mixin.py:188} INFO - [2025-04-13T17:53:43.808+0000] {dag.py:3823} INFO - Setting next_dagrun for example_subdag_operator.section-2 to None, run_after=None
[2025-04-13T17:53:43.824+0000] {logging_mixin.py:188} INFO - [2025-04-13T17:53:43.823+0000] {dag.py:3036} INFO - Sync 2 DAGs
[2025-04-13T17:53:43.832+0000] {logging_mixin.py:188} INFO - [2025-04-13T17:53:43.832+0000] {dag.py:3823} INFO - Setting next_dagrun for example_subdag_operator.section-1 to None, run_after=None
[2025-04-13T17:53:43.833+0000] {logging_mixin.py:188} INFO - [2025-04-13T17:53:43.833+0000] {dag.py:3823} INFO - Setting next_dagrun for example_subdag_operator.section-2 to None, run_after=None
[2025-04-13T17:53:43.863+0000] {processor.py:183} INFO - Processing /home/airflow/.local/lib/python3.8/site-packages/airflow/example_dags/example_subdag_operator.py took 0.179 seconds
[2025-04-13T17:54:15.449+0000] {processor.py:161} INFO - Started process (PID=7230) to work on /home/airflow/.local/lib/python3.8/site-packages/airflow/example_dags/example_subdag_operator.py
[2025-04-13T17:54:15.450+0000] {processor.py:830} INFO - Processing file /home/airflow/.local/lib/python3.8/site-packages/airflow/example_dags/example_subdag_operator.py for tasks to queue
[2025-04-13T17:54:15.453+0000] {logging_mixin.py:188} INFO - [2025-04-13T17:54:15.453+0000] {dagbag.py:538} INFO - Filling up the DagBag from /home/airflow/.local/lib/python3.8/site-packages/airflow/example_dags/example_subdag_operator.py
[2025-04-13T17:54:15.487+0000] {processor.py:840} INFO - DAG(s) 'example_subdag_operator.section-1', 'example_subdag_operator.section-2', 'example_subdag_operator' retrieved from /home/airflow/.local/lib/python3.8/site-packages/airflow/example_dags/example_subdag_operator.py
[2025-04-13T17:54:15.512+0000] {logging_mixin.py:188} INFO - [2025-04-13T17:54:15.511+0000] {dag.py:3036} INFO - Sync 3 DAGs
[2025-04-13T17:54:15.545+0000] {logging_mixin.py:188} INFO - [2025-04-13T17:54:15.545+0000] {dag.py:3823} INFO - Setting next_dagrun for example_subdag_operator to 2022-01-01 00:00:00+00:00, run_after=2022-01-01 00:00:00+00:00
[2025-04-13T17:54:15.555+0000] {logging_mixin.py:188} INFO - [2025-04-13T17:54:15.555+0000] {dag.py:3823} INFO - Setting next_dagrun for example_subdag_operator.section-1 to None, run_after=None
[2025-04-13T17:54:15.558+0000] {logging_mixin.py:188} INFO - [2025-04-13T17:54:15.558+0000] {dag.py:3823} INFO - Setting next_dagrun for example_subdag_operator.section-2 to None, run_after=None
[2025-04-13T17:54:15.576+0000] {logging_mixin.py:188} INFO - [2025-04-13T17:54:15.576+0000] {dag.py:3036} INFO - Sync 2 DAGs
[2025-04-13T17:54:15.584+0000] {logging_mixin.py:188} INFO - [2025-04-13T17:54:15.584+0000] {dag.py:3823} INFO - Setting next_dagrun for example_subdag_operator.section-1 to None, run_after=None
[2025-04-13T17:54:15.585+0000] {logging_mixin.py:188} INFO - [2025-04-13T17:54:15.585+0000] {dag.py:3823} INFO - Setting next_dagrun for example_subdag_operator.section-2 to None, run_after=None
[2025-04-13T17:54:15.604+0000] {processor.py:183} INFO - Processing /home/airflow/.local/lib/python3.8/site-packages/airflow/example_dags/example_subdag_operator.py took 0.159 seconds
[2025-04-13T17:54:48.805+0000] {processor.py:161} INFO - Started process (PID=7293) to work on /home/airflow/.local/lib/python3.8/site-packages/airflow/example_dags/example_subdag_operator.py
[2025-04-13T17:54:48.807+0000] {processor.py:830} INFO - Processing file /home/airflow/.local/lib/python3.8/site-packages/airflow/example_dags/example_subdag_operator.py for tasks to queue
[2025-04-13T17:54:48.811+0000] {logging_mixin.py:188} INFO - [2025-04-13T17:54:48.810+0000] {dagbag.py:538} INFO - Filling up the DagBag from /home/airflow/.local/lib/python3.8/site-packages/airflow/example_dags/example_subdag_operator.py
[2025-04-13T17:54:48.851+0000] {processor.py:840} INFO - DAG(s) 'example_subdag_operator.section-1', 'example_subdag_operator.section-2', 'example_subdag_operator' retrieved from /home/airflow/.local/lib/python3.8/site-packages/airflow/example_dags/example_subdag_operator.py
[2025-04-13T17:54:48.878+0000] {logging_mixin.py:188} INFO - [2025-04-13T17:54:48.878+0000] {dag.py:3036} INFO - Sync 3 DAGs
[2025-04-13T17:54:48.908+0000] {logging_mixin.py:188} INFO - [2025-04-13T17:54:48.908+0000] {dag.py:3823} INFO - Setting next_dagrun for example_subdag_operator to 2022-01-01 00:00:00+00:00, run_after=2022-01-01 00:00:00+00:00
[2025-04-13T17:54:48.913+0000] {logging_mixin.py:188} INFO - [2025-04-13T17:54:48.912+0000] {dag.py:3823} INFO - Setting next_dagrun for example_subdag_operator.section-1 to None, run_after=None
[2025-04-13T17:54:48.915+0000] {logging_mixin.py:188} INFO - [2025-04-13T17:54:48.914+0000] {dag.py:3823} INFO - Setting next_dagrun for example_subdag_operator.section-2 to None, run_after=None
[2025-04-13T17:54:48.924+0000] {logging_mixin.py:188} INFO - [2025-04-13T17:54:48.924+0000] {dag.py:3036} INFO - Sync 2 DAGs
[2025-04-13T17:54:48.931+0000] {logging_mixin.py:188} INFO - [2025-04-13T17:54:48.931+0000] {dag.py:3823} INFO - Setting next_dagrun for example_subdag_operator.section-1 to None, run_after=None
[2025-04-13T17:54:48.932+0000] {logging_mixin.py:188} INFO - [2025-04-13T17:54:48.932+0000] {dag.py:3823} INFO - Setting next_dagrun for example_subdag_operator.section-2 to None, run_after=None
[2025-04-13T17:54:49.024+0000] {processor.py:183} INFO - Processing /home/airflow/.local/lib/python3.8/site-packages/airflow/example_dags/example_subdag_operator.py took 0.225 seconds
[2025-04-13T17:55:21.802+0000] {processor.py:161} INFO - Started process (PID=7348) to work on /home/airflow/.local/lib/python3.8/site-packages/airflow/example_dags/example_subdag_operator.py
[2025-04-13T17:55:21.804+0000] {processor.py:830} INFO - Processing file /home/airflow/.local/lib/python3.8/site-packages/airflow/example_dags/example_subdag_operator.py for tasks to queue
[2025-04-13T17:55:21.807+0000] {logging_mixin.py:188} INFO - [2025-04-13T17:55:21.807+0000] {dagbag.py:538} INFO - Filling up the DagBag from /home/airflow/.local/lib/python3.8/site-packages/airflow/example_dags/example_subdag_operator.py
[2025-04-13T17:55:21.841+0000] {processor.py:840} INFO - DAG(s) 'example_subdag_operator.section-1', 'example_subdag_operator.section-2', 'example_subdag_operator' retrieved from /home/airflow/.local/lib/python3.8/site-packages/airflow/example_dags/example_subdag_operator.py
[2025-04-13T17:55:21.866+0000] {logging_mixin.py:188} INFO - [2025-04-13T17:55:21.866+0000] {dag.py:3036} INFO - Sync 3 DAGs
[2025-04-13T17:55:21.898+0000] {logging_mixin.py:188} INFO - [2025-04-13T17:55:21.898+0000] {dag.py:3823} INFO - Setting next_dagrun for example_subdag_operator to 2022-01-01 00:00:00+00:00, run_after=2022-01-01 00:00:00+00:00
[2025-04-13T17:55:21.903+0000] {logging_mixin.py:188} INFO - [2025-04-13T17:55:21.903+0000] {dag.py:3823} INFO - Setting next_dagrun for example_subdag_operator.section-1 to None, run_after=None
[2025-04-13T17:55:21.906+0000] {logging_mixin.py:188} INFO - [2025-04-13T17:55:21.906+0000] {dag.py:3823} INFO - Setting next_dagrun for example_subdag_operator.section-2 to None, run_after=None
[2025-04-13T17:55:21.917+0000] {logging_mixin.py:188} INFO - [2025-04-13T17:55:21.917+0000] {dag.py:3036} INFO - Sync 2 DAGs
[2025-04-13T17:55:21.925+0000] {logging_mixin.py:188} INFO - [2025-04-13T17:55:21.925+0000] {dag.py:3823} INFO - Setting next_dagrun for example_subdag_operator.section-1 to None, run_after=None
[2025-04-13T17:55:21.926+0000] {logging_mixin.py:188} INFO - [2025-04-13T17:55:21.926+0000] {dag.py:3823} INFO - Setting next_dagrun for example_subdag_operator.section-2 to None, run_after=None
[2025-04-13T17:55:22.007+0000] {processor.py:183} INFO - Processing /home/airflow/.local/lib/python3.8/site-packages/airflow/example_dags/example_subdag_operator.py took 0.211 seconds
[2025-04-13T17:55:54.848+0000] {processor.py:161} INFO - Started process (PID=7404) to work on /home/airflow/.local/lib/python3.8/site-packages/airflow/example_dags/example_subdag_operator.py
[2025-04-13T17:55:54.850+0000] {processor.py:830} INFO - Processing file /home/airflow/.local/lib/python3.8/site-packages/airflow/example_dags/example_subdag_operator.py for tasks to queue
[2025-04-13T17:55:54.852+0000] {logging_mixin.py:188} INFO - [2025-04-13T17:55:54.852+0000] {dagbag.py:538} INFO - Filling up the DagBag from /home/airflow/.local/lib/python3.8/site-packages/airflow/example_dags/example_subdag_operator.py
[2025-04-13T17:55:54.891+0000] {processor.py:840} INFO - DAG(s) 'example_subdag_operator.section-1', 'example_subdag_operator.section-2', 'example_subdag_operator' retrieved from /home/airflow/.local/lib/python3.8/site-packages/airflow/example_dags/example_subdag_operator.py
[2025-04-13T17:55:54.924+0000] {logging_mixin.py:188} INFO - [2025-04-13T17:55:54.923+0000] {dag.py:3036} INFO - Sync 3 DAGs
[2025-04-13T17:55:55.019+0000] {logging_mixin.py:188} INFO - [2025-04-13T17:55:55.018+0000] {dag.py:3823} INFO - Setting next_dagrun for example_subdag_operator to 2022-01-01 00:00:00+00:00, run_after=2022-01-01 00:00:00+00:00
[2025-04-13T17:55:55.026+0000] {logging_mixin.py:188} INFO - [2025-04-13T17:55:55.025+0000] {dag.py:3823} INFO - Setting next_dagrun for example_subdag_operator.section-1 to None, run_after=None
[2025-04-13T17:55:55.029+0000] {logging_mixin.py:188} INFO - [2025-04-13T17:55:55.029+0000] {dag.py:3823} INFO - Setting next_dagrun for example_subdag_operator.section-2 to None, run_after=None
[2025-04-13T17:55:55.042+0000] {logging_mixin.py:188} INFO - [2025-04-13T17:55:55.042+0000] {dag.py:3036} INFO - Sync 2 DAGs
[2025-04-13T17:55:55.053+0000] {logging_mixin.py:188} INFO - [2025-04-13T17:55:55.052+0000] {dag.py:3823} INFO - Setting next_dagrun for example_subdag_operator.section-1 to None, run_after=None
[2025-04-13T17:55:55.054+0000] {logging_mixin.py:188} INFO - [2025-04-13T17:55:55.053+0000] {dag.py:3823} INFO - Setting next_dagrun for example_subdag_operator.section-2 to None, run_after=None
[2025-04-13T17:55:55.072+0000] {processor.py:183} INFO - Processing /home/airflow/.local/lib/python3.8/site-packages/airflow/example_dags/example_subdag_operator.py took 0.229 seconds
[2025-04-13T17:56:26.555+0000] {processor.py:161} INFO - Started process (PID=7460) to work on /home/airflow/.local/lib/python3.8/site-packages/airflow/example_dags/example_subdag_operator.py
[2025-04-13T17:56:26.557+0000] {processor.py:830} INFO - Processing file /home/airflow/.local/lib/python3.8/site-packages/airflow/example_dags/example_subdag_operator.py for tasks to queue
[2025-04-13T17:56:26.559+0000] {logging_mixin.py:188} INFO - [2025-04-13T17:56:26.559+0000] {dagbag.py:538} INFO - Filling up the DagBag from /home/airflow/.local/lib/python3.8/site-packages/airflow/example_dags/example_subdag_operator.py
[2025-04-13T17:56:26.598+0000] {processor.py:840} INFO - DAG(s) 'example_subdag_operator.section-1', 'example_subdag_operator.section-2', 'example_subdag_operator' retrieved from /home/airflow/.local/lib/python3.8/site-packages/airflow/example_dags/example_subdag_operator.py
[2025-04-13T17:56:26.625+0000] {logging_mixin.py:188} INFO - [2025-04-13T17:56:26.624+0000] {dag.py:3036} INFO - Sync 3 DAGs
[2025-04-13T17:56:26.663+0000] {logging_mixin.py:188} INFO - [2025-04-13T17:56:26.663+0000] {dag.py:3823} INFO - Setting next_dagrun for example_subdag_operator to 2022-01-01 00:00:00+00:00, run_after=2022-01-01 00:00:00+00:00
[2025-04-13T17:56:26.669+0000] {logging_mixin.py:188} INFO - [2025-04-13T17:56:26.669+0000] {dag.py:3823} INFO - Setting next_dagrun for example_subdag_operator.section-1 to None, run_after=None
[2025-04-13T17:56:26.671+0000] {logging_mixin.py:188} INFO - [2025-04-13T17:56:26.671+0000] {dag.py:3823} INFO - Setting next_dagrun for example_subdag_operator.section-2 to None, run_after=None
[2025-04-13T17:56:26.681+0000] {logging_mixin.py:188} INFO - [2025-04-13T17:56:26.681+0000] {dag.py:3036} INFO - Sync 2 DAGs
[2025-04-13T17:56:26.688+0000] {logging_mixin.py:188} INFO - [2025-04-13T17:56:26.688+0000] {dag.py:3823} INFO - Setting next_dagrun for example_subdag_operator.section-1 to None, run_after=None
[2025-04-13T17:56:26.689+0000] {logging_mixin.py:188} INFO - [2025-04-13T17:56:26.689+0000] {dag.py:3823} INFO - Setting next_dagrun for example_subdag_operator.section-2 to None, run_after=None
[2025-04-13T17:56:26.746+0000] {processor.py:183} INFO - Processing /home/airflow/.local/lib/python3.8/site-packages/airflow/example_dags/example_subdag_operator.py took 0.196 seconds
[2025-04-13T17:56:59.793+0000] {processor.py:161} INFO - Started process (PID=7516) to work on /home/airflow/.local/lib/python3.8/site-packages/airflow/example_dags/example_subdag_operator.py
[2025-04-13T17:56:59.795+0000] {processor.py:830} INFO - Processing file /home/airflow/.local/lib/python3.8/site-packages/airflow/example_dags/example_subdag_operator.py for tasks to queue
[2025-04-13T17:56:59.800+0000] {logging_mixin.py:188} INFO - [2025-04-13T17:56:59.799+0000] {dagbag.py:538} INFO - Filling up the DagBag from /home/airflow/.local/lib/python3.8/site-packages/airflow/example_dags/example_subdag_operator.py
[2025-04-13T17:56:59.857+0000] {processor.py:840} INFO - DAG(s) 'example_subdag_operator.section-1', 'example_subdag_operator.section-2', 'example_subdag_operator' retrieved from /home/airflow/.local/lib/python3.8/site-packages/airflow/example_dags/example_subdag_operator.py
[2025-04-13T17:56:59.887+0000] {logging_mixin.py:188} INFO - [2025-04-13T17:56:59.887+0000] {dag.py:3036} INFO - Sync 3 DAGs
[2025-04-13T17:56:59.920+0000] {logging_mixin.py:188} INFO - [2025-04-13T17:56:59.920+0000] {dag.py:3823} INFO - Setting next_dagrun for example_subdag_operator to 2022-01-01 00:00:00+00:00, run_after=2022-01-01 00:00:00+00:00
[2025-04-13T17:56:59.924+0000] {logging_mixin.py:188} INFO - [2025-04-13T17:56:59.924+0000] {dag.py:3823} INFO - Setting next_dagrun for example_subdag_operator.section-1 to None, run_after=None
[2025-04-13T17:56:59.926+0000] {logging_mixin.py:188} INFO - [2025-04-13T17:56:59.926+0000] {dag.py:3823} INFO - Setting next_dagrun for example_subdag_operator.section-2 to None, run_after=None
[2025-04-13T17:56:59.938+0000] {logging_mixin.py:188} INFO - [2025-04-13T17:56:59.938+0000] {dag.py:3036} INFO - Sync 2 DAGs
[2025-04-13T17:56:59.952+0000] {logging_mixin.py:188} INFO - [2025-04-13T17:56:59.952+0000] {dag.py:3823} INFO - Setting next_dagrun for example_subdag_operator.section-1 to None, run_after=None
[2025-04-13T17:56:59.954+0000] {logging_mixin.py:188} INFO - [2025-04-13T17:56:59.954+0000] {dag.py:3823} INFO - Setting next_dagrun for example_subdag_operator.section-2 to None, run_after=None
[2025-04-13T17:56:59.995+0000] {processor.py:183} INFO - Processing /home/airflow/.local/lib/python3.8/site-packages/airflow/example_dags/example_subdag_operator.py took 0.208 seconds
[2025-04-13T17:57:32.046+0000] {processor.py:161} INFO - Started process (PID=7572) to work on /home/airflow/.local/lib/python3.8/site-packages/airflow/example_dags/example_subdag_operator.py
[2025-04-13T17:57:32.047+0000] {processor.py:830} INFO - Processing file /home/airflow/.local/lib/python3.8/site-packages/airflow/example_dags/example_subdag_operator.py for tasks to queue
[2025-04-13T17:57:32.050+0000] {logging_mixin.py:188} INFO - [2025-04-13T17:57:32.050+0000] {dagbag.py:538} INFO - Filling up the DagBag from /home/airflow/.local/lib/python3.8/site-packages/airflow/example_dags/example_subdag_operator.py
[2025-04-13T17:57:32.088+0000] {processor.py:840} INFO - DAG(s) 'example_subdag_operator.section-1', 'example_subdag_operator.section-2', 'example_subdag_operator' retrieved from /home/airflow/.local/lib/python3.8/site-packages/airflow/example_dags/example_subdag_operator.py
[2025-04-13T17:57:32.120+0000] {logging_mixin.py:188} INFO - [2025-04-13T17:57:32.119+0000] {dag.py:3036} INFO - Sync 3 DAGs
[2025-04-13T17:57:32.168+0000] {logging_mixin.py:188} INFO - [2025-04-13T17:57:32.167+0000] {dag.py:3823} INFO - Setting next_dagrun for example_subdag_operator to 2022-01-01 00:00:00+00:00, run_after=2022-01-01 00:00:00+00:00
[2025-04-13T17:57:32.174+0000] {logging_mixin.py:188} INFO - [2025-04-13T17:57:32.174+0000] {dag.py:3823} INFO - Setting next_dagrun for example_subdag_operator.section-1 to None, run_after=None
[2025-04-13T17:57:32.178+0000] {logging_mixin.py:188} INFO - [2025-04-13T17:57:32.178+0000] {dag.py:3823} INFO - Setting next_dagrun for example_subdag_operator.section-2 to None, run_after=None
[2025-04-13T17:57:32.209+0000] {logging_mixin.py:188} INFO - [2025-04-13T17:57:32.208+0000] {dag.py:3036} INFO - Sync 2 DAGs
[2025-04-13T17:57:32.229+0000] {logging_mixin.py:188} INFO - [2025-04-13T17:57:32.228+0000] {dag.py:3823} INFO - Setting next_dagrun for example_subdag_operator.section-1 to None, run_after=None
[2025-04-13T17:57:32.231+0000] {logging_mixin.py:188} INFO - [2025-04-13T17:57:32.231+0000] {dag.py:3823} INFO - Setting next_dagrun for example_subdag_operator.section-2 to None, run_after=None
[2025-04-13T17:57:32.281+0000] {processor.py:183} INFO - Processing /home/airflow/.local/lib/python3.8/site-packages/airflow/example_dags/example_subdag_operator.py took 0.240 seconds
[2025-04-13T17:58:02.972+0000] {processor.py:161} INFO - Started process (PID=7628) to work on /home/airflow/.local/lib/python3.8/site-packages/airflow/example_dags/example_subdag_operator.py
[2025-04-13T17:58:02.974+0000] {processor.py:830} INFO - Processing file /home/airflow/.local/lib/python3.8/site-packages/airflow/example_dags/example_subdag_operator.py for tasks to queue
[2025-04-13T17:58:02.978+0000] {logging_mixin.py:188} INFO - [2025-04-13T17:58:02.977+0000] {dagbag.py:538} INFO - Filling up the DagBag from /home/airflow/.local/lib/python3.8/site-packages/airflow/example_dags/example_subdag_operator.py
[2025-04-13T17:58:03.043+0000] {processor.py:840} INFO - DAG(s) 'example_subdag_operator.section-1', 'example_subdag_operator.section-2', 'example_subdag_operator' retrieved from /home/airflow/.local/lib/python3.8/site-packages/airflow/example_dags/example_subdag_operator.py
[2025-04-13T17:58:03.092+0000] {logging_mixin.py:188} INFO - [2025-04-13T17:58:03.092+0000] {dag.py:3036} INFO - Sync 3 DAGs
[2025-04-13T17:58:03.152+0000] {logging_mixin.py:188} INFO - [2025-04-13T17:58:03.152+0000] {dag.py:3823} INFO - Setting next_dagrun for example_subdag_operator to 2022-01-01 00:00:00+00:00, run_after=2022-01-01 00:00:00+00:00
[2025-04-13T17:58:03.163+0000] {logging_mixin.py:188} INFO - [2025-04-13T17:58:03.162+0000] {dag.py:3823} INFO - Setting next_dagrun for example_subdag_operator.section-1 to None, run_after=None
[2025-04-13T17:58:03.167+0000] {logging_mixin.py:188} INFO - [2025-04-13T17:58:03.167+0000] {dag.py:3823} INFO - Setting next_dagrun for example_subdag_operator.section-2 to None, run_after=None
[2025-04-13T17:58:03.190+0000] {logging_mixin.py:188} INFO - [2025-04-13T17:58:03.190+0000] {dag.py:3036} INFO - Sync 2 DAGs
[2025-04-13T17:58:03.206+0000] {logging_mixin.py:188} INFO - [2025-04-13T17:58:03.206+0000] {dag.py:3823} INFO - Setting next_dagrun for example_subdag_operator.section-1 to None, run_after=None
[2025-04-13T17:58:03.208+0000] {logging_mixin.py:188} INFO - [2025-04-13T17:58:03.208+0000] {dag.py:3823} INFO - Setting next_dagrun for example_subdag_operator.section-2 to None, run_after=None
[2025-04-13T17:58:03.268+0000] {processor.py:183} INFO - Processing /home/airflow/.local/lib/python3.8/site-packages/airflow/example_dags/example_subdag_operator.py took 0.302 seconds
[2025-04-13T17:58:33.859+0000] {processor.py:161} INFO - Started process (PID=7684) to work on /home/airflow/.local/lib/python3.8/site-packages/airflow/example_dags/example_subdag_operator.py
[2025-04-13T17:58:33.861+0000] {processor.py:830} INFO - Processing file /home/airflow/.local/lib/python3.8/site-packages/airflow/example_dags/example_subdag_operator.py for tasks to queue
[2025-04-13T17:58:33.866+0000] {logging_mixin.py:188} INFO - [2025-04-13T17:58:33.866+0000] {dagbag.py:538} INFO - Filling up the DagBag from /home/airflow/.local/lib/python3.8/site-packages/airflow/example_dags/example_subdag_operator.py
[2025-04-13T17:58:33.907+0000] {processor.py:840} INFO - DAG(s) 'example_subdag_operator.section-1', 'example_subdag_operator.section-2', 'example_subdag_operator' retrieved from /home/airflow/.local/lib/python3.8/site-packages/airflow/example_dags/example_subdag_operator.py
[2025-04-13T17:58:33.927+0000] {logging_mixin.py:188} INFO - [2025-04-13T17:58:33.927+0000] {dag.py:3036} INFO - Sync 3 DAGs
[2025-04-13T17:58:33.957+0000] {logging_mixin.py:188} INFO - [2025-04-13T17:58:33.957+0000] {dag.py:3823} INFO - Setting next_dagrun for example_subdag_operator to 2022-01-01 00:00:00+00:00, run_after=2022-01-01 00:00:00+00:00
[2025-04-13T17:58:33.962+0000] {logging_mixin.py:188} INFO - [2025-04-13T17:58:33.962+0000] {dag.py:3823} INFO - Setting next_dagrun for example_subdag_operator.section-1 to None, run_after=None
[2025-04-13T17:58:33.964+0000] {logging_mixin.py:188} INFO - [2025-04-13T17:58:33.964+0000] {dag.py:3823} INFO - Setting next_dagrun for example_subdag_operator.section-2 to None, run_after=None
[2025-04-13T17:58:33.973+0000] {logging_mixin.py:188} INFO - [2025-04-13T17:58:33.973+0000] {dag.py:3036} INFO - Sync 2 DAGs
[2025-04-13T17:58:33.981+0000] {logging_mixin.py:188} INFO - [2025-04-13T17:58:33.980+0000] {dag.py:3823} INFO - Setting next_dagrun for example_subdag_operator.section-1 to None, run_after=None
[2025-04-13T17:58:33.981+0000] {logging_mixin.py:188} INFO - [2025-04-13T17:58:33.981+0000] {dag.py:3823} INFO - Setting next_dagrun for example_subdag_operator.section-2 to None, run_after=None
[2025-04-13T17:58:34.013+0000] {processor.py:183} INFO - Processing /home/airflow/.local/lib/python3.8/site-packages/airflow/example_dags/example_subdag_operator.py took 0.159 seconds
[2025-04-13T17:59:06.640+0000] {processor.py:161} INFO - Started process (PID=7739) to work on /home/airflow/.local/lib/python3.8/site-packages/airflow/example_dags/example_subdag_operator.py
[2025-04-13T17:59:06.642+0000] {processor.py:830} INFO - Processing file /home/airflow/.local/lib/python3.8/site-packages/airflow/example_dags/example_subdag_operator.py for tasks to queue
[2025-04-13T17:59:06.648+0000] {logging_mixin.py:188} INFO - [2025-04-13T17:59:06.647+0000] {dagbag.py:538} INFO - Filling up the DagBag from /home/airflow/.local/lib/python3.8/site-packages/airflow/example_dags/example_subdag_operator.py
[2025-04-13T17:59:06.723+0000] {processor.py:840} INFO - DAG(s) 'example_subdag_operator.section-1', 'example_subdag_operator.section-2', 'example_subdag_operator' retrieved from /home/airflow/.local/lib/python3.8/site-packages/airflow/example_dags/example_subdag_operator.py
[2025-04-13T17:59:06.767+0000] {logging_mixin.py:188} INFO - [2025-04-13T17:59:06.766+0000] {dag.py:3036} INFO - Sync 3 DAGs
[2025-04-13T17:59:06.827+0000] {logging_mixin.py:188} INFO - [2025-04-13T17:59:06.827+0000] {dag.py:3823} INFO - Setting next_dagrun for example_subdag_operator to 2022-01-01 00:00:00+00:00, run_after=2022-01-01 00:00:00+00:00
[2025-04-13T17:59:06.834+0000] {logging_mixin.py:188} INFO - [2025-04-13T17:59:06.833+0000] {dag.py:3823} INFO - Setting next_dagrun for example_subdag_operator.section-1 to None, run_after=None
[2025-04-13T17:59:06.837+0000] {logging_mixin.py:188} INFO - [2025-04-13T17:59:06.837+0000] {dag.py:3823} INFO - Setting next_dagrun for example_subdag_operator.section-2 to None, run_after=None
[2025-04-13T17:59:06.862+0000] {logging_mixin.py:188} INFO - [2025-04-13T17:59:06.861+0000] {dag.py:3036} INFO - Sync 2 DAGs
[2025-04-13T17:59:06.875+0000] {logging_mixin.py:188} INFO - [2025-04-13T17:59:06.875+0000] {dag.py:3823} INFO - Setting next_dagrun for example_subdag_operator.section-1 to None, run_after=None
[2025-04-13T17:59:06.877+0000] {logging_mixin.py:188} INFO - [2025-04-13T17:59:06.876+0000] {dag.py:3823} INFO - Setting next_dagrun for example_subdag_operator.section-2 to None, run_after=None
[2025-04-13T17:59:06.914+0000] {processor.py:183} INFO - Processing /home/airflow/.local/lib/python3.8/site-packages/airflow/example_dags/example_subdag_operator.py took 0.281 seconds
[2025-04-13T17:59:38.011+0000] {processor.py:161} INFO - Started process (PID=7795) to work on /home/airflow/.local/lib/python3.8/site-packages/airflow/example_dags/example_subdag_operator.py
[2025-04-13T17:59:38.012+0000] {processor.py:830} INFO - Processing file /home/airflow/.local/lib/python3.8/site-packages/airflow/example_dags/example_subdag_operator.py for tasks to queue
[2025-04-13T17:59:38.016+0000] {logging_mixin.py:188} INFO - [2025-04-13T17:59:38.015+0000] {dagbag.py:538} INFO - Filling up the DagBag from /home/airflow/.local/lib/python3.8/site-packages/airflow/example_dags/example_subdag_operator.py
[2025-04-13T17:59:38.055+0000] {processor.py:840} INFO - DAG(s) 'example_subdag_operator.section-1', 'example_subdag_operator.section-2', 'example_subdag_operator' retrieved from /home/airflow/.local/lib/python3.8/site-packages/airflow/example_dags/example_subdag_operator.py
[2025-04-13T17:59:38.081+0000] {logging_mixin.py:188} INFO - [2025-04-13T17:59:38.081+0000] {dag.py:3036} INFO - Sync 3 DAGs
[2025-04-13T17:59:38.112+0000] {logging_mixin.py:188} INFO - [2025-04-13T17:59:38.111+0000] {dag.py:3823} INFO - Setting next_dagrun for example_subdag_operator to 2022-01-01 00:00:00+00:00, run_after=2022-01-01 00:00:00+00:00
[2025-04-13T17:59:38.118+0000] {logging_mixin.py:188} INFO - [2025-04-13T17:59:38.117+0000] {dag.py:3823} INFO - Setting next_dagrun for example_subdag_operator.section-1 to None, run_after=None
[2025-04-13T17:59:38.121+0000] {logging_mixin.py:188} INFO - [2025-04-13T17:59:38.120+0000] {dag.py:3823} INFO - Setting next_dagrun for example_subdag_operator.section-2 to None, run_after=None
[2025-04-13T17:59:38.135+0000] {logging_mixin.py:188} INFO - [2025-04-13T17:59:38.135+0000] {dag.py:3036} INFO - Sync 2 DAGs
[2025-04-13T17:59:38.142+0000] {logging_mixin.py:188} INFO - [2025-04-13T17:59:38.142+0000] {dag.py:3823} INFO - Setting next_dagrun for example_subdag_operator.section-1 to None, run_after=None
[2025-04-13T17:59:38.143+0000] {logging_mixin.py:188} INFO - [2025-04-13T17:59:38.143+0000] {dag.py:3823} INFO - Setting next_dagrun for example_subdag_operator.section-2 to None, run_after=None
[2025-04-13T17:59:38.230+0000] {processor.py:183} INFO - Processing /home/airflow/.local/lib/python3.8/site-packages/airflow/example_dags/example_subdag_operator.py took 0.224 seconds
[2025-04-13T18:00:09.256+0000] {processor.py:161} INFO - Started process (PID=7852) to work on /home/airflow/.local/lib/python3.8/site-packages/airflow/example_dags/example_subdag_operator.py
[2025-04-13T18:00:09.258+0000] {processor.py:830} INFO - Processing file /home/airflow/.local/lib/python3.8/site-packages/airflow/example_dags/example_subdag_operator.py for tasks to queue
[2025-04-13T18:00:09.261+0000] {logging_mixin.py:188} INFO - [2025-04-13T18:00:09.261+0000] {dagbag.py:538} INFO - Filling up the DagBag from /home/airflow/.local/lib/python3.8/site-packages/airflow/example_dags/example_subdag_operator.py
[2025-04-13T18:00:09.315+0000] {processor.py:840} INFO - DAG(s) 'example_subdag_operator.section-1', 'example_subdag_operator.section-2', 'example_subdag_operator' retrieved from /home/airflow/.local/lib/python3.8/site-packages/airflow/example_dags/example_subdag_operator.py
[2025-04-13T18:00:09.344+0000] {logging_mixin.py:188} INFO - [2025-04-13T18:00:09.344+0000] {dag.py:3036} INFO - Sync 3 DAGs
[2025-04-13T18:00:09.400+0000] {logging_mixin.py:188} INFO - [2025-04-13T18:00:09.399+0000] {dag.py:3823} INFO - Setting next_dagrun for example_subdag_operator to 2022-01-01 00:00:00+00:00, run_after=2022-01-01 00:00:00+00:00
[2025-04-13T18:00:09.411+0000] {logging_mixin.py:188} INFO - [2025-04-13T18:00:09.411+0000] {dag.py:3823} INFO - Setting next_dagrun for example_subdag_operator.section-1 to None, run_after=None
[2025-04-13T18:00:09.415+0000] {logging_mixin.py:188} INFO - [2025-04-13T18:00:09.414+0000] {dag.py:3823} INFO - Setting next_dagrun for example_subdag_operator.section-2 to None, run_after=None
[2025-04-13T18:00:09.433+0000] {logging_mixin.py:188} INFO - [2025-04-13T18:00:09.433+0000] {dag.py:3036} INFO - Sync 2 DAGs
[2025-04-13T18:00:09.444+0000] {logging_mixin.py:188} INFO - [2025-04-13T18:00:09.444+0000] {dag.py:3823} INFO - Setting next_dagrun for example_subdag_operator.section-1 to None, run_after=None
[2025-04-13T18:00:09.445+0000] {logging_mixin.py:188} INFO - [2025-04-13T18:00:09.445+0000] {dag.py:3823} INFO - Setting next_dagrun for example_subdag_operator.section-2 to None, run_after=None
[2025-04-13T18:00:09.470+0000] {processor.py:183} INFO - Processing /home/airflow/.local/lib/python3.8/site-packages/airflow/example_dags/example_subdag_operator.py took 0.221 seconds
[2025-04-13T18:00:40.605+0000] {processor.py:161} INFO - Started process (PID=7907) to work on /home/airflow/.local/lib/python3.8/site-packages/airflow/example_dags/example_subdag_operator.py
[2025-04-13T18:00:40.606+0000] {processor.py:830} INFO - Processing file /home/airflow/.local/lib/python3.8/site-packages/airflow/example_dags/example_subdag_operator.py for tasks to queue
[2025-04-13T18:00:40.609+0000] {logging_mixin.py:188} INFO - [2025-04-13T18:00:40.608+0000] {dagbag.py:538} INFO - Filling up the DagBag from /home/airflow/.local/lib/python3.8/site-packages/airflow/example_dags/example_subdag_operator.py
[2025-04-13T18:00:40.644+0000] {processor.py:840} INFO - DAG(s) 'example_subdag_operator.section-1', 'example_subdag_operator.section-2', 'example_subdag_operator' retrieved from /home/airflow/.local/lib/python3.8/site-packages/airflow/example_dags/example_subdag_operator.py
[2025-04-13T18:00:40.670+0000] {logging_mixin.py:188} INFO - [2025-04-13T18:00:40.670+0000] {dag.py:3036} INFO - Sync 3 DAGs
[2025-04-13T18:00:40.703+0000] {logging_mixin.py:188} INFO - [2025-04-13T18:00:40.702+0000] {dag.py:3823} INFO - Setting next_dagrun for example_subdag_operator to 2022-01-01 00:00:00+00:00, run_after=2022-01-01 00:00:00+00:00
[2025-04-13T18:00:40.710+0000] {logging_mixin.py:188} INFO - [2025-04-13T18:00:40.709+0000] {dag.py:3823} INFO - Setting next_dagrun for example_subdag_operator.section-1 to None, run_after=None
[2025-04-13T18:00:40.712+0000] {logging_mixin.py:188} INFO - [2025-04-13T18:00:40.712+0000] {dag.py:3823} INFO - Setting next_dagrun for example_subdag_operator.section-2 to None, run_after=None
[2025-04-13T18:00:40.728+0000] {logging_mixin.py:188} INFO - [2025-04-13T18:00:40.728+0000] {dag.py:3036} INFO - Sync 2 DAGs
[2025-04-13T18:00:40.746+0000] {logging_mixin.py:188} INFO - [2025-04-13T18:00:40.746+0000] {dag.py:3823} INFO - Setting next_dagrun for example_subdag_operator.section-1 to None, run_after=None
[2025-04-13T18:00:40.749+0000] {logging_mixin.py:188} INFO - [2025-04-13T18:00:40.748+0000] {dag.py:3823} INFO - Setting next_dagrun for example_subdag_operator.section-2 to None, run_after=None
[2025-04-13T18:00:40.776+0000] {processor.py:183} INFO - Processing /home/airflow/.local/lib/python3.8/site-packages/airflow/example_dags/example_subdag_operator.py took 0.176 seconds
[2025-04-13T18:01:12.571+0000] {processor.py:161} INFO - Started process (PID=7962) to work on /home/airflow/.local/lib/python3.8/site-packages/airflow/example_dags/example_subdag_operator.py
[2025-04-13T18:01:12.572+0000] {processor.py:830} INFO - Processing file /home/airflow/.local/lib/python3.8/site-packages/airflow/example_dags/example_subdag_operator.py for tasks to queue
[2025-04-13T18:01:12.576+0000] {logging_mixin.py:188} INFO - [2025-04-13T18:01:12.575+0000] {dagbag.py:538} INFO - Filling up the DagBag from /home/airflow/.local/lib/python3.8/site-packages/airflow/example_dags/example_subdag_operator.py
[2025-04-13T18:01:12.608+0000] {processor.py:840} INFO - DAG(s) 'example_subdag_operator.section-1', 'example_subdag_operator.section-2', 'example_subdag_operator' retrieved from /home/airflow/.local/lib/python3.8/site-packages/airflow/example_dags/example_subdag_operator.py
[2025-04-13T18:01:12.638+0000] {logging_mixin.py:188} INFO - [2025-04-13T18:01:12.637+0000] {dag.py:3036} INFO - Sync 3 DAGs
[2025-04-13T18:01:12.670+0000] {logging_mixin.py:188} INFO - [2025-04-13T18:01:12.670+0000] {dag.py:3823} INFO - Setting next_dagrun for example_subdag_operator to 2022-01-01 00:00:00+00:00, run_after=2022-01-01 00:00:00+00:00
[2025-04-13T18:01:12.676+0000] {logging_mixin.py:188} INFO - [2025-04-13T18:01:12.675+0000] {dag.py:3823} INFO - Setting next_dagrun for example_subdag_operator.section-1 to None, run_after=None
[2025-04-13T18:01:12.678+0000] {logging_mixin.py:188} INFO - [2025-04-13T18:01:12.678+0000] {dag.py:3823} INFO - Setting next_dagrun for example_subdag_operator.section-2 to None, run_after=None
[2025-04-13T18:01:12.688+0000] {logging_mixin.py:188} INFO - [2025-04-13T18:01:12.688+0000] {dag.py:3036} INFO - Sync 2 DAGs
[2025-04-13T18:01:12.695+0000] {logging_mixin.py:188} INFO - [2025-04-13T18:01:12.695+0000] {dag.py:3823} INFO - Setting next_dagrun for example_subdag_operator.section-1 to None, run_after=None
[2025-04-13T18:01:12.696+0000] {logging_mixin.py:188} INFO - [2025-04-13T18:01:12.696+0000] {dag.py:3823} INFO - Setting next_dagrun for example_subdag_operator.section-2 to None, run_after=None
[2025-04-13T18:01:12.709+0000] {processor.py:183} INFO - Processing /home/airflow/.local/lib/python3.8/site-packages/airflow/example_dags/example_subdag_operator.py took 0.143 seconds
[2025-04-13T18:01:44.525+0000] {processor.py:161} INFO - Started process (PID=8018) to work on /home/airflow/.local/lib/python3.8/site-packages/airflow/example_dags/example_subdag_operator.py
[2025-04-13T18:01:44.527+0000] {processor.py:830} INFO - Processing file /home/airflow/.local/lib/python3.8/site-packages/airflow/example_dags/example_subdag_operator.py for tasks to queue
[2025-04-13T18:01:44.530+0000] {logging_mixin.py:188} INFO - [2025-04-13T18:01:44.530+0000] {dagbag.py:538} INFO - Filling up the DagBag from /home/airflow/.local/lib/python3.8/site-packages/airflow/example_dags/example_subdag_operator.py
[2025-04-13T18:01:44.565+0000] {processor.py:840} INFO - DAG(s) 'example_subdag_operator.section-1', 'example_subdag_operator.section-2', 'example_subdag_operator' retrieved from /home/airflow/.local/lib/python3.8/site-packages/airflow/example_dags/example_subdag_operator.py
[2025-04-13T18:01:44.590+0000] {logging_mixin.py:188} INFO - [2025-04-13T18:01:44.590+0000] {dag.py:3036} INFO - Sync 3 DAGs
[2025-04-13T18:01:44.620+0000] {logging_mixin.py:188} INFO - [2025-04-13T18:01:44.620+0000] {dag.py:3823} INFO - Setting next_dagrun for example_subdag_operator to 2022-01-01 00:00:00+00:00, run_after=2022-01-01 00:00:00+00:00
[2025-04-13T18:01:44.625+0000] {logging_mixin.py:188} INFO - [2025-04-13T18:01:44.625+0000] {dag.py:3823} INFO - Setting next_dagrun for example_subdag_operator.section-1 to None, run_after=None
[2025-04-13T18:01:44.627+0000] {logging_mixin.py:188} INFO - [2025-04-13T18:01:44.627+0000] {dag.py:3823} INFO - Setting next_dagrun for example_subdag_operator.section-2 to None, run_after=None
[2025-04-13T18:01:44.637+0000] {logging_mixin.py:188} INFO - [2025-04-13T18:01:44.637+0000] {dag.py:3036} INFO - Sync 2 DAGs
[2025-04-13T18:01:44.644+0000] {logging_mixin.py:188} INFO - [2025-04-13T18:01:44.643+0000] {dag.py:3823} INFO - Setting next_dagrun for example_subdag_operator.section-1 to None, run_after=None
[2025-04-13T18:01:44.645+0000] {logging_mixin.py:188} INFO - [2025-04-13T18:01:44.644+0000] {dag.py:3823} INFO - Setting next_dagrun for example_subdag_operator.section-2 to None, run_after=None
[2025-04-13T18:01:44.715+0000] {processor.py:183} INFO - Processing /home/airflow/.local/lib/python3.8/site-packages/airflow/example_dags/example_subdag_operator.py took 0.195 seconds
[2025-04-13T18:02:18.285+0000] {processor.py:161} INFO - Started process (PID=8074) to work on /home/airflow/.local/lib/python3.8/site-packages/airflow/example_dags/example_subdag_operator.py
[2025-04-13T18:02:18.287+0000] {processor.py:830} INFO - Processing file /home/airflow/.local/lib/python3.8/site-packages/airflow/example_dags/example_subdag_operator.py for tasks to queue
[2025-04-13T18:02:18.298+0000] {logging_mixin.py:188} INFO - [2025-04-13T18:02:18.297+0000] {dagbag.py:538} INFO - Filling up the DagBag from /home/airflow/.local/lib/python3.8/site-packages/airflow/example_dags/example_subdag_operator.py
[2025-04-13T18:02:18.337+0000] {processor.py:840} INFO - DAG(s) 'example_subdag_operator.section-1', 'example_subdag_operator.section-2', 'example_subdag_operator' retrieved from /home/airflow/.local/lib/python3.8/site-packages/airflow/example_dags/example_subdag_operator.py
[2025-04-13T18:02:18.357+0000] {logging_mixin.py:188} INFO - [2025-04-13T18:02:18.357+0000] {dag.py:3036} INFO - Sync 3 DAGs
[2025-04-13T18:02:18.388+0000] {logging_mixin.py:188} INFO - [2025-04-13T18:02:18.388+0000] {dag.py:3823} INFO - Setting next_dagrun for example_subdag_operator to 2022-01-01 00:00:00+00:00, run_after=2022-01-01 00:00:00+00:00
[2025-04-13T18:02:18.394+0000] {logging_mixin.py:188} INFO - [2025-04-13T18:02:18.394+0000] {dag.py:3823} INFO - Setting next_dagrun for example_subdag_operator.section-1 to None, run_after=None
[2025-04-13T18:02:18.397+0000] {logging_mixin.py:188} INFO - [2025-04-13T18:02:18.396+0000] {dag.py:3823} INFO - Setting next_dagrun for example_subdag_operator.section-2 to None, run_after=None
[2025-04-13T18:02:18.409+0000] {logging_mixin.py:188} INFO - [2025-04-13T18:02:18.409+0000] {dag.py:3036} INFO - Sync 2 DAGs
[2025-04-13T18:02:18.418+0000] {logging_mixin.py:188} INFO - [2025-04-13T18:02:18.417+0000] {dag.py:3823} INFO - Setting next_dagrun for example_subdag_operator.section-1 to None, run_after=None
[2025-04-13T18:02:18.419+0000] {logging_mixin.py:188} INFO - [2025-04-13T18:02:18.418+0000] {dag.py:3823} INFO - Setting next_dagrun for example_subdag_operator.section-2 to None, run_after=None
[2025-04-13T18:02:18.481+0000] {processor.py:183} INFO - Processing /home/airflow/.local/lib/python3.8/site-packages/airflow/example_dags/example_subdag_operator.py took 0.201 seconds
[2025-04-13T18:02:49.384+0000] {processor.py:161} INFO - Started process (PID=8130) to work on /home/airflow/.local/lib/python3.8/site-packages/airflow/example_dags/example_subdag_operator.py
[2025-04-13T18:02:49.385+0000] {processor.py:830} INFO - Processing file /home/airflow/.local/lib/python3.8/site-packages/airflow/example_dags/example_subdag_operator.py for tasks to queue
[2025-04-13T18:02:49.389+0000] {logging_mixin.py:188} INFO - [2025-04-13T18:02:49.388+0000] {dagbag.py:538} INFO - Filling up the DagBag from /home/airflow/.local/lib/python3.8/site-packages/airflow/example_dags/example_subdag_operator.py
[2025-04-13T18:02:49.420+0000] {processor.py:840} INFO - DAG(s) 'example_subdag_operator.section-1', 'example_subdag_operator.section-2', 'example_subdag_operator' retrieved from /home/airflow/.local/lib/python3.8/site-packages/airflow/example_dags/example_subdag_operator.py
[2025-04-13T18:02:49.445+0000] {logging_mixin.py:188} INFO - [2025-04-13T18:02:49.445+0000] {dag.py:3036} INFO - Sync 3 DAGs
[2025-04-13T18:02:49.481+0000] {logging_mixin.py:188} INFO - [2025-04-13T18:02:49.480+0000] {dag.py:3823} INFO - Setting next_dagrun for example_subdag_operator to 2022-01-01 00:00:00+00:00, run_after=2022-01-01 00:00:00+00:00
[2025-04-13T18:02:49.486+0000] {logging_mixin.py:188} INFO - [2025-04-13T18:02:49.485+0000] {dag.py:3823} INFO - Setting next_dagrun for example_subdag_operator.section-1 to None, run_after=None
[2025-04-13T18:02:49.488+0000] {logging_mixin.py:188} INFO - [2025-04-13T18:02:49.488+0000] {dag.py:3823} INFO - Setting next_dagrun for example_subdag_operator.section-2 to None, run_after=None
[2025-04-13T18:02:49.500+0000] {logging_mixin.py:188} INFO - [2025-04-13T18:02:49.500+0000] {dag.py:3036} INFO - Sync 2 DAGs
[2025-04-13T18:02:49.509+0000] {logging_mixin.py:188} INFO - [2025-04-13T18:02:49.508+0000] {dag.py:3823} INFO - Setting next_dagrun for example_subdag_operator.section-1 to None, run_after=None
[2025-04-13T18:02:49.510+0000] {logging_mixin.py:188} INFO - [2025-04-13T18:02:49.509+0000] {dag.py:3823} INFO - Setting next_dagrun for example_subdag_operator.section-2 to None, run_after=None
[2025-04-13T18:02:49.526+0000] {processor.py:183} INFO - Processing /home/airflow/.local/lib/python3.8/site-packages/airflow/example_dags/example_subdag_operator.py took 0.147 seconds
[2025-04-13T18:03:22.332+0000] {processor.py:161} INFO - Started process (PID=8186) to work on /home/airflow/.local/lib/python3.8/site-packages/airflow/example_dags/example_subdag_operator.py
[2025-04-13T18:03:22.334+0000] {processor.py:830} INFO - Processing file /home/airflow/.local/lib/python3.8/site-packages/airflow/example_dags/example_subdag_operator.py for tasks to queue
[2025-04-13T18:03:22.336+0000] {logging_mixin.py:188} INFO - [2025-04-13T18:03:22.336+0000] {dagbag.py:538} INFO - Filling up the DagBag from /home/airflow/.local/lib/python3.8/site-packages/airflow/example_dags/example_subdag_operator.py
[2025-04-13T18:03:22.371+0000] {processor.py:840} INFO - DAG(s) 'example_subdag_operator.section-1', 'example_subdag_operator.section-2', 'example_subdag_operator' retrieved from /home/airflow/.local/lib/python3.8/site-packages/airflow/example_dags/example_subdag_operator.py
[2025-04-13T18:03:22.395+0000] {logging_mixin.py:188} INFO - [2025-04-13T18:03:22.394+0000] {dag.py:3036} INFO - Sync 3 DAGs
[2025-04-13T18:03:22.422+0000] {logging_mixin.py:188} INFO - [2025-04-13T18:03:22.422+0000] {dag.py:3823} INFO - Setting next_dagrun for example_subdag_operator to 2022-01-01 00:00:00+00:00, run_after=2022-01-01 00:00:00+00:00
[2025-04-13T18:03:22.427+0000] {logging_mixin.py:188} INFO - [2025-04-13T18:03:22.426+0000] {dag.py:3823} INFO - Setting next_dagrun for example_subdag_operator.section-1 to None, run_after=None
[2025-04-13T18:03:22.429+0000] {logging_mixin.py:188} INFO - [2025-04-13T18:03:22.429+0000] {dag.py:3823} INFO - Setting next_dagrun for example_subdag_operator.section-2 to None, run_after=None
[2025-04-13T18:03:22.438+0000] {logging_mixin.py:188} INFO - [2025-04-13T18:03:22.438+0000] {dag.py:3036} INFO - Sync 2 DAGs
[2025-04-13T18:03:22.445+0000] {logging_mixin.py:188} INFO - [2025-04-13T18:03:22.445+0000] {dag.py:3823} INFO - Setting next_dagrun for example_subdag_operator.section-1 to None, run_after=None
[2025-04-13T18:03:22.446+0000] {logging_mixin.py:188} INFO - [2025-04-13T18:03:22.446+0000] {dag.py:3823} INFO - Setting next_dagrun for example_subdag_operator.section-2 to None, run_after=None
[2025-04-13T18:03:22.496+0000] {processor.py:183} INFO - Processing /home/airflow/.local/lib/python3.8/site-packages/airflow/example_dags/example_subdag_operator.py took 0.168 seconds
[2025-04-13T18:03:53.949+0000] {processor.py:161} INFO - Started process (PID=8242) to work on /home/airflow/.local/lib/python3.8/site-packages/airflow/example_dags/example_subdag_operator.py
[2025-04-13T18:03:53.951+0000] {processor.py:830} INFO - Processing file /home/airflow/.local/lib/python3.8/site-packages/airflow/example_dags/example_subdag_operator.py for tasks to queue
[2025-04-13T18:03:53.953+0000] {logging_mixin.py:188} INFO - [2025-04-13T18:03:53.953+0000] {dagbag.py:538} INFO - Filling up the DagBag from /home/airflow/.local/lib/python3.8/site-packages/airflow/example_dags/example_subdag_operator.py
[2025-04-13T18:03:53.988+0000] {processor.py:840} INFO - DAG(s) 'example_subdag_operator.section-1', 'example_subdag_operator.section-2', 'example_subdag_operator' retrieved from /home/airflow/.local/lib/python3.8/site-packages/airflow/example_dags/example_subdag_operator.py
[2025-04-13T18:03:54.015+0000] {logging_mixin.py:188} INFO - [2025-04-13T18:03:54.015+0000] {dag.py:3036} INFO - Sync 3 DAGs
[2025-04-13T18:03:54.046+0000] {logging_mixin.py:188} INFO - [2025-04-13T18:03:54.046+0000] {dag.py:3823} INFO - Setting next_dagrun for example_subdag_operator to 2022-01-01 00:00:00+00:00, run_after=2022-01-01 00:00:00+00:00
[2025-04-13T18:03:54.051+0000] {logging_mixin.py:188} INFO - [2025-04-13T18:03:54.051+0000] {dag.py:3823} INFO - Setting next_dagrun for example_subdag_operator.section-1 to None, run_after=None
[2025-04-13T18:03:54.053+0000] {logging_mixin.py:188} INFO - [2025-04-13T18:03:54.053+0000] {dag.py:3823} INFO - Setting next_dagrun for example_subdag_operator.section-2 to None, run_after=None
[2025-04-13T18:03:54.063+0000] {logging_mixin.py:188} INFO - [2025-04-13T18:03:54.063+0000] {dag.py:3036} INFO - Sync 2 DAGs
[2025-04-13T18:03:54.071+0000] {logging_mixin.py:188} INFO - [2025-04-13T18:03:54.070+0000] {dag.py:3823} INFO - Setting next_dagrun for example_subdag_operator.section-1 to None, run_after=None
[2025-04-13T18:03:54.071+0000] {logging_mixin.py:188} INFO - [2025-04-13T18:03:54.071+0000] {dag.py:3823} INFO - Setting next_dagrun for example_subdag_operator.section-2 to None, run_after=None
[2025-04-13T18:03:54.086+0000] {processor.py:183} INFO - Processing /home/airflow/.local/lib/python3.8/site-packages/airflow/example_dags/example_subdag_operator.py took 0.142 seconds
[2025-04-13T18:04:26.963+0000] {processor.py:161} INFO - Started process (PID=8298) to work on /home/airflow/.local/lib/python3.8/site-packages/airflow/example_dags/example_subdag_operator.py
[2025-04-13T18:04:26.965+0000] {processor.py:830} INFO - Processing file /home/airflow/.local/lib/python3.8/site-packages/airflow/example_dags/example_subdag_operator.py for tasks to queue
[2025-04-13T18:04:26.972+0000] {logging_mixin.py:188} INFO - [2025-04-13T18:04:26.971+0000] {dagbag.py:538} INFO - Filling up the DagBag from /home/airflow/.local/lib/python3.8/site-packages/airflow/example_dags/example_subdag_operator.py
[2025-04-13T18:04:27.010+0000] {processor.py:840} INFO - DAG(s) 'example_subdag_operator.section-1', 'example_subdag_operator.section-2', 'example_subdag_operator' retrieved from /home/airflow/.local/lib/python3.8/site-packages/airflow/example_dags/example_subdag_operator.py
[2025-04-13T18:04:27.037+0000] {logging_mixin.py:188} INFO - [2025-04-13T18:04:27.036+0000] {dag.py:3036} INFO - Sync 3 DAGs
[2025-04-13T18:04:27.076+0000] {logging_mixin.py:188} INFO - [2025-04-13T18:04:27.075+0000] {dag.py:3823} INFO - Setting next_dagrun for example_subdag_operator to 2022-01-01 00:00:00+00:00, run_after=2022-01-01 00:00:00+00:00
[2025-04-13T18:04:27.082+0000] {logging_mixin.py:188} INFO - [2025-04-13T18:04:27.081+0000] {dag.py:3823} INFO - Setting next_dagrun for example_subdag_operator.section-1 to None, run_after=None
[2025-04-13T18:04:27.084+0000] {logging_mixin.py:188} INFO - [2025-04-13T18:04:27.084+0000] {dag.py:3823} INFO - Setting next_dagrun for example_subdag_operator.section-2 to None, run_after=None
[2025-04-13T18:04:27.097+0000] {logging_mixin.py:188} INFO - [2025-04-13T18:04:27.096+0000] {dag.py:3036} INFO - Sync 2 DAGs
[2025-04-13T18:04:27.105+0000] {logging_mixin.py:188} INFO - [2025-04-13T18:04:27.105+0000] {dag.py:3823} INFO - Setting next_dagrun for example_subdag_operator.section-1 to None, run_after=None
[2025-04-13T18:04:27.106+0000] {logging_mixin.py:188} INFO - [2025-04-13T18:04:27.106+0000] {dag.py:3823} INFO - Setting next_dagrun for example_subdag_operator.section-2 to None, run_after=None
[2025-04-13T18:04:27.129+0000] {processor.py:183} INFO - Processing /home/airflow/.local/lib/python3.8/site-packages/airflow/example_dags/example_subdag_operator.py took 0.171 seconds
[2025-04-13T18:04:59.907+0000] {processor.py:161} INFO - Started process (PID=8354) to work on /home/airflow/.local/lib/python3.8/site-packages/airflow/example_dags/example_subdag_operator.py
[2025-04-13T18:04:59.908+0000] {processor.py:830} INFO - Processing file /home/airflow/.local/lib/python3.8/site-packages/airflow/example_dags/example_subdag_operator.py for tasks to queue
[2025-04-13T18:04:59.911+0000] {logging_mixin.py:188} INFO - [2025-04-13T18:04:59.911+0000] {dagbag.py:538} INFO - Filling up the DagBag from /home/airflow/.local/lib/python3.8/site-packages/airflow/example_dags/example_subdag_operator.py
[2025-04-13T18:04:59.944+0000] {processor.py:840} INFO - DAG(s) 'example_subdag_operator.section-1', 'example_subdag_operator.section-2', 'example_subdag_operator' retrieved from /home/airflow/.local/lib/python3.8/site-packages/airflow/example_dags/example_subdag_operator.py
[2025-04-13T18:04:59.969+0000] {logging_mixin.py:188} INFO - [2025-04-13T18:04:59.968+0000] {dag.py:3036} INFO - Sync 3 DAGs
[2025-04-13T18:04:59.997+0000] {logging_mixin.py:188} INFO - [2025-04-13T18:04:59.996+0000] {dag.py:3823} INFO - Setting next_dagrun for example_subdag_operator to 2022-01-01 00:00:00+00:00, run_after=2022-01-01 00:00:00+00:00
[2025-04-13T18:05:00.001+0000] {logging_mixin.py:188} INFO - [2025-04-13T18:05:00.001+0000] {dag.py:3823} INFO - Setting next_dagrun for example_subdag_operator.section-1 to None, run_after=None
[2025-04-13T18:05:00.004+0000] {logging_mixin.py:188} INFO - [2025-04-13T18:05:00.003+0000] {dag.py:3823} INFO - Setting next_dagrun for example_subdag_operator.section-2 to None, run_after=None
[2025-04-13T18:05:00.013+0000] {logging_mixin.py:188} INFO - [2025-04-13T18:05:00.013+0000] {dag.py:3036} INFO - Sync 2 DAGs
[2025-04-13T18:05:00.022+0000] {logging_mixin.py:188} INFO - [2025-04-13T18:05:00.022+0000] {dag.py:3823} INFO - Setting next_dagrun for example_subdag_operator.section-1 to None, run_after=None
[2025-04-13T18:05:00.023+0000] {logging_mixin.py:188} INFO - [2025-04-13T18:05:00.023+0000] {dag.py:3823} INFO - Setting next_dagrun for example_subdag_operator.section-2 to None, run_after=None
[2025-04-13T18:05:00.043+0000] {processor.py:183} INFO - Processing /home/airflow/.local/lib/python3.8/site-packages/airflow/example_dags/example_subdag_operator.py took 0.142 seconds
[2025-04-13T18:05:31.882+0000] {processor.py:161} INFO - Started process (PID=8410) to work on /home/airflow/.local/lib/python3.8/site-packages/airflow/example_dags/example_subdag_operator.py
[2025-04-13T18:05:31.883+0000] {processor.py:830} INFO - Processing file /home/airflow/.local/lib/python3.8/site-packages/airflow/example_dags/example_subdag_operator.py for tasks to queue
[2025-04-13T18:05:31.886+0000] {logging_mixin.py:188} INFO - [2025-04-13T18:05:31.886+0000] {dagbag.py:538} INFO - Filling up the DagBag from /home/airflow/.local/lib/python3.8/site-packages/airflow/example_dags/example_subdag_operator.py
[2025-04-13T18:05:31.933+0000] {processor.py:840} INFO - DAG(s) 'example_subdag_operator.section-1', 'example_subdag_operator.section-2', 'example_subdag_operator' retrieved from /home/airflow/.local/lib/python3.8/site-packages/airflow/example_dags/example_subdag_operator.py
[2025-04-13T18:05:31.959+0000] {logging_mixin.py:188} INFO - [2025-04-13T18:05:31.959+0000] {dag.py:3036} INFO - Sync 3 DAGs
[2025-04-13T18:05:31.991+0000] {logging_mixin.py:188} INFO - [2025-04-13T18:05:31.991+0000] {dag.py:3823} INFO - Setting next_dagrun for example_subdag_operator to 2022-01-01 00:00:00+00:00, run_after=2022-01-01 00:00:00+00:00
[2025-04-13T18:05:31.996+0000] {logging_mixin.py:188} INFO - [2025-04-13T18:05:31.996+0000] {dag.py:3823} INFO - Setting next_dagrun for example_subdag_operator.section-1 to None, run_after=None
[2025-04-13T18:05:31.998+0000] {logging_mixin.py:188} INFO - [2025-04-13T18:05:31.998+0000] {dag.py:3823} INFO - Setting next_dagrun for example_subdag_operator.section-2 to None, run_after=None
[2025-04-13T18:05:32.008+0000] {logging_mixin.py:188} INFO - [2025-04-13T18:05:32.008+0000] {dag.py:3036} INFO - Sync 2 DAGs
[2025-04-13T18:05:32.016+0000] {logging_mixin.py:188} INFO - [2025-04-13T18:05:32.016+0000] {dag.py:3823} INFO - Setting next_dagrun for example_subdag_operator.section-1 to None, run_after=None
[2025-04-13T18:05:32.017+0000] {logging_mixin.py:188} INFO - [2025-04-13T18:05:32.017+0000] {dag.py:3823} INFO - Setting next_dagrun for example_subdag_operator.section-2 to None, run_after=None
[2025-04-13T18:05:32.053+0000] {processor.py:183} INFO - Processing /home/airflow/.local/lib/python3.8/site-packages/airflow/example_dags/example_subdag_operator.py took 0.176 seconds
[2025-04-13T18:06:04.693+0000] {processor.py:161} INFO - Started process (PID=8466) to work on /home/airflow/.local/lib/python3.8/site-packages/airflow/example_dags/example_subdag_operator.py
[2025-04-13T18:06:04.695+0000] {processor.py:830} INFO - Processing file /home/airflow/.local/lib/python3.8/site-packages/airflow/example_dags/example_subdag_operator.py for tasks to queue
[2025-04-13T18:06:04.697+0000] {logging_mixin.py:188} INFO - [2025-04-13T18:06:04.697+0000] {dagbag.py:538} INFO - Filling up the DagBag from /home/airflow/.local/lib/python3.8/site-packages/airflow/example_dags/example_subdag_operator.py
[2025-04-13T18:06:04.732+0000] {processor.py:840} INFO - DAG(s) 'example_subdag_operator.section-1', 'example_subdag_operator.section-2', 'example_subdag_operator' retrieved from /home/airflow/.local/lib/python3.8/site-packages/airflow/example_dags/example_subdag_operator.py
[2025-04-13T18:06:04.763+0000] {logging_mixin.py:188} INFO - [2025-04-13T18:06:04.762+0000] {dag.py:3036} INFO - Sync 3 DAGs
[2025-04-13T18:06:04.792+0000] {logging_mixin.py:188} INFO - [2025-04-13T18:06:04.792+0000] {dag.py:3823} INFO - Setting next_dagrun for example_subdag_operator to 2022-01-01 00:00:00+00:00, run_after=2022-01-01 00:00:00+00:00
[2025-04-13T18:06:04.797+0000] {logging_mixin.py:188} INFO - [2025-04-13T18:06:04.797+0000] {dag.py:3823} INFO - Setting next_dagrun for example_subdag_operator.section-1 to None, run_after=None
[2025-04-13T18:06:04.800+0000] {logging_mixin.py:188} INFO - [2025-04-13T18:06:04.800+0000] {dag.py:3823} INFO - Setting next_dagrun for example_subdag_operator.section-2 to None, run_after=None
[2025-04-13T18:06:04.811+0000] {logging_mixin.py:188} INFO - [2025-04-13T18:06:04.810+0000] {dag.py:3036} INFO - Sync 2 DAGs
[2025-04-13T18:06:04.818+0000] {logging_mixin.py:188} INFO - [2025-04-13T18:06:04.818+0000] {dag.py:3823} INFO - Setting next_dagrun for example_subdag_operator.section-1 to None, run_after=None
[2025-04-13T18:06:04.819+0000] {logging_mixin.py:188} INFO - [2025-04-13T18:06:04.819+0000] {dag.py:3823} INFO - Setting next_dagrun for example_subdag_operator.section-2 to None, run_after=None
[2025-04-13T18:06:04.870+0000] {processor.py:183} INFO - Processing /home/airflow/.local/lib/python3.8/site-packages/airflow/example_dags/example_subdag_operator.py took 0.183 seconds
[2025-04-13T18:06:37.592+0000] {processor.py:161} INFO - Started process (PID=8522) to work on /home/airflow/.local/lib/python3.8/site-packages/airflow/example_dags/example_subdag_operator.py
[2025-04-13T18:06:37.593+0000] {processor.py:830} INFO - Processing file /home/airflow/.local/lib/python3.8/site-packages/airflow/example_dags/example_subdag_operator.py for tasks to queue
[2025-04-13T18:06:37.597+0000] {logging_mixin.py:188} INFO - [2025-04-13T18:06:37.596+0000] {dagbag.py:538} INFO - Filling up the DagBag from /home/airflow/.local/lib/python3.8/site-packages/airflow/example_dags/example_subdag_operator.py
[2025-04-13T18:06:37.640+0000] {processor.py:840} INFO - DAG(s) 'example_subdag_operator.section-1', 'example_subdag_operator.section-2', 'example_subdag_operator' retrieved from /home/airflow/.local/lib/python3.8/site-packages/airflow/example_dags/example_subdag_operator.py
[2025-04-13T18:06:37.668+0000] {logging_mixin.py:188} INFO - [2025-04-13T18:06:37.667+0000] {dag.py:3036} INFO - Sync 3 DAGs
[2025-04-13T18:06:37.706+0000] {logging_mixin.py:188} INFO - [2025-04-13T18:06:37.706+0000] {dag.py:3823} INFO - Setting next_dagrun for example_subdag_operator to 2022-01-01 00:00:00+00:00, run_after=2022-01-01 00:00:00+00:00
[2025-04-13T18:06:37.713+0000] {logging_mixin.py:188} INFO - [2025-04-13T18:06:37.713+0000] {dag.py:3823} INFO - Setting next_dagrun for example_subdag_operator.section-1 to None, run_after=None
[2025-04-13T18:06:37.716+0000] {logging_mixin.py:188} INFO - [2025-04-13T18:06:37.715+0000] {dag.py:3823} INFO - Setting next_dagrun for example_subdag_operator.section-2 to None, run_after=None
[2025-04-13T18:06:37.765+0000] {logging_mixin.py:188} INFO - [2025-04-13T18:06:37.765+0000] {dag.py:3036} INFO - Sync 2 DAGs
[2025-04-13T18:06:37.773+0000] {logging_mixin.py:188} INFO - [2025-04-13T18:06:37.773+0000] {dag.py:3823} INFO - Setting next_dagrun for example_subdag_operator.section-1 to None, run_after=None
[2025-04-13T18:06:37.774+0000] {logging_mixin.py:188} INFO - [2025-04-13T18:06:37.774+0000] {dag.py:3823} INFO - Setting next_dagrun for example_subdag_operator.section-2 to None, run_after=None
[2025-04-13T18:06:37.794+0000] {processor.py:183} INFO - Processing /home/airflow/.local/lib/python3.8/site-packages/airflow/example_dags/example_subdag_operator.py took 0.208 seconds
[2025-04-13T18:07:10.188+0000] {processor.py:161} INFO - Started process (PID=8581) to work on /home/airflow/.local/lib/python3.8/site-packages/airflow/example_dags/example_subdag_operator.py
[2025-04-13T18:07:10.189+0000] {processor.py:830} INFO - Processing file /home/airflow/.local/lib/python3.8/site-packages/airflow/example_dags/example_subdag_operator.py for tasks to queue
[2025-04-13T18:07:10.192+0000] {logging_mixin.py:188} INFO - [2025-04-13T18:07:10.191+0000] {dagbag.py:538} INFO - Filling up the DagBag from /home/airflow/.local/lib/python3.8/site-packages/airflow/example_dags/example_subdag_operator.py
[2025-04-13T18:07:10.220+0000] {processor.py:840} INFO - DAG(s) 'example_subdag_operator.section-1', 'example_subdag_operator.section-2', 'example_subdag_operator' retrieved from /home/airflow/.local/lib/python3.8/site-packages/airflow/example_dags/example_subdag_operator.py
[2025-04-13T18:07:10.241+0000] {logging_mixin.py:188} INFO - [2025-04-13T18:07:10.240+0000] {dag.py:3036} INFO - Sync 3 DAGs
[2025-04-13T18:07:10.272+0000] {logging_mixin.py:188} INFO - [2025-04-13T18:07:10.272+0000] {dag.py:3823} INFO - Setting next_dagrun for example_subdag_operator to 2022-01-01 00:00:00+00:00, run_after=2022-01-01 00:00:00+00:00
[2025-04-13T18:07:10.278+0000] {logging_mixin.py:188} INFO - [2025-04-13T18:07:10.277+0000] {dag.py:3823} INFO - Setting next_dagrun for example_subdag_operator.section-1 to None, run_after=None
[2025-04-13T18:07:10.280+0000] {logging_mixin.py:188} INFO - [2025-04-13T18:07:10.280+0000] {dag.py:3823} INFO - Setting next_dagrun for example_subdag_operator.section-2 to None, run_after=None
[2025-04-13T18:07:10.291+0000] {logging_mixin.py:188} INFO - [2025-04-13T18:07:10.291+0000] {dag.py:3036} INFO - Sync 2 DAGs
[2025-04-13T18:07:10.299+0000] {logging_mixin.py:188} INFO - [2025-04-13T18:07:10.298+0000] {dag.py:3823} INFO - Setting next_dagrun for example_subdag_operator.section-1 to None, run_after=None
[2025-04-13T18:07:10.300+0000] {logging_mixin.py:188} INFO - [2025-04-13T18:07:10.299+0000] {dag.py:3823} INFO - Setting next_dagrun for example_subdag_operator.section-2 to None, run_after=None
[2025-04-13T18:07:10.316+0000] {processor.py:183} INFO - Processing /home/airflow/.local/lib/python3.8/site-packages/airflow/example_dags/example_subdag_operator.py took 0.133 seconds
[2025-04-13T18:07:44.859+0000] {processor.py:161} INFO - Started process (PID=8643) to work on /home/airflow/.local/lib/python3.8/site-packages/airflow/example_dags/example_subdag_operator.py
[2025-04-13T18:07:44.862+0000] {processor.py:830} INFO - Processing file /home/airflow/.local/lib/python3.8/site-packages/airflow/example_dags/example_subdag_operator.py for tasks to queue
[2025-04-13T18:07:44.867+0000] {logging_mixin.py:188} INFO - [2025-04-13T18:07:44.866+0000] {dagbag.py:538} INFO - Filling up the DagBag from /home/airflow/.local/lib/python3.8/site-packages/airflow/example_dags/example_subdag_operator.py
[2025-04-13T18:07:44.922+0000] {processor.py:840} INFO - DAG(s) 'example_subdag_operator.section-1', 'example_subdag_operator.section-2', 'example_subdag_operator' retrieved from /home/airflow/.local/lib/python3.8/site-packages/airflow/example_dags/example_subdag_operator.py
[2025-04-13T18:07:44.956+0000] {logging_mixin.py:188} INFO - [2025-04-13T18:07:44.955+0000] {dag.py:3036} INFO - Sync 3 DAGs
[2025-04-13T18:07:45.003+0000] {logging_mixin.py:188} INFO - [2025-04-13T18:07:45.002+0000] {dag.py:3823} INFO - Setting next_dagrun for example_subdag_operator to 2022-01-01 00:00:00+00:00, run_after=2022-01-01 00:00:00+00:00
[2025-04-13T18:07:45.014+0000] {logging_mixin.py:188} INFO - [2025-04-13T18:07:45.013+0000] {dag.py:3823} INFO - Setting next_dagrun for example_subdag_operator.section-1 to None, run_after=None
[2025-04-13T18:07:45.019+0000] {logging_mixin.py:188} INFO - [2025-04-13T18:07:45.019+0000] {dag.py:3823} INFO - Setting next_dagrun for example_subdag_operator.section-2 to None, run_after=None
[2025-04-13T18:07:45.036+0000] {logging_mixin.py:188} INFO - [2025-04-13T18:07:45.035+0000] {dag.py:3036} INFO - Sync 2 DAGs
[2025-04-13T18:07:45.048+0000] {logging_mixin.py:188} INFO - [2025-04-13T18:07:45.048+0000] {dag.py:3823} INFO - Setting next_dagrun for example_subdag_operator.section-1 to None, run_after=None
[2025-04-13T18:07:45.049+0000] {logging_mixin.py:188} INFO - [2025-04-13T18:07:45.049+0000] {dag.py:3823} INFO - Setting next_dagrun for example_subdag_operator.section-2 to None, run_after=None
[2025-04-13T18:07:45.108+0000] {processor.py:183} INFO - Processing /home/airflow/.local/lib/python3.8/site-packages/airflow/example_dags/example_subdag_operator.py took 0.256 seconds
[2025-04-13T18:08:16.388+0000] {processor.py:161} INFO - Started process (PID=8699) to work on /home/airflow/.local/lib/python3.8/site-packages/airflow/example_dags/example_subdag_operator.py
[2025-04-13T18:08:16.390+0000] {processor.py:830} INFO - Processing file /home/airflow/.local/lib/python3.8/site-packages/airflow/example_dags/example_subdag_operator.py for tasks to queue
[2025-04-13T18:08:16.394+0000] {logging_mixin.py:188} INFO - [2025-04-13T18:08:16.393+0000] {dagbag.py:538} INFO - Filling up the DagBag from /home/airflow/.local/lib/python3.8/site-packages/airflow/example_dags/example_subdag_operator.py
[2025-04-13T18:08:16.441+0000] {processor.py:840} INFO - DAG(s) 'example_subdag_operator.section-1', 'example_subdag_operator.section-2', 'example_subdag_operator' retrieved from /home/airflow/.local/lib/python3.8/site-packages/airflow/example_dags/example_subdag_operator.py
[2025-04-13T18:08:16.479+0000] {logging_mixin.py:188} INFO - [2025-04-13T18:08:16.478+0000] {dag.py:3036} INFO - Sync 3 DAGs
[2025-04-13T18:08:16.516+0000] {logging_mixin.py:188} INFO - [2025-04-13T18:08:16.516+0000] {dag.py:3823} INFO - Setting next_dagrun for example_subdag_operator to 2022-01-01 00:00:00+00:00, run_after=2022-01-01 00:00:00+00:00
[2025-04-13T18:08:16.523+0000] {logging_mixin.py:188} INFO - [2025-04-13T18:08:16.523+0000] {dag.py:3823} INFO - Setting next_dagrun for example_subdag_operator.section-1 to None, run_after=None
[2025-04-13T18:08:16.526+0000] {logging_mixin.py:188} INFO - [2025-04-13T18:08:16.525+0000] {dag.py:3823} INFO - Setting next_dagrun for example_subdag_operator.section-2 to None, run_after=None
[2025-04-13T18:08:16.540+0000] {logging_mixin.py:188} INFO - [2025-04-13T18:08:16.540+0000] {dag.py:3036} INFO - Sync 2 DAGs
[2025-04-13T18:08:16.551+0000] {logging_mixin.py:188} INFO - [2025-04-13T18:08:16.551+0000] {dag.py:3823} INFO - Setting next_dagrun for example_subdag_operator.section-1 to None, run_after=None
[2025-04-13T18:08:16.552+0000] {logging_mixin.py:188} INFO - [2025-04-13T18:08:16.552+0000] {dag.py:3823} INFO - Setting next_dagrun for example_subdag_operator.section-2 to None, run_after=None
[2025-04-13T18:08:16.576+0000] {processor.py:183} INFO - Processing /home/airflow/.local/lib/python3.8/site-packages/airflow/example_dags/example_subdag_operator.py took 0.197 seconds
[2025-04-13T18:08:49.993+0000] {processor.py:161} INFO - Started process (PID=8755) to work on /home/airflow/.local/lib/python3.8/site-packages/airflow/example_dags/example_subdag_operator.py
[2025-04-13T18:08:49.995+0000] {processor.py:830} INFO - Processing file /home/airflow/.local/lib/python3.8/site-packages/airflow/example_dags/example_subdag_operator.py for tasks to queue
[2025-04-13T18:08:50.000+0000] {logging_mixin.py:188} INFO - [2025-04-13T18:08:49.999+0000] {dagbag.py:538} INFO - Filling up the DagBag from /home/airflow/.local/lib/python3.8/site-packages/airflow/example_dags/example_subdag_operator.py
[2025-04-13T18:08:50.048+0000] {processor.py:840} INFO - DAG(s) 'example_subdag_operator.section-1', 'example_subdag_operator.section-2', 'example_subdag_operator' retrieved from /home/airflow/.local/lib/python3.8/site-packages/airflow/example_dags/example_subdag_operator.py
[2025-04-13T18:08:50.094+0000] {logging_mixin.py:188} INFO - [2025-04-13T18:08:50.093+0000] {dag.py:3036} INFO - Sync 3 DAGs
[2025-04-13T18:08:50.139+0000] {logging_mixin.py:188} INFO - [2025-04-13T18:08:50.138+0000] {dag.py:3823} INFO - Setting next_dagrun for example_subdag_operator to 2022-01-01 00:00:00+00:00, run_after=2022-01-01 00:00:00+00:00
[2025-04-13T18:08:50.147+0000] {logging_mixin.py:188} INFO - [2025-04-13T18:08:50.146+0000] {dag.py:3823} INFO - Setting next_dagrun for example_subdag_operator.section-1 to None, run_after=None
[2025-04-13T18:08:50.150+0000] {logging_mixin.py:188} INFO - [2025-04-13T18:08:50.149+0000] {dag.py:3823} INFO - Setting next_dagrun for example_subdag_operator.section-2 to None, run_after=None
[2025-04-13T18:08:50.163+0000] {logging_mixin.py:188} INFO - [2025-04-13T18:08:50.163+0000] {dag.py:3036} INFO - Sync 2 DAGs
[2025-04-13T18:08:50.172+0000] {logging_mixin.py:188} INFO - [2025-04-13T18:08:50.172+0000] {dag.py:3823} INFO - Setting next_dagrun for example_subdag_operator.section-1 to None, run_after=None
[2025-04-13T18:08:50.173+0000] {logging_mixin.py:188} INFO - [2025-04-13T18:08:50.173+0000] {dag.py:3823} INFO - Setting next_dagrun for example_subdag_operator.section-2 to None, run_after=None
[2025-04-13T18:08:50.200+0000] {processor.py:183} INFO - Processing /home/airflow/.local/lib/python3.8/site-packages/airflow/example_dags/example_subdag_operator.py took 0.213 seconds
[2025-04-13T18:09:23.284+0000] {processor.py:161} INFO - Started process (PID=8811) to work on /home/airflow/.local/lib/python3.8/site-packages/airflow/example_dags/example_subdag_operator.py
[2025-04-13T18:09:23.286+0000] {processor.py:830} INFO - Processing file /home/airflow/.local/lib/python3.8/site-packages/airflow/example_dags/example_subdag_operator.py for tasks to queue
[2025-04-13T18:09:23.290+0000] {logging_mixin.py:188} INFO - [2025-04-13T18:09:23.289+0000] {dagbag.py:538} INFO - Filling up the DagBag from /home/airflow/.local/lib/python3.8/site-packages/airflow/example_dags/example_subdag_operator.py
[2025-04-13T18:09:23.337+0000] {processor.py:840} INFO - DAG(s) 'example_subdag_operator.section-1', 'example_subdag_operator.section-2', 'example_subdag_operator' retrieved from /home/airflow/.local/lib/python3.8/site-packages/airflow/example_dags/example_subdag_operator.py
[2025-04-13T18:09:23.377+0000] {logging_mixin.py:188} INFO - [2025-04-13T18:09:23.377+0000] {dag.py:3036} INFO - Sync 3 DAGs
[2025-04-13T18:09:23.433+0000] {logging_mixin.py:188} INFO - [2025-04-13T18:09:23.432+0000] {dag.py:3823} INFO - Setting next_dagrun for example_subdag_operator to 2022-01-01 00:00:00+00:00, run_after=2022-01-01 00:00:00+00:00
[2025-04-13T18:09:23.440+0000] {logging_mixin.py:188} INFO - [2025-04-13T18:09:23.440+0000] {dag.py:3823} INFO - Setting next_dagrun for example_subdag_operator.section-1 to None, run_after=None
[2025-04-13T18:09:23.443+0000] {logging_mixin.py:188} INFO - [2025-04-13T18:09:23.443+0000] {dag.py:3823} INFO - Setting next_dagrun for example_subdag_operator.section-2 to None, run_after=None
[2025-04-13T18:09:23.458+0000] {logging_mixin.py:188} INFO - [2025-04-13T18:09:23.458+0000] {dag.py:3036} INFO - Sync 2 DAGs
[2025-04-13T18:09:23.470+0000] {logging_mixin.py:188} INFO - [2025-04-13T18:09:23.470+0000] {dag.py:3823} INFO - Setting next_dagrun for example_subdag_operator.section-1 to None, run_after=None
[2025-04-13T18:09:23.472+0000] {logging_mixin.py:188} INFO - [2025-04-13T18:09:23.471+0000] {dag.py:3823} INFO - Setting next_dagrun for example_subdag_operator.section-2 to None, run_after=None
[2025-04-13T18:09:23.494+0000] {processor.py:183} INFO - Processing /home/airflow/.local/lib/python3.8/site-packages/airflow/example_dags/example_subdag_operator.py took 0.220 seconds
[2025-04-13T18:09:54.681+0000] {processor.py:161} INFO - Started process (PID=8868) to work on /home/airflow/.local/lib/python3.8/site-packages/airflow/example_dags/example_subdag_operator.py
[2025-04-13T18:09:54.685+0000] {processor.py:830} INFO - Processing file /home/airflow/.local/lib/python3.8/site-packages/airflow/example_dags/example_subdag_operator.py for tasks to queue
[2025-04-13T18:09:54.693+0000] {logging_mixin.py:188} INFO - [2025-04-13T18:09:54.692+0000] {dagbag.py:538} INFO - Filling up the DagBag from /home/airflow/.local/lib/python3.8/site-packages/airflow/example_dags/example_subdag_operator.py
[2025-04-13T18:09:54.787+0000] {processor.py:840} INFO - DAG(s) 'example_subdag_operator.section-1', 'example_subdag_operator.section-2', 'example_subdag_operator' retrieved from /home/airflow/.local/lib/python3.8/site-packages/airflow/example_dags/example_subdag_operator.py
[2025-04-13T18:09:54.824+0000] {logging_mixin.py:188} INFO - [2025-04-13T18:09:54.823+0000] {dag.py:3036} INFO - Sync 3 DAGs
[2025-04-13T18:09:54.876+0000] {logging_mixin.py:188} INFO - [2025-04-13T18:09:54.875+0000] {dag.py:3823} INFO - Setting next_dagrun for example_subdag_operator to 2022-01-01 00:00:00+00:00, run_after=2022-01-01 00:00:00+00:00
[2025-04-13T18:09:54.885+0000] {logging_mixin.py:188} INFO - [2025-04-13T18:09:54.885+0000] {dag.py:3823} INFO - Setting next_dagrun for example_subdag_operator.section-1 to None, run_after=None
[2025-04-13T18:09:54.888+0000] {logging_mixin.py:188} INFO - [2025-04-13T18:09:54.888+0000] {dag.py:3823} INFO - Setting next_dagrun for example_subdag_operator.section-2 to None, run_after=None
[2025-04-13T18:09:54.902+0000] {logging_mixin.py:188} INFO - [2025-04-13T18:09:54.902+0000] {dag.py:3036} INFO - Sync 2 DAGs
[2025-04-13T18:09:54.953+0000] {logging_mixin.py:188} INFO - [2025-04-13T18:09:54.951+0000] {dag.py:3823} INFO - Setting next_dagrun for example_subdag_operator.section-1 to None, run_after=None
[2025-04-13T18:09:54.955+0000] {logging_mixin.py:188} INFO - [2025-04-13T18:09:54.955+0000] {dag.py:3823} INFO - Setting next_dagrun for example_subdag_operator.section-2 to None, run_after=None
[2025-04-13T18:09:55.018+0000] {processor.py:183} INFO - Processing /home/airflow/.local/lib/python3.8/site-packages/airflow/example_dags/example_subdag_operator.py took 0.352 seconds
[2025-04-13T18:10:28.205+0000] {processor.py:161} INFO - Started process (PID=8923) to work on /home/airflow/.local/lib/python3.8/site-packages/airflow/example_dags/example_subdag_operator.py
[2025-04-13T18:10:28.207+0000] {processor.py:830} INFO - Processing file /home/airflow/.local/lib/python3.8/site-packages/airflow/example_dags/example_subdag_operator.py for tasks to queue
[2025-04-13T18:10:28.211+0000] {logging_mixin.py:188} INFO - [2025-04-13T18:10:28.211+0000] {dagbag.py:538} INFO - Filling up the DagBag from /home/airflow/.local/lib/python3.8/site-packages/airflow/example_dags/example_subdag_operator.py
[2025-04-13T18:10:28.261+0000] {processor.py:840} INFO - DAG(s) 'example_subdag_operator.section-1', 'example_subdag_operator.section-2', 'example_subdag_operator' retrieved from /home/airflow/.local/lib/python3.8/site-packages/airflow/example_dags/example_subdag_operator.py
[2025-04-13T18:10:28.303+0000] {logging_mixin.py:188} INFO - [2025-04-13T18:10:28.298+0000] {dag.py:3036} INFO - Sync 3 DAGs
[2025-04-13T18:10:28.482+0000] {logging_mixin.py:188} INFO - [2025-04-13T18:10:28.482+0000] {dag.py:3823} INFO - Setting next_dagrun for example_subdag_operator to 2022-01-01 00:00:00+00:00, run_after=2022-01-01 00:00:00+00:00
[2025-04-13T18:10:28.512+0000] {logging_mixin.py:188} INFO - [2025-04-13T18:10:28.512+0000] {dag.py:3823} INFO - Setting next_dagrun for example_subdag_operator.section-1 to None, run_after=None
[2025-04-13T18:10:28.533+0000] {logging_mixin.py:188} INFO - [2025-04-13T18:10:28.533+0000] {dag.py:3823} INFO - Setting next_dagrun for example_subdag_operator.section-2 to None, run_after=None
[2025-04-13T18:10:28.560+0000] {logging_mixin.py:188} INFO - [2025-04-13T18:10:28.560+0000] {dag.py:3036} INFO - Sync 2 DAGs
[2025-04-13T18:10:28.572+0000] {logging_mixin.py:188} INFO - [2025-04-13T18:10:28.571+0000] {dag.py:3823} INFO - Setting next_dagrun for example_subdag_operator.section-1 to None, run_after=None
[2025-04-13T18:10:28.573+0000] {logging_mixin.py:188} INFO - [2025-04-13T18:10:28.573+0000] {dag.py:3823} INFO - Setting next_dagrun for example_subdag_operator.section-2 to None, run_after=None
[2025-04-13T18:10:28.598+0000] {processor.py:183} INFO - Processing /home/airflow/.local/lib/python3.8/site-packages/airflow/example_dags/example_subdag_operator.py took 0.400 seconds
[2025-04-13T18:11:00.596+0000] {processor.py:161} INFO - Started process (PID=8979) to work on /home/airflow/.local/lib/python3.8/site-packages/airflow/example_dags/example_subdag_operator.py
[2025-04-13T18:11:00.598+0000] {processor.py:830} INFO - Processing file /home/airflow/.local/lib/python3.8/site-packages/airflow/example_dags/example_subdag_operator.py for tasks to queue
[2025-04-13T18:11:00.602+0000] {logging_mixin.py:188} INFO - [2025-04-13T18:11:00.602+0000] {dagbag.py:538} INFO - Filling up the DagBag from /home/airflow/.local/lib/python3.8/site-packages/airflow/example_dags/example_subdag_operator.py
[2025-04-13T18:11:00.640+0000] {processor.py:840} INFO - DAG(s) 'example_subdag_operator.section-1', 'example_subdag_operator.section-2', 'example_subdag_operator' retrieved from /home/airflow/.local/lib/python3.8/site-packages/airflow/example_dags/example_subdag_operator.py
[2025-04-13T18:11:00.669+0000] {logging_mixin.py:188} INFO - [2025-04-13T18:11:00.668+0000] {dag.py:3036} INFO - Sync 3 DAGs
[2025-04-13T18:11:00.705+0000] {logging_mixin.py:188} INFO - [2025-04-13T18:11:00.704+0000] {dag.py:3823} INFO - Setting next_dagrun for example_subdag_operator to 2022-01-01 00:00:00+00:00, run_after=2022-01-01 00:00:00+00:00
[2025-04-13T18:11:00.710+0000] {logging_mixin.py:188} INFO - [2025-04-13T18:11:00.710+0000] {dag.py:3823} INFO - Setting next_dagrun for example_subdag_operator.section-1 to None, run_after=None
[2025-04-13T18:11:00.713+0000] {logging_mixin.py:188} INFO - [2025-04-13T18:11:00.713+0000] {dag.py:3823} INFO - Setting next_dagrun for example_subdag_operator.section-2 to None, run_after=None
[2025-04-13T18:11:00.729+0000] {logging_mixin.py:188} INFO - [2025-04-13T18:11:00.728+0000] {dag.py:3036} INFO - Sync 2 DAGs
[2025-04-13T18:11:00.739+0000] {logging_mixin.py:188} INFO - [2025-04-13T18:11:00.738+0000] {dag.py:3823} INFO - Setting next_dagrun for example_subdag_operator.section-1 to None, run_after=None
[2025-04-13T18:11:00.740+0000] {logging_mixin.py:188} INFO - [2025-04-13T18:11:00.740+0000] {dag.py:3823} INFO - Setting next_dagrun for example_subdag_operator.section-2 to None, run_after=None
[2025-04-13T18:11:00.799+0000] {processor.py:183} INFO - Processing /home/airflow/.local/lib/python3.8/site-packages/airflow/example_dags/example_subdag_operator.py took 0.209 seconds
[2025-04-13T18:11:33.232+0000] {processor.py:161} INFO - Started process (PID=9034) to work on /home/airflow/.local/lib/python3.8/site-packages/airflow/example_dags/example_subdag_operator.py
[2025-04-13T18:11:33.234+0000] {processor.py:830} INFO - Processing file /home/airflow/.local/lib/python3.8/site-packages/airflow/example_dags/example_subdag_operator.py for tasks to queue
[2025-04-13T18:11:33.239+0000] {logging_mixin.py:188} INFO - [2025-04-13T18:11:33.238+0000] {dagbag.py:538} INFO - Filling up the DagBag from /home/airflow/.local/lib/python3.8/site-packages/airflow/example_dags/example_subdag_operator.py
[2025-04-13T18:11:33.291+0000] {processor.py:840} INFO - DAG(s) 'example_subdag_operator.section-1', 'example_subdag_operator.section-2', 'example_subdag_operator' retrieved from /home/airflow/.local/lib/python3.8/site-packages/airflow/example_dags/example_subdag_operator.py
[2025-04-13T18:11:33.325+0000] {logging_mixin.py:188} INFO - [2025-04-13T18:11:33.325+0000] {dag.py:3036} INFO - Sync 3 DAGs
[2025-04-13T18:11:33.408+0000] {logging_mixin.py:188} INFO - [2025-04-13T18:11:33.407+0000] {dag.py:3823} INFO - Setting next_dagrun for example_subdag_operator to 2022-01-01 00:00:00+00:00, run_after=2022-01-01 00:00:00+00:00
[2025-04-13T18:11:33.420+0000] {logging_mixin.py:188} INFO - [2025-04-13T18:11:33.419+0000] {dag.py:3823} INFO - Setting next_dagrun for example_subdag_operator.section-1 to None, run_after=None
[2025-04-13T18:11:33.423+0000] {logging_mixin.py:188} INFO - [2025-04-13T18:11:33.423+0000] {dag.py:3823} INFO - Setting next_dagrun for example_subdag_operator.section-2 to None, run_after=None
[2025-04-13T18:11:33.442+0000] {logging_mixin.py:188} INFO - [2025-04-13T18:11:33.441+0000] {dag.py:3036} INFO - Sync 2 DAGs
[2025-04-13T18:11:33.456+0000] {logging_mixin.py:188} INFO - [2025-04-13T18:11:33.456+0000] {dag.py:3823} INFO - Setting next_dagrun for example_subdag_operator.section-1 to None, run_after=None
[2025-04-13T18:11:33.458+0000] {logging_mixin.py:188} INFO - [2025-04-13T18:11:33.457+0000] {dag.py:3823} INFO - Setting next_dagrun for example_subdag_operator.section-2 to None, run_after=None
[2025-04-13T18:11:33.520+0000] {processor.py:183} INFO - Processing /home/airflow/.local/lib/python3.8/site-packages/airflow/example_dags/example_subdag_operator.py took 0.294 seconds
[2025-04-13T18:12:06.652+0000] {processor.py:161} INFO - Started process (PID=9090) to work on /home/airflow/.local/lib/python3.8/site-packages/airflow/example_dags/example_subdag_operator.py
[2025-04-13T18:12:06.656+0000] {processor.py:830} INFO - Processing file /home/airflow/.local/lib/python3.8/site-packages/airflow/example_dags/example_subdag_operator.py for tasks to queue
[2025-04-13T18:12:06.664+0000] {logging_mixin.py:188} INFO - [2025-04-13T18:12:06.662+0000] {dagbag.py:538} INFO - Filling up the DagBag from /home/airflow/.local/lib/python3.8/site-packages/airflow/example_dags/example_subdag_operator.py
[2025-04-13T18:12:06.729+0000] {processor.py:840} INFO - DAG(s) 'example_subdag_operator.section-1', 'example_subdag_operator.section-2', 'example_subdag_operator' retrieved from /home/airflow/.local/lib/python3.8/site-packages/airflow/example_dags/example_subdag_operator.py
[2025-04-13T18:12:06.761+0000] {logging_mixin.py:188} INFO - [2025-04-13T18:12:06.761+0000] {dag.py:3036} INFO - Sync 3 DAGs
[2025-04-13T18:12:06.799+0000] {logging_mixin.py:188} INFO - [2025-04-13T18:12:06.799+0000] {dag.py:3823} INFO - Setting next_dagrun for example_subdag_operator to 2022-01-01 00:00:00+00:00, run_after=2022-01-01 00:00:00+00:00
[2025-04-13T18:12:06.807+0000] {logging_mixin.py:188} INFO - [2025-04-13T18:12:06.806+0000] {dag.py:3823} INFO - Setting next_dagrun for example_subdag_operator.section-1 to None, run_after=None
[2025-04-13T18:12:06.810+0000] {logging_mixin.py:188} INFO - [2025-04-13T18:12:06.809+0000] {dag.py:3823} INFO - Setting next_dagrun for example_subdag_operator.section-2 to None, run_after=None
[2025-04-13T18:12:06.843+0000] {logging_mixin.py:188} INFO - [2025-04-13T18:12:06.842+0000] {dag.py:3036} INFO - Sync 2 DAGs
[2025-04-13T18:12:06.855+0000] {logging_mixin.py:188} INFO - [2025-04-13T18:12:06.855+0000] {dag.py:3823} INFO - Setting next_dagrun for example_subdag_operator.section-1 to None, run_after=None
[2025-04-13T18:12:06.857+0000] {logging_mixin.py:188} INFO - [2025-04-13T18:12:06.856+0000] {dag.py:3823} INFO - Setting next_dagrun for example_subdag_operator.section-2 to None, run_after=None
[2025-04-13T18:12:06.898+0000] {processor.py:183} INFO - Processing /home/airflow/.local/lib/python3.8/site-packages/airflow/example_dags/example_subdag_operator.py took 0.264 seconds
[2025-04-13T18:12:37.810+0000] {processor.py:161} INFO - Started process (PID=9145) to work on /home/airflow/.local/lib/python3.8/site-packages/airflow/example_dags/example_subdag_operator.py
[2025-04-13T18:12:37.812+0000] {processor.py:830} INFO - Processing file /home/airflow/.local/lib/python3.8/site-packages/airflow/example_dags/example_subdag_operator.py for tasks to queue
[2025-04-13T18:12:37.815+0000] {logging_mixin.py:188} INFO - [2025-04-13T18:12:37.815+0000] {dagbag.py:538} INFO - Filling up the DagBag from /home/airflow/.local/lib/python3.8/site-packages/airflow/example_dags/example_subdag_operator.py
[2025-04-13T18:12:37.861+0000] {processor.py:840} INFO - DAG(s) 'example_subdag_operator.section-1', 'example_subdag_operator.section-2', 'example_subdag_operator' retrieved from /home/airflow/.local/lib/python3.8/site-packages/airflow/example_dags/example_subdag_operator.py
[2025-04-13T18:12:37.887+0000] {logging_mixin.py:188} INFO - [2025-04-13T18:12:37.887+0000] {dag.py:3036} INFO - Sync 3 DAGs
[2025-04-13T18:12:37.923+0000] {logging_mixin.py:188} INFO - [2025-04-13T18:12:37.923+0000] {dag.py:3823} INFO - Setting next_dagrun for example_subdag_operator to 2022-01-01 00:00:00+00:00, run_after=2022-01-01 00:00:00+00:00
[2025-04-13T18:12:37.930+0000] {logging_mixin.py:188} INFO - [2025-04-13T18:12:37.929+0000] {dag.py:3823} INFO - Setting next_dagrun for example_subdag_operator.section-1 to None, run_after=None
[2025-04-13T18:12:37.933+0000] {logging_mixin.py:188} INFO - [2025-04-13T18:12:37.932+0000] {dag.py:3823} INFO - Setting next_dagrun for example_subdag_operator.section-2 to None, run_after=None
[2025-04-13T18:12:37.945+0000] {logging_mixin.py:188} INFO - [2025-04-13T18:12:37.945+0000] {dag.py:3036} INFO - Sync 2 DAGs
[2025-04-13T18:12:37.955+0000] {logging_mixin.py:188} INFO - [2025-04-13T18:12:37.954+0000] {dag.py:3823} INFO - Setting next_dagrun for example_subdag_operator.section-1 to None, run_after=None
[2025-04-13T18:12:37.956+0000] {logging_mixin.py:188} INFO - [2025-04-13T18:12:37.955+0000] {dag.py:3823} INFO - Setting next_dagrun for example_subdag_operator.section-2 to None, run_after=None
[2025-04-13T18:12:38.039+0000] {processor.py:183} INFO - Processing /home/airflow/.local/lib/python3.8/site-packages/airflow/example_dags/example_subdag_operator.py took 0.234 seconds
[2025-04-13T18:13:08.760+0000] {processor.py:161} INFO - Started process (PID=9201) to work on /home/airflow/.local/lib/python3.8/site-packages/airflow/example_dags/example_subdag_operator.py
[2025-04-13T18:13:08.763+0000] {processor.py:830} INFO - Processing file /home/airflow/.local/lib/python3.8/site-packages/airflow/example_dags/example_subdag_operator.py for tasks to queue
[2025-04-13T18:13:08.767+0000] {logging_mixin.py:188} INFO - [2025-04-13T18:13:08.766+0000] {dagbag.py:538} INFO - Filling up the DagBag from /home/airflow/.local/lib/python3.8/site-packages/airflow/example_dags/example_subdag_operator.py
[2025-04-13T18:13:08.826+0000] {processor.py:840} INFO - DAG(s) 'example_subdag_operator.section-1', 'example_subdag_operator.section-2', 'example_subdag_operator' retrieved from /home/airflow/.local/lib/python3.8/site-packages/airflow/example_dags/example_subdag_operator.py
[2025-04-13T18:13:08.855+0000] {logging_mixin.py:188} INFO - [2025-04-13T18:13:08.854+0000] {dag.py:3036} INFO - Sync 3 DAGs
[2025-04-13T18:13:08.891+0000] {logging_mixin.py:188} INFO - [2025-04-13T18:13:08.891+0000] {dag.py:3823} INFO - Setting next_dagrun for example_subdag_operator to 2022-01-01 00:00:00+00:00, run_after=2022-01-01 00:00:00+00:00
[2025-04-13T18:13:08.898+0000] {logging_mixin.py:188} INFO - [2025-04-13T18:13:08.897+0000] {dag.py:3823} INFO - Setting next_dagrun for example_subdag_operator.section-1 to None, run_after=None
[2025-04-13T18:13:08.900+0000] {logging_mixin.py:188} INFO - [2025-04-13T18:13:08.900+0000] {dag.py:3823} INFO - Setting next_dagrun for example_subdag_operator.section-2 to None, run_after=None
[2025-04-13T18:13:08.916+0000] {logging_mixin.py:188} INFO - [2025-04-13T18:13:08.915+0000] {dag.py:3036} INFO - Sync 2 DAGs
[2025-04-13T18:13:08.926+0000] {logging_mixin.py:188} INFO - [2025-04-13T18:13:08.926+0000] {dag.py:3823} INFO - Setting next_dagrun for example_subdag_operator.section-1 to None, run_after=None
[2025-04-13T18:13:08.927+0000] {logging_mixin.py:188} INFO - [2025-04-13T18:13:08.927+0000] {dag.py:3823} INFO - Setting next_dagrun for example_subdag_operator.section-2 to None, run_after=None
[2025-04-13T18:13:08.956+0000] {processor.py:183} INFO - Processing /home/airflow/.local/lib/python3.8/site-packages/airflow/example_dags/example_subdag_operator.py took 0.205 seconds
[2025-04-13T18:13:41.593+0000] {processor.py:161} INFO - Started process (PID=9256) to work on /home/airflow/.local/lib/python3.8/site-packages/airflow/example_dags/example_subdag_operator.py
[2025-04-13T18:13:41.598+0000] {processor.py:830} INFO - Processing file /home/airflow/.local/lib/python3.8/site-packages/airflow/example_dags/example_subdag_operator.py for tasks to queue
[2025-04-13T18:13:41.607+0000] {logging_mixin.py:188} INFO - [2025-04-13T18:13:41.606+0000] {dagbag.py:538} INFO - Filling up the DagBag from /home/airflow/.local/lib/python3.8/site-packages/airflow/example_dags/example_subdag_operator.py
[2025-04-13T18:13:41.688+0000] {processor.py:840} INFO - DAG(s) 'example_subdag_operator.section-1', 'example_subdag_operator.section-2', 'example_subdag_operator' retrieved from /home/airflow/.local/lib/python3.8/site-packages/airflow/example_dags/example_subdag_operator.py
[2025-04-13T18:13:41.724+0000] {logging_mixin.py:188} INFO - [2025-04-13T18:13:41.723+0000] {dag.py:3036} INFO - Sync 3 DAGs
[2025-04-13T18:13:41.772+0000] {logging_mixin.py:188} INFO - [2025-04-13T18:13:41.772+0000] {dag.py:3823} INFO - Setting next_dagrun for example_subdag_operator to 2022-01-01 00:00:00+00:00, run_after=2022-01-01 00:00:00+00:00
[2025-04-13T18:13:41.782+0000] {logging_mixin.py:188} INFO - [2025-04-13T18:13:41.781+0000] {dag.py:3823} INFO - Setting next_dagrun for example_subdag_operator.section-1 to None, run_after=None
[2025-04-13T18:13:41.785+0000] {logging_mixin.py:188} INFO - [2025-04-13T18:13:41.785+0000] {dag.py:3823} INFO - Setting next_dagrun for example_subdag_operator.section-2 to None, run_after=None
[2025-04-13T18:13:41.803+0000] {logging_mixin.py:188} INFO - [2025-04-13T18:13:41.803+0000] {dag.py:3036} INFO - Sync 2 DAGs
[2025-04-13T18:13:41.822+0000] {logging_mixin.py:188} INFO - [2025-04-13T18:13:41.821+0000] {dag.py:3823} INFO - Setting next_dagrun for example_subdag_operator.section-1 to None, run_after=None
[2025-04-13T18:13:41.830+0000] {logging_mixin.py:188} INFO - [2025-04-13T18:13:41.829+0000] {dag.py:3823} INFO - Setting next_dagrun for example_subdag_operator.section-2 to None, run_after=None
[2025-04-13T18:13:41.883+0000] {processor.py:183} INFO - Processing /home/airflow/.local/lib/python3.8/site-packages/airflow/example_dags/example_subdag_operator.py took 0.307 seconds
[2025-04-13T18:14:13.128+0000] {processor.py:161} INFO - Started process (PID=9311) to work on /home/airflow/.local/lib/python3.8/site-packages/airflow/example_dags/example_subdag_operator.py
[2025-04-13T18:14:13.130+0000] {processor.py:830} INFO - Processing file /home/airflow/.local/lib/python3.8/site-packages/airflow/example_dags/example_subdag_operator.py for tasks to queue
[2025-04-13T18:14:13.134+0000] {logging_mixin.py:188} INFO - [2025-04-13T18:14:13.134+0000] {dagbag.py:538} INFO - Filling up the DagBag from /home/airflow/.local/lib/python3.8/site-packages/airflow/example_dags/example_subdag_operator.py
[2025-04-13T18:14:13.199+0000] {processor.py:840} INFO - DAG(s) 'example_subdag_operator.section-1', 'example_subdag_operator.section-2', 'example_subdag_operator' retrieved from /home/airflow/.local/lib/python3.8/site-packages/airflow/example_dags/example_subdag_operator.py
[2025-04-13T18:14:13.233+0000] {logging_mixin.py:188} INFO - [2025-04-13T18:14:13.233+0000] {dag.py:3036} INFO - Sync 3 DAGs
[2025-04-13T18:14:13.284+0000] {logging_mixin.py:188} INFO - [2025-04-13T18:14:13.284+0000] {dag.py:3823} INFO - Setting next_dagrun for example_subdag_operator to 2022-01-01 00:00:00+00:00, run_after=2022-01-01 00:00:00+00:00
[2025-04-13T18:14:13.292+0000] {logging_mixin.py:188} INFO - [2025-04-13T18:14:13.292+0000] {dag.py:3823} INFO - Setting next_dagrun for example_subdag_operator.section-1 to None, run_after=None
[2025-04-13T18:14:13.295+0000] {logging_mixin.py:188} INFO - [2025-04-13T18:14:13.294+0000] {dag.py:3823} INFO - Setting next_dagrun for example_subdag_operator.section-2 to None, run_after=None
[2025-04-13T18:14:13.309+0000] {logging_mixin.py:188} INFO - [2025-04-13T18:14:13.309+0000] {dag.py:3036} INFO - Sync 2 DAGs
[2025-04-13T18:14:13.318+0000] {logging_mixin.py:188} INFO - [2025-04-13T18:14:13.318+0000] {dag.py:3823} INFO - Setting next_dagrun for example_subdag_operator.section-1 to None, run_after=None
[2025-04-13T18:14:13.319+0000] {logging_mixin.py:188} INFO - [2025-04-13T18:14:13.319+0000] {dag.py:3823} INFO - Setting next_dagrun for example_subdag_operator.section-2 to None, run_after=None
[2025-04-13T18:14:13.339+0000] {processor.py:183} INFO - Processing /home/airflow/.local/lib/python3.8/site-packages/airflow/example_dags/example_subdag_operator.py took 0.216 seconds
[2025-04-13T18:14:47.257+0000] {processor.py:161} INFO - Started process (PID=9367) to work on /home/airflow/.local/lib/python3.8/site-packages/airflow/example_dags/example_subdag_operator.py
[2025-04-13T18:14:47.262+0000] {processor.py:830} INFO - Processing file /home/airflow/.local/lib/python3.8/site-packages/airflow/example_dags/example_subdag_operator.py for tasks to queue
[2025-04-13T18:14:47.269+0000] {logging_mixin.py:188} INFO - [2025-04-13T18:14:47.268+0000] {dagbag.py:538} INFO - Filling up the DagBag from /home/airflow/.local/lib/python3.8/site-packages/airflow/example_dags/example_subdag_operator.py
[2025-04-13T18:14:47.326+0000] {processor.py:840} INFO - DAG(s) 'example_subdag_operator.section-1', 'example_subdag_operator.section-2', 'example_subdag_operator' retrieved from /home/airflow/.local/lib/python3.8/site-packages/airflow/example_dags/example_subdag_operator.py
[2025-04-13T18:14:47.360+0000] {logging_mixin.py:188} INFO - [2025-04-13T18:14:47.360+0000] {dag.py:3036} INFO - Sync 3 DAGs
[2025-04-13T18:14:47.412+0000] {logging_mixin.py:188} INFO - [2025-04-13T18:14:47.412+0000] {dag.py:3823} INFO - Setting next_dagrun for example_subdag_operator to 2022-01-01 00:00:00+00:00, run_after=2022-01-01 00:00:00+00:00
[2025-04-13T18:14:47.421+0000] {logging_mixin.py:188} INFO - [2025-04-13T18:14:47.421+0000] {dag.py:3823} INFO - Setting next_dagrun for example_subdag_operator.section-1 to None, run_after=None
[2025-04-13T18:14:47.425+0000] {logging_mixin.py:188} INFO - [2025-04-13T18:14:47.425+0000] {dag.py:3823} INFO - Setting next_dagrun for example_subdag_operator.section-2 to None, run_after=None
[2025-04-13T18:14:47.446+0000] {logging_mixin.py:188} INFO - [2025-04-13T18:14:47.446+0000] {dag.py:3036} INFO - Sync 2 DAGs
[2025-04-13T18:14:47.459+0000] {logging_mixin.py:188} INFO - [2025-04-13T18:14:47.458+0000] {dag.py:3823} INFO - Setting next_dagrun for example_subdag_operator.section-1 to None, run_after=None
[2025-04-13T18:14:47.460+0000] {logging_mixin.py:188} INFO - [2025-04-13T18:14:47.460+0000] {dag.py:3823} INFO - Setting next_dagrun for example_subdag_operator.section-2 to None, run_after=None
[2025-04-13T18:14:47.481+0000] {processor.py:183} INFO - Processing /home/airflow/.local/lib/python3.8/site-packages/airflow/example_dags/example_subdag_operator.py took 0.239 seconds
[2025-04-13T18:15:19.108+0000] {processor.py:161} INFO - Started process (PID=9423) to work on /home/airflow/.local/lib/python3.8/site-packages/airflow/example_dags/example_subdag_operator.py
[2025-04-13T18:15:19.111+0000] {processor.py:830} INFO - Processing file /home/airflow/.local/lib/python3.8/site-packages/airflow/example_dags/example_subdag_operator.py for tasks to queue
[2025-04-13T18:15:19.116+0000] {logging_mixin.py:188} INFO - [2025-04-13T18:15:19.115+0000] {dagbag.py:538} INFO - Filling up the DagBag from /home/airflow/.local/lib/python3.8/site-packages/airflow/example_dags/example_subdag_operator.py
[2025-04-13T18:15:19.177+0000] {processor.py:840} INFO - DAG(s) 'example_subdag_operator.section-1', 'example_subdag_operator.section-2', 'example_subdag_operator' retrieved from /home/airflow/.local/lib/python3.8/site-packages/airflow/example_dags/example_subdag_operator.py
[2025-04-13T18:15:19.247+0000] {logging_mixin.py:188} INFO - [2025-04-13T18:15:19.246+0000] {dag.py:3036} INFO - Sync 3 DAGs
[2025-04-13T18:15:19.321+0000] {logging_mixin.py:188} INFO - [2025-04-13T18:15:19.321+0000] {dag.py:3823} INFO - Setting next_dagrun for example_subdag_operator to 2022-01-01 00:00:00+00:00, run_after=2022-01-01 00:00:00+00:00
[2025-04-13T18:15:19.330+0000] {logging_mixin.py:188} INFO - [2025-04-13T18:15:19.329+0000] {dag.py:3823} INFO - Setting next_dagrun for example_subdag_operator.section-1 to None, run_after=None
[2025-04-13T18:15:19.334+0000] {logging_mixin.py:188} INFO - [2025-04-13T18:15:19.334+0000] {dag.py:3823} INFO - Setting next_dagrun for example_subdag_operator.section-2 to None, run_after=None
[2025-04-13T18:15:19.352+0000] {logging_mixin.py:188} INFO - [2025-04-13T18:15:19.352+0000] {dag.py:3036} INFO - Sync 2 DAGs
[2025-04-13T18:15:19.366+0000] {logging_mixin.py:188} INFO - [2025-04-13T18:15:19.365+0000] {dag.py:3823} INFO - Setting next_dagrun for example_subdag_operator.section-1 to None, run_after=None
[2025-04-13T18:15:19.367+0000] {logging_mixin.py:188} INFO - [2025-04-13T18:15:19.367+0000] {dag.py:3823} INFO - Setting next_dagrun for example_subdag_operator.section-2 to None, run_after=None
[2025-04-13T18:15:19.393+0000] {processor.py:183} INFO - Processing /home/airflow/.local/lib/python3.8/site-packages/airflow/example_dags/example_subdag_operator.py took 0.302 seconds
[2025-04-13T18:15:50.028+0000] {processor.py:161} INFO - Started process (PID=9478) to work on /home/airflow/.local/lib/python3.8/site-packages/airflow/example_dags/example_subdag_operator.py
[2025-04-13T18:15:50.030+0000] {processor.py:830} INFO - Processing file /home/airflow/.local/lib/python3.8/site-packages/airflow/example_dags/example_subdag_operator.py for tasks to queue
[2025-04-13T18:15:50.035+0000] {logging_mixin.py:188} INFO - [2025-04-13T18:15:50.035+0000] {dagbag.py:538} INFO - Filling up the DagBag from /home/airflow/.local/lib/python3.8/site-packages/airflow/example_dags/example_subdag_operator.py
[2025-04-13T18:15:50.093+0000] {processor.py:840} INFO - DAG(s) 'example_subdag_operator.section-1', 'example_subdag_operator.section-2', 'example_subdag_operator' retrieved from /home/airflow/.local/lib/python3.8/site-packages/airflow/example_dags/example_subdag_operator.py
[2025-04-13T18:15:50.136+0000] {logging_mixin.py:188} INFO - [2025-04-13T18:15:50.136+0000] {dag.py:3036} INFO - Sync 3 DAGs
[2025-04-13T18:15:50.200+0000] {logging_mixin.py:188} INFO - [2025-04-13T18:15:50.200+0000] {dag.py:3823} INFO - Setting next_dagrun for example_subdag_operator to 2022-01-01 00:00:00+00:00, run_after=2022-01-01 00:00:00+00:00
[2025-04-13T18:15:50.211+0000] {logging_mixin.py:188} INFO - [2025-04-13T18:15:50.211+0000] {dag.py:3823} INFO - Setting next_dagrun for example_subdag_operator.section-1 to None, run_after=None
[2025-04-13T18:15:50.216+0000] {logging_mixin.py:188} INFO - [2025-04-13T18:15:50.216+0000] {dag.py:3823} INFO - Setting next_dagrun for example_subdag_operator.section-2 to None, run_after=None
[2025-04-13T18:15:50.239+0000] {logging_mixin.py:188} INFO - [2025-04-13T18:15:50.238+0000] {dag.py:3036} INFO - Sync 2 DAGs
[2025-04-13T18:15:50.254+0000] {logging_mixin.py:188} INFO - [2025-04-13T18:15:50.253+0000] {dag.py:3823} INFO - Setting next_dagrun for example_subdag_operator.section-1 to None, run_after=None
[2025-04-13T18:15:50.256+0000] {logging_mixin.py:188} INFO - [2025-04-13T18:15:50.256+0000] {dag.py:3823} INFO - Setting next_dagrun for example_subdag_operator.section-2 to None, run_after=None
[2025-04-13T18:15:50.336+0000] {processor.py:183} INFO - Processing /home/airflow/.local/lib/python3.8/site-packages/airflow/example_dags/example_subdag_operator.py took 0.318 seconds
[2025-04-13T18:16:23.932+0000] {processor.py:161} INFO - Started process (PID=9534) to work on /home/airflow/.local/lib/python3.8/site-packages/airflow/example_dags/example_subdag_operator.py
[2025-04-13T18:16:23.934+0000] {processor.py:830} INFO - Processing file /home/airflow/.local/lib/python3.8/site-packages/airflow/example_dags/example_subdag_operator.py for tasks to queue
[2025-04-13T18:16:23.937+0000] {logging_mixin.py:188} INFO - [2025-04-13T18:16:23.937+0000] {dagbag.py:538} INFO - Filling up the DagBag from /home/airflow/.local/lib/python3.8/site-packages/airflow/example_dags/example_subdag_operator.py
[2025-04-13T18:16:23.982+0000] {processor.py:840} INFO - DAG(s) 'example_subdag_operator.section-1', 'example_subdag_operator.section-2', 'example_subdag_operator' retrieved from /home/airflow/.local/lib/python3.8/site-packages/airflow/example_dags/example_subdag_operator.py
[2025-04-13T18:16:24.012+0000] {logging_mixin.py:188} INFO - [2025-04-13T18:16:24.011+0000] {dag.py:3036} INFO - Sync 3 DAGs
[2025-04-13T18:16:24.054+0000] {logging_mixin.py:188} INFO - [2025-04-13T18:16:24.054+0000] {dag.py:3823} INFO - Setting next_dagrun for example_subdag_operator to 2022-01-01 00:00:00+00:00, run_after=2022-01-01 00:00:00+00:00
[2025-04-13T18:16:24.062+0000] {logging_mixin.py:188} INFO - [2025-04-13T18:16:24.061+0000] {dag.py:3823} INFO - Setting next_dagrun for example_subdag_operator.section-1 to None, run_after=None
[2025-04-13T18:16:24.066+0000] {logging_mixin.py:188} INFO - [2025-04-13T18:16:24.064+0000] {dag.py:3823} INFO - Setting next_dagrun for example_subdag_operator.section-2 to None, run_after=None
[2025-04-13T18:16:24.083+0000] {logging_mixin.py:188} INFO - [2025-04-13T18:16:24.082+0000] {dag.py:3036} INFO - Sync 2 DAGs
[2025-04-13T18:16:24.094+0000] {logging_mixin.py:188} INFO - [2025-04-13T18:16:24.094+0000] {dag.py:3823} INFO - Setting next_dagrun for example_subdag_operator.section-1 to None, run_after=None
[2025-04-13T18:16:24.096+0000] {logging_mixin.py:188} INFO - [2025-04-13T18:16:24.095+0000] {dag.py:3823} INFO - Setting next_dagrun for example_subdag_operator.section-2 to None, run_after=None
[2025-04-13T18:16:24.121+0000] {processor.py:183} INFO - Processing /home/airflow/.local/lib/python3.8/site-packages/airflow/example_dags/example_subdag_operator.py took 0.196 seconds
[2025-04-13T18:16:56.392+0000] {processor.py:161} INFO - Started process (PID=9590) to work on /home/airflow/.local/lib/python3.8/site-packages/airflow/example_dags/example_subdag_operator.py
[2025-04-13T18:16:56.394+0000] {processor.py:830} INFO - Processing file /home/airflow/.local/lib/python3.8/site-packages/airflow/example_dags/example_subdag_operator.py for tasks to queue
[2025-04-13T18:16:56.398+0000] {logging_mixin.py:188} INFO - [2025-04-13T18:16:56.397+0000] {dagbag.py:538} INFO - Filling up the DagBag from /home/airflow/.local/lib/python3.8/site-packages/airflow/example_dags/example_subdag_operator.py
[2025-04-13T18:16:56.437+0000] {processor.py:840} INFO - DAG(s) 'example_subdag_operator.section-1', 'example_subdag_operator.section-2', 'example_subdag_operator' retrieved from /home/airflow/.local/lib/python3.8/site-packages/airflow/example_dags/example_subdag_operator.py
[2025-04-13T18:16:56.468+0000] {logging_mixin.py:188} INFO - [2025-04-13T18:16:56.468+0000] {dag.py:3036} INFO - Sync 3 DAGs
[2025-04-13T18:16:56.512+0000] {logging_mixin.py:188} INFO - [2025-04-13T18:16:56.511+0000] {dag.py:3823} INFO - Setting next_dagrun for example_subdag_operator to 2022-01-01 00:00:00+00:00, run_after=2022-01-01 00:00:00+00:00
[2025-04-13T18:16:56.520+0000] {logging_mixin.py:188} INFO - [2025-04-13T18:16:56.520+0000] {dag.py:3823} INFO - Setting next_dagrun for example_subdag_operator.section-1 to None, run_after=None
[2025-04-13T18:16:56.524+0000] {logging_mixin.py:188} INFO - [2025-04-13T18:16:56.524+0000] {dag.py:3823} INFO - Setting next_dagrun for example_subdag_operator.section-2 to None, run_after=None
[2025-04-13T18:16:56.540+0000] {logging_mixin.py:188} INFO - [2025-04-13T18:16:56.539+0000] {dag.py:3036} INFO - Sync 2 DAGs
[2025-04-13T18:16:56.552+0000] {logging_mixin.py:188} INFO - [2025-04-13T18:16:56.551+0000] {dag.py:3823} INFO - Setting next_dagrun for example_subdag_operator.section-1 to None, run_after=None
[2025-04-13T18:16:56.554+0000] {logging_mixin.py:188} INFO - [2025-04-13T18:16:56.553+0000] {dag.py:3823} INFO - Setting next_dagrun for example_subdag_operator.section-2 to None, run_after=None
[2025-04-13T18:16:56.632+0000] {processor.py:183} INFO - Processing /home/airflow/.local/lib/python3.8/site-packages/airflow/example_dags/example_subdag_operator.py took 0.246 seconds
[2025-04-13T18:17:28.899+0000] {processor.py:161} INFO - Started process (PID=9646) to work on /home/airflow/.local/lib/python3.8/site-packages/airflow/example_dags/example_subdag_operator.py
[2025-04-13T18:17:28.902+0000] {processor.py:830} INFO - Processing file /home/airflow/.local/lib/python3.8/site-packages/airflow/example_dags/example_subdag_operator.py for tasks to queue
[2025-04-13T18:17:28.906+0000] {logging_mixin.py:188} INFO - [2025-04-13T18:17:28.906+0000] {dagbag.py:538} INFO - Filling up the DagBag from /home/airflow/.local/lib/python3.8/site-packages/airflow/example_dags/example_subdag_operator.py
[2025-04-13T18:17:28.957+0000] {processor.py:840} INFO - DAG(s) 'example_subdag_operator.section-1', 'example_subdag_operator.section-2', 'example_subdag_operator' retrieved from /home/airflow/.local/lib/python3.8/site-packages/airflow/example_dags/example_subdag_operator.py
[2025-04-13T18:17:28.984+0000] {logging_mixin.py:188} INFO - [2025-04-13T18:17:28.983+0000] {dag.py:3036} INFO - Sync 3 DAGs
[2025-04-13T18:17:29.028+0000] {logging_mixin.py:188} INFO - [2025-04-13T18:17:29.027+0000] {dag.py:3823} INFO - Setting next_dagrun for example_subdag_operator to 2022-01-01 00:00:00+00:00, run_after=2022-01-01 00:00:00+00:00
[2025-04-13T18:17:29.035+0000] {logging_mixin.py:188} INFO - [2025-04-13T18:17:29.034+0000] {dag.py:3823} INFO - Setting next_dagrun for example_subdag_operator.section-1 to None, run_after=None
[2025-04-13T18:17:29.037+0000] {logging_mixin.py:188} INFO - [2025-04-13T18:17:29.037+0000] {dag.py:3823} INFO - Setting next_dagrun for example_subdag_operator.section-2 to None, run_after=None
[2025-04-13T18:17:29.054+0000] {logging_mixin.py:188} INFO - [2025-04-13T18:17:29.054+0000] {dag.py:3036} INFO - Sync 2 DAGs
[2025-04-13T18:17:29.063+0000] {logging_mixin.py:188} INFO - [2025-04-13T18:17:29.063+0000] {dag.py:3823} INFO - Setting next_dagrun for example_subdag_operator.section-1 to None, run_after=None
[2025-04-13T18:17:29.064+0000] {logging_mixin.py:188} INFO - [2025-04-13T18:17:29.064+0000] {dag.py:3823} INFO - Setting next_dagrun for example_subdag_operator.section-2 to None, run_after=None
[2025-04-13T18:17:29.122+0000] {processor.py:183} INFO - Processing /home/airflow/.local/lib/python3.8/site-packages/airflow/example_dags/example_subdag_operator.py took 0.231 seconds
[2025-04-13T18:18:00.384+0000] {processor.py:161} INFO - Started process (PID=9702) to work on /home/airflow/.local/lib/python3.8/site-packages/airflow/example_dags/example_subdag_operator.py
[2025-04-13T18:18:00.385+0000] {processor.py:830} INFO - Processing file /home/airflow/.local/lib/python3.8/site-packages/airflow/example_dags/example_subdag_operator.py for tasks to queue
[2025-04-13T18:18:00.389+0000] {logging_mixin.py:188} INFO - [2025-04-13T18:18:00.388+0000] {dagbag.py:538} INFO - Filling up the DagBag from /home/airflow/.local/lib/python3.8/site-packages/airflow/example_dags/example_subdag_operator.py
[2025-04-13T18:18:00.436+0000] {processor.py:840} INFO - DAG(s) 'example_subdag_operator.section-1', 'example_subdag_operator.section-2', 'example_subdag_operator' retrieved from /home/airflow/.local/lib/python3.8/site-packages/airflow/example_dags/example_subdag_operator.py
[2025-04-13T18:18:00.468+0000] {logging_mixin.py:188} INFO - [2025-04-13T18:18:00.468+0000] {dag.py:3036} INFO - Sync 3 DAGs
[2025-04-13T18:18:00.523+0000] {logging_mixin.py:188} INFO - [2025-04-13T18:18:00.522+0000] {dag.py:3823} INFO - Setting next_dagrun for example_subdag_operator to 2022-01-01 00:00:00+00:00, run_after=2022-01-01 00:00:00+00:00
[2025-04-13T18:18:00.544+0000] {logging_mixin.py:188} INFO - [2025-04-13T18:18:00.544+0000] {dag.py:3823} INFO - Setting next_dagrun for example_subdag_operator.section-1 to None, run_after=None
[2025-04-13T18:18:00.558+0000] {logging_mixin.py:188} INFO - [2025-04-13T18:18:00.557+0000] {dag.py:3823} INFO - Setting next_dagrun for example_subdag_operator.section-2 to None, run_after=None
[2025-04-13T18:18:00.599+0000] {logging_mixin.py:188} INFO - [2025-04-13T18:18:00.594+0000] {dag.py:3036} INFO - Sync 2 DAGs
[2025-04-13T18:18:00.618+0000] {logging_mixin.py:188} INFO - [2025-04-13T18:18:00.618+0000] {dag.py:3823} INFO - Setting next_dagrun for example_subdag_operator.section-1 to None, run_after=None
[2025-04-13T18:18:00.625+0000] {logging_mixin.py:188} INFO - [2025-04-13T18:18:00.624+0000] {dag.py:3823} INFO - Setting next_dagrun for example_subdag_operator.section-2 to None, run_after=None
[2025-04-13T18:18:00.688+0000] {processor.py:183} INFO - Processing /home/airflow/.local/lib/python3.8/site-packages/airflow/example_dags/example_subdag_operator.py took 0.310 seconds
[2025-04-13T18:18:30.883+0000] {processor.py:161} INFO - Started process (PID=9758) to work on /home/airflow/.local/lib/python3.8/site-packages/airflow/example_dags/example_subdag_operator.py
[2025-04-13T18:18:30.886+0000] {processor.py:830} INFO - Processing file /home/airflow/.local/lib/python3.8/site-packages/airflow/example_dags/example_subdag_operator.py for tasks to queue
[2025-04-13T18:18:30.891+0000] {logging_mixin.py:188} INFO - [2025-04-13T18:18:30.890+0000] {dagbag.py:538} INFO - Filling up the DagBag from /home/airflow/.local/lib/python3.8/site-packages/airflow/example_dags/example_subdag_operator.py
[2025-04-13T18:18:30.939+0000] {processor.py:840} INFO - DAG(s) 'example_subdag_operator.section-1', 'example_subdag_operator.section-2', 'example_subdag_operator' retrieved from /home/airflow/.local/lib/python3.8/site-packages/airflow/example_dags/example_subdag_operator.py
[2025-04-13T18:18:30.966+0000] {logging_mixin.py:188} INFO - [2025-04-13T18:18:30.966+0000] {dag.py:3036} INFO - Sync 3 DAGs
[2025-04-13T18:18:31.006+0000] {logging_mixin.py:188} INFO - [2025-04-13T18:18:31.005+0000] {dag.py:3823} INFO - Setting next_dagrun for example_subdag_operator to 2022-01-01 00:00:00+00:00, run_after=2022-01-01 00:00:00+00:00
[2025-04-13T18:18:31.016+0000] {logging_mixin.py:188} INFO - [2025-04-13T18:18:31.016+0000] {dag.py:3823} INFO - Setting next_dagrun for example_subdag_operator.section-1 to None, run_after=None
[2025-04-13T18:18:31.020+0000] {logging_mixin.py:188} INFO - [2025-04-13T18:18:31.020+0000] {dag.py:3823} INFO - Setting next_dagrun for example_subdag_operator.section-2 to None, run_after=None
[2025-04-13T18:18:31.042+0000] {logging_mixin.py:188} INFO - [2025-04-13T18:18:31.042+0000] {dag.py:3036} INFO - Sync 2 DAGs
[2025-04-13T18:18:31.055+0000] {logging_mixin.py:188} INFO - [2025-04-13T18:18:31.055+0000] {dag.py:3823} INFO - Setting next_dagrun for example_subdag_operator.section-1 to None, run_after=None
[2025-04-13T18:18:31.056+0000] {logging_mixin.py:188} INFO - [2025-04-13T18:18:31.056+0000] {dag.py:3823} INFO - Setting next_dagrun for example_subdag_operator.section-2 to None, run_after=None
[2025-04-13T18:18:31.082+0000] {processor.py:183} INFO - Processing /home/airflow/.local/lib/python3.8/site-packages/airflow/example_dags/example_subdag_operator.py took 0.211 seconds
[2025-04-13T18:19:03.403+0000] {processor.py:161} INFO - Started process (PID=9814) to work on /home/airflow/.local/lib/python3.8/site-packages/airflow/example_dags/example_subdag_operator.py
[2025-04-13T18:19:03.405+0000] {processor.py:830} INFO - Processing file /home/airflow/.local/lib/python3.8/site-packages/airflow/example_dags/example_subdag_operator.py for tasks to queue
[2025-04-13T18:19:03.409+0000] {logging_mixin.py:188} INFO - [2025-04-13T18:19:03.408+0000] {dagbag.py:538} INFO - Filling up the DagBag from /home/airflow/.local/lib/python3.8/site-packages/airflow/example_dags/example_subdag_operator.py
[2025-04-13T18:19:03.455+0000] {processor.py:840} INFO - DAG(s) 'example_subdag_operator.section-1', 'example_subdag_operator.section-2', 'example_subdag_operator' retrieved from /home/airflow/.local/lib/python3.8/site-packages/airflow/example_dags/example_subdag_operator.py
[2025-04-13T18:19:03.492+0000] {logging_mixin.py:188} INFO - [2025-04-13T18:19:03.491+0000] {dag.py:3036} INFO - Sync 3 DAGs
[2025-04-13T18:19:03.547+0000] {logging_mixin.py:188} INFO - [2025-04-13T18:19:03.546+0000] {dag.py:3823} INFO - Setting next_dagrun for example_subdag_operator to 2022-01-01 00:00:00+00:00, run_after=2022-01-01 00:00:00+00:00
[2025-04-13T18:19:03.555+0000] {logging_mixin.py:188} INFO - [2025-04-13T18:19:03.555+0000] {dag.py:3823} INFO - Setting next_dagrun for example_subdag_operator.section-1 to None, run_after=None
[2025-04-13T18:19:03.558+0000] {logging_mixin.py:188} INFO - [2025-04-13T18:19:03.558+0000] {dag.py:3823} INFO - Setting next_dagrun for example_subdag_operator.section-2 to None, run_after=None
[2025-04-13T18:19:03.574+0000] {logging_mixin.py:188} INFO - [2025-04-13T18:19:03.574+0000] {dag.py:3036} INFO - Sync 2 DAGs
[2025-04-13T18:19:03.586+0000] {logging_mixin.py:188} INFO - [2025-04-13T18:19:03.585+0000] {dag.py:3823} INFO - Setting next_dagrun for example_subdag_operator.section-1 to None, run_after=None
[2025-04-13T18:19:03.589+0000] {logging_mixin.py:188} INFO - [2025-04-13T18:19:03.589+0000] {dag.py:3823} INFO - Setting next_dagrun for example_subdag_operator.section-2 to None, run_after=None
[2025-04-13T18:19:03.629+0000] {processor.py:183} INFO - Processing /home/airflow/.local/lib/python3.8/site-packages/airflow/example_dags/example_subdag_operator.py took 0.234 seconds
[2025-04-13T18:19:36.842+0000] {processor.py:161} INFO - Started process (PID=9870) to work on /home/airflow/.local/lib/python3.8/site-packages/airflow/example_dags/example_subdag_operator.py
[2025-04-13T18:19:36.846+0000] {processor.py:830} INFO - Processing file /home/airflow/.local/lib/python3.8/site-packages/airflow/example_dags/example_subdag_operator.py for tasks to queue
[2025-04-13T18:19:36.856+0000] {logging_mixin.py:188} INFO - [2025-04-13T18:19:36.856+0000] {dagbag.py:538} INFO - Filling up the DagBag from /home/airflow/.local/lib/python3.8/site-packages/airflow/example_dags/example_subdag_operator.py
[2025-04-13T18:19:36.908+0000] {processor.py:840} INFO - DAG(s) 'example_subdag_operator.section-1', 'example_subdag_operator.section-2', 'example_subdag_operator' retrieved from /home/airflow/.local/lib/python3.8/site-packages/airflow/example_dags/example_subdag_operator.py
[2025-04-13T18:19:36.940+0000] {logging_mixin.py:188} INFO - [2025-04-13T18:19:36.939+0000] {dag.py:3036} INFO - Sync 3 DAGs
[2025-04-13T18:19:36.995+0000] {logging_mixin.py:188} INFO - [2025-04-13T18:19:36.995+0000] {dag.py:3823} INFO - Setting next_dagrun for example_subdag_operator to 2022-01-01 00:00:00+00:00, run_after=2022-01-01 00:00:00+00:00
[2025-04-13T18:19:37.003+0000] {logging_mixin.py:188} INFO - [2025-04-13T18:19:37.002+0000] {dag.py:3823} INFO - Setting next_dagrun for example_subdag_operator.section-1 to None, run_after=None
[2025-04-13T18:19:37.006+0000] {logging_mixin.py:188} INFO - [2025-04-13T18:19:37.006+0000] {dag.py:3823} INFO - Setting next_dagrun for example_subdag_operator.section-2 to None, run_after=None
[2025-04-13T18:19:37.023+0000] {logging_mixin.py:188} INFO - [2025-04-13T18:19:37.022+0000] {dag.py:3036} INFO - Sync 2 DAGs
[2025-04-13T18:19:37.034+0000] {logging_mixin.py:188} INFO - [2025-04-13T18:19:37.034+0000] {dag.py:3823} INFO - Setting next_dagrun for example_subdag_operator.section-1 to None, run_after=None
[2025-04-13T18:19:37.036+0000] {logging_mixin.py:188} INFO - [2025-04-13T18:19:37.035+0000] {dag.py:3823} INFO - Setting next_dagrun for example_subdag_operator.section-2 to None, run_after=None
[2025-04-13T18:19:37.061+0000] {processor.py:183} INFO - Processing /home/airflow/.local/lib/python3.8/site-packages/airflow/example_dags/example_subdag_operator.py took 0.240 seconds
[2025-04-13T18:20:08.715+0000] {processor.py:161} INFO - Started process (PID=9926) to work on /home/airflow/.local/lib/python3.8/site-packages/airflow/example_dags/example_subdag_operator.py
[2025-04-13T18:20:08.717+0000] {processor.py:830} INFO - Processing file /home/airflow/.local/lib/python3.8/site-packages/airflow/example_dags/example_subdag_operator.py for tasks to queue
[2025-04-13T18:20:08.721+0000] {logging_mixin.py:188} INFO - [2025-04-13T18:20:08.721+0000] {dagbag.py:538} INFO - Filling up the DagBag from /home/airflow/.local/lib/python3.8/site-packages/airflow/example_dags/example_subdag_operator.py
[2025-04-13T18:20:08.770+0000] {processor.py:840} INFO - DAG(s) 'example_subdag_operator.section-1', 'example_subdag_operator.section-2', 'example_subdag_operator' retrieved from /home/airflow/.local/lib/python3.8/site-packages/airflow/example_dags/example_subdag_operator.py
[2025-04-13T18:20:08.806+0000] {logging_mixin.py:188} INFO - [2025-04-13T18:20:08.805+0000] {dag.py:3036} INFO - Sync 3 DAGs
[2025-04-13T18:20:08.858+0000] {logging_mixin.py:188} INFO - [2025-04-13T18:20:08.857+0000] {dag.py:3823} INFO - Setting next_dagrun for example_subdag_operator to 2022-01-01 00:00:00+00:00, run_after=2022-01-01 00:00:00+00:00
[2025-04-13T18:20:08.887+0000] {logging_mixin.py:188} INFO - [2025-04-13T18:20:08.886+0000] {dag.py:3823} INFO - Setting next_dagrun for example_subdag_operator.section-1 to None, run_after=None
[2025-04-13T18:20:08.891+0000] {logging_mixin.py:188} INFO - [2025-04-13T18:20:08.891+0000] {dag.py:3823} INFO - Setting next_dagrun for example_subdag_operator.section-2 to None, run_after=None
[2025-04-13T18:20:09.096+0000] {logging_mixin.py:188} INFO - [2025-04-13T18:20:09.096+0000] {dag.py:3036} INFO - Sync 2 DAGs
[2025-04-13T18:20:09.109+0000] {logging_mixin.py:188} INFO - [2025-04-13T18:20:09.108+0000] {dag.py:3823} INFO - Setting next_dagrun for example_subdag_operator.section-1 to None, run_after=None
[2025-04-13T18:20:09.110+0000] {logging_mixin.py:188} INFO - [2025-04-13T18:20:09.110+0000] {dag.py:3823} INFO - Setting next_dagrun for example_subdag_operator.section-2 to None, run_after=None
[2025-04-13T18:20:09.132+0000] {processor.py:183} INFO - Processing /home/airflow/.local/lib/python3.8/site-packages/airflow/example_dags/example_subdag_operator.py took 0.422 seconds
[2025-04-13T18:20:42.269+0000] {processor.py:161} INFO - Started process (PID=9981) to work on /home/airflow/.local/lib/python3.8/site-packages/airflow/example_dags/example_subdag_operator.py
[2025-04-13T18:20:42.273+0000] {processor.py:830} INFO - Processing file /home/airflow/.local/lib/python3.8/site-packages/airflow/example_dags/example_subdag_operator.py for tasks to queue
[2025-04-13T18:20:42.281+0000] {logging_mixin.py:188} INFO - [2025-04-13T18:20:42.280+0000] {dagbag.py:538} INFO - Filling up the DagBag from /home/airflow/.local/lib/python3.8/site-packages/airflow/example_dags/example_subdag_operator.py
[2025-04-13T18:20:42.369+0000] {processor.py:840} INFO - DAG(s) 'example_subdag_operator.section-1', 'example_subdag_operator.section-2', 'example_subdag_operator' retrieved from /home/airflow/.local/lib/python3.8/site-packages/airflow/example_dags/example_subdag_operator.py
[2025-04-13T18:20:42.420+0000] {logging_mixin.py:188} INFO - [2025-04-13T18:20:42.419+0000] {dag.py:3036} INFO - Sync 3 DAGs
[2025-04-13T18:20:42.483+0000] {logging_mixin.py:188} INFO - [2025-04-13T18:20:42.482+0000] {dag.py:3823} INFO - Setting next_dagrun for example_subdag_operator to 2022-01-01 00:00:00+00:00, run_after=2022-01-01 00:00:00+00:00
[2025-04-13T18:20:42.493+0000] {logging_mixin.py:188} INFO - [2025-04-13T18:20:42.492+0000] {dag.py:3823} INFO - Setting next_dagrun for example_subdag_operator.section-1 to None, run_after=None
[2025-04-13T18:20:42.497+0000] {logging_mixin.py:188} INFO - [2025-04-13T18:20:42.496+0000] {dag.py:3823} INFO - Setting next_dagrun for example_subdag_operator.section-2 to None, run_after=None
[2025-04-13T18:20:42.516+0000] {logging_mixin.py:188} INFO - [2025-04-13T18:20:42.515+0000] {dag.py:3036} INFO - Sync 2 DAGs
[2025-04-13T18:20:42.530+0000] {logging_mixin.py:188} INFO - [2025-04-13T18:20:42.529+0000] {dag.py:3823} INFO - Setting next_dagrun for example_subdag_operator.section-1 to None, run_after=None
[2025-04-13T18:20:42.531+0000] {logging_mixin.py:188} INFO - [2025-04-13T18:20:42.531+0000] {dag.py:3823} INFO - Setting next_dagrun for example_subdag_operator.section-2 to None, run_after=None
[2025-04-13T18:20:42.609+0000] {processor.py:183} INFO - Processing /home/airflow/.local/lib/python3.8/site-packages/airflow/example_dags/example_subdag_operator.py took 0.355 seconds
[2025-04-13T18:21:13.378+0000] {processor.py:161} INFO - Started process (PID=10038) to work on /home/airflow/.local/lib/python3.8/site-packages/airflow/example_dags/example_subdag_operator.py
[2025-04-13T18:21:13.379+0000] {processor.py:830} INFO - Processing file /home/airflow/.local/lib/python3.8/site-packages/airflow/example_dags/example_subdag_operator.py for tasks to queue
[2025-04-13T18:21:13.382+0000] {logging_mixin.py:188} INFO - [2025-04-13T18:21:13.382+0000] {dagbag.py:538} INFO - Filling up the DagBag from /home/airflow/.local/lib/python3.8/site-packages/airflow/example_dags/example_subdag_operator.py
[2025-04-13T18:21:13.424+0000] {processor.py:840} INFO - DAG(s) 'example_subdag_operator.section-1', 'example_subdag_operator.section-2', 'example_subdag_operator' retrieved from /home/airflow/.local/lib/python3.8/site-packages/airflow/example_dags/example_subdag_operator.py
[2025-04-13T18:21:13.455+0000] {logging_mixin.py:188} INFO - [2025-04-13T18:21:13.454+0000] {dag.py:3036} INFO - Sync 3 DAGs
[2025-04-13T18:21:13.488+0000] {logging_mixin.py:188} INFO - [2025-04-13T18:21:13.488+0000] {dag.py:3823} INFO - Setting next_dagrun for example_subdag_operator to 2022-01-01 00:00:00+00:00, run_after=2022-01-01 00:00:00+00:00
[2025-04-13T18:21:13.494+0000] {logging_mixin.py:188} INFO - [2025-04-13T18:21:13.493+0000] {dag.py:3823} INFO - Setting next_dagrun for example_subdag_operator.section-1 to None, run_after=None
[2025-04-13T18:21:13.497+0000] {logging_mixin.py:188} INFO - [2025-04-13T18:21:13.496+0000] {dag.py:3823} INFO - Setting next_dagrun for example_subdag_operator.section-2 to None, run_after=None
[2025-04-13T18:21:13.510+0000] {logging_mixin.py:188} INFO - [2025-04-13T18:21:13.510+0000] {dag.py:3036} INFO - Sync 2 DAGs
[2025-04-13T18:21:13.520+0000] {logging_mixin.py:188} INFO - [2025-04-13T18:21:13.520+0000] {dag.py:3823} INFO - Setting next_dagrun for example_subdag_operator.section-1 to None, run_after=None
[2025-04-13T18:21:13.521+0000] {logging_mixin.py:188} INFO - [2025-04-13T18:21:13.521+0000] {dag.py:3823} INFO - Setting next_dagrun for example_subdag_operator.section-2 to None, run_after=None
[2025-04-13T18:21:13.575+0000] {processor.py:183} INFO - Processing /home/airflow/.local/lib/python3.8/site-packages/airflow/example_dags/example_subdag_operator.py took 0.202 seconds
[2025-04-13T18:21:47.100+0000] {processor.py:161} INFO - Started process (PID=10094) to work on /home/airflow/.local/lib/python3.8/site-packages/airflow/example_dags/example_subdag_operator.py
[2025-04-13T18:21:47.102+0000] {processor.py:830} INFO - Processing file /home/airflow/.local/lib/python3.8/site-packages/airflow/example_dags/example_subdag_operator.py for tasks to queue
[2025-04-13T18:21:47.106+0000] {logging_mixin.py:188} INFO - [2025-04-13T18:21:47.105+0000] {dagbag.py:538} INFO - Filling up the DagBag from /home/airflow/.local/lib/python3.8/site-packages/airflow/example_dags/example_subdag_operator.py
[2025-04-13T18:21:47.154+0000] {processor.py:840} INFO - DAG(s) 'example_subdag_operator.section-1', 'example_subdag_operator.section-2', 'example_subdag_operator' retrieved from /home/airflow/.local/lib/python3.8/site-packages/airflow/example_dags/example_subdag_operator.py
[2025-04-13T18:21:47.192+0000] {logging_mixin.py:188} INFO - [2025-04-13T18:21:47.192+0000] {dag.py:3036} INFO - Sync 3 DAGs
[2025-04-13T18:21:47.242+0000] {logging_mixin.py:188} INFO - [2025-04-13T18:21:47.242+0000] {dag.py:3823} INFO - Setting next_dagrun for example_subdag_operator to 2022-01-01 00:00:00+00:00, run_after=2022-01-01 00:00:00+00:00
[2025-04-13T18:21:47.249+0000] {logging_mixin.py:188} INFO - [2025-04-13T18:21:47.249+0000] {dag.py:3823} INFO - Setting next_dagrun for example_subdag_operator.section-1 to None, run_after=None
[2025-04-13T18:21:47.253+0000] {logging_mixin.py:188} INFO - [2025-04-13T18:21:47.252+0000] {dag.py:3823} INFO - Setting next_dagrun for example_subdag_operator.section-2 to None, run_after=None
[2025-04-13T18:21:47.265+0000] {logging_mixin.py:188} INFO - [2025-04-13T18:21:47.265+0000] {dag.py:3036} INFO - Sync 2 DAGs
[2025-04-13T18:21:47.275+0000] {logging_mixin.py:188} INFO - [2025-04-13T18:21:47.275+0000] {dag.py:3823} INFO - Setting next_dagrun for example_subdag_operator.section-1 to None, run_after=None
[2025-04-13T18:21:47.276+0000] {logging_mixin.py:188} INFO - [2025-04-13T18:21:47.276+0000] {dag.py:3823} INFO - Setting next_dagrun for example_subdag_operator.section-2 to None, run_after=None
[2025-04-13T18:21:47.300+0000] {processor.py:183} INFO - Processing /home/airflow/.local/lib/python3.8/site-packages/airflow/example_dags/example_subdag_operator.py took 0.207 seconds
[2025-04-13T18:22:20.570+0000] {processor.py:161} INFO - Started process (PID=10150) to work on /home/airflow/.local/lib/python3.8/site-packages/airflow/example_dags/example_subdag_operator.py
[2025-04-13T18:22:20.574+0000] {processor.py:830} INFO - Processing file /home/airflow/.local/lib/python3.8/site-packages/airflow/example_dags/example_subdag_operator.py for tasks to queue
[2025-04-13T18:22:20.582+0000] {logging_mixin.py:188} INFO - [2025-04-13T18:22:20.580+0000] {dagbag.py:538} INFO - Filling up the DagBag from /home/airflow/.local/lib/python3.8/site-packages/airflow/example_dags/example_subdag_operator.py
[2025-04-13T18:22:20.668+0000] {processor.py:840} INFO - DAG(s) 'example_subdag_operator.section-1', 'example_subdag_operator.section-2', 'example_subdag_operator' retrieved from /home/airflow/.local/lib/python3.8/site-packages/airflow/example_dags/example_subdag_operator.py
[2025-04-13T18:22:20.731+0000] {logging_mixin.py:188} INFO - [2025-04-13T18:22:20.731+0000] {dag.py:3036} INFO - Sync 3 DAGs
[2025-04-13T18:22:21.030+0000] {logging_mixin.py:188} INFO - [2025-04-13T18:22:21.030+0000] {dag.py:3823} INFO - Setting next_dagrun for example_subdag_operator to 2022-01-01 00:00:00+00:00, run_after=2022-01-01 00:00:00+00:00
[2025-04-13T18:22:21.038+0000] {logging_mixin.py:188} INFO - [2025-04-13T18:22:21.037+0000] {dag.py:3823} INFO - Setting next_dagrun for example_subdag_operator.section-1 to None, run_after=None
[2025-04-13T18:22:21.042+0000] {logging_mixin.py:188} INFO - [2025-04-13T18:22:21.041+0000] {dag.py:3823} INFO - Setting next_dagrun for example_subdag_operator.section-2 to None, run_after=None
[2025-04-13T18:22:21.058+0000] {logging_mixin.py:188} INFO - [2025-04-13T18:22:21.058+0000] {dag.py:3036} INFO - Sync 2 DAGs
[2025-04-13T18:22:21.071+0000] {logging_mixin.py:188} INFO - [2025-04-13T18:22:21.071+0000] {dag.py:3823} INFO - Setting next_dagrun for example_subdag_operator.section-1 to None, run_after=None
[2025-04-13T18:22:21.073+0000] {logging_mixin.py:188} INFO - [2025-04-13T18:22:21.073+0000] {dag.py:3823} INFO - Setting next_dagrun for example_subdag_operator.section-2 to None, run_after=None
[2025-04-13T18:22:21.099+0000] {processor.py:183} INFO - Processing /home/airflow/.local/lib/python3.8/site-packages/airflow/example_dags/example_subdag_operator.py took 0.540 seconds
[2025-04-13T18:22:51.853+0000] {processor.py:161} INFO - Started process (PID=10206) to work on /home/airflow/.local/lib/python3.8/site-packages/airflow/example_dags/example_subdag_operator.py
[2025-04-13T18:22:51.857+0000] {processor.py:830} INFO - Processing file /home/airflow/.local/lib/python3.8/site-packages/airflow/example_dags/example_subdag_operator.py for tasks to queue
[2025-04-13T18:22:51.867+0000] {logging_mixin.py:188} INFO - [2025-04-13T18:22:51.865+0000] {dagbag.py:538} INFO - Filling up the DagBag from /home/airflow/.local/lib/python3.8/site-packages/airflow/example_dags/example_subdag_operator.py
[2025-04-13T18:22:51.965+0000] {processor.py:840} INFO - DAG(s) 'example_subdag_operator.section-1', 'example_subdag_operator.section-2', 'example_subdag_operator' retrieved from /home/airflow/.local/lib/python3.8/site-packages/airflow/example_dags/example_subdag_operator.py
[2025-04-13T18:22:51.996+0000] {logging_mixin.py:188} INFO - [2025-04-13T18:22:51.996+0000] {dag.py:3036} INFO - Sync 3 DAGs
[2025-04-13T18:22:52.033+0000] {logging_mixin.py:188} INFO - [2025-04-13T18:22:52.033+0000] {dag.py:3823} INFO - Setting next_dagrun for example_subdag_operator to 2022-01-01 00:00:00+00:00, run_after=2022-01-01 00:00:00+00:00
[2025-04-13T18:22:52.042+0000] {logging_mixin.py:188} INFO - [2025-04-13T18:22:52.041+0000] {dag.py:3823} INFO - Setting next_dagrun for example_subdag_operator.section-1 to None, run_after=None
[2025-04-13T18:22:52.078+0000] {logging_mixin.py:188} INFO - [2025-04-13T18:22:52.078+0000] {dag.py:3823} INFO - Setting next_dagrun for example_subdag_operator.section-2 to None, run_after=None
[2025-04-13T18:22:52.323+0000] {logging_mixin.py:188} INFO - [2025-04-13T18:22:52.322+0000] {dag.py:3036} INFO - Sync 2 DAGs
[2025-04-13T18:22:52.337+0000] {logging_mixin.py:188} INFO - [2025-04-13T18:22:52.337+0000] {dag.py:3823} INFO - Setting next_dagrun for example_subdag_operator.section-1 to None, run_after=None
[2025-04-13T18:22:52.339+0000] {logging_mixin.py:188} INFO - [2025-04-13T18:22:52.338+0000] {dag.py:3823} INFO - Setting next_dagrun for example_subdag_operator.section-2 to None, run_after=None
[2025-04-13T18:22:52.372+0000] {processor.py:183} INFO - Processing /home/airflow/.local/lib/python3.8/site-packages/airflow/example_dags/example_subdag_operator.py took 0.534 seconds
[2025-04-13T18:23:23.239+0000] {processor.py:161} INFO - Started process (PID=10262) to work on /home/airflow/.local/lib/python3.8/site-packages/airflow/example_dags/example_subdag_operator.py
[2025-04-13T18:23:23.241+0000] {processor.py:830} INFO - Processing file /home/airflow/.local/lib/python3.8/site-packages/airflow/example_dags/example_subdag_operator.py for tasks to queue
[2025-04-13T18:23:23.245+0000] {logging_mixin.py:188} INFO - [2025-04-13T18:23:23.245+0000] {dagbag.py:538} INFO - Filling up the DagBag from /home/airflow/.local/lib/python3.8/site-packages/airflow/example_dags/example_subdag_operator.py
[2025-04-13T18:23:23.300+0000] {processor.py:840} INFO - DAG(s) 'example_subdag_operator.section-1', 'example_subdag_operator.section-2', 'example_subdag_operator' retrieved from /home/airflow/.local/lib/python3.8/site-packages/airflow/example_dags/example_subdag_operator.py
[2025-04-13T18:23:23.333+0000] {logging_mixin.py:188} INFO - [2025-04-13T18:23:23.332+0000] {dag.py:3036} INFO - Sync 3 DAGs
[2025-04-13T18:23:23.378+0000] {logging_mixin.py:188} INFO - [2025-04-13T18:23:23.377+0000] {dag.py:3823} INFO - Setting next_dagrun for example_subdag_operator to 2022-01-01 00:00:00+00:00, run_after=2022-01-01 00:00:00+00:00
[2025-04-13T18:23:23.386+0000] {logging_mixin.py:188} INFO - [2025-04-13T18:23:23.385+0000] {dag.py:3823} INFO - Setting next_dagrun for example_subdag_operator.section-1 to None, run_after=None
[2025-04-13T18:23:23.389+0000] {logging_mixin.py:188} INFO - [2025-04-13T18:23:23.388+0000] {dag.py:3823} INFO - Setting next_dagrun for example_subdag_operator.section-2 to None, run_after=None
[2025-04-13T18:23:23.404+0000] {logging_mixin.py:188} INFO - [2025-04-13T18:23:23.404+0000] {dag.py:3036} INFO - Sync 2 DAGs
[2025-04-13T18:23:23.414+0000] {logging_mixin.py:188} INFO - [2025-04-13T18:23:23.413+0000] {dag.py:3823} INFO - Setting next_dagrun for example_subdag_operator.section-1 to None, run_after=None
[2025-04-13T18:23:23.415+0000] {logging_mixin.py:188} INFO - [2025-04-13T18:23:23.415+0000] {dag.py:3823} INFO - Setting next_dagrun for example_subdag_operator.section-2 to None, run_after=None
[2025-04-13T18:23:23.440+0000] {processor.py:183} INFO - Processing /home/airflow/.local/lib/python3.8/site-packages/airflow/example_dags/example_subdag_operator.py took 0.208 seconds
[2025-04-13T18:23:57.793+0000] {processor.py:161} INFO - Started process (PID=10318) to work on /home/airflow/.local/lib/python3.8/site-packages/airflow/example_dags/example_subdag_operator.py
[2025-04-13T18:23:57.795+0000] {processor.py:830} INFO - Processing file /home/airflow/.local/lib/python3.8/site-packages/airflow/example_dags/example_subdag_operator.py for tasks to queue
[2025-04-13T18:23:57.798+0000] {logging_mixin.py:188} INFO - [2025-04-13T18:23:57.797+0000] {dagbag.py:538} INFO - Filling up the DagBag from /home/airflow/.local/lib/python3.8/site-packages/airflow/example_dags/example_subdag_operator.py
[2025-04-13T18:23:57.838+0000] {processor.py:840} INFO - DAG(s) 'example_subdag_operator.section-1', 'example_subdag_operator.section-2', 'example_subdag_operator' retrieved from /home/airflow/.local/lib/python3.8/site-packages/airflow/example_dags/example_subdag_operator.py
[2025-04-13T18:23:58.096+0000] {logging_mixin.py:188} INFO - [2025-04-13T18:23:58.095+0000] {dag.py:3036} INFO - Sync 3 DAGs
[2025-04-13T18:23:58.143+0000] {logging_mixin.py:188} INFO - [2025-04-13T18:23:58.143+0000] {dag.py:3823} INFO - Setting next_dagrun for example_subdag_operator to 2022-01-01 00:00:00+00:00, run_after=2022-01-01 00:00:00+00:00
[2025-04-13T18:23:58.151+0000] {logging_mixin.py:188} INFO - [2025-04-13T18:23:58.151+0000] {dag.py:3823} INFO - Setting next_dagrun for example_subdag_operator.section-1 to None, run_after=None
[2025-04-13T18:23:58.154+0000] {logging_mixin.py:188} INFO - [2025-04-13T18:23:58.154+0000] {dag.py:3823} INFO - Setting next_dagrun for example_subdag_operator.section-2 to None, run_after=None
[2025-04-13T18:23:58.166+0000] {logging_mixin.py:188} INFO - [2025-04-13T18:23:58.166+0000] {dag.py:3036} INFO - Sync 2 DAGs
[2025-04-13T18:23:58.175+0000] {logging_mixin.py:188} INFO - [2025-04-13T18:23:58.175+0000] {dag.py:3823} INFO - Setting next_dagrun for example_subdag_operator.section-1 to None, run_after=None
[2025-04-13T18:23:58.176+0000] {logging_mixin.py:188} INFO - [2025-04-13T18:23:58.176+0000] {dag.py:3823} INFO - Setting next_dagrun for example_subdag_operator.section-2 to None, run_after=None
[2025-04-13T18:23:58.197+0000] {processor.py:183} INFO - Processing /home/airflow/.local/lib/python3.8/site-packages/airflow/example_dags/example_subdag_operator.py took 0.412 seconds
[2025-04-13T18:24:29.944+0000] {processor.py:161} INFO - Started process (PID=10376) to work on /home/airflow/.local/lib/python3.8/site-packages/airflow/example_dags/example_subdag_operator.py
[2025-04-13T18:24:29.946+0000] {processor.py:830} INFO - Processing file /home/airflow/.local/lib/python3.8/site-packages/airflow/example_dags/example_subdag_operator.py for tasks to queue
[2025-04-13T18:24:29.950+0000] {logging_mixin.py:188} INFO - [2025-04-13T18:24:29.950+0000] {dagbag.py:538} INFO - Filling up the DagBag from /home/airflow/.local/lib/python3.8/site-packages/airflow/example_dags/example_subdag_operator.py
[2025-04-13T18:24:30.001+0000] {processor.py:840} INFO - DAG(s) 'example_subdag_operator.section-1', 'example_subdag_operator.section-2', 'example_subdag_operator' retrieved from /home/airflow/.local/lib/python3.8/site-packages/airflow/example_dags/example_subdag_operator.py
[2025-04-13T18:24:30.032+0000] {logging_mixin.py:188} INFO - [2025-04-13T18:24:30.031+0000] {dag.py:3036} INFO - Sync 3 DAGs
[2025-04-13T18:24:30.075+0000] {logging_mixin.py:188} INFO - [2025-04-13T18:24:30.075+0000] {dag.py:3823} INFO - Setting next_dagrun for example_subdag_operator to 2022-01-01 00:00:00+00:00, run_after=2022-01-01 00:00:00+00:00
[2025-04-13T18:24:30.083+0000] {logging_mixin.py:188} INFO - [2025-04-13T18:24:30.083+0000] {dag.py:3823} INFO - Setting next_dagrun for example_subdag_operator.section-1 to None, run_after=None
[2025-04-13T18:24:30.086+0000] {logging_mixin.py:188} INFO - [2025-04-13T18:24:30.086+0000] {dag.py:3823} INFO - Setting next_dagrun for example_subdag_operator.section-2 to None, run_after=None
[2025-04-13T18:24:30.098+0000] {logging_mixin.py:188} INFO - [2025-04-13T18:24:30.098+0000] {dag.py:3036} INFO - Sync 2 DAGs
[2025-04-13T18:24:30.108+0000] {logging_mixin.py:188} INFO - [2025-04-13T18:24:30.107+0000] {dag.py:3823} INFO - Setting next_dagrun for example_subdag_operator.section-1 to None, run_after=None
[2025-04-13T18:24:30.109+0000] {logging_mixin.py:188} INFO - [2025-04-13T18:24:30.109+0000] {dag.py:3823} INFO - Setting next_dagrun for example_subdag_operator.section-2 to None, run_after=None
[2025-04-13T18:24:30.127+0000] {processor.py:183} INFO - Processing /home/airflow/.local/lib/python3.8/site-packages/airflow/example_dags/example_subdag_operator.py took 0.192 seconds
[2025-04-13T18:25:02.910+0000] {processor.py:161} INFO - Started process (PID=10433) to work on /home/airflow/.local/lib/python3.8/site-packages/airflow/example_dags/example_subdag_operator.py
[2025-04-13T18:25:02.912+0000] {processor.py:830} INFO - Processing file /home/airflow/.local/lib/python3.8/site-packages/airflow/example_dags/example_subdag_operator.py for tasks to queue
[2025-04-13T18:25:02.917+0000] {logging_mixin.py:188} INFO - [2025-04-13T18:25:02.916+0000] {dagbag.py:538} INFO - Filling up the DagBag from /home/airflow/.local/lib/python3.8/site-packages/airflow/example_dags/example_subdag_operator.py
[2025-04-13T18:25:02.967+0000] {processor.py:840} INFO - DAG(s) 'example_subdag_operator.section-1', 'example_subdag_operator.section-2', 'example_subdag_operator' retrieved from /home/airflow/.local/lib/python3.8/site-packages/airflow/example_dags/example_subdag_operator.py
[2025-04-13T18:25:03.004+0000] {logging_mixin.py:188} INFO - [2025-04-13T18:25:03.004+0000] {dag.py:3036} INFO - Sync 3 DAGs
[2025-04-13T18:25:03.048+0000] {logging_mixin.py:188} INFO - [2025-04-13T18:25:03.048+0000] {dag.py:3823} INFO - Setting next_dagrun for example_subdag_operator to 2022-01-01 00:00:00+00:00, run_after=2022-01-01 00:00:00+00:00
[2025-04-13T18:25:03.057+0000] {logging_mixin.py:188} INFO - [2025-04-13T18:25:03.057+0000] {dag.py:3823} INFO - Setting next_dagrun for example_subdag_operator.section-1 to None, run_after=None
[2025-04-13T18:25:03.061+0000] {logging_mixin.py:188} INFO - [2025-04-13T18:25:03.060+0000] {dag.py:3823} INFO - Setting next_dagrun for example_subdag_operator.section-2 to None, run_after=None
[2025-04-13T18:25:03.080+0000] {logging_mixin.py:188} INFO - [2025-04-13T18:25:03.080+0000] {dag.py:3036} INFO - Sync 2 DAGs
[2025-04-13T18:25:03.093+0000] {logging_mixin.py:188} INFO - [2025-04-13T18:25:03.092+0000] {dag.py:3823} INFO - Setting next_dagrun for example_subdag_operator.section-1 to None, run_after=None
[2025-04-13T18:25:03.094+0000] {logging_mixin.py:188} INFO - [2025-04-13T18:25:03.094+0000] {dag.py:3823} INFO - Setting next_dagrun for example_subdag_operator.section-2 to None, run_after=None
[2025-04-13T18:25:03.121+0000] {processor.py:183} INFO - Processing /home/airflow/.local/lib/python3.8/site-packages/airflow/example_dags/example_subdag_operator.py took 0.216 seconds
[2025-04-13T18:25:35.645+0000] {processor.py:161} INFO - Started process (PID=10490) to work on /home/airflow/.local/lib/python3.8/site-packages/airflow/example_dags/example_subdag_operator.py
[2025-04-13T18:25:35.647+0000] {processor.py:830} INFO - Processing file /home/airflow/.local/lib/python3.8/site-packages/airflow/example_dags/example_subdag_operator.py for tasks to queue
[2025-04-13T18:25:35.650+0000] {logging_mixin.py:188} INFO - [2025-04-13T18:25:35.650+0000] {dagbag.py:538} INFO - Filling up the DagBag from /home/airflow/.local/lib/python3.8/site-packages/airflow/example_dags/example_subdag_operator.py
[2025-04-13T18:25:35.693+0000] {processor.py:840} INFO - DAG(s) 'example_subdag_operator.section-1', 'example_subdag_operator.section-2', 'example_subdag_operator' retrieved from /home/airflow/.local/lib/python3.8/site-packages/airflow/example_dags/example_subdag_operator.py
[2025-04-13T18:25:35.723+0000] {logging_mixin.py:188} INFO - [2025-04-13T18:25:35.723+0000] {dag.py:3036} INFO - Sync 3 DAGs
[2025-04-13T18:25:35.766+0000] {logging_mixin.py:188} INFO - [2025-04-13T18:25:35.765+0000] {dag.py:3823} INFO - Setting next_dagrun for example_subdag_operator to 2022-01-01 00:00:00+00:00, run_after=2022-01-01 00:00:00+00:00
[2025-04-13T18:25:35.773+0000] {logging_mixin.py:188} INFO - [2025-04-13T18:25:35.772+0000] {dag.py:3823} INFO - Setting next_dagrun for example_subdag_operator.section-1 to None, run_after=None
[2025-04-13T18:25:35.775+0000] {logging_mixin.py:188} INFO - [2025-04-13T18:25:35.775+0000] {dag.py:3823} INFO - Setting next_dagrun for example_subdag_operator.section-2 to None, run_after=None
[2025-04-13T18:25:35.789+0000] {logging_mixin.py:188} INFO - [2025-04-13T18:25:35.788+0000] {dag.py:3036} INFO - Sync 2 DAGs
[2025-04-13T18:25:35.799+0000] {logging_mixin.py:188} INFO - [2025-04-13T18:25:35.799+0000] {dag.py:3823} INFO - Setting next_dagrun for example_subdag_operator.section-1 to None, run_after=None
[2025-04-13T18:25:35.800+0000] {logging_mixin.py:188} INFO - [2025-04-13T18:25:35.800+0000] {dag.py:3823} INFO - Setting next_dagrun for example_subdag_operator.section-2 to None, run_after=None
[2025-04-13T18:25:35.858+0000] {processor.py:183} INFO - Processing /home/airflow/.local/lib/python3.8/site-packages/airflow/example_dags/example_subdag_operator.py took 0.218 seconds
[2025-04-13T18:26:10.327+0000] {processor.py:161} INFO - Started process (PID=10555) to work on /home/airflow/.local/lib/python3.8/site-packages/airflow/example_dags/example_subdag_operator.py
[2025-04-13T18:26:10.329+0000] {processor.py:830} INFO - Processing file /home/airflow/.local/lib/python3.8/site-packages/airflow/example_dags/example_subdag_operator.py for tasks to queue
[2025-04-13T18:26:10.332+0000] {logging_mixin.py:188} INFO - [2025-04-13T18:26:10.332+0000] {dagbag.py:538} INFO - Filling up the DagBag from /home/airflow/.local/lib/python3.8/site-packages/airflow/example_dags/example_subdag_operator.py
[2025-04-13T18:26:10.374+0000] {processor.py:840} INFO - DAG(s) 'example_subdag_operator.section-1', 'example_subdag_operator.section-2', 'example_subdag_operator' retrieved from /home/airflow/.local/lib/python3.8/site-packages/airflow/example_dags/example_subdag_operator.py
[2025-04-13T18:26:10.400+0000] {logging_mixin.py:188} INFO - [2025-04-13T18:26:10.399+0000] {dag.py:3036} INFO - Sync 3 DAGs
[2025-04-13T18:26:10.442+0000] {logging_mixin.py:188} INFO - [2025-04-13T18:26:10.441+0000] {dag.py:3823} INFO - Setting next_dagrun for example_subdag_operator to 2022-01-01 00:00:00+00:00, run_after=2022-01-01 00:00:00+00:00
[2025-04-13T18:26:10.448+0000] {logging_mixin.py:188} INFO - [2025-04-13T18:26:10.447+0000] {dag.py:3823} INFO - Setting next_dagrun for example_subdag_operator.section-1 to None, run_after=None
[2025-04-13T18:26:10.450+0000] {logging_mixin.py:188} INFO - [2025-04-13T18:26:10.450+0000] {dag.py:3823} INFO - Setting next_dagrun for example_subdag_operator.section-2 to None, run_after=None
[2025-04-13T18:26:10.462+0000] {logging_mixin.py:188} INFO - [2025-04-13T18:26:10.461+0000] {dag.py:3036} INFO - Sync 2 DAGs
[2025-04-13T18:26:10.470+0000] {logging_mixin.py:188} INFO - [2025-04-13T18:26:10.470+0000] {dag.py:3823} INFO - Setting next_dagrun for example_subdag_operator.section-1 to None, run_after=None
[2025-04-13T18:26:10.471+0000] {logging_mixin.py:188} INFO - [2025-04-13T18:26:10.471+0000] {dag.py:3823} INFO - Setting next_dagrun for example_subdag_operator.section-2 to None, run_after=None
[2025-04-13T18:26:10.534+0000] {processor.py:183} INFO - Processing /home/airflow/.local/lib/python3.8/site-packages/airflow/example_dags/example_subdag_operator.py took 0.212 seconds
[2025-04-13T18:26:43.241+0000] {processor.py:161} INFO - Started process (PID=10611) to work on /home/airflow/.local/lib/python3.8/site-packages/airflow/example_dags/example_subdag_operator.py
[2025-04-13T18:26:43.243+0000] {processor.py:830} INFO - Processing file /home/airflow/.local/lib/python3.8/site-packages/airflow/example_dags/example_subdag_operator.py for tasks to queue
[2025-04-13T18:26:43.247+0000] {logging_mixin.py:188} INFO - [2025-04-13T18:26:43.246+0000] {dagbag.py:538} INFO - Filling up the DagBag from /home/airflow/.local/lib/python3.8/site-packages/airflow/example_dags/example_subdag_operator.py
[2025-04-13T18:26:43.290+0000] {processor.py:840} INFO - DAG(s) 'example_subdag_operator.section-1', 'example_subdag_operator.section-2', 'example_subdag_operator' retrieved from /home/airflow/.local/lib/python3.8/site-packages/airflow/example_dags/example_subdag_operator.py
[2025-04-13T18:26:43.322+0000] {logging_mixin.py:188} INFO - [2025-04-13T18:26:43.322+0000] {dag.py:3036} INFO - Sync 3 DAGs
[2025-04-13T18:26:43.367+0000] {logging_mixin.py:188} INFO - [2025-04-13T18:26:43.366+0000] {dag.py:3823} INFO - Setting next_dagrun for example_subdag_operator to 2022-01-01 00:00:00+00:00, run_after=2022-01-01 00:00:00+00:00
[2025-04-13T18:26:43.375+0000] {logging_mixin.py:188} INFO - [2025-04-13T18:26:43.375+0000] {dag.py:3823} INFO - Setting next_dagrun for example_subdag_operator.section-1 to None, run_after=None
[2025-04-13T18:26:43.378+0000] {logging_mixin.py:188} INFO - [2025-04-13T18:26:43.378+0000] {dag.py:3823} INFO - Setting next_dagrun for example_subdag_operator.section-2 to None, run_after=None
[2025-04-13T18:26:43.396+0000] {logging_mixin.py:188} INFO - [2025-04-13T18:26:43.396+0000] {dag.py:3036} INFO - Sync 2 DAGs
[2025-04-13T18:26:43.411+0000] {logging_mixin.py:188} INFO - [2025-04-13T18:26:43.411+0000] {dag.py:3823} INFO - Setting next_dagrun for example_subdag_operator.section-1 to None, run_after=None
[2025-04-13T18:26:43.414+0000] {logging_mixin.py:188} INFO - [2025-04-13T18:26:43.413+0000] {dag.py:3823} INFO - Setting next_dagrun for example_subdag_operator.section-2 to None, run_after=None
[2025-04-13T18:26:43.440+0000] {processor.py:183} INFO - Processing /home/airflow/.local/lib/python3.8/site-packages/airflow/example_dags/example_subdag_operator.py took 0.207 seconds
[2025-04-13T18:27:16.771+0000] {processor.py:161} INFO - Started process (PID=10671) to work on /home/airflow/.local/lib/python3.8/site-packages/airflow/example_dags/example_subdag_operator.py
[2025-04-13T18:27:16.775+0000] {processor.py:830} INFO - Processing file /home/airflow/.local/lib/python3.8/site-packages/airflow/example_dags/example_subdag_operator.py for tasks to queue
[2025-04-13T18:27:16.783+0000] {logging_mixin.py:188} INFO - [2025-04-13T18:27:16.783+0000] {dagbag.py:538} INFO - Filling up the DagBag from /home/airflow/.local/lib/python3.8/site-packages/airflow/example_dags/example_subdag_operator.py
[2025-04-13T18:27:16.859+0000] {processor.py:840} INFO - DAG(s) 'example_subdag_operator.section-1', 'example_subdag_operator.section-2', 'example_subdag_operator' retrieved from /home/airflow/.local/lib/python3.8/site-packages/airflow/example_dags/example_subdag_operator.py
[2025-04-13T18:27:16.930+0000] {logging_mixin.py:188} INFO - [2025-04-13T18:27:16.930+0000] {dag.py:3036} INFO - Sync 3 DAGs
[2025-04-13T18:27:16.973+0000] {logging_mixin.py:188} INFO - [2025-04-13T18:27:16.972+0000] {dag.py:3823} INFO - Setting next_dagrun for example_subdag_operator to 2022-01-01 00:00:00+00:00, run_after=2022-01-01 00:00:00+00:00
[2025-04-13T18:27:16.979+0000] {logging_mixin.py:188} INFO - [2025-04-13T18:27:16.978+0000] {dag.py:3823} INFO - Setting next_dagrun for example_subdag_operator.section-1 to None, run_after=None
[2025-04-13T18:27:16.981+0000] {logging_mixin.py:188} INFO - [2025-04-13T18:27:16.981+0000] {dag.py:3823} INFO - Setting next_dagrun for example_subdag_operator.section-2 to None, run_after=None
[2025-04-13T18:27:16.993+0000] {logging_mixin.py:188} INFO - [2025-04-13T18:27:16.993+0000] {dag.py:3036} INFO - Sync 2 DAGs
[2025-04-13T18:27:17.003+0000] {logging_mixin.py:188} INFO - [2025-04-13T18:27:17.003+0000] {dag.py:3823} INFO - Setting next_dagrun for example_subdag_operator.section-1 to None, run_after=None
[2025-04-13T18:27:17.004+0000] {logging_mixin.py:188} INFO - [2025-04-13T18:27:17.004+0000] {dag.py:3823} INFO - Setting next_dagrun for example_subdag_operator.section-2 to None, run_after=None
[2025-04-13T18:27:17.031+0000] {processor.py:183} INFO - Processing /home/airflow/.local/lib/python3.8/site-packages/airflow/example_dags/example_subdag_operator.py took 0.265 seconds
[2025-04-13T18:27:49.183+0000] {processor.py:161} INFO - Started process (PID=10726) to work on /home/airflow/.local/lib/python3.8/site-packages/airflow/example_dags/example_subdag_operator.py
[2025-04-13T18:27:49.185+0000] {processor.py:830} INFO - Processing file /home/airflow/.local/lib/python3.8/site-packages/airflow/example_dags/example_subdag_operator.py for tasks to queue
[2025-04-13T18:27:49.197+0000] {logging_mixin.py:188} INFO - [2025-04-13T18:27:49.196+0000] {dagbag.py:538} INFO - Filling up the DagBag from /home/airflow/.local/lib/python3.8/site-packages/airflow/example_dags/example_subdag_operator.py
[2025-04-13T18:27:49.252+0000] {processor.py:840} INFO - DAG(s) 'example_subdag_operator.section-1', 'example_subdag_operator.section-2', 'example_subdag_operator' retrieved from /home/airflow/.local/lib/python3.8/site-packages/airflow/example_dags/example_subdag_operator.py
[2025-04-13T18:27:49.282+0000] {logging_mixin.py:188} INFO - [2025-04-13T18:27:49.281+0000] {dag.py:3036} INFO - Sync 3 DAGs
[2025-04-13T18:27:49.339+0000] {logging_mixin.py:188} INFO - [2025-04-13T18:27:49.338+0000] {dag.py:3823} INFO - Setting next_dagrun for example_subdag_operator to 2022-01-01 00:00:00+00:00, run_after=2022-01-01 00:00:00+00:00
[2025-04-13T18:27:49.347+0000] {logging_mixin.py:188} INFO - [2025-04-13T18:27:49.347+0000] {dag.py:3823} INFO - Setting next_dagrun for example_subdag_operator.section-1 to None, run_after=None
[2025-04-13T18:27:49.351+0000] {logging_mixin.py:188} INFO - [2025-04-13T18:27:49.350+0000] {dag.py:3823} INFO - Setting next_dagrun for example_subdag_operator.section-2 to None, run_after=None
[2025-04-13T18:27:49.366+0000] {logging_mixin.py:188} INFO - [2025-04-13T18:27:49.365+0000] {dag.py:3036} INFO - Sync 2 DAGs
[2025-04-13T18:27:49.378+0000] {logging_mixin.py:188} INFO - [2025-04-13T18:27:49.377+0000] {dag.py:3823} INFO - Setting next_dagrun for example_subdag_operator.section-1 to None, run_after=None
[2025-04-13T18:27:49.379+0000] {logging_mixin.py:188} INFO - [2025-04-13T18:27:49.379+0000] {dag.py:3823} INFO - Setting next_dagrun for example_subdag_operator.section-2 to None, run_after=None
[2025-04-13T18:27:49.436+0000] {processor.py:183} INFO - Processing /home/airflow/.local/lib/python3.8/site-packages/airflow/example_dags/example_subdag_operator.py took 0.262 seconds
[2025-04-13T18:28:21.780+0000] {processor.py:161} INFO - Started process (PID=10783) to work on /home/airflow/.local/lib/python3.8/site-packages/airflow/example_dags/example_subdag_operator.py
[2025-04-13T18:28:21.782+0000] {processor.py:830} INFO - Processing file /home/airflow/.local/lib/python3.8/site-packages/airflow/example_dags/example_subdag_operator.py for tasks to queue
[2025-04-13T18:28:21.786+0000] {logging_mixin.py:188} INFO - [2025-04-13T18:28:21.785+0000] {dagbag.py:538} INFO - Filling up the DagBag from /home/airflow/.local/lib/python3.8/site-packages/airflow/example_dags/example_subdag_operator.py
[2025-04-13T18:28:21.830+0000] {processor.py:840} INFO - DAG(s) 'example_subdag_operator.section-1', 'example_subdag_operator.section-2', 'example_subdag_operator' retrieved from /home/airflow/.local/lib/python3.8/site-packages/airflow/example_dags/example_subdag_operator.py
[2025-04-13T18:28:21.858+0000] {logging_mixin.py:188} INFO - [2025-04-13T18:28:21.858+0000] {dag.py:3036} INFO - Sync 3 DAGs
[2025-04-13T18:28:21.895+0000] {logging_mixin.py:188} INFO - [2025-04-13T18:28:21.895+0000] {dag.py:3823} INFO - Setting next_dagrun for example_subdag_operator to 2022-01-01 00:00:00+00:00, run_after=2022-01-01 00:00:00+00:00
[2025-04-13T18:28:21.901+0000] {logging_mixin.py:188} INFO - [2025-04-13T18:28:21.901+0000] {dag.py:3823} INFO - Setting next_dagrun for example_subdag_operator.section-1 to None, run_after=None
[2025-04-13T18:28:21.904+0000] {logging_mixin.py:188} INFO - [2025-04-13T18:28:21.904+0000] {dag.py:3823} INFO - Setting next_dagrun for example_subdag_operator.section-2 to None, run_after=None
[2025-04-13T18:28:21.917+0000] {logging_mixin.py:188} INFO - [2025-04-13T18:28:21.917+0000] {dag.py:3036} INFO - Sync 2 DAGs
[2025-04-13T18:28:21.927+0000] {logging_mixin.py:188} INFO - [2025-04-13T18:28:21.926+0000] {dag.py:3823} INFO - Setting next_dagrun for example_subdag_operator.section-1 to None, run_after=None
[2025-04-13T18:28:21.928+0000] {logging_mixin.py:188} INFO - [2025-04-13T18:28:21.927+0000] {dag.py:3823} INFO - Setting next_dagrun for example_subdag_operator.section-2 to None, run_after=None
[2025-04-13T18:28:22.003+0000] {processor.py:183} INFO - Processing /home/airflow/.local/lib/python3.8/site-packages/airflow/example_dags/example_subdag_operator.py took 0.230 seconds
[2025-04-13T18:28:54.757+0000] {processor.py:161} INFO - Started process (PID=10839) to work on /home/airflow/.local/lib/python3.8/site-packages/airflow/example_dags/example_subdag_operator.py
[2025-04-13T18:28:54.759+0000] {processor.py:830} INFO - Processing file /home/airflow/.local/lib/python3.8/site-packages/airflow/example_dags/example_subdag_operator.py for tasks to queue
[2025-04-13T18:28:54.764+0000] {logging_mixin.py:188} INFO - [2025-04-13T18:28:54.764+0000] {dagbag.py:538} INFO - Filling up the DagBag from /home/airflow/.local/lib/python3.8/site-packages/airflow/example_dags/example_subdag_operator.py
[2025-04-13T18:28:54.816+0000] {processor.py:840} INFO - DAG(s) 'example_subdag_operator.section-1', 'example_subdag_operator.section-2', 'example_subdag_operator' retrieved from /home/airflow/.local/lib/python3.8/site-packages/airflow/example_dags/example_subdag_operator.py
[2025-04-13T18:28:54.852+0000] {logging_mixin.py:188} INFO - [2025-04-13T18:28:54.851+0000] {dag.py:3036} INFO - Sync 3 DAGs
[2025-04-13T18:28:54.897+0000] {logging_mixin.py:188} INFO - [2025-04-13T18:28:54.896+0000] {dag.py:3823} INFO - Setting next_dagrun for example_subdag_operator to 2022-01-01 00:00:00+00:00, run_after=2022-01-01 00:00:00+00:00
[2025-04-13T18:28:54.904+0000] {logging_mixin.py:188} INFO - [2025-04-13T18:28:54.903+0000] {dag.py:3823} INFO - Setting next_dagrun for example_subdag_operator.section-1 to None, run_after=None
[2025-04-13T18:28:54.907+0000] {logging_mixin.py:188} INFO - [2025-04-13T18:28:54.906+0000] {dag.py:3823} INFO - Setting next_dagrun for example_subdag_operator.section-2 to None, run_after=None
[2025-04-13T18:28:54.920+0000] {logging_mixin.py:188} INFO - [2025-04-13T18:28:54.920+0000] {dag.py:3036} INFO - Sync 2 DAGs
[2025-04-13T18:28:54.931+0000] {logging_mixin.py:188} INFO - [2025-04-13T18:28:54.930+0000] {dag.py:3823} INFO - Setting next_dagrun for example_subdag_operator.section-1 to None, run_after=None
[2025-04-13T18:28:54.932+0000] {logging_mixin.py:188} INFO - [2025-04-13T18:28:54.932+0000] {dag.py:3823} INFO - Setting next_dagrun for example_subdag_operator.section-2 to None, run_after=None
[2025-04-13T18:28:54.990+0000] {processor.py:183} INFO - Processing /home/airflow/.local/lib/python3.8/site-packages/airflow/example_dags/example_subdag_operator.py took 0.240 seconds
[2025-04-13T18:29:28.693+0000] {processor.py:161} INFO - Started process (PID=10895) to work on /home/airflow/.local/lib/python3.8/site-packages/airflow/example_dags/example_subdag_operator.py
[2025-04-13T18:29:28.695+0000] {processor.py:830} INFO - Processing file /home/airflow/.local/lib/python3.8/site-packages/airflow/example_dags/example_subdag_operator.py for tasks to queue
[2025-04-13T18:29:28.698+0000] {logging_mixin.py:188} INFO - [2025-04-13T18:29:28.698+0000] {dagbag.py:538} INFO - Filling up the DagBag from /home/airflow/.local/lib/python3.8/site-packages/airflow/example_dags/example_subdag_operator.py
[2025-04-13T18:29:28.742+0000] {processor.py:840} INFO - DAG(s) 'example_subdag_operator.section-1', 'example_subdag_operator.section-2', 'example_subdag_operator' retrieved from /home/airflow/.local/lib/python3.8/site-packages/airflow/example_dags/example_subdag_operator.py
[2025-04-13T18:29:28.779+0000] {logging_mixin.py:188} INFO - [2025-04-13T18:29:28.778+0000] {dag.py:3036} INFO - Sync 3 DAGs
[2025-04-13T18:29:28.817+0000] {logging_mixin.py:188} INFO - [2025-04-13T18:29:28.817+0000] {dag.py:3823} INFO - Setting next_dagrun for example_subdag_operator to 2022-01-01 00:00:00+00:00, run_after=2022-01-01 00:00:00+00:00
[2025-04-13T18:29:28.823+0000] {logging_mixin.py:188} INFO - [2025-04-13T18:29:28.823+0000] {dag.py:3823} INFO - Setting next_dagrun for example_subdag_operator.section-1 to None, run_after=None
[2025-04-13T18:29:28.825+0000] {logging_mixin.py:188} INFO - [2025-04-13T18:29:28.825+0000] {dag.py:3823} INFO - Setting next_dagrun for example_subdag_operator.section-2 to None, run_after=None
[2025-04-13T18:29:28.841+0000] {logging_mixin.py:188} INFO - [2025-04-13T18:29:28.840+0000] {dag.py:3036} INFO - Sync 2 DAGs
[2025-04-13T18:29:28.853+0000] {logging_mixin.py:188} INFO - [2025-04-13T18:29:28.853+0000] {dag.py:3823} INFO - Setting next_dagrun for example_subdag_operator.section-1 to None, run_after=None
[2025-04-13T18:29:28.855+0000] {logging_mixin.py:188} INFO - [2025-04-13T18:29:28.855+0000] {dag.py:3823} INFO - Setting next_dagrun for example_subdag_operator.section-2 to None, run_after=None
[2025-04-13T18:29:28.900+0000] {processor.py:183} INFO - Processing /home/airflow/.local/lib/python3.8/site-packages/airflow/example_dags/example_subdag_operator.py took 0.213 seconds
[2025-04-13T18:30:00.988+0000] {processor.py:161} INFO - Started process (PID=10951) to work on /home/airflow/.local/lib/python3.8/site-packages/airflow/example_dags/example_subdag_operator.py
[2025-04-13T18:30:00.990+0000] {processor.py:830} INFO - Processing file /home/airflow/.local/lib/python3.8/site-packages/airflow/example_dags/example_subdag_operator.py for tasks to queue
[2025-04-13T18:30:00.993+0000] {logging_mixin.py:188} INFO - [2025-04-13T18:30:00.993+0000] {dagbag.py:538} INFO - Filling up the DagBag from /home/airflow/.local/lib/python3.8/site-packages/airflow/example_dags/example_subdag_operator.py
[2025-04-13T18:30:01.040+0000] {processor.py:840} INFO - DAG(s) 'example_subdag_operator.section-1', 'example_subdag_operator.section-2', 'example_subdag_operator' retrieved from /home/airflow/.local/lib/python3.8/site-packages/airflow/example_dags/example_subdag_operator.py
[2025-04-13T18:30:01.074+0000] {logging_mixin.py:188} INFO - [2025-04-13T18:30:01.074+0000] {dag.py:3036} INFO - Sync 3 DAGs
[2025-04-13T18:30:01.122+0000] {logging_mixin.py:188} INFO - [2025-04-13T18:30:01.121+0000] {dag.py:3823} INFO - Setting next_dagrun for example_subdag_operator to 2022-01-01 00:00:00+00:00, run_after=2022-01-01 00:00:00+00:00
[2025-04-13T18:30:01.128+0000] {logging_mixin.py:188} INFO - [2025-04-13T18:30:01.128+0000] {dag.py:3823} INFO - Setting next_dagrun for example_subdag_operator.section-1 to None, run_after=None
[2025-04-13T18:30:01.131+0000] {logging_mixin.py:188} INFO - [2025-04-13T18:30:01.131+0000] {dag.py:3823} INFO - Setting next_dagrun for example_subdag_operator.section-2 to None, run_after=None
[2025-04-13T18:30:01.144+0000] {logging_mixin.py:188} INFO - [2025-04-13T18:30:01.144+0000] {dag.py:3036} INFO - Sync 2 DAGs
[2025-04-13T18:30:01.154+0000] {logging_mixin.py:188} INFO - [2025-04-13T18:30:01.154+0000] {dag.py:3823} INFO - Setting next_dagrun for example_subdag_operator.section-1 to None, run_after=None
[2025-04-13T18:30:01.155+0000] {logging_mixin.py:188} INFO - [2025-04-13T18:30:01.155+0000] {dag.py:3823} INFO - Setting next_dagrun for example_subdag_operator.section-2 to None, run_after=None
[2025-04-13T18:30:01.177+0000] {processor.py:183} INFO - Processing /home/airflow/.local/lib/python3.8/site-packages/airflow/example_dags/example_subdag_operator.py took 0.195 seconds
[2025-04-13T18:30:33.932+0000] {processor.py:161} INFO - Started process (PID=11008) to work on /home/airflow/.local/lib/python3.8/site-packages/airflow/example_dags/example_subdag_operator.py
[2025-04-13T18:30:33.935+0000] {processor.py:830} INFO - Processing file /home/airflow/.local/lib/python3.8/site-packages/airflow/example_dags/example_subdag_operator.py for tasks to queue
[2025-04-13T18:30:33.939+0000] {logging_mixin.py:188} INFO - [2025-04-13T18:30:33.938+0000] {dagbag.py:538} INFO - Filling up the DagBag from /home/airflow/.local/lib/python3.8/site-packages/airflow/example_dags/example_subdag_operator.py
[2025-04-13T18:30:34.007+0000] {processor.py:840} INFO - DAG(s) 'example_subdag_operator.section-1', 'example_subdag_operator.section-2', 'example_subdag_operator' retrieved from /home/airflow/.local/lib/python3.8/site-packages/airflow/example_dags/example_subdag_operator.py
[2025-04-13T18:30:34.041+0000] {logging_mixin.py:188} INFO - [2025-04-13T18:30:34.040+0000] {dag.py:3036} INFO - Sync 3 DAGs
[2025-04-13T18:30:34.080+0000] {logging_mixin.py:188} INFO - [2025-04-13T18:30:34.080+0000] {dag.py:3823} INFO - Setting next_dagrun for example_subdag_operator to 2022-01-01 00:00:00+00:00, run_after=2022-01-01 00:00:00+00:00
[2025-04-13T18:30:34.087+0000] {logging_mixin.py:188} INFO - [2025-04-13T18:30:34.087+0000] {dag.py:3823} INFO - Setting next_dagrun for example_subdag_operator.section-1 to None, run_after=None
[2025-04-13T18:30:34.090+0000] {logging_mixin.py:188} INFO - [2025-04-13T18:30:34.090+0000] {dag.py:3823} INFO - Setting next_dagrun for example_subdag_operator.section-2 to None, run_after=None
[2025-04-13T18:30:34.106+0000] {logging_mixin.py:188} INFO - [2025-04-13T18:30:34.105+0000] {dag.py:3036} INFO - Sync 2 DAGs
[2025-04-13T18:30:34.118+0000] {logging_mixin.py:188} INFO - [2025-04-13T18:30:34.118+0000] {dag.py:3823} INFO - Setting next_dagrun for example_subdag_operator.section-1 to None, run_after=None
[2025-04-13T18:30:34.120+0000] {logging_mixin.py:188} INFO - [2025-04-13T18:30:34.119+0000] {dag.py:3823} INFO - Setting next_dagrun for example_subdag_operator.section-2 to None, run_after=None
[2025-04-13T18:30:34.152+0000] {processor.py:183} INFO - Processing /home/airflow/.local/lib/python3.8/site-packages/airflow/example_dags/example_subdag_operator.py took 0.230 seconds
[2025-04-13T18:31:06.458+0000] {processor.py:161} INFO - Started process (PID=11065) to work on /home/airflow/.local/lib/python3.8/site-packages/airflow/example_dags/example_subdag_operator.py
[2025-04-13T18:31:06.460+0000] {processor.py:830} INFO - Processing file /home/airflow/.local/lib/python3.8/site-packages/airflow/example_dags/example_subdag_operator.py for tasks to queue
[2025-04-13T18:31:06.464+0000] {logging_mixin.py:188} INFO - [2025-04-13T18:31:06.463+0000] {dagbag.py:538} INFO - Filling up the DagBag from /home/airflow/.local/lib/python3.8/site-packages/airflow/example_dags/example_subdag_operator.py
[2025-04-13T18:31:06.506+0000] {processor.py:840} INFO - DAG(s) 'example_subdag_operator.section-1', 'example_subdag_operator.section-2', 'example_subdag_operator' retrieved from /home/airflow/.local/lib/python3.8/site-packages/airflow/example_dags/example_subdag_operator.py
[2025-04-13T18:31:06.551+0000] {logging_mixin.py:188} INFO - [2025-04-13T18:31:06.547+0000] {dag.py:3036} INFO - Sync 3 DAGs
[2025-04-13T18:31:06.605+0000] {logging_mixin.py:188} INFO - [2025-04-13T18:31:06.605+0000] {dag.py:3823} INFO - Setting next_dagrun for example_subdag_operator to 2022-01-01 00:00:00+00:00, run_after=2022-01-01 00:00:00+00:00
[2025-04-13T18:31:06.625+0000] {logging_mixin.py:188} INFO - [2025-04-13T18:31:06.622+0000] {dag.py:3823} INFO - Setting next_dagrun for example_subdag_operator.section-1 to None, run_after=None
[2025-04-13T18:31:06.635+0000] {logging_mixin.py:188} INFO - [2025-04-13T18:31:06.635+0000] {dag.py:3823} INFO - Setting next_dagrun for example_subdag_operator.section-2 to None, run_after=None
[2025-04-13T18:31:06.692+0000] {logging_mixin.py:188} INFO - [2025-04-13T18:31:06.684+0000] {dag.py:3036} INFO - Sync 2 DAGs
[2025-04-13T18:31:06.705+0000] {logging_mixin.py:188} INFO - [2025-04-13T18:31:06.705+0000] {dag.py:3823} INFO - Setting next_dagrun for example_subdag_operator.section-1 to None, run_after=None
[2025-04-13T18:31:06.706+0000] {logging_mixin.py:188} INFO - [2025-04-13T18:31:06.706+0000] {dag.py:3823} INFO - Setting next_dagrun for example_subdag_operator.section-2 to None, run_after=None
[2025-04-13T18:31:06.731+0000] {processor.py:183} INFO - Processing /home/airflow/.local/lib/python3.8/site-packages/airflow/example_dags/example_subdag_operator.py took 0.278 seconds
[2025-04-13T18:31:39.543+0000] {processor.py:161} INFO - Started process (PID=11122) to work on /home/airflow/.local/lib/python3.8/site-packages/airflow/example_dags/example_subdag_operator.py
[2025-04-13T18:31:39.546+0000] {processor.py:830} INFO - Processing file /home/airflow/.local/lib/python3.8/site-packages/airflow/example_dags/example_subdag_operator.py for tasks to queue
[2025-04-13T18:31:39.549+0000] {logging_mixin.py:188} INFO - [2025-04-13T18:31:39.548+0000] {dagbag.py:538} INFO - Filling up the DagBag from /home/airflow/.local/lib/python3.8/site-packages/airflow/example_dags/example_subdag_operator.py
[2025-04-13T18:31:39.593+0000] {processor.py:840} INFO - DAG(s) 'example_subdag_operator.section-1', 'example_subdag_operator.section-2', 'example_subdag_operator' retrieved from /home/airflow/.local/lib/python3.8/site-packages/airflow/example_dags/example_subdag_operator.py
[2025-04-13T18:31:39.643+0000] {logging_mixin.py:188} INFO - [2025-04-13T18:31:39.643+0000] {dag.py:3036} INFO - Sync 3 DAGs
[2025-04-13T18:31:39.700+0000] {logging_mixin.py:188} INFO - [2025-04-13T18:31:39.699+0000] {dag.py:3823} INFO - Setting next_dagrun for example_subdag_operator to 2022-01-01 00:00:00+00:00, run_after=2022-01-01 00:00:00+00:00
[2025-04-13T18:31:39.719+0000] {logging_mixin.py:188} INFO - [2025-04-13T18:31:39.718+0000] {dag.py:3823} INFO - Setting next_dagrun for example_subdag_operator.section-1 to None, run_after=None
[2025-04-13T18:31:39.733+0000] {logging_mixin.py:188} INFO - [2025-04-13T18:31:39.733+0000] {dag.py:3823} INFO - Setting next_dagrun for example_subdag_operator.section-2 to None, run_after=None
[2025-04-13T18:31:39.774+0000] {logging_mixin.py:188} INFO - [2025-04-13T18:31:39.774+0000] {dag.py:3036} INFO - Sync 2 DAGs
[2025-04-13T18:31:39.802+0000] {logging_mixin.py:188} INFO - [2025-04-13T18:31:39.802+0000] {dag.py:3823} INFO - Setting next_dagrun for example_subdag_operator.section-1 to None, run_after=None
[2025-04-13T18:31:39.841+0000] {logging_mixin.py:188} INFO - [2025-04-13T18:31:39.841+0000] {dag.py:3823} INFO - Setting next_dagrun for example_subdag_operator.section-2 to None, run_after=None
[2025-04-13T18:31:39.909+0000] {processor.py:183} INFO - Processing /home/airflow/.local/lib/python3.8/site-packages/airflow/example_dags/example_subdag_operator.py took 0.372 seconds
[2025-04-13T18:32:13.057+0000] {processor.py:161} INFO - Started process (PID=11178) to work on /home/airflow/.local/lib/python3.8/site-packages/airflow/example_dags/example_subdag_operator.py
[2025-04-13T18:32:13.060+0000] {processor.py:830} INFO - Processing file /home/airflow/.local/lib/python3.8/site-packages/airflow/example_dags/example_subdag_operator.py for tasks to queue
[2025-04-13T18:32:13.064+0000] {logging_mixin.py:188} INFO - [2025-04-13T18:32:13.063+0000] {dagbag.py:538} INFO - Filling up the DagBag from /home/airflow/.local/lib/python3.8/site-packages/airflow/example_dags/example_subdag_operator.py
[2025-04-13T18:32:13.121+0000] {processor.py:840} INFO - DAG(s) 'example_subdag_operator.section-1', 'example_subdag_operator.section-2', 'example_subdag_operator' retrieved from /home/airflow/.local/lib/python3.8/site-packages/airflow/example_dags/example_subdag_operator.py
[2025-04-13T18:32:13.154+0000] {logging_mixin.py:188} INFO - [2025-04-13T18:32:13.154+0000] {dag.py:3036} INFO - Sync 3 DAGs
[2025-04-13T18:32:13.211+0000] {logging_mixin.py:188} INFO - [2025-04-13T18:32:13.211+0000] {dag.py:3823} INFO - Setting next_dagrun for example_subdag_operator to 2022-01-01 00:00:00+00:00, run_after=2022-01-01 00:00:00+00:00
[2025-04-13T18:32:13.220+0000] {logging_mixin.py:188} INFO - [2025-04-13T18:32:13.220+0000] {dag.py:3823} INFO - Setting next_dagrun for example_subdag_operator.section-1 to None, run_after=None
[2025-04-13T18:32:13.223+0000] {logging_mixin.py:188} INFO - [2025-04-13T18:32:13.223+0000] {dag.py:3823} INFO - Setting next_dagrun for example_subdag_operator.section-2 to None, run_after=None
[2025-04-13T18:32:13.257+0000] {logging_mixin.py:188} INFO - [2025-04-13T18:32:13.250+0000] {dag.py:3036} INFO - Sync 2 DAGs
[2025-04-13T18:32:13.272+0000] {logging_mixin.py:188} INFO - [2025-04-13T18:32:13.271+0000] {dag.py:3823} INFO - Setting next_dagrun for example_subdag_operator.section-1 to None, run_after=None
[2025-04-13T18:32:13.273+0000] {logging_mixin.py:188} INFO - [2025-04-13T18:32:13.273+0000] {dag.py:3823} INFO - Setting next_dagrun for example_subdag_operator.section-2 to None, run_after=None
[2025-04-13T18:32:13.296+0000] {processor.py:183} INFO - Processing /home/airflow/.local/lib/python3.8/site-packages/airflow/example_dags/example_subdag_operator.py took 0.248 seconds
[2025-04-13T18:32:46.436+0000] {processor.py:161} INFO - Started process (PID=11234) to work on /home/airflow/.local/lib/python3.8/site-packages/airflow/example_dags/example_subdag_operator.py
[2025-04-13T18:32:46.446+0000] {processor.py:830} INFO - Processing file /home/airflow/.local/lib/python3.8/site-packages/airflow/example_dags/example_subdag_operator.py for tasks to queue
[2025-04-13T18:32:46.452+0000] {logging_mixin.py:188} INFO - [2025-04-13T18:32:46.451+0000] {dagbag.py:538} INFO - Filling up the DagBag from /home/airflow/.local/lib/python3.8/site-packages/airflow/example_dags/example_subdag_operator.py
[2025-04-13T18:32:46.527+0000] {processor.py:840} INFO - DAG(s) 'example_subdag_operator.section-1', 'example_subdag_operator.section-2', 'example_subdag_operator' retrieved from /home/airflow/.local/lib/python3.8/site-packages/airflow/example_dags/example_subdag_operator.py
[2025-04-13T18:32:46.565+0000] {logging_mixin.py:188} INFO - [2025-04-13T18:32:46.565+0000] {dag.py:3036} INFO - Sync 3 DAGs
[2025-04-13T18:32:46.611+0000] {logging_mixin.py:188} INFO - [2025-04-13T18:32:46.611+0000] {dag.py:3823} INFO - Setting next_dagrun for example_subdag_operator to 2022-01-01 00:00:00+00:00, run_after=2022-01-01 00:00:00+00:00
[2025-04-13T18:32:46.623+0000] {logging_mixin.py:188} INFO - [2025-04-13T18:32:46.622+0000] {dag.py:3823} INFO - Setting next_dagrun for example_subdag_operator.section-1 to None, run_after=None
[2025-04-13T18:32:46.627+0000] {logging_mixin.py:188} INFO - [2025-04-13T18:32:46.626+0000] {dag.py:3823} INFO - Setting next_dagrun for example_subdag_operator.section-2 to None, run_after=None
[2025-04-13T18:32:46.642+0000] {logging_mixin.py:188} INFO - [2025-04-13T18:32:46.642+0000] {dag.py:3036} INFO - Sync 2 DAGs
[2025-04-13T18:32:46.652+0000] {logging_mixin.py:188} INFO - [2025-04-13T18:32:46.652+0000] {dag.py:3823} INFO - Setting next_dagrun for example_subdag_operator.section-1 to None, run_after=None
[2025-04-13T18:32:46.654+0000] {logging_mixin.py:188} INFO - [2025-04-13T18:32:46.653+0000] {dag.py:3823} INFO - Setting next_dagrun for example_subdag_operator.section-2 to None, run_after=None
[2025-04-13T18:32:46.675+0000] {processor.py:183} INFO - Processing /home/airflow/.local/lib/python3.8/site-packages/airflow/example_dags/example_subdag_operator.py took 0.284 seconds
[2025-04-13T18:33:19.750+0000] {processor.py:161} INFO - Started process (PID=11290) to work on /home/airflow/.local/lib/python3.8/site-packages/airflow/example_dags/example_subdag_operator.py
[2025-04-13T18:33:19.752+0000] {processor.py:830} INFO - Processing file /home/airflow/.local/lib/python3.8/site-packages/airflow/example_dags/example_subdag_operator.py for tasks to queue
[2025-04-13T18:33:19.757+0000] {logging_mixin.py:188} INFO - [2025-04-13T18:33:19.756+0000] {dagbag.py:538} INFO - Filling up the DagBag from /home/airflow/.local/lib/python3.8/site-packages/airflow/example_dags/example_subdag_operator.py
[2025-04-13T18:33:19.841+0000] {processor.py:840} INFO - DAG(s) 'example_subdag_operator.section-1', 'example_subdag_operator.section-2', 'example_subdag_operator' retrieved from /home/airflow/.local/lib/python3.8/site-packages/airflow/example_dags/example_subdag_operator.py
[2025-04-13T18:33:19.903+0000] {logging_mixin.py:188} INFO - [2025-04-13T18:33:19.902+0000] {dag.py:3036} INFO - Sync 3 DAGs
[2025-04-13T18:33:19.983+0000] {logging_mixin.py:188} INFO - [2025-04-13T18:33:19.982+0000] {dag.py:3823} INFO - Setting next_dagrun for example_subdag_operator to 2022-01-01 00:00:00+00:00, run_after=2022-01-01 00:00:00+00:00
[2025-04-13T18:33:19.990+0000] {logging_mixin.py:188} INFO - [2025-04-13T18:33:19.990+0000] {dag.py:3823} INFO - Setting next_dagrun for example_subdag_operator.section-1 to None, run_after=None
[2025-04-13T18:33:19.994+0000] {logging_mixin.py:188} INFO - [2025-04-13T18:33:19.993+0000] {dag.py:3823} INFO - Setting next_dagrun for example_subdag_operator.section-2 to None, run_after=None
[2025-04-13T18:33:20.009+0000] {logging_mixin.py:188} INFO - [2025-04-13T18:33:20.008+0000] {dag.py:3036} INFO - Sync 2 DAGs
[2025-04-13T18:33:20.024+0000] {logging_mixin.py:188} INFO - [2025-04-13T18:33:20.024+0000] {dag.py:3823} INFO - Setting next_dagrun for example_subdag_operator.section-1 to None, run_after=None
[2025-04-13T18:33:20.026+0000] {logging_mixin.py:188} INFO - [2025-04-13T18:33:20.025+0000] {dag.py:3823} INFO - Setting next_dagrun for example_subdag_operator.section-2 to None, run_after=None
[2025-04-13T18:33:20.058+0000] {processor.py:183} INFO - Processing /home/airflow/.local/lib/python3.8/site-packages/airflow/example_dags/example_subdag_operator.py took 0.322 seconds
[2025-04-13T18:33:52.667+0000] {processor.py:161} INFO - Started process (PID=11346) to work on /home/airflow/.local/lib/python3.8/site-packages/airflow/example_dags/example_subdag_operator.py
[2025-04-13T18:33:52.669+0000] {processor.py:830} INFO - Processing file /home/airflow/.local/lib/python3.8/site-packages/airflow/example_dags/example_subdag_operator.py for tasks to queue
[2025-04-13T18:33:52.673+0000] {logging_mixin.py:188} INFO - [2025-04-13T18:33:52.672+0000] {dagbag.py:538} INFO - Filling up the DagBag from /home/airflow/.local/lib/python3.8/site-packages/airflow/example_dags/example_subdag_operator.py
[2025-04-13T18:33:52.750+0000] {processor.py:840} INFO - DAG(s) 'example_subdag_operator.section-1', 'example_subdag_operator.section-2', 'example_subdag_operator' retrieved from /home/airflow/.local/lib/python3.8/site-packages/airflow/example_dags/example_subdag_operator.py
[2025-04-13T18:33:52.851+0000] {logging_mixin.py:188} INFO - [2025-04-13T18:33:52.843+0000] {dag.py:3036} INFO - Sync 3 DAGs
[2025-04-13T18:33:52.901+0000] {logging_mixin.py:188} INFO - [2025-04-13T18:33:52.900+0000] {dag.py:3823} INFO - Setting next_dagrun for example_subdag_operator to 2022-01-01 00:00:00+00:00, run_after=2022-01-01 00:00:00+00:00
[2025-04-13T18:33:52.910+0000] {logging_mixin.py:188} INFO - [2025-04-13T18:33:52.910+0000] {dag.py:3823} INFO - Setting next_dagrun for example_subdag_operator.section-1 to None, run_after=None
[2025-04-13T18:33:52.917+0000] {logging_mixin.py:188} INFO - [2025-04-13T18:33:52.916+0000] {dag.py:3823} INFO - Setting next_dagrun for example_subdag_operator.section-2 to None, run_after=None
[2025-04-13T18:33:52.930+0000] {logging_mixin.py:188} INFO - [2025-04-13T18:33:52.930+0000] {dag.py:3036} INFO - Sync 2 DAGs
[2025-04-13T18:33:52.941+0000] {logging_mixin.py:188} INFO - [2025-04-13T18:33:52.940+0000] {dag.py:3823} INFO - Setting next_dagrun for example_subdag_operator.section-1 to None, run_after=None
[2025-04-13T18:33:52.942+0000] {logging_mixin.py:188} INFO - [2025-04-13T18:33:52.942+0000] {dag.py:3823} INFO - Setting next_dagrun for example_subdag_operator.section-2 to None, run_after=None
[2025-04-13T18:33:52.963+0000] {processor.py:183} INFO - Processing /home/airflow/.local/lib/python3.8/site-packages/airflow/example_dags/example_subdag_operator.py took 0.303 seconds
[2025-04-13T18:34:25.418+0000] {processor.py:161} INFO - Started process (PID=11402) to work on /home/airflow/.local/lib/python3.8/site-packages/airflow/example_dags/example_subdag_operator.py
[2025-04-13T18:34:25.420+0000] {processor.py:830} INFO - Processing file /home/airflow/.local/lib/python3.8/site-packages/airflow/example_dags/example_subdag_operator.py for tasks to queue
[2025-04-13T18:34:25.424+0000] {logging_mixin.py:188} INFO - [2025-04-13T18:34:25.424+0000] {dagbag.py:538} INFO - Filling up the DagBag from /home/airflow/.local/lib/python3.8/site-packages/airflow/example_dags/example_subdag_operator.py
[2025-04-13T18:34:25.464+0000] {processor.py:840} INFO - DAG(s) 'example_subdag_operator.section-1', 'example_subdag_operator.section-2', 'example_subdag_operator' retrieved from /home/airflow/.local/lib/python3.8/site-packages/airflow/example_dags/example_subdag_operator.py
[2025-04-13T18:34:25.489+0000] {logging_mixin.py:188} INFO - [2025-04-13T18:34:25.489+0000] {dag.py:3036} INFO - Sync 3 DAGs
[2025-04-13T18:34:25.528+0000] {logging_mixin.py:188} INFO - [2025-04-13T18:34:25.527+0000] {dag.py:3823} INFO - Setting next_dagrun for example_subdag_operator to 2022-01-01 00:00:00+00:00, run_after=2022-01-01 00:00:00+00:00
[2025-04-13T18:34:25.537+0000] {logging_mixin.py:188} INFO - [2025-04-13T18:34:25.537+0000] {dag.py:3823} INFO - Setting next_dagrun for example_subdag_operator.section-1 to None, run_after=None
[2025-04-13T18:34:25.542+0000] {logging_mixin.py:188} INFO - [2025-04-13T18:34:25.541+0000] {dag.py:3823} INFO - Setting next_dagrun for example_subdag_operator.section-2 to None, run_after=None
[2025-04-13T18:34:25.566+0000] {logging_mixin.py:188} INFO - [2025-04-13T18:34:25.565+0000] {dag.py:3036} INFO - Sync 2 DAGs
[2025-04-13T18:34:25.586+0000] {logging_mixin.py:188} INFO - [2025-04-13T18:34:25.585+0000] {dag.py:3823} INFO - Setting next_dagrun for example_subdag_operator.section-1 to None, run_after=None
[2025-04-13T18:34:25.588+0000] {logging_mixin.py:188} INFO - [2025-04-13T18:34:25.587+0000] {dag.py:3823} INFO - Setting next_dagrun for example_subdag_operator.section-2 to None, run_after=None
[2025-04-13T18:34:25.663+0000] {processor.py:183} INFO - Processing /home/airflow/.local/lib/python3.8/site-packages/airflow/example_dags/example_subdag_operator.py took 0.250 seconds
[2025-04-13T18:34:59.174+0000] {processor.py:161} INFO - Started process (PID=11458) to work on /home/airflow/.local/lib/python3.8/site-packages/airflow/example_dags/example_subdag_operator.py
[2025-04-13T18:34:59.176+0000] {processor.py:830} INFO - Processing file /home/airflow/.local/lib/python3.8/site-packages/airflow/example_dags/example_subdag_operator.py for tasks to queue
[2025-04-13T18:34:59.180+0000] {logging_mixin.py:188} INFO - [2025-04-13T18:34:59.180+0000] {dagbag.py:538} INFO - Filling up the DagBag from /home/airflow/.local/lib/python3.8/site-packages/airflow/example_dags/example_subdag_operator.py
[2025-04-13T18:34:59.226+0000] {processor.py:840} INFO - DAG(s) 'example_subdag_operator.section-1', 'example_subdag_operator.section-2', 'example_subdag_operator' retrieved from /home/airflow/.local/lib/python3.8/site-packages/airflow/example_dags/example_subdag_operator.py
[2025-04-13T18:34:59.253+0000] {logging_mixin.py:188} INFO - [2025-04-13T18:34:59.253+0000] {dag.py:3036} INFO - Sync 3 DAGs
[2025-04-13T18:34:59.293+0000] {logging_mixin.py:188} INFO - [2025-04-13T18:34:59.293+0000] {dag.py:3823} INFO - Setting next_dagrun for example_subdag_operator to 2022-01-01 00:00:00+00:00, run_after=2022-01-01 00:00:00+00:00
[2025-04-13T18:34:59.301+0000] {logging_mixin.py:188} INFO - [2025-04-13T18:34:59.300+0000] {dag.py:3823} INFO - Setting next_dagrun for example_subdag_operator.section-1 to None, run_after=None
[2025-04-13T18:34:59.304+0000] {logging_mixin.py:188} INFO - [2025-04-13T18:34:59.303+0000] {dag.py:3823} INFO - Setting next_dagrun for example_subdag_operator.section-2 to None, run_after=None
[2025-04-13T18:34:59.334+0000] {logging_mixin.py:188} INFO - [2025-04-13T18:34:59.333+0000] {dag.py:3036} INFO - Sync 2 DAGs
[2025-04-13T18:34:59.357+0000] {logging_mixin.py:188} INFO - [2025-04-13T18:34:59.357+0000] {dag.py:3823} INFO - Setting next_dagrun for example_subdag_operator.section-1 to None, run_after=None
[2025-04-13T18:34:59.359+0000] {logging_mixin.py:188} INFO - [2025-04-13T18:34:59.358+0000] {dag.py:3823} INFO - Setting next_dagrun for example_subdag_operator.section-2 to None, run_after=None
[2025-04-13T18:34:59.397+0000] {processor.py:183} INFO - Processing /home/airflow/.local/lib/python3.8/site-packages/airflow/example_dags/example_subdag_operator.py took 0.230 seconds
[2025-04-13T18:35:31.531+0000] {processor.py:161} INFO - Started process (PID=11514) to work on /home/airflow/.local/lib/python3.8/site-packages/airflow/example_dags/example_subdag_operator.py
[2025-04-13T18:35:31.533+0000] {processor.py:830} INFO - Processing file /home/airflow/.local/lib/python3.8/site-packages/airflow/example_dags/example_subdag_operator.py for tasks to queue
[2025-04-13T18:35:31.537+0000] {logging_mixin.py:188} INFO - [2025-04-13T18:35:31.537+0000] {dagbag.py:538} INFO - Filling up the DagBag from /home/airflow/.local/lib/python3.8/site-packages/airflow/example_dags/example_subdag_operator.py
[2025-04-13T18:35:31.585+0000] {processor.py:840} INFO - DAG(s) 'example_subdag_operator.section-1', 'example_subdag_operator.section-2', 'example_subdag_operator' retrieved from /home/airflow/.local/lib/python3.8/site-packages/airflow/example_dags/example_subdag_operator.py
[2025-04-13T18:35:31.620+0000] {logging_mixin.py:188} INFO - [2025-04-13T18:35:31.620+0000] {dag.py:3036} INFO - Sync 3 DAGs
[2025-04-13T18:35:31.676+0000] {logging_mixin.py:188} INFO - [2025-04-13T18:35:31.676+0000] {dag.py:3823} INFO - Setting next_dagrun for example_subdag_operator to 2022-01-01 00:00:00+00:00, run_after=2022-01-01 00:00:00+00:00
[2025-04-13T18:35:31.687+0000] {logging_mixin.py:188} INFO - [2025-04-13T18:35:31.686+0000] {dag.py:3823} INFO - Setting next_dagrun for example_subdag_operator.section-1 to None, run_after=None
[2025-04-13T18:35:31.691+0000] {logging_mixin.py:188} INFO - [2025-04-13T18:35:31.690+0000] {dag.py:3823} INFO - Setting next_dagrun for example_subdag_operator.section-2 to None, run_after=None
[2025-04-13T18:35:31.712+0000] {logging_mixin.py:188} INFO - [2025-04-13T18:35:31.711+0000] {dag.py:3036} INFO - Sync 2 DAGs
[2025-04-13T18:35:31.727+0000] {logging_mixin.py:188} INFO - [2025-04-13T18:35:31.727+0000] {dag.py:3823} INFO - Setting next_dagrun for example_subdag_operator.section-1 to None, run_after=None
[2025-04-13T18:35:31.729+0000] {logging_mixin.py:188} INFO - [2025-04-13T18:35:31.729+0000] {dag.py:3823} INFO - Setting next_dagrun for example_subdag_operator.section-2 to None, run_after=None
[2025-04-13T18:35:31.759+0000] {processor.py:183} INFO - Processing /home/airflow/.local/lib/python3.8/site-packages/airflow/example_dags/example_subdag_operator.py took 0.235 seconds
[2025-04-13T18:36:02.297+0000] {processor.py:161} INFO - Started process (PID=11570) to work on /home/airflow/.local/lib/python3.8/site-packages/airflow/example_dags/example_subdag_operator.py
[2025-04-13T18:36:02.299+0000] {processor.py:830} INFO - Processing file /home/airflow/.local/lib/python3.8/site-packages/airflow/example_dags/example_subdag_operator.py for tasks to queue
[2025-04-13T18:36:02.304+0000] {logging_mixin.py:188} INFO - [2025-04-13T18:36:02.303+0000] {dagbag.py:538} INFO - Filling up the DagBag from /home/airflow/.local/lib/python3.8/site-packages/airflow/example_dags/example_subdag_operator.py
[2025-04-13T18:36:02.367+0000] {processor.py:840} INFO - DAG(s) 'example_subdag_operator.section-1', 'example_subdag_operator.section-2', 'example_subdag_operator' retrieved from /home/airflow/.local/lib/python3.8/site-packages/airflow/example_dags/example_subdag_operator.py
[2025-04-13T18:36:02.412+0000] {logging_mixin.py:188} INFO - [2025-04-13T18:36:02.411+0000] {dag.py:3036} INFO - Sync 3 DAGs
[2025-04-13T18:36:02.523+0000] {logging_mixin.py:188} INFO - [2025-04-13T18:36:02.523+0000] {dag.py:3823} INFO - Setting next_dagrun for example_subdag_operator to 2022-01-01 00:00:00+00:00, run_after=2022-01-01 00:00:00+00:00
[2025-04-13T18:36:02.553+0000] {logging_mixin.py:188} INFO - [2025-04-13T18:36:02.552+0000] {dag.py:3823} INFO - Setting next_dagrun for example_subdag_operator.section-1 to None, run_after=None
[2025-04-13T18:36:02.560+0000] {logging_mixin.py:188} INFO - [2025-04-13T18:36:02.559+0000] {dag.py:3823} INFO - Setting next_dagrun for example_subdag_operator.section-2 to None, run_after=None
[2025-04-13T18:36:02.589+0000] {logging_mixin.py:188} INFO - [2025-04-13T18:36:02.588+0000] {dag.py:3036} INFO - Sync 2 DAGs
[2025-04-13T18:36:02.599+0000] {logging_mixin.py:188} INFO - [2025-04-13T18:36:02.598+0000] {dag.py:3823} INFO - Setting next_dagrun for example_subdag_operator.section-1 to None, run_after=None
[2025-04-13T18:36:02.600+0000] {logging_mixin.py:188} INFO - [2025-04-13T18:36:02.599+0000] {dag.py:3823} INFO - Setting next_dagrun for example_subdag_operator.section-2 to None, run_after=None
[2025-04-13T18:36:02.620+0000] {processor.py:183} INFO - Processing /home/airflow/.local/lib/python3.8/site-packages/airflow/example_dags/example_subdag_operator.py took 0.331 seconds
[2025-04-13T18:36:35.149+0000] {processor.py:161} INFO - Started process (PID=11626) to work on /home/airflow/.local/lib/python3.8/site-packages/airflow/example_dags/example_subdag_operator.py
[2025-04-13T18:36:35.151+0000] {processor.py:830} INFO - Processing file /home/airflow/.local/lib/python3.8/site-packages/airflow/example_dags/example_subdag_operator.py for tasks to queue
[2025-04-13T18:36:35.155+0000] {logging_mixin.py:188} INFO - [2025-04-13T18:36:35.155+0000] {dagbag.py:538} INFO - Filling up the DagBag from /home/airflow/.local/lib/python3.8/site-packages/airflow/example_dags/example_subdag_operator.py
[2025-04-13T18:36:35.201+0000] {processor.py:840} INFO - DAG(s) 'example_subdag_operator.section-1', 'example_subdag_operator.section-2', 'example_subdag_operator' retrieved from /home/airflow/.local/lib/python3.8/site-packages/airflow/example_dags/example_subdag_operator.py
[2025-04-13T18:36:35.237+0000] {logging_mixin.py:188} INFO - [2025-04-13T18:36:35.236+0000] {dag.py:3036} INFO - Sync 3 DAGs
[2025-04-13T18:36:35.275+0000] {logging_mixin.py:188} INFO - [2025-04-13T18:36:35.275+0000] {dag.py:3823} INFO - Setting next_dagrun for example_subdag_operator to 2022-01-01 00:00:00+00:00, run_after=2022-01-01 00:00:00+00:00
[2025-04-13T18:36:35.283+0000] {logging_mixin.py:188} INFO - [2025-04-13T18:36:35.283+0000] {dag.py:3823} INFO - Setting next_dagrun for example_subdag_operator.section-1 to None, run_after=None
[2025-04-13T18:36:35.287+0000] {logging_mixin.py:188} INFO - [2025-04-13T18:36:35.286+0000] {dag.py:3823} INFO - Setting next_dagrun for example_subdag_operator.section-2 to None, run_after=None
[2025-04-13T18:36:35.302+0000] {logging_mixin.py:188} INFO - [2025-04-13T18:36:35.302+0000] {dag.py:3036} INFO - Sync 2 DAGs
[2025-04-13T18:36:35.313+0000] {logging_mixin.py:188} INFO - [2025-04-13T18:36:35.312+0000] {dag.py:3823} INFO - Setting next_dagrun for example_subdag_operator.section-1 to None, run_after=None
[2025-04-13T18:36:35.314+0000] {logging_mixin.py:188} INFO - [2025-04-13T18:36:35.314+0000] {dag.py:3823} INFO - Setting next_dagrun for example_subdag_operator.section-2 to None, run_after=None
[2025-04-13T18:36:35.364+0000] {processor.py:183} INFO - Processing /home/airflow/.local/lib/python3.8/site-packages/airflow/example_dags/example_subdag_operator.py took 0.222 seconds
[2025-04-13T18:37:08.460+0000] {processor.py:161} INFO - Started process (PID=11682) to work on /home/airflow/.local/lib/python3.8/site-packages/airflow/example_dags/example_subdag_operator.py
[2025-04-13T18:37:08.462+0000] {processor.py:830} INFO - Processing file /home/airflow/.local/lib/python3.8/site-packages/airflow/example_dags/example_subdag_operator.py for tasks to queue
[2025-04-13T18:37:08.467+0000] {logging_mixin.py:188} INFO - [2025-04-13T18:37:08.466+0000] {dagbag.py:538} INFO - Filling up the DagBag from /home/airflow/.local/lib/python3.8/site-packages/airflow/example_dags/example_subdag_operator.py
[2025-04-13T18:37:08.512+0000] {processor.py:840} INFO - DAG(s) 'example_subdag_operator.section-1', 'example_subdag_operator.section-2', 'example_subdag_operator' retrieved from /home/airflow/.local/lib/python3.8/site-packages/airflow/example_dags/example_subdag_operator.py
[2025-04-13T18:37:08.539+0000] {logging_mixin.py:188} INFO - [2025-04-13T18:37:08.538+0000] {dag.py:3036} INFO - Sync 3 DAGs
[2025-04-13T18:37:08.581+0000] {logging_mixin.py:188} INFO - [2025-04-13T18:37:08.581+0000] {dag.py:3823} INFO - Setting next_dagrun for example_subdag_operator to 2022-01-01 00:00:00+00:00, run_after=2022-01-01 00:00:00+00:00
[2025-04-13T18:37:08.588+0000] {logging_mixin.py:188} INFO - [2025-04-13T18:37:08.588+0000] {dag.py:3823} INFO - Setting next_dagrun for example_subdag_operator.section-1 to None, run_after=None
[2025-04-13T18:37:08.591+0000] {logging_mixin.py:188} INFO - [2025-04-13T18:37:08.591+0000] {dag.py:3823} INFO - Setting next_dagrun for example_subdag_operator.section-2 to None, run_after=None
[2025-04-13T18:37:08.608+0000] {logging_mixin.py:188} INFO - [2025-04-13T18:37:08.608+0000] {dag.py:3036} INFO - Sync 2 DAGs
[2025-04-13T18:37:08.620+0000] {logging_mixin.py:188} INFO - [2025-04-13T18:37:08.619+0000] {dag.py:3823} INFO - Setting next_dagrun for example_subdag_operator.section-1 to None, run_after=None
[2025-04-13T18:37:08.621+0000] {logging_mixin.py:188} INFO - [2025-04-13T18:37:08.620+0000] {dag.py:3823} INFO - Setting next_dagrun for example_subdag_operator.section-2 to None, run_after=None
[2025-04-13T18:37:08.644+0000] {processor.py:183} INFO - Processing /home/airflow/.local/lib/python3.8/site-packages/airflow/example_dags/example_subdag_operator.py took 0.190 seconds
[2025-04-13T18:37:42.208+0000] {processor.py:161} INFO - Started process (PID=11738) to work on /home/airflow/.local/lib/python3.8/site-packages/airflow/example_dags/example_subdag_operator.py
[2025-04-13T18:37:42.210+0000] {processor.py:830} INFO - Processing file /home/airflow/.local/lib/python3.8/site-packages/airflow/example_dags/example_subdag_operator.py for tasks to queue
[2025-04-13T18:37:42.215+0000] {logging_mixin.py:188} INFO - [2025-04-13T18:37:42.214+0000] {dagbag.py:538} INFO - Filling up the DagBag from /home/airflow/.local/lib/python3.8/site-packages/airflow/example_dags/example_subdag_operator.py
[2025-04-13T18:37:42.284+0000] {processor.py:840} INFO - DAG(s) 'example_subdag_operator.section-1', 'example_subdag_operator.section-2', 'example_subdag_operator' retrieved from /home/airflow/.local/lib/python3.8/site-packages/airflow/example_dags/example_subdag_operator.py
[2025-04-13T18:37:42.340+0000] {logging_mixin.py:188} INFO - [2025-04-13T18:37:42.339+0000] {dag.py:3036} INFO - Sync 3 DAGs
[2025-04-13T18:37:42.375+0000] {logging_mixin.py:188} INFO - [2025-04-13T18:37:42.375+0000] {dag.py:3823} INFO - Setting next_dagrun for example_subdag_operator to 2022-01-01 00:00:00+00:00, run_after=2022-01-01 00:00:00+00:00
[2025-04-13T18:37:42.381+0000] {logging_mixin.py:188} INFO - [2025-04-13T18:37:42.381+0000] {dag.py:3823} INFO - Setting next_dagrun for example_subdag_operator.section-1 to None, run_after=None
[2025-04-13T18:37:42.384+0000] {logging_mixin.py:188} INFO - [2025-04-13T18:37:42.383+0000] {dag.py:3823} INFO - Setting next_dagrun for example_subdag_operator.section-2 to None, run_after=None
[2025-04-13T18:37:42.396+0000] {logging_mixin.py:188} INFO - [2025-04-13T18:37:42.396+0000] {dag.py:3036} INFO - Sync 2 DAGs
[2025-04-13T18:37:42.406+0000] {logging_mixin.py:188} INFO - [2025-04-13T18:37:42.405+0000] {dag.py:3823} INFO - Setting next_dagrun for example_subdag_operator.section-1 to None, run_after=None
[2025-04-13T18:37:42.407+0000] {logging_mixin.py:188} INFO - [2025-04-13T18:37:42.407+0000] {dag.py:3823} INFO - Setting next_dagrun for example_subdag_operator.section-2 to None, run_after=None
[2025-04-13T18:37:42.432+0000] {processor.py:183} INFO - Processing /home/airflow/.local/lib/python3.8/site-packages/airflow/example_dags/example_subdag_operator.py took 0.232 seconds
[2025-04-13T18:38:15.200+0000] {processor.py:161} INFO - Started process (PID=11794) to work on /home/airflow/.local/lib/python3.8/site-packages/airflow/example_dags/example_subdag_operator.py
[2025-04-13T18:38:15.202+0000] {processor.py:830} INFO - Processing file /home/airflow/.local/lib/python3.8/site-packages/airflow/example_dags/example_subdag_operator.py for tasks to queue
[2025-04-13T18:38:15.207+0000] {logging_mixin.py:188} INFO - [2025-04-13T18:38:15.206+0000] {dagbag.py:538} INFO - Filling up the DagBag from /home/airflow/.local/lib/python3.8/site-packages/airflow/example_dags/example_subdag_operator.py
[2025-04-13T18:38:15.259+0000] {processor.py:840} INFO - DAG(s) 'example_subdag_operator.section-1', 'example_subdag_operator.section-2', 'example_subdag_operator' retrieved from /home/airflow/.local/lib/python3.8/site-packages/airflow/example_dags/example_subdag_operator.py
[2025-04-13T18:38:15.297+0000] {logging_mixin.py:188} INFO - [2025-04-13T18:38:15.297+0000] {dag.py:3036} INFO - Sync 3 DAGs
[2025-04-13T18:38:15.355+0000] {logging_mixin.py:188} INFO - [2025-04-13T18:38:15.354+0000] {dag.py:3823} INFO - Setting next_dagrun for example_subdag_operator to 2022-01-01 00:00:00+00:00, run_after=2022-01-01 00:00:00+00:00
[2025-04-13T18:38:15.364+0000] {logging_mixin.py:188} INFO - [2025-04-13T18:38:15.363+0000] {dag.py:3823} INFO - Setting next_dagrun for example_subdag_operator.section-1 to None, run_after=None
[2025-04-13T18:38:15.367+0000] {logging_mixin.py:188} INFO - [2025-04-13T18:38:15.367+0000] {dag.py:3823} INFO - Setting next_dagrun for example_subdag_operator.section-2 to None, run_after=None
[2025-04-13T18:38:15.384+0000] {logging_mixin.py:188} INFO - [2025-04-13T18:38:15.384+0000] {dag.py:3036} INFO - Sync 2 DAGs
[2025-04-13T18:38:15.397+0000] {logging_mixin.py:188} INFO - [2025-04-13T18:38:15.396+0000] {dag.py:3823} INFO - Setting next_dagrun for example_subdag_operator.section-1 to None, run_after=None
[2025-04-13T18:38:15.398+0000] {logging_mixin.py:188} INFO - [2025-04-13T18:38:15.398+0000] {dag.py:3823} INFO - Setting next_dagrun for example_subdag_operator.section-2 to None, run_after=None
[2025-04-13T18:38:15.423+0000] {processor.py:183} INFO - Processing /home/airflow/.local/lib/python3.8/site-packages/airflow/example_dags/example_subdag_operator.py took 0.231 seconds
[2025-04-13T18:38:47.821+0000] {processor.py:161} INFO - Started process (PID=11850) to work on /home/airflow/.local/lib/python3.8/site-packages/airflow/example_dags/example_subdag_operator.py
[2025-04-13T18:38:47.824+0000] {processor.py:830} INFO - Processing file /home/airflow/.local/lib/python3.8/site-packages/airflow/example_dags/example_subdag_operator.py for tasks to queue
[2025-04-13T18:38:47.828+0000] {logging_mixin.py:188} INFO - [2025-04-13T18:38:47.827+0000] {dagbag.py:538} INFO - Filling up the DagBag from /home/airflow/.local/lib/python3.8/site-packages/airflow/example_dags/example_subdag_operator.py
[2025-04-13T18:38:47.886+0000] {processor.py:840} INFO - DAG(s) 'example_subdag_operator.section-1', 'example_subdag_operator.section-2', 'example_subdag_operator' retrieved from /home/airflow/.local/lib/python3.8/site-packages/airflow/example_dags/example_subdag_operator.py
[2025-04-13T18:38:47.939+0000] {logging_mixin.py:188} INFO - [2025-04-13T18:38:47.938+0000] {dag.py:3036} INFO - Sync 3 DAGs
[2025-04-13T18:38:47.995+0000] {logging_mixin.py:188} INFO - [2025-04-13T18:38:47.994+0000] {dag.py:3823} INFO - Setting next_dagrun for example_subdag_operator to 2022-01-01 00:00:00+00:00, run_after=2022-01-01 00:00:00+00:00
[2025-04-13T18:38:48.002+0000] {logging_mixin.py:188} INFO - [2025-04-13T18:38:48.002+0000] {dag.py:3823} INFO - Setting next_dagrun for example_subdag_operator.section-1 to None, run_after=None
[2025-04-13T18:38:48.006+0000] {logging_mixin.py:188} INFO - [2025-04-13T18:38:48.006+0000] {dag.py:3823} INFO - Setting next_dagrun for example_subdag_operator.section-2 to None, run_after=None
[2025-04-13T18:38:48.021+0000] {logging_mixin.py:188} INFO - [2025-04-13T18:38:48.021+0000] {dag.py:3036} INFO - Sync 2 DAGs
[2025-04-13T18:38:48.039+0000] {logging_mixin.py:188} INFO - [2025-04-13T18:38:48.039+0000] {dag.py:3823} INFO - Setting next_dagrun for example_subdag_operator.section-1 to None, run_after=None
[2025-04-13T18:38:48.041+0000] {logging_mixin.py:188} INFO - [2025-04-13T18:38:48.040+0000] {dag.py:3823} INFO - Setting next_dagrun for example_subdag_operator.section-2 to None, run_after=None
[2025-04-13T18:38:48.066+0000] {processor.py:183} INFO - Processing /home/airflow/.local/lib/python3.8/site-packages/airflow/example_dags/example_subdag_operator.py took 0.254 seconds
[2025-04-13T18:39:21.345+0000] {processor.py:161} INFO - Started process (PID=11906) to work on /home/airflow/.local/lib/python3.8/site-packages/airflow/example_dags/example_subdag_operator.py
[2025-04-13T18:39:21.352+0000] {processor.py:830} INFO - Processing file /home/airflow/.local/lib/python3.8/site-packages/airflow/example_dags/example_subdag_operator.py for tasks to queue
[2025-04-13T18:39:21.361+0000] {logging_mixin.py:188} INFO - [2025-04-13T18:39:21.360+0000] {dagbag.py:538} INFO - Filling up the DagBag from /home/airflow/.local/lib/python3.8/site-packages/airflow/example_dags/example_subdag_operator.py
[2025-04-13T18:39:21.462+0000] {processor.py:840} INFO - DAG(s) 'example_subdag_operator.section-1', 'example_subdag_operator.section-2', 'example_subdag_operator' retrieved from /home/airflow/.local/lib/python3.8/site-packages/airflow/example_dags/example_subdag_operator.py
[2025-04-13T18:39:21.532+0000] {logging_mixin.py:188} INFO - [2025-04-13T18:39:21.531+0000] {dag.py:3036} INFO - Sync 3 DAGs
[2025-04-13T18:39:21.594+0000] {logging_mixin.py:188} INFO - [2025-04-13T18:39:21.593+0000] {dag.py:3823} INFO - Setting next_dagrun for example_subdag_operator to 2022-01-01 00:00:00+00:00, run_after=2022-01-01 00:00:00+00:00
[2025-04-13T18:39:21.606+0000] {logging_mixin.py:188} INFO - [2025-04-13T18:39:21.605+0000] {dag.py:3823} INFO - Setting next_dagrun for example_subdag_operator.section-1 to None, run_after=None
[2025-04-13T18:39:21.611+0000] {logging_mixin.py:188} INFO - [2025-04-13T18:39:21.610+0000] {dag.py:3823} INFO - Setting next_dagrun for example_subdag_operator.section-2 to None, run_after=None
[2025-04-13T18:39:21.637+0000] {logging_mixin.py:188} INFO - [2025-04-13T18:39:21.636+0000] {dag.py:3036} INFO - Sync 2 DAGs
[2025-04-13T18:39:21.655+0000] {logging_mixin.py:188} INFO - [2025-04-13T18:39:21.654+0000] {dag.py:3823} INFO - Setting next_dagrun for example_subdag_operator.section-1 to None, run_after=None
[2025-04-13T18:39:21.657+0000] {logging_mixin.py:188} INFO - [2025-04-13T18:39:21.656+0000] {dag.py:3823} INFO - Setting next_dagrun for example_subdag_operator.section-2 to None, run_after=None
[2025-04-13T18:39:21.686+0000] {processor.py:183} INFO - Processing /home/airflow/.local/lib/python3.8/site-packages/airflow/example_dags/example_subdag_operator.py took 0.356 seconds
[2025-04-13T18:39:53.970+0000] {processor.py:161} INFO - Started process (PID=11963) to work on /home/airflow/.local/lib/python3.8/site-packages/airflow/example_dags/example_subdag_operator.py
[2025-04-13T18:39:53.972+0000] {processor.py:830} INFO - Processing file /home/airflow/.local/lib/python3.8/site-packages/airflow/example_dags/example_subdag_operator.py for tasks to queue
[2025-04-13T18:39:53.976+0000] {logging_mixin.py:188} INFO - [2025-04-13T18:39:53.975+0000] {dagbag.py:538} INFO - Filling up the DagBag from /home/airflow/.local/lib/python3.8/site-packages/airflow/example_dags/example_subdag_operator.py
[2025-04-13T18:39:54.022+0000] {processor.py:840} INFO - DAG(s) 'example_subdag_operator.section-1', 'example_subdag_operator.section-2', 'example_subdag_operator' retrieved from /home/airflow/.local/lib/python3.8/site-packages/airflow/example_dags/example_subdag_operator.py
[2025-04-13T18:39:54.054+0000] {logging_mixin.py:188} INFO - [2025-04-13T18:39:54.054+0000] {dag.py:3036} INFO - Sync 3 DAGs
[2025-04-13T18:39:54.108+0000] {logging_mixin.py:188} INFO - [2025-04-13T18:39:54.107+0000] {dag.py:3823} INFO - Setting next_dagrun for example_subdag_operator to 2022-01-01 00:00:00+00:00, run_after=2022-01-01 00:00:00+00:00
[2025-04-13T18:39:54.122+0000] {logging_mixin.py:188} INFO - [2025-04-13T18:39:54.121+0000] {dag.py:3823} INFO - Setting next_dagrun for example_subdag_operator.section-1 to None, run_after=None
[2025-04-13T18:39:54.125+0000] {logging_mixin.py:188} INFO - [2025-04-13T18:39:54.125+0000] {dag.py:3823} INFO - Setting next_dagrun for example_subdag_operator.section-2 to None, run_after=None
[2025-04-13T18:39:54.143+0000] {logging_mixin.py:188} INFO - [2025-04-13T18:39:54.142+0000] {dag.py:3036} INFO - Sync 2 DAGs
[2025-04-13T18:39:54.156+0000] {logging_mixin.py:188} INFO - [2025-04-13T18:39:54.156+0000] {dag.py:3823} INFO - Setting next_dagrun for example_subdag_operator.section-1 to None, run_after=None
[2025-04-13T18:39:54.158+0000] {logging_mixin.py:188} INFO - [2025-04-13T18:39:54.157+0000] {dag.py:3823} INFO - Setting next_dagrun for example_subdag_operator.section-2 to None, run_after=None
[2025-04-13T18:39:54.228+0000] {processor.py:183} INFO - Processing /home/airflow/.local/lib/python3.8/site-packages/airflow/example_dags/example_subdag_operator.py took 0.265 seconds
[2025-04-13T18:40:27.467+0000] {processor.py:161} INFO - Started process (PID=12019) to work on /home/airflow/.local/lib/python3.8/site-packages/airflow/example_dags/example_subdag_operator.py
[2025-04-13T18:40:27.473+0000] {processor.py:830} INFO - Processing file /home/airflow/.local/lib/python3.8/site-packages/airflow/example_dags/example_subdag_operator.py for tasks to queue
[2025-04-13T18:40:27.482+0000] {logging_mixin.py:188} INFO - [2025-04-13T18:40:27.481+0000] {dagbag.py:538} INFO - Filling up the DagBag from /home/airflow/.local/lib/python3.8/site-packages/airflow/example_dags/example_subdag_operator.py
[2025-04-13T18:40:27.573+0000] {processor.py:840} INFO - DAG(s) 'example_subdag_operator.section-1', 'example_subdag_operator.section-2', 'example_subdag_operator' retrieved from /home/airflow/.local/lib/python3.8/site-packages/airflow/example_dags/example_subdag_operator.py
[2025-04-13T18:40:27.616+0000] {logging_mixin.py:188} INFO - [2025-04-13T18:40:27.616+0000] {dag.py:3036} INFO - Sync 3 DAGs
[2025-04-13T18:40:27.670+0000] {logging_mixin.py:188} INFO - [2025-04-13T18:40:27.670+0000] {dag.py:3823} INFO - Setting next_dagrun for example_subdag_operator to 2022-01-01 00:00:00+00:00, run_after=2022-01-01 00:00:00+00:00
[2025-04-13T18:40:27.677+0000] {logging_mixin.py:188} INFO - [2025-04-13T18:40:27.676+0000] {dag.py:3823} INFO - Setting next_dagrun for example_subdag_operator.section-1 to None, run_after=None
[2025-04-13T18:40:27.680+0000] {logging_mixin.py:188} INFO - [2025-04-13T18:40:27.679+0000] {dag.py:3823} INFO - Setting next_dagrun for example_subdag_operator.section-2 to None, run_after=None
[2025-04-13T18:40:27.696+0000] {logging_mixin.py:188} INFO - [2025-04-13T18:40:27.696+0000] {dag.py:3036} INFO - Sync 2 DAGs
[2025-04-13T18:40:27.708+0000] {logging_mixin.py:188} INFO - [2025-04-13T18:40:27.708+0000] {dag.py:3823} INFO - Setting next_dagrun for example_subdag_operator.section-1 to None, run_after=None
[2025-04-13T18:40:27.709+0000] {logging_mixin.py:188} INFO - [2025-04-13T18:40:27.709+0000] {dag.py:3823} INFO - Setting next_dagrun for example_subdag_operator.section-2 to None, run_after=None
[2025-04-13T18:40:27.740+0000] {processor.py:183} INFO - Processing /home/airflow/.local/lib/python3.8/site-packages/airflow/example_dags/example_subdag_operator.py took 0.290 seconds
[2025-04-13T18:41:01.157+0000] {processor.py:161} INFO - Started process (PID=12075) to work on /home/airflow/.local/lib/python3.8/site-packages/airflow/example_dags/example_subdag_operator.py
[2025-04-13T18:41:01.162+0000] {processor.py:830} INFO - Processing file /home/airflow/.local/lib/python3.8/site-packages/airflow/example_dags/example_subdag_operator.py for tasks to queue
[2025-04-13T18:41:01.171+0000] {logging_mixin.py:188} INFO - [2025-04-13T18:41:01.169+0000] {dagbag.py:538} INFO - Filling up the DagBag from /home/airflow/.local/lib/python3.8/site-packages/airflow/example_dags/example_subdag_operator.py
[2025-04-13T18:41:01.236+0000] {processor.py:840} INFO - DAG(s) 'example_subdag_operator.section-1', 'example_subdag_operator.section-2', 'example_subdag_operator' retrieved from /home/airflow/.local/lib/python3.8/site-packages/airflow/example_dags/example_subdag_operator.py
[2025-04-13T18:41:01.276+0000] {logging_mixin.py:188} INFO - [2025-04-13T18:41:01.276+0000] {dag.py:3036} INFO - Sync 3 DAGs
[2025-04-13T18:41:01.318+0000] {logging_mixin.py:188} INFO - [2025-04-13T18:41:01.317+0000] {dag.py:3823} INFO - Setting next_dagrun for example_subdag_operator to 2022-01-01 00:00:00+00:00, run_after=2022-01-01 00:00:00+00:00
[2025-04-13T18:41:01.328+0000] {logging_mixin.py:188} INFO - [2025-04-13T18:41:01.327+0000] {dag.py:3823} INFO - Setting next_dagrun for example_subdag_operator.section-1 to None, run_after=None
[2025-04-13T18:41:01.330+0000] {logging_mixin.py:188} INFO - [2025-04-13T18:41:01.330+0000] {dag.py:3823} INFO - Setting next_dagrun for example_subdag_operator.section-2 to None, run_after=None
[2025-04-13T18:41:01.349+0000] {logging_mixin.py:188} INFO - [2025-04-13T18:41:01.348+0000] {dag.py:3036} INFO - Sync 2 DAGs
[2025-04-13T18:41:01.369+0000] {logging_mixin.py:188} INFO - [2025-04-13T18:41:01.369+0000] {dag.py:3823} INFO - Setting next_dagrun for example_subdag_operator.section-1 to None, run_after=None
[2025-04-13T18:41:01.370+0000] {logging_mixin.py:188} INFO - [2025-04-13T18:41:01.370+0000] {dag.py:3823} INFO - Setting next_dagrun for example_subdag_operator.section-2 to None, run_after=None
[2025-04-13T18:41:01.393+0000] {processor.py:183} INFO - Processing /home/airflow/.local/lib/python3.8/site-packages/airflow/example_dags/example_subdag_operator.py took 0.248 seconds
[2025-04-13T18:41:34.599+0000] {processor.py:161} INFO - Started process (PID=12131) to work on /home/airflow/.local/lib/python3.8/site-packages/airflow/example_dags/example_subdag_operator.py
[2025-04-13T18:41:34.604+0000] {processor.py:830} INFO - Processing file /home/airflow/.local/lib/python3.8/site-packages/airflow/example_dags/example_subdag_operator.py for tasks to queue
[2025-04-13T18:41:34.613+0000] {logging_mixin.py:188} INFO - [2025-04-13T18:41:34.612+0000] {dagbag.py:538} INFO - Filling up the DagBag from /home/airflow/.local/lib/python3.8/site-packages/airflow/example_dags/example_subdag_operator.py
[2025-04-13T18:41:34.714+0000] {processor.py:840} INFO - DAG(s) 'example_subdag_operator.section-1', 'example_subdag_operator.section-2', 'example_subdag_operator' retrieved from /home/airflow/.local/lib/python3.8/site-packages/airflow/example_dags/example_subdag_operator.py
[2025-04-13T18:41:34.781+0000] {logging_mixin.py:188} INFO - [2025-04-13T18:41:34.780+0000] {dag.py:3036} INFO - Sync 3 DAGs
[2025-04-13T18:41:34.841+0000] {logging_mixin.py:188} INFO - [2025-04-13T18:41:34.841+0000] {dag.py:3823} INFO - Setting next_dagrun for example_subdag_operator to 2022-01-01 00:00:00+00:00, run_after=2022-01-01 00:00:00+00:00
[2025-04-13T18:41:34.848+0000] {logging_mixin.py:188} INFO - [2025-04-13T18:41:34.847+0000] {dag.py:3823} INFO - Setting next_dagrun for example_subdag_operator.section-1 to None, run_after=None
[2025-04-13T18:41:34.851+0000] {logging_mixin.py:188} INFO - [2025-04-13T18:41:34.850+0000] {dag.py:3823} INFO - Setting next_dagrun for example_subdag_operator.section-2 to None, run_after=None
[2025-04-13T18:41:34.862+0000] {logging_mixin.py:188} INFO - [2025-04-13T18:41:34.862+0000] {dag.py:3036} INFO - Sync 2 DAGs
[2025-04-13T18:41:34.871+0000] {logging_mixin.py:188} INFO - [2025-04-13T18:41:34.870+0000] {dag.py:3823} INFO - Setting next_dagrun for example_subdag_operator.section-1 to None, run_after=None
[2025-04-13T18:41:34.872+0000] {logging_mixin.py:188} INFO - [2025-04-13T18:41:34.872+0000] {dag.py:3823} INFO - Setting next_dagrun for example_subdag_operator.section-2 to None, run_after=None
[2025-04-13T18:41:34.935+0000] {processor.py:183} INFO - Processing /home/airflow/.local/lib/python3.8/site-packages/airflow/example_dags/example_subdag_operator.py took 0.349 seconds
[2025-04-13T18:56:00.269+0000] {processor.py:161} INFO - Started process (PID=12203) to work on /home/airflow/.local/lib/python3.8/site-packages/airflow/example_dags/example_subdag_operator.py
[2025-04-13T18:56:00.273+0000] {processor.py:830} INFO - Processing file /home/airflow/.local/lib/python3.8/site-packages/airflow/example_dags/example_subdag_operator.py for tasks to queue
[2025-04-13T18:56:00.286+0000] {logging_mixin.py:188} INFO - [2025-04-13T18:56:00.285+0000] {dagbag.py:538} INFO - Filling up the DagBag from /home/airflow/.local/lib/python3.8/site-packages/airflow/example_dags/example_subdag_operator.py
[2025-04-13T18:56:00.500+0000] {processor.py:840} INFO - DAG(s) 'example_subdag_operator.section-1', 'example_subdag_operator.section-2', 'example_subdag_operator' retrieved from /home/airflow/.local/lib/python3.8/site-packages/airflow/example_dags/example_subdag_operator.py
[2025-04-13T18:56:00.646+0000] {logging_mixin.py:188} INFO - [2025-04-13T18:56:00.635+0000] {dag.py:3036} INFO - Sync 3 DAGs
[2025-04-13T18:56:00.850+0000] {logging_mixin.py:188} INFO - [2025-04-13T18:56:00.849+0000] {dag.py:3823} INFO - Setting next_dagrun for example_subdag_operator to 2022-01-01 00:00:00+00:00, run_after=2022-01-01 00:00:00+00:00
[2025-04-13T18:56:00.879+0000] {logging_mixin.py:188} INFO - [2025-04-13T18:56:00.879+0000] {dag.py:3823} INFO - Setting next_dagrun for example_subdag_operator.section-1 to None, run_after=None
[2025-04-13T18:56:00.913+0000] {logging_mixin.py:188} INFO - [2025-04-13T18:56:00.912+0000] {dag.py:3823} INFO - Setting next_dagrun for example_subdag_operator.section-2 to None, run_after=None
[2025-04-13T18:56:01.055+0000] {logging_mixin.py:188} INFO - [2025-04-13T18:56:01.055+0000] {dag.py:3036} INFO - Sync 2 DAGs
[2025-04-13T18:56:01.111+0000] {logging_mixin.py:188} INFO - [2025-04-13T18:56:01.099+0000] {dag.py:3823} INFO - Setting next_dagrun for example_subdag_operator.section-1 to None, run_after=None
[2025-04-13T18:56:01.115+0000] {logging_mixin.py:188} INFO - [2025-04-13T18:56:01.114+0000] {dag.py:3823} INFO - Setting next_dagrun for example_subdag_operator.section-2 to None, run_after=None
[2025-04-13T18:56:01.204+0000] {processor.py:183} INFO - Processing /home/airflow/.local/lib/python3.8/site-packages/airflow/example_dags/example_subdag_operator.py took 0.973 seconds
[2025-04-13T18:56:31.449+0000] {processor.py:161} INFO - Started process (PID=12259) to work on /home/airflow/.local/lib/python3.8/site-packages/airflow/example_dags/example_subdag_operator.py
[2025-04-13T18:56:31.452+0000] {processor.py:830} INFO - Processing file /home/airflow/.local/lib/python3.8/site-packages/airflow/example_dags/example_subdag_operator.py for tasks to queue
[2025-04-13T18:56:31.456+0000] {logging_mixin.py:188} INFO - [2025-04-13T18:56:31.456+0000] {dagbag.py:538} INFO - Filling up the DagBag from /home/airflow/.local/lib/python3.8/site-packages/airflow/example_dags/example_subdag_operator.py
[2025-04-13T18:56:31.502+0000] {processor.py:840} INFO - DAG(s) 'example_subdag_operator.section-1', 'example_subdag_operator.section-2', 'example_subdag_operator' retrieved from /home/airflow/.local/lib/python3.8/site-packages/airflow/example_dags/example_subdag_operator.py
[2025-04-13T18:56:31.538+0000] {logging_mixin.py:188} INFO - [2025-04-13T18:56:31.538+0000] {dag.py:3036} INFO - Sync 3 DAGs
[2025-04-13T18:56:31.592+0000] {logging_mixin.py:188} INFO - [2025-04-13T18:56:31.592+0000] {dag.py:3823} INFO - Setting next_dagrun for example_subdag_operator to 2022-01-01 00:00:00+00:00, run_after=2022-01-01 00:00:00+00:00
[2025-04-13T18:56:31.604+0000] {logging_mixin.py:188} INFO - [2025-04-13T18:56:31.603+0000] {dag.py:3823} INFO - Setting next_dagrun for example_subdag_operator.section-1 to None, run_after=None
[2025-04-13T18:56:31.607+0000] {logging_mixin.py:188} INFO - [2025-04-13T18:56:31.607+0000] {dag.py:3823} INFO - Setting next_dagrun for example_subdag_operator.section-2 to None, run_after=None
[2025-04-13T18:56:31.624+0000] {logging_mixin.py:188} INFO - [2025-04-13T18:56:31.624+0000] {dag.py:3036} INFO - Sync 2 DAGs
[2025-04-13T18:56:31.636+0000] {logging_mixin.py:188} INFO - [2025-04-13T18:56:31.636+0000] {dag.py:3823} INFO - Setting next_dagrun for example_subdag_operator.section-1 to None, run_after=None
[2025-04-13T18:56:31.637+0000] {logging_mixin.py:188} INFO - [2025-04-13T18:56:31.637+0000] {dag.py:3823} INFO - Setting next_dagrun for example_subdag_operator.section-2 to None, run_after=None
[2025-04-13T18:56:31.662+0000] {processor.py:183} INFO - Processing /home/airflow/.local/lib/python3.8/site-packages/airflow/example_dags/example_subdag_operator.py took 0.220 seconds
[2025-04-13T18:57:04.247+0000] {processor.py:161} INFO - Started process (PID=12315) to work on /home/airflow/.local/lib/python3.8/site-packages/airflow/example_dags/example_subdag_operator.py
[2025-04-13T18:57:04.250+0000] {processor.py:830} INFO - Processing file /home/airflow/.local/lib/python3.8/site-packages/airflow/example_dags/example_subdag_operator.py for tasks to queue
[2025-04-13T18:57:04.261+0000] {logging_mixin.py:188} INFO - [2025-04-13T18:57:04.260+0000] {dagbag.py:538} INFO - Filling up the DagBag from /home/airflow/.local/lib/python3.8/site-packages/airflow/example_dags/example_subdag_operator.py
[2025-04-13T18:57:04.356+0000] {processor.py:840} INFO - DAG(s) 'example_subdag_operator.section-1', 'example_subdag_operator.section-2', 'example_subdag_operator' retrieved from /home/airflow/.local/lib/python3.8/site-packages/airflow/example_dags/example_subdag_operator.py
[2025-04-13T18:57:04.411+0000] {logging_mixin.py:188} INFO - [2025-04-13T18:57:04.411+0000] {dag.py:3036} INFO - Sync 3 DAGs
[2025-04-13T18:57:04.470+0000] {logging_mixin.py:188} INFO - [2025-04-13T18:57:04.470+0000] {dag.py:3823} INFO - Setting next_dagrun for example_subdag_operator to 2022-01-01 00:00:00+00:00, run_after=2022-01-01 00:00:00+00:00
[2025-04-13T18:57:04.476+0000] {logging_mixin.py:188} INFO - [2025-04-13T18:57:04.476+0000] {dag.py:3823} INFO - Setting next_dagrun for example_subdag_operator.section-1 to None, run_after=None
[2025-04-13T18:57:04.504+0000] {logging_mixin.py:188} INFO - [2025-04-13T18:57:04.503+0000] {dag.py:3823} INFO - Setting next_dagrun for example_subdag_operator.section-2 to None, run_after=None
[2025-04-13T18:57:04.580+0000] {logging_mixin.py:188} INFO - [2025-04-13T18:57:04.580+0000] {dag.py:3036} INFO - Sync 2 DAGs
[2025-04-13T18:57:04.605+0000] {logging_mixin.py:188} INFO - [2025-04-13T18:57:04.604+0000] {dag.py:3823} INFO - Setting next_dagrun for example_subdag_operator.section-1 to None, run_after=None
[2025-04-13T18:57:04.616+0000] {logging_mixin.py:188} INFO - [2025-04-13T18:57:04.608+0000] {dag.py:3823} INFO - Setting next_dagrun for example_subdag_operator.section-2 to None, run_after=None
[2025-04-13T18:57:04.698+0000] {processor.py:183} INFO - Processing /home/airflow/.local/lib/python3.8/site-packages/airflow/example_dags/example_subdag_operator.py took 0.456 seconds
[2025-04-13T18:57:35.015+0000] {processor.py:161} INFO - Started process (PID=12371) to work on /home/airflow/.local/lib/python3.8/site-packages/airflow/example_dags/example_subdag_operator.py
[2025-04-13T18:57:35.017+0000] {processor.py:830} INFO - Processing file /home/airflow/.local/lib/python3.8/site-packages/airflow/example_dags/example_subdag_operator.py for tasks to queue
[2025-04-13T18:57:35.019+0000] {logging_mixin.py:188} INFO - [2025-04-13T18:57:35.019+0000] {dagbag.py:538} INFO - Filling up the DagBag from /home/airflow/.local/lib/python3.8/site-packages/airflow/example_dags/example_subdag_operator.py
[2025-04-13T18:57:35.047+0000] {processor.py:840} INFO - DAG(s) 'example_subdag_operator.section-1', 'example_subdag_operator.section-2', 'example_subdag_operator' retrieved from /home/airflow/.local/lib/python3.8/site-packages/airflow/example_dags/example_subdag_operator.py
[2025-04-13T18:57:35.066+0000] {logging_mixin.py:188} INFO - [2025-04-13T18:57:35.065+0000] {dag.py:3036} INFO - Sync 3 DAGs
[2025-04-13T18:57:35.094+0000] {logging_mixin.py:188} INFO - [2025-04-13T18:57:35.094+0000] {dag.py:3823} INFO - Setting next_dagrun for example_subdag_operator to 2022-01-01 00:00:00+00:00, run_after=2022-01-01 00:00:00+00:00
[2025-04-13T18:57:35.100+0000] {logging_mixin.py:188} INFO - [2025-04-13T18:57:35.099+0000] {dag.py:3823} INFO - Setting next_dagrun for example_subdag_operator.section-1 to None, run_after=None
[2025-04-13T18:57:35.102+0000] {logging_mixin.py:188} INFO - [2025-04-13T18:57:35.102+0000] {dag.py:3823} INFO - Setting next_dagrun for example_subdag_operator.section-2 to None, run_after=None
[2025-04-13T18:57:35.114+0000] {logging_mixin.py:188} INFO - [2025-04-13T18:57:35.114+0000] {dag.py:3036} INFO - Sync 2 DAGs
[2025-04-13T18:57:35.130+0000] {logging_mixin.py:188} INFO - [2025-04-13T18:57:35.129+0000] {dag.py:3823} INFO - Setting next_dagrun for example_subdag_operator.section-1 to None, run_after=None
[2025-04-13T18:57:35.131+0000] {logging_mixin.py:188} INFO - [2025-04-13T18:57:35.130+0000] {dag.py:3823} INFO - Setting next_dagrun for example_subdag_operator.section-2 to None, run_after=None
[2025-04-13T18:57:35.152+0000] {processor.py:183} INFO - Processing /home/airflow/.local/lib/python3.8/site-packages/airflow/example_dags/example_subdag_operator.py took 0.141 seconds
[2025-04-13T18:58:05.971+0000] {processor.py:161} INFO - Started process (PID=12427) to work on /home/airflow/.local/lib/python3.8/site-packages/airflow/example_dags/example_subdag_operator.py
[2025-04-13T18:58:05.973+0000] {processor.py:830} INFO - Processing file /home/airflow/.local/lib/python3.8/site-packages/airflow/example_dags/example_subdag_operator.py for tasks to queue
[2025-04-13T18:58:05.980+0000] {logging_mixin.py:188} INFO - [2025-04-13T18:58:05.980+0000] {dagbag.py:538} INFO - Filling up the DagBag from /home/airflow/.local/lib/python3.8/site-packages/airflow/example_dags/example_subdag_operator.py
[2025-04-13T18:58:06.016+0000] {processor.py:840} INFO - DAG(s) 'example_subdag_operator.section-1', 'example_subdag_operator.section-2', 'example_subdag_operator' retrieved from /home/airflow/.local/lib/python3.8/site-packages/airflow/example_dags/example_subdag_operator.py
[2025-04-13T18:58:06.042+0000] {logging_mixin.py:188} INFO - [2025-04-13T18:58:06.041+0000] {dag.py:3036} INFO - Sync 3 DAGs
[2025-04-13T18:58:06.072+0000] {logging_mixin.py:188} INFO - [2025-04-13T18:58:06.071+0000] {dag.py:3823} INFO - Setting next_dagrun for example_subdag_operator to 2022-01-01 00:00:00+00:00, run_after=2022-01-01 00:00:00+00:00
[2025-04-13T18:58:06.077+0000] {logging_mixin.py:188} INFO - [2025-04-13T18:58:06.077+0000] {dag.py:3823} INFO - Setting next_dagrun for example_subdag_operator.section-1 to None, run_after=None
[2025-04-13T18:58:06.080+0000] {logging_mixin.py:188} INFO - [2025-04-13T18:58:06.079+0000] {dag.py:3823} INFO - Setting next_dagrun for example_subdag_operator.section-2 to None, run_after=None
[2025-04-13T18:58:06.090+0000] {logging_mixin.py:188} INFO - [2025-04-13T18:58:06.090+0000] {dag.py:3036} INFO - Sync 2 DAGs
[2025-04-13T18:58:06.097+0000] {logging_mixin.py:188} INFO - [2025-04-13T18:58:06.097+0000] {dag.py:3823} INFO - Setting next_dagrun for example_subdag_operator.section-1 to None, run_after=None
[2025-04-13T18:58:06.098+0000] {logging_mixin.py:188} INFO - [2025-04-13T18:58:06.097+0000] {dag.py:3823} INFO - Setting next_dagrun for example_subdag_operator.section-2 to None, run_after=None
[2025-04-13T18:58:06.115+0000] {processor.py:183} INFO - Processing /home/airflow/.local/lib/python3.8/site-packages/airflow/example_dags/example_subdag_operator.py took 0.148 seconds
[2025-04-13T18:58:36.724+0000] {processor.py:161} INFO - Started process (PID=12484) to work on /home/airflow/.local/lib/python3.8/site-packages/airflow/example_dags/example_subdag_operator.py
[2025-04-13T18:58:36.725+0000] {processor.py:830} INFO - Processing file /home/airflow/.local/lib/python3.8/site-packages/airflow/example_dags/example_subdag_operator.py for tasks to queue
[2025-04-13T18:58:36.728+0000] {logging_mixin.py:188} INFO - [2025-04-13T18:58:36.728+0000] {dagbag.py:538} INFO - Filling up the DagBag from /home/airflow/.local/lib/python3.8/site-packages/airflow/example_dags/example_subdag_operator.py
[2025-04-13T18:58:36.762+0000] {processor.py:840} INFO - DAG(s) 'example_subdag_operator.section-1', 'example_subdag_operator.section-2', 'example_subdag_operator' retrieved from /home/airflow/.local/lib/python3.8/site-packages/airflow/example_dags/example_subdag_operator.py
[2025-04-13T18:58:36.788+0000] {logging_mixin.py:188} INFO - [2025-04-13T18:58:36.787+0000] {dag.py:3036} INFO - Sync 3 DAGs
[2025-04-13T18:58:36.832+0000] {logging_mixin.py:188} INFO - [2025-04-13T18:58:36.832+0000] {dag.py:3823} INFO - Setting next_dagrun for example_subdag_operator to 2022-01-01 00:00:00+00:00, run_after=2022-01-01 00:00:00+00:00
[2025-04-13T18:58:36.837+0000] {logging_mixin.py:188} INFO - [2025-04-13T18:58:36.837+0000] {dag.py:3823} INFO - Setting next_dagrun for example_subdag_operator.section-1 to None, run_after=None
[2025-04-13T18:58:36.841+0000] {logging_mixin.py:188} INFO - [2025-04-13T18:58:36.841+0000] {dag.py:3823} INFO - Setting next_dagrun for example_subdag_operator.section-2 to None, run_after=None
[2025-04-13T18:58:36.850+0000] {logging_mixin.py:188} INFO - [2025-04-13T18:58:36.849+0000] {dag.py:3036} INFO - Sync 2 DAGs
[2025-04-13T18:58:36.859+0000] {logging_mixin.py:188} INFO - [2025-04-13T18:58:36.859+0000] {dag.py:3823} INFO - Setting next_dagrun for example_subdag_operator.section-1 to None, run_after=None
[2025-04-13T18:58:36.860+0000] {logging_mixin.py:188} INFO - [2025-04-13T18:58:36.859+0000] {dag.py:3823} INFO - Setting next_dagrun for example_subdag_operator.section-2 to None, run_after=None
[2025-04-13T18:58:36.876+0000] {processor.py:183} INFO - Processing /home/airflow/.local/lib/python3.8/site-packages/airflow/example_dags/example_subdag_operator.py took 0.158 seconds
[2025-04-13T18:59:08.239+0000] {processor.py:161} INFO - Started process (PID=12540) to work on /home/airflow/.local/lib/python3.8/site-packages/airflow/example_dags/example_subdag_operator.py
[2025-04-13T18:59:08.244+0000] {processor.py:830} INFO - Processing file /home/airflow/.local/lib/python3.8/site-packages/airflow/example_dags/example_subdag_operator.py for tasks to queue
[2025-04-13T18:59:08.246+0000] {logging_mixin.py:188} INFO - [2025-04-13T18:59:08.246+0000] {dagbag.py:538} INFO - Filling up the DagBag from /home/airflow/.local/lib/python3.8/site-packages/airflow/example_dags/example_subdag_operator.py
[2025-04-13T18:59:08.293+0000] {processor.py:840} INFO - DAG(s) 'example_subdag_operator.section-1', 'example_subdag_operator.section-2', 'example_subdag_operator' retrieved from /home/airflow/.local/lib/python3.8/site-packages/airflow/example_dags/example_subdag_operator.py
[2025-04-13T18:59:08.325+0000] {logging_mixin.py:188} INFO - [2025-04-13T18:59:08.324+0000] {dag.py:3036} INFO - Sync 3 DAGs
[2025-04-13T18:59:08.373+0000] {logging_mixin.py:188} INFO - [2025-04-13T18:59:08.373+0000] {dag.py:3823} INFO - Setting next_dagrun for example_subdag_operator to 2022-01-01 00:00:00+00:00, run_after=2022-01-01 00:00:00+00:00
[2025-04-13T18:59:08.381+0000] {logging_mixin.py:188} INFO - [2025-04-13T18:59:08.381+0000] {dag.py:3823} INFO - Setting next_dagrun for example_subdag_operator.section-1 to None, run_after=None
[2025-04-13T18:59:08.383+0000] {logging_mixin.py:188} INFO - [2025-04-13T18:59:08.383+0000] {dag.py:3823} INFO - Setting next_dagrun for example_subdag_operator.section-2 to None, run_after=None
[2025-04-13T18:59:08.395+0000] {logging_mixin.py:188} INFO - [2025-04-13T18:59:08.395+0000] {dag.py:3036} INFO - Sync 2 DAGs
[2025-04-13T18:59:08.406+0000] {logging_mixin.py:188} INFO - [2025-04-13T18:59:08.406+0000] {dag.py:3823} INFO - Setting next_dagrun for example_subdag_operator.section-1 to None, run_after=None
[2025-04-13T18:59:08.409+0000] {logging_mixin.py:188} INFO - [2025-04-13T18:59:08.407+0000] {dag.py:3823} INFO - Setting next_dagrun for example_subdag_operator.section-2 to None, run_after=None
[2025-04-13T18:59:08.430+0000] {processor.py:183} INFO - Processing /home/airflow/.local/lib/python3.8/site-packages/airflow/example_dags/example_subdag_operator.py took 0.194 seconds
[2025-04-13T18:59:40.849+0000] {processor.py:161} INFO - Started process (PID=12596) to work on /home/airflow/.local/lib/python3.8/site-packages/airflow/example_dags/example_subdag_operator.py
[2025-04-13T18:59:40.851+0000] {processor.py:830} INFO - Processing file /home/airflow/.local/lib/python3.8/site-packages/airflow/example_dags/example_subdag_operator.py for tasks to queue
[2025-04-13T18:59:40.853+0000] {logging_mixin.py:188} INFO - [2025-04-13T18:59:40.853+0000] {dagbag.py:538} INFO - Filling up the DagBag from /home/airflow/.local/lib/python3.8/site-packages/airflow/example_dags/example_subdag_operator.py
[2025-04-13T18:59:40.886+0000] {processor.py:840} INFO - DAG(s) 'example_subdag_operator.section-1', 'example_subdag_operator.section-2', 'example_subdag_operator' retrieved from /home/airflow/.local/lib/python3.8/site-packages/airflow/example_dags/example_subdag_operator.py
[2025-04-13T18:59:40.908+0000] {logging_mixin.py:188} INFO - [2025-04-13T18:59:40.908+0000] {dag.py:3036} INFO - Sync 3 DAGs
[2025-04-13T18:59:40.936+0000] {logging_mixin.py:188} INFO - [2025-04-13T18:59:40.935+0000] {dag.py:3823} INFO - Setting next_dagrun for example_subdag_operator to 2022-01-01 00:00:00+00:00, run_after=2022-01-01 00:00:00+00:00
[2025-04-13T18:59:40.941+0000] {logging_mixin.py:188} INFO - [2025-04-13T18:59:40.941+0000] {dag.py:3823} INFO - Setting next_dagrun for example_subdag_operator.section-1 to None, run_after=None
[2025-04-13T18:59:40.943+0000] {logging_mixin.py:188} INFO - [2025-04-13T18:59:40.943+0000] {dag.py:3823} INFO - Setting next_dagrun for example_subdag_operator.section-2 to None, run_after=None
[2025-04-13T18:59:40.953+0000] {logging_mixin.py:188} INFO - [2025-04-13T18:59:40.953+0000] {dag.py:3036} INFO - Sync 2 DAGs
[2025-04-13T18:59:40.960+0000] {logging_mixin.py:188} INFO - [2025-04-13T18:59:40.960+0000] {dag.py:3823} INFO - Setting next_dagrun for example_subdag_operator.section-1 to None, run_after=None
[2025-04-13T18:59:40.963+0000] {logging_mixin.py:188} INFO - [2025-04-13T18:59:40.962+0000] {dag.py:3823} INFO - Setting next_dagrun for example_subdag_operator.section-2 to None, run_after=None
[2025-04-13T18:59:40.994+0000] {processor.py:183} INFO - Processing /home/airflow/.local/lib/python3.8/site-packages/airflow/example_dags/example_subdag_operator.py took 0.148 seconds
[2025-04-13T19:00:13.712+0000] {processor.py:161} INFO - Started process (PID=12652) to work on /home/airflow/.local/lib/python3.8/site-packages/airflow/example_dags/example_subdag_operator.py
[2025-04-13T19:00:13.714+0000] {processor.py:830} INFO - Processing file /home/airflow/.local/lib/python3.8/site-packages/airflow/example_dags/example_subdag_operator.py for tasks to queue
[2025-04-13T19:00:13.718+0000] {logging_mixin.py:188} INFO - [2025-04-13T19:00:13.718+0000] {dagbag.py:538} INFO - Filling up the DagBag from /home/airflow/.local/lib/python3.8/site-packages/airflow/example_dags/example_subdag_operator.py
[2025-04-13T19:00:13.751+0000] {processor.py:840} INFO - DAG(s) 'example_subdag_operator.section-1', 'example_subdag_operator.section-2', 'example_subdag_operator' retrieved from /home/airflow/.local/lib/python3.8/site-packages/airflow/example_dags/example_subdag_operator.py
[2025-04-13T19:00:13.774+0000] {logging_mixin.py:188} INFO - [2025-04-13T19:00:13.774+0000] {dag.py:3036} INFO - Sync 3 DAGs
[2025-04-13T19:00:13.813+0000] {logging_mixin.py:188} INFO - [2025-04-13T19:00:13.813+0000] {dag.py:3823} INFO - Setting next_dagrun for example_subdag_operator to 2022-01-01 00:00:00+00:00, run_after=2022-01-01 00:00:00+00:00
[2025-04-13T19:00:13.821+0000] {logging_mixin.py:188} INFO - [2025-04-13T19:00:13.821+0000] {dag.py:3823} INFO - Setting next_dagrun for example_subdag_operator.section-1 to None, run_after=None
[2025-04-13T19:00:13.823+0000] {logging_mixin.py:188} INFO - [2025-04-13T19:00:13.823+0000] {dag.py:3823} INFO - Setting next_dagrun for example_subdag_operator.section-2 to None, run_after=None
[2025-04-13T19:00:13.832+0000] {logging_mixin.py:188} INFO - [2025-04-13T19:00:13.832+0000] {dag.py:3036} INFO - Sync 2 DAGs
[2025-04-13T19:00:13.841+0000] {logging_mixin.py:188} INFO - [2025-04-13T19:00:13.840+0000] {dag.py:3823} INFO - Setting next_dagrun for example_subdag_operator.section-1 to None, run_after=None
[2025-04-13T19:00:13.842+0000] {logging_mixin.py:188} INFO - [2025-04-13T19:00:13.841+0000] {dag.py:3823} INFO - Setting next_dagrun for example_subdag_operator.section-2 to None, run_after=None
[2025-04-13T19:00:13.857+0000] {processor.py:183} INFO - Processing /home/airflow/.local/lib/python3.8/site-packages/airflow/example_dags/example_subdag_operator.py took 0.149 seconds
[2025-04-13T19:00:52.547+0000] {processor.py:161} INFO - Started process (PID=12712) to work on /home/airflow/.local/lib/python3.8/site-packages/airflow/example_dags/example_subdag_operator.py
[2025-04-13T19:00:52.548+0000] {processor.py:830} INFO - Processing file /home/airflow/.local/lib/python3.8/site-packages/airflow/example_dags/example_subdag_operator.py for tasks to queue
[2025-04-13T19:00:52.566+0000] {logging_mixin.py:188} INFO - [2025-04-13T19:00:52.563+0000] {dagbag.py:538} INFO - Filling up the DagBag from /home/airflow/.local/lib/python3.8/site-packages/airflow/example_dags/example_subdag_operator.py
[2025-04-13T19:00:52.751+0000] {processor.py:840} INFO - DAG(s) 'example_subdag_operator.section-1', 'example_subdag_operator.section-2', 'example_subdag_operator' retrieved from /home/airflow/.local/lib/python3.8/site-packages/airflow/example_dags/example_subdag_operator.py
[2025-04-13T19:00:52.838+0000] {logging_mixin.py:188} INFO - [2025-04-13T19:00:52.838+0000] {dag.py:3036} INFO - Sync 3 DAGs
[2025-04-13T19:00:52.955+0000] {logging_mixin.py:188} INFO - [2025-04-13T19:00:52.954+0000] {dag.py:3823} INFO - Setting next_dagrun for example_subdag_operator to 2022-01-01 00:00:00+00:00, run_after=2022-01-01 00:00:00+00:00
[2025-04-13T19:00:52.969+0000] {logging_mixin.py:188} INFO - [2025-04-13T19:00:52.968+0000] {dag.py:3823} INFO - Setting next_dagrun for example_subdag_operator.section-1 to None, run_after=None
[2025-04-13T19:00:52.971+0000] {logging_mixin.py:188} INFO - [2025-04-13T19:00:52.971+0000] {dag.py:3823} INFO - Setting next_dagrun for example_subdag_operator.section-2 to None, run_after=None
[2025-04-13T19:00:53.003+0000] {logging_mixin.py:188} INFO - [2025-04-13T19:00:53.002+0000] {dag.py:3036} INFO - Sync 2 DAGs
[2025-04-13T19:00:53.021+0000] {logging_mixin.py:188} INFO - [2025-04-13T19:00:53.021+0000] {dag.py:3823} INFO - Setting next_dagrun for example_subdag_operator.section-1 to None, run_after=None
[2025-04-13T19:00:53.029+0000] {logging_mixin.py:188} INFO - [2025-04-13T19:00:53.029+0000] {dag.py:3823} INFO - Setting next_dagrun for example_subdag_operator.section-2 to None, run_after=None
[2025-04-13T19:00:53.094+0000] {processor.py:183} INFO - Processing /home/airflow/.local/lib/python3.8/site-packages/airflow/example_dags/example_subdag_operator.py took 0.556 seconds
[2025-04-13T19:01:23.469+0000] {processor.py:161} INFO - Started process (PID=12768) to work on /home/airflow/.local/lib/python3.8/site-packages/airflow/example_dags/example_subdag_operator.py
[2025-04-13T19:01:23.471+0000] {processor.py:830} INFO - Processing file /home/airflow/.local/lib/python3.8/site-packages/airflow/example_dags/example_subdag_operator.py for tasks to queue
[2025-04-13T19:01:23.473+0000] {logging_mixin.py:188} INFO - [2025-04-13T19:01:23.473+0000] {dagbag.py:538} INFO - Filling up the DagBag from /home/airflow/.local/lib/python3.8/site-packages/airflow/example_dags/example_subdag_operator.py
[2025-04-13T19:01:23.499+0000] {processor.py:840} INFO - DAG(s) 'example_subdag_operator.section-1', 'example_subdag_operator.section-2', 'example_subdag_operator' retrieved from /home/airflow/.local/lib/python3.8/site-packages/airflow/example_dags/example_subdag_operator.py
[2025-04-13T19:01:23.518+0000] {logging_mixin.py:188} INFO - [2025-04-13T19:01:23.517+0000] {dag.py:3036} INFO - Sync 3 DAGs
[2025-04-13T19:01:23.545+0000] {logging_mixin.py:188} INFO - [2025-04-13T19:01:23.544+0000] {dag.py:3823} INFO - Setting next_dagrun for example_subdag_operator to 2022-01-01 00:00:00+00:00, run_after=2022-01-01 00:00:00+00:00
[2025-04-13T19:01:23.550+0000] {logging_mixin.py:188} INFO - [2025-04-13T19:01:23.550+0000] {dag.py:3823} INFO - Setting next_dagrun for example_subdag_operator.section-1 to None, run_after=None
[2025-04-13T19:01:23.552+0000] {logging_mixin.py:188} INFO - [2025-04-13T19:01:23.552+0000] {dag.py:3823} INFO - Setting next_dagrun for example_subdag_operator.section-2 to None, run_after=None
[2025-04-13T19:01:23.562+0000] {logging_mixin.py:188} INFO - [2025-04-13T19:01:23.562+0000] {dag.py:3036} INFO - Sync 2 DAGs
[2025-04-13T19:01:23.568+0000] {logging_mixin.py:188} INFO - [2025-04-13T19:01:23.568+0000] {dag.py:3823} INFO - Setting next_dagrun for example_subdag_operator.section-1 to None, run_after=None
[2025-04-13T19:01:23.569+0000] {logging_mixin.py:188} INFO - [2025-04-13T19:01:23.569+0000] {dag.py:3823} INFO - Setting next_dagrun for example_subdag_operator.section-2 to None, run_after=None
[2025-04-13T19:01:23.584+0000] {processor.py:183} INFO - Processing /home/airflow/.local/lib/python3.8/site-packages/airflow/example_dags/example_subdag_operator.py took 0.119 seconds
[2025-04-13T19:01:54.443+0000] {processor.py:161} INFO - Started process (PID=12824) to work on /home/airflow/.local/lib/python3.8/site-packages/airflow/example_dags/example_subdag_operator.py
[2025-04-13T19:01:54.444+0000] {processor.py:830} INFO - Processing file /home/airflow/.local/lib/python3.8/site-packages/airflow/example_dags/example_subdag_operator.py for tasks to queue
[2025-04-13T19:01:54.446+0000] {logging_mixin.py:188} INFO - [2025-04-13T19:01:54.446+0000] {dagbag.py:538} INFO - Filling up the DagBag from /home/airflow/.local/lib/python3.8/site-packages/airflow/example_dags/example_subdag_operator.py
[2025-04-13T19:01:54.509+0000] {processor.py:840} INFO - DAG(s) 'example_subdag_operator.section-1', 'example_subdag_operator.section-2', 'example_subdag_operator' retrieved from /home/airflow/.local/lib/python3.8/site-packages/airflow/example_dags/example_subdag_operator.py
[2025-04-13T19:01:54.554+0000] {logging_mixin.py:188} INFO - [2025-04-13T19:01:54.553+0000] {dag.py:3036} INFO - Sync 3 DAGs
[2025-04-13T19:01:54.626+0000] {logging_mixin.py:188} INFO - [2025-04-13T19:01:54.626+0000] {dag.py:3823} INFO - Setting next_dagrun for example_subdag_operator to 2022-01-01 00:00:00+00:00, run_after=2022-01-01 00:00:00+00:00
[2025-04-13T19:01:54.640+0000] {logging_mixin.py:188} INFO - [2025-04-13T19:01:54.639+0000] {dag.py:3823} INFO - Setting next_dagrun for example_subdag_operator.section-1 to None, run_after=None
[2025-04-13T19:01:54.643+0000] {logging_mixin.py:188} INFO - [2025-04-13T19:01:54.642+0000] {dag.py:3823} INFO - Setting next_dagrun for example_subdag_operator.section-2 to None, run_after=None
[2025-04-13T19:01:54.667+0000] {logging_mixin.py:188} INFO - [2025-04-13T19:01:54.667+0000] {dag.py:3036} INFO - Sync 2 DAGs
[2025-04-13T19:01:54.683+0000] {logging_mixin.py:188} INFO - [2025-04-13T19:01:54.682+0000] {dag.py:3823} INFO - Setting next_dagrun for example_subdag_operator.section-1 to None, run_after=None
[2025-04-13T19:01:54.684+0000] {logging_mixin.py:188} INFO - [2025-04-13T19:01:54.683+0000] {dag.py:3823} INFO - Setting next_dagrun for example_subdag_operator.section-2 to None, run_after=None
[2025-04-13T19:01:54.709+0000] {processor.py:183} INFO - Processing /home/airflow/.local/lib/python3.8/site-packages/airflow/example_dags/example_subdag_operator.py took 0.274 seconds
[2025-04-13T19:02:27.753+0000] {processor.py:161} INFO - Started process (PID=12881) to work on /home/airflow/.local/lib/python3.8/site-packages/airflow/example_dags/example_subdag_operator.py
[2025-04-13T19:02:27.755+0000] {processor.py:830} INFO - Processing file /home/airflow/.local/lib/python3.8/site-packages/airflow/example_dags/example_subdag_operator.py for tasks to queue
[2025-04-13T19:02:27.757+0000] {logging_mixin.py:188} INFO - [2025-04-13T19:02:27.757+0000] {dagbag.py:538} INFO - Filling up the DagBag from /home/airflow/.local/lib/python3.8/site-packages/airflow/example_dags/example_subdag_operator.py
[2025-04-13T19:02:27.789+0000] {processor.py:840} INFO - DAG(s) 'example_subdag_operator.section-1', 'example_subdag_operator.section-2', 'example_subdag_operator' retrieved from /home/airflow/.local/lib/python3.8/site-packages/airflow/example_dags/example_subdag_operator.py
[2025-04-13T19:02:27.810+0000] {logging_mixin.py:188} INFO - [2025-04-13T19:02:27.810+0000] {dag.py:3036} INFO - Sync 3 DAGs
[2025-04-13T19:02:27.839+0000] {logging_mixin.py:188} INFO - [2025-04-13T19:02:27.838+0000] {dag.py:3823} INFO - Setting next_dagrun for example_subdag_operator to 2022-01-01 00:00:00+00:00, run_after=2022-01-01 00:00:00+00:00
[2025-04-13T19:02:27.844+0000] {logging_mixin.py:188} INFO - [2025-04-13T19:02:27.844+0000] {dag.py:3823} INFO - Setting next_dagrun for example_subdag_operator.section-1 to None, run_after=None
[2025-04-13T19:02:27.846+0000] {logging_mixin.py:188} INFO - [2025-04-13T19:02:27.846+0000] {dag.py:3823} INFO - Setting next_dagrun for example_subdag_operator.section-2 to None, run_after=None
[2025-04-13T19:02:27.857+0000] {logging_mixin.py:188} INFO - [2025-04-13T19:02:27.857+0000] {dag.py:3036} INFO - Sync 2 DAGs
[2025-04-13T19:02:27.866+0000] {logging_mixin.py:188} INFO - [2025-04-13T19:02:27.865+0000] {dag.py:3823} INFO - Setting next_dagrun for example_subdag_operator.section-1 to None, run_after=None
[2025-04-13T19:02:27.867+0000] {logging_mixin.py:188} INFO - [2025-04-13T19:02:27.867+0000] {dag.py:3823} INFO - Setting next_dagrun for example_subdag_operator.section-2 to None, run_after=None
[2025-04-13T19:02:27.882+0000] {processor.py:183} INFO - Processing /home/airflow/.local/lib/python3.8/site-packages/airflow/example_dags/example_subdag_operator.py took 0.132 seconds
[2025-04-13T19:03:01.320+0000] {processor.py:161} INFO - Started process (PID=12941) to work on /home/airflow/.local/lib/python3.8/site-packages/airflow/example_dags/example_subdag_operator.py
[2025-04-13T19:03:01.322+0000] {processor.py:830} INFO - Processing file /home/airflow/.local/lib/python3.8/site-packages/airflow/example_dags/example_subdag_operator.py for tasks to queue
[2025-04-13T19:03:01.324+0000] {logging_mixin.py:188} INFO - [2025-04-13T19:03:01.324+0000] {dagbag.py:538} INFO - Filling up the DagBag from /home/airflow/.local/lib/python3.8/site-packages/airflow/example_dags/example_subdag_operator.py
[2025-04-13T19:03:01.355+0000] {processor.py:840} INFO - DAG(s) 'example_subdag_operator.section-1', 'example_subdag_operator.section-2', 'example_subdag_operator' retrieved from /home/airflow/.local/lib/python3.8/site-packages/airflow/example_dags/example_subdag_operator.py
[2025-04-13T19:03:01.379+0000] {logging_mixin.py:188} INFO - [2025-04-13T19:03:01.379+0000] {dag.py:3036} INFO - Sync 3 DAGs
[2025-04-13T19:03:01.409+0000] {logging_mixin.py:188} INFO - [2025-04-13T19:03:01.409+0000] {dag.py:3823} INFO - Setting next_dagrun for example_subdag_operator to 2022-01-01 00:00:00+00:00, run_after=2022-01-01 00:00:00+00:00
[2025-04-13T19:03:01.413+0000] {logging_mixin.py:188} INFO - [2025-04-13T19:03:01.413+0000] {dag.py:3823} INFO - Setting next_dagrun for example_subdag_operator.section-1 to None, run_after=None
[2025-04-13T19:03:01.415+0000] {logging_mixin.py:188} INFO - [2025-04-13T19:03:01.415+0000] {dag.py:3823} INFO - Setting next_dagrun for example_subdag_operator.section-2 to None, run_after=None
[2025-04-13T19:03:01.425+0000] {logging_mixin.py:188} INFO - [2025-04-13T19:03:01.425+0000] {dag.py:3036} INFO - Sync 2 DAGs
[2025-04-13T19:03:01.432+0000] {logging_mixin.py:188} INFO - [2025-04-13T19:03:01.432+0000] {dag.py:3823} INFO - Setting next_dagrun for example_subdag_operator.section-1 to None, run_after=None
[2025-04-13T19:03:01.433+0000] {logging_mixin.py:188} INFO - [2025-04-13T19:03:01.433+0000] {dag.py:3823} INFO - Setting next_dagrun for example_subdag_operator.section-2 to None, run_after=None
[2025-04-13T19:03:01.446+0000] {processor.py:183} INFO - Processing /home/airflow/.local/lib/python3.8/site-packages/airflow/example_dags/example_subdag_operator.py took 0.130 seconds
[2025-04-13T19:03:36.049+0000] {processor.py:161} INFO - Started process (PID=12998) to work on /home/airflow/.local/lib/python3.8/site-packages/airflow/example_dags/example_subdag_operator.py
[2025-04-13T19:03:36.050+0000] {processor.py:830} INFO - Processing file /home/airflow/.local/lib/python3.8/site-packages/airflow/example_dags/example_subdag_operator.py for tasks to queue
[2025-04-13T19:03:36.053+0000] {logging_mixin.py:188} INFO - [2025-04-13T19:03:36.053+0000] {dagbag.py:538} INFO - Filling up the DagBag from /home/airflow/.local/lib/python3.8/site-packages/airflow/example_dags/example_subdag_operator.py
[2025-04-13T19:03:36.103+0000] {processor.py:840} INFO - DAG(s) 'example_subdag_operator.section-1', 'example_subdag_operator.section-2', 'example_subdag_operator' retrieved from /home/airflow/.local/lib/python3.8/site-packages/airflow/example_dags/example_subdag_operator.py
[2025-04-13T19:03:36.211+0000] {logging_mixin.py:188} INFO - [2025-04-13T19:03:36.210+0000] {dag.py:3036} INFO - Sync 3 DAGs
[2025-04-13T19:03:36.299+0000] {logging_mixin.py:188} INFO - [2025-04-13T19:03:36.298+0000] {dag.py:3823} INFO - Setting next_dagrun for example_subdag_operator to 2022-01-01 00:00:00+00:00, run_after=2022-01-01 00:00:00+00:00
[2025-04-13T19:03:36.313+0000] {logging_mixin.py:188} INFO - [2025-04-13T19:03:36.304+0000] {dag.py:3823} INFO - Setting next_dagrun for example_subdag_operator.section-1 to None, run_after=None
[2025-04-13T19:03:36.318+0000] {logging_mixin.py:188} INFO - [2025-04-13T19:03:36.318+0000] {dag.py:3823} INFO - Setting next_dagrun for example_subdag_operator.section-2 to None, run_after=None
[2025-04-13T19:03:36.348+0000] {logging_mixin.py:188} INFO - [2025-04-13T19:03:36.347+0000] {dag.py:3036} INFO - Sync 2 DAGs
[2025-04-13T19:03:36.365+0000] {logging_mixin.py:188} INFO - [2025-04-13T19:03:36.365+0000] {dag.py:3823} INFO - Setting next_dagrun for example_subdag_operator.section-1 to None, run_after=None
[2025-04-13T19:03:36.371+0000] {logging_mixin.py:188} INFO - [2025-04-13T19:03:36.370+0000] {dag.py:3823} INFO - Setting next_dagrun for example_subdag_operator.section-2 to None, run_after=None
[2025-04-13T19:03:36.401+0000] {processor.py:183} INFO - Processing /home/airflow/.local/lib/python3.8/site-packages/airflow/example_dags/example_subdag_operator.py took 0.356 seconds
[2025-04-13T19:04:08.872+0000] {processor.py:161} INFO - Started process (PID=13054) to work on /home/airflow/.local/lib/python3.8/site-packages/airflow/example_dags/example_subdag_operator.py
[2025-04-13T19:04:08.874+0000] {processor.py:830} INFO - Processing file /home/airflow/.local/lib/python3.8/site-packages/airflow/example_dags/example_subdag_operator.py for tasks to queue
[2025-04-13T19:04:08.876+0000] {logging_mixin.py:188} INFO - [2025-04-13T19:04:08.876+0000] {dagbag.py:538} INFO - Filling up the DagBag from /home/airflow/.local/lib/python3.8/site-packages/airflow/example_dags/example_subdag_operator.py
[2025-04-13T19:04:08.913+0000] {processor.py:840} INFO - DAG(s) 'example_subdag_operator.section-1', 'example_subdag_operator.section-2', 'example_subdag_operator' retrieved from /home/airflow/.local/lib/python3.8/site-packages/airflow/example_dags/example_subdag_operator.py
[2025-04-13T19:04:08.946+0000] {logging_mixin.py:188} INFO - [2025-04-13T19:04:08.945+0000] {dag.py:3036} INFO - Sync 3 DAGs
[2025-04-13T19:04:08.992+0000] {logging_mixin.py:188} INFO - [2025-04-13T19:04:08.991+0000] {dag.py:3823} INFO - Setting next_dagrun for example_subdag_operator to 2022-01-01 00:00:00+00:00, run_after=2022-01-01 00:00:00+00:00
[2025-04-13T19:04:08.997+0000] {logging_mixin.py:188} INFO - [2025-04-13T19:04:08.996+0000] {dag.py:3823} INFO - Setting next_dagrun for example_subdag_operator.section-1 to None, run_after=None
[2025-04-13T19:04:08.999+0000] {logging_mixin.py:188} INFO - [2025-04-13T19:04:08.999+0000] {dag.py:3823} INFO - Setting next_dagrun for example_subdag_operator.section-2 to None, run_after=None
[2025-04-13T19:04:09.010+0000] {logging_mixin.py:188} INFO - [2025-04-13T19:04:09.010+0000] {dag.py:3036} INFO - Sync 2 DAGs
[2025-04-13T19:04:09.029+0000] {logging_mixin.py:188} INFO - [2025-04-13T19:04:09.028+0000] {dag.py:3823} INFO - Setting next_dagrun for example_subdag_operator.section-1 to None, run_after=None
[2025-04-13T19:04:09.029+0000] {logging_mixin.py:188} INFO - [2025-04-13T19:04:09.029+0000] {dag.py:3823} INFO - Setting next_dagrun for example_subdag_operator.section-2 to None, run_after=None
[2025-04-13T19:04:09.043+0000] {processor.py:183} INFO - Processing /home/airflow/.local/lib/python3.8/site-packages/airflow/example_dags/example_subdag_operator.py took 0.174 seconds
[2025-04-13T19:04:41.205+0000] {processor.py:161} INFO - Started process (PID=13111) to work on /home/airflow/.local/lib/python3.8/site-packages/airflow/example_dags/example_subdag_operator.py
[2025-04-13T19:04:41.207+0000] {processor.py:830} INFO - Processing file /home/airflow/.local/lib/python3.8/site-packages/airflow/example_dags/example_subdag_operator.py for tasks to queue
[2025-04-13T19:04:41.210+0000] {logging_mixin.py:188} INFO - [2025-04-13T19:04:41.209+0000] {dagbag.py:538} INFO - Filling up the DagBag from /home/airflow/.local/lib/python3.8/site-packages/airflow/example_dags/example_subdag_operator.py
[2025-04-13T19:04:41.252+0000] {processor.py:840} INFO - DAG(s) 'example_subdag_operator.section-1', 'example_subdag_operator.section-2', 'example_subdag_operator' retrieved from /home/airflow/.local/lib/python3.8/site-packages/airflow/example_dags/example_subdag_operator.py
[2025-04-13T19:04:41.297+0000] {logging_mixin.py:188} INFO - [2025-04-13T19:04:41.297+0000] {dag.py:3036} INFO - Sync 3 DAGs
[2025-04-13T19:04:41.340+0000] {logging_mixin.py:188} INFO - [2025-04-13T19:04:41.340+0000] {dag.py:3823} INFO - Setting next_dagrun for example_subdag_operator to 2022-01-01 00:00:00+00:00, run_after=2022-01-01 00:00:00+00:00
[2025-04-13T19:04:41.348+0000] {logging_mixin.py:188} INFO - [2025-04-13T19:04:41.348+0000] {dag.py:3823} INFO - Setting next_dagrun for example_subdag_operator.section-1 to None, run_after=None
[2025-04-13T19:04:41.350+0000] {logging_mixin.py:188} INFO - [2025-04-13T19:04:41.350+0000] {dag.py:3823} INFO - Setting next_dagrun for example_subdag_operator.section-2 to None, run_after=None
[2025-04-13T19:04:41.363+0000] {logging_mixin.py:188} INFO - [2025-04-13T19:04:41.363+0000] {dag.py:3036} INFO - Sync 2 DAGs
[2025-04-13T19:04:41.375+0000] {logging_mixin.py:188} INFO - [2025-04-13T19:04:41.374+0000] {dag.py:3823} INFO - Setting next_dagrun for example_subdag_operator.section-1 to None, run_after=None
[2025-04-13T19:04:41.376+0000] {logging_mixin.py:188} INFO - [2025-04-13T19:04:41.376+0000] {dag.py:3823} INFO - Setting next_dagrun for example_subdag_operator.section-2 to None, run_after=None
[2025-04-13T19:04:41.394+0000] {processor.py:183} INFO - Processing /home/airflow/.local/lib/python3.8/site-packages/airflow/example_dags/example_subdag_operator.py took 0.193 seconds
[2025-04-13T19:05:15.116+0000] {processor.py:161} INFO - Started process (PID=13167) to work on /home/airflow/.local/lib/python3.8/site-packages/airflow/example_dags/example_subdag_operator.py
[2025-04-13T19:05:15.119+0000] {processor.py:830} INFO - Processing file /home/airflow/.local/lib/python3.8/site-packages/airflow/example_dags/example_subdag_operator.py for tasks to queue
[2025-04-13T19:05:15.128+0000] {logging_mixin.py:188} INFO - [2025-04-13T19:05:15.124+0000] {dagbag.py:538} INFO - Filling up the DagBag from /home/airflow/.local/lib/python3.8/site-packages/airflow/example_dags/example_subdag_operator.py
[2025-04-13T19:05:15.166+0000] {processor.py:840} INFO - DAG(s) 'example_subdag_operator.section-1', 'example_subdag_operator.section-2', 'example_subdag_operator' retrieved from /home/airflow/.local/lib/python3.8/site-packages/airflow/example_dags/example_subdag_operator.py
[2025-04-13T19:05:15.211+0000] {logging_mixin.py:188} INFO - [2025-04-13T19:05:15.211+0000] {dag.py:3036} INFO - Sync 3 DAGs
[2025-04-13T19:05:15.251+0000] {logging_mixin.py:188} INFO - [2025-04-13T19:05:15.251+0000] {dag.py:3823} INFO - Setting next_dagrun for example_subdag_operator to 2022-01-01 00:00:00+00:00, run_after=2022-01-01 00:00:00+00:00
[2025-04-13T19:05:15.262+0000] {logging_mixin.py:188} INFO - [2025-04-13T19:05:15.262+0000] {dag.py:3823} INFO - Setting next_dagrun for example_subdag_operator.section-1 to None, run_after=None
[2025-04-13T19:05:15.264+0000] {logging_mixin.py:188} INFO - [2025-04-13T19:05:15.264+0000] {dag.py:3823} INFO - Setting next_dagrun for example_subdag_operator.section-2 to None, run_after=None
[2025-04-13T19:05:15.280+0000] {logging_mixin.py:188} INFO - [2025-04-13T19:05:15.280+0000] {dag.py:3036} INFO - Sync 2 DAGs
[2025-04-13T19:05:15.291+0000] {logging_mixin.py:188} INFO - [2025-04-13T19:05:15.290+0000] {dag.py:3823} INFO - Setting next_dagrun for example_subdag_operator.section-1 to None, run_after=None
[2025-04-13T19:05:15.292+0000] {logging_mixin.py:188} INFO - [2025-04-13T19:05:15.291+0000] {dag.py:3823} INFO - Setting next_dagrun for example_subdag_operator.section-2 to None, run_after=None
[2025-04-13T19:05:15.316+0000] {processor.py:183} INFO - Processing /home/airflow/.local/lib/python3.8/site-packages/airflow/example_dags/example_subdag_operator.py took 0.212 seconds
[2025-04-13T19:05:48.635+0000] {processor.py:161} INFO - Started process (PID=13223) to work on /home/airflow/.local/lib/python3.8/site-packages/airflow/example_dags/example_subdag_operator.py
[2025-04-13T19:05:48.637+0000] {processor.py:830} INFO - Processing file /home/airflow/.local/lib/python3.8/site-packages/airflow/example_dags/example_subdag_operator.py for tasks to queue
[2025-04-13T19:05:48.649+0000] {logging_mixin.py:188} INFO - [2025-04-13T19:05:48.648+0000] {dagbag.py:538} INFO - Filling up the DagBag from /home/airflow/.local/lib/python3.8/site-packages/airflow/example_dags/example_subdag_operator.py
[2025-04-13T19:05:48.713+0000] {processor.py:840} INFO - DAG(s) 'example_subdag_operator.section-1', 'example_subdag_operator.section-2', 'example_subdag_operator' retrieved from /home/airflow/.local/lib/python3.8/site-packages/airflow/example_dags/example_subdag_operator.py
[2025-04-13T19:05:48.768+0000] {logging_mixin.py:188} INFO - [2025-04-13T19:05:48.768+0000] {dag.py:3036} INFO - Sync 3 DAGs
[2025-04-13T19:05:48.828+0000] {logging_mixin.py:188} INFO - [2025-04-13T19:05:48.827+0000] {dag.py:3823} INFO - Setting next_dagrun for example_subdag_operator to 2022-01-01 00:00:00+00:00, run_after=2022-01-01 00:00:00+00:00
[2025-04-13T19:05:48.834+0000] {logging_mixin.py:188} INFO - [2025-04-13T19:05:48.834+0000] {dag.py:3823} INFO - Setting next_dagrun for example_subdag_operator.section-1 to None, run_after=None
[2025-04-13T19:05:48.841+0000] {logging_mixin.py:188} INFO - [2025-04-13T19:05:48.840+0000] {dag.py:3823} INFO - Setting next_dagrun for example_subdag_operator.section-2 to None, run_after=None
[2025-04-13T19:05:48.863+0000] {logging_mixin.py:188} INFO - [2025-04-13T19:05:48.863+0000] {dag.py:3036} INFO - Sync 2 DAGs
[2025-04-13T19:05:48.872+0000] {logging_mixin.py:188} INFO - [2025-04-13T19:05:48.872+0000] {dag.py:3823} INFO - Setting next_dagrun for example_subdag_operator.section-1 to None, run_after=None
[2025-04-13T19:05:48.873+0000] {logging_mixin.py:188} INFO - [2025-04-13T19:05:48.873+0000] {dag.py:3823} INFO - Setting next_dagrun for example_subdag_operator.section-2 to None, run_after=None
[2025-04-13T19:05:48.918+0000] {processor.py:183} INFO - Processing /home/airflow/.local/lib/python3.8/site-packages/airflow/example_dags/example_subdag_operator.py took 0.288 seconds
[2025-04-13T19:06:21.571+0000] {processor.py:161} INFO - Started process (PID=13279) to work on /home/airflow/.local/lib/python3.8/site-packages/airflow/example_dags/example_subdag_operator.py
[2025-04-13T19:06:21.572+0000] {processor.py:830} INFO - Processing file /home/airflow/.local/lib/python3.8/site-packages/airflow/example_dags/example_subdag_operator.py for tasks to queue
[2025-04-13T19:06:21.575+0000] {logging_mixin.py:188} INFO - [2025-04-13T19:06:21.575+0000] {dagbag.py:538} INFO - Filling up the DagBag from /home/airflow/.local/lib/python3.8/site-packages/airflow/example_dags/example_subdag_operator.py
[2025-04-13T19:06:21.607+0000] {processor.py:840} INFO - DAG(s) 'example_subdag_operator.section-1', 'example_subdag_operator.section-2', 'example_subdag_operator' retrieved from /home/airflow/.local/lib/python3.8/site-packages/airflow/example_dags/example_subdag_operator.py
[2025-04-13T19:06:21.628+0000] {logging_mixin.py:188} INFO - [2025-04-13T19:06:21.628+0000] {dag.py:3036} INFO - Sync 3 DAGs
[2025-04-13T19:06:21.662+0000] {logging_mixin.py:188} INFO - [2025-04-13T19:06:21.661+0000] {dag.py:3823} INFO - Setting next_dagrun for example_subdag_operator to 2022-01-01 00:00:00+00:00, run_after=2022-01-01 00:00:00+00:00
[2025-04-13T19:06:21.668+0000] {logging_mixin.py:188} INFO - [2025-04-13T19:06:21.667+0000] {dag.py:3823} INFO - Setting next_dagrun for example_subdag_operator.section-1 to None, run_after=None
[2025-04-13T19:06:21.670+0000] {logging_mixin.py:188} INFO - [2025-04-13T19:06:21.670+0000] {dag.py:3823} INFO - Setting next_dagrun for example_subdag_operator.section-2 to None, run_after=None
[2025-04-13T19:06:21.694+0000] {logging_mixin.py:188} INFO - [2025-04-13T19:06:21.694+0000] {dag.py:3036} INFO - Sync 2 DAGs
[2025-04-13T19:06:21.703+0000] {logging_mixin.py:188} INFO - [2025-04-13T19:06:21.703+0000] {dag.py:3823} INFO - Setting next_dagrun for example_subdag_operator.section-1 to None, run_after=None
[2025-04-13T19:06:21.704+0000] {logging_mixin.py:188} INFO - [2025-04-13T19:06:21.704+0000] {dag.py:3823} INFO - Setting next_dagrun for example_subdag_operator.section-2 to None, run_after=None
[2025-04-13T19:06:21.731+0000] {processor.py:183} INFO - Processing /home/airflow/.local/lib/python3.8/site-packages/airflow/example_dags/example_subdag_operator.py took 0.163 seconds
[2025-04-13T19:06:55.308+0000] {processor.py:161} INFO - Started process (PID=13334) to work on /home/airflow/.local/lib/python3.8/site-packages/airflow/example_dags/example_subdag_operator.py
[2025-04-13T19:06:55.310+0000] {processor.py:830} INFO - Processing file /home/airflow/.local/lib/python3.8/site-packages/airflow/example_dags/example_subdag_operator.py for tasks to queue
[2025-04-13T19:06:55.313+0000] {logging_mixin.py:188} INFO - [2025-04-13T19:06:55.313+0000] {dagbag.py:538} INFO - Filling up the DagBag from /home/airflow/.local/lib/python3.8/site-packages/airflow/example_dags/example_subdag_operator.py
[2025-04-13T19:06:55.347+0000] {processor.py:840} INFO - DAG(s) 'example_subdag_operator.section-1', 'example_subdag_operator.section-2', 'example_subdag_operator' retrieved from /home/airflow/.local/lib/python3.8/site-packages/airflow/example_dags/example_subdag_operator.py
[2025-04-13T19:06:55.376+0000] {logging_mixin.py:188} INFO - [2025-04-13T19:06:55.376+0000] {dag.py:3036} INFO - Sync 3 DAGs
[2025-04-13T19:06:55.408+0000] {logging_mixin.py:188} INFO - [2025-04-13T19:06:55.408+0000] {dag.py:3823} INFO - Setting next_dagrun for example_subdag_operator to 2022-01-01 00:00:00+00:00, run_after=2022-01-01 00:00:00+00:00
[2025-04-13T19:06:55.414+0000] {logging_mixin.py:188} INFO - [2025-04-13T19:06:55.413+0000] {dag.py:3823} INFO - Setting next_dagrun for example_subdag_operator.section-1 to None, run_after=None
[2025-04-13T19:06:55.420+0000] {logging_mixin.py:188} INFO - [2025-04-13T19:06:55.419+0000] {dag.py:3823} INFO - Setting next_dagrun for example_subdag_operator.section-2 to None, run_after=None
[2025-04-13T19:06:55.431+0000] {logging_mixin.py:188} INFO - [2025-04-13T19:06:55.430+0000] {dag.py:3036} INFO - Sync 2 DAGs
[2025-04-13T19:06:55.439+0000] {logging_mixin.py:188} INFO - [2025-04-13T19:06:55.438+0000] {dag.py:3823} INFO - Setting next_dagrun for example_subdag_operator.section-1 to None, run_after=None
[2025-04-13T19:06:55.439+0000] {logging_mixin.py:188} INFO - [2025-04-13T19:06:55.439+0000] {dag.py:3823} INFO - Setting next_dagrun for example_subdag_operator.section-2 to None, run_after=None
[2025-04-13T19:06:55.457+0000] {processor.py:183} INFO - Processing /home/airflow/.local/lib/python3.8/site-packages/airflow/example_dags/example_subdag_operator.py took 0.152 seconds
[2025-04-13T19:07:28.205+0000] {processor.py:161} INFO - Started process (PID=13390) to work on /home/airflow/.local/lib/python3.8/site-packages/airflow/example_dags/example_subdag_operator.py
[2025-04-13T19:07:28.206+0000] {processor.py:830} INFO - Processing file /home/airflow/.local/lib/python3.8/site-packages/airflow/example_dags/example_subdag_operator.py for tasks to queue
[2025-04-13T19:07:28.208+0000] {logging_mixin.py:188} INFO - [2025-04-13T19:07:28.208+0000] {dagbag.py:538} INFO - Filling up the DagBag from /home/airflow/.local/lib/python3.8/site-packages/airflow/example_dags/example_subdag_operator.py
[2025-04-13T19:07:28.253+0000] {processor.py:840} INFO - DAG(s) 'example_subdag_operator.section-1', 'example_subdag_operator.section-2', 'example_subdag_operator' retrieved from /home/airflow/.local/lib/python3.8/site-packages/airflow/example_dags/example_subdag_operator.py
[2025-04-13T19:07:28.299+0000] {logging_mixin.py:188} INFO - [2025-04-13T19:07:28.299+0000] {dag.py:3036} INFO - Sync 3 DAGs
[2025-04-13T19:07:28.347+0000] {logging_mixin.py:188} INFO - [2025-04-13T19:07:28.347+0000] {dag.py:3823} INFO - Setting next_dagrun for example_subdag_operator to 2022-01-01 00:00:00+00:00, run_after=2022-01-01 00:00:00+00:00
[2025-04-13T19:07:28.355+0000] {logging_mixin.py:188} INFO - [2025-04-13T19:07:28.355+0000] {dag.py:3823} INFO - Setting next_dagrun for example_subdag_operator.section-1 to None, run_after=None
[2025-04-13T19:07:28.359+0000] {logging_mixin.py:188} INFO - [2025-04-13T19:07:28.359+0000] {dag.py:3823} INFO - Setting next_dagrun for example_subdag_operator.section-2 to None, run_after=None
[2025-04-13T19:07:28.372+0000] {logging_mixin.py:188} INFO - [2025-04-13T19:07:28.371+0000] {dag.py:3036} INFO - Sync 2 DAGs
[2025-04-13T19:07:28.380+0000] {logging_mixin.py:188} INFO - [2025-04-13T19:07:28.380+0000] {dag.py:3823} INFO - Setting next_dagrun for example_subdag_operator.section-1 to None, run_after=None
[2025-04-13T19:07:28.380+0000] {logging_mixin.py:188} INFO - [2025-04-13T19:07:28.380+0000] {dag.py:3823} INFO - Setting next_dagrun for example_subdag_operator.section-2 to None, run_after=None
[2025-04-13T19:07:28.398+0000] {processor.py:183} INFO - Processing /home/airflow/.local/lib/python3.8/site-packages/airflow/example_dags/example_subdag_operator.py took 0.197 seconds
[2025-04-13T19:08:02.268+0000] {processor.py:161} INFO - Started process (PID=13445) to work on /home/airflow/.local/lib/python3.8/site-packages/airflow/example_dags/example_subdag_operator.py
[2025-04-13T19:08:02.270+0000] {processor.py:830} INFO - Processing file /home/airflow/.local/lib/python3.8/site-packages/airflow/example_dags/example_subdag_operator.py for tasks to queue
[2025-04-13T19:08:02.277+0000] {logging_mixin.py:188} INFO - [2025-04-13T19:08:02.276+0000] {dagbag.py:538} INFO - Filling up the DagBag from /home/airflow/.local/lib/python3.8/site-packages/airflow/example_dags/example_subdag_operator.py
[2025-04-13T19:08:02.322+0000] {processor.py:840} INFO - DAG(s) 'example_subdag_operator.section-1', 'example_subdag_operator.section-2', 'example_subdag_operator' retrieved from /home/airflow/.local/lib/python3.8/site-packages/airflow/example_dags/example_subdag_operator.py
[2025-04-13T19:08:02.342+0000] {logging_mixin.py:188} INFO - [2025-04-13T19:08:02.341+0000] {dag.py:3036} INFO - Sync 3 DAGs
[2025-04-13T19:08:02.389+0000] {logging_mixin.py:188} INFO - [2025-04-13T19:08:02.389+0000] {dag.py:3823} INFO - Setting next_dagrun for example_subdag_operator to 2022-01-01 00:00:00+00:00, run_after=2022-01-01 00:00:00+00:00
[2025-04-13T19:08:02.405+0000] {logging_mixin.py:188} INFO - [2025-04-13T19:08:02.405+0000] {dag.py:3823} INFO - Setting next_dagrun for example_subdag_operator.section-1 to None, run_after=None
[2025-04-13T19:08:02.409+0000] {logging_mixin.py:188} INFO - [2025-04-13T19:08:02.408+0000] {dag.py:3823} INFO - Setting next_dagrun for example_subdag_operator.section-2 to None, run_after=None
[2025-04-13T19:08:02.423+0000] {logging_mixin.py:188} INFO - [2025-04-13T19:08:02.422+0000] {dag.py:3036} INFO - Sync 2 DAGs
[2025-04-13T19:08:02.432+0000] {logging_mixin.py:188} INFO - [2025-04-13T19:08:02.432+0000] {dag.py:3823} INFO - Setting next_dagrun for example_subdag_operator.section-1 to None, run_after=None
[2025-04-13T19:08:02.433+0000] {logging_mixin.py:188} INFO - [2025-04-13T19:08:02.433+0000] {dag.py:3823} INFO - Setting next_dagrun for example_subdag_operator.section-2 to None, run_after=None
[2025-04-13T19:08:02.477+0000] {processor.py:183} INFO - Processing /home/airflow/.local/lib/python3.8/site-packages/airflow/example_dags/example_subdag_operator.py took 0.214 seconds
[2025-04-13T19:08:34.280+0000] {processor.py:161} INFO - Started process (PID=13501) to work on /home/airflow/.local/lib/python3.8/site-packages/airflow/example_dags/example_subdag_operator.py
[2025-04-13T19:08:34.281+0000] {processor.py:830} INFO - Processing file /home/airflow/.local/lib/python3.8/site-packages/airflow/example_dags/example_subdag_operator.py for tasks to queue
[2025-04-13T19:08:34.283+0000] {logging_mixin.py:188} INFO - [2025-04-13T19:08:34.283+0000] {dagbag.py:538} INFO - Filling up the DagBag from /home/airflow/.local/lib/python3.8/site-packages/airflow/example_dags/example_subdag_operator.py
[2025-04-13T19:08:34.317+0000] {processor.py:840} INFO - DAG(s) 'example_subdag_operator.section-1', 'example_subdag_operator.section-2', 'example_subdag_operator' retrieved from /home/airflow/.local/lib/python3.8/site-packages/airflow/example_dags/example_subdag_operator.py
[2025-04-13T19:08:34.341+0000] {logging_mixin.py:188} INFO - [2025-04-13T19:08:34.340+0000] {dag.py:3036} INFO - Sync 3 DAGs
[2025-04-13T19:08:34.374+0000] {logging_mixin.py:188} INFO - [2025-04-13T19:08:34.373+0000] {dag.py:3823} INFO - Setting next_dagrun for example_subdag_operator to 2022-01-01 00:00:00+00:00, run_after=2022-01-01 00:00:00+00:00
[2025-04-13T19:08:34.379+0000] {logging_mixin.py:188} INFO - [2025-04-13T19:08:34.379+0000] {dag.py:3823} INFO - Setting next_dagrun for example_subdag_operator.section-1 to None, run_after=None
[2025-04-13T19:08:34.381+0000] {logging_mixin.py:188} INFO - [2025-04-13T19:08:34.381+0000] {dag.py:3823} INFO - Setting next_dagrun for example_subdag_operator.section-2 to None, run_after=None
[2025-04-13T19:08:34.395+0000] {logging_mixin.py:188} INFO - [2025-04-13T19:08:34.395+0000] {dag.py:3036} INFO - Sync 2 DAGs
[2025-04-13T19:08:34.414+0000] {logging_mixin.py:188} INFO - [2025-04-13T19:08:34.414+0000] {dag.py:3823} INFO - Setting next_dagrun for example_subdag_operator.section-1 to None, run_after=None
[2025-04-13T19:08:34.418+0000] {logging_mixin.py:188} INFO - [2025-04-13T19:08:34.418+0000] {dag.py:3823} INFO - Setting next_dagrun for example_subdag_operator.section-2 to None, run_after=None
[2025-04-13T19:08:34.441+0000] {processor.py:183} INFO - Processing /home/airflow/.local/lib/python3.8/site-packages/airflow/example_dags/example_subdag_operator.py took 0.166 seconds
[2025-04-13T19:09:07.796+0000] {processor.py:161} INFO - Started process (PID=13557) to work on /home/airflow/.local/lib/python3.8/site-packages/airflow/example_dags/example_subdag_operator.py
[2025-04-13T19:09:07.799+0000] {processor.py:830} INFO - Processing file /home/airflow/.local/lib/python3.8/site-packages/airflow/example_dags/example_subdag_operator.py for tasks to queue
[2025-04-13T19:09:07.802+0000] {logging_mixin.py:188} INFO - [2025-04-13T19:09:07.801+0000] {dagbag.py:538} INFO - Filling up the DagBag from /home/airflow/.local/lib/python3.8/site-packages/airflow/example_dags/example_subdag_operator.py
[2025-04-13T19:09:07.861+0000] {processor.py:840} INFO - DAG(s) 'example_subdag_operator.section-1', 'example_subdag_operator.section-2', 'example_subdag_operator' retrieved from /home/airflow/.local/lib/python3.8/site-packages/airflow/example_dags/example_subdag_operator.py
[2025-04-13T19:09:07.966+0000] {logging_mixin.py:188} INFO - [2025-04-13T19:09:07.966+0000] {dag.py:3036} INFO - Sync 3 DAGs
[2025-04-13T19:09:08.049+0000] {logging_mixin.py:188} INFO - [2025-04-13T19:09:08.049+0000] {dag.py:3823} INFO - Setting next_dagrun for example_subdag_operator to 2022-01-01 00:00:00+00:00, run_after=2022-01-01 00:00:00+00:00
[2025-04-13T19:09:08.058+0000] {logging_mixin.py:188} INFO - [2025-04-13T19:09:08.058+0000] {dag.py:3823} INFO - Setting next_dagrun for example_subdag_operator.section-1 to None, run_after=None
[2025-04-13T19:09:08.060+0000] {logging_mixin.py:188} INFO - [2025-04-13T19:09:08.060+0000] {dag.py:3823} INFO - Setting next_dagrun for example_subdag_operator.section-2 to None, run_after=None
[2025-04-13T19:09:08.073+0000] {logging_mixin.py:188} INFO - [2025-04-13T19:09:08.073+0000] {dag.py:3036} INFO - Sync 2 DAGs
[2025-04-13T19:09:08.080+0000] {logging_mixin.py:188} INFO - [2025-04-13T19:09:08.080+0000] {dag.py:3823} INFO - Setting next_dagrun for example_subdag_operator.section-1 to None, run_after=None
[2025-04-13T19:09:08.083+0000] {logging_mixin.py:188} INFO - [2025-04-13T19:09:08.081+0000] {dag.py:3823} INFO - Setting next_dagrun for example_subdag_operator.section-2 to None, run_after=None
[2025-04-13T19:09:08.102+0000] {processor.py:183} INFO - Processing /home/airflow/.local/lib/python3.8/site-packages/airflow/example_dags/example_subdag_operator.py took 0.310 seconds
[2025-04-13T19:09:40.909+0000] {processor.py:161} INFO - Started process (PID=13613) to work on /home/airflow/.local/lib/python3.8/site-packages/airflow/example_dags/example_subdag_operator.py
[2025-04-13T19:09:40.910+0000] {processor.py:830} INFO - Processing file /home/airflow/.local/lib/python3.8/site-packages/airflow/example_dags/example_subdag_operator.py for tasks to queue
[2025-04-13T19:09:40.914+0000] {logging_mixin.py:188} INFO - [2025-04-13T19:09:40.913+0000] {dagbag.py:538} INFO - Filling up the DagBag from /home/airflow/.local/lib/python3.8/site-packages/airflow/example_dags/example_subdag_operator.py
[2025-04-13T19:09:40.952+0000] {processor.py:840} INFO - DAG(s) 'example_subdag_operator.section-1', 'example_subdag_operator.section-2', 'example_subdag_operator' retrieved from /home/airflow/.local/lib/python3.8/site-packages/airflow/example_dags/example_subdag_operator.py
[2025-04-13T19:09:40.979+0000] {logging_mixin.py:188} INFO - [2025-04-13T19:09:40.978+0000] {dag.py:3036} INFO - Sync 3 DAGs
[2025-04-13T19:09:41.015+0000] {logging_mixin.py:188} INFO - [2025-04-13T19:09:41.015+0000] {dag.py:3823} INFO - Setting next_dagrun for example_subdag_operator to 2022-01-01 00:00:00+00:00, run_after=2022-01-01 00:00:00+00:00
[2025-04-13T19:09:41.023+0000] {logging_mixin.py:188} INFO - [2025-04-13T19:09:41.023+0000] {dag.py:3823} INFO - Setting next_dagrun for example_subdag_operator.section-1 to None, run_after=None
[2025-04-13T19:09:41.025+0000] {logging_mixin.py:188} INFO - [2025-04-13T19:09:41.025+0000] {dag.py:3823} INFO - Setting next_dagrun for example_subdag_operator.section-2 to None, run_after=None
[2025-04-13T19:09:41.036+0000] {logging_mixin.py:188} INFO - [2025-04-13T19:09:41.036+0000] {dag.py:3036} INFO - Sync 2 DAGs
[2025-04-13T19:09:41.043+0000] {logging_mixin.py:188} INFO - [2025-04-13T19:09:41.043+0000] {dag.py:3823} INFO - Setting next_dagrun for example_subdag_operator.section-1 to None, run_after=None
[2025-04-13T19:09:41.044+0000] {logging_mixin.py:188} INFO - [2025-04-13T19:09:41.044+0000] {dag.py:3823} INFO - Setting next_dagrun for example_subdag_operator.section-2 to None, run_after=None
[2025-04-13T19:09:41.065+0000] {processor.py:183} INFO - Processing /home/airflow/.local/lib/python3.8/site-packages/airflow/example_dags/example_subdag_operator.py took 0.161 seconds
[2025-04-13T19:10:15.591+0000] {processor.py:161} INFO - Started process (PID=13669) to work on /home/airflow/.local/lib/python3.8/site-packages/airflow/example_dags/example_subdag_operator.py
[2025-04-13T19:10:15.596+0000] {processor.py:830} INFO - Processing file /home/airflow/.local/lib/python3.8/site-packages/airflow/example_dags/example_subdag_operator.py for tasks to queue
[2025-04-13T19:10:15.599+0000] {logging_mixin.py:188} INFO - [2025-04-13T19:10:15.598+0000] {dagbag.py:538} INFO - Filling up the DagBag from /home/airflow/.local/lib/python3.8/site-packages/airflow/example_dags/example_subdag_operator.py
[2025-04-13T19:10:15.658+0000] {processor.py:840} INFO - DAG(s) 'example_subdag_operator.section-1', 'example_subdag_operator.section-2', 'example_subdag_operator' retrieved from /home/airflow/.local/lib/python3.8/site-packages/airflow/example_dags/example_subdag_operator.py
[2025-04-13T19:10:15.695+0000] {logging_mixin.py:188} INFO - [2025-04-13T19:10:15.695+0000] {dag.py:3036} INFO - Sync 3 DAGs
[2025-04-13T19:10:15.736+0000] {logging_mixin.py:188} INFO - [2025-04-13T19:10:15.735+0000] {dag.py:3823} INFO - Setting next_dagrun for example_subdag_operator to 2022-01-01 00:00:00+00:00, run_after=2022-01-01 00:00:00+00:00
[2025-04-13T19:10:15.744+0000] {logging_mixin.py:188} INFO - [2025-04-13T19:10:15.743+0000] {dag.py:3823} INFO - Setting next_dagrun for example_subdag_operator.section-1 to None, run_after=None
[2025-04-13T19:10:15.751+0000] {logging_mixin.py:188} INFO - [2025-04-13T19:10:15.750+0000] {dag.py:3823} INFO - Setting next_dagrun for example_subdag_operator.section-2 to None, run_after=None
[2025-04-13T19:10:15.778+0000] {logging_mixin.py:188} INFO - [2025-04-13T19:10:15.777+0000] {dag.py:3036} INFO - Sync 2 DAGs
[2025-04-13T19:10:15.791+0000] {logging_mixin.py:188} INFO - [2025-04-13T19:10:15.790+0000] {dag.py:3823} INFO - Setting next_dagrun for example_subdag_operator.section-1 to None, run_after=None
[2025-04-13T19:10:15.798+0000] {logging_mixin.py:188} INFO - [2025-04-13T19:10:15.798+0000] {dag.py:3823} INFO - Setting next_dagrun for example_subdag_operator.section-2 to None, run_after=None
[2025-04-13T19:10:15.844+0000] {processor.py:183} INFO - Processing /home/airflow/.local/lib/python3.8/site-packages/airflow/example_dags/example_subdag_operator.py took 0.263 seconds
[2025-04-13T19:10:48.870+0000] {processor.py:161} INFO - Started process (PID=13725) to work on /home/airflow/.local/lib/python3.8/site-packages/airflow/example_dags/example_subdag_operator.py
[2025-04-13T19:10:48.871+0000] {processor.py:830} INFO - Processing file /home/airflow/.local/lib/python3.8/site-packages/airflow/example_dags/example_subdag_operator.py for tasks to queue
[2025-04-13T19:10:48.873+0000] {logging_mixin.py:188} INFO - [2025-04-13T19:10:48.873+0000] {dagbag.py:538} INFO - Filling up the DagBag from /home/airflow/.local/lib/python3.8/site-packages/airflow/example_dags/example_subdag_operator.py
[2025-04-13T19:10:48.940+0000] {processor.py:840} INFO - DAG(s) 'example_subdag_operator.section-1', 'example_subdag_operator.section-2', 'example_subdag_operator' retrieved from /home/airflow/.local/lib/python3.8/site-packages/airflow/example_dags/example_subdag_operator.py
[2025-04-13T19:10:48.992+0000] {logging_mixin.py:188} INFO - [2025-04-13T19:10:48.991+0000] {dag.py:3036} INFO - Sync 3 DAGs
[2025-04-13T19:10:49.030+0000] {logging_mixin.py:188} INFO - [2025-04-13T19:10:49.029+0000] {dag.py:3823} INFO - Setting next_dagrun for example_subdag_operator to 2022-01-01 00:00:00+00:00, run_after=2022-01-01 00:00:00+00:00
[2025-04-13T19:10:49.038+0000] {logging_mixin.py:188} INFO - [2025-04-13T19:10:49.038+0000] {dag.py:3823} INFO - Setting next_dagrun for example_subdag_operator.section-1 to None, run_after=None
[2025-04-13T19:10:49.040+0000] {logging_mixin.py:188} INFO - [2025-04-13T19:10:49.040+0000] {dag.py:3823} INFO - Setting next_dagrun for example_subdag_operator.section-2 to None, run_after=None
[2025-04-13T19:10:49.063+0000] {logging_mixin.py:188} INFO - [2025-04-13T19:10:49.062+0000] {dag.py:3036} INFO - Sync 2 DAGs
[2025-04-13T19:10:49.074+0000] {logging_mixin.py:188} INFO - [2025-04-13T19:10:49.074+0000] {dag.py:3823} INFO - Setting next_dagrun for example_subdag_operator.section-1 to None, run_after=None
[2025-04-13T19:10:49.075+0000] {logging_mixin.py:188} INFO - [2025-04-13T19:10:49.075+0000] {dag.py:3823} INFO - Setting next_dagrun for example_subdag_operator.section-2 to None, run_after=None
[2025-04-13T19:10:49.093+0000] {processor.py:183} INFO - Processing /home/airflow/.local/lib/python3.8/site-packages/airflow/example_dags/example_subdag_operator.py took 0.228 seconds
[2025-04-13T19:11:21.423+0000] {processor.py:161} INFO - Started process (PID=13781) to work on /home/airflow/.local/lib/python3.8/site-packages/airflow/example_dags/example_subdag_operator.py
[2025-04-13T19:11:21.425+0000] {processor.py:830} INFO - Processing file /home/airflow/.local/lib/python3.8/site-packages/airflow/example_dags/example_subdag_operator.py for tasks to queue
[2025-04-13T19:11:21.428+0000] {logging_mixin.py:188} INFO - [2025-04-13T19:11:21.428+0000] {dagbag.py:538} INFO - Filling up the DagBag from /home/airflow/.local/lib/python3.8/site-packages/airflow/example_dags/example_subdag_operator.py
[2025-04-13T19:11:21.460+0000] {processor.py:840} INFO - DAG(s) 'example_subdag_operator.section-1', 'example_subdag_operator.section-2', 'example_subdag_operator' retrieved from /home/airflow/.local/lib/python3.8/site-packages/airflow/example_dags/example_subdag_operator.py
[2025-04-13T19:11:21.484+0000] {logging_mixin.py:188} INFO - [2025-04-13T19:11:21.484+0000] {dag.py:3036} INFO - Sync 3 DAGs
[2025-04-13T19:11:21.528+0000] {logging_mixin.py:188} INFO - [2025-04-13T19:11:21.528+0000] {dag.py:3823} INFO - Setting next_dagrun for example_subdag_operator to 2022-01-01 00:00:00+00:00, run_after=2022-01-01 00:00:00+00:00
[2025-04-13T19:11:21.540+0000] {logging_mixin.py:188} INFO - [2025-04-13T19:11:21.540+0000] {dag.py:3823} INFO - Setting next_dagrun for example_subdag_operator.section-1 to None, run_after=None
[2025-04-13T19:11:21.554+0000] {logging_mixin.py:188} INFO - [2025-04-13T19:11:21.553+0000] {dag.py:3823} INFO - Setting next_dagrun for example_subdag_operator.section-2 to None, run_after=None
[2025-04-13T19:11:21.570+0000] {logging_mixin.py:188} INFO - [2025-04-13T19:11:21.570+0000] {dag.py:3036} INFO - Sync 2 DAGs
[2025-04-13T19:11:21.587+0000] {logging_mixin.py:188} INFO - [2025-04-13T19:11:21.586+0000] {dag.py:3823} INFO - Setting next_dagrun for example_subdag_operator.section-1 to None, run_after=None
[2025-04-13T19:11:21.589+0000] {logging_mixin.py:188} INFO - [2025-04-13T19:11:21.588+0000] {dag.py:3823} INFO - Setting next_dagrun for example_subdag_operator.section-2 to None, run_after=None
[2025-04-13T19:11:21.616+0000] {processor.py:183} INFO - Processing /home/airflow/.local/lib/python3.8/site-packages/airflow/example_dags/example_subdag_operator.py took 0.198 seconds
[2025-04-13T19:11:56.153+0000] {processor.py:161} INFO - Started process (PID=13837) to work on /home/airflow/.local/lib/python3.8/site-packages/airflow/example_dags/example_subdag_operator.py
[2025-04-13T19:11:56.156+0000] {processor.py:830} INFO - Processing file /home/airflow/.local/lib/python3.8/site-packages/airflow/example_dags/example_subdag_operator.py for tasks to queue
[2025-04-13T19:11:56.160+0000] {logging_mixin.py:188} INFO - [2025-04-13T19:11:56.160+0000] {dagbag.py:538} INFO - Filling up the DagBag from /home/airflow/.local/lib/python3.8/site-packages/airflow/example_dags/example_subdag_operator.py
[2025-04-13T19:11:56.218+0000] {processor.py:840} INFO - DAG(s) 'example_subdag_operator.section-1', 'example_subdag_operator.section-2', 'example_subdag_operator' retrieved from /home/airflow/.local/lib/python3.8/site-packages/airflow/example_dags/example_subdag_operator.py
[2025-04-13T19:11:56.288+0000] {logging_mixin.py:188} INFO - [2025-04-13T19:11:56.288+0000] {dag.py:3036} INFO - Sync 3 DAGs
[2025-04-13T19:11:56.365+0000] {logging_mixin.py:188} INFO - [2025-04-13T19:11:56.365+0000] {dag.py:3823} INFO - Setting next_dagrun for example_subdag_operator to 2022-01-01 00:00:00+00:00, run_after=2022-01-01 00:00:00+00:00
[2025-04-13T19:11:56.380+0000] {logging_mixin.py:188} INFO - [2025-04-13T19:11:56.379+0000] {dag.py:3823} INFO - Setting next_dagrun for example_subdag_operator.section-1 to None, run_after=None
[2025-04-13T19:11:56.383+0000] {logging_mixin.py:188} INFO - [2025-04-13T19:11:56.383+0000] {dag.py:3823} INFO - Setting next_dagrun for example_subdag_operator.section-2 to None, run_after=None
[2025-04-13T19:11:56.402+0000] {logging_mixin.py:188} INFO - [2025-04-13T19:11:56.402+0000] {dag.py:3036} INFO - Sync 2 DAGs
[2025-04-13T19:11:56.432+0000] {logging_mixin.py:188} INFO - [2025-04-13T19:11:56.432+0000] {dag.py:3823} INFO - Setting next_dagrun for example_subdag_operator.section-1 to None, run_after=None
[2025-04-13T19:11:56.437+0000] {logging_mixin.py:188} INFO - [2025-04-13T19:11:56.436+0000] {dag.py:3823} INFO - Setting next_dagrun for example_subdag_operator.section-2 to None, run_after=None
[2025-04-13T19:11:56.476+0000] {processor.py:183} INFO - Processing /home/airflow/.local/lib/python3.8/site-packages/airflow/example_dags/example_subdag_operator.py took 0.334 seconds
[2025-04-13T19:12:27.762+0000] {processor.py:161} INFO - Started process (PID=13893) to work on /home/airflow/.local/lib/python3.8/site-packages/airflow/example_dags/example_subdag_operator.py
[2025-04-13T19:12:27.763+0000] {processor.py:830} INFO - Processing file /home/airflow/.local/lib/python3.8/site-packages/airflow/example_dags/example_subdag_operator.py for tasks to queue
[2025-04-13T19:12:27.765+0000] {logging_mixin.py:188} INFO - [2025-04-13T19:12:27.765+0000] {dagbag.py:538} INFO - Filling up the DagBag from /home/airflow/.local/lib/python3.8/site-packages/airflow/example_dags/example_subdag_operator.py
[2025-04-13T19:12:27.803+0000] {processor.py:840} INFO - DAG(s) 'example_subdag_operator.section-1', 'example_subdag_operator.section-2', 'example_subdag_operator' retrieved from /home/airflow/.local/lib/python3.8/site-packages/airflow/example_dags/example_subdag_operator.py
[2025-04-13T19:12:27.834+0000] {logging_mixin.py:188} INFO - [2025-04-13T19:12:27.825+0000] {dag.py:3036} INFO - Sync 3 DAGs
[2025-04-13T19:12:27.870+0000] {logging_mixin.py:188} INFO - [2025-04-13T19:12:27.870+0000] {dag.py:3823} INFO - Setting next_dagrun for example_subdag_operator to 2022-01-01 00:00:00+00:00, run_after=2022-01-01 00:00:00+00:00
[2025-04-13T19:12:27.879+0000] {logging_mixin.py:188} INFO - [2025-04-13T19:12:27.879+0000] {dag.py:3823} INFO - Setting next_dagrun for example_subdag_operator.section-1 to None, run_after=None
[2025-04-13T19:12:27.881+0000] {logging_mixin.py:188} INFO - [2025-04-13T19:12:27.881+0000] {dag.py:3823} INFO - Setting next_dagrun for example_subdag_operator.section-2 to None, run_after=None
[2025-04-13T19:12:27.895+0000] {logging_mixin.py:188} INFO - [2025-04-13T19:12:27.895+0000] {dag.py:3036} INFO - Sync 2 DAGs
[2025-04-13T19:12:27.902+0000] {logging_mixin.py:188} INFO - [2025-04-13T19:12:27.902+0000] {dag.py:3823} INFO - Setting next_dagrun for example_subdag_operator.section-1 to None, run_after=None
[2025-04-13T19:12:27.904+0000] {logging_mixin.py:188} INFO - [2025-04-13T19:12:27.904+0000] {dag.py:3823} INFO - Setting next_dagrun for example_subdag_operator.section-2 to None, run_after=None
[2025-04-13T19:12:27.919+0000] {processor.py:183} INFO - Processing /home/airflow/.local/lib/python3.8/site-packages/airflow/example_dags/example_subdag_operator.py took 0.162 seconds
[2025-04-13T19:13:00.808+0000] {processor.py:161} INFO - Started process (PID=13949) to work on /home/airflow/.local/lib/python3.8/site-packages/airflow/example_dags/example_subdag_operator.py
[2025-04-13T19:13:00.809+0000] {processor.py:830} INFO - Processing file /home/airflow/.local/lib/python3.8/site-packages/airflow/example_dags/example_subdag_operator.py for tasks to queue
[2025-04-13T19:13:00.811+0000] {logging_mixin.py:188} INFO - [2025-04-13T19:13:00.810+0000] {dagbag.py:538} INFO - Filling up the DagBag from /home/airflow/.local/lib/python3.8/site-packages/airflow/example_dags/example_subdag_operator.py
[2025-04-13T19:13:00.837+0000] {processor.py:840} INFO - DAG(s) 'example_subdag_operator.section-1', 'example_subdag_operator.section-2', 'example_subdag_operator' retrieved from /home/airflow/.local/lib/python3.8/site-packages/airflow/example_dags/example_subdag_operator.py
[2025-04-13T19:13:00.856+0000] {logging_mixin.py:188} INFO - [2025-04-13T19:13:00.855+0000] {dag.py:3036} INFO - Sync 3 DAGs
[2025-04-13T19:13:00.885+0000] {logging_mixin.py:188} INFO - [2025-04-13T19:13:00.885+0000] {dag.py:3823} INFO - Setting next_dagrun for example_subdag_operator to 2022-01-01 00:00:00+00:00, run_after=2022-01-01 00:00:00+00:00
[2025-04-13T19:13:00.890+0000] {logging_mixin.py:188} INFO - [2025-04-13T19:13:00.890+0000] {dag.py:3823} INFO - Setting next_dagrun for example_subdag_operator.section-1 to None, run_after=None
[2025-04-13T19:13:00.892+0000] {logging_mixin.py:188} INFO - [2025-04-13T19:13:00.892+0000] {dag.py:3823} INFO - Setting next_dagrun for example_subdag_operator.section-2 to None, run_after=None
[2025-04-13T19:13:00.904+0000] {logging_mixin.py:188} INFO - [2025-04-13T19:13:00.904+0000] {dag.py:3036} INFO - Sync 2 DAGs
[2025-04-13T19:13:00.910+0000] {logging_mixin.py:188} INFO - [2025-04-13T19:13:00.910+0000] {dag.py:3823} INFO - Setting next_dagrun for example_subdag_operator.section-1 to None, run_after=None
[2025-04-13T19:13:00.911+0000] {logging_mixin.py:188} INFO - [2025-04-13T19:13:00.911+0000] {dag.py:3823} INFO - Setting next_dagrun for example_subdag_operator.section-2 to None, run_after=None
[2025-04-13T19:13:00.924+0000] {processor.py:183} INFO - Processing /home/airflow/.local/lib/python3.8/site-packages/airflow/example_dags/example_subdag_operator.py took 0.121 seconds
[2025-04-13T19:13:33.944+0000] {processor.py:161} INFO - Started process (PID=14005) to work on /home/airflow/.local/lib/python3.8/site-packages/airflow/example_dags/example_subdag_operator.py
[2025-04-13T19:13:33.945+0000] {processor.py:830} INFO - Processing file /home/airflow/.local/lib/python3.8/site-packages/airflow/example_dags/example_subdag_operator.py for tasks to queue
[2025-04-13T19:13:33.947+0000] {logging_mixin.py:188} INFO - [2025-04-13T19:13:33.947+0000] {dagbag.py:538} INFO - Filling up the DagBag from /home/airflow/.local/lib/python3.8/site-packages/airflow/example_dags/example_subdag_operator.py
[2025-04-13T19:13:33.980+0000] {processor.py:840} INFO - DAG(s) 'example_subdag_operator.section-1', 'example_subdag_operator.section-2', 'example_subdag_operator' retrieved from /home/airflow/.local/lib/python3.8/site-packages/airflow/example_dags/example_subdag_operator.py
[2025-04-13T19:13:34.000+0000] {logging_mixin.py:188} INFO - [2025-04-13T19:13:33.999+0000] {dag.py:3036} INFO - Sync 3 DAGs
[2025-04-13T19:13:34.027+0000] {logging_mixin.py:188} INFO - [2025-04-13T19:13:34.026+0000] {dag.py:3823} INFO - Setting next_dagrun for example_subdag_operator to 2022-01-01 00:00:00+00:00, run_after=2022-01-01 00:00:00+00:00
[2025-04-13T19:13:34.031+0000] {logging_mixin.py:188} INFO - [2025-04-13T19:13:34.031+0000] {dag.py:3823} INFO - Setting next_dagrun for example_subdag_operator.section-1 to None, run_after=None
[2025-04-13T19:13:34.033+0000] {logging_mixin.py:188} INFO - [2025-04-13T19:13:34.033+0000] {dag.py:3823} INFO - Setting next_dagrun for example_subdag_operator.section-2 to None, run_after=None
[2025-04-13T19:13:34.041+0000] {logging_mixin.py:188} INFO - [2025-04-13T19:13:34.041+0000] {dag.py:3036} INFO - Sync 2 DAGs
[2025-04-13T19:13:34.047+0000] {logging_mixin.py:188} INFO - [2025-04-13T19:13:34.047+0000] {dag.py:3823} INFO - Setting next_dagrun for example_subdag_operator.section-1 to None, run_after=None
[2025-04-13T19:13:34.048+0000] {logging_mixin.py:188} INFO - [2025-04-13T19:13:34.048+0000] {dag.py:3823} INFO - Setting next_dagrun for example_subdag_operator.section-2 to None, run_after=None
[2025-04-13T19:13:34.073+0000] {processor.py:183} INFO - Processing /home/airflow/.local/lib/python3.8/site-packages/airflow/example_dags/example_subdag_operator.py took 0.133 seconds
[2025-04-13T19:14:07.037+0000] {processor.py:161} INFO - Started process (PID=14061) to work on /home/airflow/.local/lib/python3.8/site-packages/airflow/example_dags/example_subdag_operator.py
[2025-04-13T19:14:07.048+0000] {processor.py:830} INFO - Processing file /home/airflow/.local/lib/python3.8/site-packages/airflow/example_dags/example_subdag_operator.py for tasks to queue
[2025-04-13T19:14:07.065+0000] {logging_mixin.py:188} INFO - [2025-04-13T19:14:07.064+0000] {dagbag.py:538} INFO - Filling up the DagBag from /home/airflow/.local/lib/python3.8/site-packages/airflow/example_dags/example_subdag_operator.py
[2025-04-13T19:14:07.150+0000] {processor.py:840} INFO - DAG(s) 'example_subdag_operator.section-1', 'example_subdag_operator.section-2', 'example_subdag_operator' retrieved from /home/airflow/.local/lib/python3.8/site-packages/airflow/example_dags/example_subdag_operator.py
[2025-04-13T19:14:07.174+0000] {logging_mixin.py:188} INFO - [2025-04-13T19:14:07.174+0000] {dag.py:3036} INFO - Sync 3 DAGs
[2025-04-13T19:14:07.195+0000] {logging_mixin.py:188} INFO - [2025-04-13T19:14:07.195+0000] {dag.py:3823} INFO - Setting next_dagrun for example_subdag_operator to 2022-01-01 00:00:00+00:00, run_after=2022-01-01 00:00:00+00:00
[2025-04-13T19:14:07.199+0000] {logging_mixin.py:188} INFO - [2025-04-13T19:14:07.199+0000] {dag.py:3823} INFO - Setting next_dagrun for example_subdag_operator.section-1 to None, run_after=None
[2025-04-13T19:14:07.201+0000] {logging_mixin.py:188} INFO - [2025-04-13T19:14:07.201+0000] {dag.py:3823} INFO - Setting next_dagrun for example_subdag_operator.section-2 to None, run_after=None
[2025-04-13T19:14:07.209+0000] {logging_mixin.py:188} INFO - [2025-04-13T19:14:07.209+0000] {dag.py:3036} INFO - Sync 2 DAGs
[2025-04-13T19:14:07.215+0000] {logging_mixin.py:188} INFO - [2025-04-13T19:14:07.215+0000] {dag.py:3823} INFO - Setting next_dagrun for example_subdag_operator.section-1 to None, run_after=None
[2025-04-13T19:14:07.216+0000] {logging_mixin.py:188} INFO - [2025-04-13T19:14:07.216+0000] {dag.py:3823} INFO - Setting next_dagrun for example_subdag_operator.section-2 to None, run_after=None
[2025-04-13T19:14:07.228+0000] {processor.py:183} INFO - Processing /home/airflow/.local/lib/python3.8/site-packages/airflow/example_dags/example_subdag_operator.py took 0.196 seconds
[2025-04-13T19:14:40.486+0000] {processor.py:161} INFO - Started process (PID=14116) to work on /home/airflow/.local/lib/python3.8/site-packages/airflow/example_dags/example_subdag_operator.py
[2025-04-13T19:14:40.490+0000] {processor.py:830} INFO - Processing file /home/airflow/.local/lib/python3.8/site-packages/airflow/example_dags/example_subdag_operator.py for tasks to queue
[2025-04-13T19:14:40.493+0000] {logging_mixin.py:188} INFO - [2025-04-13T19:14:40.493+0000] {dagbag.py:538} INFO - Filling up the DagBag from /home/airflow/.local/lib/python3.8/site-packages/airflow/example_dags/example_subdag_operator.py
[2025-04-13T19:14:40.553+0000] {processor.py:840} INFO - DAG(s) 'example_subdag_operator.section-1', 'example_subdag_operator.section-2', 'example_subdag_operator' retrieved from /home/airflow/.local/lib/python3.8/site-packages/airflow/example_dags/example_subdag_operator.py
[2025-04-13T19:14:40.612+0000] {logging_mixin.py:188} INFO - [2025-04-13T19:14:40.611+0000] {dag.py:3036} INFO - Sync 3 DAGs
[2025-04-13T19:14:40.682+0000] {logging_mixin.py:188} INFO - [2025-04-13T19:14:40.682+0000] {dag.py:3823} INFO - Setting next_dagrun for example_subdag_operator to 2022-01-01 00:00:00+00:00, run_after=2022-01-01 00:00:00+00:00
[2025-04-13T19:14:40.687+0000] {logging_mixin.py:188} INFO - [2025-04-13T19:14:40.687+0000] {dag.py:3823} INFO - Setting next_dagrun for example_subdag_operator.section-1 to None, run_after=None
[2025-04-13T19:14:40.690+0000] {logging_mixin.py:188} INFO - [2025-04-13T19:14:40.689+0000] {dag.py:3823} INFO - Setting next_dagrun for example_subdag_operator.section-2 to None, run_after=None
[2025-04-13T19:14:40.708+0000] {logging_mixin.py:188} INFO - [2025-04-13T19:14:40.707+0000] {dag.py:3036} INFO - Sync 2 DAGs
[2025-04-13T19:14:40.720+0000] {logging_mixin.py:188} INFO - [2025-04-13T19:14:40.719+0000] {dag.py:3823} INFO - Setting next_dagrun for example_subdag_operator.section-1 to None, run_after=None
[2025-04-13T19:14:40.722+0000] {logging_mixin.py:188} INFO - [2025-04-13T19:14:40.721+0000] {dag.py:3823} INFO - Setting next_dagrun for example_subdag_operator.section-2 to None, run_after=None
[2025-04-13T19:14:40.748+0000] {processor.py:183} INFO - Processing /home/airflow/.local/lib/python3.8/site-packages/airflow/example_dags/example_subdag_operator.py took 0.278 seconds
[2025-04-13T19:15:15.625+0000] {processor.py:161} INFO - Started process (PID=14172) to work on /home/airflow/.local/lib/python3.8/site-packages/airflow/example_dags/example_subdag_operator.py
[2025-04-13T19:15:15.626+0000] {processor.py:830} INFO - Processing file /home/airflow/.local/lib/python3.8/site-packages/airflow/example_dags/example_subdag_operator.py for tasks to queue
[2025-04-13T19:15:15.629+0000] {logging_mixin.py:188} INFO - [2025-04-13T19:15:15.629+0000] {dagbag.py:538} INFO - Filling up the DagBag from /home/airflow/.local/lib/python3.8/site-packages/airflow/example_dags/example_subdag_operator.py
[2025-04-13T19:15:15.705+0000] {processor.py:840} INFO - DAG(s) 'example_subdag_operator.section-1', 'example_subdag_operator.section-2', 'example_subdag_operator' retrieved from /home/airflow/.local/lib/python3.8/site-packages/airflow/example_dags/example_subdag_operator.py
[2025-04-13T19:15:15.745+0000] {logging_mixin.py:188} INFO - [2025-04-13T19:15:15.745+0000] {dag.py:3036} INFO - Sync 3 DAGs
[2025-04-13T19:15:15.789+0000] {logging_mixin.py:188} INFO - [2025-04-13T19:15:15.789+0000] {dag.py:3823} INFO - Setting next_dagrun for example_subdag_operator to 2022-01-01 00:00:00+00:00, run_after=2022-01-01 00:00:00+00:00
[2025-04-13T19:15:15.796+0000] {logging_mixin.py:188} INFO - [2025-04-13T19:15:15.796+0000] {dag.py:3823} INFO - Setting next_dagrun for example_subdag_operator.section-1 to None, run_after=None
[2025-04-13T19:15:15.801+0000] {logging_mixin.py:188} INFO - [2025-04-13T19:15:15.801+0000] {dag.py:3823} INFO - Setting next_dagrun for example_subdag_operator.section-2 to None, run_after=None
[2025-04-13T19:15:15.817+0000] {logging_mixin.py:188} INFO - [2025-04-13T19:15:15.817+0000] {dag.py:3036} INFO - Sync 2 DAGs
[2025-04-13T19:15:15.825+0000] {logging_mixin.py:188} INFO - [2025-04-13T19:15:15.824+0000] {dag.py:3823} INFO - Setting next_dagrun for example_subdag_operator.section-1 to None, run_after=None
[2025-04-13T19:15:15.825+0000] {logging_mixin.py:188} INFO - [2025-04-13T19:15:15.825+0000] {dag.py:3823} INFO - Setting next_dagrun for example_subdag_operator.section-2 to None, run_after=None
[2025-04-13T19:15:15.842+0000] {processor.py:183} INFO - Processing /home/airflow/.local/lib/python3.8/site-packages/airflow/example_dags/example_subdag_operator.py took 0.222 seconds
[2025-04-13T19:15:49.917+0000] {processor.py:161} INFO - Started process (PID=14228) to work on /home/airflow/.local/lib/python3.8/site-packages/airflow/example_dags/example_subdag_operator.py
[2025-04-13T19:15:49.918+0000] {processor.py:830} INFO - Processing file /home/airflow/.local/lib/python3.8/site-packages/airflow/example_dags/example_subdag_operator.py for tasks to queue
[2025-04-13T19:15:49.921+0000] {logging_mixin.py:188} INFO - [2025-04-13T19:15:49.920+0000] {dagbag.py:538} INFO - Filling up the DagBag from /home/airflow/.local/lib/python3.8/site-packages/airflow/example_dags/example_subdag_operator.py
[2025-04-13T19:15:49.958+0000] {processor.py:840} INFO - DAG(s) 'example_subdag_operator.section-1', 'example_subdag_operator.section-2', 'example_subdag_operator' retrieved from /home/airflow/.local/lib/python3.8/site-packages/airflow/example_dags/example_subdag_operator.py
[2025-04-13T19:15:49.992+0000] {logging_mixin.py:188} INFO - [2025-04-13T19:15:49.991+0000] {dag.py:3036} INFO - Sync 3 DAGs
[2025-04-13T19:15:50.022+0000] {logging_mixin.py:188} INFO - [2025-04-13T19:15:50.022+0000] {dag.py:3823} INFO - Setting next_dagrun for example_subdag_operator to 2022-01-01 00:00:00+00:00, run_after=2022-01-01 00:00:00+00:00
[2025-04-13T19:15:50.028+0000] {logging_mixin.py:188} INFO - [2025-04-13T19:15:50.028+0000] {dag.py:3823} INFO - Setting next_dagrun for example_subdag_operator.section-1 to None, run_after=None
[2025-04-13T19:15:50.034+0000] {logging_mixin.py:188} INFO - [2025-04-13T19:15:50.033+0000] {dag.py:3823} INFO - Setting next_dagrun for example_subdag_operator.section-2 to None, run_after=None
[2025-04-13T19:15:50.046+0000] {logging_mixin.py:188} INFO - [2025-04-13T19:15:50.045+0000] {dag.py:3036} INFO - Sync 2 DAGs
[2025-04-13T19:15:50.054+0000] {logging_mixin.py:188} INFO - [2025-04-13T19:15:50.054+0000] {dag.py:3823} INFO - Setting next_dagrun for example_subdag_operator.section-1 to None, run_after=None
[2025-04-13T19:15:50.056+0000] {logging_mixin.py:188} INFO - [2025-04-13T19:15:50.055+0000] {dag.py:3823} INFO - Setting next_dagrun for example_subdag_operator.section-2 to None, run_after=None
[2025-04-13T19:15:50.074+0000] {processor.py:183} INFO - Processing /home/airflow/.local/lib/python3.8/site-packages/airflow/example_dags/example_subdag_operator.py took 0.162 seconds
[2025-04-13T19:16:21.295+0000] {processor.py:161} INFO - Started process (PID=14284) to work on /home/airflow/.local/lib/python3.8/site-packages/airflow/example_dags/example_subdag_operator.py
[2025-04-13T19:16:21.296+0000] {processor.py:830} INFO - Processing file /home/airflow/.local/lib/python3.8/site-packages/airflow/example_dags/example_subdag_operator.py for tasks to queue
[2025-04-13T19:16:21.302+0000] {logging_mixin.py:188} INFO - [2025-04-13T19:16:21.302+0000] {dagbag.py:538} INFO - Filling up the DagBag from /home/airflow/.local/lib/python3.8/site-packages/airflow/example_dags/example_subdag_operator.py
[2025-04-13T19:16:21.364+0000] {processor.py:840} INFO - DAG(s) 'example_subdag_operator.section-1', 'example_subdag_operator.section-2', 'example_subdag_operator' retrieved from /home/airflow/.local/lib/python3.8/site-packages/airflow/example_dags/example_subdag_operator.py
[2025-04-13T19:16:21.390+0000] {logging_mixin.py:188} INFO - [2025-04-13T19:16:21.390+0000] {dag.py:3036} INFO - Sync 3 DAGs
[2025-04-13T19:16:21.423+0000] {logging_mixin.py:188} INFO - [2025-04-13T19:16:21.423+0000] {dag.py:3823} INFO - Setting next_dagrun for example_subdag_operator to 2022-01-01 00:00:00+00:00, run_after=2022-01-01 00:00:00+00:00
[2025-04-13T19:16:21.431+0000] {logging_mixin.py:188} INFO - [2025-04-13T19:16:21.430+0000] {dag.py:3823} INFO - Setting next_dagrun for example_subdag_operator.section-1 to None, run_after=None
[2025-04-13T19:16:21.440+0000] {logging_mixin.py:188} INFO - [2025-04-13T19:16:21.439+0000] {dag.py:3823} INFO - Setting next_dagrun for example_subdag_operator.section-2 to None, run_after=None
[2025-04-13T19:16:21.457+0000] {logging_mixin.py:188} INFO - [2025-04-13T19:16:21.457+0000] {dag.py:3036} INFO - Sync 2 DAGs
[2025-04-13T19:16:21.464+0000] {logging_mixin.py:188} INFO - [2025-04-13T19:16:21.464+0000] {dag.py:3823} INFO - Setting next_dagrun for example_subdag_operator.section-1 to None, run_after=None
[2025-04-13T19:16:21.465+0000] {logging_mixin.py:188} INFO - [2025-04-13T19:16:21.465+0000] {dag.py:3823} INFO - Setting next_dagrun for example_subdag_operator.section-2 to None, run_after=None
[2025-04-13T19:16:21.480+0000] {processor.py:183} INFO - Processing /home/airflow/.local/lib/python3.8/site-packages/airflow/example_dags/example_subdag_operator.py took 0.190 seconds
[2025-04-13T19:16:54.619+0000] {processor.py:161} INFO - Started process (PID=14340) to work on /home/airflow/.local/lib/python3.8/site-packages/airflow/example_dags/example_subdag_operator.py
[2025-04-13T19:16:54.620+0000] {processor.py:830} INFO - Processing file /home/airflow/.local/lib/python3.8/site-packages/airflow/example_dags/example_subdag_operator.py for tasks to queue
[2025-04-13T19:16:54.623+0000] {logging_mixin.py:188} INFO - [2025-04-13T19:16:54.623+0000] {dagbag.py:538} INFO - Filling up the DagBag from /home/airflow/.local/lib/python3.8/site-packages/airflow/example_dags/example_subdag_operator.py
[2025-04-13T19:16:54.651+0000] {processor.py:840} INFO - DAG(s) 'example_subdag_operator.section-1', 'example_subdag_operator.section-2', 'example_subdag_operator' retrieved from /home/airflow/.local/lib/python3.8/site-packages/airflow/example_dags/example_subdag_operator.py
[2025-04-13T19:16:54.673+0000] {logging_mixin.py:188} INFO - [2025-04-13T19:16:54.673+0000] {dag.py:3036} INFO - Sync 3 DAGs
[2025-04-13T19:16:54.698+0000] {logging_mixin.py:188} INFO - [2025-04-13T19:16:54.698+0000] {dag.py:3823} INFO - Setting next_dagrun for example_subdag_operator to 2022-01-01 00:00:00+00:00, run_after=2022-01-01 00:00:00+00:00
[2025-04-13T19:16:54.704+0000] {logging_mixin.py:188} INFO - [2025-04-13T19:16:54.703+0000] {dag.py:3823} INFO - Setting next_dagrun for example_subdag_operator.section-1 to None, run_after=None
[2025-04-13T19:16:54.706+0000] {logging_mixin.py:188} INFO - [2025-04-13T19:16:54.706+0000] {dag.py:3823} INFO - Setting next_dagrun for example_subdag_operator.section-2 to None, run_after=None
[2025-04-13T19:16:54.717+0000] {logging_mixin.py:188} INFO - [2025-04-13T19:16:54.717+0000] {dag.py:3036} INFO - Sync 2 DAGs
[2025-04-13T19:16:54.725+0000] {logging_mixin.py:188} INFO - [2025-04-13T19:16:54.724+0000] {dag.py:3823} INFO - Setting next_dagrun for example_subdag_operator.section-1 to None, run_after=None
[2025-04-13T19:16:54.725+0000] {logging_mixin.py:188} INFO - [2025-04-13T19:16:54.725+0000] {dag.py:3823} INFO - Setting next_dagrun for example_subdag_operator.section-2 to None, run_after=None
[2025-04-13T19:16:54.739+0000] {processor.py:183} INFO - Processing /home/airflow/.local/lib/python3.8/site-packages/airflow/example_dags/example_subdag_operator.py took 0.124 seconds
[2025-04-13T19:17:27.925+0000] {processor.py:161} INFO - Started process (PID=14396) to work on /home/airflow/.local/lib/python3.8/site-packages/airflow/example_dags/example_subdag_operator.py
[2025-04-13T19:17:27.927+0000] {processor.py:830} INFO - Processing file /home/airflow/.local/lib/python3.8/site-packages/airflow/example_dags/example_subdag_operator.py for tasks to queue
[2025-04-13T19:17:27.930+0000] {logging_mixin.py:188} INFO - [2025-04-13T19:17:27.929+0000] {dagbag.py:538} INFO - Filling up the DagBag from /home/airflow/.local/lib/python3.8/site-packages/airflow/example_dags/example_subdag_operator.py
[2025-04-13T19:17:27.965+0000] {processor.py:840} INFO - DAG(s) 'example_subdag_operator.section-1', 'example_subdag_operator.section-2', 'example_subdag_operator' retrieved from /home/airflow/.local/lib/python3.8/site-packages/airflow/example_dags/example_subdag_operator.py
[2025-04-13T19:17:27.987+0000] {logging_mixin.py:188} INFO - [2025-04-13T19:17:27.987+0000] {dag.py:3036} INFO - Sync 3 DAGs
[2025-04-13T19:17:28.020+0000] {logging_mixin.py:188} INFO - [2025-04-13T19:17:28.020+0000] {dag.py:3823} INFO - Setting next_dagrun for example_subdag_operator to 2022-01-01 00:00:00+00:00, run_after=2022-01-01 00:00:00+00:00
[2025-04-13T19:17:28.025+0000] {logging_mixin.py:188} INFO - [2025-04-13T19:17:28.025+0000] {dag.py:3823} INFO - Setting next_dagrun for example_subdag_operator.section-1 to None, run_after=None
[2025-04-13T19:17:28.027+0000] {logging_mixin.py:188} INFO - [2025-04-13T19:17:28.027+0000] {dag.py:3823} INFO - Setting next_dagrun for example_subdag_operator.section-2 to None, run_after=None
[2025-04-13T19:17:28.036+0000] {logging_mixin.py:188} INFO - [2025-04-13T19:17:28.035+0000] {dag.py:3036} INFO - Sync 2 DAGs
[2025-04-13T19:17:28.044+0000] {logging_mixin.py:188} INFO - [2025-04-13T19:17:28.043+0000] {dag.py:3823} INFO - Setting next_dagrun for example_subdag_operator.section-1 to None, run_after=None
[2025-04-13T19:17:28.045+0000] {logging_mixin.py:188} INFO - [2025-04-13T19:17:28.044+0000] {dag.py:3823} INFO - Setting next_dagrun for example_subdag_operator.section-2 to None, run_after=None
[2025-04-13T19:17:28.061+0000] {processor.py:183} INFO - Processing /home/airflow/.local/lib/python3.8/site-packages/airflow/example_dags/example_subdag_operator.py took 0.139 seconds
[2025-04-13T19:18:00.528+0000] {processor.py:161} INFO - Started process (PID=14452) to work on /home/airflow/.local/lib/python3.8/site-packages/airflow/example_dags/example_subdag_operator.py
[2025-04-13T19:18:00.532+0000] {processor.py:830} INFO - Processing file /home/airflow/.local/lib/python3.8/site-packages/airflow/example_dags/example_subdag_operator.py for tasks to queue
[2025-04-13T19:18:00.534+0000] {logging_mixin.py:188} INFO - [2025-04-13T19:18:00.534+0000] {dagbag.py:538} INFO - Filling up the DagBag from /home/airflow/.local/lib/python3.8/site-packages/airflow/example_dags/example_subdag_operator.py
[2025-04-13T19:18:00.579+0000] {processor.py:840} INFO - DAG(s) 'example_subdag_operator.section-1', 'example_subdag_operator.section-2', 'example_subdag_operator' retrieved from /home/airflow/.local/lib/python3.8/site-packages/airflow/example_dags/example_subdag_operator.py
[2025-04-13T19:18:00.614+0000] {logging_mixin.py:188} INFO - [2025-04-13T19:18:00.613+0000] {dag.py:3036} INFO - Sync 3 DAGs
[2025-04-13T19:18:00.652+0000] {logging_mixin.py:188} INFO - [2025-04-13T19:18:00.652+0000] {dag.py:3823} INFO - Setting next_dagrun for example_subdag_operator to 2022-01-01 00:00:00+00:00, run_after=2022-01-01 00:00:00+00:00
[2025-04-13T19:18:00.656+0000] {logging_mixin.py:188} INFO - [2025-04-13T19:18:00.656+0000] {dag.py:3823} INFO - Setting next_dagrun for example_subdag_operator.section-1 to None, run_after=None
[2025-04-13T19:18:00.658+0000] {logging_mixin.py:188} INFO - [2025-04-13T19:18:00.658+0000] {dag.py:3823} INFO - Setting next_dagrun for example_subdag_operator.section-2 to None, run_after=None
[2025-04-13T19:18:00.671+0000] {logging_mixin.py:188} INFO - [2025-04-13T19:18:00.671+0000] {dag.py:3036} INFO - Sync 2 DAGs
[2025-04-13T19:18:00.681+0000] {logging_mixin.py:188} INFO - [2025-04-13T19:18:00.680+0000] {dag.py:3823} INFO - Setting next_dagrun for example_subdag_operator.section-1 to None, run_after=None
[2025-04-13T19:18:00.682+0000] {logging_mixin.py:188} INFO - [2025-04-13T19:18:00.681+0000] {dag.py:3823} INFO - Setting next_dagrun for example_subdag_operator.section-2 to None, run_after=None
[2025-04-13T19:18:00.703+0000] {processor.py:183} INFO - Processing /home/airflow/.local/lib/python3.8/site-packages/airflow/example_dags/example_subdag_operator.py took 0.179 seconds
[2025-04-13T19:18:34.745+0000] {processor.py:161} INFO - Started process (PID=14509) to work on /home/airflow/.local/lib/python3.8/site-packages/airflow/example_dags/example_subdag_operator.py
[2025-04-13T19:18:34.750+0000] {processor.py:830} INFO - Processing file /home/airflow/.local/lib/python3.8/site-packages/airflow/example_dags/example_subdag_operator.py for tasks to queue
[2025-04-13T19:18:34.752+0000] {logging_mixin.py:188} INFO - [2025-04-13T19:18:34.752+0000] {dagbag.py:538} INFO - Filling up the DagBag from /home/airflow/.local/lib/python3.8/site-packages/airflow/example_dags/example_subdag_operator.py
[2025-04-13T19:18:34.797+0000] {processor.py:840} INFO - DAG(s) 'example_subdag_operator.section-1', 'example_subdag_operator.section-2', 'example_subdag_operator' retrieved from /home/airflow/.local/lib/python3.8/site-packages/airflow/example_dags/example_subdag_operator.py
[2025-04-13T19:18:34.826+0000] {logging_mixin.py:188} INFO - [2025-04-13T19:18:34.826+0000] {dag.py:3036} INFO - Sync 3 DAGs
[2025-04-13T19:18:34.892+0000] {logging_mixin.py:188} INFO - [2025-04-13T19:18:34.892+0000] {dag.py:3823} INFO - Setting next_dagrun for example_subdag_operator to 2022-01-01 00:00:00+00:00, run_after=2022-01-01 00:00:00+00:00
[2025-04-13T19:18:34.946+0000] {logging_mixin.py:188} INFO - [2025-04-13T19:18:34.945+0000] {dag.py:3823} INFO - Setting next_dagrun for example_subdag_operator.section-1 to None, run_after=None
[2025-04-13T19:18:34.980+0000] {logging_mixin.py:188} INFO - [2025-04-13T19:18:34.980+0000] {dag.py:3823} INFO - Setting next_dagrun for example_subdag_operator.section-2 to None, run_after=None
[2025-04-13T19:18:35.036+0000] {logging_mixin.py:188} INFO - [2025-04-13T19:18:35.035+0000] {dag.py:3036} INFO - Sync 2 DAGs
[2025-04-13T19:18:35.060+0000] {logging_mixin.py:188} INFO - [2025-04-13T19:18:35.060+0000] {dag.py:3823} INFO - Setting next_dagrun for example_subdag_operator.section-1 to None, run_after=None
[2025-04-13T19:18:35.072+0000] {logging_mixin.py:188} INFO - [2025-04-13T19:18:35.071+0000] {dag.py:3823} INFO - Setting next_dagrun for example_subdag_operator.section-2 to None, run_after=None
[2025-04-13T19:18:35.102+0000] {processor.py:183} INFO - Processing /home/airflow/.local/lib/python3.8/site-packages/airflow/example_dags/example_subdag_operator.py took 0.360 seconds
[2025-04-13T19:19:08.199+0000] {processor.py:161} INFO - Started process (PID=14565) to work on /home/airflow/.local/lib/python3.8/site-packages/airflow/example_dags/example_subdag_operator.py
[2025-04-13T19:19:08.202+0000] {processor.py:830} INFO - Processing file /home/airflow/.local/lib/python3.8/site-packages/airflow/example_dags/example_subdag_operator.py for tasks to queue
[2025-04-13T19:19:08.205+0000] {logging_mixin.py:188} INFO - [2025-04-13T19:19:08.204+0000] {dagbag.py:538} INFO - Filling up the DagBag from /home/airflow/.local/lib/python3.8/site-packages/airflow/example_dags/example_subdag_operator.py
[2025-04-13T19:19:08.237+0000] {processor.py:840} INFO - DAG(s) 'example_subdag_operator.section-1', 'example_subdag_operator.section-2', 'example_subdag_operator' retrieved from /home/airflow/.local/lib/python3.8/site-packages/airflow/example_dags/example_subdag_operator.py
[2025-04-13T19:19:08.259+0000] {logging_mixin.py:188} INFO - [2025-04-13T19:19:08.259+0000] {dag.py:3036} INFO - Sync 3 DAGs
[2025-04-13T19:19:08.292+0000] {logging_mixin.py:188} INFO - [2025-04-13T19:19:08.288+0000] {dag.py:3823} INFO - Setting next_dagrun for example_subdag_operator to 2022-01-01 00:00:00+00:00, run_after=2022-01-01 00:00:00+00:00
[2025-04-13T19:19:08.298+0000] {logging_mixin.py:188} INFO - [2025-04-13T19:19:08.298+0000] {dag.py:3823} INFO - Setting next_dagrun for example_subdag_operator.section-1 to None, run_after=None
[2025-04-13T19:19:08.300+0000] {logging_mixin.py:188} INFO - [2025-04-13T19:19:08.300+0000] {dag.py:3823} INFO - Setting next_dagrun for example_subdag_operator.section-2 to None, run_after=None
[2025-04-13T19:19:08.314+0000] {logging_mixin.py:188} INFO - [2025-04-13T19:19:08.314+0000] {dag.py:3036} INFO - Sync 2 DAGs
[2025-04-13T19:19:08.324+0000] {logging_mixin.py:188} INFO - [2025-04-13T19:19:08.323+0000] {dag.py:3823} INFO - Setting next_dagrun for example_subdag_operator.section-1 to None, run_after=None
[2025-04-13T19:19:08.325+0000] {logging_mixin.py:188} INFO - [2025-04-13T19:19:08.324+0000] {dag.py:3823} INFO - Setting next_dagrun for example_subdag_operator.section-2 to None, run_after=None
[2025-04-13T19:19:08.341+0000] {processor.py:183} INFO - Processing /home/airflow/.local/lib/python3.8/site-packages/airflow/example_dags/example_subdag_operator.py took 0.147 seconds
[2025-04-13T19:19:42.308+0000] {processor.py:161} INFO - Started process (PID=14623) to work on /home/airflow/.local/lib/python3.8/site-packages/airflow/example_dags/example_subdag_operator.py
[2025-04-13T19:19:42.312+0000] {processor.py:830} INFO - Processing file /home/airflow/.local/lib/python3.8/site-packages/airflow/example_dags/example_subdag_operator.py for tasks to queue
[2025-04-13T19:19:42.317+0000] {logging_mixin.py:188} INFO - [2025-04-13T19:19:42.316+0000] {dagbag.py:538} INFO - Filling up the DagBag from /home/airflow/.local/lib/python3.8/site-packages/airflow/example_dags/example_subdag_operator.py
[2025-04-13T19:19:42.363+0000] {processor.py:840} INFO - DAG(s) 'example_subdag_operator.section-1', 'example_subdag_operator.section-2', 'example_subdag_operator' retrieved from /home/airflow/.local/lib/python3.8/site-packages/airflow/example_dags/example_subdag_operator.py
[2025-04-13T19:19:42.395+0000] {logging_mixin.py:188} INFO - [2025-04-13T19:19:42.395+0000] {dag.py:3036} INFO - Sync 3 DAGs
[2025-04-13T19:19:42.428+0000] {logging_mixin.py:188} INFO - [2025-04-13T19:19:42.428+0000] {dag.py:3823} INFO - Setting next_dagrun for example_subdag_operator to 2022-01-01 00:00:00+00:00, run_after=2022-01-01 00:00:00+00:00
[2025-04-13T19:19:42.434+0000] {logging_mixin.py:188} INFO - [2025-04-13T19:19:42.433+0000] {dag.py:3823} INFO - Setting next_dagrun for example_subdag_operator.section-1 to None, run_after=None
[2025-04-13T19:19:42.436+0000] {logging_mixin.py:188} INFO - [2025-04-13T19:19:42.435+0000] {dag.py:3823} INFO - Setting next_dagrun for example_subdag_operator.section-2 to None, run_after=None
[2025-04-13T19:19:42.445+0000] {logging_mixin.py:188} INFO - [2025-04-13T19:19:42.445+0000] {dag.py:3036} INFO - Sync 2 DAGs
[2025-04-13T19:19:42.452+0000] {logging_mixin.py:188} INFO - [2025-04-13T19:19:42.452+0000] {dag.py:3823} INFO - Setting next_dagrun for example_subdag_operator.section-1 to None, run_after=None
[2025-04-13T19:19:42.454+0000] {logging_mixin.py:188} INFO - [2025-04-13T19:19:42.454+0000] {dag.py:3823} INFO - Setting next_dagrun for example_subdag_operator.section-2 to None, run_after=None
[2025-04-13T19:19:42.474+0000] {processor.py:183} INFO - Processing /home/airflow/.local/lib/python3.8/site-packages/airflow/example_dags/example_subdag_operator.py took 0.170 seconds
[2025-04-13T19:20:15.036+0000] {processor.py:161} INFO - Started process (PID=14679) to work on /home/airflow/.local/lib/python3.8/site-packages/airflow/example_dags/example_subdag_operator.py
[2025-04-13T19:20:15.038+0000] {processor.py:830} INFO - Processing file /home/airflow/.local/lib/python3.8/site-packages/airflow/example_dags/example_subdag_operator.py for tasks to queue
[2025-04-13T19:20:15.043+0000] {logging_mixin.py:188} INFO - [2025-04-13T19:20:15.042+0000] {dagbag.py:538} INFO - Filling up the DagBag from /home/airflow/.local/lib/python3.8/site-packages/airflow/example_dags/example_subdag_operator.py
[2025-04-13T19:20:15.077+0000] {processor.py:840} INFO - DAG(s) 'example_subdag_operator.section-1', 'example_subdag_operator.section-2', 'example_subdag_operator' retrieved from /home/airflow/.local/lib/python3.8/site-packages/airflow/example_dags/example_subdag_operator.py
[2025-04-13T19:20:15.106+0000] {logging_mixin.py:188} INFO - [2025-04-13T19:20:15.106+0000] {dag.py:3036} INFO - Sync 3 DAGs
[2025-04-13T19:20:15.152+0000] {logging_mixin.py:188} INFO - [2025-04-13T19:20:15.152+0000] {dag.py:3823} INFO - Setting next_dagrun for example_subdag_operator to 2022-01-01 00:00:00+00:00, run_after=2022-01-01 00:00:00+00:00
[2025-04-13T19:20:15.162+0000] {logging_mixin.py:188} INFO - [2025-04-13T19:20:15.161+0000] {dag.py:3823} INFO - Setting next_dagrun for example_subdag_operator.section-1 to None, run_after=None
[2025-04-13T19:20:15.164+0000] {logging_mixin.py:188} INFO - [2025-04-13T19:20:15.164+0000] {dag.py:3823} INFO - Setting next_dagrun for example_subdag_operator.section-2 to None, run_after=None
[2025-04-13T19:20:15.177+0000] {logging_mixin.py:188} INFO - [2025-04-13T19:20:15.177+0000] {dag.py:3036} INFO - Sync 2 DAGs
[2025-04-13T19:20:15.185+0000] {logging_mixin.py:188} INFO - [2025-04-13T19:20:15.184+0000] {dag.py:3823} INFO - Setting next_dagrun for example_subdag_operator.section-1 to None, run_after=None
[2025-04-13T19:20:15.186+0000] {logging_mixin.py:188} INFO - [2025-04-13T19:20:15.185+0000] {dag.py:3823} INFO - Setting next_dagrun for example_subdag_operator.section-2 to None, run_after=None
[2025-04-13T19:20:15.208+0000] {processor.py:183} INFO - Processing /home/airflow/.local/lib/python3.8/site-packages/airflow/example_dags/example_subdag_operator.py took 0.176 seconds
[2025-04-13T19:20:48.977+0000] {processor.py:161} INFO - Started process (PID=14735) to work on /home/airflow/.local/lib/python3.8/site-packages/airflow/example_dags/example_subdag_operator.py
[2025-04-13T19:20:48.980+0000] {processor.py:830} INFO - Processing file /home/airflow/.local/lib/python3.8/site-packages/airflow/example_dags/example_subdag_operator.py for tasks to queue
[2025-04-13T19:20:48.983+0000] {logging_mixin.py:188} INFO - [2025-04-13T19:20:48.982+0000] {dagbag.py:538} INFO - Filling up the DagBag from /home/airflow/.local/lib/python3.8/site-packages/airflow/example_dags/example_subdag_operator.py
[2025-04-13T19:20:49.023+0000] {processor.py:840} INFO - DAG(s) 'example_subdag_operator.section-1', 'example_subdag_operator.section-2', 'example_subdag_operator' retrieved from /home/airflow/.local/lib/python3.8/site-packages/airflow/example_dags/example_subdag_operator.py
[2025-04-13T19:20:49.059+0000] {logging_mixin.py:188} INFO - [2025-04-13T19:20:49.058+0000] {dag.py:3036} INFO - Sync 3 DAGs
[2025-04-13T19:20:49.092+0000] {logging_mixin.py:188} INFO - [2025-04-13T19:20:49.092+0000] {dag.py:3823} INFO - Setting next_dagrun for example_subdag_operator to 2022-01-01 00:00:00+00:00, run_after=2022-01-01 00:00:00+00:00
[2025-04-13T19:20:49.099+0000] {logging_mixin.py:188} INFO - [2025-04-13T19:20:49.099+0000] {dag.py:3823} INFO - Setting next_dagrun for example_subdag_operator.section-1 to None, run_after=None
[2025-04-13T19:20:49.101+0000] {logging_mixin.py:188} INFO - [2025-04-13T19:20:49.101+0000] {dag.py:3823} INFO - Setting next_dagrun for example_subdag_operator.section-2 to None, run_after=None
[2025-04-13T19:20:49.112+0000] {logging_mixin.py:188} INFO - [2025-04-13T19:20:49.112+0000] {dag.py:3036} INFO - Sync 2 DAGs
[2025-04-13T19:20:49.120+0000] {logging_mixin.py:188} INFO - [2025-04-13T19:20:49.120+0000] {dag.py:3823} INFO - Setting next_dagrun for example_subdag_operator.section-1 to None, run_after=None
[2025-04-13T19:20:49.121+0000] {logging_mixin.py:188} INFO - [2025-04-13T19:20:49.121+0000] {dag.py:3823} INFO - Setting next_dagrun for example_subdag_operator.section-2 to None, run_after=None
[2025-04-13T19:20:49.139+0000] {processor.py:183} INFO - Processing /home/airflow/.local/lib/python3.8/site-packages/airflow/example_dags/example_subdag_operator.py took 0.167 seconds
[2025-04-13T19:21:21.446+0000] {processor.py:161} INFO - Started process (PID=14791) to work on /home/airflow/.local/lib/python3.8/site-packages/airflow/example_dags/example_subdag_operator.py
[2025-04-13T19:21:21.447+0000] {processor.py:830} INFO - Processing file /home/airflow/.local/lib/python3.8/site-packages/airflow/example_dags/example_subdag_operator.py for tasks to queue
[2025-04-13T19:21:21.450+0000] {logging_mixin.py:188} INFO - [2025-04-13T19:21:21.449+0000] {dagbag.py:538} INFO - Filling up the DagBag from /home/airflow/.local/lib/python3.8/site-packages/airflow/example_dags/example_subdag_operator.py
[2025-04-13T19:21:21.479+0000] {processor.py:840} INFO - DAG(s) 'example_subdag_operator.section-1', 'example_subdag_operator.section-2', 'example_subdag_operator' retrieved from /home/airflow/.local/lib/python3.8/site-packages/airflow/example_dags/example_subdag_operator.py
[2025-04-13T19:21:21.505+0000] {logging_mixin.py:188} INFO - [2025-04-13T19:21:21.505+0000] {dag.py:3036} INFO - Sync 3 DAGs
[2025-04-13T19:21:21.547+0000] {logging_mixin.py:188} INFO - [2025-04-13T19:21:21.546+0000] {dag.py:3823} INFO - Setting next_dagrun for example_subdag_operator to 2022-01-01 00:00:00+00:00, run_after=2022-01-01 00:00:00+00:00
[2025-04-13T19:21:21.552+0000] {logging_mixin.py:188} INFO - [2025-04-13T19:21:21.552+0000] {dag.py:3823} INFO - Setting next_dagrun for example_subdag_operator.section-1 to None, run_after=None
[2025-04-13T19:21:21.554+0000] {logging_mixin.py:188} INFO - [2025-04-13T19:21:21.554+0000] {dag.py:3823} INFO - Setting next_dagrun for example_subdag_operator.section-2 to None, run_after=None
[2025-04-13T19:21:21.566+0000] {logging_mixin.py:188} INFO - [2025-04-13T19:21:21.565+0000] {dag.py:3036} INFO - Sync 2 DAGs
[2025-04-13T19:21:21.574+0000] {logging_mixin.py:188} INFO - [2025-04-13T19:21:21.574+0000] {dag.py:3823} INFO - Setting next_dagrun for example_subdag_operator.section-1 to None, run_after=None
[2025-04-13T19:21:21.575+0000] {logging_mixin.py:188} INFO - [2025-04-13T19:21:21.575+0000] {dag.py:3823} INFO - Setting next_dagrun for example_subdag_operator.section-2 to None, run_after=None
[2025-04-13T19:21:21.590+0000] {processor.py:183} INFO - Processing /home/airflow/.local/lib/python3.8/site-packages/airflow/example_dags/example_subdag_operator.py took 0.148 seconds
[2025-04-13T19:21:54.184+0000] {processor.py:161} INFO - Started process (PID=14848) to work on /home/airflow/.local/lib/python3.8/site-packages/airflow/example_dags/example_subdag_operator.py
[2025-04-13T19:21:54.185+0000] {processor.py:830} INFO - Processing file /home/airflow/.local/lib/python3.8/site-packages/airflow/example_dags/example_subdag_operator.py for tasks to queue
[2025-04-13T19:21:54.187+0000] {logging_mixin.py:188} INFO - [2025-04-13T19:21:54.187+0000] {dagbag.py:538} INFO - Filling up the DagBag from /home/airflow/.local/lib/python3.8/site-packages/airflow/example_dags/example_subdag_operator.py
[2025-04-13T19:21:54.218+0000] {processor.py:840} INFO - DAG(s) 'example_subdag_operator.section-1', 'example_subdag_operator.section-2', 'example_subdag_operator' retrieved from /home/airflow/.local/lib/python3.8/site-packages/airflow/example_dags/example_subdag_operator.py
[2025-04-13T19:21:54.246+0000] {logging_mixin.py:188} INFO - [2025-04-13T19:21:54.246+0000] {dag.py:3036} INFO - Sync 3 DAGs
[2025-04-13T19:21:54.273+0000] {logging_mixin.py:188} INFO - [2025-04-13T19:21:54.272+0000] {dag.py:3823} INFO - Setting next_dagrun for example_subdag_operator to 2022-01-01 00:00:00+00:00, run_after=2022-01-01 00:00:00+00:00
[2025-04-13T19:21:54.278+0000] {logging_mixin.py:188} INFO - [2025-04-13T19:21:54.277+0000] {dag.py:3823} INFO - Setting next_dagrun for example_subdag_operator.section-1 to None, run_after=None
[2025-04-13T19:21:54.280+0000] {logging_mixin.py:188} INFO - [2025-04-13T19:21:54.279+0000] {dag.py:3823} INFO - Setting next_dagrun for example_subdag_operator.section-2 to None, run_after=None
[2025-04-13T19:21:54.291+0000] {logging_mixin.py:188} INFO - [2025-04-13T19:21:54.290+0000] {dag.py:3036} INFO - Sync 2 DAGs
[2025-04-13T19:21:54.298+0000] {logging_mixin.py:188} INFO - [2025-04-13T19:21:54.298+0000] {dag.py:3823} INFO - Setting next_dagrun for example_subdag_operator.section-1 to None, run_after=None
[2025-04-13T19:21:54.299+0000] {logging_mixin.py:188} INFO - [2025-04-13T19:21:54.298+0000] {dag.py:3823} INFO - Setting next_dagrun for example_subdag_operator.section-2 to None, run_after=None
[2025-04-13T19:21:54.311+0000] {processor.py:183} INFO - Processing /home/airflow/.local/lib/python3.8/site-packages/airflow/example_dags/example_subdag_operator.py took 0.132 seconds
[2025-04-13T19:22:28.095+0000] {processor.py:161} INFO - Started process (PID=14904) to work on /home/airflow/.local/lib/python3.8/site-packages/airflow/example_dags/example_subdag_operator.py
[2025-04-13T19:22:28.096+0000] {processor.py:830} INFO - Processing file /home/airflow/.local/lib/python3.8/site-packages/airflow/example_dags/example_subdag_operator.py for tasks to queue
[2025-04-13T19:22:28.099+0000] {logging_mixin.py:188} INFO - [2025-04-13T19:22:28.099+0000] {dagbag.py:538} INFO - Filling up the DagBag from /home/airflow/.local/lib/python3.8/site-packages/airflow/example_dags/example_subdag_operator.py
[2025-04-13T19:22:28.127+0000] {processor.py:840} INFO - DAG(s) 'example_subdag_operator.section-1', 'example_subdag_operator.section-2', 'example_subdag_operator' retrieved from /home/airflow/.local/lib/python3.8/site-packages/airflow/example_dags/example_subdag_operator.py
[2025-04-13T19:22:28.148+0000] {logging_mixin.py:188} INFO - [2025-04-13T19:22:28.148+0000] {dag.py:3036} INFO - Sync 3 DAGs
[2025-04-13T19:22:28.181+0000] {logging_mixin.py:188} INFO - [2025-04-13T19:22:28.181+0000] {dag.py:3823} INFO - Setting next_dagrun for example_subdag_operator to 2022-01-01 00:00:00+00:00, run_after=2022-01-01 00:00:00+00:00
[2025-04-13T19:22:28.187+0000] {logging_mixin.py:188} INFO - [2025-04-13T19:22:28.187+0000] {dag.py:3823} INFO - Setting next_dagrun for example_subdag_operator.section-1 to None, run_after=None
[2025-04-13T19:22:28.190+0000] {logging_mixin.py:188} INFO - [2025-04-13T19:22:28.189+0000] {dag.py:3823} INFO - Setting next_dagrun for example_subdag_operator.section-2 to None, run_after=None
[2025-04-13T19:22:28.198+0000] {logging_mixin.py:188} INFO - [2025-04-13T19:22:28.198+0000] {dag.py:3036} INFO - Sync 2 DAGs
[2025-04-13T19:22:28.208+0000] {logging_mixin.py:188} INFO - [2025-04-13T19:22:28.207+0000] {dag.py:3823} INFO - Setting next_dagrun for example_subdag_operator.section-1 to None, run_after=None
[2025-04-13T19:22:28.208+0000] {logging_mixin.py:188} INFO - [2025-04-13T19:22:28.208+0000] {dag.py:3823} INFO - Setting next_dagrun for example_subdag_operator.section-2 to None, run_after=None
[2025-04-13T19:22:28.225+0000] {processor.py:183} INFO - Processing /home/airflow/.local/lib/python3.8/site-packages/airflow/example_dags/example_subdag_operator.py took 0.134 seconds
[2025-04-13T19:23:01.175+0000] {processor.py:161} INFO - Started process (PID=14959) to work on /home/airflow/.local/lib/python3.8/site-packages/airflow/example_dags/example_subdag_operator.py
[2025-04-13T19:23:01.176+0000] {processor.py:830} INFO - Processing file /home/airflow/.local/lib/python3.8/site-packages/airflow/example_dags/example_subdag_operator.py for tasks to queue
[2025-04-13T19:23:01.179+0000] {logging_mixin.py:188} INFO - [2025-04-13T19:23:01.179+0000] {dagbag.py:538} INFO - Filling up the DagBag from /home/airflow/.local/lib/python3.8/site-packages/airflow/example_dags/example_subdag_operator.py
[2025-04-13T19:23:01.212+0000] {processor.py:840} INFO - DAG(s) 'example_subdag_operator.section-1', 'example_subdag_operator.section-2', 'example_subdag_operator' retrieved from /home/airflow/.local/lib/python3.8/site-packages/airflow/example_dags/example_subdag_operator.py
[2025-04-13T19:23:01.233+0000] {logging_mixin.py:188} INFO - [2025-04-13T19:23:01.232+0000] {dag.py:3036} INFO - Sync 3 DAGs
[2025-04-13T19:23:01.282+0000] {logging_mixin.py:188} INFO - [2025-04-13T19:23:01.280+0000] {dag.py:3823} INFO - Setting next_dagrun for example_subdag_operator to 2022-01-01 00:00:00+00:00, run_after=2022-01-01 00:00:00+00:00
[2025-04-13T19:23:01.290+0000] {logging_mixin.py:188} INFO - [2025-04-13T19:23:01.289+0000] {dag.py:3823} INFO - Setting next_dagrun for example_subdag_operator.section-1 to None, run_after=None
[2025-04-13T19:23:01.293+0000] {logging_mixin.py:188} INFO - [2025-04-13T19:23:01.292+0000] {dag.py:3823} INFO - Setting next_dagrun for example_subdag_operator.section-2 to None, run_after=None
[2025-04-13T19:23:01.306+0000] {logging_mixin.py:188} INFO - [2025-04-13T19:23:01.306+0000] {dag.py:3036} INFO - Sync 2 DAGs
[2025-04-13T19:23:01.314+0000] {logging_mixin.py:188} INFO - [2025-04-13T19:23:01.313+0000] {dag.py:3823} INFO - Setting next_dagrun for example_subdag_operator.section-1 to None, run_after=None
[2025-04-13T19:23:01.315+0000] {logging_mixin.py:188} INFO - [2025-04-13T19:23:01.315+0000] {dag.py:3823} INFO - Setting next_dagrun for example_subdag_operator.section-2 to None, run_after=None
[2025-04-13T19:23:01.336+0000] {processor.py:183} INFO - Processing /home/airflow/.local/lib/python3.8/site-packages/airflow/example_dags/example_subdag_operator.py took 0.164 seconds
[2025-04-13T19:23:36.371+0000] {processor.py:161} INFO - Started process (PID=15015) to work on /home/airflow/.local/lib/python3.8/site-packages/airflow/example_dags/example_subdag_operator.py
[2025-04-13T19:23:36.374+0000] {processor.py:830} INFO - Processing file /home/airflow/.local/lib/python3.8/site-packages/airflow/example_dags/example_subdag_operator.py for tasks to queue
[2025-04-13T19:23:36.381+0000] {logging_mixin.py:188} INFO - [2025-04-13T19:23:36.379+0000] {dagbag.py:538} INFO - Filling up the DagBag from /home/airflow/.local/lib/python3.8/site-packages/airflow/example_dags/example_subdag_operator.py
[2025-04-13T19:23:36.459+0000] {processor.py:840} INFO - DAG(s) 'example_subdag_operator.section-1', 'example_subdag_operator.section-2', 'example_subdag_operator' retrieved from /home/airflow/.local/lib/python3.8/site-packages/airflow/example_dags/example_subdag_operator.py
[2025-04-13T19:23:36.545+0000] {logging_mixin.py:188} INFO - [2025-04-13T19:23:36.545+0000] {dag.py:3036} INFO - Sync 3 DAGs
[2025-04-13T19:23:36.707+0000] {logging_mixin.py:188} INFO - [2025-04-13T19:23:36.706+0000] {dag.py:3823} INFO - Setting next_dagrun for example_subdag_operator to 2022-01-01 00:00:00+00:00, run_after=2022-01-01 00:00:00+00:00
[2025-04-13T19:23:36.733+0000] {logging_mixin.py:188} INFO - [2025-04-13T19:23:36.733+0000] {dag.py:3823} INFO - Setting next_dagrun for example_subdag_operator.section-1 to None, run_after=None
[2025-04-13T19:23:36.743+0000] {logging_mixin.py:188} INFO - [2025-04-13T19:23:36.743+0000] {dag.py:3823} INFO - Setting next_dagrun for example_subdag_operator.section-2 to None, run_after=None
[2025-04-13T19:23:36.774+0000] {logging_mixin.py:188} INFO - [2025-04-13T19:23:36.774+0000] {dag.py:3036} INFO - Sync 2 DAGs
[2025-04-13T19:23:36.800+0000] {logging_mixin.py:188} INFO - [2025-04-13T19:23:36.799+0000] {dag.py:3823} INFO - Setting next_dagrun for example_subdag_operator.section-1 to None, run_after=None
[2025-04-13T19:23:36.805+0000] {logging_mixin.py:188} INFO - [2025-04-13T19:23:36.805+0000] {dag.py:3823} INFO - Setting next_dagrun for example_subdag_operator.section-2 to None, run_after=None
[2025-04-13T19:23:36.848+0000] {processor.py:183} INFO - Processing /home/airflow/.local/lib/python3.8/site-packages/airflow/example_dags/example_subdag_operator.py took 0.485 seconds
[2025-04-13T19:24:06.897+0000] {processor.py:161} INFO - Started process (PID=15071) to work on /home/airflow/.local/lib/python3.8/site-packages/airflow/example_dags/example_subdag_operator.py
[2025-04-13T19:24:06.898+0000] {processor.py:830} INFO - Processing file /home/airflow/.local/lib/python3.8/site-packages/airflow/example_dags/example_subdag_operator.py for tasks to queue
[2025-04-13T19:24:06.903+0000] {logging_mixin.py:188} INFO - [2025-04-13T19:24:06.903+0000] {dagbag.py:538} INFO - Filling up the DagBag from /home/airflow/.local/lib/python3.8/site-packages/airflow/example_dags/example_subdag_operator.py
[2025-04-13T19:24:06.946+0000] {processor.py:840} INFO - DAG(s) 'example_subdag_operator.section-1', 'example_subdag_operator.section-2', 'example_subdag_operator' retrieved from /home/airflow/.local/lib/python3.8/site-packages/airflow/example_dags/example_subdag_operator.py
[2025-04-13T19:24:06.975+0000] {logging_mixin.py:188} INFO - [2025-04-13T19:24:06.975+0000] {dag.py:3036} INFO - Sync 3 DAGs
[2025-04-13T19:24:07.021+0000] {logging_mixin.py:188} INFO - [2025-04-13T19:24:07.021+0000] {dag.py:3823} INFO - Setting next_dagrun for example_subdag_operator to 2022-01-01 00:00:00+00:00, run_after=2022-01-01 00:00:00+00:00
[2025-04-13T19:24:07.027+0000] {logging_mixin.py:188} INFO - [2025-04-13T19:24:07.027+0000] {dag.py:3823} INFO - Setting next_dagrun for example_subdag_operator.section-1 to None, run_after=None
[2025-04-13T19:24:07.029+0000] {logging_mixin.py:188} INFO - [2025-04-13T19:24:07.029+0000] {dag.py:3823} INFO - Setting next_dagrun for example_subdag_operator.section-2 to None, run_after=None
[2025-04-13T19:24:07.038+0000] {logging_mixin.py:188} INFO - [2025-04-13T19:24:07.038+0000] {dag.py:3036} INFO - Sync 2 DAGs
[2025-04-13T19:24:07.045+0000] {logging_mixin.py:188} INFO - [2025-04-13T19:24:07.045+0000] {dag.py:3823} INFO - Setting next_dagrun for example_subdag_operator.section-1 to None, run_after=None
[2025-04-13T19:24:07.046+0000] {logging_mixin.py:188} INFO - [2025-04-13T19:24:07.046+0000] {dag.py:3823} INFO - Setting next_dagrun for example_subdag_operator.section-2 to None, run_after=None
[2025-04-13T19:24:07.060+0000] {processor.py:183} INFO - Processing /home/airflow/.local/lib/python3.8/site-packages/airflow/example_dags/example_subdag_operator.py took 0.166 seconds
[2025-04-13T19:24:40.578+0000] {processor.py:161} INFO - Started process (PID=15127) to work on /home/airflow/.local/lib/python3.8/site-packages/airflow/example_dags/example_subdag_operator.py
[2025-04-13T19:24:40.580+0000] {processor.py:830} INFO - Processing file /home/airflow/.local/lib/python3.8/site-packages/airflow/example_dags/example_subdag_operator.py for tasks to queue
[2025-04-13T19:24:40.583+0000] {logging_mixin.py:188} INFO - [2025-04-13T19:24:40.582+0000] {dagbag.py:538} INFO - Filling up the DagBag from /home/airflow/.local/lib/python3.8/site-packages/airflow/example_dags/example_subdag_operator.py
[2025-04-13T19:24:40.628+0000] {processor.py:840} INFO - DAG(s) 'example_subdag_operator.section-1', 'example_subdag_operator.section-2', 'example_subdag_operator' retrieved from /home/airflow/.local/lib/python3.8/site-packages/airflow/example_dags/example_subdag_operator.py
[2025-04-13T19:24:40.676+0000] {logging_mixin.py:188} INFO - [2025-04-13T19:24:40.676+0000] {dag.py:3036} INFO - Sync 3 DAGs
[2025-04-13T19:24:40.748+0000] {logging_mixin.py:188} INFO - [2025-04-13T19:24:40.748+0000] {dag.py:3823} INFO - Setting next_dagrun for example_subdag_operator to 2022-01-01 00:00:00+00:00, run_after=2022-01-01 00:00:00+00:00
[2025-04-13T19:24:40.756+0000] {logging_mixin.py:188} INFO - [2025-04-13T19:24:40.755+0000] {dag.py:3823} INFO - Setting next_dagrun for example_subdag_operator.section-1 to None, run_after=None
[2025-04-13T19:24:40.763+0000] {logging_mixin.py:188} INFO - [2025-04-13T19:24:40.763+0000] {dag.py:3823} INFO - Setting next_dagrun for example_subdag_operator.section-2 to None, run_after=None
[2025-04-13T19:24:40.790+0000] {logging_mixin.py:188} INFO - [2025-04-13T19:24:40.789+0000] {dag.py:3036} INFO - Sync 2 DAGs
[2025-04-13T19:24:40.816+0000] {logging_mixin.py:188} INFO - [2025-04-13T19:24:40.809+0000] {dag.py:3823} INFO - Setting next_dagrun for example_subdag_operator.section-1 to None, run_after=None
[2025-04-13T19:24:40.822+0000] {logging_mixin.py:188} INFO - [2025-04-13T19:24:40.822+0000] {dag.py:3823} INFO - Setting next_dagrun for example_subdag_operator.section-2 to None, run_after=None
[2025-04-13T19:24:40.852+0000] {processor.py:183} INFO - Processing /home/airflow/.local/lib/python3.8/site-packages/airflow/example_dags/example_subdag_operator.py took 0.279 seconds
[2025-04-13T19:25:12.594+0000] {processor.py:161} INFO - Started process (PID=15183) to work on /home/airflow/.local/lib/python3.8/site-packages/airflow/example_dags/example_subdag_operator.py
[2025-04-13T19:25:12.596+0000] {processor.py:830} INFO - Processing file /home/airflow/.local/lib/python3.8/site-packages/airflow/example_dags/example_subdag_operator.py for tasks to queue
[2025-04-13T19:25:12.601+0000] {logging_mixin.py:188} INFO - [2025-04-13T19:25:12.600+0000] {dagbag.py:538} INFO - Filling up the DagBag from /home/airflow/.local/lib/python3.8/site-packages/airflow/example_dags/example_subdag_operator.py
[2025-04-13T19:25:12.670+0000] {processor.py:840} INFO - DAG(s) 'example_subdag_operator.section-1', 'example_subdag_operator.section-2', 'example_subdag_operator' retrieved from /home/airflow/.local/lib/python3.8/site-packages/airflow/example_dags/example_subdag_operator.py
[2025-04-13T19:25:12.741+0000] {logging_mixin.py:188} INFO - [2025-04-13T19:25:12.740+0000] {dag.py:3036} INFO - Sync 3 DAGs
[2025-04-13T19:25:12.793+0000] {logging_mixin.py:188} INFO - [2025-04-13T19:25:12.792+0000] {dag.py:3823} INFO - Setting next_dagrun for example_subdag_operator to 2022-01-01 00:00:00+00:00, run_after=2022-01-01 00:00:00+00:00
[2025-04-13T19:25:12.807+0000] {logging_mixin.py:188} INFO - [2025-04-13T19:25:12.806+0000] {dag.py:3823} INFO - Setting next_dagrun for example_subdag_operator.section-1 to None, run_after=None
[2025-04-13T19:25:12.816+0000] {logging_mixin.py:188} INFO - [2025-04-13T19:25:12.816+0000] {dag.py:3823} INFO - Setting next_dagrun for example_subdag_operator.section-2 to None, run_after=None
[2025-04-13T19:25:12.833+0000] {logging_mixin.py:188} INFO - [2025-04-13T19:25:12.833+0000] {dag.py:3036} INFO - Sync 2 DAGs
[2025-04-13T19:25:12.861+0000] {logging_mixin.py:188} INFO - [2025-04-13T19:25:12.860+0000] {dag.py:3823} INFO - Setting next_dagrun for example_subdag_operator.section-1 to None, run_after=None
[2025-04-13T19:25:12.861+0000] {logging_mixin.py:188} INFO - [2025-04-13T19:25:12.861+0000] {dag.py:3823} INFO - Setting next_dagrun for example_subdag_operator.section-2 to None, run_after=None
[2025-04-13T19:25:12.880+0000] {processor.py:183} INFO - Processing /home/airflow/.local/lib/python3.8/site-packages/airflow/example_dags/example_subdag_operator.py took 0.290 seconds
[2025-04-13T19:25:45.725+0000] {processor.py:161} INFO - Started process (PID=15244) to work on /home/airflow/.local/lib/python3.8/site-packages/airflow/example_dags/example_subdag_operator.py
[2025-04-13T19:25:45.727+0000] {processor.py:830} INFO - Processing file /home/airflow/.local/lib/python3.8/site-packages/airflow/example_dags/example_subdag_operator.py for tasks to queue
[2025-04-13T19:25:45.730+0000] {logging_mixin.py:188} INFO - [2025-04-13T19:25:45.729+0000] {dagbag.py:538} INFO - Filling up the DagBag from /home/airflow/.local/lib/python3.8/site-packages/airflow/example_dags/example_subdag_operator.py
[2025-04-13T19:25:45.764+0000] {processor.py:840} INFO - DAG(s) 'example_subdag_operator.section-1', 'example_subdag_operator.section-2', 'example_subdag_operator' retrieved from /home/airflow/.local/lib/python3.8/site-packages/airflow/example_dags/example_subdag_operator.py
[2025-04-13T19:25:45.793+0000] {logging_mixin.py:188} INFO - [2025-04-13T19:25:45.793+0000] {dag.py:3036} INFO - Sync 3 DAGs
[2025-04-13T19:25:45.825+0000] {logging_mixin.py:188} INFO - [2025-04-13T19:25:45.825+0000] {dag.py:3823} INFO - Setting next_dagrun for example_subdag_operator to 2022-01-01 00:00:00+00:00, run_after=2022-01-01 00:00:00+00:00
[2025-04-13T19:25:45.833+0000] {logging_mixin.py:188} INFO - [2025-04-13T19:25:45.832+0000] {dag.py:3823} INFO - Setting next_dagrun for example_subdag_operator.section-1 to None, run_after=None
[2025-04-13T19:25:45.835+0000] {logging_mixin.py:188} INFO - [2025-04-13T19:25:45.835+0000] {dag.py:3823} INFO - Setting next_dagrun for example_subdag_operator.section-2 to None, run_after=None
[2025-04-13T19:25:45.850+0000] {logging_mixin.py:188} INFO - [2025-04-13T19:25:45.850+0000] {dag.py:3036} INFO - Sync 2 DAGs
[2025-04-13T19:25:45.864+0000] {logging_mixin.py:188} INFO - [2025-04-13T19:25:45.863+0000] {dag.py:3823} INFO - Setting next_dagrun for example_subdag_operator.section-1 to None, run_after=None
[2025-04-13T19:25:45.865+0000] {logging_mixin.py:188} INFO - [2025-04-13T19:25:45.865+0000] {dag.py:3823} INFO - Setting next_dagrun for example_subdag_operator.section-2 to None, run_after=None
[2025-04-13T19:25:45.916+0000] {processor.py:183} INFO - Processing /home/airflow/.local/lib/python3.8/site-packages/airflow/example_dags/example_subdag_operator.py took 0.194 seconds
[2025-04-13T19:26:19.597+0000] {processor.py:161} INFO - Started process (PID=15300) to work on /home/airflow/.local/lib/python3.8/site-packages/airflow/example_dags/example_subdag_operator.py
[2025-04-13T19:26:19.598+0000] {processor.py:830} INFO - Processing file /home/airflow/.local/lib/python3.8/site-packages/airflow/example_dags/example_subdag_operator.py for tasks to queue
[2025-04-13T19:26:19.600+0000] {logging_mixin.py:188} INFO - [2025-04-13T19:26:19.600+0000] {dagbag.py:538} INFO - Filling up the DagBag from /home/airflow/.local/lib/python3.8/site-packages/airflow/example_dags/example_subdag_operator.py
[2025-04-13T19:26:19.624+0000] {processor.py:840} INFO - DAG(s) 'example_subdag_operator.section-1', 'example_subdag_operator.section-2', 'example_subdag_operator' retrieved from /home/airflow/.local/lib/python3.8/site-packages/airflow/example_dags/example_subdag_operator.py
[2025-04-13T19:26:19.641+0000] {logging_mixin.py:188} INFO - [2025-04-13T19:26:19.641+0000] {dag.py:3036} INFO - Sync 3 DAGs
[2025-04-13T19:26:19.663+0000] {logging_mixin.py:188} INFO - [2025-04-13T19:26:19.663+0000] {dag.py:3823} INFO - Setting next_dagrun for example_subdag_operator to 2022-01-01 00:00:00+00:00, run_after=2022-01-01 00:00:00+00:00
[2025-04-13T19:26:19.667+0000] {logging_mixin.py:188} INFO - [2025-04-13T19:26:19.667+0000] {dag.py:3823} INFO - Setting next_dagrun for example_subdag_operator.section-1 to None, run_after=None
[2025-04-13T19:26:19.669+0000] {logging_mixin.py:188} INFO - [2025-04-13T19:26:19.669+0000] {dag.py:3823} INFO - Setting next_dagrun for example_subdag_operator.section-2 to None, run_after=None
[2025-04-13T19:26:19.677+0000] {logging_mixin.py:188} INFO - [2025-04-13T19:26:19.677+0000] {dag.py:3036} INFO - Sync 2 DAGs
[2025-04-13T19:26:19.683+0000] {logging_mixin.py:188} INFO - [2025-04-13T19:26:19.682+0000] {dag.py:3823} INFO - Setting next_dagrun for example_subdag_operator.section-1 to None, run_after=None
[2025-04-13T19:26:19.683+0000] {logging_mixin.py:188} INFO - [2025-04-13T19:26:19.683+0000] {dag.py:3823} INFO - Setting next_dagrun for example_subdag_operator.section-2 to None, run_after=None
[2025-04-13T19:26:19.698+0000] {processor.py:183} INFO - Processing /home/airflow/.local/lib/python3.8/site-packages/airflow/example_dags/example_subdag_operator.py took 0.104 seconds
[2025-04-13T19:26:52.844+0000] {processor.py:161} INFO - Started process (PID=15356) to work on /home/airflow/.local/lib/python3.8/site-packages/airflow/example_dags/example_subdag_operator.py
[2025-04-13T19:26:52.845+0000] {processor.py:830} INFO - Processing file /home/airflow/.local/lib/python3.8/site-packages/airflow/example_dags/example_subdag_operator.py for tasks to queue
[2025-04-13T19:26:52.847+0000] {logging_mixin.py:188} INFO - [2025-04-13T19:26:52.847+0000] {dagbag.py:538} INFO - Filling up the DagBag from /home/airflow/.local/lib/python3.8/site-packages/airflow/example_dags/example_subdag_operator.py
[2025-04-13T19:26:52.872+0000] {processor.py:840} INFO - DAG(s) 'example_subdag_operator.section-1', 'example_subdag_operator.section-2', 'example_subdag_operator' retrieved from /home/airflow/.local/lib/python3.8/site-packages/airflow/example_dags/example_subdag_operator.py
[2025-04-13T19:26:52.891+0000] {logging_mixin.py:188} INFO - [2025-04-13T19:26:52.891+0000] {dag.py:3036} INFO - Sync 3 DAGs
[2025-04-13T19:26:52.918+0000] {logging_mixin.py:188} INFO - [2025-04-13T19:26:52.918+0000] {dag.py:3823} INFO - Setting next_dagrun for example_subdag_operator to 2022-01-01 00:00:00+00:00, run_after=2022-01-01 00:00:00+00:00
[2025-04-13T19:26:52.923+0000] {logging_mixin.py:188} INFO - [2025-04-13T19:26:52.923+0000] {dag.py:3823} INFO - Setting next_dagrun for example_subdag_operator.section-1 to None, run_after=None
[2025-04-13T19:26:52.925+0000] {logging_mixin.py:188} INFO - [2025-04-13T19:26:52.925+0000] {dag.py:3823} INFO - Setting next_dagrun for example_subdag_operator.section-2 to None, run_after=None
[2025-04-13T19:26:52.933+0000] {logging_mixin.py:188} INFO - [2025-04-13T19:26:52.932+0000] {dag.py:3036} INFO - Sync 2 DAGs
[2025-04-13T19:26:52.939+0000] {logging_mixin.py:188} INFO - [2025-04-13T19:26:52.939+0000] {dag.py:3823} INFO - Setting next_dagrun for example_subdag_operator.section-1 to None, run_after=None
[2025-04-13T19:26:52.940+0000] {logging_mixin.py:188} INFO - [2025-04-13T19:26:52.940+0000] {dag.py:3823} INFO - Setting next_dagrun for example_subdag_operator.section-2 to None, run_after=None
[2025-04-13T19:26:52.954+0000] {processor.py:183} INFO - Processing /home/airflow/.local/lib/python3.8/site-packages/airflow/example_dags/example_subdag_operator.py took 0.114 seconds
[2025-04-13T19:27:25.971+0000] {processor.py:161} INFO - Started process (PID=15413) to work on /home/airflow/.local/lib/python3.8/site-packages/airflow/example_dags/example_subdag_operator.py
[2025-04-13T19:27:25.973+0000] {processor.py:830} INFO - Processing file /home/airflow/.local/lib/python3.8/site-packages/airflow/example_dags/example_subdag_operator.py for tasks to queue
[2025-04-13T19:27:25.975+0000] {logging_mixin.py:188} INFO - [2025-04-13T19:27:25.974+0000] {dagbag.py:538} INFO - Filling up the DagBag from /home/airflow/.local/lib/python3.8/site-packages/airflow/example_dags/example_subdag_operator.py
[2025-04-13T19:27:26.005+0000] {processor.py:840} INFO - DAG(s) 'example_subdag_operator.section-1', 'example_subdag_operator.section-2', 'example_subdag_operator' retrieved from /home/airflow/.local/lib/python3.8/site-packages/airflow/example_dags/example_subdag_operator.py
[2025-04-13T19:27:26.037+0000] {logging_mixin.py:188} INFO - [2025-04-13T19:27:26.037+0000] {dag.py:3036} INFO - Sync 3 DAGs
[2025-04-13T19:27:26.067+0000] {logging_mixin.py:188} INFO - [2025-04-13T19:27:26.067+0000] {dag.py:3823} INFO - Setting next_dagrun for example_subdag_operator to 2022-01-01 00:00:00+00:00, run_after=2022-01-01 00:00:00+00:00
[2025-04-13T19:27:26.077+0000] {logging_mixin.py:188} INFO - [2025-04-13T19:27:26.076+0000] {dag.py:3823} INFO - Setting next_dagrun for example_subdag_operator.section-1 to None, run_after=None
[2025-04-13T19:27:26.079+0000] {logging_mixin.py:188} INFO - [2025-04-13T19:27:26.079+0000] {dag.py:3823} INFO - Setting next_dagrun for example_subdag_operator.section-2 to None, run_after=None
[2025-04-13T19:27:26.087+0000] {logging_mixin.py:188} INFO - [2025-04-13T19:27:26.087+0000] {dag.py:3036} INFO - Sync 2 DAGs
[2025-04-13T19:27:26.094+0000] {logging_mixin.py:188} INFO - [2025-04-13T19:27:26.094+0000] {dag.py:3823} INFO - Setting next_dagrun for example_subdag_operator.section-1 to None, run_after=None
[2025-04-13T19:27:26.095+0000] {logging_mixin.py:188} INFO - [2025-04-13T19:27:26.094+0000] {dag.py:3823} INFO - Setting next_dagrun for example_subdag_operator.section-2 to None, run_after=None
[2025-04-13T19:27:26.109+0000] {processor.py:183} INFO - Processing /home/airflow/.local/lib/python3.8/site-packages/airflow/example_dags/example_subdag_operator.py took 0.140 seconds
[2025-04-13T19:27:59.022+0000] {processor.py:161} INFO - Started process (PID=15469) to work on /home/airflow/.local/lib/python3.8/site-packages/airflow/example_dags/example_subdag_operator.py
[2025-04-13T19:27:59.024+0000] {processor.py:830} INFO - Processing file /home/airflow/.local/lib/python3.8/site-packages/airflow/example_dags/example_subdag_operator.py for tasks to queue
[2025-04-13T19:27:59.026+0000] {logging_mixin.py:188} INFO - [2025-04-13T19:27:59.025+0000] {dagbag.py:538} INFO - Filling up the DagBag from /home/airflow/.local/lib/python3.8/site-packages/airflow/example_dags/example_subdag_operator.py
[2025-04-13T19:27:59.056+0000] {processor.py:840} INFO - DAG(s) 'example_subdag_operator.section-1', 'example_subdag_operator.section-2', 'example_subdag_operator' retrieved from /home/airflow/.local/lib/python3.8/site-packages/airflow/example_dags/example_subdag_operator.py
[2025-04-13T19:27:59.075+0000] {logging_mixin.py:188} INFO - [2025-04-13T19:27:59.075+0000] {dag.py:3036} INFO - Sync 3 DAGs
[2025-04-13T19:27:59.105+0000] {logging_mixin.py:188} INFO - [2025-04-13T19:27:59.104+0000] {dag.py:3823} INFO - Setting next_dagrun for example_subdag_operator to 2022-01-01 00:00:00+00:00, run_after=2022-01-01 00:00:00+00:00
[2025-04-13T19:27:59.109+0000] {logging_mixin.py:188} INFO - [2025-04-13T19:27:59.109+0000] {dag.py:3823} INFO - Setting next_dagrun for example_subdag_operator.section-1 to None, run_after=None
[2025-04-13T19:27:59.112+0000] {logging_mixin.py:188} INFO - [2025-04-13T19:27:59.111+0000] {dag.py:3823} INFO - Setting next_dagrun for example_subdag_operator.section-2 to None, run_after=None
[2025-04-13T19:27:59.120+0000] {logging_mixin.py:188} INFO - [2025-04-13T19:27:59.119+0000] {dag.py:3036} INFO - Sync 2 DAGs
[2025-04-13T19:27:59.126+0000] {logging_mixin.py:188} INFO - [2025-04-13T19:27:59.126+0000] {dag.py:3823} INFO - Setting next_dagrun for example_subdag_operator.section-1 to None, run_after=None
[2025-04-13T19:27:59.127+0000] {logging_mixin.py:188} INFO - [2025-04-13T19:27:59.127+0000] {dag.py:3823} INFO - Setting next_dagrun for example_subdag_operator.section-2 to None, run_after=None
[2025-04-13T19:27:59.141+0000] {processor.py:183} INFO - Processing /home/airflow/.local/lib/python3.8/site-packages/airflow/example_dags/example_subdag_operator.py took 0.123 seconds
[2025-04-13T19:28:36.778+0000] {processor.py:161} INFO - Started process (PID=15525) to work on /home/airflow/.local/lib/python3.8/site-packages/airflow/example_dags/example_subdag_operator.py
[2025-04-13T19:28:36.813+0000] {processor.py:830} INFO - Processing file /home/airflow/.local/lib/python3.8/site-packages/airflow/example_dags/example_subdag_operator.py for tasks to queue
[2025-04-13T19:28:36.827+0000] {logging_mixin.py:188} INFO - [2025-04-13T19:28:36.826+0000] {dagbag.py:538} INFO - Filling up the DagBag from /home/airflow/.local/lib/python3.8/site-packages/airflow/example_dags/example_subdag_operator.py
[2025-04-13T19:28:36.887+0000] {processor.py:840} INFO - DAG(s) 'example_subdag_operator.section-1', 'example_subdag_operator.section-2', 'example_subdag_operator' retrieved from /home/airflow/.local/lib/python3.8/site-packages/airflow/example_dags/example_subdag_operator.py
[2025-04-13T19:28:37.007+0000] {logging_mixin.py:188} INFO - [2025-04-13T19:28:37.006+0000] {dag.py:3036} INFO - Sync 3 DAGs
[2025-04-13T19:28:37.137+0000] {logging_mixin.py:188} INFO - [2025-04-13T19:28:37.137+0000] {dag.py:3823} INFO - Setting next_dagrun for example_subdag_operator to 2022-01-01 00:00:00+00:00, run_after=2022-01-01 00:00:00+00:00
[2025-04-13T19:28:37.151+0000] {logging_mixin.py:188} INFO - [2025-04-13T19:28:37.150+0000] {dag.py:3823} INFO - Setting next_dagrun for example_subdag_operator.section-1 to None, run_after=None
[2025-04-13T19:28:37.162+0000] {logging_mixin.py:188} INFO - [2025-04-13T19:28:37.161+0000] {dag.py:3823} INFO - Setting next_dagrun for example_subdag_operator.section-2 to None, run_after=None
[2025-04-13T19:28:37.192+0000] {logging_mixin.py:188} INFO - [2025-04-13T19:28:37.192+0000] {dag.py:3036} INFO - Sync 2 DAGs
[2025-04-13T19:28:37.208+0000] {logging_mixin.py:188} INFO - [2025-04-13T19:28:37.208+0000] {dag.py:3823} INFO - Setting next_dagrun for example_subdag_operator.section-1 to None, run_after=None
[2025-04-13T19:28:37.218+0000] {logging_mixin.py:188} INFO - [2025-04-13T19:28:37.209+0000] {dag.py:3823} INFO - Setting next_dagrun for example_subdag_operator.section-2 to None, run_after=None
[2025-04-13T19:28:37.315+0000] {processor.py:183} INFO - Processing /home/airflow/.local/lib/python3.8/site-packages/airflow/example_dags/example_subdag_operator.py took 0.541 seconds
[2025-04-13T19:29:09.120+0000] {processor.py:161} INFO - Started process (PID=15581) to work on /home/airflow/.local/lib/python3.8/site-packages/airflow/example_dags/example_subdag_operator.py
[2025-04-13T19:29:09.121+0000] {processor.py:830} INFO - Processing file /home/airflow/.local/lib/python3.8/site-packages/airflow/example_dags/example_subdag_operator.py for tasks to queue
[2025-04-13T19:29:09.123+0000] {logging_mixin.py:188} INFO - [2025-04-13T19:29:09.123+0000] {dagbag.py:538} INFO - Filling up the DagBag from /home/airflow/.local/lib/python3.8/site-packages/airflow/example_dags/example_subdag_operator.py
[2025-04-13T19:29:09.163+0000] {processor.py:840} INFO - DAG(s) 'example_subdag_operator.section-1', 'example_subdag_operator.section-2', 'example_subdag_operator' retrieved from /home/airflow/.local/lib/python3.8/site-packages/airflow/example_dags/example_subdag_operator.py
[2025-04-13T19:29:09.191+0000] {logging_mixin.py:188} INFO - [2025-04-13T19:29:09.191+0000] {dag.py:3036} INFO - Sync 3 DAGs
[2025-04-13T19:29:09.230+0000] {logging_mixin.py:188} INFO - [2025-04-13T19:29:09.230+0000] {dag.py:3823} INFO - Setting next_dagrun for example_subdag_operator to 2022-01-01 00:00:00+00:00, run_after=2022-01-01 00:00:00+00:00
[2025-04-13T19:29:09.235+0000] {logging_mixin.py:188} INFO - [2025-04-13T19:29:09.235+0000] {dag.py:3823} INFO - Setting next_dagrun for example_subdag_operator.section-1 to None, run_after=None
[2025-04-13T19:29:09.240+0000] {logging_mixin.py:188} INFO - [2025-04-13T19:29:09.240+0000] {dag.py:3823} INFO - Setting next_dagrun for example_subdag_operator.section-2 to None, run_after=None
[2025-04-13T19:29:09.253+0000] {logging_mixin.py:188} INFO - [2025-04-13T19:29:09.252+0000] {dag.py:3036} INFO - Sync 2 DAGs
[2025-04-13T19:29:09.275+0000] {logging_mixin.py:188} INFO - [2025-04-13T19:29:09.275+0000] {dag.py:3823} INFO - Setting next_dagrun for example_subdag_operator.section-1 to None, run_after=None
[2025-04-13T19:29:09.277+0000] {logging_mixin.py:188} INFO - [2025-04-13T19:29:09.276+0000] {dag.py:3823} INFO - Setting next_dagrun for example_subdag_operator.section-2 to None, run_after=None
[2025-04-13T19:29:09.299+0000] {processor.py:183} INFO - Processing /home/airflow/.local/lib/python3.8/site-packages/airflow/example_dags/example_subdag_operator.py took 0.188 seconds
[2025-04-13T19:29:40.003+0000] {processor.py:161} INFO - Started process (PID=15637) to work on /home/airflow/.local/lib/python3.8/site-packages/airflow/example_dags/example_subdag_operator.py
[2025-04-13T19:29:40.004+0000] {processor.py:830} INFO - Processing file /home/airflow/.local/lib/python3.8/site-packages/airflow/example_dags/example_subdag_operator.py for tasks to queue
[2025-04-13T19:29:40.006+0000] {logging_mixin.py:188} INFO - [2025-04-13T19:29:40.005+0000] {dagbag.py:538} INFO - Filling up the DagBag from /home/airflow/.local/lib/python3.8/site-packages/airflow/example_dags/example_subdag_operator.py
[2025-04-13T19:29:40.035+0000] {processor.py:840} INFO - DAG(s) 'example_subdag_operator.section-1', 'example_subdag_operator.section-2', 'example_subdag_operator' retrieved from /home/airflow/.local/lib/python3.8/site-packages/airflow/example_dags/example_subdag_operator.py
[2025-04-13T19:29:40.058+0000] {logging_mixin.py:188} INFO - [2025-04-13T19:29:40.057+0000] {dag.py:3036} INFO - Sync 3 DAGs
[2025-04-13T19:29:40.088+0000] {logging_mixin.py:188} INFO - [2025-04-13T19:29:40.088+0000] {dag.py:3823} INFO - Setting next_dagrun for example_subdag_operator to 2022-01-01 00:00:00+00:00, run_after=2022-01-01 00:00:00+00:00
[2025-04-13T19:29:40.093+0000] {logging_mixin.py:188} INFO - [2025-04-13T19:29:40.092+0000] {dag.py:3823} INFO - Setting next_dagrun for example_subdag_operator.section-1 to None, run_after=None
[2025-04-13T19:29:40.094+0000] {logging_mixin.py:188} INFO - [2025-04-13T19:29:40.094+0000] {dag.py:3823} INFO - Setting next_dagrun for example_subdag_operator.section-2 to None, run_after=None
[2025-04-13T19:29:40.104+0000] {logging_mixin.py:188} INFO - [2025-04-13T19:29:40.104+0000] {dag.py:3036} INFO - Sync 2 DAGs
[2025-04-13T19:29:40.112+0000] {logging_mixin.py:188} INFO - [2025-04-13T19:29:40.111+0000] {dag.py:3823} INFO - Setting next_dagrun for example_subdag_operator.section-1 to None, run_after=None
[2025-04-13T19:29:40.112+0000] {logging_mixin.py:188} INFO - [2025-04-13T19:29:40.112+0000] {dag.py:3823} INFO - Setting next_dagrun for example_subdag_operator.section-2 to None, run_after=None
[2025-04-13T19:29:40.128+0000] {processor.py:183} INFO - Processing /home/airflow/.local/lib/python3.8/site-packages/airflow/example_dags/example_subdag_operator.py took 0.129 seconds
[2025-04-13T19:30:13.549+0000] {processor.py:161} INFO - Started process (PID=15693) to work on /home/airflow/.local/lib/python3.8/site-packages/airflow/example_dags/example_subdag_operator.py
[2025-04-13T19:30:13.551+0000] {processor.py:830} INFO - Processing file /home/airflow/.local/lib/python3.8/site-packages/airflow/example_dags/example_subdag_operator.py for tasks to queue
[2025-04-13T19:30:13.553+0000] {logging_mixin.py:188} INFO - [2025-04-13T19:30:13.553+0000] {dagbag.py:538} INFO - Filling up the DagBag from /home/airflow/.local/lib/python3.8/site-packages/airflow/example_dags/example_subdag_operator.py
[2025-04-13T19:30:13.585+0000] {processor.py:840} INFO - DAG(s) 'example_subdag_operator.section-1', 'example_subdag_operator.section-2', 'example_subdag_operator' retrieved from /home/airflow/.local/lib/python3.8/site-packages/airflow/example_dags/example_subdag_operator.py
[2025-04-13T19:30:13.615+0000] {logging_mixin.py:188} INFO - [2025-04-13T19:30:13.615+0000] {dag.py:3036} INFO - Sync 3 DAGs
[2025-04-13T19:30:13.654+0000] {logging_mixin.py:188} INFO - [2025-04-13T19:30:13.654+0000] {dag.py:3823} INFO - Setting next_dagrun for example_subdag_operator to 2022-01-01 00:00:00+00:00, run_after=2022-01-01 00:00:00+00:00
[2025-04-13T19:30:13.666+0000] {logging_mixin.py:188} INFO - [2025-04-13T19:30:13.666+0000] {dag.py:3823} INFO - Setting next_dagrun for example_subdag_operator.section-1 to None, run_after=None
[2025-04-13T19:30:13.670+0000] {logging_mixin.py:188} INFO - [2025-04-13T19:30:13.669+0000] {dag.py:3823} INFO - Setting next_dagrun for example_subdag_operator.section-2 to None, run_after=None
[2025-04-13T19:30:13.683+0000] {logging_mixin.py:188} INFO - [2025-04-13T19:30:13.682+0000] {dag.py:3036} INFO - Sync 2 DAGs
[2025-04-13T19:30:13.692+0000] {logging_mixin.py:188} INFO - [2025-04-13T19:30:13.691+0000] {dag.py:3823} INFO - Setting next_dagrun for example_subdag_operator.section-1 to None, run_after=None
[2025-04-13T19:30:13.693+0000] {logging_mixin.py:188} INFO - [2025-04-13T19:30:13.693+0000] {dag.py:3823} INFO - Setting next_dagrun for example_subdag_operator.section-2 to None, run_after=None
[2025-04-13T19:30:13.713+0000] {processor.py:183} INFO - Processing /home/airflow/.local/lib/python3.8/site-packages/airflow/example_dags/example_subdag_operator.py took 0.167 seconds
[2025-04-13T19:30:46.963+0000] {processor.py:161} INFO - Started process (PID=15749) to work on /home/airflow/.local/lib/python3.8/site-packages/airflow/example_dags/example_subdag_operator.py
[2025-04-13T19:30:46.964+0000] {processor.py:830} INFO - Processing file /home/airflow/.local/lib/python3.8/site-packages/airflow/example_dags/example_subdag_operator.py for tasks to queue
[2025-04-13T19:30:46.967+0000] {logging_mixin.py:188} INFO - [2025-04-13T19:30:46.967+0000] {dagbag.py:538} INFO - Filling up the DagBag from /home/airflow/.local/lib/python3.8/site-packages/airflow/example_dags/example_subdag_operator.py
[2025-04-13T19:30:47.004+0000] {processor.py:840} INFO - DAG(s) 'example_subdag_operator.section-1', 'example_subdag_operator.section-2', 'example_subdag_operator' retrieved from /home/airflow/.local/lib/python3.8/site-packages/airflow/example_dags/example_subdag_operator.py
[2025-04-13T19:30:47.059+0000] {logging_mixin.py:188} INFO - [2025-04-13T19:30:47.058+0000] {dag.py:3036} INFO - Sync 3 DAGs
[2025-04-13T19:30:47.107+0000] {logging_mixin.py:188} INFO - [2025-04-13T19:30:47.104+0000] {dag.py:3823} INFO - Setting next_dagrun for example_subdag_operator to 2022-01-01 00:00:00+00:00, run_after=2022-01-01 00:00:00+00:00
[2025-04-13T19:30:47.114+0000] {logging_mixin.py:188} INFO - [2025-04-13T19:30:47.113+0000] {dag.py:3823} INFO - Setting next_dagrun for example_subdag_operator.section-1 to None, run_after=None
[2025-04-13T19:30:47.117+0000] {logging_mixin.py:188} INFO - [2025-04-13T19:30:47.117+0000] {dag.py:3823} INFO - Setting next_dagrun for example_subdag_operator.section-2 to None, run_after=None
[2025-04-13T19:30:47.134+0000] {logging_mixin.py:188} INFO - [2025-04-13T19:30:47.133+0000] {dag.py:3036} INFO - Sync 2 DAGs
[2025-04-13T19:30:47.145+0000] {logging_mixin.py:188} INFO - [2025-04-13T19:30:47.145+0000] {dag.py:3823} INFO - Setting next_dagrun for example_subdag_operator.section-1 to None, run_after=None
[2025-04-13T19:30:47.147+0000] {logging_mixin.py:188} INFO - [2025-04-13T19:30:47.146+0000] {dag.py:3823} INFO - Setting next_dagrun for example_subdag_operator.section-2 to None, run_after=None
[2025-04-13T19:30:47.203+0000] {processor.py:183} INFO - Processing /home/airflow/.local/lib/python3.8/site-packages/airflow/example_dags/example_subdag_operator.py took 0.245 seconds
[2025-04-13T19:31:20.605+0000] {processor.py:161} INFO - Started process (PID=15805) to work on /home/airflow/.local/lib/python3.8/site-packages/airflow/example_dags/example_subdag_operator.py
[2025-04-13T19:31:20.606+0000] {processor.py:830} INFO - Processing file /home/airflow/.local/lib/python3.8/site-packages/airflow/example_dags/example_subdag_operator.py for tasks to queue
[2025-04-13T19:31:20.608+0000] {logging_mixin.py:188} INFO - [2025-04-13T19:31:20.607+0000] {dagbag.py:538} INFO - Filling up the DagBag from /home/airflow/.local/lib/python3.8/site-packages/airflow/example_dags/example_subdag_operator.py
[2025-04-13T19:31:20.641+0000] {processor.py:840} INFO - DAG(s) 'example_subdag_operator.section-1', 'example_subdag_operator.section-2', 'example_subdag_operator' retrieved from /home/airflow/.local/lib/python3.8/site-packages/airflow/example_dags/example_subdag_operator.py
[2025-04-13T19:31:20.664+0000] {logging_mixin.py:188} INFO - [2025-04-13T19:31:20.664+0000] {dag.py:3036} INFO - Sync 3 DAGs
[2025-04-13T19:31:20.692+0000] {logging_mixin.py:188} INFO - [2025-04-13T19:31:20.691+0000] {dag.py:3823} INFO - Setting next_dagrun for example_subdag_operator to 2022-01-01 00:00:00+00:00, run_after=2022-01-01 00:00:00+00:00
[2025-04-13T19:31:20.697+0000] {logging_mixin.py:188} INFO - [2025-04-13T19:31:20.697+0000] {dag.py:3823} INFO - Setting next_dagrun for example_subdag_operator.section-1 to None, run_after=None
[2025-04-13T19:31:20.699+0000] {logging_mixin.py:188} INFO - [2025-04-13T19:31:20.699+0000] {dag.py:3823} INFO - Setting next_dagrun for example_subdag_operator.section-2 to None, run_after=None
[2025-04-13T19:31:20.708+0000] {logging_mixin.py:188} INFO - [2025-04-13T19:31:20.707+0000] {dag.py:3036} INFO - Sync 2 DAGs
[2025-04-13T19:31:20.714+0000] {logging_mixin.py:188} INFO - [2025-04-13T19:31:20.713+0000] {dag.py:3823} INFO - Setting next_dagrun for example_subdag_operator.section-1 to None, run_after=None
[2025-04-13T19:31:20.714+0000] {logging_mixin.py:188} INFO - [2025-04-13T19:31:20.714+0000] {dag.py:3823} INFO - Setting next_dagrun for example_subdag_operator.section-2 to None, run_after=None
[2025-04-13T19:31:20.728+0000] {processor.py:183} INFO - Processing /home/airflow/.local/lib/python3.8/site-packages/airflow/example_dags/example_subdag_operator.py took 0.130 seconds
[2025-04-13T19:31:54.099+0000] {processor.py:161} INFO - Started process (PID=15861) to work on /home/airflow/.local/lib/python3.8/site-packages/airflow/example_dags/example_subdag_operator.py
[2025-04-13T19:31:54.100+0000] {processor.py:830} INFO - Processing file /home/airflow/.local/lib/python3.8/site-packages/airflow/example_dags/example_subdag_operator.py for tasks to queue
[2025-04-13T19:31:54.102+0000] {logging_mixin.py:188} INFO - [2025-04-13T19:31:54.102+0000] {dagbag.py:538} INFO - Filling up the DagBag from /home/airflow/.local/lib/python3.8/site-packages/airflow/example_dags/example_subdag_operator.py
[2025-04-13T19:31:54.135+0000] {processor.py:840} INFO - DAG(s) 'example_subdag_operator.section-1', 'example_subdag_operator.section-2', 'example_subdag_operator' retrieved from /home/airflow/.local/lib/python3.8/site-packages/airflow/example_dags/example_subdag_operator.py
[2025-04-13T19:31:54.159+0000] {logging_mixin.py:188} INFO - [2025-04-13T19:31:54.158+0000] {dag.py:3036} INFO - Sync 3 DAGs
[2025-04-13T19:31:54.189+0000] {logging_mixin.py:188} INFO - [2025-04-13T19:31:54.188+0000] {dag.py:3823} INFO - Setting next_dagrun for example_subdag_operator to 2022-01-01 00:00:00+00:00, run_after=2022-01-01 00:00:00+00:00
[2025-04-13T19:31:54.198+0000] {logging_mixin.py:188} INFO - [2025-04-13T19:31:54.197+0000] {dag.py:3823} INFO - Setting next_dagrun for example_subdag_operator.section-1 to None, run_after=None
[2025-04-13T19:31:54.202+0000] {logging_mixin.py:188} INFO - [2025-04-13T19:31:54.201+0000] {dag.py:3823} INFO - Setting next_dagrun for example_subdag_operator.section-2 to None, run_after=None
[2025-04-13T19:31:54.216+0000] {logging_mixin.py:188} INFO - [2025-04-13T19:31:54.215+0000] {dag.py:3036} INFO - Sync 2 DAGs
[2025-04-13T19:31:54.226+0000] {logging_mixin.py:188} INFO - [2025-04-13T19:31:54.225+0000] {dag.py:3823} INFO - Setting next_dagrun for example_subdag_operator.section-1 to None, run_after=None
[2025-04-13T19:31:54.227+0000] {logging_mixin.py:188} INFO - [2025-04-13T19:31:54.227+0000] {dag.py:3823} INFO - Setting next_dagrun for example_subdag_operator.section-2 to None, run_after=None
[2025-04-13T19:31:54.268+0000] {processor.py:183} INFO - Processing /home/airflow/.local/lib/python3.8/site-packages/airflow/example_dags/example_subdag_operator.py took 0.173 seconds
[2025-04-13T19:32:26.962+0000] {processor.py:161} INFO - Started process (PID=15916) to work on /home/airflow/.local/lib/python3.8/site-packages/airflow/example_dags/example_subdag_operator.py
[2025-04-13T19:32:26.964+0000] {processor.py:830} INFO - Processing file /home/airflow/.local/lib/python3.8/site-packages/airflow/example_dags/example_subdag_operator.py for tasks to queue
[2025-04-13T19:32:26.966+0000] {logging_mixin.py:188} INFO - [2025-04-13T19:32:26.966+0000] {dagbag.py:538} INFO - Filling up the DagBag from /home/airflow/.local/lib/python3.8/site-packages/airflow/example_dags/example_subdag_operator.py
[2025-04-13T19:32:26.999+0000] {processor.py:840} INFO - DAG(s) 'example_subdag_operator.section-1', 'example_subdag_operator.section-2', 'example_subdag_operator' retrieved from /home/airflow/.local/lib/python3.8/site-packages/airflow/example_dags/example_subdag_operator.py
[2025-04-13T19:32:27.021+0000] {logging_mixin.py:188} INFO - [2025-04-13T19:32:27.020+0000] {dag.py:3036} INFO - Sync 3 DAGs
[2025-04-13T19:32:27.049+0000] {logging_mixin.py:188} INFO - [2025-04-13T19:32:27.049+0000] {dag.py:3823} INFO - Setting next_dagrun for example_subdag_operator to 2022-01-01 00:00:00+00:00, run_after=2022-01-01 00:00:00+00:00
[2025-04-13T19:32:27.056+0000] {logging_mixin.py:188} INFO - [2025-04-13T19:32:27.056+0000] {dag.py:3823} INFO - Setting next_dagrun for example_subdag_operator.section-1 to None, run_after=None
[2025-04-13T19:32:27.062+0000] {logging_mixin.py:188} INFO - [2025-04-13T19:32:27.062+0000] {dag.py:3823} INFO - Setting next_dagrun for example_subdag_operator.section-2 to None, run_after=None
[2025-04-13T19:32:27.074+0000] {logging_mixin.py:188} INFO - [2025-04-13T19:32:27.074+0000] {dag.py:3036} INFO - Sync 2 DAGs
[2025-04-13T19:32:27.082+0000] {logging_mixin.py:188} INFO - [2025-04-13T19:32:27.081+0000] {dag.py:3823} INFO - Setting next_dagrun for example_subdag_operator.section-1 to None, run_after=None
[2025-04-13T19:32:27.082+0000] {logging_mixin.py:188} INFO - [2025-04-13T19:32:27.082+0000] {dag.py:3823} INFO - Setting next_dagrun for example_subdag_operator.section-2 to None, run_after=None
[2025-04-13T19:32:27.098+0000] {processor.py:183} INFO - Processing /home/airflow/.local/lib/python3.8/site-packages/airflow/example_dags/example_subdag_operator.py took 0.141 seconds
[2025-04-13T19:33:00.097+0000] {processor.py:161} INFO - Started process (PID=15972) to work on /home/airflow/.local/lib/python3.8/site-packages/airflow/example_dags/example_subdag_operator.py
[2025-04-13T19:33:00.098+0000] {processor.py:830} INFO - Processing file /home/airflow/.local/lib/python3.8/site-packages/airflow/example_dags/example_subdag_operator.py for tasks to queue
[2025-04-13T19:33:00.102+0000] {logging_mixin.py:188} INFO - [2025-04-13T19:33:00.102+0000] {dagbag.py:538} INFO - Filling up the DagBag from /home/airflow/.local/lib/python3.8/site-packages/airflow/example_dags/example_subdag_operator.py
[2025-04-13T19:33:00.135+0000] {processor.py:840} INFO - DAG(s) 'example_subdag_operator.section-1', 'example_subdag_operator.section-2', 'example_subdag_operator' retrieved from /home/airflow/.local/lib/python3.8/site-packages/airflow/example_dags/example_subdag_operator.py
[2025-04-13T19:33:00.163+0000] {logging_mixin.py:188} INFO - [2025-04-13T19:33:00.163+0000] {dag.py:3036} INFO - Sync 3 DAGs
[2025-04-13T19:33:00.214+0000] {logging_mixin.py:188} INFO - [2025-04-13T19:33:00.214+0000] {dag.py:3823} INFO - Setting next_dagrun for example_subdag_operator to 2022-01-01 00:00:00+00:00, run_after=2022-01-01 00:00:00+00:00
[2025-04-13T19:33:00.219+0000] {logging_mixin.py:188} INFO - [2025-04-13T19:33:00.219+0000] {dag.py:3823} INFO - Setting next_dagrun for example_subdag_operator.section-1 to None, run_after=None
[2025-04-13T19:33:00.222+0000] {logging_mixin.py:188} INFO - [2025-04-13T19:33:00.221+0000] {dag.py:3823} INFO - Setting next_dagrun for example_subdag_operator.section-2 to None, run_after=None
[2025-04-13T19:33:00.234+0000] {logging_mixin.py:188} INFO - [2025-04-13T19:33:00.234+0000] {dag.py:3036} INFO - Sync 2 DAGs
[2025-04-13T19:33:00.245+0000] {logging_mixin.py:188} INFO - [2025-04-13T19:33:00.245+0000] {dag.py:3823} INFO - Setting next_dagrun for example_subdag_operator.section-1 to None, run_after=None
[2025-04-13T19:33:00.246+0000] {logging_mixin.py:188} INFO - [2025-04-13T19:33:00.246+0000] {dag.py:3823} INFO - Setting next_dagrun for example_subdag_operator.section-2 to None, run_after=None
[2025-04-13T19:33:00.269+0000] {processor.py:183} INFO - Processing /home/airflow/.local/lib/python3.8/site-packages/airflow/example_dags/example_subdag_operator.py took 0.175 seconds
[2025-04-13T19:33:33.728+0000] {processor.py:161} INFO - Started process (PID=16030) to work on /home/airflow/.local/lib/python3.8/site-packages/airflow/example_dags/example_subdag_operator.py
[2025-04-13T19:33:33.729+0000] {processor.py:830} INFO - Processing file /home/airflow/.local/lib/python3.8/site-packages/airflow/example_dags/example_subdag_operator.py for tasks to queue
[2025-04-13T19:33:33.732+0000] {logging_mixin.py:188} INFO - [2025-04-13T19:33:33.732+0000] {dagbag.py:538} INFO - Filling up the DagBag from /home/airflow/.local/lib/python3.8/site-packages/airflow/example_dags/example_subdag_operator.py
[2025-04-13T19:33:33.763+0000] {processor.py:840} INFO - DAG(s) 'example_subdag_operator.section-1', 'example_subdag_operator.section-2', 'example_subdag_operator' retrieved from /home/airflow/.local/lib/python3.8/site-packages/airflow/example_dags/example_subdag_operator.py
[2025-04-13T19:33:33.789+0000] {logging_mixin.py:188} INFO - [2025-04-13T19:33:33.788+0000] {dag.py:3036} INFO - Sync 3 DAGs
[2025-04-13T19:33:33.821+0000] {logging_mixin.py:188} INFO - [2025-04-13T19:33:33.820+0000] {dag.py:3823} INFO - Setting next_dagrun for example_subdag_operator to 2022-01-01 00:00:00+00:00, run_after=2022-01-01 00:00:00+00:00
[2025-04-13T19:33:33.826+0000] {logging_mixin.py:188} INFO - [2025-04-13T19:33:33.825+0000] {dag.py:3823} INFO - Setting next_dagrun for example_subdag_operator.section-1 to None, run_after=None
[2025-04-13T19:33:33.828+0000] {logging_mixin.py:188} INFO - [2025-04-13T19:33:33.828+0000] {dag.py:3823} INFO - Setting next_dagrun for example_subdag_operator.section-2 to None, run_after=None
[2025-04-13T19:33:33.839+0000] {logging_mixin.py:188} INFO - [2025-04-13T19:33:33.839+0000] {dag.py:3036} INFO - Sync 2 DAGs
[2025-04-13T19:33:33.846+0000] {logging_mixin.py:188} INFO - [2025-04-13T19:33:33.846+0000] {dag.py:3823} INFO - Setting next_dagrun for example_subdag_operator.section-1 to None, run_after=None
[2025-04-13T19:33:33.847+0000] {logging_mixin.py:188} INFO - [2025-04-13T19:33:33.847+0000] {dag.py:3823} INFO - Setting next_dagrun for example_subdag_operator.section-2 to None, run_after=None
[2025-04-13T19:33:33.863+0000] {processor.py:183} INFO - Processing /home/airflow/.local/lib/python3.8/site-packages/airflow/example_dags/example_subdag_operator.py took 0.139 seconds
[2025-04-13T19:34:08.204+0000] {processor.py:161} INFO - Started process (PID=16093) to work on /home/airflow/.local/lib/python3.8/site-packages/airflow/example_dags/example_subdag_operator.py
[2025-04-13T19:34:08.205+0000] {processor.py:830} INFO - Processing file /home/airflow/.local/lib/python3.8/site-packages/airflow/example_dags/example_subdag_operator.py for tasks to queue
[2025-04-13T19:34:08.207+0000] {logging_mixin.py:188} INFO - [2025-04-13T19:34:08.207+0000] {dagbag.py:538} INFO - Filling up the DagBag from /home/airflow/.local/lib/python3.8/site-packages/airflow/example_dags/example_subdag_operator.py
[2025-04-13T19:34:08.236+0000] {processor.py:840} INFO - DAG(s) 'example_subdag_operator.section-1', 'example_subdag_operator.section-2', 'example_subdag_operator' retrieved from /home/airflow/.local/lib/python3.8/site-packages/airflow/example_dags/example_subdag_operator.py
[2025-04-13T19:34:08.256+0000] {logging_mixin.py:188} INFO - [2025-04-13T19:34:08.256+0000] {dag.py:3036} INFO - Sync 3 DAGs
[2025-04-13T19:34:08.285+0000] {logging_mixin.py:188} INFO - [2025-04-13T19:34:08.285+0000] {dag.py:3823} INFO - Setting next_dagrun for example_subdag_operator to 2022-01-01 00:00:00+00:00, run_after=2022-01-01 00:00:00+00:00
[2025-04-13T19:34:08.289+0000] {logging_mixin.py:188} INFO - [2025-04-13T19:34:08.289+0000] {dag.py:3823} INFO - Setting next_dagrun for example_subdag_operator.section-1 to None, run_after=None
[2025-04-13T19:34:08.291+0000] {logging_mixin.py:188} INFO - [2025-04-13T19:34:08.291+0000] {dag.py:3823} INFO - Setting next_dagrun for example_subdag_operator.section-2 to None, run_after=None
[2025-04-13T19:34:08.299+0000] {logging_mixin.py:188} INFO - [2025-04-13T19:34:08.298+0000] {dag.py:3036} INFO - Sync 2 DAGs
[2025-04-13T19:34:08.306+0000] {logging_mixin.py:188} INFO - [2025-04-13T19:34:08.305+0000] {dag.py:3823} INFO - Setting next_dagrun for example_subdag_operator.section-1 to None, run_after=None
[2025-04-13T19:34:08.310+0000] {logging_mixin.py:188} INFO - [2025-04-13T19:34:08.310+0000] {dag.py:3823} INFO - Setting next_dagrun for example_subdag_operator.section-2 to None, run_after=None
[2025-04-13T19:34:08.326+0000] {processor.py:183} INFO - Processing /home/airflow/.local/lib/python3.8/site-packages/airflow/example_dags/example_subdag_operator.py took 0.126 seconds
[2025-04-13T19:34:41.666+0000] {processor.py:161} INFO - Started process (PID=16149) to work on /home/airflow/.local/lib/python3.8/site-packages/airflow/example_dags/example_subdag_operator.py
[2025-04-13T19:34:41.668+0000] {processor.py:830} INFO - Processing file /home/airflow/.local/lib/python3.8/site-packages/airflow/example_dags/example_subdag_operator.py for tasks to queue
[2025-04-13T19:34:41.670+0000] {logging_mixin.py:188} INFO - [2025-04-13T19:34:41.669+0000] {dagbag.py:538} INFO - Filling up the DagBag from /home/airflow/.local/lib/python3.8/site-packages/airflow/example_dags/example_subdag_operator.py
[2025-04-13T19:34:41.698+0000] {processor.py:840} INFO - DAG(s) 'example_subdag_operator.section-1', 'example_subdag_operator.section-2', 'example_subdag_operator' retrieved from /home/airflow/.local/lib/python3.8/site-packages/airflow/example_dags/example_subdag_operator.py
[2025-04-13T19:34:41.716+0000] {logging_mixin.py:188} INFO - [2025-04-13T19:34:41.716+0000] {dag.py:3036} INFO - Sync 3 DAGs
[2025-04-13T19:34:41.744+0000] {logging_mixin.py:188} INFO - [2025-04-13T19:34:41.744+0000] {dag.py:3823} INFO - Setting next_dagrun for example_subdag_operator to 2022-01-01 00:00:00+00:00, run_after=2022-01-01 00:00:00+00:00
[2025-04-13T19:34:41.749+0000] {logging_mixin.py:188} INFO - [2025-04-13T19:34:41.749+0000] {dag.py:3823} INFO - Setting next_dagrun for example_subdag_operator.section-1 to None, run_after=None
[2025-04-13T19:34:41.751+0000] {logging_mixin.py:188} INFO - [2025-04-13T19:34:41.750+0000] {dag.py:3823} INFO - Setting next_dagrun for example_subdag_operator.section-2 to None, run_after=None
[2025-04-13T19:34:41.760+0000] {logging_mixin.py:188} INFO - [2025-04-13T19:34:41.760+0000] {dag.py:3036} INFO - Sync 2 DAGs
[2025-04-13T19:34:41.766+0000] {logging_mixin.py:188} INFO - [2025-04-13T19:34:41.766+0000] {dag.py:3823} INFO - Setting next_dagrun for example_subdag_operator.section-1 to None, run_after=None
[2025-04-13T19:34:41.767+0000] {logging_mixin.py:188} INFO - [2025-04-13T19:34:41.767+0000] {dag.py:3823} INFO - Setting next_dagrun for example_subdag_operator.section-2 to None, run_after=None
[2025-04-13T19:34:41.782+0000] {processor.py:183} INFO - Processing /home/airflow/.local/lib/python3.8/site-packages/airflow/example_dags/example_subdag_operator.py took 0.121 seconds
[2025-04-13T19:35:14.154+0000] {processor.py:161} INFO - Started process (PID=16205) to work on /home/airflow/.local/lib/python3.8/site-packages/airflow/example_dags/example_subdag_operator.py
[2025-04-13T19:35:14.156+0000] {processor.py:830} INFO - Processing file /home/airflow/.local/lib/python3.8/site-packages/airflow/example_dags/example_subdag_operator.py for tasks to queue
[2025-04-13T19:35:14.158+0000] {logging_mixin.py:188} INFO - [2025-04-13T19:35:14.157+0000] {dagbag.py:538} INFO - Filling up the DagBag from /home/airflow/.local/lib/python3.8/site-packages/airflow/example_dags/example_subdag_operator.py
[2025-04-13T19:35:14.181+0000] {processor.py:840} INFO - DAG(s) 'example_subdag_operator.section-1', 'example_subdag_operator.section-2', 'example_subdag_operator' retrieved from /home/airflow/.local/lib/python3.8/site-packages/airflow/example_dags/example_subdag_operator.py
[2025-04-13T19:35:14.203+0000] {logging_mixin.py:188} INFO - [2025-04-13T19:35:14.203+0000] {dag.py:3036} INFO - Sync 3 DAGs
[2025-04-13T19:35:14.226+0000] {logging_mixin.py:188} INFO - [2025-04-13T19:35:14.226+0000] {dag.py:3823} INFO - Setting next_dagrun for example_subdag_operator to 2022-01-01 00:00:00+00:00, run_after=2022-01-01 00:00:00+00:00
[2025-04-13T19:35:14.231+0000] {logging_mixin.py:188} INFO - [2025-04-13T19:35:14.230+0000] {dag.py:3823} INFO - Setting next_dagrun for example_subdag_operator.section-1 to None, run_after=None
[2025-04-13T19:35:14.232+0000] {logging_mixin.py:188} INFO - [2025-04-13T19:35:14.232+0000] {dag.py:3823} INFO - Setting next_dagrun for example_subdag_operator.section-2 to None, run_after=None
[2025-04-13T19:35:14.240+0000] {logging_mixin.py:188} INFO - [2025-04-13T19:35:14.240+0000] {dag.py:3036} INFO - Sync 2 DAGs
[2025-04-13T19:35:14.246+0000] {logging_mixin.py:188} INFO - [2025-04-13T19:35:14.246+0000] {dag.py:3823} INFO - Setting next_dagrun for example_subdag_operator.section-1 to None, run_after=None
[2025-04-13T19:35:14.247+0000] {logging_mixin.py:188} INFO - [2025-04-13T19:35:14.246+0000] {dag.py:3823} INFO - Setting next_dagrun for example_subdag_operator.section-2 to None, run_after=None
[2025-04-13T19:35:14.261+0000] {processor.py:183} INFO - Processing /home/airflow/.local/lib/python3.8/site-packages/airflow/example_dags/example_subdag_operator.py took 0.111 seconds
[2025-04-13T19:35:49.420+0000] {processor.py:161} INFO - Started process (PID=16267) to work on /home/airflow/.local/lib/python3.8/site-packages/airflow/example_dags/example_subdag_operator.py
[2025-04-13T19:35:49.422+0000] {processor.py:830} INFO - Processing file /home/airflow/.local/lib/python3.8/site-packages/airflow/example_dags/example_subdag_operator.py for tasks to queue
[2025-04-13T19:35:49.427+0000] {logging_mixin.py:188} INFO - [2025-04-13T19:35:49.426+0000] {dagbag.py:538} INFO - Filling up the DagBag from /home/airflow/.local/lib/python3.8/site-packages/airflow/example_dags/example_subdag_operator.py
[2025-04-13T19:35:49.473+0000] {processor.py:840} INFO - DAG(s) 'example_subdag_operator.section-1', 'example_subdag_operator.section-2', 'example_subdag_operator' retrieved from /home/airflow/.local/lib/python3.8/site-packages/airflow/example_dags/example_subdag_operator.py
[2025-04-13T19:35:49.505+0000] {logging_mixin.py:188} INFO - [2025-04-13T19:35:49.504+0000] {dag.py:3036} INFO - Sync 3 DAGs
[2025-04-13T19:35:49.557+0000] {logging_mixin.py:188} INFO - [2025-04-13T19:35:49.556+0000] {dag.py:3823} INFO - Setting next_dagrun for example_subdag_operator to 2022-01-01 00:00:00+00:00, run_after=2022-01-01 00:00:00+00:00
[2025-04-13T19:35:49.564+0000] {logging_mixin.py:188} INFO - [2025-04-13T19:35:49.563+0000] {dag.py:3823} INFO - Setting next_dagrun for example_subdag_operator.section-1 to None, run_after=None
[2025-04-13T19:35:49.567+0000] {logging_mixin.py:188} INFO - [2025-04-13T19:35:49.566+0000] {dag.py:3823} INFO - Setting next_dagrun for example_subdag_operator.section-2 to None, run_after=None
[2025-04-13T19:35:49.582+0000] {logging_mixin.py:188} INFO - [2025-04-13T19:35:49.581+0000] {dag.py:3036} INFO - Sync 2 DAGs
[2025-04-13T19:35:49.605+0000] {logging_mixin.py:188} INFO - [2025-04-13T19:35:49.605+0000] {dag.py:3823} INFO - Setting next_dagrun for example_subdag_operator.section-1 to None, run_after=None
[2025-04-13T19:35:49.607+0000] {logging_mixin.py:188} INFO - [2025-04-13T19:35:49.607+0000] {dag.py:3823} INFO - Setting next_dagrun for example_subdag_operator.section-2 to None, run_after=None
[2025-04-13T19:35:49.640+0000] {processor.py:183} INFO - Processing /home/airflow/.local/lib/python3.8/site-packages/airflow/example_dags/example_subdag_operator.py took 0.224 seconds
[2025-04-13T19:36:21.435+0000] {processor.py:161} INFO - Started process (PID=16323) to work on /home/airflow/.local/lib/python3.8/site-packages/airflow/example_dags/example_subdag_operator.py
[2025-04-13T19:36:21.436+0000] {processor.py:830} INFO - Processing file /home/airflow/.local/lib/python3.8/site-packages/airflow/example_dags/example_subdag_operator.py for tasks to queue
[2025-04-13T19:36:21.438+0000] {logging_mixin.py:188} INFO - [2025-04-13T19:36:21.438+0000] {dagbag.py:538} INFO - Filling up the DagBag from /home/airflow/.local/lib/python3.8/site-packages/airflow/example_dags/example_subdag_operator.py
[2025-04-13T19:36:21.475+0000] {processor.py:840} INFO - DAG(s) 'example_subdag_operator.section-1', 'example_subdag_operator.section-2', 'example_subdag_operator' retrieved from /home/airflow/.local/lib/python3.8/site-packages/airflow/example_dags/example_subdag_operator.py
[2025-04-13T19:36:21.494+0000] {logging_mixin.py:188} INFO - [2025-04-13T19:36:21.494+0000] {dag.py:3036} INFO - Sync 3 DAGs
[2025-04-13T19:36:21.519+0000] {logging_mixin.py:188} INFO - [2025-04-13T19:36:21.518+0000] {dag.py:3823} INFO - Setting next_dagrun for example_subdag_operator to 2022-01-01 00:00:00+00:00, run_after=2022-01-01 00:00:00+00:00
[2025-04-13T19:36:21.523+0000] {logging_mixin.py:188} INFO - [2025-04-13T19:36:21.523+0000] {dag.py:3823} INFO - Setting next_dagrun for example_subdag_operator.section-1 to None, run_after=None
[2025-04-13T19:36:21.526+0000] {logging_mixin.py:188} INFO - [2025-04-13T19:36:21.525+0000] {dag.py:3823} INFO - Setting next_dagrun for example_subdag_operator.section-2 to None, run_after=None
[2025-04-13T19:36:21.535+0000] {logging_mixin.py:188} INFO - [2025-04-13T19:36:21.534+0000] {dag.py:3036} INFO - Sync 2 DAGs
[2025-04-13T19:36:21.541+0000] {logging_mixin.py:188} INFO - [2025-04-13T19:36:21.540+0000] {dag.py:3823} INFO - Setting next_dagrun for example_subdag_operator.section-1 to None, run_after=None
[2025-04-13T19:36:21.542+0000] {logging_mixin.py:188} INFO - [2025-04-13T19:36:21.541+0000] {dag.py:3823} INFO - Setting next_dagrun for example_subdag_operator.section-2 to None, run_after=None
[2025-04-13T19:36:21.556+0000] {processor.py:183} INFO - Processing /home/airflow/.local/lib/python3.8/site-packages/airflow/example_dags/example_subdag_operator.py took 0.124 seconds
[2025-04-13T19:37:05.108+0000] {processor.py:161} INFO - Started process (PID=16379) to work on /home/airflow/.local/lib/python3.8/site-packages/airflow/example_dags/example_subdag_operator.py
[2025-04-13T19:37:05.109+0000] {processor.py:830} INFO - Processing file /home/airflow/.local/lib/python3.8/site-packages/airflow/example_dags/example_subdag_operator.py for tasks to queue
[2025-04-13T19:37:05.115+0000] {logging_mixin.py:188} INFO - [2025-04-13T19:37:05.111+0000] {dagbag.py:538} INFO - Filling up the DagBag from /home/airflow/.local/lib/python3.8/site-packages/airflow/example_dags/example_subdag_operator.py
[2025-04-13T19:37:05.184+0000] {processor.py:840} INFO - DAG(s) 'example_subdag_operator.section-1', 'example_subdag_operator.section-2', 'example_subdag_operator' retrieved from /home/airflow/.local/lib/python3.8/site-packages/airflow/example_dags/example_subdag_operator.py
[2025-04-13T19:37:05.221+0000] {logging_mixin.py:188} INFO - [2025-04-13T19:37:05.221+0000] {dag.py:3036} INFO - Sync 3 DAGs
[2025-04-13T19:37:05.288+0000] {logging_mixin.py:188} INFO - [2025-04-13T19:37:05.287+0000] {dag.py:3823} INFO - Setting next_dagrun for example_subdag_operator to 2022-01-01 00:00:00+00:00, run_after=2022-01-01 00:00:00+00:00
[2025-04-13T19:37:05.312+0000] {logging_mixin.py:188} INFO - [2025-04-13T19:37:05.312+0000] {dag.py:3823} INFO - Setting next_dagrun for example_subdag_operator.section-1 to None, run_after=None
[2025-04-13T19:37:05.314+0000] {logging_mixin.py:188} INFO - [2025-04-13T19:37:05.314+0000] {dag.py:3823} INFO - Setting next_dagrun for example_subdag_operator.section-2 to None, run_after=None
[2025-04-13T19:37:05.329+0000] {logging_mixin.py:188} INFO - [2025-04-13T19:37:05.329+0000] {dag.py:3036} INFO - Sync 2 DAGs
[2025-04-13T19:37:05.348+0000] {logging_mixin.py:188} INFO - [2025-04-13T19:37:05.348+0000] {dag.py:3823} INFO - Setting next_dagrun for example_subdag_operator.section-1 to None, run_after=None
[2025-04-13T19:37:05.350+0000] {logging_mixin.py:188} INFO - [2025-04-13T19:37:05.349+0000] {dag.py:3823} INFO - Setting next_dagrun for example_subdag_operator.section-2 to None, run_after=None
[2025-04-13T19:37:05.399+0000] {processor.py:183} INFO - Processing /home/airflow/.local/lib/python3.8/site-packages/airflow/example_dags/example_subdag_operator.py took 0.295 seconds
[2025-04-13T19:37:35.801+0000] {processor.py:161} INFO - Started process (PID=16435) to work on /home/airflow/.local/lib/python3.8/site-packages/airflow/example_dags/example_subdag_operator.py
[2025-04-13T19:37:35.803+0000] {processor.py:830} INFO - Processing file /home/airflow/.local/lib/python3.8/site-packages/airflow/example_dags/example_subdag_operator.py for tasks to queue
[2025-04-13T19:37:35.806+0000] {logging_mixin.py:188} INFO - [2025-04-13T19:37:35.806+0000] {dagbag.py:538} INFO - Filling up the DagBag from /home/airflow/.local/lib/python3.8/site-packages/airflow/example_dags/example_subdag_operator.py
[2025-04-13T19:37:35.866+0000] {processor.py:840} INFO - DAG(s) 'example_subdag_operator.section-1', 'example_subdag_operator.section-2', 'example_subdag_operator' retrieved from /home/airflow/.local/lib/python3.8/site-packages/airflow/example_dags/example_subdag_operator.py
[2025-04-13T19:37:35.895+0000] {logging_mixin.py:188} INFO - [2025-04-13T19:37:35.895+0000] {dag.py:3036} INFO - Sync 3 DAGs
[2025-04-13T19:37:35.935+0000] {logging_mixin.py:188} INFO - [2025-04-13T19:37:35.934+0000] {dag.py:3823} INFO - Setting next_dagrun for example_subdag_operator to 2022-01-01 00:00:00+00:00, run_after=2022-01-01 00:00:00+00:00
[2025-04-13T19:37:35.940+0000] {logging_mixin.py:188} INFO - [2025-04-13T19:37:35.940+0000] {dag.py:3823} INFO - Setting next_dagrun for example_subdag_operator.section-1 to None, run_after=None
[2025-04-13T19:37:35.943+0000] {logging_mixin.py:188} INFO - [2025-04-13T19:37:35.942+0000] {dag.py:3823} INFO - Setting next_dagrun for example_subdag_operator.section-2 to None, run_after=None
[2025-04-13T19:37:35.956+0000] {logging_mixin.py:188} INFO - [2025-04-13T19:37:35.955+0000] {dag.py:3036} INFO - Sync 2 DAGs
[2025-04-13T19:37:35.971+0000] {logging_mixin.py:188} INFO - [2025-04-13T19:37:35.971+0000] {dag.py:3823} INFO - Setting next_dagrun for example_subdag_operator.section-1 to None, run_after=None
[2025-04-13T19:37:35.978+0000] {logging_mixin.py:188} INFO - [2025-04-13T19:37:35.977+0000] {dag.py:3823} INFO - Setting next_dagrun for example_subdag_operator.section-2 to None, run_after=None
[2025-04-13T19:37:36.005+0000] {processor.py:183} INFO - Processing /home/airflow/.local/lib/python3.8/site-packages/airflow/example_dags/example_subdag_operator.py took 0.208 seconds
[2025-04-13T19:38:06.189+0000] {processor.py:161} INFO - Started process (PID=16491) to work on /home/airflow/.local/lib/python3.8/site-packages/airflow/example_dags/example_subdag_operator.py
[2025-04-13T19:38:06.190+0000] {processor.py:830} INFO - Processing file /home/airflow/.local/lib/python3.8/site-packages/airflow/example_dags/example_subdag_operator.py for tasks to queue
[2025-04-13T19:38:06.193+0000] {logging_mixin.py:188} INFO - [2025-04-13T19:38:06.192+0000] {dagbag.py:538} INFO - Filling up the DagBag from /home/airflow/.local/lib/python3.8/site-packages/airflow/example_dags/example_subdag_operator.py
[2025-04-13T19:38:06.220+0000] {processor.py:840} INFO - DAG(s) 'example_subdag_operator.section-1', 'example_subdag_operator.section-2', 'example_subdag_operator' retrieved from /home/airflow/.local/lib/python3.8/site-packages/airflow/example_dags/example_subdag_operator.py
[2025-04-13T19:38:06.237+0000] {logging_mixin.py:188} INFO - [2025-04-13T19:38:06.237+0000] {dag.py:3036} INFO - Sync 3 DAGs
[2025-04-13T19:38:06.266+0000] {logging_mixin.py:188} INFO - [2025-04-13T19:38:06.266+0000] {dag.py:3823} INFO - Setting next_dagrun for example_subdag_operator to 2022-01-01 00:00:00+00:00, run_after=2022-01-01 00:00:00+00:00
[2025-04-13T19:38:06.273+0000] {logging_mixin.py:188} INFO - [2025-04-13T19:38:06.273+0000] {dag.py:3823} INFO - Setting next_dagrun for example_subdag_operator.section-1 to None, run_after=None
[2025-04-13T19:38:06.276+0000] {logging_mixin.py:188} INFO - [2025-04-13T19:38:06.275+0000] {dag.py:3823} INFO - Setting next_dagrun for example_subdag_operator.section-2 to None, run_after=None
[2025-04-13T19:38:06.288+0000] {logging_mixin.py:188} INFO - [2025-04-13T19:38:06.287+0000] {dag.py:3036} INFO - Sync 2 DAGs
[2025-04-13T19:38:06.297+0000] {logging_mixin.py:188} INFO - [2025-04-13T19:38:06.297+0000] {dag.py:3823} INFO - Setting next_dagrun for example_subdag_operator.section-1 to None, run_after=None
[2025-04-13T19:38:06.298+0000] {logging_mixin.py:188} INFO - [2025-04-13T19:38:06.298+0000] {dag.py:3823} INFO - Setting next_dagrun for example_subdag_operator.section-2 to None, run_after=None
[2025-04-13T19:38:06.318+0000] {processor.py:183} INFO - Processing /home/airflow/.local/lib/python3.8/site-packages/airflow/example_dags/example_subdag_operator.py took 0.132 seconds
[2025-04-13T19:38:37.075+0000] {processor.py:161} INFO - Started process (PID=16547) to work on /home/airflow/.local/lib/python3.8/site-packages/airflow/example_dags/example_subdag_operator.py
[2025-04-13T19:38:37.077+0000] {processor.py:830} INFO - Processing file /home/airflow/.local/lib/python3.8/site-packages/airflow/example_dags/example_subdag_operator.py for tasks to queue
[2025-04-13T19:38:37.079+0000] {logging_mixin.py:188} INFO - [2025-04-13T19:38:37.078+0000] {dagbag.py:538} INFO - Filling up the DagBag from /home/airflow/.local/lib/python3.8/site-packages/airflow/example_dags/example_subdag_operator.py
[2025-04-13T19:38:37.108+0000] {processor.py:840} INFO - DAG(s) 'example_subdag_operator.section-1', 'example_subdag_operator.section-2', 'example_subdag_operator' retrieved from /home/airflow/.local/lib/python3.8/site-packages/airflow/example_dags/example_subdag_operator.py
[2025-04-13T19:38:37.135+0000] {logging_mixin.py:188} INFO - [2025-04-13T19:38:37.134+0000] {dag.py:3036} INFO - Sync 3 DAGs
[2025-04-13T19:38:37.166+0000] {logging_mixin.py:188} INFO - [2025-04-13T19:38:37.166+0000] {dag.py:3823} INFO - Setting next_dagrun for example_subdag_operator to 2022-01-01 00:00:00+00:00, run_after=2022-01-01 00:00:00+00:00
[2025-04-13T19:38:37.306+0000] {logging_mixin.py:188} INFO - [2025-04-13T19:38:37.305+0000] {dag.py:3823} INFO - Setting next_dagrun for example_subdag_operator.section-1 to None, run_after=None
[2025-04-13T19:38:37.308+0000] {logging_mixin.py:188} INFO - [2025-04-13T19:38:37.308+0000] {dag.py:3823} INFO - Setting next_dagrun for example_subdag_operator.section-2 to None, run_after=None
[2025-04-13T19:38:37.319+0000] {logging_mixin.py:188} INFO - [2025-04-13T19:38:37.318+0000] {dag.py:3036} INFO - Sync 2 DAGs
[2025-04-13T19:38:37.326+0000] {logging_mixin.py:188} INFO - [2025-04-13T19:38:37.326+0000] {dag.py:3823} INFO - Setting next_dagrun for example_subdag_operator.section-1 to None, run_after=None
[2025-04-13T19:38:37.327+0000] {logging_mixin.py:188} INFO - [2025-04-13T19:38:37.327+0000] {dag.py:3823} INFO - Setting next_dagrun for example_subdag_operator.section-2 to None, run_after=None
[2025-04-13T19:38:37.350+0000] {processor.py:183} INFO - Processing /home/airflow/.local/lib/python3.8/site-packages/airflow/example_dags/example_subdag_operator.py took 0.279 seconds
[2025-04-13T19:39:09.193+0000] {processor.py:161} INFO - Started process (PID=16603) to work on /home/airflow/.local/lib/python3.8/site-packages/airflow/example_dags/example_subdag_operator.py
[2025-04-13T19:39:09.195+0000] {processor.py:830} INFO - Processing file /home/airflow/.local/lib/python3.8/site-packages/airflow/example_dags/example_subdag_operator.py for tasks to queue
[2025-04-13T19:39:09.198+0000] {logging_mixin.py:188} INFO - [2025-04-13T19:39:09.197+0000] {dagbag.py:538} INFO - Filling up the DagBag from /home/airflow/.local/lib/python3.8/site-packages/airflow/example_dags/example_subdag_operator.py
[2025-04-13T19:39:09.238+0000] {processor.py:840} INFO - DAG(s) 'example_subdag_operator.section-1', 'example_subdag_operator.section-2', 'example_subdag_operator' retrieved from /home/airflow/.local/lib/python3.8/site-packages/airflow/example_dags/example_subdag_operator.py
[2025-04-13T19:39:09.258+0000] {logging_mixin.py:188} INFO - [2025-04-13T19:39:09.257+0000] {dag.py:3036} INFO - Sync 3 DAGs
[2025-04-13T19:39:09.287+0000] {logging_mixin.py:188} INFO - [2025-04-13T19:39:09.286+0000] {dag.py:3823} INFO - Setting next_dagrun for example_subdag_operator to 2022-01-01 00:00:00+00:00, run_after=2022-01-01 00:00:00+00:00
[2025-04-13T19:39:09.292+0000] {logging_mixin.py:188} INFO - [2025-04-13T19:39:09.291+0000] {dag.py:3823} INFO - Setting next_dagrun for example_subdag_operator.section-1 to None, run_after=None
[2025-04-13T19:39:09.293+0000] {logging_mixin.py:188} INFO - [2025-04-13T19:39:09.293+0000] {dag.py:3823} INFO - Setting next_dagrun for example_subdag_operator.section-2 to None, run_after=None
[2025-04-13T19:39:09.306+0000] {logging_mixin.py:188} INFO - [2025-04-13T19:39:09.305+0000] {dag.py:3036} INFO - Sync 2 DAGs
[2025-04-13T19:39:09.312+0000] {logging_mixin.py:188} INFO - [2025-04-13T19:39:09.312+0000] {dag.py:3823} INFO - Setting next_dagrun for example_subdag_operator.section-1 to None, run_after=None
[2025-04-13T19:39:09.314+0000] {logging_mixin.py:188} INFO - [2025-04-13T19:39:09.313+0000] {dag.py:3823} INFO - Setting next_dagrun for example_subdag_operator.section-2 to None, run_after=None
[2025-04-13T19:39:09.329+0000] {processor.py:183} INFO - Processing /home/airflow/.local/lib/python3.8/site-packages/airflow/example_dags/example_subdag_operator.py took 0.140 seconds
[2025-04-13T19:39:44.320+0000] {processor.py:161} INFO - Started process (PID=16659) to work on /home/airflow/.local/lib/python3.8/site-packages/airflow/example_dags/example_subdag_operator.py
[2025-04-13T19:39:44.329+0000] {processor.py:830} INFO - Processing file /home/airflow/.local/lib/python3.8/site-packages/airflow/example_dags/example_subdag_operator.py for tasks to queue
[2025-04-13T19:39:44.333+0000] {logging_mixin.py:188} INFO - [2025-04-13T19:39:44.332+0000] {dagbag.py:538} INFO - Filling up the DagBag from /home/airflow/.local/lib/python3.8/site-packages/airflow/example_dags/example_subdag_operator.py
[2025-04-13T19:39:44.402+0000] {processor.py:840} INFO - DAG(s) 'example_subdag_operator.section-1', 'example_subdag_operator.section-2', 'example_subdag_operator' retrieved from /home/airflow/.local/lib/python3.8/site-packages/airflow/example_dags/example_subdag_operator.py
[2025-04-13T19:39:44.455+0000] {logging_mixin.py:188} INFO - [2025-04-13T19:39:44.455+0000] {dag.py:3036} INFO - Sync 3 DAGs
[2025-04-13T19:39:44.526+0000] {logging_mixin.py:188} INFO - [2025-04-13T19:39:44.525+0000] {dag.py:3823} INFO - Setting next_dagrun for example_subdag_operator to 2022-01-01 00:00:00+00:00, run_after=2022-01-01 00:00:00+00:00
[2025-04-13T19:39:44.533+0000] {logging_mixin.py:188} INFO - [2025-04-13T19:39:44.533+0000] {dag.py:3823} INFO - Setting next_dagrun for example_subdag_operator.section-1 to None, run_after=None
[2025-04-13T19:39:44.537+0000] {logging_mixin.py:188} INFO - [2025-04-13T19:39:44.536+0000] {dag.py:3823} INFO - Setting next_dagrun for example_subdag_operator.section-2 to None, run_after=None
[2025-04-13T19:39:44.562+0000] {logging_mixin.py:188} INFO - [2025-04-13T19:39:44.560+0000] {dag.py:3036} INFO - Sync 2 DAGs
[2025-04-13T19:39:44.579+0000] {logging_mixin.py:188} INFO - [2025-04-13T19:39:44.578+0000] {dag.py:3823} INFO - Setting next_dagrun for example_subdag_operator.section-1 to None, run_after=None
[2025-04-13T19:39:44.585+0000] {logging_mixin.py:188} INFO - [2025-04-13T19:39:44.585+0000] {dag.py:3823} INFO - Setting next_dagrun for example_subdag_operator.section-2 to None, run_after=None
[2025-04-13T19:39:44.613+0000] {processor.py:183} INFO - Processing /home/airflow/.local/lib/python3.8/site-packages/airflow/example_dags/example_subdag_operator.py took 0.302 seconds
