[2025-04-13T14:51:14.602+0000] {processor.py:161} INFO - Started process (PID=67) to work on /home/airflow/.local/lib/python3.8/site-packages/airflow/example_dags/example_branch_operator_decorator.py
[2025-04-13T14:51:14.604+0000] {processor.py:830} INFO - Processing file /home/airflow/.local/lib/python3.8/site-packages/airflow/example_dags/example_branch_operator_decorator.py for tasks to queue
[2025-04-13T14:51:14.606+0000] {logging_mixin.py:188} INFO - [2025-04-13T14:51:14.605+0000] {dagbag.py:538} INFO - Filling up the DagBag from /home/airflow/.local/lib/python3.8/site-packages/airflow/example_dags/example_branch_operator_decorator.py
[2025-04-13T14:51:14.731+0000] {processor.py:840} INFO - DAG(s) 'example_branch_python_operator_decorator' retrieved from /home/airflow/.local/lib/python3.8/site-packages/airflow/example_dags/example_branch_operator_decorator.py
[2025-04-13T14:51:14.915+0000] {logging_mixin.py:188} INFO - [2025-04-13T14:51:14.914+0000] {dag.py:3036} INFO - Sync 1 DAGs
[2025-04-13T14:51:14.951+0000] {logging_mixin.py:188} INFO - [2025-04-13T14:51:14.950+0000] {dag.py:3823} INFO - Setting next_dagrun for example_branch_python_operator_decorator to 2025-04-12 00:00:00+00:00, run_after=2025-04-13 00:00:00+00:00
[2025-04-13T14:51:15.217+0000] {processor.py:183} INFO - Processing /home/airflow/.local/lib/python3.8/site-packages/airflow/example_dags/example_branch_operator_decorator.py took 0.618 seconds
[2025-04-13T14:51:47.067+0000] {processor.py:161} INFO - Started process (PID=122) to work on /home/airflow/.local/lib/python3.8/site-packages/airflow/example_dags/example_branch_operator_decorator.py
[2025-04-13T14:51:47.069+0000] {processor.py:830} INFO - Processing file /home/airflow/.local/lib/python3.8/site-packages/airflow/example_dags/example_branch_operator_decorator.py for tasks to queue
[2025-04-13T14:51:47.073+0000] {logging_mixin.py:188} INFO - [2025-04-13T14:51:47.072+0000] {dagbag.py:538} INFO - Filling up the DagBag from /home/airflow/.local/lib/python3.8/site-packages/airflow/example_dags/example_branch_operator_decorator.py
[2025-04-13T14:51:47.142+0000] {processor.py:840} INFO - DAG(s) 'example_branch_python_operator_decorator' retrieved from /home/airflow/.local/lib/python3.8/site-packages/airflow/example_dags/example_branch_operator_decorator.py
[2025-04-13T14:51:47.376+0000] {logging_mixin.py:188} INFO - [2025-04-13T14:51:47.375+0000] {dag.py:3036} INFO - Sync 1 DAGs
[2025-04-13T14:51:47.462+0000] {logging_mixin.py:188} INFO - [2025-04-13T14:51:47.462+0000] {dag.py:3823} INFO - Setting next_dagrun for example_branch_python_operator_decorator to 2025-04-12 00:00:00+00:00, run_after=2025-04-13 00:00:00+00:00
[2025-04-13T14:51:47.518+0000] {processor.py:183} INFO - Processing /home/airflow/.local/lib/python3.8/site-packages/airflow/example_dags/example_branch_operator_decorator.py took 0.460 seconds
[2025-04-13T14:52:18.328+0000] {processor.py:161} INFO - Started process (PID=177) to work on /home/airflow/.local/lib/python3.8/site-packages/airflow/example_dags/example_branch_operator_decorator.py
[2025-04-13T14:52:18.333+0000] {processor.py:830} INFO - Processing file /home/airflow/.local/lib/python3.8/site-packages/airflow/example_dags/example_branch_operator_decorator.py for tasks to queue
[2025-04-13T14:52:18.341+0000] {logging_mixin.py:188} INFO - [2025-04-13T14:52:18.340+0000] {dagbag.py:538} INFO - Filling up the DagBag from /home/airflow/.local/lib/python3.8/site-packages/airflow/example_dags/example_branch_operator_decorator.py
[2025-04-13T14:52:18.415+0000] {processor.py:840} INFO - DAG(s) 'example_branch_python_operator_decorator' retrieved from /home/airflow/.local/lib/python3.8/site-packages/airflow/example_dags/example_branch_operator_decorator.py
[2025-04-13T14:52:18.491+0000] {logging_mixin.py:188} INFO - [2025-04-13T14:52:18.491+0000] {dag.py:3036} INFO - Sync 1 DAGs
[2025-04-13T14:52:18.571+0000] {logging_mixin.py:188} INFO - [2025-04-13T14:52:18.570+0000] {dag.py:3823} INFO - Setting next_dagrun for example_branch_python_operator_decorator to 2025-04-12 00:00:00+00:00, run_after=2025-04-13 00:00:00+00:00
[2025-04-13T14:52:18.613+0000] {processor.py:183} INFO - Processing /home/airflow/.local/lib/python3.8/site-packages/airflow/example_dags/example_branch_operator_decorator.py took 0.289 seconds
[2025-04-13T14:55:23.639+0000] {processor.py:161} INFO - Started process (PID=69) to work on /home/airflow/.local/lib/python3.8/site-packages/airflow/example_dags/example_branch_operator_decorator.py
[2025-04-13T14:55:23.652+0000] {processor.py:830} INFO - Processing file /home/airflow/.local/lib/python3.8/site-packages/airflow/example_dags/example_branch_operator_decorator.py for tasks to queue
[2025-04-13T14:55:23.656+0000] {logging_mixin.py:188} INFO - [2025-04-13T14:55:23.656+0000] {dagbag.py:538} INFO - Filling up the DagBag from /home/airflow/.local/lib/python3.8/site-packages/airflow/example_dags/example_branch_operator_decorator.py
[2025-04-13T14:55:23.771+0000] {processor.py:840} INFO - DAG(s) 'example_branch_python_operator_decorator' retrieved from /home/airflow/.local/lib/python3.8/site-packages/airflow/example_dags/example_branch_operator_decorator.py
[2025-04-13T14:55:27.105+0000] {logging_mixin.py:188} INFO - [2025-04-13T14:55:27.105+0000] {dag.py:3036} INFO - Sync 1 DAGs
[2025-04-13T14:55:27.391+0000] {logging_mixin.py:188} INFO - [2025-04-13T14:55:27.391+0000] {dag.py:3823} INFO - Setting next_dagrun for example_branch_python_operator_decorator to 2025-04-12 00:00:00+00:00, run_after=2025-04-13 00:00:00+00:00
[2025-04-13T14:55:27.442+0000] {processor.py:183} INFO - Processing /home/airflow/.local/lib/python3.8/site-packages/airflow/example_dags/example_branch_operator_decorator.py took 3.808 seconds
[2025-04-13T14:55:57.791+0000] {processor.py:161} INFO - Started process (PID=124) to work on /home/airflow/.local/lib/python3.8/site-packages/airflow/example_dags/example_branch_operator_decorator.py
[2025-04-13T14:55:57.792+0000] {processor.py:830} INFO - Processing file /home/airflow/.local/lib/python3.8/site-packages/airflow/example_dags/example_branch_operator_decorator.py for tasks to queue
[2025-04-13T14:55:57.795+0000] {logging_mixin.py:188} INFO - [2025-04-13T14:55:57.794+0000] {dagbag.py:538} INFO - Filling up the DagBag from /home/airflow/.local/lib/python3.8/site-packages/airflow/example_dags/example_branch_operator_decorator.py
[2025-04-13T14:55:57.825+0000] {processor.py:840} INFO - DAG(s) 'example_branch_python_operator_decorator' retrieved from /home/airflow/.local/lib/python3.8/site-packages/airflow/example_dags/example_branch_operator_decorator.py
[2025-04-13T14:55:57.861+0000] {logging_mixin.py:188} INFO - [2025-04-13T14:55:57.860+0000] {dag.py:3036} INFO - Sync 1 DAGs
[2025-04-13T14:55:57.893+0000] {logging_mixin.py:188} INFO - [2025-04-13T14:55:57.893+0000] {dag.py:3823} INFO - Setting next_dagrun for example_branch_python_operator_decorator to 2025-04-12 00:00:00+00:00, run_after=2025-04-13 00:00:00+00:00
[2025-04-13T14:55:57.923+0000] {processor.py:183} INFO - Processing /home/airflow/.local/lib/python3.8/site-packages/airflow/example_dags/example_branch_operator_decorator.py took 0.137 seconds
[2025-04-13T14:56:30.269+0000] {processor.py:161} INFO - Started process (PID=179) to work on /home/airflow/.local/lib/python3.8/site-packages/airflow/example_dags/example_branch_operator_decorator.py
[2025-04-13T14:56:30.287+0000] {processor.py:830} INFO - Processing file /home/airflow/.local/lib/python3.8/site-packages/airflow/example_dags/example_branch_operator_decorator.py for tasks to queue
[2025-04-13T14:56:30.299+0000] {logging_mixin.py:188} INFO - [2025-04-13T14:56:30.298+0000] {dagbag.py:538} INFO - Filling up the DagBag from /home/airflow/.local/lib/python3.8/site-packages/airflow/example_dags/example_branch_operator_decorator.py
[2025-04-13T14:56:30.434+0000] {processor.py:840} INFO - DAG(s) 'example_branch_python_operator_decorator' retrieved from /home/airflow/.local/lib/python3.8/site-packages/airflow/example_dags/example_branch_operator_decorator.py
[2025-04-13T14:56:30.586+0000] {logging_mixin.py:188} INFO - [2025-04-13T14:56:30.586+0000] {dag.py:3036} INFO - Sync 1 DAGs
[2025-04-13T14:56:30.664+0000] {logging_mixin.py:188} INFO - [2025-04-13T14:56:30.664+0000] {dag.py:3823} INFO - Setting next_dagrun for example_branch_python_operator_decorator to 2025-04-12 00:00:00+00:00, run_after=2025-04-13 00:00:00+00:00
[2025-04-13T14:56:30.805+0000] {processor.py:183} INFO - Processing /home/airflow/.local/lib/python3.8/site-packages/airflow/example_dags/example_branch_operator_decorator.py took 0.580 seconds
[2025-04-13T14:57:01.356+0000] {processor.py:161} INFO - Started process (PID=234) to work on /home/airflow/.local/lib/python3.8/site-packages/airflow/example_dags/example_branch_operator_decorator.py
[2025-04-13T14:57:01.359+0000] {processor.py:830} INFO - Processing file /home/airflow/.local/lib/python3.8/site-packages/airflow/example_dags/example_branch_operator_decorator.py for tasks to queue
[2025-04-13T14:57:01.403+0000] {logging_mixin.py:188} INFO - [2025-04-13T14:57:01.401+0000] {dagbag.py:538} INFO - Filling up the DagBag from /home/airflow/.local/lib/python3.8/site-packages/airflow/example_dags/example_branch_operator_decorator.py
[2025-04-13T14:57:01.502+0000] {processor.py:840} INFO - DAG(s) 'example_branch_python_operator_decorator' retrieved from /home/airflow/.local/lib/python3.8/site-packages/airflow/example_dags/example_branch_operator_decorator.py
[2025-04-13T14:57:01.617+0000] {logging_mixin.py:188} INFO - [2025-04-13T14:57:01.617+0000] {dag.py:3036} INFO - Sync 1 DAGs
[2025-04-13T14:57:01.725+0000] {logging_mixin.py:188} INFO - [2025-04-13T14:57:01.725+0000] {dag.py:3823} INFO - Setting next_dagrun for example_branch_python_operator_decorator to 2025-04-12 00:00:00+00:00, run_after=2025-04-13 00:00:00+00:00
[2025-04-13T14:57:01.783+0000] {processor.py:183} INFO - Processing /home/airflow/.local/lib/python3.8/site-packages/airflow/example_dags/example_branch_operator_decorator.py took 0.438 seconds
[2025-04-13T14:57:32.291+0000] {processor.py:161} INFO - Started process (PID=289) to work on /home/airflow/.local/lib/python3.8/site-packages/airflow/example_dags/example_branch_operator_decorator.py
[2025-04-13T14:57:32.292+0000] {processor.py:830} INFO - Processing file /home/airflow/.local/lib/python3.8/site-packages/airflow/example_dags/example_branch_operator_decorator.py for tasks to queue
[2025-04-13T14:57:32.294+0000] {logging_mixin.py:188} INFO - [2025-04-13T14:57:32.294+0000] {dagbag.py:538} INFO - Filling up the DagBag from /home/airflow/.local/lib/python3.8/site-packages/airflow/example_dags/example_branch_operator_decorator.py
[2025-04-13T14:57:32.326+0000] {processor.py:840} INFO - DAG(s) 'example_branch_python_operator_decorator' retrieved from /home/airflow/.local/lib/python3.8/site-packages/airflow/example_dags/example_branch_operator_decorator.py
[2025-04-13T14:57:32.448+0000] {logging_mixin.py:188} INFO - [2025-04-13T14:57:32.448+0000] {dag.py:3036} INFO - Sync 1 DAGs
[2025-04-13T14:57:32.472+0000] {logging_mixin.py:188} INFO - [2025-04-13T14:57:32.472+0000] {dag.py:3823} INFO - Setting next_dagrun for example_branch_python_operator_decorator to 2025-04-12 00:00:00+00:00, run_after=2025-04-13 00:00:00+00:00
[2025-04-13T14:57:32.499+0000] {processor.py:183} INFO - Processing /home/airflow/.local/lib/python3.8/site-packages/airflow/example_dags/example_branch_operator_decorator.py took 0.212 seconds
[2025-04-13T14:58:03.046+0000] {processor.py:161} INFO - Started process (PID=344) to work on /home/airflow/.local/lib/python3.8/site-packages/airflow/example_dags/example_branch_operator_decorator.py
[2025-04-13T14:58:03.048+0000] {processor.py:830} INFO - Processing file /home/airflow/.local/lib/python3.8/site-packages/airflow/example_dags/example_branch_operator_decorator.py for tasks to queue
[2025-04-13T14:58:03.050+0000] {logging_mixin.py:188} INFO - [2025-04-13T14:58:03.050+0000] {dagbag.py:538} INFO - Filling up the DagBag from /home/airflow/.local/lib/python3.8/site-packages/airflow/example_dags/example_branch_operator_decorator.py
[2025-04-13T14:58:03.093+0000] {processor.py:840} INFO - DAG(s) 'example_branch_python_operator_decorator' retrieved from /home/airflow/.local/lib/python3.8/site-packages/airflow/example_dags/example_branch_operator_decorator.py
[2025-04-13T14:58:03.135+0000] {logging_mixin.py:188} INFO - [2025-04-13T14:58:03.134+0000] {dag.py:3036} INFO - Sync 1 DAGs
[2025-04-13T14:58:03.171+0000] {logging_mixin.py:188} INFO - [2025-04-13T14:58:03.171+0000] {dag.py:3823} INFO - Setting next_dagrun for example_branch_python_operator_decorator to 2025-04-12 00:00:00+00:00, run_after=2025-04-13 00:00:00+00:00
[2025-04-13T14:58:03.203+0000] {processor.py:183} INFO - Processing /home/airflow/.local/lib/python3.8/site-packages/airflow/example_dags/example_branch_operator_decorator.py took 0.160 seconds
[2025-04-13T14:58:33.633+0000] {processor.py:161} INFO - Started process (PID=399) to work on /home/airflow/.local/lib/python3.8/site-packages/airflow/example_dags/example_branch_operator_decorator.py
[2025-04-13T14:58:33.642+0000] {processor.py:830} INFO - Processing file /home/airflow/.local/lib/python3.8/site-packages/airflow/example_dags/example_branch_operator_decorator.py for tasks to queue
[2025-04-13T14:58:33.647+0000] {logging_mixin.py:188} INFO - [2025-04-13T14:58:33.646+0000] {dagbag.py:538} INFO - Filling up the DagBag from /home/airflow/.local/lib/python3.8/site-packages/airflow/example_dags/example_branch_operator_decorator.py
[2025-04-13T14:58:33.749+0000] {processor.py:840} INFO - DAG(s) 'example_branch_python_operator_decorator' retrieved from /home/airflow/.local/lib/python3.8/site-packages/airflow/example_dags/example_branch_operator_decorator.py
[2025-04-13T14:58:33.851+0000] {logging_mixin.py:188} INFO - [2025-04-13T14:58:33.850+0000] {dag.py:3036} INFO - Sync 1 DAGs
[2025-04-13T14:58:33.944+0000] {logging_mixin.py:188} INFO - [2025-04-13T14:58:33.944+0000] {dag.py:3823} INFO - Setting next_dagrun for example_branch_python_operator_decorator to 2025-04-12 00:00:00+00:00, run_after=2025-04-13 00:00:00+00:00
[2025-04-13T14:58:34.024+0000] {processor.py:183} INFO - Processing /home/airflow/.local/lib/python3.8/site-packages/airflow/example_dags/example_branch_operator_decorator.py took 0.398 seconds
[2025-04-13T14:59:04.168+0000] {processor.py:161} INFO - Started process (PID=454) to work on /home/airflow/.local/lib/python3.8/site-packages/airflow/example_dags/example_branch_operator_decorator.py
[2025-04-13T14:59:04.172+0000] {processor.py:830} INFO - Processing file /home/airflow/.local/lib/python3.8/site-packages/airflow/example_dags/example_branch_operator_decorator.py for tasks to queue
[2025-04-13T14:59:04.186+0000] {logging_mixin.py:188} INFO - [2025-04-13T14:59:04.185+0000] {dagbag.py:538} INFO - Filling up the DagBag from /home/airflow/.local/lib/python3.8/site-packages/airflow/example_dags/example_branch_operator_decorator.py
[2025-04-13T14:59:04.339+0000] {processor.py:840} INFO - DAG(s) 'example_branch_python_operator_decorator' retrieved from /home/airflow/.local/lib/python3.8/site-packages/airflow/example_dags/example_branch_operator_decorator.py
[2025-04-13T14:59:04.666+0000] {logging_mixin.py:188} INFO - [2025-04-13T14:59:04.665+0000] {dag.py:3036} INFO - Sync 1 DAGs
[2025-04-13T14:59:04.843+0000] {logging_mixin.py:188} INFO - [2025-04-13T14:59:04.843+0000] {dag.py:3823} INFO - Setting next_dagrun for example_branch_python_operator_decorator to 2025-04-12 00:00:00+00:00, run_after=2025-04-13 00:00:00+00:00
[2025-04-13T14:59:04.970+0000] {processor.py:183} INFO - Processing /home/airflow/.local/lib/python3.8/site-packages/airflow/example_dags/example_branch_operator_decorator.py took 0.830 seconds
[2025-04-13T14:59:35.474+0000] {processor.py:161} INFO - Started process (PID=509) to work on /home/airflow/.local/lib/python3.8/site-packages/airflow/example_dags/example_branch_operator_decorator.py
[2025-04-13T14:59:35.476+0000] {processor.py:830} INFO - Processing file /home/airflow/.local/lib/python3.8/site-packages/airflow/example_dags/example_branch_operator_decorator.py for tasks to queue
[2025-04-13T14:59:35.479+0000] {logging_mixin.py:188} INFO - [2025-04-13T14:59:35.478+0000] {dagbag.py:538} INFO - Filling up the DagBag from /home/airflow/.local/lib/python3.8/site-packages/airflow/example_dags/example_branch_operator_decorator.py
[2025-04-13T14:59:35.578+0000] {processor.py:840} INFO - DAG(s) 'example_branch_python_operator_decorator' retrieved from /home/airflow/.local/lib/python3.8/site-packages/airflow/example_dags/example_branch_operator_decorator.py
[2025-04-13T14:59:35.673+0000] {logging_mixin.py:188} INFO - [2025-04-13T14:59:35.673+0000] {dag.py:3036} INFO - Sync 1 DAGs
[2025-04-13T14:59:35.747+0000] {logging_mixin.py:188} INFO - [2025-04-13T14:59:35.746+0000] {dag.py:3823} INFO - Setting next_dagrun for example_branch_python_operator_decorator to 2025-04-12 00:00:00+00:00, run_after=2025-04-13 00:00:00+00:00
[2025-04-13T14:59:35.817+0000] {processor.py:183} INFO - Processing /home/airflow/.local/lib/python3.8/site-packages/airflow/example_dags/example_branch_operator_decorator.py took 0.352 seconds
[2025-04-13T15:00:05.977+0000] {processor.py:161} INFO - Started process (PID=558) to work on /home/airflow/.local/lib/python3.8/site-packages/airflow/example_dags/example_branch_operator_decorator.py
[2025-04-13T15:00:05.979+0000] {processor.py:830} INFO - Processing file /home/airflow/.local/lib/python3.8/site-packages/airflow/example_dags/example_branch_operator_decorator.py for tasks to queue
[2025-04-13T15:00:05.981+0000] {logging_mixin.py:188} INFO - [2025-04-13T15:00:05.980+0000] {dagbag.py:538} INFO - Filling up the DagBag from /home/airflow/.local/lib/python3.8/site-packages/airflow/example_dags/example_branch_operator_decorator.py
[2025-04-13T15:00:06.009+0000] {processor.py:840} INFO - DAG(s) 'example_branch_python_operator_decorator' retrieved from /home/airflow/.local/lib/python3.8/site-packages/airflow/example_dags/example_branch_operator_decorator.py
[2025-04-13T15:00:06.040+0000] {logging_mixin.py:188} INFO - [2025-04-13T15:00:06.040+0000] {dag.py:3036} INFO - Sync 1 DAGs
[2025-04-13T15:00:06.069+0000] {logging_mixin.py:188} INFO - [2025-04-13T15:00:06.068+0000] {dag.py:3823} INFO - Setting next_dagrun for example_branch_python_operator_decorator to 2025-04-12 00:00:00+00:00, run_after=2025-04-13 00:00:00+00:00
[2025-04-13T15:00:06.090+0000] {processor.py:183} INFO - Processing /home/airflow/.local/lib/python3.8/site-packages/airflow/example_dags/example_branch_operator_decorator.py took 0.116 seconds
[2025-04-13T15:00:36.620+0000] {processor.py:161} INFO - Started process (PID=613) to work on /home/airflow/.local/lib/python3.8/site-packages/airflow/example_dags/example_branch_operator_decorator.py
[2025-04-13T15:00:36.622+0000] {processor.py:830} INFO - Processing file /home/airflow/.local/lib/python3.8/site-packages/airflow/example_dags/example_branch_operator_decorator.py for tasks to queue
[2025-04-13T15:00:36.625+0000] {logging_mixin.py:188} INFO - [2025-04-13T15:00:36.625+0000] {dagbag.py:538} INFO - Filling up the DagBag from /home/airflow/.local/lib/python3.8/site-packages/airflow/example_dags/example_branch_operator_decorator.py
[2025-04-13T15:00:36.650+0000] {processor.py:840} INFO - DAG(s) 'example_branch_python_operator_decorator' retrieved from /home/airflow/.local/lib/python3.8/site-packages/airflow/example_dags/example_branch_operator_decorator.py
[2025-04-13T15:00:36.680+0000] {logging_mixin.py:188} INFO - [2025-04-13T15:00:36.680+0000] {dag.py:3036} INFO - Sync 1 DAGs
[2025-04-13T15:00:36.713+0000] {logging_mixin.py:188} INFO - [2025-04-13T15:00:36.712+0000] {dag.py:3823} INFO - Setting next_dagrun for example_branch_python_operator_decorator to 2025-04-12 00:00:00+00:00, run_after=2025-04-13 00:00:00+00:00
[2025-04-13T15:00:36.738+0000] {processor.py:183} INFO - Processing /home/airflow/.local/lib/python3.8/site-packages/airflow/example_dags/example_branch_operator_decorator.py took 0.121 seconds
[2025-04-13T15:01:06.823+0000] {processor.py:161} INFO - Started process (PID=668) to work on /home/airflow/.local/lib/python3.8/site-packages/airflow/example_dags/example_branch_operator_decorator.py
[2025-04-13T15:01:06.825+0000] {processor.py:830} INFO - Processing file /home/airflow/.local/lib/python3.8/site-packages/airflow/example_dags/example_branch_operator_decorator.py for tasks to queue
[2025-04-13T15:01:06.828+0000] {logging_mixin.py:188} INFO - [2025-04-13T15:01:06.828+0000] {dagbag.py:538} INFO - Filling up the DagBag from /home/airflow/.local/lib/python3.8/site-packages/airflow/example_dags/example_branch_operator_decorator.py
[2025-04-13T15:01:06.864+0000] {processor.py:840} INFO - DAG(s) 'example_branch_python_operator_decorator' retrieved from /home/airflow/.local/lib/python3.8/site-packages/airflow/example_dags/example_branch_operator_decorator.py
[2025-04-13T15:01:06.909+0000] {logging_mixin.py:188} INFO - [2025-04-13T15:01:06.908+0000] {dag.py:3036} INFO - Sync 1 DAGs
[2025-04-13T15:01:06.946+0000] {logging_mixin.py:188} INFO - [2025-04-13T15:01:06.945+0000] {dag.py:3823} INFO - Setting next_dagrun for example_branch_python_operator_decorator to 2025-04-12 00:00:00+00:00, run_after=2025-04-13 00:00:00+00:00
[2025-04-13T15:01:06.973+0000] {processor.py:183} INFO - Processing /home/airflow/.local/lib/python3.8/site-packages/airflow/example_dags/example_branch_operator_decorator.py took 0.153 seconds
[2025-04-13T15:01:37.368+0000] {processor.py:161} INFO - Started process (PID=724) to work on /home/airflow/.local/lib/python3.8/site-packages/airflow/example_dags/example_branch_operator_decorator.py
[2025-04-13T15:01:37.383+0000] {processor.py:830} INFO - Processing file /home/airflow/.local/lib/python3.8/site-packages/airflow/example_dags/example_branch_operator_decorator.py for tasks to queue
[2025-04-13T15:01:37.435+0000] {logging_mixin.py:188} INFO - [2025-04-13T15:01:37.434+0000] {dagbag.py:538} INFO - Filling up the DagBag from /home/airflow/.local/lib/python3.8/site-packages/airflow/example_dags/example_branch_operator_decorator.py
[2025-04-13T15:01:37.599+0000] {processor.py:840} INFO - DAG(s) 'example_branch_python_operator_decorator' retrieved from /home/airflow/.local/lib/python3.8/site-packages/airflow/example_dags/example_branch_operator_decorator.py
[2025-04-13T15:01:38.675+0000] {logging_mixin.py:188} INFO - [2025-04-13T15:01:38.675+0000] {dag.py:3036} INFO - Sync 1 DAGs
[2025-04-13T15:01:38.801+0000] {logging_mixin.py:188} INFO - [2025-04-13T15:01:38.800+0000] {dag.py:3823} INFO - Setting next_dagrun for example_branch_python_operator_decorator to 2025-04-12 00:00:00+00:00, run_after=2025-04-13 00:00:00+00:00
[2025-04-13T15:01:38.848+0000] {processor.py:183} INFO - Processing /home/airflow/.local/lib/python3.8/site-packages/airflow/example_dags/example_branch_operator_decorator.py took 1.567 seconds
[2025-04-13T15:02:09.072+0000] {processor.py:161} INFO - Started process (PID=778) to work on /home/airflow/.local/lib/python3.8/site-packages/airflow/example_dags/example_branch_operator_decorator.py
[2025-04-13T15:02:09.074+0000] {processor.py:830} INFO - Processing file /home/airflow/.local/lib/python3.8/site-packages/airflow/example_dags/example_branch_operator_decorator.py for tasks to queue
[2025-04-13T15:02:09.077+0000] {logging_mixin.py:188} INFO - [2025-04-13T15:02:09.076+0000] {dagbag.py:538} INFO - Filling up the DagBag from /home/airflow/.local/lib/python3.8/site-packages/airflow/example_dags/example_branch_operator_decorator.py
[2025-04-13T15:02:09.123+0000] {processor.py:840} INFO - DAG(s) 'example_branch_python_operator_decorator' retrieved from /home/airflow/.local/lib/python3.8/site-packages/airflow/example_dags/example_branch_operator_decorator.py
[2025-04-13T15:02:09.205+0000] {logging_mixin.py:188} INFO - [2025-04-13T15:02:09.204+0000] {dag.py:3036} INFO - Sync 1 DAGs
[2025-04-13T15:02:09.262+0000] {logging_mixin.py:188} INFO - [2025-04-13T15:02:09.261+0000] {dag.py:3823} INFO - Setting next_dagrun for example_branch_python_operator_decorator to 2025-04-12 00:00:00+00:00, run_after=2025-04-13 00:00:00+00:00
[2025-04-13T15:02:09.298+0000] {processor.py:183} INFO - Processing /home/airflow/.local/lib/python3.8/site-packages/airflow/example_dags/example_branch_operator_decorator.py took 0.230 seconds
[2025-04-13T15:02:39.359+0000] {processor.py:161} INFO - Started process (PID=834) to work on /home/airflow/.local/lib/python3.8/site-packages/airflow/example_dags/example_branch_operator_decorator.py
[2025-04-13T15:02:39.360+0000] {processor.py:830} INFO - Processing file /home/airflow/.local/lib/python3.8/site-packages/airflow/example_dags/example_branch_operator_decorator.py for tasks to queue
[2025-04-13T15:02:39.362+0000] {logging_mixin.py:188} INFO - [2025-04-13T15:02:39.362+0000] {dagbag.py:538} INFO - Filling up the DagBag from /home/airflow/.local/lib/python3.8/site-packages/airflow/example_dags/example_branch_operator_decorator.py
[2025-04-13T15:02:39.383+0000] {processor.py:840} INFO - DAG(s) 'example_branch_python_operator_decorator' retrieved from /home/airflow/.local/lib/python3.8/site-packages/airflow/example_dags/example_branch_operator_decorator.py
[2025-04-13T15:02:39.410+0000] {logging_mixin.py:188} INFO - [2025-04-13T15:02:39.410+0000] {dag.py:3036} INFO - Sync 1 DAGs
[2025-04-13T15:02:39.434+0000] {logging_mixin.py:188} INFO - [2025-04-13T15:02:39.433+0000] {dag.py:3823} INFO - Setting next_dagrun for example_branch_python_operator_decorator to 2025-04-12 00:00:00+00:00, run_after=2025-04-13 00:00:00+00:00
[2025-04-13T15:02:39.456+0000] {processor.py:183} INFO - Processing /home/airflow/.local/lib/python3.8/site-packages/airflow/example_dags/example_branch_operator_decorator.py took 0.100 seconds
[2025-04-13T15:03:10.014+0000] {processor.py:161} INFO - Started process (PID=882) to work on /home/airflow/.local/lib/python3.8/site-packages/airflow/example_dags/example_branch_operator_decorator.py
[2025-04-13T15:03:10.019+0000] {processor.py:830} INFO - Processing file /home/airflow/.local/lib/python3.8/site-packages/airflow/example_dags/example_branch_operator_decorator.py for tasks to queue
[2025-04-13T15:03:10.023+0000] {logging_mixin.py:188} INFO - [2025-04-13T15:03:10.023+0000] {dagbag.py:538} INFO - Filling up the DagBag from /home/airflow/.local/lib/python3.8/site-packages/airflow/example_dags/example_branch_operator_decorator.py
[2025-04-13T15:03:10.065+0000] {processor.py:840} INFO - DAG(s) 'example_branch_python_operator_decorator' retrieved from /home/airflow/.local/lib/python3.8/site-packages/airflow/example_dags/example_branch_operator_decorator.py
[2025-04-13T15:03:10.107+0000] {logging_mixin.py:188} INFO - [2025-04-13T15:03:10.107+0000] {dag.py:3036} INFO - Sync 1 DAGs
[2025-04-13T15:03:10.146+0000] {logging_mixin.py:188} INFO - [2025-04-13T15:03:10.146+0000] {dag.py:3823} INFO - Setting next_dagrun for example_branch_python_operator_decorator to 2025-04-12 00:00:00+00:00, run_after=2025-04-13 00:00:00+00:00
[2025-04-13T15:03:10.169+0000] {processor.py:183} INFO - Processing /home/airflow/.local/lib/python3.8/site-packages/airflow/example_dags/example_branch_operator_decorator.py took 0.160 seconds
[2025-04-13T15:03:42.262+0000] {processor.py:161} INFO - Started process (PID=933) to work on /home/airflow/.local/lib/python3.8/site-packages/airflow/example_dags/example_branch_operator_decorator.py
[2025-04-13T15:03:42.263+0000] {processor.py:830} INFO - Processing file /home/airflow/.local/lib/python3.8/site-packages/airflow/example_dags/example_branch_operator_decorator.py for tasks to queue
[2025-04-13T15:03:42.266+0000] {logging_mixin.py:188} INFO - [2025-04-13T15:03:42.265+0000] {dagbag.py:538} INFO - Filling up the DagBag from /home/airflow/.local/lib/python3.8/site-packages/airflow/example_dags/example_branch_operator_decorator.py
[2025-04-13T15:03:42.305+0000] {processor.py:840} INFO - DAG(s) 'example_branch_python_operator_decorator' retrieved from /home/airflow/.local/lib/python3.8/site-packages/airflow/example_dags/example_branch_operator_decorator.py
[2025-04-13T15:03:42.338+0000] {logging_mixin.py:188} INFO - [2025-04-13T15:03:42.337+0000] {dag.py:3036} INFO - Sync 1 DAGs
[2025-04-13T15:03:42.366+0000] {logging_mixin.py:188} INFO - [2025-04-13T15:03:42.366+0000] {dag.py:3823} INFO - Setting next_dagrun for example_branch_python_operator_decorator to 2025-04-12 00:00:00+00:00, run_after=2025-04-13 00:00:00+00:00
[2025-04-13T15:03:42.389+0000] {processor.py:183} INFO - Processing /home/airflow/.local/lib/python3.8/site-packages/airflow/example_dags/example_branch_operator_decorator.py took 0.135 seconds
[2025-04-13T15:04:12.744+0000] {processor.py:161} INFO - Started process (PID=959) to work on /home/airflow/.local/lib/python3.8/site-packages/airflow/example_dags/example_branch_operator_decorator.py
[2025-04-13T15:04:12.745+0000] {processor.py:830} INFO - Processing file /home/airflow/.local/lib/python3.8/site-packages/airflow/example_dags/example_branch_operator_decorator.py for tasks to queue
[2025-04-13T15:04:12.748+0000] {logging_mixin.py:188} INFO - [2025-04-13T15:04:12.747+0000] {dagbag.py:538} INFO - Filling up the DagBag from /home/airflow/.local/lib/python3.8/site-packages/airflow/example_dags/example_branch_operator_decorator.py
[2025-04-13T15:04:12.774+0000] {processor.py:840} INFO - DAG(s) 'example_branch_python_operator_decorator' retrieved from /home/airflow/.local/lib/python3.8/site-packages/airflow/example_dags/example_branch_operator_decorator.py
[2025-04-13T15:04:12.807+0000] {logging_mixin.py:188} INFO - [2025-04-13T15:04:12.807+0000] {dag.py:3036} INFO - Sync 1 DAGs
[2025-04-13T15:04:12.840+0000] {logging_mixin.py:188} INFO - [2025-04-13T15:04:12.839+0000] {dag.py:3823} INFO - Setting next_dagrun for example_branch_python_operator_decorator to 2025-04-12 00:00:00+00:00, run_after=2025-04-13 00:00:00+00:00
[2025-04-13T15:04:12.868+0000] {processor.py:183} INFO - Processing /home/airflow/.local/lib/python3.8/site-packages/airflow/example_dags/example_branch_operator_decorator.py took 0.127 seconds
[2025-04-13T15:04:45.327+0000] {processor.py:161} INFO - Started process (PID=1015) to work on /home/airflow/.local/lib/python3.8/site-packages/airflow/example_dags/example_branch_operator_decorator.py
[2025-04-13T15:04:45.329+0000] {processor.py:830} INFO - Processing file /home/airflow/.local/lib/python3.8/site-packages/airflow/example_dags/example_branch_operator_decorator.py for tasks to queue
[2025-04-13T15:04:45.334+0000] {logging_mixin.py:188} INFO - [2025-04-13T15:04:45.331+0000] {dagbag.py:538} INFO - Filling up the DagBag from /home/airflow/.local/lib/python3.8/site-packages/airflow/example_dags/example_branch_operator_decorator.py
[2025-04-13T15:04:45.464+0000] {processor.py:840} INFO - DAG(s) 'example_branch_python_operator_decorator' retrieved from /home/airflow/.local/lib/python3.8/site-packages/airflow/example_dags/example_branch_operator_decorator.py
[2025-04-13T15:04:45.522+0000] {logging_mixin.py:188} INFO - [2025-04-13T15:04:45.522+0000] {dag.py:3036} INFO - Sync 1 DAGs
[2025-04-13T15:04:45.564+0000] {logging_mixin.py:188} INFO - [2025-04-13T15:04:45.564+0000] {dag.py:3823} INFO - Setting next_dagrun for example_branch_python_operator_decorator to 2025-04-12 00:00:00+00:00, run_after=2025-04-13 00:00:00+00:00
[2025-04-13T15:04:45.587+0000] {processor.py:183} INFO - Processing /home/airflow/.local/lib/python3.8/site-packages/airflow/example_dags/example_branch_operator_decorator.py took 0.264 seconds
[2025-04-13T15:05:18.583+0000] {processor.py:161} INFO - Started process (PID=1070) to work on /home/airflow/.local/lib/python3.8/site-packages/airflow/example_dags/example_branch_operator_decorator.py
[2025-04-13T15:05:18.591+0000] {processor.py:830} INFO - Processing file /home/airflow/.local/lib/python3.8/site-packages/airflow/example_dags/example_branch_operator_decorator.py for tasks to queue
[2025-04-13T15:05:18.597+0000] {logging_mixin.py:188} INFO - [2025-04-13T15:05:18.597+0000] {dagbag.py:538} INFO - Filling up the DagBag from /home/airflow/.local/lib/python3.8/site-packages/airflow/example_dags/example_branch_operator_decorator.py
[2025-04-13T15:05:18.702+0000] {processor.py:840} INFO - DAG(s) 'example_branch_python_operator_decorator' retrieved from /home/airflow/.local/lib/python3.8/site-packages/airflow/example_dags/example_branch_operator_decorator.py
[2025-04-13T15:05:18.845+0000] {logging_mixin.py:188} INFO - [2025-04-13T15:05:18.844+0000] {dag.py:3036} INFO - Sync 1 DAGs
[2025-04-13T15:05:18.949+0000] {logging_mixin.py:188} INFO - [2025-04-13T15:05:18.949+0000] {dag.py:3823} INFO - Setting next_dagrun for example_branch_python_operator_decorator to 2025-04-12 00:00:00+00:00, run_after=2025-04-13 00:00:00+00:00
[2025-04-13T15:05:19.039+0000] {processor.py:183} INFO - Processing /home/airflow/.local/lib/python3.8/site-packages/airflow/example_dags/example_branch_operator_decorator.py took 0.469 seconds
[2025-04-13T15:05:50.860+0000] {processor.py:161} INFO - Started process (PID=1125) to work on /home/airflow/.local/lib/python3.8/site-packages/airflow/example_dags/example_branch_operator_decorator.py
[2025-04-13T15:05:50.862+0000] {processor.py:830} INFO - Processing file /home/airflow/.local/lib/python3.8/site-packages/airflow/example_dags/example_branch_operator_decorator.py for tasks to queue
[2025-04-13T15:05:50.864+0000] {logging_mixin.py:188} INFO - [2025-04-13T15:05:50.864+0000] {dagbag.py:538} INFO - Filling up the DagBag from /home/airflow/.local/lib/python3.8/site-packages/airflow/example_dags/example_branch_operator_decorator.py
[2025-04-13T15:05:50.889+0000] {processor.py:840} INFO - DAG(s) 'example_branch_python_operator_decorator' retrieved from /home/airflow/.local/lib/python3.8/site-packages/airflow/example_dags/example_branch_operator_decorator.py
[2025-04-13T15:05:50.920+0000] {logging_mixin.py:188} INFO - [2025-04-13T15:05:50.920+0000] {dag.py:3036} INFO - Sync 1 DAGs
[2025-04-13T15:05:50.951+0000] {logging_mixin.py:188} INFO - [2025-04-13T15:05:50.951+0000] {dag.py:3823} INFO - Setting next_dagrun for example_branch_python_operator_decorator to 2025-04-12 00:00:00+00:00, run_after=2025-04-13 00:00:00+00:00
[2025-04-13T15:05:50.981+0000] {processor.py:183} INFO - Processing /home/airflow/.local/lib/python3.8/site-packages/airflow/example_dags/example_branch_operator_decorator.py took 0.126 seconds
[2025-04-13T15:06:23.953+0000] {processor.py:161} INFO - Started process (PID=1180) to work on /home/airflow/.local/lib/python3.8/site-packages/airflow/example_dags/example_branch_operator_decorator.py
[2025-04-13T15:06:23.955+0000] {processor.py:830} INFO - Processing file /home/airflow/.local/lib/python3.8/site-packages/airflow/example_dags/example_branch_operator_decorator.py for tasks to queue
[2025-04-13T15:06:23.957+0000] {logging_mixin.py:188} INFO - [2025-04-13T15:06:23.956+0000] {dagbag.py:538} INFO - Filling up the DagBag from /home/airflow/.local/lib/python3.8/site-packages/airflow/example_dags/example_branch_operator_decorator.py
[2025-04-13T15:06:23.983+0000] {processor.py:840} INFO - DAG(s) 'example_branch_python_operator_decorator' retrieved from /home/airflow/.local/lib/python3.8/site-packages/airflow/example_dags/example_branch_operator_decorator.py
[2025-04-13T15:06:24.017+0000] {logging_mixin.py:188} INFO - [2025-04-13T15:06:24.017+0000] {dag.py:3036} INFO - Sync 1 DAGs
[2025-04-13T15:06:24.052+0000] {logging_mixin.py:188} INFO - [2025-04-13T15:06:24.052+0000] {dag.py:3823} INFO - Setting next_dagrun for example_branch_python_operator_decorator to 2025-04-12 00:00:00+00:00, run_after=2025-04-13 00:00:00+00:00
[2025-04-13T15:06:24.076+0000] {processor.py:183} INFO - Processing /home/airflow/.local/lib/python3.8/site-packages/airflow/example_dags/example_branch_operator_decorator.py took 0.126 seconds
[2025-04-13T15:06:56.962+0000] {processor.py:161} INFO - Started process (PID=1235) to work on /home/airflow/.local/lib/python3.8/site-packages/airflow/example_dags/example_branch_operator_decorator.py
[2025-04-13T15:06:56.964+0000] {processor.py:830} INFO - Processing file /home/airflow/.local/lib/python3.8/site-packages/airflow/example_dags/example_branch_operator_decorator.py for tasks to queue
[2025-04-13T15:06:56.967+0000] {logging_mixin.py:188} INFO - [2025-04-13T15:06:56.967+0000] {dagbag.py:538} INFO - Filling up the DagBag from /home/airflow/.local/lib/python3.8/site-packages/airflow/example_dags/example_branch_operator_decorator.py
[2025-04-13T15:06:57.039+0000] {processor.py:840} INFO - DAG(s) 'example_branch_python_operator_decorator' retrieved from /home/airflow/.local/lib/python3.8/site-packages/airflow/example_dags/example_branch_operator_decorator.py
[2025-04-13T15:06:57.149+0000] {logging_mixin.py:188} INFO - [2025-04-13T15:06:57.149+0000] {dag.py:3036} INFO - Sync 1 DAGs
[2025-04-13T15:06:57.195+0000] {logging_mixin.py:188} INFO - [2025-04-13T15:06:57.194+0000] {dag.py:3823} INFO - Setting next_dagrun for example_branch_python_operator_decorator to 2025-04-12 00:00:00+00:00, run_after=2025-04-13 00:00:00+00:00
[2025-04-13T15:06:57.255+0000] {processor.py:183} INFO - Processing /home/airflow/.local/lib/python3.8/site-packages/airflow/example_dags/example_branch_operator_decorator.py took 0.298 seconds
[2025-04-13T15:07:29.786+0000] {processor.py:161} INFO - Started process (PID=1291) to work on /home/airflow/.local/lib/python3.8/site-packages/airflow/example_dags/example_branch_operator_decorator.py
[2025-04-13T15:07:29.787+0000] {processor.py:830} INFO - Processing file /home/airflow/.local/lib/python3.8/site-packages/airflow/example_dags/example_branch_operator_decorator.py for tasks to queue
[2025-04-13T15:07:29.790+0000] {logging_mixin.py:188} INFO - [2025-04-13T15:07:29.789+0000] {dagbag.py:538} INFO - Filling up the DagBag from /home/airflow/.local/lib/python3.8/site-packages/airflow/example_dags/example_branch_operator_decorator.py
[2025-04-13T15:07:29.826+0000] {processor.py:840} INFO - DAG(s) 'example_branch_python_operator_decorator' retrieved from /home/airflow/.local/lib/python3.8/site-packages/airflow/example_dags/example_branch_operator_decorator.py
[2025-04-13T15:07:29.859+0000] {logging_mixin.py:188} INFO - [2025-04-13T15:07:29.859+0000] {dag.py:3036} INFO - Sync 1 DAGs
[2025-04-13T15:07:29.891+0000] {logging_mixin.py:188} INFO - [2025-04-13T15:07:29.891+0000] {dag.py:3823} INFO - Setting next_dagrun for example_branch_python_operator_decorator to 2025-04-12 00:00:00+00:00, run_after=2025-04-13 00:00:00+00:00
[2025-04-13T15:07:29.914+0000] {processor.py:183} INFO - Processing /home/airflow/.local/lib/python3.8/site-packages/airflow/example_dags/example_branch_operator_decorator.py took 0.133 seconds
[2025-04-13T15:08:02.204+0000] {processor.py:161} INFO - Started process (PID=1346) to work on /home/airflow/.local/lib/python3.8/site-packages/airflow/example_dags/example_branch_operator_decorator.py
[2025-04-13T15:08:02.206+0000] {processor.py:830} INFO - Processing file /home/airflow/.local/lib/python3.8/site-packages/airflow/example_dags/example_branch_operator_decorator.py for tasks to queue
[2025-04-13T15:08:02.208+0000] {logging_mixin.py:188} INFO - [2025-04-13T15:08:02.208+0000] {dagbag.py:538} INFO - Filling up the DagBag from /home/airflow/.local/lib/python3.8/site-packages/airflow/example_dags/example_branch_operator_decorator.py
[2025-04-13T15:08:02.235+0000] {processor.py:840} INFO - DAG(s) 'example_branch_python_operator_decorator' retrieved from /home/airflow/.local/lib/python3.8/site-packages/airflow/example_dags/example_branch_operator_decorator.py
[2025-04-13T15:08:02.271+0000] {logging_mixin.py:188} INFO - [2025-04-13T15:08:02.271+0000] {dag.py:3036} INFO - Sync 1 DAGs
[2025-04-13T15:08:02.323+0000] {logging_mixin.py:188} INFO - [2025-04-13T15:08:02.322+0000] {dag.py:3823} INFO - Setting next_dagrun for example_branch_python_operator_decorator to 2025-04-12 00:00:00+00:00, run_after=2025-04-13 00:00:00+00:00
[2025-04-13T15:08:02.354+0000] {processor.py:183} INFO - Processing /home/airflow/.local/lib/python3.8/site-packages/airflow/example_dags/example_branch_operator_decorator.py took 0.153 seconds
[2025-04-13T15:08:34.835+0000] {processor.py:161} INFO - Started process (PID=1400) to work on /home/airflow/.local/lib/python3.8/site-packages/airflow/example_dags/example_branch_operator_decorator.py
[2025-04-13T15:08:34.837+0000] {processor.py:830} INFO - Processing file /home/airflow/.local/lib/python3.8/site-packages/airflow/example_dags/example_branch_operator_decorator.py for tasks to queue
[2025-04-13T15:08:34.840+0000] {logging_mixin.py:188} INFO - [2025-04-13T15:08:34.839+0000] {dagbag.py:538} INFO - Filling up the DagBag from /home/airflow/.local/lib/python3.8/site-packages/airflow/example_dags/example_branch_operator_decorator.py
[2025-04-13T15:08:34.874+0000] {processor.py:840} INFO - DAG(s) 'example_branch_python_operator_decorator' retrieved from /home/airflow/.local/lib/python3.8/site-packages/airflow/example_dags/example_branch_operator_decorator.py
[2025-04-13T15:08:34.915+0000] {logging_mixin.py:188} INFO - [2025-04-13T15:08:34.915+0000] {dag.py:3036} INFO - Sync 1 DAGs
[2025-04-13T15:08:34.958+0000] {logging_mixin.py:188} INFO - [2025-04-13T15:08:34.958+0000] {dag.py:3823} INFO - Setting next_dagrun for example_branch_python_operator_decorator to 2025-04-12 00:00:00+00:00, run_after=2025-04-13 00:00:00+00:00
[2025-04-13T15:08:34.993+0000] {processor.py:183} INFO - Processing /home/airflow/.local/lib/python3.8/site-packages/airflow/example_dags/example_branch_operator_decorator.py took 0.161 seconds
[2025-04-13T15:09:07.491+0000] {processor.py:161} INFO - Started process (PID=1455) to work on /home/airflow/.local/lib/python3.8/site-packages/airflow/example_dags/example_branch_operator_decorator.py
[2025-04-13T15:09:07.492+0000] {processor.py:830} INFO - Processing file /home/airflow/.local/lib/python3.8/site-packages/airflow/example_dags/example_branch_operator_decorator.py for tasks to queue
[2025-04-13T15:09:07.494+0000] {logging_mixin.py:188} INFO - [2025-04-13T15:09:07.494+0000] {dagbag.py:538} INFO - Filling up the DagBag from /home/airflow/.local/lib/python3.8/site-packages/airflow/example_dags/example_branch_operator_decorator.py
[2025-04-13T15:09:07.524+0000] {processor.py:840} INFO - DAG(s) 'example_branch_python_operator_decorator' retrieved from /home/airflow/.local/lib/python3.8/site-packages/airflow/example_dags/example_branch_operator_decorator.py
[2025-04-13T15:09:07.555+0000] {logging_mixin.py:188} INFO - [2025-04-13T15:09:07.555+0000] {dag.py:3036} INFO - Sync 1 DAGs
[2025-04-13T15:09:07.595+0000] {logging_mixin.py:188} INFO - [2025-04-13T15:09:07.595+0000] {dag.py:3823} INFO - Setting next_dagrun for example_branch_python_operator_decorator to 2025-04-12 00:00:00+00:00, run_after=2025-04-13 00:00:00+00:00
[2025-04-13T15:09:07.622+0000] {processor.py:183} INFO - Processing /home/airflow/.local/lib/python3.8/site-packages/airflow/example_dags/example_branch_operator_decorator.py took 0.135 seconds
[2025-04-13T15:09:40.913+0000] {processor.py:161} INFO - Started process (PID=1510) to work on /home/airflow/.local/lib/python3.8/site-packages/airflow/example_dags/example_branch_operator_decorator.py
[2025-04-13T15:09:40.917+0000] {processor.py:830} INFO - Processing file /home/airflow/.local/lib/python3.8/site-packages/airflow/example_dags/example_branch_operator_decorator.py for tasks to queue
[2025-04-13T15:09:40.931+0000] {logging_mixin.py:188} INFO - [2025-04-13T15:09:40.922+0000] {dagbag.py:538} INFO - Filling up the DagBag from /home/airflow/.local/lib/python3.8/site-packages/airflow/example_dags/example_branch_operator_decorator.py
[2025-04-13T15:09:41.170+0000] {processor.py:840} INFO - DAG(s) 'example_branch_python_operator_decorator' retrieved from /home/airflow/.local/lib/python3.8/site-packages/airflow/example_dags/example_branch_operator_decorator.py
[2025-04-13T15:09:41.455+0000] {logging_mixin.py:188} INFO - [2025-04-13T15:09:41.453+0000] {dag.py:3036} INFO - Sync 1 DAGs
[2025-04-13T15:09:41.672+0000] {logging_mixin.py:188} INFO - [2025-04-13T15:09:41.668+0000] {dag.py:3823} INFO - Setting next_dagrun for example_branch_python_operator_decorator to 2025-04-12 00:00:00+00:00, run_after=2025-04-13 00:00:00+00:00
[2025-04-13T15:09:41.751+0000] {processor.py:183} INFO - Processing /home/airflow/.local/lib/python3.8/site-packages/airflow/example_dags/example_branch_operator_decorator.py took 0.851 seconds
[2025-04-13T15:10:13.413+0000] {processor.py:161} INFO - Started process (PID=1565) to work on /home/airflow/.local/lib/python3.8/site-packages/airflow/example_dags/example_branch_operator_decorator.py
[2025-04-13T15:10:13.416+0000] {processor.py:830} INFO - Processing file /home/airflow/.local/lib/python3.8/site-packages/airflow/example_dags/example_branch_operator_decorator.py for tasks to queue
[2025-04-13T15:10:13.419+0000] {logging_mixin.py:188} INFO - [2025-04-13T15:10:13.419+0000] {dagbag.py:538} INFO - Filling up the DagBag from /home/airflow/.local/lib/python3.8/site-packages/airflow/example_dags/example_branch_operator_decorator.py
[2025-04-13T15:10:13.454+0000] {processor.py:840} INFO - DAG(s) 'example_branch_python_operator_decorator' retrieved from /home/airflow/.local/lib/python3.8/site-packages/airflow/example_dags/example_branch_operator_decorator.py
[2025-04-13T15:10:13.491+0000] {logging_mixin.py:188} INFO - [2025-04-13T15:10:13.491+0000] {dag.py:3036} INFO - Sync 1 DAGs
[2025-04-13T15:10:13.539+0000] {logging_mixin.py:188} INFO - [2025-04-13T15:10:13.539+0000] {dag.py:3823} INFO - Setting next_dagrun for example_branch_python_operator_decorator to 2025-04-12 00:00:00+00:00, run_after=2025-04-13 00:00:00+00:00
[2025-04-13T15:10:13.572+0000] {processor.py:183} INFO - Processing /home/airflow/.local/lib/python3.8/site-packages/airflow/example_dags/example_branch_operator_decorator.py took 0.163 seconds
[2025-04-13T15:10:45.602+0000] {processor.py:161} INFO - Started process (PID=1620) to work on /home/airflow/.local/lib/python3.8/site-packages/airflow/example_dags/example_branch_operator_decorator.py
[2025-04-13T15:10:45.607+0000] {processor.py:830} INFO - Processing file /home/airflow/.local/lib/python3.8/site-packages/airflow/example_dags/example_branch_operator_decorator.py for tasks to queue
[2025-04-13T15:10:45.610+0000] {logging_mixin.py:188} INFO - [2025-04-13T15:10:45.610+0000] {dagbag.py:538} INFO - Filling up the DagBag from /home/airflow/.local/lib/python3.8/site-packages/airflow/example_dags/example_branch_operator_decorator.py
[2025-04-13T15:10:45.643+0000] {processor.py:840} INFO - DAG(s) 'example_branch_python_operator_decorator' retrieved from /home/airflow/.local/lib/python3.8/site-packages/airflow/example_dags/example_branch_operator_decorator.py
[2025-04-13T15:10:45.685+0000] {logging_mixin.py:188} INFO - [2025-04-13T15:10:45.685+0000] {dag.py:3036} INFO - Sync 1 DAGs
[2025-04-13T15:10:45.730+0000] {logging_mixin.py:188} INFO - [2025-04-13T15:10:45.730+0000] {dag.py:3823} INFO - Setting next_dagrun for example_branch_python_operator_decorator to 2025-04-12 00:00:00+00:00, run_after=2025-04-13 00:00:00+00:00
[2025-04-13T15:10:45.774+0000] {processor.py:183} INFO - Processing /home/airflow/.local/lib/python3.8/site-packages/airflow/example_dags/example_branch_operator_decorator.py took 0.175 seconds
[2025-04-13T15:11:18.189+0000] {processor.py:161} INFO - Started process (PID=1675) to work on /home/airflow/.local/lib/python3.8/site-packages/airflow/example_dags/example_branch_operator_decorator.py
[2025-04-13T15:11:18.192+0000] {processor.py:830} INFO - Processing file /home/airflow/.local/lib/python3.8/site-packages/airflow/example_dags/example_branch_operator_decorator.py for tasks to queue
[2025-04-13T15:11:18.200+0000] {logging_mixin.py:188} INFO - [2025-04-13T15:11:18.200+0000] {dagbag.py:538} INFO - Filling up the DagBag from /home/airflow/.local/lib/python3.8/site-packages/airflow/example_dags/example_branch_operator_decorator.py
[2025-04-13T15:11:18.230+0000] {processor.py:840} INFO - DAG(s) 'example_branch_python_operator_decorator' retrieved from /home/airflow/.local/lib/python3.8/site-packages/airflow/example_dags/example_branch_operator_decorator.py
[2025-04-13T15:11:18.274+0000] {logging_mixin.py:188} INFO - [2025-04-13T15:11:18.273+0000] {dag.py:3036} INFO - Sync 1 DAGs
[2025-04-13T15:11:18.338+0000] {logging_mixin.py:188} INFO - [2025-04-13T15:11:18.338+0000] {dag.py:3823} INFO - Setting next_dagrun for example_branch_python_operator_decorator to 2025-04-12 00:00:00+00:00, run_after=2025-04-13 00:00:00+00:00
[2025-04-13T15:11:18.382+0000] {processor.py:183} INFO - Processing /home/airflow/.local/lib/python3.8/site-packages/airflow/example_dags/example_branch_operator_decorator.py took 0.197 seconds
[2025-04-13T15:11:51.279+0000] {processor.py:161} INFO - Started process (PID=1729) to work on /home/airflow/.local/lib/python3.8/site-packages/airflow/example_dags/example_branch_operator_decorator.py
[2025-04-13T15:11:51.281+0000] {processor.py:830} INFO - Processing file /home/airflow/.local/lib/python3.8/site-packages/airflow/example_dags/example_branch_operator_decorator.py for tasks to queue
[2025-04-13T15:11:51.283+0000] {logging_mixin.py:188} INFO - [2025-04-13T15:11:51.282+0000] {dagbag.py:538} INFO - Filling up the DagBag from /home/airflow/.local/lib/python3.8/site-packages/airflow/example_dags/example_branch_operator_decorator.py
[2025-04-13T15:11:51.311+0000] {processor.py:840} INFO - DAG(s) 'example_branch_python_operator_decorator' retrieved from /home/airflow/.local/lib/python3.8/site-packages/airflow/example_dags/example_branch_operator_decorator.py
[2025-04-13T15:11:51.353+0000] {logging_mixin.py:188} INFO - [2025-04-13T15:11:51.353+0000] {dag.py:3036} INFO - Sync 1 DAGs
[2025-04-13T15:11:51.389+0000] {logging_mixin.py:188} INFO - [2025-04-13T15:11:51.389+0000] {dag.py:3823} INFO - Setting next_dagrun for example_branch_python_operator_decorator to 2025-04-12 00:00:00+00:00, run_after=2025-04-13 00:00:00+00:00
[2025-04-13T15:11:51.417+0000] {processor.py:183} INFO - Processing /home/airflow/.local/lib/python3.8/site-packages/airflow/example_dags/example_branch_operator_decorator.py took 0.141 seconds
[2025-04-13T15:12:24.528+0000] {processor.py:161} INFO - Started process (PID=1784) to work on /home/airflow/.local/lib/python3.8/site-packages/airflow/example_dags/example_branch_operator_decorator.py
[2025-04-13T15:12:24.530+0000] {processor.py:830} INFO - Processing file /home/airflow/.local/lib/python3.8/site-packages/airflow/example_dags/example_branch_operator_decorator.py for tasks to queue
[2025-04-13T15:12:24.536+0000] {logging_mixin.py:188} INFO - [2025-04-13T15:12:24.536+0000] {dagbag.py:538} INFO - Filling up the DagBag from /home/airflow/.local/lib/python3.8/site-packages/airflow/example_dags/example_branch_operator_decorator.py
[2025-04-13T15:12:24.601+0000] {processor.py:840} INFO - DAG(s) 'example_branch_python_operator_decorator' retrieved from /home/airflow/.local/lib/python3.8/site-packages/airflow/example_dags/example_branch_operator_decorator.py
[2025-04-13T15:12:24.637+0000] {logging_mixin.py:188} INFO - [2025-04-13T15:12:24.637+0000] {dag.py:3036} INFO - Sync 1 DAGs
[2025-04-13T15:12:24.680+0000] {logging_mixin.py:188} INFO - [2025-04-13T15:12:24.679+0000] {dag.py:3823} INFO - Setting next_dagrun for example_branch_python_operator_decorator to 2025-04-12 00:00:00+00:00, run_after=2025-04-13 00:00:00+00:00
[2025-04-13T15:12:24.723+0000] {processor.py:183} INFO - Processing /home/airflow/.local/lib/python3.8/site-packages/airflow/example_dags/example_branch_operator_decorator.py took 0.204 seconds
[2025-04-13T15:12:56.738+0000] {processor.py:161} INFO - Started process (PID=1838) to work on /home/airflow/.local/lib/python3.8/site-packages/airflow/example_dags/example_branch_operator_decorator.py
[2025-04-13T15:12:56.739+0000] {processor.py:830} INFO - Processing file /home/airflow/.local/lib/python3.8/site-packages/airflow/example_dags/example_branch_operator_decorator.py for tasks to queue
[2025-04-13T15:12:56.742+0000] {logging_mixin.py:188} INFO - [2025-04-13T15:12:56.742+0000] {dagbag.py:538} INFO - Filling up the DagBag from /home/airflow/.local/lib/python3.8/site-packages/airflow/example_dags/example_branch_operator_decorator.py
[2025-04-13T15:12:56.791+0000] {processor.py:840} INFO - DAG(s) 'example_branch_python_operator_decorator' retrieved from /home/airflow/.local/lib/python3.8/site-packages/airflow/example_dags/example_branch_operator_decorator.py
[2025-04-13T15:12:56.833+0000] {logging_mixin.py:188} INFO - [2025-04-13T15:12:56.833+0000] {dag.py:3036} INFO - Sync 1 DAGs
[2025-04-13T15:12:56.877+0000] {logging_mixin.py:188} INFO - [2025-04-13T15:12:56.876+0000] {dag.py:3823} INFO - Setting next_dagrun for example_branch_python_operator_decorator to 2025-04-12 00:00:00+00:00, run_after=2025-04-13 00:00:00+00:00
[2025-04-13T15:12:56.907+0000] {processor.py:183} INFO - Processing /home/airflow/.local/lib/python3.8/site-packages/airflow/example_dags/example_branch_operator_decorator.py took 0.173 seconds
[2025-04-13T15:13:29.734+0000] {processor.py:161} INFO - Started process (PID=1894) to work on /home/airflow/.local/lib/python3.8/site-packages/airflow/example_dags/example_branch_operator_decorator.py
[2025-04-13T15:13:29.737+0000] {processor.py:830} INFO - Processing file /home/airflow/.local/lib/python3.8/site-packages/airflow/example_dags/example_branch_operator_decorator.py for tasks to queue
[2025-04-13T15:13:29.740+0000] {logging_mixin.py:188} INFO - [2025-04-13T15:13:29.740+0000] {dagbag.py:538} INFO - Filling up the DagBag from /home/airflow/.local/lib/python3.8/site-packages/airflow/example_dags/example_branch_operator_decorator.py
[2025-04-13T15:13:29.818+0000] {processor.py:840} INFO - DAG(s) 'example_branch_python_operator_decorator' retrieved from /home/airflow/.local/lib/python3.8/site-packages/airflow/example_dags/example_branch_operator_decorator.py
[2025-04-13T15:13:29.945+0000] {logging_mixin.py:188} INFO - [2025-04-13T15:13:29.945+0000] {dag.py:3036} INFO - Sync 1 DAGs
[2025-04-13T15:13:30.089+0000] {logging_mixin.py:188} INFO - [2025-04-13T15:13:30.089+0000] {dag.py:3823} INFO - Setting next_dagrun for example_branch_python_operator_decorator to 2025-04-12 00:00:00+00:00, run_after=2025-04-13 00:00:00+00:00
[2025-04-13T15:13:30.197+0000] {processor.py:183} INFO - Processing /home/airflow/.local/lib/python3.8/site-packages/airflow/example_dags/example_branch_operator_decorator.py took 0.470 seconds
[2025-04-13T15:14:02.043+0000] {processor.py:161} INFO - Started process (PID=1949) to work on /home/airflow/.local/lib/python3.8/site-packages/airflow/example_dags/example_branch_operator_decorator.py
[2025-04-13T15:14:02.046+0000] {processor.py:830} INFO - Processing file /home/airflow/.local/lib/python3.8/site-packages/airflow/example_dags/example_branch_operator_decorator.py for tasks to queue
[2025-04-13T15:14:02.051+0000] {logging_mixin.py:188} INFO - [2025-04-13T15:14:02.051+0000] {dagbag.py:538} INFO - Filling up the DagBag from /home/airflow/.local/lib/python3.8/site-packages/airflow/example_dags/example_branch_operator_decorator.py
[2025-04-13T15:14:02.101+0000] {processor.py:840} INFO - DAG(s) 'example_branch_python_operator_decorator' retrieved from /home/airflow/.local/lib/python3.8/site-packages/airflow/example_dags/example_branch_operator_decorator.py
[2025-04-13T15:14:02.184+0000] {logging_mixin.py:188} INFO - [2025-04-13T15:14:02.184+0000] {dag.py:3036} INFO - Sync 1 DAGs
[2025-04-13T15:14:02.270+0000] {logging_mixin.py:188} INFO - [2025-04-13T15:14:02.270+0000] {dag.py:3823} INFO - Setting next_dagrun for example_branch_python_operator_decorator to 2025-04-12 00:00:00+00:00, run_after=2025-04-13 00:00:00+00:00
[2025-04-13T15:14:02.299+0000] {processor.py:183} INFO - Processing /home/airflow/.local/lib/python3.8/site-packages/airflow/example_dags/example_branch_operator_decorator.py took 0.261 seconds
[2025-04-13T15:14:34.936+0000] {processor.py:161} INFO - Started process (PID=2003) to work on /home/airflow/.local/lib/python3.8/site-packages/airflow/example_dags/example_branch_operator_decorator.py
[2025-04-13T15:14:34.938+0000] {processor.py:830} INFO - Processing file /home/airflow/.local/lib/python3.8/site-packages/airflow/example_dags/example_branch_operator_decorator.py for tasks to queue
[2025-04-13T15:14:34.940+0000] {logging_mixin.py:188} INFO - [2025-04-13T15:14:34.940+0000] {dagbag.py:538} INFO - Filling up the DagBag from /home/airflow/.local/lib/python3.8/site-packages/airflow/example_dags/example_branch_operator_decorator.py
[2025-04-13T15:14:34.979+0000] {processor.py:840} INFO - DAG(s) 'example_branch_python_operator_decorator' retrieved from /home/airflow/.local/lib/python3.8/site-packages/airflow/example_dags/example_branch_operator_decorator.py
[2025-04-13T15:14:35.003+0000] {logging_mixin.py:188} INFO - [2025-04-13T15:14:35.003+0000] {dag.py:3036} INFO - Sync 1 DAGs
[2025-04-13T15:14:35.094+0000] {logging_mixin.py:188} INFO - [2025-04-13T15:14:35.093+0000] {dag.py:3823} INFO - Setting next_dagrun for example_branch_python_operator_decorator to 2025-04-12 00:00:00+00:00, run_after=2025-04-13 00:00:00+00:00
[2025-04-13T15:14:35.149+0000] {processor.py:183} INFO - Processing /home/airflow/.local/lib/python3.8/site-packages/airflow/example_dags/example_branch_operator_decorator.py took 0.218 seconds
[2025-04-13T15:15:08.187+0000] {processor.py:161} INFO - Started process (PID=2059) to work on /home/airflow/.local/lib/python3.8/site-packages/airflow/example_dags/example_branch_operator_decorator.py
[2025-04-13T15:15:08.188+0000] {processor.py:830} INFO - Processing file /home/airflow/.local/lib/python3.8/site-packages/airflow/example_dags/example_branch_operator_decorator.py for tasks to queue
[2025-04-13T15:15:08.192+0000] {logging_mixin.py:188} INFO - [2025-04-13T15:15:08.191+0000] {dagbag.py:538} INFO - Filling up the DagBag from /home/airflow/.local/lib/python3.8/site-packages/airflow/example_dags/example_branch_operator_decorator.py
[2025-04-13T15:15:08.231+0000] {processor.py:840} INFO - DAG(s) 'example_branch_python_operator_decorator' retrieved from /home/airflow/.local/lib/python3.8/site-packages/airflow/example_dags/example_branch_operator_decorator.py
[2025-04-13T15:15:08.664+0000] {logging_mixin.py:188} INFO - [2025-04-13T15:15:08.664+0000] {dag.py:3036} INFO - Sync 1 DAGs
[2025-04-13T15:15:08.718+0000] {logging_mixin.py:188} INFO - [2025-04-13T15:15:08.718+0000] {dag.py:3823} INFO - Setting next_dagrun for example_branch_python_operator_decorator to 2025-04-12 00:00:00+00:00, run_after=2025-04-13 00:00:00+00:00
[2025-04-13T15:15:08.787+0000] {processor.py:183} INFO - Processing /home/airflow/.local/lib/python3.8/site-packages/airflow/example_dags/example_branch_operator_decorator.py took 0.605 seconds
[2025-04-13T15:15:40.509+0000] {processor.py:161} INFO - Started process (PID=2115) to work on /home/airflow/.local/lib/python3.8/site-packages/airflow/example_dags/example_branch_operator_decorator.py
[2025-04-13T15:15:40.511+0000] {processor.py:830} INFO - Processing file /home/airflow/.local/lib/python3.8/site-packages/airflow/example_dags/example_branch_operator_decorator.py for tasks to queue
[2025-04-13T15:15:40.513+0000] {logging_mixin.py:188} INFO - [2025-04-13T15:15:40.512+0000] {dagbag.py:538} INFO - Filling up the DagBag from /home/airflow/.local/lib/python3.8/site-packages/airflow/example_dags/example_branch_operator_decorator.py
[2025-04-13T15:15:40.542+0000] {processor.py:840} INFO - DAG(s) 'example_branch_python_operator_decorator' retrieved from /home/airflow/.local/lib/python3.8/site-packages/airflow/example_dags/example_branch_operator_decorator.py
[2025-04-13T15:15:40.578+0000] {logging_mixin.py:188} INFO - [2025-04-13T15:15:40.577+0000] {dag.py:3036} INFO - Sync 1 DAGs
[2025-04-13T15:15:40.611+0000] {logging_mixin.py:188} INFO - [2025-04-13T15:15:40.611+0000] {dag.py:3823} INFO - Setting next_dagrun for example_branch_python_operator_decorator to 2025-04-12 00:00:00+00:00, run_after=2025-04-13 00:00:00+00:00
[2025-04-13T15:15:40.639+0000] {processor.py:183} INFO - Processing /home/airflow/.local/lib/python3.8/site-packages/airflow/example_dags/example_branch_operator_decorator.py took 0.133 seconds
[2025-04-13T15:16:13.307+0000] {processor.py:161} INFO - Started process (PID=2171) to work on /home/airflow/.local/lib/python3.8/site-packages/airflow/example_dags/example_branch_operator_decorator.py
[2025-04-13T15:16:13.308+0000] {processor.py:830} INFO - Processing file /home/airflow/.local/lib/python3.8/site-packages/airflow/example_dags/example_branch_operator_decorator.py for tasks to queue
[2025-04-13T15:16:13.310+0000] {logging_mixin.py:188} INFO - [2025-04-13T15:16:13.310+0000] {dagbag.py:538} INFO - Filling up the DagBag from /home/airflow/.local/lib/python3.8/site-packages/airflow/example_dags/example_branch_operator_decorator.py
[2025-04-13T15:16:13.337+0000] {processor.py:840} INFO - DAG(s) 'example_branch_python_operator_decorator' retrieved from /home/airflow/.local/lib/python3.8/site-packages/airflow/example_dags/example_branch_operator_decorator.py
[2025-04-13T15:16:13.368+0000] {logging_mixin.py:188} INFO - [2025-04-13T15:16:13.368+0000] {dag.py:3036} INFO - Sync 1 DAGs
[2025-04-13T15:16:13.399+0000] {logging_mixin.py:188} INFO - [2025-04-13T15:16:13.398+0000] {dag.py:3823} INFO - Setting next_dagrun for example_branch_python_operator_decorator to 2025-04-12 00:00:00+00:00, run_after=2025-04-13 00:00:00+00:00
[2025-04-13T15:16:13.424+0000] {processor.py:183} INFO - Processing /home/airflow/.local/lib/python3.8/site-packages/airflow/example_dags/example_branch_operator_decorator.py took 0.120 seconds
[2025-04-13T15:18:41.338+0000] {processor.py:161} INFO - Started process (PID=66) to work on /home/airflow/.local/lib/python3.8/site-packages/airflow/example_dags/example_branch_operator_decorator.py
[2025-04-13T15:18:41.351+0000] {processor.py:830} INFO - Processing file /home/airflow/.local/lib/python3.8/site-packages/airflow/example_dags/example_branch_operator_decorator.py for tasks to queue
[2025-04-13T15:18:41.364+0000] {logging_mixin.py:188} INFO - [2025-04-13T15:18:41.363+0000] {dagbag.py:538} INFO - Filling up the DagBag from /home/airflow/.local/lib/python3.8/site-packages/airflow/example_dags/example_branch_operator_decorator.py
[2025-04-13T15:18:41.470+0000] {processor.py:840} INFO - DAG(s) 'example_branch_python_operator_decorator' retrieved from /home/airflow/.local/lib/python3.8/site-packages/airflow/example_dags/example_branch_operator_decorator.py
[2025-04-13T15:18:41.734+0000] {logging_mixin.py:188} INFO - [2025-04-13T15:18:41.734+0000] {dag.py:3036} INFO - Sync 1 DAGs
[2025-04-13T15:18:41.788+0000] {logging_mixin.py:188} INFO - [2025-04-13T15:18:41.788+0000] {dag.py:3823} INFO - Setting next_dagrun for example_branch_python_operator_decorator to 2025-04-12 00:00:00+00:00, run_after=2025-04-13 00:00:00+00:00
[2025-04-13T15:18:41.821+0000] {processor.py:183} INFO - Processing /home/airflow/.local/lib/python3.8/site-packages/airflow/example_dags/example_branch_operator_decorator.py took 0.542 seconds
[2025-04-13T15:19:30.306+0000] {processor.py:161} INFO - Started process (PID=122) to work on /home/airflow/.local/lib/python3.8/site-packages/airflow/example_dags/example_branch_operator_decorator.py
[2025-04-13T15:19:30.308+0000] {processor.py:830} INFO - Processing file /home/airflow/.local/lib/python3.8/site-packages/airflow/example_dags/example_branch_operator_decorator.py for tasks to queue
[2025-04-13T15:19:30.311+0000] {logging_mixin.py:188} INFO - [2025-04-13T15:19:30.310+0000] {dagbag.py:538} INFO - Filling up the DagBag from /home/airflow/.local/lib/python3.8/site-packages/airflow/example_dags/example_branch_operator_decorator.py
[2025-04-13T15:19:30.344+0000] {processor.py:840} INFO - DAG(s) 'example_branch_python_operator_decorator' retrieved from /home/airflow/.local/lib/python3.8/site-packages/airflow/example_dags/example_branch_operator_decorator.py
[2025-04-13T15:19:30.382+0000] {logging_mixin.py:188} INFO - [2025-04-13T15:19:30.382+0000] {dag.py:3036} INFO - Sync 1 DAGs
[2025-04-13T15:19:30.421+0000] {logging_mixin.py:188} INFO - [2025-04-13T15:19:30.420+0000] {dag.py:3823} INFO - Setting next_dagrun for example_branch_python_operator_decorator to 2025-04-12 00:00:00+00:00, run_after=2025-04-13 00:00:00+00:00
[2025-04-13T15:19:30.459+0000] {processor.py:183} INFO - Processing /home/airflow/.local/lib/python3.8/site-packages/airflow/example_dags/example_branch_operator_decorator.py took 0.157 seconds
[2025-04-13T15:20:02.211+0000] {processor.py:161} INFO - Started process (PID=175) to work on /home/airflow/.local/lib/python3.8/site-packages/airflow/example_dags/example_branch_operator_decorator.py
[2025-04-13T15:20:02.214+0000] {processor.py:830} INFO - Processing file /home/airflow/.local/lib/python3.8/site-packages/airflow/example_dags/example_branch_operator_decorator.py for tasks to queue
[2025-04-13T15:20:02.217+0000] {logging_mixin.py:188} INFO - [2025-04-13T15:20:02.216+0000] {dagbag.py:538} INFO - Filling up the DagBag from /home/airflow/.local/lib/python3.8/site-packages/airflow/example_dags/example_branch_operator_decorator.py
[2025-04-13T15:20:02.275+0000] {processor.py:840} INFO - DAG(s) 'example_branch_python_operator_decorator' retrieved from /home/airflow/.local/lib/python3.8/site-packages/airflow/example_dags/example_branch_operator_decorator.py
[2025-04-13T15:20:02.412+0000] {logging_mixin.py:188} INFO - [2025-04-13T15:20:02.411+0000] {dag.py:3036} INFO - Sync 1 DAGs
[2025-04-13T15:20:02.492+0000] {logging_mixin.py:188} INFO - [2025-04-13T15:20:02.491+0000] {dag.py:3823} INFO - Setting next_dagrun for example_branch_python_operator_decorator to 2025-04-12 00:00:00+00:00, run_after=2025-04-13 00:00:00+00:00
[2025-04-13T15:20:02.571+0000] {processor.py:183} INFO - Processing /home/airflow/.local/lib/python3.8/site-packages/airflow/example_dags/example_branch_operator_decorator.py took 0.365 seconds
[2025-04-13T15:20:35.697+0000] {processor.py:161} INFO - Started process (PID=231) to work on /home/airflow/.local/lib/python3.8/site-packages/airflow/example_dags/example_branch_operator_decorator.py
[2025-04-13T15:20:35.700+0000] {processor.py:830} INFO - Processing file /home/airflow/.local/lib/python3.8/site-packages/airflow/example_dags/example_branch_operator_decorator.py for tasks to queue
[2025-04-13T15:20:35.706+0000] {logging_mixin.py:188} INFO - [2025-04-13T15:20:35.706+0000] {dagbag.py:538} INFO - Filling up the DagBag from /home/airflow/.local/lib/python3.8/site-packages/airflow/example_dags/example_branch_operator_decorator.py
[2025-04-13T15:20:35.776+0000] {processor.py:840} INFO - DAG(s) 'example_branch_python_operator_decorator' retrieved from /home/airflow/.local/lib/python3.8/site-packages/airflow/example_dags/example_branch_operator_decorator.py
[2025-04-13T15:20:35.855+0000] {logging_mixin.py:188} INFO - [2025-04-13T15:20:35.855+0000] {dag.py:3036} INFO - Sync 1 DAGs
[2025-04-13T15:20:35.919+0000] {logging_mixin.py:188} INFO - [2025-04-13T15:20:35.919+0000] {dag.py:3823} INFO - Setting next_dagrun for example_branch_python_operator_decorator to 2025-04-12 00:00:00+00:00, run_after=2025-04-13 00:00:00+00:00
[2025-04-13T15:20:35.958+0000] {processor.py:183} INFO - Processing /home/airflow/.local/lib/python3.8/site-packages/airflow/example_dags/example_branch_operator_decorator.py took 0.268 seconds
[2025-04-13T15:21:09.364+0000] {processor.py:161} INFO - Started process (PID=288) to work on /home/airflow/.local/lib/python3.8/site-packages/airflow/example_dags/example_branch_operator_decorator.py
[2025-04-13T15:21:09.366+0000] {processor.py:830} INFO - Processing file /home/airflow/.local/lib/python3.8/site-packages/airflow/example_dags/example_branch_operator_decorator.py for tasks to queue
[2025-04-13T15:21:09.372+0000] {logging_mixin.py:188} INFO - [2025-04-13T15:21:09.371+0000] {dagbag.py:538} INFO - Filling up the DagBag from /home/airflow/.local/lib/python3.8/site-packages/airflow/example_dags/example_branch_operator_decorator.py
[2025-04-13T15:21:09.418+0000] {processor.py:840} INFO - DAG(s) 'example_branch_python_operator_decorator' retrieved from /home/airflow/.local/lib/python3.8/site-packages/airflow/example_dags/example_branch_operator_decorator.py
[2025-04-13T15:21:09.502+0000] {logging_mixin.py:188} INFO - [2025-04-13T15:21:09.502+0000] {dag.py:3036} INFO - Sync 1 DAGs
[2025-04-13T15:21:09.570+0000] {logging_mixin.py:188} INFO - [2025-04-13T15:21:09.570+0000] {dag.py:3823} INFO - Setting next_dagrun for example_branch_python_operator_decorator to 2025-04-12 00:00:00+00:00, run_after=2025-04-13 00:00:00+00:00
[2025-04-13T15:21:09.620+0000] {processor.py:183} INFO - Processing /home/airflow/.local/lib/python3.8/site-packages/airflow/example_dags/example_branch_operator_decorator.py took 0.261 seconds
[2025-04-13T15:21:41.775+0000] {processor.py:161} INFO - Started process (PID=344) to work on /home/airflow/.local/lib/python3.8/site-packages/airflow/example_dags/example_branch_operator_decorator.py
[2025-04-13T15:21:41.777+0000] {processor.py:830} INFO - Processing file /home/airflow/.local/lib/python3.8/site-packages/airflow/example_dags/example_branch_operator_decorator.py for tasks to queue
[2025-04-13T15:21:41.780+0000] {logging_mixin.py:188} INFO - [2025-04-13T15:21:41.779+0000] {dagbag.py:538} INFO - Filling up the DagBag from /home/airflow/.local/lib/python3.8/site-packages/airflow/example_dags/example_branch_operator_decorator.py
[2025-04-13T15:21:41.804+0000] {processor.py:840} INFO - DAG(s) 'example_branch_python_operator_decorator' retrieved from /home/airflow/.local/lib/python3.8/site-packages/airflow/example_dags/example_branch_operator_decorator.py
[2025-04-13T15:21:41.835+0000] {logging_mixin.py:188} INFO - [2025-04-13T15:21:41.835+0000] {dag.py:3036} INFO - Sync 1 DAGs
[2025-04-13T15:21:41.867+0000] {logging_mixin.py:188} INFO - [2025-04-13T15:21:41.866+0000] {dag.py:3823} INFO - Setting next_dagrun for example_branch_python_operator_decorator to 2025-04-12 00:00:00+00:00, run_after=2025-04-13 00:00:00+00:00
[2025-04-13T15:21:41.897+0000] {processor.py:183} INFO - Processing /home/airflow/.local/lib/python3.8/site-packages/airflow/example_dags/example_branch_operator_decorator.py took 0.126 seconds
[2025-04-13T15:22:13.477+0000] {processor.py:161} INFO - Started process (PID=400) to work on /home/airflow/.local/lib/python3.8/site-packages/airflow/example_dags/example_branch_operator_decorator.py
[2025-04-13T15:22:13.479+0000] {processor.py:830} INFO - Processing file /home/airflow/.local/lib/python3.8/site-packages/airflow/example_dags/example_branch_operator_decorator.py for tasks to queue
[2025-04-13T15:22:13.484+0000] {logging_mixin.py:188} INFO - [2025-04-13T15:22:13.483+0000] {dagbag.py:538} INFO - Filling up the DagBag from /home/airflow/.local/lib/python3.8/site-packages/airflow/example_dags/example_branch_operator_decorator.py
[2025-04-13T15:22:13.511+0000] {processor.py:840} INFO - DAG(s) 'example_branch_python_operator_decorator' retrieved from /home/airflow/.local/lib/python3.8/site-packages/airflow/example_dags/example_branch_operator_decorator.py
[2025-04-13T15:22:13.538+0000] {logging_mixin.py:188} INFO - [2025-04-13T15:22:13.538+0000] {dag.py:3036} INFO - Sync 1 DAGs
[2025-04-13T15:22:13.563+0000] {logging_mixin.py:188} INFO - [2025-04-13T15:22:13.562+0000] {dag.py:3823} INFO - Setting next_dagrun for example_branch_python_operator_decorator to 2025-04-12 00:00:00+00:00, run_after=2025-04-13 00:00:00+00:00
[2025-04-13T15:22:13.585+0000] {processor.py:183} INFO - Processing /home/airflow/.local/lib/python3.8/site-packages/airflow/example_dags/example_branch_operator_decorator.py took 0.113 seconds
[2025-04-13T15:22:45.932+0000] {processor.py:161} INFO - Started process (PID=455) to work on /home/airflow/.local/lib/python3.8/site-packages/airflow/example_dags/example_branch_operator_decorator.py
[2025-04-13T15:22:45.933+0000] {processor.py:830} INFO - Processing file /home/airflow/.local/lib/python3.8/site-packages/airflow/example_dags/example_branch_operator_decorator.py for tasks to queue
[2025-04-13T15:22:45.935+0000] {logging_mixin.py:188} INFO - [2025-04-13T15:22:45.935+0000] {dagbag.py:538} INFO - Filling up the DagBag from /home/airflow/.local/lib/python3.8/site-packages/airflow/example_dags/example_branch_operator_decorator.py
[2025-04-13T15:22:45.965+0000] {processor.py:840} INFO - DAG(s) 'example_branch_python_operator_decorator' retrieved from /home/airflow/.local/lib/python3.8/site-packages/airflow/example_dags/example_branch_operator_decorator.py
[2025-04-13T15:22:45.998+0000] {logging_mixin.py:188} INFO - [2025-04-13T15:22:45.998+0000] {dag.py:3036} INFO - Sync 1 DAGs
[2025-04-13T15:22:46.029+0000] {logging_mixin.py:188} INFO - [2025-04-13T15:22:46.028+0000] {dag.py:3823} INFO - Setting next_dagrun for example_branch_python_operator_decorator to 2025-04-12 00:00:00+00:00, run_after=2025-04-13 00:00:00+00:00
[2025-04-13T15:22:46.055+0000] {processor.py:183} INFO - Processing /home/airflow/.local/lib/python3.8/site-packages/airflow/example_dags/example_branch_operator_decorator.py took 0.127 seconds
[2025-04-13T15:23:16.416+0000] {processor.py:161} INFO - Started process (PID=511) to work on /home/airflow/.local/lib/python3.8/site-packages/airflow/example_dags/example_branch_operator_decorator.py
[2025-04-13T15:23:16.417+0000] {processor.py:830} INFO - Processing file /home/airflow/.local/lib/python3.8/site-packages/airflow/example_dags/example_branch_operator_decorator.py for tasks to queue
[2025-04-13T15:23:16.420+0000] {logging_mixin.py:188} INFO - [2025-04-13T15:23:16.419+0000] {dagbag.py:538} INFO - Filling up the DagBag from /home/airflow/.local/lib/python3.8/site-packages/airflow/example_dags/example_branch_operator_decorator.py
[2025-04-13T15:23:16.450+0000] {processor.py:840} INFO - DAG(s) 'example_branch_python_operator_decorator' retrieved from /home/airflow/.local/lib/python3.8/site-packages/airflow/example_dags/example_branch_operator_decorator.py
[2025-04-13T15:23:16.498+0000] {logging_mixin.py:188} INFO - [2025-04-13T15:23:16.497+0000] {dag.py:3036} INFO - Sync 1 DAGs
[2025-04-13T15:23:16.538+0000] {logging_mixin.py:188} INFO - [2025-04-13T15:23:16.538+0000] {dag.py:3823} INFO - Setting next_dagrun for example_branch_python_operator_decorator to 2025-04-12 00:00:00+00:00, run_after=2025-04-13 00:00:00+00:00
[2025-04-13T15:23:16.572+0000] {processor.py:183} INFO - Processing /home/airflow/.local/lib/python3.8/site-packages/airflow/example_dags/example_branch_operator_decorator.py took 0.161 seconds
[2025-04-13T15:23:47.226+0000] {processor.py:161} INFO - Started process (PID=566) to work on /home/airflow/.local/lib/python3.8/site-packages/airflow/example_dags/example_branch_operator_decorator.py
[2025-04-13T15:23:47.227+0000] {processor.py:830} INFO - Processing file /home/airflow/.local/lib/python3.8/site-packages/airflow/example_dags/example_branch_operator_decorator.py for tasks to queue
[2025-04-13T15:23:47.229+0000] {logging_mixin.py:188} INFO - [2025-04-13T15:23:47.229+0000] {dagbag.py:538} INFO - Filling up the DagBag from /home/airflow/.local/lib/python3.8/site-packages/airflow/example_dags/example_branch_operator_decorator.py
[2025-04-13T15:23:47.257+0000] {processor.py:840} INFO - DAG(s) 'example_branch_python_operator_decorator' retrieved from /home/airflow/.local/lib/python3.8/site-packages/airflow/example_dags/example_branch_operator_decorator.py
[2025-04-13T15:23:47.289+0000] {logging_mixin.py:188} INFO - [2025-04-13T15:23:47.289+0000] {dag.py:3036} INFO - Sync 1 DAGs
[2025-04-13T15:23:47.321+0000] {logging_mixin.py:188} INFO - [2025-04-13T15:23:47.321+0000] {dag.py:3823} INFO - Setting next_dagrun for example_branch_python_operator_decorator to 2025-04-12 00:00:00+00:00, run_after=2025-04-13 00:00:00+00:00
[2025-04-13T15:23:47.348+0000] {processor.py:183} INFO - Processing /home/airflow/.local/lib/python3.8/site-packages/airflow/example_dags/example_branch_operator_decorator.py took 0.126 seconds
[2025-04-13T15:24:17.756+0000] {processor.py:161} INFO - Started process (PID=623) to work on /home/airflow/.local/lib/python3.8/site-packages/airflow/example_dags/example_branch_operator_decorator.py
[2025-04-13T15:24:17.758+0000] {processor.py:830} INFO - Processing file /home/airflow/.local/lib/python3.8/site-packages/airflow/example_dags/example_branch_operator_decorator.py for tasks to queue
[2025-04-13T15:24:17.760+0000] {logging_mixin.py:188} INFO - [2025-04-13T15:24:17.759+0000] {dagbag.py:538} INFO - Filling up the DagBag from /home/airflow/.local/lib/python3.8/site-packages/airflow/example_dags/example_branch_operator_decorator.py
[2025-04-13T15:24:17.787+0000] {processor.py:840} INFO - DAG(s) 'example_branch_python_operator_decorator' retrieved from /home/airflow/.local/lib/python3.8/site-packages/airflow/example_dags/example_branch_operator_decorator.py
[2025-04-13T15:24:17.821+0000] {logging_mixin.py:188} INFO - [2025-04-13T15:24:17.821+0000] {dag.py:3036} INFO - Sync 1 DAGs
[2025-04-13T15:24:17.847+0000] {logging_mixin.py:188} INFO - [2025-04-13T15:24:17.847+0000] {dag.py:3823} INFO - Setting next_dagrun for example_branch_python_operator_decorator to 2025-04-12 00:00:00+00:00, run_after=2025-04-13 00:00:00+00:00
[2025-04-13T15:24:17.872+0000] {processor.py:183} INFO - Processing /home/airflow/.local/lib/python3.8/site-packages/airflow/example_dags/example_branch_operator_decorator.py took 0.120 seconds
[2025-04-13T15:24:48.087+0000] {processor.py:161} INFO - Started process (PID=679) to work on /home/airflow/.local/lib/python3.8/site-packages/airflow/example_dags/example_branch_operator_decorator.py
[2025-04-13T15:24:48.088+0000] {processor.py:830} INFO - Processing file /home/airflow/.local/lib/python3.8/site-packages/airflow/example_dags/example_branch_operator_decorator.py for tasks to queue
[2025-04-13T15:24:48.090+0000] {logging_mixin.py:188} INFO - [2025-04-13T15:24:48.090+0000] {dagbag.py:538} INFO - Filling up the DagBag from /home/airflow/.local/lib/python3.8/site-packages/airflow/example_dags/example_branch_operator_decorator.py
[2025-04-13T15:24:48.114+0000] {processor.py:840} INFO - DAG(s) 'example_branch_python_operator_decorator' retrieved from /home/airflow/.local/lib/python3.8/site-packages/airflow/example_dags/example_branch_operator_decorator.py
[2025-04-13T15:24:48.150+0000] {logging_mixin.py:188} INFO - [2025-04-13T15:24:48.150+0000] {dag.py:3036} INFO - Sync 1 DAGs
[2025-04-13T15:24:48.178+0000] {logging_mixin.py:188} INFO - [2025-04-13T15:24:48.177+0000] {dag.py:3823} INFO - Setting next_dagrun for example_branch_python_operator_decorator to 2025-04-12 00:00:00+00:00, run_after=2025-04-13 00:00:00+00:00
[2025-04-13T15:24:48.205+0000] {processor.py:183} INFO - Processing /home/airflow/.local/lib/python3.8/site-packages/airflow/example_dags/example_branch_operator_decorator.py took 0.121 seconds
[2025-04-13T15:25:18.636+0000] {processor.py:161} INFO - Started process (PID=735) to work on /home/airflow/.local/lib/python3.8/site-packages/airflow/example_dags/example_branch_operator_decorator.py
[2025-04-13T15:25:18.638+0000] {processor.py:830} INFO - Processing file /home/airflow/.local/lib/python3.8/site-packages/airflow/example_dags/example_branch_operator_decorator.py for tasks to queue
[2025-04-13T15:25:18.640+0000] {logging_mixin.py:188} INFO - [2025-04-13T15:25:18.640+0000] {dagbag.py:538} INFO - Filling up the DagBag from /home/airflow/.local/lib/python3.8/site-packages/airflow/example_dags/example_branch_operator_decorator.py
[2025-04-13T15:25:18.664+0000] {processor.py:840} INFO - DAG(s) 'example_branch_python_operator_decorator' retrieved from /home/airflow/.local/lib/python3.8/site-packages/airflow/example_dags/example_branch_operator_decorator.py
[2025-04-13T15:25:18.694+0000] {logging_mixin.py:188} INFO - [2025-04-13T15:25:18.694+0000] {dag.py:3036} INFO - Sync 1 DAGs
[2025-04-13T15:25:18.756+0000] {logging_mixin.py:188} INFO - [2025-04-13T15:25:18.756+0000] {dag.py:3823} INFO - Setting next_dagrun for example_branch_python_operator_decorator to 2025-04-12 00:00:00+00:00, run_after=2025-04-13 00:00:00+00:00
[2025-04-13T15:25:18.780+0000] {processor.py:183} INFO - Processing /home/airflow/.local/lib/python3.8/site-packages/airflow/example_dags/example_branch_operator_decorator.py took 0.148 seconds
[2025-04-13T15:25:49.146+0000] {processor.py:161} INFO - Started process (PID=791) to work on /home/airflow/.local/lib/python3.8/site-packages/airflow/example_dags/example_branch_operator_decorator.py
[2025-04-13T15:25:49.147+0000] {processor.py:830} INFO - Processing file /home/airflow/.local/lib/python3.8/site-packages/airflow/example_dags/example_branch_operator_decorator.py for tasks to queue
[2025-04-13T15:25:49.150+0000] {logging_mixin.py:188} INFO - [2025-04-13T15:25:49.149+0000] {dagbag.py:538} INFO - Filling up the DagBag from /home/airflow/.local/lib/python3.8/site-packages/airflow/example_dags/example_branch_operator_decorator.py
[2025-04-13T15:25:49.186+0000] {processor.py:840} INFO - DAG(s) 'example_branch_python_operator_decorator' retrieved from /home/airflow/.local/lib/python3.8/site-packages/airflow/example_dags/example_branch_operator_decorator.py
[2025-04-13T15:25:49.228+0000] {logging_mixin.py:188} INFO - [2025-04-13T15:25:49.227+0000] {dag.py:3036} INFO - Sync 1 DAGs
[2025-04-13T15:25:49.262+0000] {logging_mixin.py:188} INFO - [2025-04-13T15:25:49.262+0000] {dag.py:3823} INFO - Setting next_dagrun for example_branch_python_operator_decorator to 2025-04-12 00:00:00+00:00, run_after=2025-04-13 00:00:00+00:00
[2025-04-13T15:25:49.287+0000] {processor.py:183} INFO - Processing /home/airflow/.local/lib/python3.8/site-packages/airflow/example_dags/example_branch_operator_decorator.py took 0.145 seconds
[2025-04-13T15:26:19.536+0000] {processor.py:161} INFO - Started process (PID=841) to work on /home/airflow/.local/lib/python3.8/site-packages/airflow/example_dags/example_branch_operator_decorator.py
[2025-04-13T15:26:19.538+0000] {processor.py:830} INFO - Processing file /home/airflow/.local/lib/python3.8/site-packages/airflow/example_dags/example_branch_operator_decorator.py for tasks to queue
[2025-04-13T15:26:19.540+0000] {logging_mixin.py:188} INFO - [2025-04-13T15:26:19.540+0000] {dagbag.py:538} INFO - Filling up the DagBag from /home/airflow/.local/lib/python3.8/site-packages/airflow/example_dags/example_branch_operator_decorator.py
[2025-04-13T15:26:19.567+0000] {processor.py:840} INFO - DAG(s) 'example_branch_python_operator_decorator' retrieved from /home/airflow/.local/lib/python3.8/site-packages/airflow/example_dags/example_branch_operator_decorator.py
[2025-04-13T15:26:19.602+0000] {logging_mixin.py:188} INFO - [2025-04-13T15:26:19.602+0000] {dag.py:3036} INFO - Sync 1 DAGs
[2025-04-13T15:26:19.642+0000] {logging_mixin.py:188} INFO - [2025-04-13T15:26:19.642+0000] {dag.py:3823} INFO - Setting next_dagrun for example_branch_python_operator_decorator to 2025-04-12 00:00:00+00:00, run_after=2025-04-13 00:00:00+00:00
[2025-04-13T15:26:19.673+0000] {processor.py:183} INFO - Processing /home/airflow/.local/lib/python3.8/site-packages/airflow/example_dags/example_branch_operator_decorator.py took 0.141 seconds
[2025-04-13T15:26:51.390+0000] {processor.py:161} INFO - Started process (PID=897) to work on /home/airflow/.local/lib/python3.8/site-packages/airflow/example_dags/example_branch_operator_decorator.py
[2025-04-13T15:26:51.392+0000] {processor.py:830} INFO - Processing file /home/airflow/.local/lib/python3.8/site-packages/airflow/example_dags/example_branch_operator_decorator.py for tasks to queue
[2025-04-13T15:26:51.395+0000] {logging_mixin.py:188} INFO - [2025-04-13T15:26:51.394+0000] {dagbag.py:538} INFO - Filling up the DagBag from /home/airflow/.local/lib/python3.8/site-packages/airflow/example_dags/example_branch_operator_decorator.py
[2025-04-13T15:26:51.424+0000] {processor.py:840} INFO - DAG(s) 'example_branch_python_operator_decorator' retrieved from /home/airflow/.local/lib/python3.8/site-packages/airflow/example_dags/example_branch_operator_decorator.py
[2025-04-13T15:26:51.466+0000] {logging_mixin.py:188} INFO - [2025-04-13T15:26:51.466+0000] {dag.py:3036} INFO - Sync 1 DAGs
[2025-04-13T15:26:51.498+0000] {logging_mixin.py:188} INFO - [2025-04-13T15:26:51.498+0000] {dag.py:3823} INFO - Setting next_dagrun for example_branch_python_operator_decorator to 2025-04-12 00:00:00+00:00, run_after=2025-04-13 00:00:00+00:00
[2025-04-13T15:26:51.529+0000] {processor.py:183} INFO - Processing /home/airflow/.local/lib/python3.8/site-packages/airflow/example_dags/example_branch_operator_decorator.py took 0.145 seconds
[2025-04-13T15:27:21.604+0000] {processor.py:161} INFO - Started process (PID=954) to work on /home/airflow/.local/lib/python3.8/site-packages/airflow/example_dags/example_branch_operator_decorator.py
[2025-04-13T15:27:21.605+0000] {processor.py:830} INFO - Processing file /home/airflow/.local/lib/python3.8/site-packages/airflow/example_dags/example_branch_operator_decorator.py for tasks to queue
[2025-04-13T15:27:21.608+0000] {logging_mixin.py:188} INFO - [2025-04-13T15:27:21.607+0000] {dagbag.py:538} INFO - Filling up the DagBag from /home/airflow/.local/lib/python3.8/site-packages/airflow/example_dags/example_branch_operator_decorator.py
[2025-04-13T15:27:21.636+0000] {processor.py:840} INFO - DAG(s) 'example_branch_python_operator_decorator' retrieved from /home/airflow/.local/lib/python3.8/site-packages/airflow/example_dags/example_branch_operator_decorator.py
[2025-04-13T15:27:21.667+0000] {logging_mixin.py:188} INFO - [2025-04-13T15:27:21.667+0000] {dag.py:3036} INFO - Sync 1 DAGs
[2025-04-13T15:27:21.707+0000] {logging_mixin.py:188} INFO - [2025-04-13T15:27:21.706+0000] {dag.py:3823} INFO - Setting next_dagrun for example_branch_python_operator_decorator to 2025-04-12 00:00:00+00:00, run_after=2025-04-13 00:00:00+00:00
[2025-04-13T15:27:21.741+0000] {processor.py:183} INFO - Processing /home/airflow/.local/lib/python3.8/site-packages/airflow/example_dags/example_branch_operator_decorator.py took 0.140 seconds
[2025-04-13T15:27:52.160+0000] {processor.py:161} INFO - Started process (PID=1012) to work on /home/airflow/.local/lib/python3.8/site-packages/airflow/example_dags/example_branch_operator_decorator.py
[2025-04-13T15:27:52.165+0000] {processor.py:830} INFO - Processing file /home/airflow/.local/lib/python3.8/site-packages/airflow/example_dags/example_branch_operator_decorator.py for tasks to queue
[2025-04-13T15:27:52.169+0000] {logging_mixin.py:188} INFO - [2025-04-13T15:27:52.169+0000] {dagbag.py:538} INFO - Filling up the DagBag from /home/airflow/.local/lib/python3.8/site-packages/airflow/example_dags/example_branch_operator_decorator.py
[2025-04-13T15:27:52.207+0000] {processor.py:840} INFO - DAG(s) 'example_branch_python_operator_decorator' retrieved from /home/airflow/.local/lib/python3.8/site-packages/airflow/example_dags/example_branch_operator_decorator.py
[2025-04-13T15:27:52.245+0000] {logging_mixin.py:188} INFO - [2025-04-13T15:27:52.245+0000] {dag.py:3036} INFO - Sync 1 DAGs
[2025-04-13T15:27:52.285+0000] {logging_mixin.py:188} INFO - [2025-04-13T15:27:52.284+0000] {dag.py:3823} INFO - Setting next_dagrun for example_branch_python_operator_decorator to 2025-04-12 00:00:00+00:00, run_after=2025-04-13 00:00:00+00:00
[2025-04-13T15:27:52.322+0000] {processor.py:183} INFO - Processing /home/airflow/.local/lib/python3.8/site-packages/airflow/example_dags/example_branch_operator_decorator.py took 0.166 seconds
[2025-04-13T15:28:22.490+0000] {processor.py:161} INFO - Started process (PID=1069) to work on /home/airflow/.local/lib/python3.8/site-packages/airflow/example_dags/example_branch_operator_decorator.py
[2025-04-13T15:28:22.491+0000] {processor.py:830} INFO - Processing file /home/airflow/.local/lib/python3.8/site-packages/airflow/example_dags/example_branch_operator_decorator.py for tasks to queue
[2025-04-13T15:28:22.495+0000] {logging_mixin.py:188} INFO - [2025-04-13T15:28:22.494+0000] {dagbag.py:538} INFO - Filling up the DagBag from /home/airflow/.local/lib/python3.8/site-packages/airflow/example_dags/example_branch_operator_decorator.py
[2025-04-13T15:28:22.517+0000] {processor.py:840} INFO - DAG(s) 'example_branch_python_operator_decorator' retrieved from /home/airflow/.local/lib/python3.8/site-packages/airflow/example_dags/example_branch_operator_decorator.py
[2025-04-13T15:28:22.546+0000] {logging_mixin.py:188} INFO - [2025-04-13T15:28:22.546+0000] {dag.py:3036} INFO - Sync 1 DAGs
[2025-04-13T15:28:22.570+0000] {logging_mixin.py:188} INFO - [2025-04-13T15:28:22.569+0000] {dag.py:3823} INFO - Setting next_dagrun for example_branch_python_operator_decorator to 2025-04-12 00:00:00+00:00, run_after=2025-04-13 00:00:00+00:00
[2025-04-13T15:28:22.593+0000] {processor.py:183} INFO - Processing /home/airflow/.local/lib/python3.8/site-packages/airflow/example_dags/example_branch_operator_decorator.py took 0.106 seconds
[2025-04-13T15:28:53.015+0000] {processor.py:161} INFO - Started process (PID=1123) to work on /home/airflow/.local/lib/python3.8/site-packages/airflow/example_dags/example_branch_operator_decorator.py
[2025-04-13T15:28:53.017+0000] {processor.py:830} INFO - Processing file /home/airflow/.local/lib/python3.8/site-packages/airflow/example_dags/example_branch_operator_decorator.py for tasks to queue
[2025-04-13T15:28:53.020+0000] {logging_mixin.py:188} INFO - [2025-04-13T15:28:53.019+0000] {dagbag.py:538} INFO - Filling up the DagBag from /home/airflow/.local/lib/python3.8/site-packages/airflow/example_dags/example_branch_operator_decorator.py
[2025-04-13T15:28:53.055+0000] {processor.py:840} INFO - DAG(s) 'example_branch_python_operator_decorator' retrieved from /home/airflow/.local/lib/python3.8/site-packages/airflow/example_dags/example_branch_operator_decorator.py
[2025-04-13T15:28:53.087+0000] {logging_mixin.py:188} INFO - [2025-04-13T15:28:53.087+0000] {dag.py:3036} INFO - Sync 1 DAGs
[2025-04-13T15:28:53.121+0000] {logging_mixin.py:188} INFO - [2025-04-13T15:28:53.120+0000] {dag.py:3823} INFO - Setting next_dagrun for example_branch_python_operator_decorator to 2025-04-12 00:00:00+00:00, run_after=2025-04-13 00:00:00+00:00
[2025-04-13T15:28:53.145+0000] {processor.py:183} INFO - Processing /home/airflow/.local/lib/python3.8/site-packages/airflow/example_dags/example_branch_operator_decorator.py took 0.134 seconds
[2025-04-13T15:29:23.263+0000] {processor.py:161} INFO - Started process (PID=1179) to work on /home/airflow/.local/lib/python3.8/site-packages/airflow/example_dags/example_branch_operator_decorator.py
[2025-04-13T15:29:23.265+0000] {processor.py:830} INFO - Processing file /home/airflow/.local/lib/python3.8/site-packages/airflow/example_dags/example_branch_operator_decorator.py for tasks to queue
[2025-04-13T15:29:23.269+0000] {logging_mixin.py:188} INFO - [2025-04-13T15:29:23.268+0000] {dagbag.py:538} INFO - Filling up the DagBag from /home/airflow/.local/lib/python3.8/site-packages/airflow/example_dags/example_branch_operator_decorator.py
[2025-04-13T15:29:23.308+0000] {processor.py:840} INFO - DAG(s) 'example_branch_python_operator_decorator' retrieved from /home/airflow/.local/lib/python3.8/site-packages/airflow/example_dags/example_branch_operator_decorator.py
[2025-04-13T15:29:23.350+0000] {logging_mixin.py:188} INFO - [2025-04-13T15:29:23.350+0000] {dag.py:3036} INFO - Sync 1 DAGs
[2025-04-13T15:29:23.384+0000] {logging_mixin.py:188} INFO - [2025-04-13T15:29:23.384+0000] {dag.py:3823} INFO - Setting next_dagrun for example_branch_python_operator_decorator to 2025-04-12 00:00:00+00:00, run_after=2025-04-13 00:00:00+00:00
[2025-04-13T15:29:23.416+0000] {processor.py:183} INFO - Processing /home/airflow/.local/lib/python3.8/site-packages/airflow/example_dags/example_branch_operator_decorator.py took 0.157 seconds
[2025-04-13T15:29:53.591+0000] {processor.py:161} INFO - Started process (PID=1235) to work on /home/airflow/.local/lib/python3.8/site-packages/airflow/example_dags/example_branch_operator_decorator.py
[2025-04-13T15:29:53.592+0000] {processor.py:830} INFO - Processing file /home/airflow/.local/lib/python3.8/site-packages/airflow/example_dags/example_branch_operator_decorator.py for tasks to queue
[2025-04-13T15:29:53.604+0000] {logging_mixin.py:188} INFO - [2025-04-13T15:29:53.604+0000] {dagbag.py:538} INFO - Filling up the DagBag from /home/airflow/.local/lib/python3.8/site-packages/airflow/example_dags/example_branch_operator_decorator.py
[2025-04-13T15:29:53.662+0000] {processor.py:840} INFO - DAG(s) 'example_branch_python_operator_decorator' retrieved from /home/airflow/.local/lib/python3.8/site-packages/airflow/example_dags/example_branch_operator_decorator.py
[2025-04-13T15:29:53.708+0000] {logging_mixin.py:188} INFO - [2025-04-13T15:29:53.708+0000] {dag.py:3036} INFO - Sync 1 DAGs
[2025-04-13T15:29:53.738+0000] {logging_mixin.py:188} INFO - [2025-04-13T15:29:53.737+0000] {dag.py:3823} INFO - Setting next_dagrun for example_branch_python_operator_decorator to 2025-04-12 00:00:00+00:00, run_after=2025-04-13 00:00:00+00:00
[2025-04-13T15:29:53.762+0000] {processor.py:183} INFO - Processing /home/airflow/.local/lib/python3.8/site-packages/airflow/example_dags/example_branch_operator_decorator.py took 0.176 seconds
[2025-04-13T15:30:24.313+0000] {processor.py:161} INFO - Started process (PID=1292) to work on /home/airflow/.local/lib/python3.8/site-packages/airflow/example_dags/example_branch_operator_decorator.py
[2025-04-13T15:30:24.314+0000] {processor.py:830} INFO - Processing file /home/airflow/.local/lib/python3.8/site-packages/airflow/example_dags/example_branch_operator_decorator.py for tasks to queue
[2025-04-13T15:30:24.316+0000] {logging_mixin.py:188} INFO - [2025-04-13T15:30:24.316+0000] {dagbag.py:538} INFO - Filling up the DagBag from /home/airflow/.local/lib/python3.8/site-packages/airflow/example_dags/example_branch_operator_decorator.py
[2025-04-13T15:30:24.353+0000] {processor.py:840} INFO - DAG(s) 'example_branch_python_operator_decorator' retrieved from /home/airflow/.local/lib/python3.8/site-packages/airflow/example_dags/example_branch_operator_decorator.py
[2025-04-13T15:30:24.391+0000] {logging_mixin.py:188} INFO - [2025-04-13T15:30:24.390+0000] {dag.py:3036} INFO - Sync 1 DAGs
[2025-04-13T15:30:24.417+0000] {logging_mixin.py:188} INFO - [2025-04-13T15:30:24.417+0000] {dag.py:3823} INFO - Setting next_dagrun for example_branch_python_operator_decorator to 2025-04-12 00:00:00+00:00, run_after=2025-04-13 00:00:00+00:00
[2025-04-13T15:30:24.441+0000] {processor.py:183} INFO - Processing /home/airflow/.local/lib/python3.8/site-packages/airflow/example_dags/example_branch_operator_decorator.py took 0.132 seconds
[2025-04-13T15:30:56.300+0000] {processor.py:161} INFO - Started process (PID=1343) to work on /home/airflow/.local/lib/python3.8/site-packages/airflow/example_dags/example_branch_operator_decorator.py
[2025-04-13T15:30:56.302+0000] {processor.py:830} INFO - Processing file /home/airflow/.local/lib/python3.8/site-packages/airflow/example_dags/example_branch_operator_decorator.py for tasks to queue
[2025-04-13T15:30:56.305+0000] {logging_mixin.py:188} INFO - [2025-04-13T15:30:56.305+0000] {dagbag.py:538} INFO - Filling up the DagBag from /home/airflow/.local/lib/python3.8/site-packages/airflow/example_dags/example_branch_operator_decorator.py
[2025-04-13T15:30:56.331+0000] {processor.py:840} INFO - DAG(s) 'example_branch_python_operator_decorator' retrieved from /home/airflow/.local/lib/python3.8/site-packages/airflow/example_dags/example_branch_operator_decorator.py
[2025-04-13T15:30:56.370+0000] {logging_mixin.py:188} INFO - [2025-04-13T15:30:56.369+0000] {dag.py:3036} INFO - Sync 1 DAGs
[2025-04-13T15:30:56.404+0000] {logging_mixin.py:188} INFO - [2025-04-13T15:30:56.403+0000] {dag.py:3823} INFO - Setting next_dagrun for example_branch_python_operator_decorator to 2025-04-12 00:00:00+00:00, run_after=2025-04-13 00:00:00+00:00
[2025-04-13T15:30:56.429+0000] {processor.py:183} INFO - Processing /home/airflow/.local/lib/python3.8/site-packages/airflow/example_dags/example_branch_operator_decorator.py took 0.133 seconds
[2025-04-13T15:31:29.828+0000] {processor.py:161} INFO - Started process (PID=1399) to work on /home/airflow/.local/lib/python3.8/site-packages/airflow/example_dags/example_branch_operator_decorator.py
[2025-04-13T15:31:29.829+0000] {processor.py:830} INFO - Processing file /home/airflow/.local/lib/python3.8/site-packages/airflow/example_dags/example_branch_operator_decorator.py for tasks to queue
[2025-04-13T15:31:29.831+0000] {logging_mixin.py:188} INFO - [2025-04-13T15:31:29.831+0000] {dagbag.py:538} INFO - Filling up the DagBag from /home/airflow/.local/lib/python3.8/site-packages/airflow/example_dags/example_branch_operator_decorator.py
[2025-04-13T15:31:29.857+0000] {processor.py:840} INFO - DAG(s) 'example_branch_python_operator_decorator' retrieved from /home/airflow/.local/lib/python3.8/site-packages/airflow/example_dags/example_branch_operator_decorator.py
[2025-04-13T15:31:29.887+0000] {logging_mixin.py:188} INFO - [2025-04-13T15:31:29.887+0000] {dag.py:3036} INFO - Sync 1 DAGs
[2025-04-13T15:31:29.919+0000] {logging_mixin.py:188} INFO - [2025-04-13T15:31:29.918+0000] {dag.py:3823} INFO - Setting next_dagrun for example_branch_python_operator_decorator to 2025-04-12 00:00:00+00:00, run_after=2025-04-13 00:00:00+00:00
[2025-04-13T15:31:29.942+0000] {processor.py:183} INFO - Processing /home/airflow/.local/lib/python3.8/site-packages/airflow/example_dags/example_branch_operator_decorator.py took 0.119 seconds
[2025-04-13T15:32:02.116+0000] {processor.py:161} INFO - Started process (PID=1455) to work on /home/airflow/.local/lib/python3.8/site-packages/airflow/example_dags/example_branch_operator_decorator.py
[2025-04-13T15:32:02.118+0000] {processor.py:830} INFO - Processing file /home/airflow/.local/lib/python3.8/site-packages/airflow/example_dags/example_branch_operator_decorator.py for tasks to queue
[2025-04-13T15:32:02.121+0000] {logging_mixin.py:188} INFO - [2025-04-13T15:32:02.120+0000] {dagbag.py:538} INFO - Filling up the DagBag from /home/airflow/.local/lib/python3.8/site-packages/airflow/example_dags/example_branch_operator_decorator.py
[2025-04-13T15:32:02.157+0000] {processor.py:840} INFO - DAG(s) 'example_branch_python_operator_decorator' retrieved from /home/airflow/.local/lib/python3.8/site-packages/airflow/example_dags/example_branch_operator_decorator.py
[2025-04-13T15:32:02.193+0000] {logging_mixin.py:188} INFO - [2025-04-13T15:32:02.192+0000] {dag.py:3036} INFO - Sync 1 DAGs
[2025-04-13T15:32:02.238+0000] {logging_mixin.py:188} INFO - [2025-04-13T15:32:02.238+0000] {dag.py:3823} INFO - Setting next_dagrun for example_branch_python_operator_decorator to 2025-04-12 00:00:00+00:00, run_after=2025-04-13 00:00:00+00:00
[2025-04-13T15:32:02.270+0000] {processor.py:183} INFO - Processing /home/airflow/.local/lib/python3.8/site-packages/airflow/example_dags/example_branch_operator_decorator.py took 0.159 seconds
[2025-04-13T15:32:34.494+0000] {processor.py:161} INFO - Started process (PID=1512) to work on /home/airflow/.local/lib/python3.8/site-packages/airflow/example_dags/example_branch_operator_decorator.py
[2025-04-13T15:32:34.496+0000] {processor.py:830} INFO - Processing file /home/airflow/.local/lib/python3.8/site-packages/airflow/example_dags/example_branch_operator_decorator.py for tasks to queue
[2025-04-13T15:32:34.499+0000] {logging_mixin.py:188} INFO - [2025-04-13T15:32:34.498+0000] {dagbag.py:538} INFO - Filling up the DagBag from /home/airflow/.local/lib/python3.8/site-packages/airflow/example_dags/example_branch_operator_decorator.py
[2025-04-13T15:32:34.525+0000] {processor.py:840} INFO - DAG(s) 'example_branch_python_operator_decorator' retrieved from /home/airflow/.local/lib/python3.8/site-packages/airflow/example_dags/example_branch_operator_decorator.py
[2025-04-13T15:32:34.555+0000] {logging_mixin.py:188} INFO - [2025-04-13T15:32:34.555+0000] {dag.py:3036} INFO - Sync 1 DAGs
[2025-04-13T15:32:34.587+0000] {logging_mixin.py:188} INFO - [2025-04-13T15:32:34.586+0000] {dag.py:3823} INFO - Setting next_dagrun for example_branch_python_operator_decorator to 2025-04-12 00:00:00+00:00, run_after=2025-04-13 00:00:00+00:00
[2025-04-13T15:32:34.612+0000] {processor.py:183} INFO - Processing /home/airflow/.local/lib/python3.8/site-packages/airflow/example_dags/example_branch_operator_decorator.py took 0.122 seconds
[2025-04-13T15:33:07.828+0000] {processor.py:161} INFO - Started process (PID=1568) to work on /home/airflow/.local/lib/python3.8/site-packages/airflow/example_dags/example_branch_operator_decorator.py
[2025-04-13T15:33:07.829+0000] {processor.py:830} INFO - Processing file /home/airflow/.local/lib/python3.8/site-packages/airflow/example_dags/example_branch_operator_decorator.py for tasks to queue
[2025-04-13T15:33:07.831+0000] {logging_mixin.py:188} INFO - [2025-04-13T15:33:07.831+0000] {dagbag.py:538} INFO - Filling up the DagBag from /home/airflow/.local/lib/python3.8/site-packages/airflow/example_dags/example_branch_operator_decorator.py
[2025-04-13T15:33:07.858+0000] {processor.py:840} INFO - DAG(s) 'example_branch_python_operator_decorator' retrieved from /home/airflow/.local/lib/python3.8/site-packages/airflow/example_dags/example_branch_operator_decorator.py
[2025-04-13T15:33:07.891+0000] {logging_mixin.py:188} INFO - [2025-04-13T15:33:07.890+0000] {dag.py:3036} INFO - Sync 1 DAGs
[2025-04-13T15:33:07.921+0000] {logging_mixin.py:188} INFO - [2025-04-13T15:33:07.920+0000] {dag.py:3823} INFO - Setting next_dagrun for example_branch_python_operator_decorator to 2025-04-12 00:00:00+00:00, run_after=2025-04-13 00:00:00+00:00
[2025-04-13T15:33:07.946+0000] {processor.py:183} INFO - Processing /home/airflow/.local/lib/python3.8/site-packages/airflow/example_dags/example_branch_operator_decorator.py took 0.121 seconds
[2025-04-13T15:33:40.535+0000] {processor.py:161} INFO - Started process (PID=1623) to work on /home/airflow/.local/lib/python3.8/site-packages/airflow/example_dags/example_branch_operator_decorator.py
[2025-04-13T15:33:40.537+0000] {processor.py:830} INFO - Processing file /home/airflow/.local/lib/python3.8/site-packages/airflow/example_dags/example_branch_operator_decorator.py for tasks to queue
[2025-04-13T15:33:40.539+0000] {logging_mixin.py:188} INFO - [2025-04-13T15:33:40.539+0000] {dagbag.py:538} INFO - Filling up the DagBag from /home/airflow/.local/lib/python3.8/site-packages/airflow/example_dags/example_branch_operator_decorator.py
[2025-04-13T15:33:40.565+0000] {processor.py:840} INFO - DAG(s) 'example_branch_python_operator_decorator' retrieved from /home/airflow/.local/lib/python3.8/site-packages/airflow/example_dags/example_branch_operator_decorator.py
[2025-04-13T15:33:40.601+0000] {logging_mixin.py:188} INFO - [2025-04-13T15:33:40.600+0000] {dag.py:3036} INFO - Sync 1 DAGs
[2025-04-13T15:33:40.633+0000] {logging_mixin.py:188} INFO - [2025-04-13T15:33:40.633+0000] {dag.py:3823} INFO - Setting next_dagrun for example_branch_python_operator_decorator to 2025-04-12 00:00:00+00:00, run_after=2025-04-13 00:00:00+00:00
[2025-04-13T15:33:40.656+0000] {processor.py:183} INFO - Processing /home/airflow/.local/lib/python3.8/site-packages/airflow/example_dags/example_branch_operator_decorator.py took 0.125 seconds
[2025-04-13T15:34:13.269+0000] {processor.py:161} INFO - Started process (PID=1681) to work on /home/airflow/.local/lib/python3.8/site-packages/airflow/example_dags/example_branch_operator_decorator.py
[2025-04-13T15:34:13.271+0000] {processor.py:830} INFO - Processing file /home/airflow/.local/lib/python3.8/site-packages/airflow/example_dags/example_branch_operator_decorator.py for tasks to queue
[2025-04-13T15:34:13.273+0000] {logging_mixin.py:188} INFO - [2025-04-13T15:34:13.273+0000] {dagbag.py:538} INFO - Filling up the DagBag from /home/airflow/.local/lib/python3.8/site-packages/airflow/example_dags/example_branch_operator_decorator.py
[2025-04-13T15:34:13.301+0000] {processor.py:840} INFO - DAG(s) 'example_branch_python_operator_decorator' retrieved from /home/airflow/.local/lib/python3.8/site-packages/airflow/example_dags/example_branch_operator_decorator.py
[2025-04-13T15:34:13.336+0000] {logging_mixin.py:188} INFO - [2025-04-13T15:34:13.335+0000] {dag.py:3036} INFO - Sync 1 DAGs
[2025-04-13T15:34:13.366+0000] {logging_mixin.py:188} INFO - [2025-04-13T15:34:13.365+0000] {dag.py:3823} INFO - Setting next_dagrun for example_branch_python_operator_decorator to 2025-04-12 00:00:00+00:00, run_after=2025-04-13 00:00:00+00:00
[2025-04-13T15:34:13.394+0000] {processor.py:183} INFO - Processing /home/airflow/.local/lib/python3.8/site-packages/airflow/example_dags/example_branch_operator_decorator.py took 0.128 seconds
[2025-04-13T15:34:45.898+0000] {processor.py:161} INFO - Started process (PID=1737) to work on /home/airflow/.local/lib/python3.8/site-packages/airflow/example_dags/example_branch_operator_decorator.py
[2025-04-13T15:34:45.899+0000] {processor.py:830} INFO - Processing file /home/airflow/.local/lib/python3.8/site-packages/airflow/example_dags/example_branch_operator_decorator.py for tasks to queue
[2025-04-13T15:34:45.901+0000] {logging_mixin.py:188} INFO - [2025-04-13T15:34:45.901+0000] {dagbag.py:538} INFO - Filling up the DagBag from /home/airflow/.local/lib/python3.8/site-packages/airflow/example_dags/example_branch_operator_decorator.py
[2025-04-13T15:34:45.929+0000] {processor.py:840} INFO - DAG(s) 'example_branch_python_operator_decorator' retrieved from /home/airflow/.local/lib/python3.8/site-packages/airflow/example_dags/example_branch_operator_decorator.py
[2025-04-13T15:34:45.959+0000] {logging_mixin.py:188} INFO - [2025-04-13T15:34:45.958+0000] {dag.py:3036} INFO - Sync 1 DAGs
[2025-04-13T15:34:45.986+0000] {logging_mixin.py:188} INFO - [2025-04-13T15:34:45.986+0000] {dag.py:3823} INFO - Setting next_dagrun for example_branch_python_operator_decorator to 2025-04-12 00:00:00+00:00, run_after=2025-04-13 00:00:00+00:00
[2025-04-13T15:34:46.014+0000] {processor.py:183} INFO - Processing /home/airflow/.local/lib/python3.8/site-packages/airflow/example_dags/example_branch_operator_decorator.py took 0.120 seconds
[2025-04-13T15:35:18.291+0000] {processor.py:161} INFO - Started process (PID=1793) to work on /home/airflow/.local/lib/python3.8/site-packages/airflow/example_dags/example_branch_operator_decorator.py
[2025-04-13T15:35:18.292+0000] {processor.py:830} INFO - Processing file /home/airflow/.local/lib/python3.8/site-packages/airflow/example_dags/example_branch_operator_decorator.py for tasks to queue
[2025-04-13T15:35:18.295+0000] {logging_mixin.py:188} INFO - [2025-04-13T15:35:18.294+0000] {dagbag.py:538} INFO - Filling up the DagBag from /home/airflow/.local/lib/python3.8/site-packages/airflow/example_dags/example_branch_operator_decorator.py
[2025-04-13T15:35:18.329+0000] {processor.py:840} INFO - DAG(s) 'example_branch_python_operator_decorator' retrieved from /home/airflow/.local/lib/python3.8/site-packages/airflow/example_dags/example_branch_operator_decorator.py
[2025-04-13T15:35:18.365+0000] {logging_mixin.py:188} INFO - [2025-04-13T15:35:18.364+0000] {dag.py:3036} INFO - Sync 1 DAGs
[2025-04-13T15:35:18.391+0000] {logging_mixin.py:188} INFO - [2025-04-13T15:35:18.391+0000] {dag.py:3823} INFO - Setting next_dagrun for example_branch_python_operator_decorator to 2025-04-12 00:00:00+00:00, run_after=2025-04-13 00:00:00+00:00
[2025-04-13T15:35:18.417+0000] {processor.py:183} INFO - Processing /home/airflow/.local/lib/python3.8/site-packages/airflow/example_dags/example_branch_operator_decorator.py took 0.131 seconds
[2025-04-13T15:35:51.331+0000] {processor.py:161} INFO - Started process (PID=1850) to work on /home/airflow/.local/lib/python3.8/site-packages/airflow/example_dags/example_branch_operator_decorator.py
[2025-04-13T15:35:51.332+0000] {processor.py:830} INFO - Processing file /home/airflow/.local/lib/python3.8/site-packages/airflow/example_dags/example_branch_operator_decorator.py for tasks to queue
[2025-04-13T15:35:51.335+0000] {logging_mixin.py:188} INFO - [2025-04-13T15:35:51.334+0000] {dagbag.py:538} INFO - Filling up the DagBag from /home/airflow/.local/lib/python3.8/site-packages/airflow/example_dags/example_branch_operator_decorator.py
[2025-04-13T15:35:51.368+0000] {processor.py:840} INFO - DAG(s) 'example_branch_python_operator_decorator' retrieved from /home/airflow/.local/lib/python3.8/site-packages/airflow/example_dags/example_branch_operator_decorator.py
[2025-04-13T15:35:51.402+0000] {logging_mixin.py:188} INFO - [2025-04-13T15:35:51.402+0000] {dag.py:3036} INFO - Sync 1 DAGs
[2025-04-13T15:35:51.432+0000] {logging_mixin.py:188} INFO - [2025-04-13T15:35:51.432+0000] {dag.py:3823} INFO - Setting next_dagrun for example_branch_python_operator_decorator to 2025-04-12 00:00:00+00:00, run_after=2025-04-13 00:00:00+00:00
[2025-04-13T15:35:51.459+0000] {processor.py:183} INFO - Processing /home/airflow/.local/lib/python3.8/site-packages/airflow/example_dags/example_branch_operator_decorator.py took 0.132 seconds
[2025-04-13T15:36:24.027+0000] {processor.py:161} INFO - Started process (PID=1906) to work on /home/airflow/.local/lib/python3.8/site-packages/airflow/example_dags/example_branch_operator_decorator.py
[2025-04-13T15:36:24.028+0000] {processor.py:830} INFO - Processing file /home/airflow/.local/lib/python3.8/site-packages/airflow/example_dags/example_branch_operator_decorator.py for tasks to queue
[2025-04-13T15:36:24.030+0000] {logging_mixin.py:188} INFO - [2025-04-13T15:36:24.030+0000] {dagbag.py:538} INFO - Filling up the DagBag from /home/airflow/.local/lib/python3.8/site-packages/airflow/example_dags/example_branch_operator_decorator.py
[2025-04-13T15:36:24.061+0000] {processor.py:840} INFO - DAG(s) 'example_branch_python_operator_decorator' retrieved from /home/airflow/.local/lib/python3.8/site-packages/airflow/example_dags/example_branch_operator_decorator.py
[2025-04-13T15:36:24.096+0000] {logging_mixin.py:188} INFO - [2025-04-13T15:36:24.096+0000] {dag.py:3036} INFO - Sync 1 DAGs
[2025-04-13T15:36:24.123+0000] {logging_mixin.py:188} INFO - [2025-04-13T15:36:24.122+0000] {dag.py:3823} INFO - Setting next_dagrun for example_branch_python_operator_decorator to 2025-04-12 00:00:00+00:00, run_after=2025-04-13 00:00:00+00:00
[2025-04-13T15:36:24.150+0000] {processor.py:183} INFO - Processing /home/airflow/.local/lib/python3.8/site-packages/airflow/example_dags/example_branch_operator_decorator.py took 0.127 seconds
[2025-04-13T15:36:56.612+0000] {processor.py:161} INFO - Started process (PID=1962) to work on /home/airflow/.local/lib/python3.8/site-packages/airflow/example_dags/example_branch_operator_decorator.py
[2025-04-13T15:36:56.613+0000] {processor.py:830} INFO - Processing file /home/airflow/.local/lib/python3.8/site-packages/airflow/example_dags/example_branch_operator_decorator.py for tasks to queue
[2025-04-13T15:36:56.616+0000] {logging_mixin.py:188} INFO - [2025-04-13T15:36:56.615+0000] {dagbag.py:538} INFO - Filling up the DagBag from /home/airflow/.local/lib/python3.8/site-packages/airflow/example_dags/example_branch_operator_decorator.py
[2025-04-13T15:36:56.640+0000] {processor.py:840} INFO - DAG(s) 'example_branch_python_operator_decorator' retrieved from /home/airflow/.local/lib/python3.8/site-packages/airflow/example_dags/example_branch_operator_decorator.py
[2025-04-13T15:36:56.669+0000] {logging_mixin.py:188} INFO - [2025-04-13T15:36:56.669+0000] {dag.py:3036} INFO - Sync 1 DAGs
[2025-04-13T15:36:56.697+0000] {logging_mixin.py:188} INFO - [2025-04-13T15:36:56.697+0000] {dag.py:3823} INFO - Setting next_dagrun for example_branch_python_operator_decorator to 2025-04-12 00:00:00+00:00, run_after=2025-04-13 00:00:00+00:00
[2025-04-13T15:36:56.724+0000] {processor.py:183} INFO - Processing /home/airflow/.local/lib/python3.8/site-packages/airflow/example_dags/example_branch_operator_decorator.py took 0.115 seconds
[2025-04-13T15:37:29.369+0000] {processor.py:161} INFO - Started process (PID=2018) to work on /home/airflow/.local/lib/python3.8/site-packages/airflow/example_dags/example_branch_operator_decorator.py
[2025-04-13T15:37:29.371+0000] {processor.py:830} INFO - Processing file /home/airflow/.local/lib/python3.8/site-packages/airflow/example_dags/example_branch_operator_decorator.py for tasks to queue
[2025-04-13T15:37:29.374+0000] {logging_mixin.py:188} INFO - [2025-04-13T15:37:29.373+0000] {dagbag.py:538} INFO - Filling up the DagBag from /home/airflow/.local/lib/python3.8/site-packages/airflow/example_dags/example_branch_operator_decorator.py
[2025-04-13T15:37:29.406+0000] {processor.py:840} INFO - DAG(s) 'example_branch_python_operator_decorator' retrieved from /home/airflow/.local/lib/python3.8/site-packages/airflow/example_dags/example_branch_operator_decorator.py
[2025-04-13T15:37:29.444+0000] {logging_mixin.py:188} INFO - [2025-04-13T15:37:29.444+0000] {dag.py:3036} INFO - Sync 1 DAGs
[2025-04-13T15:37:29.477+0000] {logging_mixin.py:188} INFO - [2025-04-13T15:37:29.477+0000] {dag.py:3823} INFO - Setting next_dagrun for example_branch_python_operator_decorator to 2025-04-12 00:00:00+00:00, run_after=2025-04-13 00:00:00+00:00
[2025-04-13T15:37:29.505+0000] {processor.py:183} INFO - Processing /home/airflow/.local/lib/python3.8/site-packages/airflow/example_dags/example_branch_operator_decorator.py took 0.139 seconds
[2025-04-13T15:38:01.993+0000] {processor.py:161} INFO - Started process (PID=2074) to work on /home/airflow/.local/lib/python3.8/site-packages/airflow/example_dags/example_branch_operator_decorator.py
[2025-04-13T15:38:01.994+0000] {processor.py:830} INFO - Processing file /home/airflow/.local/lib/python3.8/site-packages/airflow/example_dags/example_branch_operator_decorator.py for tasks to queue
[2025-04-13T15:38:01.997+0000] {logging_mixin.py:188} INFO - [2025-04-13T15:38:01.997+0000] {dagbag.py:538} INFO - Filling up the DagBag from /home/airflow/.local/lib/python3.8/site-packages/airflow/example_dags/example_branch_operator_decorator.py
[2025-04-13T15:38:02.026+0000] {processor.py:840} INFO - DAG(s) 'example_branch_python_operator_decorator' retrieved from /home/airflow/.local/lib/python3.8/site-packages/airflow/example_dags/example_branch_operator_decorator.py
[2025-04-13T15:38:02.055+0000] {logging_mixin.py:188} INFO - [2025-04-13T15:38:02.055+0000] {dag.py:3036} INFO - Sync 1 DAGs
[2025-04-13T15:38:02.082+0000] {logging_mixin.py:188} INFO - [2025-04-13T15:38:02.082+0000] {dag.py:3823} INFO - Setting next_dagrun for example_branch_python_operator_decorator to 2025-04-12 00:00:00+00:00, run_after=2025-04-13 00:00:00+00:00
[2025-04-13T15:38:02.104+0000] {processor.py:183} INFO - Processing /home/airflow/.local/lib/python3.8/site-packages/airflow/example_dags/example_branch_operator_decorator.py took 0.115 seconds
[2025-04-13T15:38:34.655+0000] {processor.py:161} INFO - Started process (PID=2130) to work on /home/airflow/.local/lib/python3.8/site-packages/airflow/example_dags/example_branch_operator_decorator.py
[2025-04-13T15:38:34.657+0000] {processor.py:830} INFO - Processing file /home/airflow/.local/lib/python3.8/site-packages/airflow/example_dags/example_branch_operator_decorator.py for tasks to queue
[2025-04-13T15:38:34.660+0000] {logging_mixin.py:188} INFO - [2025-04-13T15:38:34.659+0000] {dagbag.py:538} INFO - Filling up the DagBag from /home/airflow/.local/lib/python3.8/site-packages/airflow/example_dags/example_branch_operator_decorator.py
[2025-04-13T15:38:34.695+0000] {processor.py:840} INFO - DAG(s) 'example_branch_python_operator_decorator' retrieved from /home/airflow/.local/lib/python3.8/site-packages/airflow/example_dags/example_branch_operator_decorator.py
[2025-04-13T15:38:34.733+0000] {logging_mixin.py:188} INFO - [2025-04-13T15:38:34.733+0000] {dag.py:3036} INFO - Sync 1 DAGs
[2025-04-13T15:38:34.759+0000] {logging_mixin.py:188} INFO - [2025-04-13T15:38:34.759+0000] {dag.py:3823} INFO - Setting next_dagrun for example_branch_python_operator_decorator to 2025-04-12 00:00:00+00:00, run_after=2025-04-13 00:00:00+00:00
[2025-04-13T15:38:34.787+0000] {processor.py:183} INFO - Processing /home/airflow/.local/lib/python3.8/site-packages/airflow/example_dags/example_branch_operator_decorator.py took 0.137 seconds
[2025-04-13T15:39:07.512+0000] {processor.py:161} INFO - Started process (PID=2186) to work on /home/airflow/.local/lib/python3.8/site-packages/airflow/example_dags/example_branch_operator_decorator.py
[2025-04-13T15:39:07.513+0000] {processor.py:830} INFO - Processing file /home/airflow/.local/lib/python3.8/site-packages/airflow/example_dags/example_branch_operator_decorator.py for tasks to queue
[2025-04-13T15:39:07.516+0000] {logging_mixin.py:188} INFO - [2025-04-13T15:39:07.516+0000] {dagbag.py:538} INFO - Filling up the DagBag from /home/airflow/.local/lib/python3.8/site-packages/airflow/example_dags/example_branch_operator_decorator.py
[2025-04-13T15:39:07.560+0000] {processor.py:840} INFO - DAG(s) 'example_branch_python_operator_decorator' retrieved from /home/airflow/.local/lib/python3.8/site-packages/airflow/example_dags/example_branch_operator_decorator.py
[2025-04-13T15:39:07.613+0000] {logging_mixin.py:188} INFO - [2025-04-13T15:39:07.613+0000] {dag.py:3036} INFO - Sync 1 DAGs
[2025-04-13T15:39:07.646+0000] {logging_mixin.py:188} INFO - [2025-04-13T15:39:07.646+0000] {dag.py:3823} INFO - Setting next_dagrun for example_branch_python_operator_decorator to 2025-04-12 00:00:00+00:00, run_after=2025-04-13 00:00:00+00:00
[2025-04-13T15:39:07.677+0000] {processor.py:183} INFO - Processing /home/airflow/.local/lib/python3.8/site-packages/airflow/example_dags/example_branch_operator_decorator.py took 0.170 seconds
[2025-04-13T15:39:40.449+0000] {processor.py:161} INFO - Started process (PID=2242) to work on /home/airflow/.local/lib/python3.8/site-packages/airflow/example_dags/example_branch_operator_decorator.py
[2025-04-13T15:39:40.451+0000] {processor.py:830} INFO - Processing file /home/airflow/.local/lib/python3.8/site-packages/airflow/example_dags/example_branch_operator_decorator.py for tasks to queue
[2025-04-13T15:39:40.453+0000] {logging_mixin.py:188} INFO - [2025-04-13T15:39:40.453+0000] {dagbag.py:538} INFO - Filling up the DagBag from /home/airflow/.local/lib/python3.8/site-packages/airflow/example_dags/example_branch_operator_decorator.py
[2025-04-13T15:39:40.485+0000] {processor.py:840} INFO - DAG(s) 'example_branch_python_operator_decorator' retrieved from /home/airflow/.local/lib/python3.8/site-packages/airflow/example_dags/example_branch_operator_decorator.py
[2025-04-13T15:39:40.516+0000] {logging_mixin.py:188} INFO - [2025-04-13T15:39:40.516+0000] {dag.py:3036} INFO - Sync 1 DAGs
[2025-04-13T15:39:40.545+0000] {logging_mixin.py:188} INFO - [2025-04-13T15:39:40.545+0000] {dag.py:3823} INFO - Setting next_dagrun for example_branch_python_operator_decorator to 2025-04-12 00:00:00+00:00, run_after=2025-04-13 00:00:00+00:00
[2025-04-13T15:39:40.568+0000] {processor.py:183} INFO - Processing /home/airflow/.local/lib/python3.8/site-packages/airflow/example_dags/example_branch_operator_decorator.py took 0.123 seconds
[2025-04-13T15:40:12.926+0000] {processor.py:161} INFO - Started process (PID=2298) to work on /home/airflow/.local/lib/python3.8/site-packages/airflow/example_dags/example_branch_operator_decorator.py
[2025-04-13T15:40:12.927+0000] {processor.py:830} INFO - Processing file /home/airflow/.local/lib/python3.8/site-packages/airflow/example_dags/example_branch_operator_decorator.py for tasks to queue
[2025-04-13T15:40:12.929+0000] {logging_mixin.py:188} INFO - [2025-04-13T15:40:12.929+0000] {dagbag.py:538} INFO - Filling up the DagBag from /home/airflow/.local/lib/python3.8/site-packages/airflow/example_dags/example_branch_operator_decorator.py
[2025-04-13T15:40:12.954+0000] {processor.py:840} INFO - DAG(s) 'example_branch_python_operator_decorator' retrieved from /home/airflow/.local/lib/python3.8/site-packages/airflow/example_dags/example_branch_operator_decorator.py
[2025-04-13T15:40:12.989+0000] {logging_mixin.py:188} INFO - [2025-04-13T15:40:12.989+0000] {dag.py:3036} INFO - Sync 1 DAGs
[2025-04-13T15:40:13.015+0000] {logging_mixin.py:188} INFO - [2025-04-13T15:40:13.015+0000] {dag.py:3823} INFO - Setting next_dagrun for example_branch_python_operator_decorator to 2025-04-12 00:00:00+00:00, run_after=2025-04-13 00:00:00+00:00
[2025-04-13T15:40:13.043+0000] {processor.py:183} INFO - Processing /home/airflow/.local/lib/python3.8/site-packages/airflow/example_dags/example_branch_operator_decorator.py took 0.122 seconds
[2025-04-13T15:40:45.740+0000] {processor.py:161} INFO - Started process (PID=2354) to work on /home/airflow/.local/lib/python3.8/site-packages/airflow/example_dags/example_branch_operator_decorator.py
[2025-04-13T15:40:45.741+0000] {processor.py:830} INFO - Processing file /home/airflow/.local/lib/python3.8/site-packages/airflow/example_dags/example_branch_operator_decorator.py for tasks to queue
[2025-04-13T15:40:45.744+0000] {logging_mixin.py:188} INFO - [2025-04-13T15:40:45.743+0000] {dagbag.py:538} INFO - Filling up the DagBag from /home/airflow/.local/lib/python3.8/site-packages/airflow/example_dags/example_branch_operator_decorator.py
[2025-04-13T15:40:45.772+0000] {processor.py:840} INFO - DAG(s) 'example_branch_python_operator_decorator' retrieved from /home/airflow/.local/lib/python3.8/site-packages/airflow/example_dags/example_branch_operator_decorator.py
[2025-04-13T15:40:45.811+0000] {logging_mixin.py:188} INFO - [2025-04-13T15:40:45.811+0000] {dag.py:3036} INFO - Sync 1 DAGs
[2025-04-13T15:40:45.841+0000] {logging_mixin.py:188} INFO - [2025-04-13T15:40:45.841+0000] {dag.py:3823} INFO - Setting next_dagrun for example_branch_python_operator_decorator to 2025-04-12 00:00:00+00:00, run_after=2025-04-13 00:00:00+00:00
[2025-04-13T15:40:45.867+0000] {processor.py:183} INFO - Processing /home/airflow/.local/lib/python3.8/site-packages/airflow/example_dags/example_branch_operator_decorator.py took 0.131 seconds
[2025-04-13T15:41:18.565+0000] {processor.py:161} INFO - Started process (PID=2410) to work on /home/airflow/.local/lib/python3.8/site-packages/airflow/example_dags/example_branch_operator_decorator.py
[2025-04-13T15:41:18.567+0000] {processor.py:830} INFO - Processing file /home/airflow/.local/lib/python3.8/site-packages/airflow/example_dags/example_branch_operator_decorator.py for tasks to queue
[2025-04-13T15:41:18.569+0000] {logging_mixin.py:188} INFO - [2025-04-13T15:41:18.569+0000] {dagbag.py:538} INFO - Filling up the DagBag from /home/airflow/.local/lib/python3.8/site-packages/airflow/example_dags/example_branch_operator_decorator.py
[2025-04-13T15:41:18.594+0000] {processor.py:840} INFO - DAG(s) 'example_branch_python_operator_decorator' retrieved from /home/airflow/.local/lib/python3.8/site-packages/airflow/example_dags/example_branch_operator_decorator.py
[2025-04-13T15:41:18.626+0000] {logging_mixin.py:188} INFO - [2025-04-13T15:41:18.626+0000] {dag.py:3036} INFO - Sync 1 DAGs
[2025-04-13T15:41:18.652+0000] {logging_mixin.py:188} INFO - [2025-04-13T15:41:18.652+0000] {dag.py:3823} INFO - Setting next_dagrun for example_branch_python_operator_decorator to 2025-04-12 00:00:00+00:00, run_after=2025-04-13 00:00:00+00:00
[2025-04-13T15:41:18.679+0000] {processor.py:183} INFO - Processing /home/airflow/.local/lib/python3.8/site-packages/airflow/example_dags/example_branch_operator_decorator.py took 0.118 seconds
[2025-04-13T15:41:50.954+0000] {processor.py:161} INFO - Started process (PID=2466) to work on /home/airflow/.local/lib/python3.8/site-packages/airflow/example_dags/example_branch_operator_decorator.py
[2025-04-13T15:41:50.955+0000] {processor.py:830} INFO - Processing file /home/airflow/.local/lib/python3.8/site-packages/airflow/example_dags/example_branch_operator_decorator.py for tasks to queue
[2025-04-13T15:41:50.958+0000] {logging_mixin.py:188} INFO - [2025-04-13T15:41:50.957+0000] {dagbag.py:538} INFO - Filling up the DagBag from /home/airflow/.local/lib/python3.8/site-packages/airflow/example_dags/example_branch_operator_decorator.py
[2025-04-13T15:41:50.989+0000] {processor.py:840} INFO - DAG(s) 'example_branch_python_operator_decorator' retrieved from /home/airflow/.local/lib/python3.8/site-packages/airflow/example_dags/example_branch_operator_decorator.py
[2025-04-13T15:41:51.018+0000] {logging_mixin.py:188} INFO - [2025-04-13T15:41:51.018+0000] {dag.py:3036} INFO - Sync 1 DAGs
[2025-04-13T15:41:51.049+0000] {logging_mixin.py:188} INFO - [2025-04-13T15:41:51.048+0000] {dag.py:3823} INFO - Setting next_dagrun for example_branch_python_operator_decorator to 2025-04-12 00:00:00+00:00, run_after=2025-04-13 00:00:00+00:00
[2025-04-13T15:41:51.082+0000] {processor.py:183} INFO - Processing /home/airflow/.local/lib/python3.8/site-packages/airflow/example_dags/example_branch_operator_decorator.py took 0.132 seconds
[2025-04-13T15:42:23.931+0000] {processor.py:161} INFO - Started process (PID=2522) to work on /home/airflow/.local/lib/python3.8/site-packages/airflow/example_dags/example_branch_operator_decorator.py
[2025-04-13T15:42:23.933+0000] {processor.py:830} INFO - Processing file /home/airflow/.local/lib/python3.8/site-packages/airflow/example_dags/example_branch_operator_decorator.py for tasks to queue
[2025-04-13T15:42:23.935+0000] {logging_mixin.py:188} INFO - [2025-04-13T15:42:23.935+0000] {dagbag.py:538} INFO - Filling up the DagBag from /home/airflow/.local/lib/python3.8/site-packages/airflow/example_dags/example_branch_operator_decorator.py
[2025-04-13T15:42:23.959+0000] {processor.py:840} INFO - DAG(s) 'example_branch_python_operator_decorator' retrieved from /home/airflow/.local/lib/python3.8/site-packages/airflow/example_dags/example_branch_operator_decorator.py
[2025-04-13T15:42:23.991+0000] {logging_mixin.py:188} INFO - [2025-04-13T15:42:23.991+0000] {dag.py:3036} INFO - Sync 1 DAGs
[2025-04-13T15:42:24.022+0000] {logging_mixin.py:188} INFO - [2025-04-13T15:42:24.021+0000] {dag.py:3823} INFO - Setting next_dagrun for example_branch_python_operator_decorator to 2025-04-12 00:00:00+00:00, run_after=2025-04-13 00:00:00+00:00
[2025-04-13T15:42:24.049+0000] {processor.py:183} INFO - Processing /home/airflow/.local/lib/python3.8/site-packages/airflow/example_dags/example_branch_operator_decorator.py took 0.122 seconds
[2025-04-13T15:42:56.529+0000] {processor.py:161} INFO - Started process (PID=2578) to work on /home/airflow/.local/lib/python3.8/site-packages/airflow/example_dags/example_branch_operator_decorator.py
[2025-04-13T15:42:56.530+0000] {processor.py:830} INFO - Processing file /home/airflow/.local/lib/python3.8/site-packages/airflow/example_dags/example_branch_operator_decorator.py for tasks to queue
[2025-04-13T15:42:56.533+0000] {logging_mixin.py:188} INFO - [2025-04-13T15:42:56.533+0000] {dagbag.py:538} INFO - Filling up the DagBag from /home/airflow/.local/lib/python3.8/site-packages/airflow/example_dags/example_branch_operator_decorator.py
[2025-04-13T15:42:56.560+0000] {processor.py:840} INFO - DAG(s) 'example_branch_python_operator_decorator' retrieved from /home/airflow/.local/lib/python3.8/site-packages/airflow/example_dags/example_branch_operator_decorator.py
[2025-04-13T15:42:56.588+0000] {logging_mixin.py:188} INFO - [2025-04-13T15:42:56.588+0000] {dag.py:3036} INFO - Sync 1 DAGs
[2025-04-13T15:42:56.614+0000] {logging_mixin.py:188} INFO - [2025-04-13T15:42:56.614+0000] {dag.py:3823} INFO - Setting next_dagrun for example_branch_python_operator_decorator to 2025-04-12 00:00:00+00:00, run_after=2025-04-13 00:00:00+00:00
[2025-04-13T15:42:56.642+0000] {processor.py:183} INFO - Processing /home/airflow/.local/lib/python3.8/site-packages/airflow/example_dags/example_branch_operator_decorator.py took 0.118 seconds
[2025-04-13T15:43:29.174+0000] {processor.py:161} INFO - Started process (PID=2634) to work on /home/airflow/.local/lib/python3.8/site-packages/airflow/example_dags/example_branch_operator_decorator.py
[2025-04-13T15:43:29.176+0000] {processor.py:830} INFO - Processing file /home/airflow/.local/lib/python3.8/site-packages/airflow/example_dags/example_branch_operator_decorator.py for tasks to queue
[2025-04-13T15:43:29.178+0000] {logging_mixin.py:188} INFO - [2025-04-13T15:43:29.178+0000] {dagbag.py:538} INFO - Filling up the DagBag from /home/airflow/.local/lib/python3.8/site-packages/airflow/example_dags/example_branch_operator_decorator.py
[2025-04-13T15:43:29.202+0000] {processor.py:840} INFO - DAG(s) 'example_branch_python_operator_decorator' retrieved from /home/airflow/.local/lib/python3.8/site-packages/airflow/example_dags/example_branch_operator_decorator.py
[2025-04-13T15:43:29.235+0000] {logging_mixin.py:188} INFO - [2025-04-13T15:43:29.235+0000] {dag.py:3036} INFO - Sync 1 DAGs
[2025-04-13T15:43:29.262+0000] {logging_mixin.py:188} INFO - [2025-04-13T15:43:29.262+0000] {dag.py:3823} INFO - Setting next_dagrun for example_branch_python_operator_decorator to 2025-04-12 00:00:00+00:00, run_after=2025-04-13 00:00:00+00:00
[2025-04-13T15:43:29.290+0000] {processor.py:183} INFO - Processing /home/airflow/.local/lib/python3.8/site-packages/airflow/example_dags/example_branch_operator_decorator.py took 0.121 seconds
[2025-04-13T15:44:02.574+0000] {processor.py:161} INFO - Started process (PID=2690) to work on /home/airflow/.local/lib/python3.8/site-packages/airflow/example_dags/example_branch_operator_decorator.py
[2025-04-13T15:44:02.592+0000] {processor.py:830} INFO - Processing file /home/airflow/.local/lib/python3.8/site-packages/airflow/example_dags/example_branch_operator_decorator.py for tasks to queue
[2025-04-13T15:44:02.608+0000] {logging_mixin.py:188} INFO - [2025-04-13T15:44:02.608+0000] {dagbag.py:538} INFO - Filling up the DagBag from /home/airflow/.local/lib/python3.8/site-packages/airflow/example_dags/example_branch_operator_decorator.py
[2025-04-13T15:44:02.720+0000] {processor.py:840} INFO - DAG(s) 'example_branch_python_operator_decorator' retrieved from /home/airflow/.local/lib/python3.8/site-packages/airflow/example_dags/example_branch_operator_decorator.py
[2025-04-13T15:44:02.828+0000] {logging_mixin.py:188} INFO - [2025-04-13T15:44:02.827+0000] {dag.py:3036} INFO - Sync 1 DAGs
[2025-04-13T15:44:03.113+0000] {logging_mixin.py:188} INFO - [2025-04-13T15:44:03.113+0000] {dag.py:3823} INFO - Setting next_dagrun for example_branch_python_operator_decorator to 2025-04-12 00:00:00+00:00, run_after=2025-04-13 00:00:00+00:00
[2025-04-13T15:44:03.216+0000] {processor.py:183} INFO - Processing /home/airflow/.local/lib/python3.8/site-packages/airflow/example_dags/example_branch_operator_decorator.py took 0.646 seconds
[2025-04-13T15:44:35.534+0000] {processor.py:161} INFO - Started process (PID=2746) to work on /home/airflow/.local/lib/python3.8/site-packages/airflow/example_dags/example_branch_operator_decorator.py
[2025-04-13T15:44:35.536+0000] {processor.py:830} INFO - Processing file /home/airflow/.local/lib/python3.8/site-packages/airflow/example_dags/example_branch_operator_decorator.py for tasks to queue
[2025-04-13T15:44:35.545+0000] {logging_mixin.py:188} INFO - [2025-04-13T15:44:35.544+0000] {dagbag.py:538} INFO - Filling up the DagBag from /home/airflow/.local/lib/python3.8/site-packages/airflow/example_dags/example_branch_operator_decorator.py
[2025-04-13T15:44:35.596+0000] {processor.py:840} INFO - DAG(s) 'example_branch_python_operator_decorator' retrieved from /home/airflow/.local/lib/python3.8/site-packages/airflow/example_dags/example_branch_operator_decorator.py
[2025-04-13T15:44:35.681+0000] {logging_mixin.py:188} INFO - [2025-04-13T15:44:35.680+0000] {dag.py:3036} INFO - Sync 1 DAGs
[2025-04-13T15:44:35.970+0000] {logging_mixin.py:188} INFO - [2025-04-13T15:44:35.969+0000] {dag.py:3823} INFO - Setting next_dagrun for example_branch_python_operator_decorator to 2025-04-12 00:00:00+00:00, run_after=2025-04-13 00:00:00+00:00
[2025-04-13T15:44:36.014+0000] {processor.py:183} INFO - Processing /home/airflow/.local/lib/python3.8/site-packages/airflow/example_dags/example_branch_operator_decorator.py took 0.493 seconds
[2025-04-13T15:45:07.491+0000] {processor.py:161} INFO - Started process (PID=2802) to work on /home/airflow/.local/lib/python3.8/site-packages/airflow/example_dags/example_branch_operator_decorator.py
[2025-04-13T15:45:07.493+0000] {processor.py:830} INFO - Processing file /home/airflow/.local/lib/python3.8/site-packages/airflow/example_dags/example_branch_operator_decorator.py for tasks to queue
[2025-04-13T15:45:07.496+0000] {logging_mixin.py:188} INFO - [2025-04-13T15:45:07.495+0000] {dagbag.py:538} INFO - Filling up the DagBag from /home/airflow/.local/lib/python3.8/site-packages/airflow/example_dags/example_branch_operator_decorator.py
[2025-04-13T15:45:07.523+0000] {processor.py:840} INFO - DAG(s) 'example_branch_python_operator_decorator' retrieved from /home/airflow/.local/lib/python3.8/site-packages/airflow/example_dags/example_branch_operator_decorator.py
[2025-04-13T15:45:07.554+0000] {logging_mixin.py:188} INFO - [2025-04-13T15:45:07.554+0000] {dag.py:3036} INFO - Sync 1 DAGs
[2025-04-13T15:45:07.585+0000] {logging_mixin.py:188} INFO - [2025-04-13T15:45:07.584+0000] {dag.py:3823} INFO - Setting next_dagrun for example_branch_python_operator_decorator to 2025-04-12 00:00:00+00:00, run_after=2025-04-13 00:00:00+00:00
[2025-04-13T15:45:07.612+0000] {processor.py:183} INFO - Processing /home/airflow/.local/lib/python3.8/site-packages/airflow/example_dags/example_branch_operator_decorator.py took 0.125 seconds
[2025-04-13T15:45:40.510+0000] {processor.py:161} INFO - Started process (PID=2858) to work on /home/airflow/.local/lib/python3.8/site-packages/airflow/example_dags/example_branch_operator_decorator.py
[2025-04-13T15:45:40.511+0000] {processor.py:830} INFO - Processing file /home/airflow/.local/lib/python3.8/site-packages/airflow/example_dags/example_branch_operator_decorator.py for tasks to queue
[2025-04-13T15:45:40.514+0000] {logging_mixin.py:188} INFO - [2025-04-13T15:45:40.514+0000] {dagbag.py:538} INFO - Filling up the DagBag from /home/airflow/.local/lib/python3.8/site-packages/airflow/example_dags/example_branch_operator_decorator.py
[2025-04-13T15:45:40.554+0000] {processor.py:840} INFO - DAG(s) 'example_branch_python_operator_decorator' retrieved from /home/airflow/.local/lib/python3.8/site-packages/airflow/example_dags/example_branch_operator_decorator.py
[2025-04-13T15:45:40.593+0000] {logging_mixin.py:188} INFO - [2025-04-13T15:45:40.592+0000] {dag.py:3036} INFO - Sync 1 DAGs
[2025-04-13T15:45:40.618+0000] {logging_mixin.py:188} INFO - [2025-04-13T15:45:40.617+0000] {dag.py:3823} INFO - Setting next_dagrun for example_branch_python_operator_decorator to 2025-04-12 00:00:00+00:00, run_after=2025-04-13 00:00:00+00:00
[2025-04-13T15:45:40.646+0000] {processor.py:183} INFO - Processing /home/airflow/.local/lib/python3.8/site-packages/airflow/example_dags/example_branch_operator_decorator.py took 0.141 seconds
[2025-04-13T15:46:13.820+0000] {processor.py:161} INFO - Started process (PID=2914) to work on /home/airflow/.local/lib/python3.8/site-packages/airflow/example_dags/example_branch_operator_decorator.py
[2025-04-13T15:46:13.822+0000] {processor.py:830} INFO - Processing file /home/airflow/.local/lib/python3.8/site-packages/airflow/example_dags/example_branch_operator_decorator.py for tasks to queue
[2025-04-13T15:46:13.825+0000] {logging_mixin.py:188} INFO - [2025-04-13T15:46:13.824+0000] {dagbag.py:538} INFO - Filling up the DagBag from /home/airflow/.local/lib/python3.8/site-packages/airflow/example_dags/example_branch_operator_decorator.py
[2025-04-13T15:46:13.861+0000] {processor.py:840} INFO - DAG(s) 'example_branch_python_operator_decorator' retrieved from /home/airflow/.local/lib/python3.8/site-packages/airflow/example_dags/example_branch_operator_decorator.py
[2025-04-13T15:46:14.044+0000] {logging_mixin.py:188} INFO - [2025-04-13T15:46:14.043+0000] {dag.py:3036} INFO - Sync 1 DAGs
[2025-04-13T15:46:14.076+0000] {logging_mixin.py:188} INFO - [2025-04-13T15:46:14.076+0000] {dag.py:3823} INFO - Setting next_dagrun for example_branch_python_operator_decorator to 2025-04-12 00:00:00+00:00, run_after=2025-04-13 00:00:00+00:00
[2025-04-13T15:46:14.102+0000] {processor.py:183} INFO - Processing /home/airflow/.local/lib/python3.8/site-packages/airflow/example_dags/example_branch_operator_decorator.py took 0.288 seconds
[2025-04-13T15:46:45.586+0000] {processor.py:161} INFO - Started process (PID=2970) to work on /home/airflow/.local/lib/python3.8/site-packages/airflow/example_dags/example_branch_operator_decorator.py
[2025-04-13T15:46:45.587+0000] {processor.py:830} INFO - Processing file /home/airflow/.local/lib/python3.8/site-packages/airflow/example_dags/example_branch_operator_decorator.py for tasks to queue
[2025-04-13T15:46:45.589+0000] {logging_mixin.py:188} INFO - [2025-04-13T15:46:45.589+0000] {dagbag.py:538} INFO - Filling up the DagBag from /home/airflow/.local/lib/python3.8/site-packages/airflow/example_dags/example_branch_operator_decorator.py
[2025-04-13T15:46:45.617+0000] {processor.py:840} INFO - DAG(s) 'example_branch_python_operator_decorator' retrieved from /home/airflow/.local/lib/python3.8/site-packages/airflow/example_dags/example_branch_operator_decorator.py
[2025-04-13T15:46:45.650+0000] {logging_mixin.py:188} INFO - [2025-04-13T15:46:45.650+0000] {dag.py:3036} INFO - Sync 1 DAGs
[2025-04-13T15:46:45.680+0000] {logging_mixin.py:188} INFO - [2025-04-13T15:46:45.679+0000] {dag.py:3823} INFO - Setting next_dagrun for example_branch_python_operator_decorator to 2025-04-12 00:00:00+00:00, run_after=2025-04-13 00:00:00+00:00
[2025-04-13T15:46:45.713+0000] {processor.py:183} INFO - Processing /home/airflow/.local/lib/python3.8/site-packages/airflow/example_dags/example_branch_operator_decorator.py took 0.132 seconds
[2025-04-13T15:47:18.423+0000] {processor.py:161} INFO - Started process (PID=3027) to work on /home/airflow/.local/lib/python3.8/site-packages/airflow/example_dags/example_branch_operator_decorator.py
[2025-04-13T15:47:18.424+0000] {processor.py:830} INFO - Processing file /home/airflow/.local/lib/python3.8/site-packages/airflow/example_dags/example_branch_operator_decorator.py for tasks to queue
[2025-04-13T15:47:18.427+0000] {logging_mixin.py:188} INFO - [2025-04-13T15:47:18.427+0000] {dagbag.py:538} INFO - Filling up the DagBag from /home/airflow/.local/lib/python3.8/site-packages/airflow/example_dags/example_branch_operator_decorator.py
[2025-04-13T15:47:18.454+0000] {processor.py:840} INFO - DAG(s) 'example_branch_python_operator_decorator' retrieved from /home/airflow/.local/lib/python3.8/site-packages/airflow/example_dags/example_branch_operator_decorator.py
[2025-04-13T15:47:18.489+0000] {logging_mixin.py:188} INFO - [2025-04-13T15:47:18.489+0000] {dag.py:3036} INFO - Sync 1 DAGs
[2025-04-13T15:47:18.522+0000] {logging_mixin.py:188} INFO - [2025-04-13T15:47:18.521+0000] {dag.py:3823} INFO - Setting next_dagrun for example_branch_python_operator_decorator to 2025-04-12 00:00:00+00:00, run_after=2025-04-13 00:00:00+00:00
[2025-04-13T15:47:18.551+0000] {processor.py:183} INFO - Processing /home/airflow/.local/lib/python3.8/site-packages/airflow/example_dags/example_branch_operator_decorator.py took 0.132 seconds
[2025-04-13T15:47:51.274+0000] {processor.py:161} INFO - Started process (PID=3083) to work on /home/airflow/.local/lib/python3.8/site-packages/airflow/example_dags/example_branch_operator_decorator.py
[2025-04-13T15:47:51.276+0000] {processor.py:830} INFO - Processing file /home/airflow/.local/lib/python3.8/site-packages/airflow/example_dags/example_branch_operator_decorator.py for tasks to queue
[2025-04-13T15:47:51.278+0000] {logging_mixin.py:188} INFO - [2025-04-13T15:47:51.278+0000] {dagbag.py:538} INFO - Filling up the DagBag from /home/airflow/.local/lib/python3.8/site-packages/airflow/example_dags/example_branch_operator_decorator.py
[2025-04-13T15:47:51.304+0000] {processor.py:840} INFO - DAG(s) 'example_branch_python_operator_decorator' retrieved from /home/airflow/.local/lib/python3.8/site-packages/airflow/example_dags/example_branch_operator_decorator.py
[2025-04-13T15:47:51.336+0000] {logging_mixin.py:188} INFO - [2025-04-13T15:47:51.336+0000] {dag.py:3036} INFO - Sync 1 DAGs
[2025-04-13T15:47:51.369+0000] {logging_mixin.py:188} INFO - [2025-04-13T15:47:51.369+0000] {dag.py:3823} INFO - Setting next_dagrun for example_branch_python_operator_decorator to 2025-04-12 00:00:00+00:00, run_after=2025-04-13 00:00:00+00:00
[2025-04-13T15:47:51.412+0000] {processor.py:183} INFO - Processing /home/airflow/.local/lib/python3.8/site-packages/airflow/example_dags/example_branch_operator_decorator.py took 0.141 seconds
[2025-04-13T15:48:23.852+0000] {processor.py:161} INFO - Started process (PID=3139) to work on /home/airflow/.local/lib/python3.8/site-packages/airflow/example_dags/example_branch_operator_decorator.py
[2025-04-13T15:48:23.853+0000] {processor.py:830} INFO - Processing file /home/airflow/.local/lib/python3.8/site-packages/airflow/example_dags/example_branch_operator_decorator.py for tasks to queue
[2025-04-13T15:48:23.855+0000] {logging_mixin.py:188} INFO - [2025-04-13T15:48:23.855+0000] {dagbag.py:538} INFO - Filling up the DagBag from /home/airflow/.local/lib/python3.8/site-packages/airflow/example_dags/example_branch_operator_decorator.py
[2025-04-13T15:48:23.880+0000] {processor.py:840} INFO - DAG(s) 'example_branch_python_operator_decorator' retrieved from /home/airflow/.local/lib/python3.8/site-packages/airflow/example_dags/example_branch_operator_decorator.py
[2025-04-13T15:48:23.909+0000] {logging_mixin.py:188} INFO - [2025-04-13T15:48:23.909+0000] {dag.py:3036} INFO - Sync 1 DAGs
[2025-04-13T15:48:23.938+0000] {logging_mixin.py:188} INFO - [2025-04-13T15:48:23.938+0000] {dag.py:3823} INFO - Setting next_dagrun for example_branch_python_operator_decorator to 2025-04-12 00:00:00+00:00, run_after=2025-04-13 00:00:00+00:00
[2025-04-13T15:48:23.966+0000] {processor.py:183} INFO - Processing /home/airflow/.local/lib/python3.8/site-packages/airflow/example_dags/example_branch_operator_decorator.py took 0.117 seconds
[2025-04-13T15:48:56.699+0000] {processor.py:161} INFO - Started process (PID=3195) to work on /home/airflow/.local/lib/python3.8/site-packages/airflow/example_dags/example_branch_operator_decorator.py
[2025-04-13T15:48:56.700+0000] {processor.py:830} INFO - Processing file /home/airflow/.local/lib/python3.8/site-packages/airflow/example_dags/example_branch_operator_decorator.py for tasks to queue
[2025-04-13T15:48:56.703+0000] {logging_mixin.py:188} INFO - [2025-04-13T15:48:56.702+0000] {dagbag.py:538} INFO - Filling up the DagBag from /home/airflow/.local/lib/python3.8/site-packages/airflow/example_dags/example_branch_operator_decorator.py
[2025-04-13T15:48:56.732+0000] {processor.py:840} INFO - DAG(s) 'example_branch_python_operator_decorator' retrieved from /home/airflow/.local/lib/python3.8/site-packages/airflow/example_dags/example_branch_operator_decorator.py
[2025-04-13T15:48:56.767+0000] {logging_mixin.py:188} INFO - [2025-04-13T15:48:56.766+0000] {dag.py:3036} INFO - Sync 1 DAGs
[2025-04-13T15:48:56.794+0000] {logging_mixin.py:188} INFO - [2025-04-13T15:48:56.794+0000] {dag.py:3823} INFO - Setting next_dagrun for example_branch_python_operator_decorator to 2025-04-12 00:00:00+00:00, run_after=2025-04-13 00:00:00+00:00
[2025-04-13T15:48:56.814+0000] {processor.py:183} INFO - Processing /home/airflow/.local/lib/python3.8/site-packages/airflow/example_dags/example_branch_operator_decorator.py took 0.120 seconds
[2025-04-13T15:49:29.801+0000] {processor.py:161} INFO - Started process (PID=3251) to work on /home/airflow/.local/lib/python3.8/site-packages/airflow/example_dags/example_branch_operator_decorator.py
[2025-04-13T15:49:29.803+0000] {processor.py:830} INFO - Processing file /home/airflow/.local/lib/python3.8/site-packages/airflow/example_dags/example_branch_operator_decorator.py for tasks to queue
[2025-04-13T15:49:29.805+0000] {logging_mixin.py:188} INFO - [2025-04-13T15:49:29.805+0000] {dagbag.py:538} INFO - Filling up the DagBag from /home/airflow/.local/lib/python3.8/site-packages/airflow/example_dags/example_branch_operator_decorator.py
[2025-04-13T15:49:29.834+0000] {processor.py:840} INFO - DAG(s) 'example_branch_python_operator_decorator' retrieved from /home/airflow/.local/lib/python3.8/site-packages/airflow/example_dags/example_branch_operator_decorator.py
[2025-04-13T15:49:29.863+0000] {logging_mixin.py:188} INFO - [2025-04-13T15:49:29.863+0000] {dag.py:3036} INFO - Sync 1 DAGs
[2025-04-13T15:49:29.887+0000] {logging_mixin.py:188} INFO - [2025-04-13T15:49:29.887+0000] {dag.py:3823} INFO - Setting next_dagrun for example_branch_python_operator_decorator to 2025-04-12 00:00:00+00:00, run_after=2025-04-13 00:00:00+00:00
[2025-04-13T15:49:29.912+0000] {processor.py:183} INFO - Processing /home/airflow/.local/lib/python3.8/site-packages/airflow/example_dags/example_branch_operator_decorator.py took 0.114 seconds
[2025-04-13T15:50:00.342+0000] {processor.py:161} INFO - Started process (PID=3307) to work on /home/airflow/.local/lib/python3.8/site-packages/airflow/example_dags/example_branch_operator_decorator.py
[2025-04-13T15:50:00.344+0000] {processor.py:830} INFO - Processing file /home/airflow/.local/lib/python3.8/site-packages/airflow/example_dags/example_branch_operator_decorator.py for tasks to queue
[2025-04-13T15:50:00.346+0000] {logging_mixin.py:188} INFO - [2025-04-13T15:50:00.346+0000] {dagbag.py:538} INFO - Filling up the DagBag from /home/airflow/.local/lib/python3.8/site-packages/airflow/example_dags/example_branch_operator_decorator.py
[2025-04-13T15:50:00.373+0000] {processor.py:840} INFO - DAG(s) 'example_branch_python_operator_decorator' retrieved from /home/airflow/.local/lib/python3.8/site-packages/airflow/example_dags/example_branch_operator_decorator.py
[2025-04-13T15:50:00.406+0000] {logging_mixin.py:188} INFO - [2025-04-13T15:50:00.406+0000] {dag.py:3036} INFO - Sync 1 DAGs
[2025-04-13T15:50:00.436+0000] {logging_mixin.py:188} INFO - [2025-04-13T15:50:00.435+0000] {dag.py:3823} INFO - Setting next_dagrun for example_branch_python_operator_decorator to 2025-04-12 00:00:00+00:00, run_after=2025-04-13 00:00:00+00:00
[2025-04-13T15:50:00.462+0000] {processor.py:183} INFO - Processing /home/airflow/.local/lib/python3.8/site-packages/airflow/example_dags/example_branch_operator_decorator.py took 0.124 seconds
[2025-04-13T15:50:30.759+0000] {processor.py:161} INFO - Started process (PID=3363) to work on /home/airflow/.local/lib/python3.8/site-packages/airflow/example_dags/example_branch_operator_decorator.py
[2025-04-13T15:50:30.761+0000] {processor.py:830} INFO - Processing file /home/airflow/.local/lib/python3.8/site-packages/airflow/example_dags/example_branch_operator_decorator.py for tasks to queue
[2025-04-13T15:50:30.763+0000] {logging_mixin.py:188} INFO - [2025-04-13T15:50:30.763+0000] {dagbag.py:538} INFO - Filling up the DagBag from /home/airflow/.local/lib/python3.8/site-packages/airflow/example_dags/example_branch_operator_decorator.py
[2025-04-13T15:50:30.794+0000] {processor.py:840} INFO - DAG(s) 'example_branch_python_operator_decorator' retrieved from /home/airflow/.local/lib/python3.8/site-packages/airflow/example_dags/example_branch_operator_decorator.py
[2025-04-13T15:50:30.823+0000] {logging_mixin.py:188} INFO - [2025-04-13T15:50:30.823+0000] {dag.py:3036} INFO - Sync 1 DAGs
[2025-04-13T15:50:30.849+0000] {logging_mixin.py:188} INFO - [2025-04-13T15:50:30.849+0000] {dag.py:3823} INFO - Setting next_dagrun for example_branch_python_operator_decorator to 2025-04-12 00:00:00+00:00, run_after=2025-04-13 00:00:00+00:00
[2025-04-13T15:50:30.874+0000] {processor.py:183} INFO - Processing /home/airflow/.local/lib/python3.8/site-packages/airflow/example_dags/example_branch_operator_decorator.py took 0.119 seconds
[2025-04-13T15:51:01.415+0000] {processor.py:161} INFO - Started process (PID=3418) to work on /home/airflow/.local/lib/python3.8/site-packages/airflow/example_dags/example_branch_operator_decorator.py
[2025-04-13T15:51:01.417+0000] {processor.py:830} INFO - Processing file /home/airflow/.local/lib/python3.8/site-packages/airflow/example_dags/example_branch_operator_decorator.py for tasks to queue
[2025-04-13T15:51:01.419+0000] {logging_mixin.py:188} INFO - [2025-04-13T15:51:01.419+0000] {dagbag.py:538} INFO - Filling up the DagBag from /home/airflow/.local/lib/python3.8/site-packages/airflow/example_dags/example_branch_operator_decorator.py
[2025-04-13T15:51:01.454+0000] {processor.py:840} INFO - DAG(s) 'example_branch_python_operator_decorator' retrieved from /home/airflow/.local/lib/python3.8/site-packages/airflow/example_dags/example_branch_operator_decorator.py
[2025-04-13T15:51:01.486+0000] {logging_mixin.py:188} INFO - [2025-04-13T15:51:01.486+0000] {dag.py:3036} INFO - Sync 1 DAGs
[2025-04-13T15:51:01.517+0000] {logging_mixin.py:188} INFO - [2025-04-13T15:51:01.517+0000] {dag.py:3823} INFO - Setting next_dagrun for example_branch_python_operator_decorator to 2025-04-12 00:00:00+00:00, run_after=2025-04-13 00:00:00+00:00
[2025-04-13T15:51:01.547+0000] {processor.py:183} INFO - Processing /home/airflow/.local/lib/python3.8/site-packages/airflow/example_dags/example_branch_operator_decorator.py took 0.139 seconds
[2025-04-13T15:51:32.187+0000] {processor.py:161} INFO - Started process (PID=3474) to work on /home/airflow/.local/lib/python3.8/site-packages/airflow/example_dags/example_branch_operator_decorator.py
[2025-04-13T15:51:32.189+0000] {processor.py:830} INFO - Processing file /home/airflow/.local/lib/python3.8/site-packages/airflow/example_dags/example_branch_operator_decorator.py for tasks to queue
[2025-04-13T15:51:32.191+0000] {logging_mixin.py:188} INFO - [2025-04-13T15:51:32.191+0000] {dagbag.py:538} INFO - Filling up the DagBag from /home/airflow/.local/lib/python3.8/site-packages/airflow/example_dags/example_branch_operator_decorator.py
[2025-04-13T15:51:32.216+0000] {processor.py:840} INFO - DAG(s) 'example_branch_python_operator_decorator' retrieved from /home/airflow/.local/lib/python3.8/site-packages/airflow/example_dags/example_branch_operator_decorator.py
[2025-04-13T15:51:32.249+0000] {logging_mixin.py:188} INFO - [2025-04-13T15:51:32.249+0000] {dag.py:3036} INFO - Sync 1 DAGs
[2025-04-13T15:51:32.276+0000] {logging_mixin.py:188} INFO - [2025-04-13T15:51:32.276+0000] {dag.py:3823} INFO - Setting next_dagrun for example_branch_python_operator_decorator to 2025-04-12 00:00:00+00:00, run_after=2025-04-13 00:00:00+00:00
[2025-04-13T15:51:32.305+0000] {processor.py:183} INFO - Processing /home/airflow/.local/lib/python3.8/site-packages/airflow/example_dags/example_branch_operator_decorator.py took 0.120 seconds
[2025-04-13T15:52:02.869+0000] {processor.py:161} INFO - Started process (PID=3530) to work on /home/airflow/.local/lib/python3.8/site-packages/airflow/example_dags/example_branch_operator_decorator.py
[2025-04-13T15:52:02.870+0000] {processor.py:830} INFO - Processing file /home/airflow/.local/lib/python3.8/site-packages/airflow/example_dags/example_branch_operator_decorator.py for tasks to queue
[2025-04-13T15:52:02.873+0000] {logging_mixin.py:188} INFO - [2025-04-13T15:52:02.872+0000] {dagbag.py:538} INFO - Filling up the DagBag from /home/airflow/.local/lib/python3.8/site-packages/airflow/example_dags/example_branch_operator_decorator.py
[2025-04-13T15:52:02.913+0000] {processor.py:840} INFO - DAG(s) 'example_branch_python_operator_decorator' retrieved from /home/airflow/.local/lib/python3.8/site-packages/airflow/example_dags/example_branch_operator_decorator.py
[2025-04-13T15:52:02.950+0000] {logging_mixin.py:188} INFO - [2025-04-13T15:52:02.949+0000] {dag.py:3036} INFO - Sync 1 DAGs
[2025-04-13T15:52:02.983+0000] {logging_mixin.py:188} INFO - [2025-04-13T15:52:02.983+0000] {dag.py:3823} INFO - Setting next_dagrun for example_branch_python_operator_decorator to 2025-04-12 00:00:00+00:00, run_after=2025-04-13 00:00:00+00:00
[2025-04-13T15:52:03.036+0000] {processor.py:183} INFO - Processing /home/airflow/.local/lib/python3.8/site-packages/airflow/example_dags/example_branch_operator_decorator.py took 0.172 seconds
[2025-04-13T15:52:33.222+0000] {processor.py:161} INFO - Started process (PID=3580) to work on /home/airflow/.local/lib/python3.8/site-packages/airflow/example_dags/example_branch_operator_decorator.py
[2025-04-13T15:52:33.224+0000] {processor.py:830} INFO - Processing file /home/airflow/.local/lib/python3.8/site-packages/airflow/example_dags/example_branch_operator_decorator.py for tasks to queue
[2025-04-13T15:52:33.226+0000] {logging_mixin.py:188} INFO - [2025-04-13T15:52:33.226+0000] {dagbag.py:538} INFO - Filling up the DagBag from /home/airflow/.local/lib/python3.8/site-packages/airflow/example_dags/example_branch_operator_decorator.py
[2025-04-13T15:52:33.251+0000] {processor.py:840} INFO - DAG(s) 'example_branch_python_operator_decorator' retrieved from /home/airflow/.local/lib/python3.8/site-packages/airflow/example_dags/example_branch_operator_decorator.py
[2025-04-13T15:52:33.287+0000] {logging_mixin.py:188} INFO - [2025-04-13T15:52:33.287+0000] {dag.py:3036} INFO - Sync 1 DAGs
[2025-04-13T15:52:33.322+0000] {logging_mixin.py:188} INFO - [2025-04-13T15:52:33.318+0000] {dag.py:3823} INFO - Setting next_dagrun for example_branch_python_operator_decorator to 2025-04-12 00:00:00+00:00, run_after=2025-04-13 00:00:00+00:00
[2025-04-13T15:52:33.357+0000] {processor.py:183} INFO - Processing /home/airflow/.local/lib/python3.8/site-packages/airflow/example_dags/example_branch_operator_decorator.py took 0.138 seconds
[2025-04-13T17:19:56.282+0000] {processor.py:161} INFO - Started process (PID=3642) to work on /home/airflow/.local/lib/python3.8/site-packages/airflow/example_dags/example_branch_operator_decorator.py
[2025-04-13T17:19:56.286+0000] {processor.py:830} INFO - Processing file /home/airflow/.local/lib/python3.8/site-packages/airflow/example_dags/example_branch_operator_decorator.py for tasks to queue
[2025-04-13T17:19:56.312+0000] {logging_mixin.py:188} INFO - [2025-04-13T17:19:56.312+0000] {dagbag.py:538} INFO - Filling up the DagBag from /home/airflow/.local/lib/python3.8/site-packages/airflow/example_dags/example_branch_operator_decorator.py
[2025-04-13T17:19:56.547+0000] {processor.py:840} INFO - DAG(s) 'example_branch_python_operator_decorator' retrieved from /home/airflow/.local/lib/python3.8/site-packages/airflow/example_dags/example_branch_operator_decorator.py
[2025-04-13T17:19:57.063+0000] {logging_mixin.py:188} INFO - [2025-04-13T17:19:57.063+0000] {dag.py:3036} INFO - Sync 1 DAGs
[2025-04-13T17:19:57.345+0000] {logging_mixin.py:188} INFO - [2025-04-13T17:19:57.342+0000] {dag.py:3823} INFO - Setting next_dagrun for example_branch_python_operator_decorator to 2025-04-12 00:00:00+00:00, run_after=2025-04-13 00:00:00+00:00
[2025-04-13T17:19:57.521+0000] {processor.py:183} INFO - Processing /home/airflow/.local/lib/python3.8/site-packages/airflow/example_dags/example_branch_operator_decorator.py took 1.263 seconds
[2025-04-13T17:20:39.646+0000] {processor.py:161} INFO - Started process (PID=3699) to work on /home/airflow/.local/lib/python3.8/site-packages/airflow/example_dags/example_branch_operator_decorator.py
[2025-04-13T17:20:39.650+0000] {processor.py:830} INFO - Processing file /home/airflow/.local/lib/python3.8/site-packages/airflow/example_dags/example_branch_operator_decorator.py for tasks to queue
[2025-04-13T17:20:39.655+0000] {logging_mixin.py:188} INFO - [2025-04-13T17:20:39.654+0000] {dagbag.py:538} INFO - Filling up the DagBag from /home/airflow/.local/lib/python3.8/site-packages/airflow/example_dags/example_branch_operator_decorator.py
[2025-04-13T17:20:39.772+0000] {processor.py:840} INFO - DAG(s) 'example_branch_python_operator_decorator' retrieved from /home/airflow/.local/lib/python3.8/site-packages/airflow/example_dags/example_branch_operator_decorator.py
[2025-04-13T17:20:39.898+0000] {logging_mixin.py:188} INFO - [2025-04-13T17:20:39.898+0000] {dag.py:3036} INFO - Sync 1 DAGs
[2025-04-13T17:20:39.986+0000] {logging_mixin.py:188} INFO - [2025-04-13T17:20:39.985+0000] {dag.py:3823} INFO - Setting next_dagrun for example_branch_python_operator_decorator to 2025-04-12 00:00:00+00:00, run_after=2025-04-13 00:00:00+00:00
[2025-04-13T17:20:40.045+0000] {processor.py:183} INFO - Processing /home/airflow/.local/lib/python3.8/site-packages/airflow/example_dags/example_branch_operator_decorator.py took 0.409 seconds
[2025-04-13T17:21:10.258+0000] {processor.py:161} INFO - Started process (PID=3757) to work on /home/airflow/.local/lib/python3.8/site-packages/airflow/example_dags/example_branch_operator_decorator.py
[2025-04-13T17:21:10.259+0000] {processor.py:830} INFO - Processing file /home/airflow/.local/lib/python3.8/site-packages/airflow/example_dags/example_branch_operator_decorator.py for tasks to queue
[2025-04-13T17:21:10.262+0000] {logging_mixin.py:188} INFO - [2025-04-13T17:21:10.262+0000] {dagbag.py:538} INFO - Filling up the DagBag from /home/airflow/.local/lib/python3.8/site-packages/airflow/example_dags/example_branch_operator_decorator.py
[2025-04-13T17:21:10.295+0000] {processor.py:840} INFO - DAG(s) 'example_branch_python_operator_decorator' retrieved from /home/airflow/.local/lib/python3.8/site-packages/airflow/example_dags/example_branch_operator_decorator.py
[2025-04-13T17:21:10.333+0000] {logging_mixin.py:188} INFO - [2025-04-13T17:21:10.332+0000] {dag.py:3036} INFO - Sync 1 DAGs
[2025-04-13T17:21:10.370+0000] {logging_mixin.py:188} INFO - [2025-04-13T17:21:10.370+0000] {dag.py:3823} INFO - Setting next_dagrun for example_branch_python_operator_decorator to 2025-04-12 00:00:00+00:00, run_after=2025-04-13 00:00:00+00:00
[2025-04-13T17:21:10.400+0000] {processor.py:183} INFO - Processing /home/airflow/.local/lib/python3.8/site-packages/airflow/example_dags/example_branch_operator_decorator.py took 0.147 seconds
[2025-04-13T17:21:40.456+0000] {processor.py:161} INFO - Started process (PID=3811) to work on /home/airflow/.local/lib/python3.8/site-packages/airflow/example_dags/example_branch_operator_decorator.py
[2025-04-13T17:21:40.458+0000] {processor.py:830} INFO - Processing file /home/airflow/.local/lib/python3.8/site-packages/airflow/example_dags/example_branch_operator_decorator.py for tasks to queue
[2025-04-13T17:21:40.461+0000] {logging_mixin.py:188} INFO - [2025-04-13T17:21:40.461+0000] {dagbag.py:538} INFO - Filling up the DagBag from /home/airflow/.local/lib/python3.8/site-packages/airflow/example_dags/example_branch_operator_decorator.py
[2025-04-13T17:21:40.496+0000] {processor.py:840} INFO - DAG(s) 'example_branch_python_operator_decorator' retrieved from /home/airflow/.local/lib/python3.8/site-packages/airflow/example_dags/example_branch_operator_decorator.py
[2025-04-13T17:21:40.538+0000] {logging_mixin.py:188} INFO - [2025-04-13T17:21:40.537+0000] {dag.py:3036} INFO - Sync 1 DAGs
[2025-04-13T17:21:40.570+0000] {logging_mixin.py:188} INFO - [2025-04-13T17:21:40.570+0000] {dag.py:3823} INFO - Setting next_dagrun for example_branch_python_operator_decorator to 2025-04-12 00:00:00+00:00, run_after=2025-04-13 00:00:00+00:00
[2025-04-13T17:21:40.598+0000] {processor.py:183} INFO - Processing /home/airflow/.local/lib/python3.8/site-packages/airflow/example_dags/example_branch_operator_decorator.py took 0.146 seconds
[2025-04-13T17:22:10.821+0000] {processor.py:161} INFO - Started process (PID=3866) to work on /home/airflow/.local/lib/python3.8/site-packages/airflow/example_dags/example_branch_operator_decorator.py
[2025-04-13T17:22:10.823+0000] {processor.py:830} INFO - Processing file /home/airflow/.local/lib/python3.8/site-packages/airflow/example_dags/example_branch_operator_decorator.py for tasks to queue
[2025-04-13T17:22:10.826+0000] {logging_mixin.py:188} INFO - [2025-04-13T17:22:10.826+0000] {dagbag.py:538} INFO - Filling up the DagBag from /home/airflow/.local/lib/python3.8/site-packages/airflow/example_dags/example_branch_operator_decorator.py
[2025-04-13T17:22:10.886+0000] {processor.py:840} INFO - DAG(s) 'example_branch_python_operator_decorator' retrieved from /home/airflow/.local/lib/python3.8/site-packages/airflow/example_dags/example_branch_operator_decorator.py
[2025-04-13T17:22:10.937+0000] {logging_mixin.py:188} INFO - [2025-04-13T17:22:10.937+0000] {dag.py:3036} INFO - Sync 1 DAGs
[2025-04-13T17:22:10.978+0000] {logging_mixin.py:188} INFO - [2025-04-13T17:22:10.977+0000] {dag.py:3823} INFO - Setting next_dagrun for example_branch_python_operator_decorator to 2025-04-12 00:00:00+00:00, run_after=2025-04-13 00:00:00+00:00
[2025-04-13T17:22:11.005+0000] {processor.py:183} INFO - Processing /home/airflow/.local/lib/python3.8/site-packages/airflow/example_dags/example_branch_operator_decorator.py took 0.196 seconds
[2025-04-13T17:22:41.379+0000] {processor.py:161} INFO - Started process (PID=3922) to work on /home/airflow/.local/lib/python3.8/site-packages/airflow/example_dags/example_branch_operator_decorator.py
[2025-04-13T17:22:41.381+0000] {processor.py:830} INFO - Processing file /home/airflow/.local/lib/python3.8/site-packages/airflow/example_dags/example_branch_operator_decorator.py for tasks to queue
[2025-04-13T17:22:41.384+0000] {logging_mixin.py:188} INFO - [2025-04-13T17:22:41.383+0000] {dagbag.py:538} INFO - Filling up the DagBag from /home/airflow/.local/lib/python3.8/site-packages/airflow/example_dags/example_branch_operator_decorator.py
[2025-04-13T17:22:41.419+0000] {processor.py:840} INFO - DAG(s) 'example_branch_python_operator_decorator' retrieved from /home/airflow/.local/lib/python3.8/site-packages/airflow/example_dags/example_branch_operator_decorator.py
[2025-04-13T17:22:41.462+0000] {logging_mixin.py:188} INFO - [2025-04-13T17:22:41.462+0000] {dag.py:3036} INFO - Sync 1 DAGs
[2025-04-13T17:22:41.494+0000] {logging_mixin.py:188} INFO - [2025-04-13T17:22:41.494+0000] {dag.py:3823} INFO - Setting next_dagrun for example_branch_python_operator_decorator to 2025-04-12 00:00:00+00:00, run_after=2025-04-13 00:00:00+00:00
[2025-04-13T17:22:41.526+0000] {processor.py:183} INFO - Processing /home/airflow/.local/lib/python3.8/site-packages/airflow/example_dags/example_branch_operator_decorator.py took 0.151 seconds
[2025-04-13T17:23:11.902+0000] {processor.py:161} INFO - Started process (PID=3978) to work on /home/airflow/.local/lib/python3.8/site-packages/airflow/example_dags/example_branch_operator_decorator.py
[2025-04-13T17:23:11.903+0000] {processor.py:830} INFO - Processing file /home/airflow/.local/lib/python3.8/site-packages/airflow/example_dags/example_branch_operator_decorator.py for tasks to queue
[2025-04-13T17:23:11.906+0000] {logging_mixin.py:188} INFO - [2025-04-13T17:23:11.905+0000] {dagbag.py:538} INFO - Filling up the DagBag from /home/airflow/.local/lib/python3.8/site-packages/airflow/example_dags/example_branch_operator_decorator.py
[2025-04-13T17:23:11.933+0000] {processor.py:840} INFO - DAG(s) 'example_branch_python_operator_decorator' retrieved from /home/airflow/.local/lib/python3.8/site-packages/airflow/example_dags/example_branch_operator_decorator.py
[2025-04-13T17:23:11.963+0000] {logging_mixin.py:188} INFO - [2025-04-13T17:23:11.963+0000] {dag.py:3036} INFO - Sync 1 DAGs
[2025-04-13T17:23:11.989+0000] {logging_mixin.py:188} INFO - [2025-04-13T17:23:11.989+0000] {dag.py:3823} INFO - Setting next_dagrun for example_branch_python_operator_decorator to 2025-04-12 00:00:00+00:00, run_after=2025-04-13 00:00:00+00:00
[2025-04-13T17:23:12.052+0000] {processor.py:183} INFO - Processing /home/airflow/.local/lib/python3.8/site-packages/airflow/example_dags/example_branch_operator_decorator.py took 0.153 seconds
[2025-04-13T17:23:42.541+0000] {processor.py:161} INFO - Started process (PID=4034) to work on /home/airflow/.local/lib/python3.8/site-packages/airflow/example_dags/example_branch_operator_decorator.py
[2025-04-13T17:23:42.543+0000] {processor.py:830} INFO - Processing file /home/airflow/.local/lib/python3.8/site-packages/airflow/example_dags/example_branch_operator_decorator.py for tasks to queue
[2025-04-13T17:23:42.546+0000] {logging_mixin.py:188} INFO - [2025-04-13T17:23:42.546+0000] {dagbag.py:538} INFO - Filling up the DagBag from /home/airflow/.local/lib/python3.8/site-packages/airflow/example_dags/example_branch_operator_decorator.py
[2025-04-13T17:23:42.609+0000] {processor.py:840} INFO - DAG(s) 'example_branch_python_operator_decorator' retrieved from /home/airflow/.local/lib/python3.8/site-packages/airflow/example_dags/example_branch_operator_decorator.py
[2025-04-13T17:23:42.687+0000] {logging_mixin.py:188} INFO - [2025-04-13T17:23:42.686+0000] {dag.py:3036} INFO - Sync 1 DAGs
[2025-04-13T17:23:42.743+0000] {logging_mixin.py:188} INFO - [2025-04-13T17:23:42.743+0000] {dag.py:3823} INFO - Setting next_dagrun for example_branch_python_operator_decorator to 2025-04-12 00:00:00+00:00, run_after=2025-04-13 00:00:00+00:00
[2025-04-13T17:23:42.783+0000] {processor.py:183} INFO - Processing /home/airflow/.local/lib/python3.8/site-packages/airflow/example_dags/example_branch_operator_decorator.py took 0.258 seconds
[2025-04-13T17:24:12.985+0000] {processor.py:161} INFO - Started process (PID=4091) to work on /home/airflow/.local/lib/python3.8/site-packages/airflow/example_dags/example_branch_operator_decorator.py
[2025-04-13T17:24:12.987+0000] {processor.py:830} INFO - Processing file /home/airflow/.local/lib/python3.8/site-packages/airflow/example_dags/example_branch_operator_decorator.py for tasks to queue
[2025-04-13T17:24:12.990+0000] {logging_mixin.py:188} INFO - [2025-04-13T17:24:12.989+0000] {dagbag.py:538} INFO - Filling up the DagBag from /home/airflow/.local/lib/python3.8/site-packages/airflow/example_dags/example_branch_operator_decorator.py
[2025-04-13T17:24:13.041+0000] {processor.py:840} INFO - DAG(s) 'example_branch_python_operator_decorator' retrieved from /home/airflow/.local/lib/python3.8/site-packages/airflow/example_dags/example_branch_operator_decorator.py
[2025-04-13T17:24:13.095+0000] {logging_mixin.py:188} INFO - [2025-04-13T17:24:13.094+0000] {dag.py:3036} INFO - Sync 1 DAGs
[2025-04-13T17:24:13.128+0000] {logging_mixin.py:188} INFO - [2025-04-13T17:24:13.128+0000] {dag.py:3823} INFO - Setting next_dagrun for example_branch_python_operator_decorator to 2025-04-12 00:00:00+00:00, run_after=2025-04-13 00:00:00+00:00
[2025-04-13T17:24:13.156+0000] {processor.py:183} INFO - Processing /home/airflow/.local/lib/python3.8/site-packages/airflow/example_dags/example_branch_operator_decorator.py took 0.176 seconds
[2025-04-13T17:24:43.581+0000] {processor.py:161} INFO - Started process (PID=4145) to work on /home/airflow/.local/lib/python3.8/site-packages/airflow/example_dags/example_branch_operator_decorator.py
[2025-04-13T17:24:43.582+0000] {processor.py:830} INFO - Processing file /home/airflow/.local/lib/python3.8/site-packages/airflow/example_dags/example_branch_operator_decorator.py for tasks to queue
[2025-04-13T17:24:43.584+0000] {logging_mixin.py:188} INFO - [2025-04-13T17:24:43.584+0000] {dagbag.py:538} INFO - Filling up the DagBag from /home/airflow/.local/lib/python3.8/site-packages/airflow/example_dags/example_branch_operator_decorator.py
[2025-04-13T17:24:43.608+0000] {processor.py:840} INFO - DAG(s) 'example_branch_python_operator_decorator' retrieved from /home/airflow/.local/lib/python3.8/site-packages/airflow/example_dags/example_branch_operator_decorator.py
[2025-04-13T17:24:43.766+0000] {logging_mixin.py:188} INFO - [2025-04-13T17:24:43.766+0000] {dag.py:3036} INFO - Sync 1 DAGs
[2025-04-13T17:24:43.882+0000] {logging_mixin.py:188} INFO - [2025-04-13T17:24:43.881+0000] {dag.py:3823} INFO - Setting next_dagrun for example_branch_python_operator_decorator to 2025-04-12 00:00:00+00:00, run_after=2025-04-13 00:00:00+00:00
[2025-04-13T17:24:43.908+0000] {processor.py:183} INFO - Processing /home/airflow/.local/lib/python3.8/site-packages/airflow/example_dags/example_branch_operator_decorator.py took 0.331 seconds
[2025-04-13T17:25:14.848+0000] {processor.py:161} INFO - Started process (PID=4201) to work on /home/airflow/.local/lib/python3.8/site-packages/airflow/example_dags/example_branch_operator_decorator.py
[2025-04-13T17:25:14.850+0000] {processor.py:830} INFO - Processing file /home/airflow/.local/lib/python3.8/site-packages/airflow/example_dags/example_branch_operator_decorator.py for tasks to queue
[2025-04-13T17:25:14.854+0000] {logging_mixin.py:188} INFO - [2025-04-13T17:25:14.854+0000] {dagbag.py:538} INFO - Filling up the DagBag from /home/airflow/.local/lib/python3.8/site-packages/airflow/example_dags/example_branch_operator_decorator.py
[2025-04-13T17:25:14.911+0000] {processor.py:840} INFO - DAG(s) 'example_branch_python_operator_decorator' retrieved from /home/airflow/.local/lib/python3.8/site-packages/airflow/example_dags/example_branch_operator_decorator.py
[2025-04-13T17:25:14.956+0000] {logging_mixin.py:188} INFO - [2025-04-13T17:25:14.955+0000] {dag.py:3036} INFO - Sync 1 DAGs
[2025-04-13T17:25:14.994+0000] {logging_mixin.py:188} INFO - [2025-04-13T17:25:14.994+0000] {dag.py:3823} INFO - Setting next_dagrun for example_branch_python_operator_decorator to 2025-04-12 00:00:00+00:00, run_after=2025-04-13 00:00:00+00:00
[2025-04-13T17:25:15.037+0000] {processor.py:183} INFO - Processing /home/airflow/.local/lib/python3.8/site-packages/airflow/example_dags/example_branch_operator_decorator.py took 0.199 seconds
[2025-04-13T17:25:45.766+0000] {processor.py:161} INFO - Started process (PID=4256) to work on /home/airflow/.local/lib/python3.8/site-packages/airflow/example_dags/example_branch_operator_decorator.py
[2025-04-13T17:25:45.768+0000] {processor.py:830} INFO - Processing file /home/airflow/.local/lib/python3.8/site-packages/airflow/example_dags/example_branch_operator_decorator.py for tasks to queue
[2025-04-13T17:25:45.771+0000] {logging_mixin.py:188} INFO - [2025-04-13T17:25:45.770+0000] {dagbag.py:538} INFO - Filling up the DagBag from /home/airflow/.local/lib/python3.8/site-packages/airflow/example_dags/example_branch_operator_decorator.py
[2025-04-13T17:25:45.799+0000] {processor.py:840} INFO - DAG(s) 'example_branch_python_operator_decorator' retrieved from /home/airflow/.local/lib/python3.8/site-packages/airflow/example_dags/example_branch_operator_decorator.py
[2025-04-13T17:25:45.834+0000] {logging_mixin.py:188} INFO - [2025-04-13T17:25:45.834+0000] {dag.py:3036} INFO - Sync 1 DAGs
[2025-04-13T17:25:45.864+0000] {logging_mixin.py:188} INFO - [2025-04-13T17:25:45.864+0000] {dag.py:3823} INFO - Setting next_dagrun for example_branch_python_operator_decorator to 2025-04-12 00:00:00+00:00, run_after=2025-04-13 00:00:00+00:00
[2025-04-13T17:25:45.905+0000] {processor.py:183} INFO - Processing /home/airflow/.local/lib/python3.8/site-packages/airflow/example_dags/example_branch_operator_decorator.py took 0.143 seconds
[2025-04-13T17:26:16.351+0000] {processor.py:161} INFO - Started process (PID=4312) to work on /home/airflow/.local/lib/python3.8/site-packages/airflow/example_dags/example_branch_operator_decorator.py
[2025-04-13T17:26:16.355+0000] {processor.py:830} INFO - Processing file /home/airflow/.local/lib/python3.8/site-packages/airflow/example_dags/example_branch_operator_decorator.py for tasks to queue
[2025-04-13T17:26:16.366+0000] {logging_mixin.py:188} INFO - [2025-04-13T17:26:16.365+0000] {dagbag.py:538} INFO - Filling up the DagBag from /home/airflow/.local/lib/python3.8/site-packages/airflow/example_dags/example_branch_operator_decorator.py
[2025-04-13T17:26:16.421+0000] {processor.py:840} INFO - DAG(s) 'example_branch_python_operator_decorator' retrieved from /home/airflow/.local/lib/python3.8/site-packages/airflow/example_dags/example_branch_operator_decorator.py
[2025-04-13T17:26:16.491+0000] {logging_mixin.py:188} INFO - [2025-04-13T17:26:16.490+0000] {dag.py:3036} INFO - Sync 1 DAGs
[2025-04-13T17:26:16.522+0000] {logging_mixin.py:188} INFO - [2025-04-13T17:26:16.522+0000] {dag.py:3823} INFO - Setting next_dagrun for example_branch_python_operator_decorator to 2025-04-12 00:00:00+00:00, run_after=2025-04-13 00:00:00+00:00
[2025-04-13T17:26:16.563+0000] {processor.py:183} INFO - Processing /home/airflow/.local/lib/python3.8/site-packages/airflow/example_dags/example_branch_operator_decorator.py took 0.217 seconds
[2025-04-13T17:26:47.138+0000] {processor.py:161} INFO - Started process (PID=4368) to work on /home/airflow/.local/lib/python3.8/site-packages/airflow/example_dags/example_branch_operator_decorator.py
[2025-04-13T17:26:47.139+0000] {processor.py:830} INFO - Processing file /home/airflow/.local/lib/python3.8/site-packages/airflow/example_dags/example_branch_operator_decorator.py for tasks to queue
[2025-04-13T17:26:47.143+0000] {logging_mixin.py:188} INFO - [2025-04-13T17:26:47.143+0000] {dagbag.py:538} INFO - Filling up the DagBag from /home/airflow/.local/lib/python3.8/site-packages/airflow/example_dags/example_branch_operator_decorator.py
[2025-04-13T17:26:47.184+0000] {processor.py:840} INFO - DAG(s) 'example_branch_python_operator_decorator' retrieved from /home/airflow/.local/lib/python3.8/site-packages/airflow/example_dags/example_branch_operator_decorator.py
[2025-04-13T17:26:47.236+0000] {logging_mixin.py:188} INFO - [2025-04-13T17:26:47.236+0000] {dag.py:3036} INFO - Sync 1 DAGs
[2025-04-13T17:26:47.289+0000] {logging_mixin.py:188} INFO - [2025-04-13T17:26:47.289+0000] {dag.py:3823} INFO - Setting next_dagrun for example_branch_python_operator_decorator to 2025-04-12 00:00:00+00:00, run_after=2025-04-13 00:00:00+00:00
[2025-04-13T17:26:47.323+0000] {processor.py:183} INFO - Processing /home/airflow/.local/lib/python3.8/site-packages/airflow/example_dags/example_branch_operator_decorator.py took 0.192 seconds
[2025-04-13T17:27:17.650+0000] {processor.py:161} INFO - Started process (PID=4424) to work on /home/airflow/.local/lib/python3.8/site-packages/airflow/example_dags/example_branch_operator_decorator.py
[2025-04-13T17:27:17.653+0000] {processor.py:830} INFO - Processing file /home/airflow/.local/lib/python3.8/site-packages/airflow/example_dags/example_branch_operator_decorator.py for tasks to queue
[2025-04-13T17:27:17.658+0000] {logging_mixin.py:188} INFO - [2025-04-13T17:27:17.658+0000] {dagbag.py:538} INFO - Filling up the DagBag from /home/airflow/.local/lib/python3.8/site-packages/airflow/example_dags/example_branch_operator_decorator.py
[2025-04-13T17:27:17.697+0000] {processor.py:840} INFO - DAG(s) 'example_branch_python_operator_decorator' retrieved from /home/airflow/.local/lib/python3.8/site-packages/airflow/example_dags/example_branch_operator_decorator.py
[2025-04-13T17:27:17.740+0000] {logging_mixin.py:188} INFO - [2025-04-13T17:27:17.737+0000] {dag.py:3036} INFO - Sync 1 DAGs
[2025-04-13T17:27:17.792+0000] {logging_mixin.py:188} INFO - [2025-04-13T17:27:17.792+0000] {dag.py:3823} INFO - Setting next_dagrun for example_branch_python_operator_decorator to 2025-04-12 00:00:00+00:00, run_after=2025-04-13 00:00:00+00:00
[2025-04-13T17:27:17.826+0000] {processor.py:183} INFO - Processing /home/airflow/.local/lib/python3.8/site-packages/airflow/example_dags/example_branch_operator_decorator.py took 0.182 seconds
[2025-04-13T17:27:48.622+0000] {processor.py:161} INFO - Started process (PID=4480) to work on /home/airflow/.local/lib/python3.8/site-packages/airflow/example_dags/example_branch_operator_decorator.py
[2025-04-13T17:27:48.623+0000] {processor.py:830} INFO - Processing file /home/airflow/.local/lib/python3.8/site-packages/airflow/example_dags/example_branch_operator_decorator.py for tasks to queue
[2025-04-13T17:27:48.626+0000] {logging_mixin.py:188} INFO - [2025-04-13T17:27:48.626+0000] {dagbag.py:538} INFO - Filling up the DagBag from /home/airflow/.local/lib/python3.8/site-packages/airflow/example_dags/example_branch_operator_decorator.py
[2025-04-13T17:27:48.655+0000] {processor.py:840} INFO - DAG(s) 'example_branch_python_operator_decorator' retrieved from /home/airflow/.local/lib/python3.8/site-packages/airflow/example_dags/example_branch_operator_decorator.py
[2025-04-13T17:27:48.693+0000] {logging_mixin.py:188} INFO - [2025-04-13T17:27:48.693+0000] {dag.py:3036} INFO - Sync 1 DAGs
[2025-04-13T17:27:48.722+0000] {logging_mixin.py:188} INFO - [2025-04-13T17:27:48.722+0000] {dag.py:3823} INFO - Setting next_dagrun for example_branch_python_operator_decorator to 2025-04-12 00:00:00+00:00, run_after=2025-04-13 00:00:00+00:00
[2025-04-13T17:27:48.752+0000] {processor.py:183} INFO - Processing /home/airflow/.local/lib/python3.8/site-packages/airflow/example_dags/example_branch_operator_decorator.py took 0.134 seconds
[2025-04-13T17:28:20.987+0000] {processor.py:161} INFO - Started process (PID=4527) to work on /home/airflow/.local/lib/python3.8/site-packages/airflow/example_dags/example_branch_operator_decorator.py
[2025-04-13T17:28:20.990+0000] {processor.py:830} INFO - Processing file /home/airflow/.local/lib/python3.8/site-packages/airflow/example_dags/example_branch_operator_decorator.py for tasks to queue
[2025-04-13T17:28:20.998+0000] {logging_mixin.py:188} INFO - [2025-04-13T17:28:20.996+0000] {dagbag.py:538} INFO - Filling up the DagBag from /home/airflow/.local/lib/python3.8/site-packages/airflow/example_dags/example_branch_operator_decorator.py
[2025-04-13T17:28:21.096+0000] {processor.py:840} INFO - DAG(s) 'example_branch_python_operator_decorator' retrieved from /home/airflow/.local/lib/python3.8/site-packages/airflow/example_dags/example_branch_operator_decorator.py
[2025-04-13T17:28:21.207+0000] {logging_mixin.py:188} INFO - [2025-04-13T17:28:21.207+0000] {dag.py:3036} INFO - Sync 1 DAGs
[2025-04-13T17:28:21.250+0000] {logging_mixin.py:188} INFO - [2025-04-13T17:28:21.250+0000] {dag.py:3823} INFO - Setting next_dagrun for example_branch_python_operator_decorator to 2025-04-12 00:00:00+00:00, run_after=2025-04-13 00:00:00+00:00
[2025-04-13T17:28:21.278+0000] {processor.py:183} INFO - Processing /home/airflow/.local/lib/python3.8/site-packages/airflow/example_dags/example_branch_operator_decorator.py took 0.299 seconds
[2025-04-13T17:28:51.750+0000] {processor.py:161} INFO - Started process (PID=4581) to work on /home/airflow/.local/lib/python3.8/site-packages/airflow/example_dags/example_branch_operator_decorator.py
[2025-04-13T17:28:51.752+0000] {processor.py:830} INFO - Processing file /home/airflow/.local/lib/python3.8/site-packages/airflow/example_dags/example_branch_operator_decorator.py for tasks to queue
[2025-04-13T17:28:51.755+0000] {logging_mixin.py:188} INFO - [2025-04-13T17:28:51.754+0000] {dagbag.py:538} INFO - Filling up the DagBag from /home/airflow/.local/lib/python3.8/site-packages/airflow/example_dags/example_branch_operator_decorator.py
[2025-04-13T17:28:51.799+0000] {processor.py:840} INFO - DAG(s) 'example_branch_python_operator_decorator' retrieved from /home/airflow/.local/lib/python3.8/site-packages/airflow/example_dags/example_branch_operator_decorator.py
[2025-04-13T17:28:51.861+0000] {logging_mixin.py:188} INFO - [2025-04-13T17:28:51.860+0000] {dag.py:3036} INFO - Sync 1 DAGs
[2025-04-13T17:28:51.902+0000] {logging_mixin.py:188} INFO - [2025-04-13T17:28:51.901+0000] {dag.py:3823} INFO - Setting next_dagrun for example_branch_python_operator_decorator to 2025-04-12 00:00:00+00:00, run_after=2025-04-13 00:00:00+00:00
[2025-04-13T17:28:51.968+0000] {processor.py:183} INFO - Processing /home/airflow/.local/lib/python3.8/site-packages/airflow/example_dags/example_branch_operator_decorator.py took 0.226 seconds
[2025-04-13T17:29:24.710+0000] {processor.py:161} INFO - Started process (PID=4637) to work on /home/airflow/.local/lib/python3.8/site-packages/airflow/example_dags/example_branch_operator_decorator.py
[2025-04-13T17:29:24.712+0000] {processor.py:830} INFO - Processing file /home/airflow/.local/lib/python3.8/site-packages/airflow/example_dags/example_branch_operator_decorator.py for tasks to queue
[2025-04-13T17:29:24.715+0000] {logging_mixin.py:188} INFO - [2025-04-13T17:29:24.715+0000] {dagbag.py:538} INFO - Filling up the DagBag from /home/airflow/.local/lib/python3.8/site-packages/airflow/example_dags/example_branch_operator_decorator.py
[2025-04-13T17:29:24.756+0000] {processor.py:840} INFO - DAG(s) 'example_branch_python_operator_decorator' retrieved from /home/airflow/.local/lib/python3.8/site-packages/airflow/example_dags/example_branch_operator_decorator.py
[2025-04-13T17:29:24.808+0000] {logging_mixin.py:188} INFO - [2025-04-13T17:29:24.807+0000] {dag.py:3036} INFO - Sync 1 DAGs
[2025-04-13T17:29:24.843+0000] {logging_mixin.py:188} INFO - [2025-04-13T17:29:24.843+0000] {dag.py:3823} INFO - Setting next_dagrun for example_branch_python_operator_decorator to 2025-04-12 00:00:00+00:00, run_after=2025-04-13 00:00:00+00:00
[2025-04-13T17:29:24.870+0000] {processor.py:183} INFO - Processing /home/airflow/.local/lib/python3.8/site-packages/airflow/example_dags/example_branch_operator_decorator.py took 0.165 seconds
[2025-04-13T17:29:57.125+0000] {processor.py:161} INFO - Started process (PID=4690) to work on /home/airflow/.local/lib/python3.8/site-packages/airflow/example_dags/example_branch_operator_decorator.py
[2025-04-13T17:29:57.126+0000] {processor.py:830} INFO - Processing file /home/airflow/.local/lib/python3.8/site-packages/airflow/example_dags/example_branch_operator_decorator.py for tasks to queue
[2025-04-13T17:29:57.129+0000] {logging_mixin.py:188} INFO - [2025-04-13T17:29:57.128+0000] {dagbag.py:538} INFO - Filling up the DagBag from /home/airflow/.local/lib/python3.8/site-packages/airflow/example_dags/example_branch_operator_decorator.py
[2025-04-13T17:29:57.159+0000] {processor.py:840} INFO - DAG(s) 'example_branch_python_operator_decorator' retrieved from /home/airflow/.local/lib/python3.8/site-packages/airflow/example_dags/example_branch_operator_decorator.py
[2025-04-13T17:29:57.205+0000] {logging_mixin.py:188} INFO - [2025-04-13T17:29:57.205+0000] {dag.py:3036} INFO - Sync 1 DAGs
[2025-04-13T17:29:57.273+0000] {logging_mixin.py:188} INFO - [2025-04-13T17:29:57.272+0000] {dag.py:3823} INFO - Setting next_dagrun for example_branch_python_operator_decorator to 2025-04-12 00:00:00+00:00, run_after=2025-04-13 00:00:00+00:00
[2025-04-13T17:29:57.318+0000] {processor.py:183} INFO - Processing /home/airflow/.local/lib/python3.8/site-packages/airflow/example_dags/example_branch_operator_decorator.py took 0.198 seconds
[2025-04-13T17:30:29.813+0000] {processor.py:161} INFO - Started process (PID=4747) to work on /home/airflow/.local/lib/python3.8/site-packages/airflow/example_dags/example_branch_operator_decorator.py
[2025-04-13T17:30:29.815+0000] {processor.py:830} INFO - Processing file /home/airflow/.local/lib/python3.8/site-packages/airflow/example_dags/example_branch_operator_decorator.py for tasks to queue
[2025-04-13T17:30:29.817+0000] {logging_mixin.py:188} INFO - [2025-04-13T17:30:29.817+0000] {dagbag.py:538} INFO - Filling up the DagBag from /home/airflow/.local/lib/python3.8/site-packages/airflow/example_dags/example_branch_operator_decorator.py
[2025-04-13T17:30:29.848+0000] {processor.py:840} INFO - DAG(s) 'example_branch_python_operator_decorator' retrieved from /home/airflow/.local/lib/python3.8/site-packages/airflow/example_dags/example_branch_operator_decorator.py
[2025-04-13T17:30:29.888+0000] {logging_mixin.py:188} INFO - [2025-04-13T17:30:29.887+0000] {dag.py:3036} INFO - Sync 1 DAGs
[2025-04-13T17:30:29.924+0000] {logging_mixin.py:188} INFO - [2025-04-13T17:30:29.924+0000] {dag.py:3823} INFO - Setting next_dagrun for example_branch_python_operator_decorator to 2025-04-12 00:00:00+00:00, run_after=2025-04-13 00:00:00+00:00
[2025-04-13T17:30:30.013+0000] {processor.py:183} INFO - Processing /home/airflow/.local/lib/python3.8/site-packages/airflow/example_dags/example_branch_operator_decorator.py took 0.206 seconds
[2025-04-13T17:31:00.883+0000] {processor.py:161} INFO - Started process (PID=4798) to work on /home/airflow/.local/lib/python3.8/site-packages/airflow/example_dags/example_branch_operator_decorator.py
[2025-04-13T17:31:00.885+0000] {processor.py:830} INFO - Processing file /home/airflow/.local/lib/python3.8/site-packages/airflow/example_dags/example_branch_operator_decorator.py for tasks to queue
[2025-04-13T17:31:00.889+0000] {logging_mixin.py:188} INFO - [2025-04-13T17:31:00.888+0000] {dagbag.py:538} INFO - Filling up the DagBag from /home/airflow/.local/lib/python3.8/site-packages/airflow/example_dags/example_branch_operator_decorator.py
[2025-04-13T17:31:00.942+0000] {processor.py:840} INFO - DAG(s) 'example_branch_python_operator_decorator' retrieved from /home/airflow/.local/lib/python3.8/site-packages/airflow/example_dags/example_branch_operator_decorator.py
[2025-04-13T17:31:00.994+0000] {logging_mixin.py:188} INFO - [2025-04-13T17:31:00.994+0000] {dag.py:3036} INFO - Sync 1 DAGs
[2025-04-13T17:31:01.035+0000] {logging_mixin.py:188} INFO - [2025-04-13T17:31:01.035+0000] {dag.py:3823} INFO - Setting next_dagrun for example_branch_python_operator_decorator to 2025-04-12 00:00:00+00:00, run_after=2025-04-13 00:00:00+00:00
[2025-04-13T17:31:01.068+0000] {processor.py:183} INFO - Processing /home/airflow/.local/lib/python3.8/site-packages/airflow/example_dags/example_branch_operator_decorator.py took 0.192 seconds
[2025-04-13T17:31:32.588+0000] {processor.py:161} INFO - Started process (PID=4845) to work on /home/airflow/.local/lib/python3.8/site-packages/airflow/example_dags/example_branch_operator_decorator.py
[2025-04-13T17:31:32.590+0000] {processor.py:830} INFO - Processing file /home/airflow/.local/lib/python3.8/site-packages/airflow/example_dags/example_branch_operator_decorator.py for tasks to queue
[2025-04-13T17:31:32.592+0000] {logging_mixin.py:188} INFO - [2025-04-13T17:31:32.592+0000] {dagbag.py:538} INFO - Filling up the DagBag from /home/airflow/.local/lib/python3.8/site-packages/airflow/example_dags/example_branch_operator_decorator.py
[2025-04-13T17:31:32.625+0000] {processor.py:840} INFO - DAG(s) 'example_branch_python_operator_decorator' retrieved from /home/airflow/.local/lib/python3.8/site-packages/airflow/example_dags/example_branch_operator_decorator.py
[2025-04-13T17:31:32.660+0000] {logging_mixin.py:188} INFO - [2025-04-13T17:31:32.660+0000] {dag.py:3036} INFO - Sync 1 DAGs
[2025-04-13T17:31:32.688+0000] {logging_mixin.py:188} INFO - [2025-04-13T17:31:32.688+0000] {dag.py:3823} INFO - Setting next_dagrun for example_branch_python_operator_decorator to 2025-04-12 00:00:00+00:00, run_after=2025-04-13 00:00:00+00:00
[2025-04-13T17:31:32.726+0000] {processor.py:183} INFO - Processing /home/airflow/.local/lib/python3.8/site-packages/airflow/example_dags/example_branch_operator_decorator.py took 0.142 seconds
[2025-04-13T17:32:05.194+0000] {processor.py:161} INFO - Started process (PID=4901) to work on /home/airflow/.local/lib/python3.8/site-packages/airflow/example_dags/example_branch_operator_decorator.py
[2025-04-13T17:32:05.196+0000] {processor.py:830} INFO - Processing file /home/airflow/.local/lib/python3.8/site-packages/airflow/example_dags/example_branch_operator_decorator.py for tasks to queue
[2025-04-13T17:32:05.199+0000] {logging_mixin.py:188} INFO - [2025-04-13T17:32:05.199+0000] {dagbag.py:538} INFO - Filling up the DagBag from /home/airflow/.local/lib/python3.8/site-packages/airflow/example_dags/example_branch_operator_decorator.py
[2025-04-13T17:32:05.231+0000] {processor.py:840} INFO - DAG(s) 'example_branch_python_operator_decorator' retrieved from /home/airflow/.local/lib/python3.8/site-packages/airflow/example_dags/example_branch_operator_decorator.py
[2025-04-13T17:32:05.267+0000] {logging_mixin.py:188} INFO - [2025-04-13T17:32:05.267+0000] {dag.py:3036} INFO - Sync 1 DAGs
[2025-04-13T17:32:05.295+0000] {logging_mixin.py:188} INFO - [2025-04-13T17:32:05.295+0000] {dag.py:3823} INFO - Setting next_dagrun for example_branch_python_operator_decorator to 2025-04-12 00:00:00+00:00, run_after=2025-04-13 00:00:00+00:00
[2025-04-13T17:32:05.321+0000] {processor.py:183} INFO - Processing /home/airflow/.local/lib/python3.8/site-packages/airflow/example_dags/example_branch_operator_decorator.py took 0.132 seconds
[2025-04-13T17:32:37.254+0000] {processor.py:161} INFO - Started process (PID=4951) to work on /home/airflow/.local/lib/python3.8/site-packages/airflow/example_dags/example_branch_operator_decorator.py
[2025-04-13T17:32:37.256+0000] {processor.py:830} INFO - Processing file /home/airflow/.local/lib/python3.8/site-packages/airflow/example_dags/example_branch_operator_decorator.py for tasks to queue
[2025-04-13T17:32:37.260+0000] {logging_mixin.py:188} INFO - [2025-04-13T17:32:37.259+0000] {dagbag.py:538} INFO - Filling up the DagBag from /home/airflow/.local/lib/python3.8/site-packages/airflow/example_dags/example_branch_operator_decorator.py
[2025-04-13T17:32:37.293+0000] {processor.py:840} INFO - DAG(s) 'example_branch_python_operator_decorator' retrieved from /home/airflow/.local/lib/python3.8/site-packages/airflow/example_dags/example_branch_operator_decorator.py
[2025-04-13T17:32:37.326+0000] {logging_mixin.py:188} INFO - [2025-04-13T17:32:37.326+0000] {dag.py:3036} INFO - Sync 1 DAGs
[2025-04-13T17:32:37.361+0000] {logging_mixin.py:188} INFO - [2025-04-13T17:32:37.361+0000] {dag.py:3823} INFO - Setting next_dagrun for example_branch_python_operator_decorator to 2025-04-12 00:00:00+00:00, run_after=2025-04-13 00:00:00+00:00
[2025-04-13T17:32:37.392+0000] {processor.py:183} INFO - Processing /home/airflow/.local/lib/python3.8/site-packages/airflow/example_dags/example_branch_operator_decorator.py took 0.146 seconds
[2025-04-13T17:33:09.496+0000] {processor.py:161} INFO - Started process (PID=5007) to work on /home/airflow/.local/lib/python3.8/site-packages/airflow/example_dags/example_branch_operator_decorator.py
[2025-04-13T17:33:09.498+0000] {processor.py:830} INFO - Processing file /home/airflow/.local/lib/python3.8/site-packages/airflow/example_dags/example_branch_operator_decorator.py for tasks to queue
[2025-04-13T17:33:09.503+0000] {logging_mixin.py:188} INFO - [2025-04-13T17:33:09.502+0000] {dagbag.py:538} INFO - Filling up the DagBag from /home/airflow/.local/lib/python3.8/site-packages/airflow/example_dags/example_branch_operator_decorator.py
[2025-04-13T17:33:09.549+0000] {processor.py:840} INFO - DAG(s) 'example_branch_python_operator_decorator' retrieved from /home/airflow/.local/lib/python3.8/site-packages/airflow/example_dags/example_branch_operator_decorator.py
[2025-04-13T17:33:09.595+0000] {logging_mixin.py:188} INFO - [2025-04-13T17:33:09.595+0000] {dag.py:3036} INFO - Sync 1 DAGs
[2025-04-13T17:33:09.638+0000] {logging_mixin.py:188} INFO - [2025-04-13T17:33:09.638+0000] {dag.py:3823} INFO - Setting next_dagrun for example_branch_python_operator_decorator to 2025-04-12 00:00:00+00:00, run_after=2025-04-13 00:00:00+00:00
[2025-04-13T17:33:09.689+0000] {processor.py:183} INFO - Processing /home/airflow/.local/lib/python3.8/site-packages/airflow/example_dags/example_branch_operator_decorator.py took 0.200 seconds
[2025-04-13T17:33:41.592+0000] {processor.py:161} INFO - Started process (PID=5063) to work on /home/airflow/.local/lib/python3.8/site-packages/airflow/example_dags/example_branch_operator_decorator.py
[2025-04-13T17:33:41.594+0000] {processor.py:830} INFO - Processing file /home/airflow/.local/lib/python3.8/site-packages/airflow/example_dags/example_branch_operator_decorator.py for tasks to queue
[2025-04-13T17:33:41.597+0000] {logging_mixin.py:188} INFO - [2025-04-13T17:33:41.596+0000] {dagbag.py:538} INFO - Filling up the DagBag from /home/airflow/.local/lib/python3.8/site-packages/airflow/example_dags/example_branch_operator_decorator.py
[2025-04-13T17:33:41.635+0000] {processor.py:840} INFO - DAG(s) 'example_branch_python_operator_decorator' retrieved from /home/airflow/.local/lib/python3.8/site-packages/airflow/example_dags/example_branch_operator_decorator.py
[2025-04-13T17:33:41.709+0000] {logging_mixin.py:188} INFO - [2025-04-13T17:33:41.709+0000] {dag.py:3036} INFO - Sync 1 DAGs
[2025-04-13T17:33:41.742+0000] {logging_mixin.py:188} INFO - [2025-04-13T17:33:41.742+0000] {dag.py:3823} INFO - Setting next_dagrun for example_branch_python_operator_decorator to 2025-04-12 00:00:00+00:00, run_after=2025-04-13 00:00:00+00:00
[2025-04-13T17:33:41.772+0000] {processor.py:183} INFO - Processing /home/airflow/.local/lib/python3.8/site-packages/airflow/example_dags/example_branch_operator_decorator.py took 0.184 seconds
[2025-04-13T17:34:14.638+0000] {processor.py:161} INFO - Started process (PID=5120) to work on /home/airflow/.local/lib/python3.8/site-packages/airflow/example_dags/example_branch_operator_decorator.py
[2025-04-13T17:34:14.639+0000] {processor.py:830} INFO - Processing file /home/airflow/.local/lib/python3.8/site-packages/airflow/example_dags/example_branch_operator_decorator.py for tasks to queue
[2025-04-13T17:34:14.645+0000] {logging_mixin.py:188} INFO - [2025-04-13T17:34:14.644+0000] {dagbag.py:538} INFO - Filling up the DagBag from /home/airflow/.local/lib/python3.8/site-packages/airflow/example_dags/example_branch_operator_decorator.py
[2025-04-13T17:34:14.682+0000] {processor.py:840} INFO - DAG(s) 'example_branch_python_operator_decorator' retrieved from /home/airflow/.local/lib/python3.8/site-packages/airflow/example_dags/example_branch_operator_decorator.py
[2025-04-13T17:34:14.718+0000] {logging_mixin.py:188} INFO - [2025-04-13T17:34:14.718+0000] {dag.py:3036} INFO - Sync 1 DAGs
[2025-04-13T17:34:14.748+0000] {logging_mixin.py:188} INFO - [2025-04-13T17:34:14.748+0000] {dag.py:3823} INFO - Setting next_dagrun for example_branch_python_operator_decorator to 2025-04-12 00:00:00+00:00, run_after=2025-04-13 00:00:00+00:00
[2025-04-13T17:34:14.810+0000] {processor.py:183} INFO - Processing /home/airflow/.local/lib/python3.8/site-packages/airflow/example_dags/example_branch_operator_decorator.py took 0.178 seconds
[2025-04-13T17:34:46.503+0000] {processor.py:161} INFO - Started process (PID=5175) to work on /home/airflow/.local/lib/python3.8/site-packages/airflow/example_dags/example_branch_operator_decorator.py
[2025-04-13T17:34:46.505+0000] {processor.py:830} INFO - Processing file /home/airflow/.local/lib/python3.8/site-packages/airflow/example_dags/example_branch_operator_decorator.py for tasks to queue
[2025-04-13T17:34:46.508+0000] {logging_mixin.py:188} INFO - [2025-04-13T17:34:46.507+0000] {dagbag.py:538} INFO - Filling up the DagBag from /home/airflow/.local/lib/python3.8/site-packages/airflow/example_dags/example_branch_operator_decorator.py
[2025-04-13T17:34:46.544+0000] {processor.py:840} INFO - DAG(s) 'example_branch_python_operator_decorator' retrieved from /home/airflow/.local/lib/python3.8/site-packages/airflow/example_dags/example_branch_operator_decorator.py
[2025-04-13T17:34:46.579+0000] {logging_mixin.py:188} INFO - [2025-04-13T17:34:46.579+0000] {dag.py:3036} INFO - Sync 1 DAGs
[2025-04-13T17:34:46.609+0000] {logging_mixin.py:188} INFO - [2025-04-13T17:34:46.609+0000] {dag.py:3823} INFO - Setting next_dagrun for example_branch_python_operator_decorator to 2025-04-12 00:00:00+00:00, run_after=2025-04-13 00:00:00+00:00
[2025-04-13T17:34:46.655+0000] {processor.py:183} INFO - Processing /home/airflow/.local/lib/python3.8/site-packages/airflow/example_dags/example_branch_operator_decorator.py took 0.156 seconds
[2025-04-13T17:35:19.433+0000] {processor.py:161} INFO - Started process (PID=5231) to work on /home/airflow/.local/lib/python3.8/site-packages/airflow/example_dags/example_branch_operator_decorator.py
[2025-04-13T17:35:19.434+0000] {processor.py:830} INFO - Processing file /home/airflow/.local/lib/python3.8/site-packages/airflow/example_dags/example_branch_operator_decorator.py for tasks to queue
[2025-04-13T17:35:19.437+0000] {logging_mixin.py:188} INFO - [2025-04-13T17:35:19.436+0000] {dagbag.py:538} INFO - Filling up the DagBag from /home/airflow/.local/lib/python3.8/site-packages/airflow/example_dags/example_branch_operator_decorator.py
[2025-04-13T17:35:19.461+0000] {processor.py:840} INFO - DAG(s) 'example_branch_python_operator_decorator' retrieved from /home/airflow/.local/lib/python3.8/site-packages/airflow/example_dags/example_branch_operator_decorator.py
[2025-04-13T17:35:19.492+0000] {logging_mixin.py:188} INFO - [2025-04-13T17:35:19.492+0000] {dag.py:3036} INFO - Sync 1 DAGs
[2025-04-13T17:35:19.518+0000] {logging_mixin.py:188} INFO - [2025-04-13T17:35:19.518+0000] {dag.py:3823} INFO - Setting next_dagrun for example_branch_python_operator_decorator to 2025-04-12 00:00:00+00:00, run_after=2025-04-13 00:00:00+00:00
[2025-04-13T17:35:19.588+0000] {processor.py:183} INFO - Processing /home/airflow/.local/lib/python3.8/site-packages/airflow/example_dags/example_branch_operator_decorator.py took 0.158 seconds
[2025-04-13T17:35:51.284+0000] {processor.py:161} INFO - Started process (PID=5287) to work on /home/airflow/.local/lib/python3.8/site-packages/airflow/example_dags/example_branch_operator_decorator.py
[2025-04-13T17:35:51.285+0000] {processor.py:830} INFO - Processing file /home/airflow/.local/lib/python3.8/site-packages/airflow/example_dags/example_branch_operator_decorator.py for tasks to queue
[2025-04-13T17:35:51.288+0000] {logging_mixin.py:188} INFO - [2025-04-13T17:35:51.288+0000] {dagbag.py:538} INFO - Filling up the DagBag from /home/airflow/.local/lib/python3.8/site-packages/airflow/example_dags/example_branch_operator_decorator.py
[2025-04-13T17:35:51.326+0000] {processor.py:840} INFO - DAG(s) 'example_branch_python_operator_decorator' retrieved from /home/airflow/.local/lib/python3.8/site-packages/airflow/example_dags/example_branch_operator_decorator.py
[2025-04-13T17:35:51.369+0000] {logging_mixin.py:188} INFO - [2025-04-13T17:35:51.368+0000] {dag.py:3036} INFO - Sync 1 DAGs
[2025-04-13T17:35:51.406+0000] {logging_mixin.py:188} INFO - [2025-04-13T17:35:51.406+0000] {dag.py:3823} INFO - Setting next_dagrun for example_branch_python_operator_decorator to 2025-04-12 00:00:00+00:00, run_after=2025-04-13 00:00:00+00:00
[2025-04-13T17:35:51.441+0000] {processor.py:183} INFO - Processing /home/airflow/.local/lib/python3.8/site-packages/airflow/example_dags/example_branch_operator_decorator.py took 0.161 seconds
[2025-04-13T17:36:24.134+0000] {processor.py:161} INFO - Started process (PID=5343) to work on /home/airflow/.local/lib/python3.8/site-packages/airflow/example_dags/example_branch_operator_decorator.py
[2025-04-13T17:36:24.137+0000] {processor.py:830} INFO - Processing file /home/airflow/.local/lib/python3.8/site-packages/airflow/example_dags/example_branch_operator_decorator.py for tasks to queue
[2025-04-13T17:36:24.141+0000] {logging_mixin.py:188} INFO - [2025-04-13T17:36:24.141+0000] {dagbag.py:538} INFO - Filling up the DagBag from /home/airflow/.local/lib/python3.8/site-packages/airflow/example_dags/example_branch_operator_decorator.py
[2025-04-13T17:36:24.199+0000] {processor.py:840} INFO - DAG(s) 'example_branch_python_operator_decorator' retrieved from /home/airflow/.local/lib/python3.8/site-packages/airflow/example_dags/example_branch_operator_decorator.py
[2025-04-13T17:36:24.255+0000] {logging_mixin.py:188} INFO - [2025-04-13T17:36:24.255+0000] {dag.py:3036} INFO - Sync 1 DAGs
[2025-04-13T17:36:24.292+0000] {logging_mixin.py:188} INFO - [2025-04-13T17:36:24.291+0000] {dag.py:3823} INFO - Setting next_dagrun for example_branch_python_operator_decorator to 2025-04-12 00:00:00+00:00, run_after=2025-04-13 00:00:00+00:00
[2025-04-13T17:36:24.318+0000] {processor.py:183} INFO - Processing /home/airflow/.local/lib/python3.8/site-packages/airflow/example_dags/example_branch_operator_decorator.py took 0.192 seconds
[2025-04-13T17:36:56.124+0000] {processor.py:161} INFO - Started process (PID=5399) to work on /home/airflow/.local/lib/python3.8/site-packages/airflow/example_dags/example_branch_operator_decorator.py
[2025-04-13T17:36:56.126+0000] {processor.py:830} INFO - Processing file /home/airflow/.local/lib/python3.8/site-packages/airflow/example_dags/example_branch_operator_decorator.py for tasks to queue
[2025-04-13T17:36:56.129+0000] {logging_mixin.py:188} INFO - [2025-04-13T17:36:56.128+0000] {dagbag.py:538} INFO - Filling up the DagBag from /home/airflow/.local/lib/python3.8/site-packages/airflow/example_dags/example_branch_operator_decorator.py
[2025-04-13T17:36:56.166+0000] {processor.py:840} INFO - DAG(s) 'example_branch_python_operator_decorator' retrieved from /home/airflow/.local/lib/python3.8/site-packages/airflow/example_dags/example_branch_operator_decorator.py
[2025-04-13T17:36:56.206+0000] {logging_mixin.py:188} INFO - [2025-04-13T17:36:56.206+0000] {dag.py:3036} INFO - Sync 1 DAGs
[2025-04-13T17:36:56.251+0000] {logging_mixin.py:188} INFO - [2025-04-13T17:36:56.250+0000] {dag.py:3823} INFO - Setting next_dagrun for example_branch_python_operator_decorator to 2025-04-12 00:00:00+00:00, run_after=2025-04-13 00:00:00+00:00
[2025-04-13T17:36:56.280+0000] {processor.py:183} INFO - Processing /home/airflow/.local/lib/python3.8/site-packages/airflow/example_dags/example_branch_operator_decorator.py took 0.160 seconds
[2025-04-13T17:37:28.287+0000] {processor.py:161} INFO - Started process (PID=5456) to work on /home/airflow/.local/lib/python3.8/site-packages/airflow/example_dags/example_branch_operator_decorator.py
[2025-04-13T17:37:28.288+0000] {processor.py:830} INFO - Processing file /home/airflow/.local/lib/python3.8/site-packages/airflow/example_dags/example_branch_operator_decorator.py for tasks to queue
[2025-04-13T17:37:28.291+0000] {logging_mixin.py:188} INFO - [2025-04-13T17:37:28.291+0000] {dagbag.py:538} INFO - Filling up the DagBag from /home/airflow/.local/lib/python3.8/site-packages/airflow/example_dags/example_branch_operator_decorator.py
[2025-04-13T17:37:28.328+0000] {processor.py:840} INFO - DAG(s) 'example_branch_python_operator_decorator' retrieved from /home/airflow/.local/lib/python3.8/site-packages/airflow/example_dags/example_branch_operator_decorator.py
[2025-04-13T17:37:28.364+0000] {logging_mixin.py:188} INFO - [2025-04-13T17:37:28.363+0000] {dag.py:3036} INFO - Sync 1 DAGs
[2025-04-13T17:37:28.393+0000] {logging_mixin.py:188} INFO - [2025-04-13T17:37:28.393+0000] {dag.py:3823} INFO - Setting next_dagrun for example_branch_python_operator_decorator to 2025-04-12 00:00:00+00:00, run_after=2025-04-13 00:00:00+00:00
[2025-04-13T17:37:28.432+0000] {processor.py:183} INFO - Processing /home/airflow/.local/lib/python3.8/site-packages/airflow/example_dags/example_branch_operator_decorator.py took 0.153 seconds
[2025-04-13T17:37:58.743+0000] {processor.py:161} INFO - Started process (PID=5512) to work on /home/airflow/.local/lib/python3.8/site-packages/airflow/example_dags/example_branch_operator_decorator.py
[2025-04-13T17:37:58.745+0000] {processor.py:830} INFO - Processing file /home/airflow/.local/lib/python3.8/site-packages/airflow/example_dags/example_branch_operator_decorator.py for tasks to queue
[2025-04-13T17:37:58.747+0000] {logging_mixin.py:188} INFO - [2025-04-13T17:37:58.747+0000] {dagbag.py:538} INFO - Filling up the DagBag from /home/airflow/.local/lib/python3.8/site-packages/airflow/example_dags/example_branch_operator_decorator.py
[2025-04-13T17:37:58.803+0000] {processor.py:840} INFO - DAG(s) 'example_branch_python_operator_decorator' retrieved from /home/airflow/.local/lib/python3.8/site-packages/airflow/example_dags/example_branch_operator_decorator.py
[2025-04-13T17:37:58.862+0000] {logging_mixin.py:188} INFO - [2025-04-13T17:37:58.862+0000] {dag.py:3036} INFO - Sync 1 DAGs
[2025-04-13T17:37:58.908+0000] {logging_mixin.py:188} INFO - [2025-04-13T17:37:58.907+0000] {dag.py:3823} INFO - Setting next_dagrun for example_branch_python_operator_decorator to 2025-04-12 00:00:00+00:00, run_after=2025-04-13 00:00:00+00:00
[2025-04-13T17:37:58.947+0000] {processor.py:183} INFO - Processing /home/airflow/.local/lib/python3.8/site-packages/airflow/example_dags/example_branch_operator_decorator.py took 0.208 seconds
[2025-04-13T17:38:32.916+0000] {processor.py:161} INFO - Started process (PID=5568) to work on /home/airflow/.local/lib/python3.8/site-packages/airflow/example_dags/example_branch_operator_decorator.py
[2025-04-13T17:38:32.917+0000] {processor.py:830} INFO - Processing file /home/airflow/.local/lib/python3.8/site-packages/airflow/example_dags/example_branch_operator_decorator.py for tasks to queue
[2025-04-13T17:38:32.922+0000] {logging_mixin.py:188} INFO - [2025-04-13T17:38:32.921+0000] {dagbag.py:538} INFO - Filling up the DagBag from /home/airflow/.local/lib/python3.8/site-packages/airflow/example_dags/example_branch_operator_decorator.py
[2025-04-13T17:38:32.968+0000] {processor.py:840} INFO - DAG(s) 'example_branch_python_operator_decorator' retrieved from /home/airflow/.local/lib/python3.8/site-packages/airflow/example_dags/example_branch_operator_decorator.py
[2025-04-13T17:38:33.022+0000] {logging_mixin.py:188} INFO - [2025-04-13T17:38:33.021+0000] {dag.py:3036} INFO - Sync 1 DAGs
[2025-04-13T17:38:33.072+0000] {logging_mixin.py:188} INFO - [2025-04-13T17:38:33.072+0000] {dag.py:3823} INFO - Setting next_dagrun for example_branch_python_operator_decorator to 2025-04-12 00:00:00+00:00, run_after=2025-04-13 00:00:00+00:00
[2025-04-13T17:38:33.111+0000] {processor.py:183} INFO - Processing /home/airflow/.local/lib/python3.8/site-packages/airflow/example_dags/example_branch_operator_decorator.py took 0.202 seconds
[2025-04-13T17:39:05.593+0000] {processor.py:161} INFO - Started process (PID=5624) to work on /home/airflow/.local/lib/python3.8/site-packages/airflow/example_dags/example_branch_operator_decorator.py
[2025-04-13T17:39:05.595+0000] {processor.py:830} INFO - Processing file /home/airflow/.local/lib/python3.8/site-packages/airflow/example_dags/example_branch_operator_decorator.py for tasks to queue
[2025-04-13T17:39:05.598+0000] {logging_mixin.py:188} INFO - [2025-04-13T17:39:05.597+0000] {dagbag.py:538} INFO - Filling up the DagBag from /home/airflow/.local/lib/python3.8/site-packages/airflow/example_dags/example_branch_operator_decorator.py
[2025-04-13T17:39:05.639+0000] {processor.py:840} INFO - DAG(s) 'example_branch_python_operator_decorator' retrieved from /home/airflow/.local/lib/python3.8/site-packages/airflow/example_dags/example_branch_operator_decorator.py
[2025-04-13T17:39:05.676+0000] {logging_mixin.py:188} INFO - [2025-04-13T17:39:05.675+0000] {dag.py:3036} INFO - Sync 1 DAGs
[2025-04-13T17:39:05.720+0000] {logging_mixin.py:188} INFO - [2025-04-13T17:39:05.720+0000] {dag.py:3823} INFO - Setting next_dagrun for example_branch_python_operator_decorator to 2025-04-12 00:00:00+00:00, run_after=2025-04-13 00:00:00+00:00
[2025-04-13T17:39:05.755+0000] {processor.py:183} INFO - Processing /home/airflow/.local/lib/python3.8/site-packages/airflow/example_dags/example_branch_operator_decorator.py took 0.168 seconds
[2025-04-13T17:39:38.112+0000] {processor.py:161} INFO - Started process (PID=5680) to work on /home/airflow/.local/lib/python3.8/site-packages/airflow/example_dags/example_branch_operator_decorator.py
[2025-04-13T17:39:38.114+0000] {processor.py:830} INFO - Processing file /home/airflow/.local/lib/python3.8/site-packages/airflow/example_dags/example_branch_operator_decorator.py for tasks to queue
[2025-04-13T17:39:38.118+0000] {logging_mixin.py:188} INFO - [2025-04-13T17:39:38.117+0000] {dagbag.py:538} INFO - Filling up the DagBag from /home/airflow/.local/lib/python3.8/site-packages/airflow/example_dags/example_branch_operator_decorator.py
[2025-04-13T17:39:38.166+0000] {processor.py:840} INFO - DAG(s) 'example_branch_python_operator_decorator' retrieved from /home/airflow/.local/lib/python3.8/site-packages/airflow/example_dags/example_branch_operator_decorator.py
[2025-04-13T17:39:38.209+0000] {logging_mixin.py:188} INFO - [2025-04-13T17:39:38.209+0000] {dag.py:3036} INFO - Sync 1 DAGs
[2025-04-13T17:39:38.249+0000] {logging_mixin.py:188} INFO - [2025-04-13T17:39:38.249+0000] {dag.py:3823} INFO - Setting next_dagrun for example_branch_python_operator_decorator to 2025-04-12 00:00:00+00:00, run_after=2025-04-13 00:00:00+00:00
[2025-04-13T17:39:38.307+0000] {processor.py:183} INFO - Processing /home/airflow/.local/lib/python3.8/site-packages/airflow/example_dags/example_branch_operator_decorator.py took 0.201 seconds
[2025-04-13T17:40:10.356+0000] {processor.py:161} INFO - Started process (PID=5736) to work on /home/airflow/.local/lib/python3.8/site-packages/airflow/example_dags/example_branch_operator_decorator.py
[2025-04-13T17:40:10.358+0000] {processor.py:830} INFO - Processing file /home/airflow/.local/lib/python3.8/site-packages/airflow/example_dags/example_branch_operator_decorator.py for tasks to queue
[2025-04-13T17:40:10.362+0000] {logging_mixin.py:188} INFO - [2025-04-13T17:40:10.361+0000] {dagbag.py:538} INFO - Filling up the DagBag from /home/airflow/.local/lib/python3.8/site-packages/airflow/example_dags/example_branch_operator_decorator.py
[2025-04-13T17:40:10.400+0000] {processor.py:840} INFO - DAG(s) 'example_branch_python_operator_decorator' retrieved from /home/airflow/.local/lib/python3.8/site-packages/airflow/example_dags/example_branch_operator_decorator.py
[2025-04-13T17:40:10.438+0000] {logging_mixin.py:188} INFO - [2025-04-13T17:40:10.438+0000] {dag.py:3036} INFO - Sync 1 DAGs
[2025-04-13T17:40:10.470+0000] {logging_mixin.py:188} INFO - [2025-04-13T17:40:10.470+0000] {dag.py:3823} INFO - Setting next_dagrun for example_branch_python_operator_decorator to 2025-04-12 00:00:00+00:00, run_after=2025-04-13 00:00:00+00:00
[2025-04-13T17:40:10.506+0000] {processor.py:183} INFO - Processing /home/airflow/.local/lib/python3.8/site-packages/airflow/example_dags/example_branch_operator_decorator.py took 0.154 seconds
[2025-04-13T17:40:42.645+0000] {processor.py:161} INFO - Started process (PID=5792) to work on /home/airflow/.local/lib/python3.8/site-packages/airflow/example_dags/example_branch_operator_decorator.py
[2025-04-13T17:40:42.647+0000] {processor.py:830} INFO - Processing file /home/airflow/.local/lib/python3.8/site-packages/airflow/example_dags/example_branch_operator_decorator.py for tasks to queue
[2025-04-13T17:40:42.650+0000] {logging_mixin.py:188} INFO - [2025-04-13T17:40:42.649+0000] {dagbag.py:538} INFO - Filling up the DagBag from /home/airflow/.local/lib/python3.8/site-packages/airflow/example_dags/example_branch_operator_decorator.py
[2025-04-13T17:40:42.694+0000] {processor.py:840} INFO - DAG(s) 'example_branch_python_operator_decorator' retrieved from /home/airflow/.local/lib/python3.8/site-packages/airflow/example_dags/example_branch_operator_decorator.py
[2025-04-13T17:40:42.764+0000] {logging_mixin.py:188} INFO - [2025-04-13T17:40:42.763+0000] {dag.py:3036} INFO - Sync 1 DAGs
[2025-04-13T17:40:42.839+0000] {logging_mixin.py:188} INFO - [2025-04-13T17:40:42.839+0000] {dag.py:3823} INFO - Setting next_dagrun for example_branch_python_operator_decorator to 2025-04-12 00:00:00+00:00, run_after=2025-04-13 00:00:00+00:00
[2025-04-13T17:40:42.892+0000] {processor.py:183} INFO - Processing /home/airflow/.local/lib/python3.8/site-packages/airflow/example_dags/example_branch_operator_decorator.py took 0.252 seconds
[2025-04-13T17:41:15.420+0000] {processor.py:161} INFO - Started process (PID=5849) to work on /home/airflow/.local/lib/python3.8/site-packages/airflow/example_dags/example_branch_operator_decorator.py
[2025-04-13T17:41:15.423+0000] {processor.py:830} INFO - Processing file /home/airflow/.local/lib/python3.8/site-packages/airflow/example_dags/example_branch_operator_decorator.py for tasks to queue
[2025-04-13T17:41:15.427+0000] {logging_mixin.py:188} INFO - [2025-04-13T17:41:15.426+0000] {dagbag.py:538} INFO - Filling up the DagBag from /home/airflow/.local/lib/python3.8/site-packages/airflow/example_dags/example_branch_operator_decorator.py
[2025-04-13T17:41:15.473+0000] {processor.py:840} INFO - DAG(s) 'example_branch_python_operator_decorator' retrieved from /home/airflow/.local/lib/python3.8/site-packages/airflow/example_dags/example_branch_operator_decorator.py
[2025-04-13T17:41:15.511+0000] {logging_mixin.py:188} INFO - [2025-04-13T17:41:15.511+0000] {dag.py:3036} INFO - Sync 1 DAGs
[2025-04-13T17:41:15.547+0000] {logging_mixin.py:188} INFO - [2025-04-13T17:41:15.547+0000] {dag.py:3823} INFO - Setting next_dagrun for example_branch_python_operator_decorator to 2025-04-12 00:00:00+00:00, run_after=2025-04-13 00:00:00+00:00
[2025-04-13T17:41:15.584+0000] {processor.py:183} INFO - Processing /home/airflow/.local/lib/python3.8/site-packages/airflow/example_dags/example_branch_operator_decorator.py took 0.170 seconds
[2025-04-13T17:41:46.072+0000] {processor.py:161} INFO - Started process (PID=5905) to work on /home/airflow/.local/lib/python3.8/site-packages/airflow/example_dags/example_branch_operator_decorator.py
[2025-04-13T17:41:46.073+0000] {processor.py:830} INFO - Processing file /home/airflow/.local/lib/python3.8/site-packages/airflow/example_dags/example_branch_operator_decorator.py for tasks to queue
[2025-04-13T17:41:46.076+0000] {logging_mixin.py:188} INFO - [2025-04-13T17:41:46.076+0000] {dagbag.py:538} INFO - Filling up the DagBag from /home/airflow/.local/lib/python3.8/site-packages/airflow/example_dags/example_branch_operator_decorator.py
[2025-04-13T17:41:46.115+0000] {processor.py:840} INFO - DAG(s) 'example_branch_python_operator_decorator' retrieved from /home/airflow/.local/lib/python3.8/site-packages/airflow/example_dags/example_branch_operator_decorator.py
[2025-04-13T17:41:46.159+0000] {logging_mixin.py:188} INFO - [2025-04-13T17:41:46.158+0000] {dag.py:3036} INFO - Sync 1 DAGs
[2025-04-13T17:41:46.195+0000] {logging_mixin.py:188} INFO - [2025-04-13T17:41:46.195+0000] {dag.py:3823} INFO - Setting next_dagrun for example_branch_python_operator_decorator to 2025-04-12 00:00:00+00:00, run_after=2025-04-13 00:00:00+00:00
[2025-04-13T17:41:46.239+0000] {processor.py:183} INFO - Processing /home/airflow/.local/lib/python3.8/site-packages/airflow/example_dags/example_branch_operator_decorator.py took 0.173 seconds
[2025-04-13T17:42:16.513+0000] {processor.py:161} INFO - Started process (PID=5960) to work on /home/airflow/.local/lib/python3.8/site-packages/airflow/example_dags/example_branch_operator_decorator.py
[2025-04-13T17:42:16.515+0000] {processor.py:830} INFO - Processing file /home/airflow/.local/lib/python3.8/site-packages/airflow/example_dags/example_branch_operator_decorator.py for tasks to queue
[2025-04-13T17:42:16.518+0000] {logging_mixin.py:188} INFO - [2025-04-13T17:42:16.518+0000] {dagbag.py:538} INFO - Filling up the DagBag from /home/airflow/.local/lib/python3.8/site-packages/airflow/example_dags/example_branch_operator_decorator.py
[2025-04-13T17:42:16.565+0000] {processor.py:840} INFO - DAG(s) 'example_branch_python_operator_decorator' retrieved from /home/airflow/.local/lib/python3.8/site-packages/airflow/example_dags/example_branch_operator_decorator.py
[2025-04-13T17:42:16.615+0000] {logging_mixin.py:188} INFO - [2025-04-13T17:42:16.615+0000] {dag.py:3036} INFO - Sync 1 DAGs
[2025-04-13T17:42:16.650+0000] {logging_mixin.py:188} INFO - [2025-04-13T17:42:16.650+0000] {dag.py:3823} INFO - Setting next_dagrun for example_branch_python_operator_decorator to 2025-04-12 00:00:00+00:00, run_after=2025-04-13 00:00:00+00:00
[2025-04-13T17:42:16.685+0000] {processor.py:183} INFO - Processing /home/airflow/.local/lib/python3.8/site-packages/airflow/example_dags/example_branch_operator_decorator.py took 0.180 seconds
[2025-04-13T17:42:47.121+0000] {processor.py:161} INFO - Started process (PID=6018) to work on /home/airflow/.local/lib/python3.8/site-packages/airflow/example_dags/example_branch_operator_decorator.py
[2025-04-13T17:42:47.123+0000] {processor.py:830} INFO - Processing file /home/airflow/.local/lib/python3.8/site-packages/airflow/example_dags/example_branch_operator_decorator.py for tasks to queue
[2025-04-13T17:42:47.127+0000] {logging_mixin.py:188} INFO - [2025-04-13T17:42:47.127+0000] {dagbag.py:538} INFO - Filling up the DagBag from /home/airflow/.local/lib/python3.8/site-packages/airflow/example_dags/example_branch_operator_decorator.py
[2025-04-13T17:42:47.173+0000] {processor.py:840} INFO - DAG(s) 'example_branch_python_operator_decorator' retrieved from /home/airflow/.local/lib/python3.8/site-packages/airflow/example_dags/example_branch_operator_decorator.py
[2025-04-13T17:42:47.229+0000] {logging_mixin.py:188} INFO - [2025-04-13T17:42:47.229+0000] {dag.py:3036} INFO - Sync 1 DAGs
[2025-04-13T17:42:47.271+0000] {logging_mixin.py:188} INFO - [2025-04-13T17:42:47.270+0000] {dag.py:3823} INFO - Setting next_dagrun for example_branch_python_operator_decorator to 2025-04-12 00:00:00+00:00, run_after=2025-04-13 00:00:00+00:00
[2025-04-13T17:42:47.349+0000] {processor.py:183} INFO - Processing /home/airflow/.local/lib/python3.8/site-packages/airflow/example_dags/example_branch_operator_decorator.py took 0.234 seconds
[2025-04-13T17:43:17.893+0000] {processor.py:161} INFO - Started process (PID=6074) to work on /home/airflow/.local/lib/python3.8/site-packages/airflow/example_dags/example_branch_operator_decorator.py
[2025-04-13T17:43:17.894+0000] {processor.py:830} INFO - Processing file /home/airflow/.local/lib/python3.8/site-packages/airflow/example_dags/example_branch_operator_decorator.py for tasks to queue
[2025-04-13T17:43:17.897+0000] {logging_mixin.py:188} INFO - [2025-04-13T17:43:17.897+0000] {dagbag.py:538} INFO - Filling up the DagBag from /home/airflow/.local/lib/python3.8/site-packages/airflow/example_dags/example_branch_operator_decorator.py
[2025-04-13T17:43:17.938+0000] {processor.py:840} INFO - DAG(s) 'example_branch_python_operator_decorator' retrieved from /home/airflow/.local/lib/python3.8/site-packages/airflow/example_dags/example_branch_operator_decorator.py
[2025-04-13T17:43:17.989+0000] {logging_mixin.py:188} INFO - [2025-04-13T17:43:17.989+0000] {dag.py:3036} INFO - Sync 1 DAGs
[2025-04-13T17:43:18.027+0000] {logging_mixin.py:188} INFO - [2025-04-13T17:43:18.026+0000] {dag.py:3823} INFO - Setting next_dagrun for example_branch_python_operator_decorator to 2025-04-12 00:00:00+00:00, run_after=2025-04-13 00:00:00+00:00
[2025-04-13T17:43:18.124+0000] {processor.py:183} INFO - Processing /home/airflow/.local/lib/python3.8/site-packages/airflow/example_dags/example_branch_operator_decorator.py took 0.236 seconds
[2025-04-13T17:43:48.272+0000] {processor.py:161} INFO - Started process (PID=6130) to work on /home/airflow/.local/lib/python3.8/site-packages/airflow/example_dags/example_branch_operator_decorator.py
[2025-04-13T17:43:48.274+0000] {processor.py:830} INFO - Processing file /home/airflow/.local/lib/python3.8/site-packages/airflow/example_dags/example_branch_operator_decorator.py for tasks to queue
[2025-04-13T17:43:48.277+0000] {logging_mixin.py:188} INFO - [2025-04-13T17:43:48.277+0000] {dagbag.py:538} INFO - Filling up the DagBag from /home/airflow/.local/lib/python3.8/site-packages/airflow/example_dags/example_branch_operator_decorator.py
[2025-04-13T17:43:48.306+0000] {processor.py:840} INFO - DAG(s) 'example_branch_python_operator_decorator' retrieved from /home/airflow/.local/lib/python3.8/site-packages/airflow/example_dags/example_branch_operator_decorator.py
[2025-04-13T17:43:48.345+0000] {logging_mixin.py:188} INFO - [2025-04-13T17:43:48.345+0000] {dag.py:3036} INFO - Sync 1 DAGs
[2025-04-13T17:43:48.378+0000] {logging_mixin.py:188} INFO - [2025-04-13T17:43:48.377+0000] {dag.py:3823} INFO - Setting next_dagrun for example_branch_python_operator_decorator to 2025-04-12 00:00:00+00:00, run_after=2025-04-13 00:00:00+00:00
[2025-04-13T17:43:48.410+0000] {processor.py:183} INFO - Processing /home/airflow/.local/lib/python3.8/site-packages/airflow/example_dags/example_branch_operator_decorator.py took 0.142 seconds
[2025-04-13T17:44:18.902+0000] {processor.py:161} INFO - Started process (PID=6186) to work on /home/airflow/.local/lib/python3.8/site-packages/airflow/example_dags/example_branch_operator_decorator.py
[2025-04-13T17:44:18.904+0000] {processor.py:830} INFO - Processing file /home/airflow/.local/lib/python3.8/site-packages/airflow/example_dags/example_branch_operator_decorator.py for tasks to queue
[2025-04-13T17:44:18.906+0000] {logging_mixin.py:188} INFO - [2025-04-13T17:44:18.906+0000] {dagbag.py:538} INFO - Filling up the DagBag from /home/airflow/.local/lib/python3.8/site-packages/airflow/example_dags/example_branch_operator_decorator.py
[2025-04-13T17:44:18.951+0000] {processor.py:840} INFO - DAG(s) 'example_branch_python_operator_decorator' retrieved from /home/airflow/.local/lib/python3.8/site-packages/airflow/example_dags/example_branch_operator_decorator.py
[2025-04-13T17:44:19.001+0000] {logging_mixin.py:188} INFO - [2025-04-13T17:44:19.001+0000] {dag.py:3036} INFO - Sync 1 DAGs
[2025-04-13T17:44:19.030+0000] {logging_mixin.py:188} INFO - [2025-04-13T17:44:19.030+0000] {dag.py:3823} INFO - Setting next_dagrun for example_branch_python_operator_decorator to 2025-04-12 00:00:00+00:00, run_after=2025-04-13 00:00:00+00:00
[2025-04-13T17:44:19.094+0000] {processor.py:183} INFO - Processing /home/airflow/.local/lib/python3.8/site-packages/airflow/example_dags/example_branch_operator_decorator.py took 0.197 seconds
[2025-04-13T17:44:49.210+0000] {processor.py:161} INFO - Started process (PID=6242) to work on /home/airflow/.local/lib/python3.8/site-packages/airflow/example_dags/example_branch_operator_decorator.py
[2025-04-13T17:44:49.212+0000] {processor.py:830} INFO - Processing file /home/airflow/.local/lib/python3.8/site-packages/airflow/example_dags/example_branch_operator_decorator.py for tasks to queue
[2025-04-13T17:44:49.218+0000] {logging_mixin.py:188} INFO - [2025-04-13T17:44:49.217+0000] {dagbag.py:538} INFO - Filling up the DagBag from /home/airflow/.local/lib/python3.8/site-packages/airflow/example_dags/example_branch_operator_decorator.py
[2025-04-13T17:44:49.273+0000] {processor.py:840} INFO - DAG(s) 'example_branch_python_operator_decorator' retrieved from /home/airflow/.local/lib/python3.8/site-packages/airflow/example_dags/example_branch_operator_decorator.py
[2025-04-13T17:44:49.330+0000] {logging_mixin.py:188} INFO - [2025-04-13T17:44:49.329+0000] {dag.py:3036} INFO - Sync 1 DAGs
[2025-04-13T17:44:49.365+0000] {logging_mixin.py:188} INFO - [2025-04-13T17:44:49.365+0000] {dag.py:3823} INFO - Setting next_dagrun for example_branch_python_operator_decorator to 2025-04-12 00:00:00+00:00, run_after=2025-04-13 00:00:00+00:00
[2025-04-13T17:44:49.397+0000] {processor.py:183} INFO - Processing /home/airflow/.local/lib/python3.8/site-packages/airflow/example_dags/example_branch_operator_decorator.py took 0.196 seconds
[2025-04-13T17:45:20.089+0000] {processor.py:161} INFO - Started process (PID=6298) to work on /home/airflow/.local/lib/python3.8/site-packages/airflow/example_dags/example_branch_operator_decorator.py
[2025-04-13T17:45:20.098+0000] {processor.py:830} INFO - Processing file /home/airflow/.local/lib/python3.8/site-packages/airflow/example_dags/example_branch_operator_decorator.py for tasks to queue
[2025-04-13T17:45:20.105+0000] {logging_mixin.py:188} INFO - [2025-04-13T17:45:20.104+0000] {dagbag.py:538} INFO - Filling up the DagBag from /home/airflow/.local/lib/python3.8/site-packages/airflow/example_dags/example_branch_operator_decorator.py
[2025-04-13T17:45:20.181+0000] {processor.py:840} INFO - DAG(s) 'example_branch_python_operator_decorator' retrieved from /home/airflow/.local/lib/python3.8/site-packages/airflow/example_dags/example_branch_operator_decorator.py
[2025-04-13T17:45:20.226+0000] {logging_mixin.py:188} INFO - [2025-04-13T17:45:20.225+0000] {dag.py:3036} INFO - Sync 1 DAGs
[2025-04-13T17:45:20.262+0000] {logging_mixin.py:188} INFO - [2025-04-13T17:45:20.262+0000] {dag.py:3823} INFO - Setting next_dagrun for example_branch_python_operator_decorator to 2025-04-12 00:00:00+00:00, run_after=2025-04-13 00:00:00+00:00
[2025-04-13T17:45:20.290+0000] {processor.py:183} INFO - Processing /home/airflow/.local/lib/python3.8/site-packages/airflow/example_dags/example_branch_operator_decorator.py took 0.209 seconds
[2025-04-13T17:45:50.371+0000] {processor.py:161} INFO - Started process (PID=6354) to work on /home/airflow/.local/lib/python3.8/site-packages/airflow/example_dags/example_branch_operator_decorator.py
[2025-04-13T17:45:50.373+0000] {processor.py:830} INFO - Processing file /home/airflow/.local/lib/python3.8/site-packages/airflow/example_dags/example_branch_operator_decorator.py for tasks to queue
[2025-04-13T17:45:50.376+0000] {logging_mixin.py:188} INFO - [2025-04-13T17:45:50.375+0000] {dagbag.py:538} INFO - Filling up the DagBag from /home/airflow/.local/lib/python3.8/site-packages/airflow/example_dags/example_branch_operator_decorator.py
[2025-04-13T17:45:50.442+0000] {processor.py:840} INFO - DAG(s) 'example_branch_python_operator_decorator' retrieved from /home/airflow/.local/lib/python3.8/site-packages/airflow/example_dags/example_branch_operator_decorator.py
[2025-04-13T17:45:50.518+0000] {logging_mixin.py:188} INFO - [2025-04-13T17:45:50.517+0000] {dag.py:3036} INFO - Sync 1 DAGs
[2025-04-13T17:45:50.589+0000] {logging_mixin.py:188} INFO - [2025-04-13T17:45:50.588+0000] {dag.py:3823} INFO - Setting next_dagrun for example_branch_python_operator_decorator to 2025-04-12 00:00:00+00:00, run_after=2025-04-13 00:00:00+00:00
[2025-04-13T17:45:50.639+0000] {processor.py:183} INFO - Processing /home/airflow/.local/lib/python3.8/site-packages/airflow/example_dags/example_branch_operator_decorator.py took 0.272 seconds
[2025-04-13T17:46:21.248+0000] {processor.py:161} INFO - Started process (PID=6410) to work on /home/airflow/.local/lib/python3.8/site-packages/airflow/example_dags/example_branch_operator_decorator.py
[2025-04-13T17:46:21.250+0000] {processor.py:830} INFO - Processing file /home/airflow/.local/lib/python3.8/site-packages/airflow/example_dags/example_branch_operator_decorator.py for tasks to queue
[2025-04-13T17:46:21.252+0000] {logging_mixin.py:188} INFO - [2025-04-13T17:46:21.252+0000] {dagbag.py:538} INFO - Filling up the DagBag from /home/airflow/.local/lib/python3.8/site-packages/airflow/example_dags/example_branch_operator_decorator.py
[2025-04-13T17:46:21.285+0000] {processor.py:840} INFO - DAG(s) 'example_branch_python_operator_decorator' retrieved from /home/airflow/.local/lib/python3.8/site-packages/airflow/example_dags/example_branch_operator_decorator.py
[2025-04-13T17:46:21.327+0000] {logging_mixin.py:188} INFO - [2025-04-13T17:46:21.326+0000] {dag.py:3036} INFO - Sync 1 DAGs
[2025-04-13T17:46:21.365+0000] {logging_mixin.py:188} INFO - [2025-04-13T17:46:21.365+0000] {dag.py:3823} INFO - Setting next_dagrun for example_branch_python_operator_decorator to 2025-04-12 00:00:00+00:00, run_after=2025-04-13 00:00:00+00:00
[2025-04-13T17:46:21.407+0000] {processor.py:183} INFO - Processing /home/airflow/.local/lib/python3.8/site-packages/airflow/example_dags/example_branch_operator_decorator.py took 0.164 seconds
[2025-04-13T17:46:51.659+0000] {processor.py:161} INFO - Started process (PID=6467) to work on /home/airflow/.local/lib/python3.8/site-packages/airflow/example_dags/example_branch_operator_decorator.py
[2025-04-13T17:46:51.662+0000] {processor.py:830} INFO - Processing file /home/airflow/.local/lib/python3.8/site-packages/airflow/example_dags/example_branch_operator_decorator.py for tasks to queue
[2025-04-13T17:46:51.665+0000] {logging_mixin.py:188} INFO - [2025-04-13T17:46:51.665+0000] {dagbag.py:538} INFO - Filling up the DagBag from /home/airflow/.local/lib/python3.8/site-packages/airflow/example_dags/example_branch_operator_decorator.py
[2025-04-13T17:46:51.704+0000] {processor.py:840} INFO - DAG(s) 'example_branch_python_operator_decorator' retrieved from /home/airflow/.local/lib/python3.8/site-packages/airflow/example_dags/example_branch_operator_decorator.py
[2025-04-13T17:46:51.750+0000] {logging_mixin.py:188} INFO - [2025-04-13T17:46:51.750+0000] {dag.py:3036} INFO - Sync 1 DAGs
[2025-04-13T17:46:51.832+0000] {logging_mixin.py:188} INFO - [2025-04-13T17:46:51.832+0000] {dag.py:3823} INFO - Setting next_dagrun for example_branch_python_operator_decorator to 2025-04-12 00:00:00+00:00, run_after=2025-04-13 00:00:00+00:00
[2025-04-13T17:46:51.881+0000] {processor.py:183} INFO - Processing /home/airflow/.local/lib/python3.8/site-packages/airflow/example_dags/example_branch_operator_decorator.py took 0.228 seconds
[2025-04-13T17:47:22.440+0000] {processor.py:161} INFO - Started process (PID=6523) to work on /home/airflow/.local/lib/python3.8/site-packages/airflow/example_dags/example_branch_operator_decorator.py
[2025-04-13T17:47:22.442+0000] {processor.py:830} INFO - Processing file /home/airflow/.local/lib/python3.8/site-packages/airflow/example_dags/example_branch_operator_decorator.py for tasks to queue
[2025-04-13T17:47:22.447+0000] {logging_mixin.py:188} INFO - [2025-04-13T17:47:22.446+0000] {dagbag.py:538} INFO - Filling up the DagBag from /home/airflow/.local/lib/python3.8/site-packages/airflow/example_dags/example_branch_operator_decorator.py
[2025-04-13T17:47:22.501+0000] {processor.py:840} INFO - DAG(s) 'example_branch_python_operator_decorator' retrieved from /home/airflow/.local/lib/python3.8/site-packages/airflow/example_dags/example_branch_operator_decorator.py
[2025-04-13T17:47:22.570+0000] {logging_mixin.py:188} INFO - [2025-04-13T17:47:22.569+0000] {dag.py:3036} INFO - Sync 1 DAGs
[2025-04-13T17:47:22.603+0000] {logging_mixin.py:188} INFO - [2025-04-13T17:47:22.603+0000] {dag.py:3823} INFO - Setting next_dagrun for example_branch_python_operator_decorator to 2025-04-12 00:00:00+00:00, run_after=2025-04-13 00:00:00+00:00
[2025-04-13T17:47:22.634+0000] {processor.py:183} INFO - Processing /home/airflow/.local/lib/python3.8/site-packages/airflow/example_dags/example_branch_operator_decorator.py took 0.202 seconds
[2025-04-13T17:47:52.842+0000] {processor.py:161} INFO - Started process (PID=6579) to work on /home/airflow/.local/lib/python3.8/site-packages/airflow/example_dags/example_branch_operator_decorator.py
[2025-04-13T17:47:52.845+0000] {processor.py:830} INFO - Processing file /home/airflow/.local/lib/python3.8/site-packages/airflow/example_dags/example_branch_operator_decorator.py for tasks to queue
[2025-04-13T17:47:52.851+0000] {logging_mixin.py:188} INFO - [2025-04-13T17:47:52.851+0000] {dagbag.py:538} INFO - Filling up the DagBag from /home/airflow/.local/lib/python3.8/site-packages/airflow/example_dags/example_branch_operator_decorator.py
[2025-04-13T17:47:52.911+0000] {processor.py:840} INFO - DAG(s) 'example_branch_python_operator_decorator' retrieved from /home/airflow/.local/lib/python3.8/site-packages/airflow/example_dags/example_branch_operator_decorator.py
[2025-04-13T17:47:52.950+0000] {logging_mixin.py:188} INFO - [2025-04-13T17:47:52.949+0000] {dag.py:3036} INFO - Sync 1 DAGs
[2025-04-13T17:47:52.980+0000] {logging_mixin.py:188} INFO - [2025-04-13T17:47:52.979+0000] {dag.py:3823} INFO - Setting next_dagrun for example_branch_python_operator_decorator to 2025-04-12 00:00:00+00:00, run_after=2025-04-13 00:00:00+00:00
[2025-04-13T17:47:53.019+0000] {processor.py:183} INFO - Processing /home/airflow/.local/lib/python3.8/site-packages/airflow/example_dags/example_branch_operator_decorator.py took 0.185 seconds
[2025-04-13T17:48:23.781+0000] {processor.py:161} INFO - Started process (PID=6635) to work on /home/airflow/.local/lib/python3.8/site-packages/airflow/example_dags/example_branch_operator_decorator.py
[2025-04-13T17:48:23.782+0000] {processor.py:830} INFO - Processing file /home/airflow/.local/lib/python3.8/site-packages/airflow/example_dags/example_branch_operator_decorator.py for tasks to queue
[2025-04-13T17:48:23.787+0000] {logging_mixin.py:188} INFO - [2025-04-13T17:48:23.786+0000] {dagbag.py:538} INFO - Filling up the DagBag from /home/airflow/.local/lib/python3.8/site-packages/airflow/example_dags/example_branch_operator_decorator.py
[2025-04-13T17:48:23.824+0000] {processor.py:840} INFO - DAG(s) 'example_branch_python_operator_decorator' retrieved from /home/airflow/.local/lib/python3.8/site-packages/airflow/example_dags/example_branch_operator_decorator.py
[2025-04-13T17:48:23.863+0000] {logging_mixin.py:188} INFO - [2025-04-13T17:48:23.862+0000] {dag.py:3036} INFO - Sync 1 DAGs
[2025-04-13T17:48:23.895+0000] {logging_mixin.py:188} INFO - [2025-04-13T17:48:23.895+0000] {dag.py:3823} INFO - Setting next_dagrun for example_branch_python_operator_decorator to 2025-04-12 00:00:00+00:00, run_after=2025-04-13 00:00:00+00:00
[2025-04-13T17:48:23.929+0000] {processor.py:183} INFO - Processing /home/airflow/.local/lib/python3.8/site-packages/airflow/example_dags/example_branch_operator_decorator.py took 0.155 seconds
[2025-04-13T17:48:54.209+0000] {processor.py:161} INFO - Started process (PID=6691) to work on /home/airflow/.local/lib/python3.8/site-packages/airflow/example_dags/example_branch_operator_decorator.py
[2025-04-13T17:48:54.211+0000] {processor.py:830} INFO - Processing file /home/airflow/.local/lib/python3.8/site-packages/airflow/example_dags/example_branch_operator_decorator.py for tasks to queue
[2025-04-13T17:48:54.214+0000] {logging_mixin.py:188} INFO - [2025-04-13T17:48:54.214+0000] {dagbag.py:538} INFO - Filling up the DagBag from /home/airflow/.local/lib/python3.8/site-packages/airflow/example_dags/example_branch_operator_decorator.py
[2025-04-13T17:48:54.254+0000] {processor.py:840} INFO - DAG(s) 'example_branch_python_operator_decorator' retrieved from /home/airflow/.local/lib/python3.8/site-packages/airflow/example_dags/example_branch_operator_decorator.py
[2025-04-13T17:48:54.301+0000] {logging_mixin.py:188} INFO - [2025-04-13T17:48:54.301+0000] {dag.py:3036} INFO - Sync 1 DAGs
[2025-04-13T17:48:54.337+0000] {logging_mixin.py:188} INFO - [2025-04-13T17:48:54.337+0000] {dag.py:3823} INFO - Setting next_dagrun for example_branch_python_operator_decorator to 2025-04-12 00:00:00+00:00, run_after=2025-04-13 00:00:00+00:00
[2025-04-13T17:48:54.383+0000] {processor.py:183} INFO - Processing /home/airflow/.local/lib/python3.8/site-packages/airflow/example_dags/example_branch_operator_decorator.py took 0.179 seconds
[2025-04-13T17:49:24.612+0000] {processor.py:161} INFO - Started process (PID=6747) to work on /home/airflow/.local/lib/python3.8/site-packages/airflow/example_dags/example_branch_operator_decorator.py
[2025-04-13T17:49:24.613+0000] {processor.py:830} INFO - Processing file /home/airflow/.local/lib/python3.8/site-packages/airflow/example_dags/example_branch_operator_decorator.py for tasks to queue
[2025-04-13T17:49:24.616+0000] {logging_mixin.py:188} INFO - [2025-04-13T17:49:24.616+0000] {dagbag.py:538} INFO - Filling up the DagBag from /home/airflow/.local/lib/python3.8/site-packages/airflow/example_dags/example_branch_operator_decorator.py
[2025-04-13T17:49:24.650+0000] {processor.py:840} INFO - DAG(s) 'example_branch_python_operator_decorator' retrieved from /home/airflow/.local/lib/python3.8/site-packages/airflow/example_dags/example_branch_operator_decorator.py
[2025-04-13T17:49:24.740+0000] {logging_mixin.py:188} INFO - [2025-04-13T17:49:24.740+0000] {dag.py:3036} INFO - Sync 1 DAGs
[2025-04-13T17:49:24.788+0000] {logging_mixin.py:188} INFO - [2025-04-13T17:49:24.787+0000] {dag.py:3823} INFO - Setting next_dagrun for example_branch_python_operator_decorator to 2025-04-12 00:00:00+00:00, run_after=2025-04-13 00:00:00+00:00
[2025-04-13T17:49:24.821+0000] {processor.py:183} INFO - Processing /home/airflow/.local/lib/python3.8/site-packages/airflow/example_dags/example_branch_operator_decorator.py took 0.217 seconds
[2025-04-13T17:49:57.771+0000] {processor.py:161} INFO - Started process (PID=6797) to work on /home/airflow/.local/lib/python3.8/site-packages/airflow/example_dags/example_branch_operator_decorator.py
[2025-04-13T17:49:57.773+0000] {processor.py:830} INFO - Processing file /home/airflow/.local/lib/python3.8/site-packages/airflow/example_dags/example_branch_operator_decorator.py for tasks to queue
[2025-04-13T17:49:57.776+0000] {logging_mixin.py:188} INFO - [2025-04-13T17:49:57.776+0000] {dagbag.py:538} INFO - Filling up the DagBag from /home/airflow/.local/lib/python3.8/site-packages/airflow/example_dags/example_branch_operator_decorator.py
[2025-04-13T17:49:57.818+0000] {processor.py:840} INFO - DAG(s) 'example_branch_python_operator_decorator' retrieved from /home/airflow/.local/lib/python3.8/site-packages/airflow/example_dags/example_branch_operator_decorator.py
[2025-04-13T17:49:57.876+0000] {logging_mixin.py:188} INFO - [2025-04-13T17:49:57.876+0000] {dag.py:3036} INFO - Sync 1 DAGs
[2025-04-13T17:49:57.903+0000] {logging_mixin.py:188} INFO - [2025-04-13T17:49:57.903+0000] {dag.py:3823} INFO - Setting next_dagrun for example_branch_python_operator_decorator to 2025-04-12 00:00:00+00:00, run_after=2025-04-13 00:00:00+00:00
[2025-04-13T17:49:57.933+0000] {processor.py:183} INFO - Processing /home/airflow/.local/lib/python3.8/site-packages/airflow/example_dags/example_branch_operator_decorator.py took 0.167 seconds
[2025-04-13T17:50:28.867+0000] {processor.py:161} INFO - Started process (PID=6847) to work on /home/airflow/.local/lib/python3.8/site-packages/airflow/example_dags/example_branch_operator_decorator.py
[2025-04-13T17:50:28.868+0000] {processor.py:830} INFO - Processing file /home/airflow/.local/lib/python3.8/site-packages/airflow/example_dags/example_branch_operator_decorator.py for tasks to queue
[2025-04-13T17:50:28.870+0000] {logging_mixin.py:188} INFO - [2025-04-13T17:50:28.870+0000] {dagbag.py:538} INFO - Filling up the DagBag from /home/airflow/.local/lib/python3.8/site-packages/airflow/example_dags/example_branch_operator_decorator.py
[2025-04-13T17:50:28.898+0000] {processor.py:840} INFO - DAG(s) 'example_branch_python_operator_decorator' retrieved from /home/airflow/.local/lib/python3.8/site-packages/airflow/example_dags/example_branch_operator_decorator.py
[2025-04-13T17:50:28.932+0000] {logging_mixin.py:188} INFO - [2025-04-13T17:50:28.932+0000] {dag.py:3036} INFO - Sync 1 DAGs
[2025-04-13T17:50:28.959+0000] {logging_mixin.py:188} INFO - [2025-04-13T17:50:28.958+0000] {dag.py:3823} INFO - Setting next_dagrun for example_branch_python_operator_decorator to 2025-04-12 00:00:00+00:00, run_after=2025-04-13 00:00:00+00:00
[2025-04-13T17:50:29.031+0000] {processor.py:183} INFO - Processing /home/airflow/.local/lib/python3.8/site-packages/airflow/example_dags/example_branch_operator_decorator.py took 0.168 seconds
[2025-04-13T17:51:04.075+0000] {processor.py:161} INFO - Started process (PID=6909) to work on /home/airflow/.local/lib/python3.8/site-packages/airflow/example_dags/example_branch_operator_decorator.py
[2025-04-13T17:51:04.077+0000] {processor.py:830} INFO - Processing file /home/airflow/.local/lib/python3.8/site-packages/airflow/example_dags/example_branch_operator_decorator.py for tasks to queue
[2025-04-13T17:51:04.082+0000] {logging_mixin.py:188} INFO - [2025-04-13T17:51:04.081+0000] {dagbag.py:538} INFO - Filling up the DagBag from /home/airflow/.local/lib/python3.8/site-packages/airflow/example_dags/example_branch_operator_decorator.py
[2025-04-13T17:51:04.133+0000] {processor.py:840} INFO - DAG(s) 'example_branch_python_operator_decorator' retrieved from /home/airflow/.local/lib/python3.8/site-packages/airflow/example_dags/example_branch_operator_decorator.py
[2025-04-13T17:51:04.197+0000] {logging_mixin.py:188} INFO - [2025-04-13T17:51:04.197+0000] {dag.py:3036} INFO - Sync 1 DAGs
[2025-04-13T17:51:04.252+0000] {logging_mixin.py:188} INFO - [2025-04-13T17:51:04.252+0000] {dag.py:3823} INFO - Setting next_dagrun for example_branch_python_operator_decorator to 2025-04-12 00:00:00+00:00, run_after=2025-04-13 00:00:00+00:00
[2025-04-13T17:51:04.301+0000] {processor.py:183} INFO - Processing /home/airflow/.local/lib/python3.8/site-packages/airflow/example_dags/example_branch_operator_decorator.py took 0.233 seconds
[2025-04-13T17:51:34.860+0000] {processor.py:161} INFO - Started process (PID=6959) to work on /home/airflow/.local/lib/python3.8/site-packages/airflow/example_dags/example_branch_operator_decorator.py
[2025-04-13T17:51:34.863+0000] {processor.py:830} INFO - Processing file /home/airflow/.local/lib/python3.8/site-packages/airflow/example_dags/example_branch_operator_decorator.py for tasks to queue
[2025-04-13T17:51:34.867+0000] {logging_mixin.py:188} INFO - [2025-04-13T17:51:34.866+0000] {dagbag.py:538} INFO - Filling up the DagBag from /home/airflow/.local/lib/python3.8/site-packages/airflow/example_dags/example_branch_operator_decorator.py
[2025-04-13T17:51:34.945+0000] {processor.py:840} INFO - DAG(s) 'example_branch_python_operator_decorator' retrieved from /home/airflow/.local/lib/python3.8/site-packages/airflow/example_dags/example_branch_operator_decorator.py
[2025-04-13T17:51:35.056+0000] {logging_mixin.py:188} INFO - [2025-04-13T17:51:35.054+0000] {dag.py:3036} INFO - Sync 1 DAGs
[2025-04-13T17:51:35.211+0000] {logging_mixin.py:188} INFO - [2025-04-13T17:51:35.210+0000] {dag.py:3823} INFO - Setting next_dagrun for example_branch_python_operator_decorator to 2025-04-12 00:00:00+00:00, run_after=2025-04-13 00:00:00+00:00
[2025-04-13T17:51:35.271+0000] {processor.py:183} INFO - Processing /home/airflow/.local/lib/python3.8/site-packages/airflow/example_dags/example_branch_operator_decorator.py took 0.419 seconds
[2025-04-13T17:52:06.292+0000] {processor.py:161} INFO - Started process (PID=7014) to work on /home/airflow/.local/lib/python3.8/site-packages/airflow/example_dags/example_branch_operator_decorator.py
[2025-04-13T17:52:06.294+0000] {processor.py:830} INFO - Processing file /home/airflow/.local/lib/python3.8/site-packages/airflow/example_dags/example_branch_operator_decorator.py for tasks to queue
[2025-04-13T17:52:06.296+0000] {logging_mixin.py:188} INFO - [2025-04-13T17:52:06.296+0000] {dagbag.py:538} INFO - Filling up the DagBag from /home/airflow/.local/lib/python3.8/site-packages/airflow/example_dags/example_branch_operator_decorator.py
[2025-04-13T17:52:06.329+0000] {processor.py:840} INFO - DAG(s) 'example_branch_python_operator_decorator' retrieved from /home/airflow/.local/lib/python3.8/site-packages/airflow/example_dags/example_branch_operator_decorator.py
[2025-04-13T17:52:06.373+0000] {logging_mixin.py:188} INFO - [2025-04-13T17:52:06.373+0000] {dag.py:3036} INFO - Sync 1 DAGs
[2025-04-13T17:52:06.407+0000] {logging_mixin.py:188} INFO - [2025-04-13T17:52:06.407+0000] {dag.py:3823} INFO - Setting next_dagrun for example_branch_python_operator_decorator to 2025-04-12 00:00:00+00:00, run_after=2025-04-13 00:00:00+00:00
[2025-04-13T17:52:06.436+0000] {processor.py:183} INFO - Processing /home/airflow/.local/lib/python3.8/site-packages/airflow/example_dags/example_branch_operator_decorator.py took 0.148 seconds
[2025-04-13T17:52:38.556+0000] {processor.py:161} INFO - Started process (PID=7061) to work on /home/airflow/.local/lib/python3.8/site-packages/airflow/example_dags/example_branch_operator_decorator.py
[2025-04-13T17:52:38.558+0000] {processor.py:830} INFO - Processing file /home/airflow/.local/lib/python3.8/site-packages/airflow/example_dags/example_branch_operator_decorator.py for tasks to queue
[2025-04-13T17:52:38.564+0000] {logging_mixin.py:188} INFO - [2025-04-13T17:52:38.563+0000] {dagbag.py:538} INFO - Filling up the DagBag from /home/airflow/.local/lib/python3.8/site-packages/airflow/example_dags/example_branch_operator_decorator.py
[2025-04-13T17:52:38.607+0000] {processor.py:840} INFO - DAG(s) 'example_branch_python_operator_decorator' retrieved from /home/airflow/.local/lib/python3.8/site-packages/airflow/example_dags/example_branch_operator_decorator.py
[2025-04-13T17:52:38.643+0000] {logging_mixin.py:188} INFO - [2025-04-13T17:52:38.643+0000] {dag.py:3036} INFO - Sync 1 DAGs
[2025-04-13T17:52:38.671+0000] {logging_mixin.py:188} INFO - [2025-04-13T17:52:38.671+0000] {dag.py:3823} INFO - Setting next_dagrun for example_branch_python_operator_decorator to 2025-04-12 00:00:00+00:00, run_after=2025-04-13 00:00:00+00:00
[2025-04-13T17:52:38.704+0000] {processor.py:183} INFO - Processing /home/airflow/.local/lib/python3.8/site-packages/airflow/example_dags/example_branch_operator_decorator.py took 0.155 seconds
[2025-04-13T17:53:09.402+0000] {processor.py:161} INFO - Started process (PID=7112) to work on /home/airflow/.local/lib/python3.8/site-packages/airflow/example_dags/example_branch_operator_decorator.py
[2025-04-13T17:53:09.404+0000] {processor.py:830} INFO - Processing file /home/airflow/.local/lib/python3.8/site-packages/airflow/example_dags/example_branch_operator_decorator.py for tasks to queue
[2025-04-13T17:53:09.407+0000] {logging_mixin.py:188} INFO - [2025-04-13T17:53:09.406+0000] {dagbag.py:538} INFO - Filling up the DagBag from /home/airflow/.local/lib/python3.8/site-packages/airflow/example_dags/example_branch_operator_decorator.py
[2025-04-13T17:53:09.438+0000] {processor.py:840} INFO - DAG(s) 'example_branch_python_operator_decorator' retrieved from /home/airflow/.local/lib/python3.8/site-packages/airflow/example_dags/example_branch_operator_decorator.py
[2025-04-13T17:53:09.487+0000] {logging_mixin.py:188} INFO - [2025-04-13T17:53:09.487+0000] {dag.py:3036} INFO - Sync 1 DAGs
[2025-04-13T17:53:09.522+0000] {logging_mixin.py:188} INFO - [2025-04-13T17:53:09.522+0000] {dag.py:3823} INFO - Setting next_dagrun for example_branch_python_operator_decorator to 2025-04-12 00:00:00+00:00, run_after=2025-04-13 00:00:00+00:00
[2025-04-13T17:53:09.549+0000] {processor.py:183} INFO - Processing /home/airflow/.local/lib/python3.8/site-packages/airflow/example_dags/example_branch_operator_decorator.py took 0.152 seconds
[2025-04-13T17:53:41.049+0000] {processor.py:161} INFO - Started process (PID=7157) to work on /home/airflow/.local/lib/python3.8/site-packages/airflow/example_dags/example_branch_operator_decorator.py
[2025-04-13T17:53:41.051+0000] {processor.py:830} INFO - Processing file /home/airflow/.local/lib/python3.8/site-packages/airflow/example_dags/example_branch_operator_decorator.py for tasks to queue
[2025-04-13T17:53:41.054+0000] {logging_mixin.py:188} INFO - [2025-04-13T17:53:41.053+0000] {dagbag.py:538} INFO - Filling up the DagBag from /home/airflow/.local/lib/python3.8/site-packages/airflow/example_dags/example_branch_operator_decorator.py
[2025-04-13T17:53:41.088+0000] {processor.py:840} INFO - DAG(s) 'example_branch_python_operator_decorator' retrieved from /home/airflow/.local/lib/python3.8/site-packages/airflow/example_dags/example_branch_operator_decorator.py
[2025-04-13T17:53:41.126+0000] {logging_mixin.py:188} INFO - [2025-04-13T17:53:41.126+0000] {dag.py:3036} INFO - Sync 1 DAGs
[2025-04-13T17:53:41.158+0000] {logging_mixin.py:188} INFO - [2025-04-13T17:53:41.158+0000] {dag.py:3823} INFO - Setting next_dagrun for example_branch_python_operator_decorator to 2025-04-12 00:00:00+00:00, run_after=2025-04-13 00:00:00+00:00
[2025-04-13T17:53:41.209+0000] {processor.py:183} INFO - Processing /home/airflow/.local/lib/python3.8/site-packages/airflow/example_dags/example_branch_operator_decorator.py took 0.167 seconds
[2025-04-13T17:54:13.248+0000] {processor.py:161} INFO - Started process (PID=7212) to work on /home/airflow/.local/lib/python3.8/site-packages/airflow/example_dags/example_branch_operator_decorator.py
[2025-04-13T17:54:13.250+0000] {processor.py:830} INFO - Processing file /home/airflow/.local/lib/python3.8/site-packages/airflow/example_dags/example_branch_operator_decorator.py for tasks to queue
[2025-04-13T17:54:13.255+0000] {logging_mixin.py:188} INFO - [2025-04-13T17:54:13.254+0000] {dagbag.py:538} INFO - Filling up the DagBag from /home/airflow/.local/lib/python3.8/site-packages/airflow/example_dags/example_branch_operator_decorator.py
[2025-04-13T17:54:13.299+0000] {processor.py:840} INFO - DAG(s) 'example_branch_python_operator_decorator' retrieved from /home/airflow/.local/lib/python3.8/site-packages/airflow/example_dags/example_branch_operator_decorator.py
[2025-04-13T17:54:13.341+0000] {logging_mixin.py:188} INFO - [2025-04-13T17:54:13.340+0000] {dag.py:3036} INFO - Sync 1 DAGs
[2025-04-13T17:54:13.373+0000] {logging_mixin.py:188} INFO - [2025-04-13T17:54:13.373+0000] {dag.py:3823} INFO - Setting next_dagrun for example_branch_python_operator_decorator to 2025-04-12 00:00:00+00:00, run_after=2025-04-13 00:00:00+00:00
[2025-04-13T17:54:13.407+0000] {processor.py:183} INFO - Processing /home/airflow/.local/lib/python3.8/site-packages/airflow/example_dags/example_branch_operator_decorator.py took 0.165 seconds
[2025-04-13T17:54:45.990+0000] {processor.py:161} INFO - Started process (PID=7268) to work on /home/airflow/.local/lib/python3.8/site-packages/airflow/example_dags/example_branch_operator_decorator.py
[2025-04-13T17:54:45.992+0000] {processor.py:830} INFO - Processing file /home/airflow/.local/lib/python3.8/site-packages/airflow/example_dags/example_branch_operator_decorator.py for tasks to queue
[2025-04-13T17:54:45.995+0000] {logging_mixin.py:188} INFO - [2025-04-13T17:54:45.994+0000] {dagbag.py:538} INFO - Filling up the DagBag from /home/airflow/.local/lib/python3.8/site-packages/airflow/example_dags/example_branch_operator_decorator.py
[2025-04-13T17:54:46.034+0000] {processor.py:840} INFO - DAG(s) 'example_branch_python_operator_decorator' retrieved from /home/airflow/.local/lib/python3.8/site-packages/airflow/example_dags/example_branch_operator_decorator.py
[2025-04-13T17:54:46.080+0000] {logging_mixin.py:188} INFO - [2025-04-13T17:54:46.079+0000] {dag.py:3036} INFO - Sync 1 DAGs
[2025-04-13T17:54:46.115+0000] {logging_mixin.py:188} INFO - [2025-04-13T17:54:46.114+0000] {dag.py:3823} INFO - Setting next_dagrun for example_branch_python_operator_decorator to 2025-04-12 00:00:00+00:00, run_after=2025-04-13 00:00:00+00:00
[2025-04-13T17:54:46.167+0000] {processor.py:183} INFO - Processing /home/airflow/.local/lib/python3.8/site-packages/airflow/example_dags/example_branch_operator_decorator.py took 0.183 seconds
[2025-04-13T17:55:18.522+0000] {processor.py:161} INFO - Started process (PID=7323) to work on /home/airflow/.local/lib/python3.8/site-packages/airflow/example_dags/example_branch_operator_decorator.py
[2025-04-13T17:55:18.524+0000] {processor.py:830} INFO - Processing file /home/airflow/.local/lib/python3.8/site-packages/airflow/example_dags/example_branch_operator_decorator.py for tasks to queue
[2025-04-13T17:55:18.528+0000] {logging_mixin.py:188} INFO - [2025-04-13T17:55:18.527+0000] {dagbag.py:538} INFO - Filling up the DagBag from /home/airflow/.local/lib/python3.8/site-packages/airflow/example_dags/example_branch_operator_decorator.py
[2025-04-13T17:55:18.583+0000] {processor.py:840} INFO - DAG(s) 'example_branch_python_operator_decorator' retrieved from /home/airflow/.local/lib/python3.8/site-packages/airflow/example_dags/example_branch_operator_decorator.py
[2025-04-13T17:55:18.627+0000] {logging_mixin.py:188} INFO - [2025-04-13T17:55:18.627+0000] {dag.py:3036} INFO - Sync 1 DAGs
[2025-04-13T17:55:18.669+0000] {logging_mixin.py:188} INFO - [2025-04-13T17:55:18.669+0000] {dag.py:3823} INFO - Setting next_dagrun for example_branch_python_operator_decorator to 2025-04-12 00:00:00+00:00, run_after=2025-04-13 00:00:00+00:00
[2025-04-13T17:55:18.723+0000] {processor.py:183} INFO - Processing /home/airflow/.local/lib/python3.8/site-packages/airflow/example_dags/example_branch_operator_decorator.py took 0.209 seconds
[2025-04-13T17:55:50.833+0000] {processor.py:161} INFO - Started process (PID=7379) to work on /home/airflow/.local/lib/python3.8/site-packages/airflow/example_dags/example_branch_operator_decorator.py
[2025-04-13T17:55:50.835+0000] {processor.py:830} INFO - Processing file /home/airflow/.local/lib/python3.8/site-packages/airflow/example_dags/example_branch_operator_decorator.py for tasks to queue
[2025-04-13T17:55:50.839+0000] {logging_mixin.py:188} INFO - [2025-04-13T17:55:50.838+0000] {dagbag.py:538} INFO - Filling up the DagBag from /home/airflow/.local/lib/python3.8/site-packages/airflow/example_dags/example_branch_operator_decorator.py
[2025-04-13T17:55:50.867+0000] {processor.py:840} INFO - DAG(s) 'example_branch_python_operator_decorator' retrieved from /home/airflow/.local/lib/python3.8/site-packages/airflow/example_dags/example_branch_operator_decorator.py
[2025-04-13T17:55:50.901+0000] {logging_mixin.py:188} INFO - [2025-04-13T17:55:50.900+0000] {dag.py:3036} INFO - Sync 1 DAGs
[2025-04-13T17:55:50.936+0000] {logging_mixin.py:188} INFO - [2025-04-13T17:55:50.935+0000] {dag.py:3823} INFO - Setting next_dagrun for example_branch_python_operator_decorator to 2025-04-12 00:00:00+00:00, run_after=2025-04-13 00:00:00+00:00
[2025-04-13T17:55:50.995+0000] {processor.py:183} INFO - Processing /home/airflow/.local/lib/python3.8/site-packages/airflow/example_dags/example_branch_operator_decorator.py took 0.166 seconds
[2025-04-13T17:56:23.059+0000] {processor.py:161} INFO - Started process (PID=7435) to work on /home/airflow/.local/lib/python3.8/site-packages/airflow/example_dags/example_branch_operator_decorator.py
[2025-04-13T17:56:23.061+0000] {processor.py:830} INFO - Processing file /home/airflow/.local/lib/python3.8/site-packages/airflow/example_dags/example_branch_operator_decorator.py for tasks to queue
[2025-04-13T17:56:23.064+0000] {logging_mixin.py:188} INFO - [2025-04-13T17:56:23.063+0000] {dagbag.py:538} INFO - Filling up the DagBag from /home/airflow/.local/lib/python3.8/site-packages/airflow/example_dags/example_branch_operator_decorator.py
[2025-04-13T17:56:23.097+0000] {processor.py:840} INFO - DAG(s) 'example_branch_python_operator_decorator' retrieved from /home/airflow/.local/lib/python3.8/site-packages/airflow/example_dags/example_branch_operator_decorator.py
[2025-04-13T17:56:23.134+0000] {logging_mixin.py:188} INFO - [2025-04-13T17:56:23.134+0000] {dag.py:3036} INFO - Sync 1 DAGs
[2025-04-13T17:56:23.171+0000] {logging_mixin.py:188} INFO - [2025-04-13T17:56:23.170+0000] {dag.py:3823} INFO - Setting next_dagrun for example_branch_python_operator_decorator to 2025-04-12 00:00:00+00:00, run_after=2025-04-13 00:00:00+00:00
[2025-04-13T17:56:23.212+0000] {processor.py:183} INFO - Processing /home/airflow/.local/lib/python3.8/site-packages/airflow/example_dags/example_branch_operator_decorator.py took 0.158 seconds
[2025-04-13T17:56:55.981+0000] {processor.py:161} INFO - Started process (PID=7491) to work on /home/airflow/.local/lib/python3.8/site-packages/airflow/example_dags/example_branch_operator_decorator.py
[2025-04-13T17:56:55.983+0000] {processor.py:830} INFO - Processing file /home/airflow/.local/lib/python3.8/site-packages/airflow/example_dags/example_branch_operator_decorator.py for tasks to queue
[2025-04-13T17:56:55.986+0000] {logging_mixin.py:188} INFO - [2025-04-13T17:56:55.986+0000] {dagbag.py:538} INFO - Filling up the DagBag from /home/airflow/.local/lib/python3.8/site-packages/airflow/example_dags/example_branch_operator_decorator.py
[2025-04-13T17:56:56.028+0000] {processor.py:840} INFO - DAG(s) 'example_branch_python_operator_decorator' retrieved from /home/airflow/.local/lib/python3.8/site-packages/airflow/example_dags/example_branch_operator_decorator.py
[2025-04-13T17:56:56.074+0000] {logging_mixin.py:188} INFO - [2025-04-13T17:56:56.074+0000] {dag.py:3036} INFO - Sync 1 DAGs
[2025-04-13T17:56:56.105+0000] {logging_mixin.py:188} INFO - [2025-04-13T17:56:56.105+0000] {dag.py:3823} INFO - Setting next_dagrun for example_branch_python_operator_decorator to 2025-04-12 00:00:00+00:00, run_after=2025-04-13 00:00:00+00:00
[2025-04-13T17:56:56.164+0000] {processor.py:183} INFO - Processing /home/airflow/.local/lib/python3.8/site-packages/airflow/example_dags/example_branch_operator_decorator.py took 0.188 seconds
[2025-04-13T17:57:28.555+0000] {processor.py:161} INFO - Started process (PID=7547) to work on /home/airflow/.local/lib/python3.8/site-packages/airflow/example_dags/example_branch_operator_decorator.py
[2025-04-13T17:57:28.556+0000] {processor.py:830} INFO - Processing file /home/airflow/.local/lib/python3.8/site-packages/airflow/example_dags/example_branch_operator_decorator.py for tasks to queue
[2025-04-13T17:57:28.560+0000] {logging_mixin.py:188} INFO - [2025-04-13T17:57:28.559+0000] {dagbag.py:538} INFO - Filling up the DagBag from /home/airflow/.local/lib/python3.8/site-packages/airflow/example_dags/example_branch_operator_decorator.py
[2025-04-13T17:57:28.632+0000] {processor.py:840} INFO - DAG(s) 'example_branch_python_operator_decorator' retrieved from /home/airflow/.local/lib/python3.8/site-packages/airflow/example_dags/example_branch_operator_decorator.py
[2025-04-13T17:57:28.681+0000] {logging_mixin.py:188} INFO - [2025-04-13T17:57:28.680+0000] {dag.py:3036} INFO - Sync 1 DAGs
[2025-04-13T17:57:28.747+0000] {logging_mixin.py:188} INFO - [2025-04-13T17:57:28.746+0000] {dag.py:3823} INFO - Setting next_dagrun for example_branch_python_operator_decorator to 2025-04-12 00:00:00+00:00, run_after=2025-04-13 00:00:00+00:00
[2025-04-13T17:57:28.816+0000] {processor.py:183} INFO - Processing /home/airflow/.local/lib/python3.8/site-packages/airflow/example_dags/example_branch_operator_decorator.py took 0.267 seconds
[2025-04-13T17:57:59.006+0000] {processor.py:161} INFO - Started process (PID=7603) to work on /home/airflow/.local/lib/python3.8/site-packages/airflow/example_dags/example_branch_operator_decorator.py
[2025-04-13T17:57:59.007+0000] {processor.py:830} INFO - Processing file /home/airflow/.local/lib/python3.8/site-packages/airflow/example_dags/example_branch_operator_decorator.py for tasks to queue
[2025-04-13T17:57:59.010+0000] {logging_mixin.py:188} INFO - [2025-04-13T17:57:59.009+0000] {dagbag.py:538} INFO - Filling up the DagBag from /home/airflow/.local/lib/python3.8/site-packages/airflow/example_dags/example_branch_operator_decorator.py
[2025-04-13T17:57:59.036+0000] {processor.py:840} INFO - DAG(s) 'example_branch_python_operator_decorator' retrieved from /home/airflow/.local/lib/python3.8/site-packages/airflow/example_dags/example_branch_operator_decorator.py
[2025-04-13T17:57:59.071+0000] {logging_mixin.py:188} INFO - [2025-04-13T17:57:59.070+0000] {dag.py:3036} INFO - Sync 1 DAGs
[2025-04-13T17:57:59.104+0000] {logging_mixin.py:188} INFO - [2025-04-13T17:57:59.104+0000] {dag.py:3823} INFO - Setting next_dagrun for example_branch_python_operator_decorator to 2025-04-12 00:00:00+00:00, run_after=2025-04-13 00:00:00+00:00
[2025-04-13T17:57:59.180+0000] {processor.py:183} INFO - Processing /home/airflow/.local/lib/python3.8/site-packages/airflow/example_dags/example_branch_operator_decorator.py took 0.178 seconds
[2025-04-13T17:58:29.290+0000] {processor.py:161} INFO - Started process (PID=7659) to work on /home/airflow/.local/lib/python3.8/site-packages/airflow/example_dags/example_branch_operator_decorator.py
[2025-04-13T17:58:29.292+0000] {processor.py:830} INFO - Processing file /home/airflow/.local/lib/python3.8/site-packages/airflow/example_dags/example_branch_operator_decorator.py for tasks to queue
[2025-04-13T17:58:29.295+0000] {logging_mixin.py:188} INFO - [2025-04-13T17:58:29.295+0000] {dagbag.py:538} INFO - Filling up the DagBag from /home/airflow/.local/lib/python3.8/site-packages/airflow/example_dags/example_branch_operator_decorator.py
[2025-04-13T17:58:29.325+0000] {processor.py:840} INFO - DAG(s) 'example_branch_python_operator_decorator' retrieved from /home/airflow/.local/lib/python3.8/site-packages/airflow/example_dags/example_branch_operator_decorator.py
[2025-04-13T17:58:29.361+0000] {logging_mixin.py:188} INFO - [2025-04-13T17:58:29.360+0000] {dag.py:3036} INFO - Sync 1 DAGs
[2025-04-13T17:58:29.393+0000] {logging_mixin.py:188} INFO - [2025-04-13T17:58:29.393+0000] {dag.py:3823} INFO - Setting next_dagrun for example_branch_python_operator_decorator to 2025-04-12 00:00:00+00:00, run_after=2025-04-13 00:00:00+00:00
[2025-04-13T17:58:29.469+0000] {processor.py:183} INFO - Processing /home/airflow/.local/lib/python3.8/site-packages/airflow/example_dags/example_branch_operator_decorator.py took 0.183 seconds
[2025-04-13T17:59:00.641+0000] {processor.py:161} INFO - Started process (PID=7716) to work on /home/airflow/.local/lib/python3.8/site-packages/airflow/example_dags/example_branch_operator_decorator.py
[2025-04-13T17:59:00.642+0000] {processor.py:830} INFO - Processing file /home/airflow/.local/lib/python3.8/site-packages/airflow/example_dags/example_branch_operator_decorator.py for tasks to queue
[2025-04-13T17:59:00.645+0000] {logging_mixin.py:188} INFO - [2025-04-13T17:59:00.645+0000] {dagbag.py:538} INFO - Filling up the DagBag from /home/airflow/.local/lib/python3.8/site-packages/airflow/example_dags/example_branch_operator_decorator.py
[2025-04-13T17:59:01.000+0000] {processor.py:840} INFO - DAG(s) 'example_branch_python_operator_decorator' retrieved from /home/airflow/.local/lib/python3.8/site-packages/airflow/example_dags/example_branch_operator_decorator.py
[2025-04-13T17:59:01.043+0000] {logging_mixin.py:188} INFO - [2025-04-13T17:59:01.043+0000] {dag.py:3036} INFO - Sync 1 DAGs
[2025-04-13T17:59:01.075+0000] {logging_mixin.py:188} INFO - [2025-04-13T17:59:01.075+0000] {dag.py:3823} INFO - Setting next_dagrun for example_branch_python_operator_decorator to 2025-04-12 00:00:00+00:00, run_after=2025-04-13 00:00:00+00:00
[2025-04-13T17:59:01.119+0000] {processor.py:183} INFO - Processing /home/airflow/.local/lib/python3.8/site-packages/airflow/example_dags/example_branch_operator_decorator.py took 0.210 seconds
[2025-04-13T17:59:31.857+0000] {processor.py:161} INFO - Started process (PID=7772) to work on /home/airflow/.local/lib/python3.8/site-packages/airflow/example_dags/example_branch_operator_decorator.py
[2025-04-13T17:59:31.859+0000] {processor.py:830} INFO - Processing file /home/airflow/.local/lib/python3.8/site-packages/airflow/example_dags/example_branch_operator_decorator.py for tasks to queue
[2025-04-13T17:59:31.863+0000] {logging_mixin.py:188} INFO - [2025-04-13T17:59:31.862+0000] {dagbag.py:538} INFO - Filling up the DagBag from /home/airflow/.local/lib/python3.8/site-packages/airflow/example_dags/example_branch_operator_decorator.py
[2025-04-13T17:59:31.916+0000] {processor.py:840} INFO - DAG(s) 'example_branch_python_operator_decorator' retrieved from /home/airflow/.local/lib/python3.8/site-packages/airflow/example_dags/example_branch_operator_decorator.py
[2025-04-13T17:59:31.972+0000] {logging_mixin.py:188} INFO - [2025-04-13T17:59:31.971+0000] {dag.py:3036} INFO - Sync 1 DAGs
[2025-04-13T17:59:32.019+0000] {logging_mixin.py:188} INFO - [2025-04-13T17:59:32.019+0000] {dag.py:3823} INFO - Setting next_dagrun for example_branch_python_operator_decorator to 2025-04-12 00:00:00+00:00, run_after=2025-04-13 00:00:00+00:00
[2025-04-13T17:59:32.069+0000] {processor.py:183} INFO - Processing /home/airflow/.local/lib/python3.8/site-packages/airflow/example_dags/example_branch_operator_decorator.py took 0.218 seconds
[2025-04-13T18:00:02.273+0000] {processor.py:161} INFO - Started process (PID=7829) to work on /home/airflow/.local/lib/python3.8/site-packages/airflow/example_dags/example_branch_operator_decorator.py
[2025-04-13T18:00:02.275+0000] {processor.py:830} INFO - Processing file /home/airflow/.local/lib/python3.8/site-packages/airflow/example_dags/example_branch_operator_decorator.py for tasks to queue
[2025-04-13T18:00:02.279+0000] {logging_mixin.py:188} INFO - [2025-04-13T18:00:02.277+0000] {dagbag.py:538} INFO - Filling up the DagBag from /home/airflow/.local/lib/python3.8/site-packages/airflow/example_dags/example_branch_operator_decorator.py
[2025-04-13T18:00:02.323+0000] {processor.py:840} INFO - DAG(s) 'example_branch_python_operator_decorator' retrieved from /home/airflow/.local/lib/python3.8/site-packages/airflow/example_dags/example_branch_operator_decorator.py
[2025-04-13T18:00:02.377+0000] {logging_mixin.py:188} INFO - [2025-04-13T18:00:02.377+0000] {dag.py:3036} INFO - Sync 1 DAGs
[2025-04-13T18:00:02.447+0000] {logging_mixin.py:188} INFO - [2025-04-13T18:00:02.446+0000] {dag.py:3823} INFO - Setting next_dagrun for example_branch_python_operator_decorator to 2025-04-12 00:00:00+00:00, run_after=2025-04-13 00:00:00+00:00
[2025-04-13T18:00:02.513+0000] {processor.py:183} INFO - Processing /home/airflow/.local/lib/python3.8/site-packages/airflow/example_dags/example_branch_operator_decorator.py took 0.244 seconds
[2025-04-13T18:00:32.749+0000] {processor.py:161} INFO - Started process (PID=7884) to work on /home/airflow/.local/lib/python3.8/site-packages/airflow/example_dags/example_branch_operator_decorator.py
[2025-04-13T18:00:32.751+0000] {processor.py:830} INFO - Processing file /home/airflow/.local/lib/python3.8/site-packages/airflow/example_dags/example_branch_operator_decorator.py for tasks to queue
[2025-04-13T18:00:32.755+0000] {logging_mixin.py:188} INFO - [2025-04-13T18:00:32.754+0000] {dagbag.py:538} INFO - Filling up the DagBag from /home/airflow/.local/lib/python3.8/site-packages/airflow/example_dags/example_branch_operator_decorator.py
[2025-04-13T18:00:32.790+0000] {processor.py:840} INFO - DAG(s) 'example_branch_python_operator_decorator' retrieved from /home/airflow/.local/lib/python3.8/site-packages/airflow/example_dags/example_branch_operator_decorator.py
[2025-04-13T18:00:32.830+0000] {logging_mixin.py:188} INFO - [2025-04-13T18:00:32.829+0000] {dag.py:3036} INFO - Sync 1 DAGs
[2025-04-13T18:00:32.859+0000] {logging_mixin.py:188} INFO - [2025-04-13T18:00:32.858+0000] {dag.py:3823} INFO - Setting next_dagrun for example_branch_python_operator_decorator to 2025-04-12 00:00:00+00:00, run_after=2025-04-13 00:00:00+00:00
[2025-04-13T18:00:32.885+0000] {processor.py:183} INFO - Processing /home/airflow/.local/lib/python3.8/site-packages/airflow/example_dags/example_branch_operator_decorator.py took 0.141 seconds
[2025-04-13T18:01:02.987+0000] {processor.py:161} INFO - Started process (PID=7939) to work on /home/airflow/.local/lib/python3.8/site-packages/airflow/example_dags/example_branch_operator_decorator.py
[2025-04-13T18:01:02.988+0000] {processor.py:830} INFO - Processing file /home/airflow/.local/lib/python3.8/site-packages/airflow/example_dags/example_branch_operator_decorator.py for tasks to queue
[2025-04-13T18:01:02.991+0000] {logging_mixin.py:188} INFO - [2025-04-13T18:01:02.991+0000] {dagbag.py:538} INFO - Filling up the DagBag from /home/airflow/.local/lib/python3.8/site-packages/airflow/example_dags/example_branch_operator_decorator.py
[2025-04-13T18:01:03.020+0000] {processor.py:840} INFO - DAG(s) 'example_branch_python_operator_decorator' retrieved from /home/airflow/.local/lib/python3.8/site-packages/airflow/example_dags/example_branch_operator_decorator.py
[2025-04-13T18:01:03.052+0000] {logging_mixin.py:188} INFO - [2025-04-13T18:01:03.052+0000] {dag.py:3036} INFO - Sync 1 DAGs
[2025-04-13T18:01:03.090+0000] {logging_mixin.py:188} INFO - [2025-04-13T18:01:03.090+0000] {dag.py:3823} INFO - Setting next_dagrun for example_branch_python_operator_decorator to 2025-04-12 00:00:00+00:00, run_after=2025-04-13 00:00:00+00:00
[2025-04-13T18:01:03.115+0000] {processor.py:183} INFO - Processing /home/airflow/.local/lib/python3.8/site-packages/airflow/example_dags/example_branch_operator_decorator.py took 0.132 seconds
[2025-04-13T18:01:33.800+0000] {processor.py:161} INFO - Started process (PID=7996) to work on /home/airflow/.local/lib/python3.8/site-packages/airflow/example_dags/example_branch_operator_decorator.py
[2025-04-13T18:01:33.802+0000] {processor.py:830} INFO - Processing file /home/airflow/.local/lib/python3.8/site-packages/airflow/example_dags/example_branch_operator_decorator.py for tasks to queue
[2025-04-13T18:01:33.805+0000] {logging_mixin.py:188} INFO - [2025-04-13T18:01:33.804+0000] {dagbag.py:538} INFO - Filling up the DagBag from /home/airflow/.local/lib/python3.8/site-packages/airflow/example_dags/example_branch_operator_decorator.py
[2025-04-13T18:01:33.842+0000] {processor.py:840} INFO - DAG(s) 'example_branch_python_operator_decorator' retrieved from /home/airflow/.local/lib/python3.8/site-packages/airflow/example_dags/example_branch_operator_decorator.py
[2025-04-13T18:01:33.891+0000] {logging_mixin.py:188} INFO - [2025-04-13T18:01:33.890+0000] {dag.py:3036} INFO - Sync 1 DAGs
[2025-04-13T18:01:33.931+0000] {logging_mixin.py:188} INFO - [2025-04-13T18:01:33.931+0000] {dag.py:3823} INFO - Setting next_dagrun for example_branch_python_operator_decorator to 2025-04-12 00:00:00+00:00, run_after=2025-04-13 00:00:00+00:00
[2025-04-13T18:01:33.957+0000] {processor.py:183} INFO - Processing /home/airflow/.local/lib/python3.8/site-packages/airflow/example_dags/example_branch_operator_decorator.py took 0.162 seconds
[2025-04-13T18:02:04.506+0000] {processor.py:161} INFO - Started process (PID=8051) to work on /home/airflow/.local/lib/python3.8/site-packages/airflow/example_dags/example_branch_operator_decorator.py
[2025-04-13T18:02:04.508+0000] {processor.py:830} INFO - Processing file /home/airflow/.local/lib/python3.8/site-packages/airflow/example_dags/example_branch_operator_decorator.py for tasks to queue
[2025-04-13T18:02:04.511+0000] {logging_mixin.py:188} INFO - [2025-04-13T18:02:04.511+0000] {dagbag.py:538} INFO - Filling up the DagBag from /home/airflow/.local/lib/python3.8/site-packages/airflow/example_dags/example_branch_operator_decorator.py
[2025-04-13T18:02:04.548+0000] {processor.py:840} INFO - DAG(s) 'example_branch_python_operator_decorator' retrieved from /home/airflow/.local/lib/python3.8/site-packages/airflow/example_dags/example_branch_operator_decorator.py
[2025-04-13T18:02:04.585+0000] {logging_mixin.py:188} INFO - [2025-04-13T18:02:04.585+0000] {dag.py:3036} INFO - Sync 1 DAGs
[2025-04-13T18:02:04.610+0000] {logging_mixin.py:188} INFO - [2025-04-13T18:02:04.610+0000] {dag.py:3823} INFO - Setting next_dagrun for example_branch_python_operator_decorator to 2025-04-12 00:00:00+00:00, run_after=2025-04-13 00:00:00+00:00
[2025-04-13T18:02:04.637+0000] {processor.py:183} INFO - Processing /home/airflow/.local/lib/python3.8/site-packages/airflow/example_dags/example_branch_operator_decorator.py took 0.137 seconds
[2025-04-13T18:02:34.788+0000] {processor.py:161} INFO - Started process (PID=8107) to work on /home/airflow/.local/lib/python3.8/site-packages/airflow/example_dags/example_branch_operator_decorator.py
[2025-04-13T18:02:34.790+0000] {processor.py:830} INFO - Processing file /home/airflow/.local/lib/python3.8/site-packages/airflow/example_dags/example_branch_operator_decorator.py for tasks to queue
[2025-04-13T18:02:34.794+0000] {logging_mixin.py:188} INFO - [2025-04-13T18:02:34.794+0000] {dagbag.py:538} INFO - Filling up the DagBag from /home/airflow/.local/lib/python3.8/site-packages/airflow/example_dags/example_branch_operator_decorator.py
[2025-04-13T18:02:34.835+0000] {processor.py:840} INFO - DAG(s) 'example_branch_python_operator_decorator' retrieved from /home/airflow/.local/lib/python3.8/site-packages/airflow/example_dags/example_branch_operator_decorator.py
[2025-04-13T18:02:34.872+0000] {logging_mixin.py:188} INFO - [2025-04-13T18:02:34.872+0000] {dag.py:3036} INFO - Sync 1 DAGs
[2025-04-13T18:02:34.899+0000] {logging_mixin.py:188} INFO - [2025-04-13T18:02:34.899+0000] {dag.py:3823} INFO - Setting next_dagrun for example_branch_python_operator_decorator to 2025-04-12 00:00:00+00:00, run_after=2025-04-13 00:00:00+00:00
[2025-04-13T18:02:34.925+0000] {processor.py:183} INFO - Processing /home/airflow/.local/lib/python3.8/site-packages/airflow/example_dags/example_branch_operator_decorator.py took 0.142 seconds
[2025-04-13T18:03:05.127+0000] {processor.py:161} INFO - Started process (PID=8163) to work on /home/airflow/.local/lib/python3.8/site-packages/airflow/example_dags/example_branch_operator_decorator.py
[2025-04-13T18:03:05.129+0000] {processor.py:830} INFO - Processing file /home/airflow/.local/lib/python3.8/site-packages/airflow/example_dags/example_branch_operator_decorator.py for tasks to queue
[2025-04-13T18:03:05.131+0000] {logging_mixin.py:188} INFO - [2025-04-13T18:03:05.131+0000] {dagbag.py:538} INFO - Filling up the DagBag from /home/airflow/.local/lib/python3.8/site-packages/airflow/example_dags/example_branch_operator_decorator.py
[2025-04-13T18:03:05.169+0000] {processor.py:840} INFO - DAG(s) 'example_branch_python_operator_decorator' retrieved from /home/airflow/.local/lib/python3.8/site-packages/airflow/example_dags/example_branch_operator_decorator.py
[2025-04-13T18:03:05.206+0000] {logging_mixin.py:188} INFO - [2025-04-13T18:03:05.205+0000] {dag.py:3036} INFO - Sync 1 DAGs
[2025-04-13T18:03:05.243+0000] {logging_mixin.py:188} INFO - [2025-04-13T18:03:05.243+0000] {dag.py:3823} INFO - Setting next_dagrun for example_branch_python_operator_decorator to 2025-04-12 00:00:00+00:00, run_after=2025-04-13 00:00:00+00:00
[2025-04-13T18:03:05.281+0000] {processor.py:183} INFO - Processing /home/airflow/.local/lib/python3.8/site-packages/airflow/example_dags/example_branch_operator_decorator.py took 0.158 seconds
[2025-04-13T18:03:36.252+0000] {processor.py:161} INFO - Started process (PID=8219) to work on /home/airflow/.local/lib/python3.8/site-packages/airflow/example_dags/example_branch_operator_decorator.py
[2025-04-13T18:03:36.254+0000] {processor.py:830} INFO - Processing file /home/airflow/.local/lib/python3.8/site-packages/airflow/example_dags/example_branch_operator_decorator.py for tasks to queue
[2025-04-13T18:03:36.256+0000] {logging_mixin.py:188} INFO - [2025-04-13T18:03:36.256+0000] {dagbag.py:538} INFO - Filling up the DagBag from /home/airflow/.local/lib/python3.8/site-packages/airflow/example_dags/example_branch_operator_decorator.py
[2025-04-13T18:03:36.293+0000] {processor.py:840} INFO - DAG(s) 'example_branch_python_operator_decorator' retrieved from /home/airflow/.local/lib/python3.8/site-packages/airflow/example_dags/example_branch_operator_decorator.py
[2025-04-13T18:03:36.339+0000] {logging_mixin.py:188} INFO - [2025-04-13T18:03:36.338+0000] {dag.py:3036} INFO - Sync 1 DAGs
[2025-04-13T18:03:36.390+0000] {logging_mixin.py:188} INFO - [2025-04-13T18:03:36.390+0000] {dag.py:3823} INFO - Setting next_dagrun for example_branch_python_operator_decorator to 2025-04-12 00:00:00+00:00, run_after=2025-04-13 00:00:00+00:00
[2025-04-13T18:03:36.417+0000] {processor.py:183} INFO - Processing /home/airflow/.local/lib/python3.8/site-packages/airflow/example_dags/example_branch_operator_decorator.py took 0.169 seconds
[2025-04-13T18:04:06.642+0000] {processor.py:161} INFO - Started process (PID=8275) to work on /home/airflow/.local/lib/python3.8/site-packages/airflow/example_dags/example_branch_operator_decorator.py
[2025-04-13T18:04:06.643+0000] {processor.py:830} INFO - Processing file /home/airflow/.local/lib/python3.8/site-packages/airflow/example_dags/example_branch_operator_decorator.py for tasks to queue
[2025-04-13T18:04:06.646+0000] {logging_mixin.py:188} INFO - [2025-04-13T18:04:06.646+0000] {dagbag.py:538} INFO - Filling up the DagBag from /home/airflow/.local/lib/python3.8/site-packages/airflow/example_dags/example_branch_operator_decorator.py
[2025-04-13T18:04:06.677+0000] {processor.py:840} INFO - DAG(s) 'example_branch_python_operator_decorator' retrieved from /home/airflow/.local/lib/python3.8/site-packages/airflow/example_dags/example_branch_operator_decorator.py
[2025-04-13T18:04:06.709+0000] {logging_mixin.py:188} INFO - [2025-04-13T18:04:06.709+0000] {dag.py:3036} INFO - Sync 1 DAGs
[2025-04-13T18:04:06.739+0000] {logging_mixin.py:188} INFO - [2025-04-13T18:04:06.739+0000] {dag.py:3823} INFO - Setting next_dagrun for example_branch_python_operator_decorator to 2025-04-12 00:00:00+00:00, run_after=2025-04-13 00:00:00+00:00
[2025-04-13T18:04:06.770+0000] {processor.py:183} INFO - Processing /home/airflow/.local/lib/python3.8/site-packages/airflow/example_dags/example_branch_operator_decorator.py took 0.132 seconds
[2025-04-13T18:04:37.122+0000] {processor.py:161} INFO - Started process (PID=8331) to work on /home/airflow/.local/lib/python3.8/site-packages/airflow/example_dags/example_branch_operator_decorator.py
[2025-04-13T18:04:37.123+0000] {processor.py:830} INFO - Processing file /home/airflow/.local/lib/python3.8/site-packages/airflow/example_dags/example_branch_operator_decorator.py for tasks to queue
[2025-04-13T18:04:37.125+0000] {logging_mixin.py:188} INFO - [2025-04-13T18:04:37.124+0000] {dagbag.py:538} INFO - Filling up the DagBag from /home/airflow/.local/lib/python3.8/site-packages/airflow/example_dags/example_branch_operator_decorator.py
[2025-04-13T18:04:37.149+0000] {processor.py:840} INFO - DAG(s) 'example_branch_python_operator_decorator' retrieved from /home/airflow/.local/lib/python3.8/site-packages/airflow/example_dags/example_branch_operator_decorator.py
[2025-04-13T18:04:37.179+0000] {logging_mixin.py:188} INFO - [2025-04-13T18:04:37.179+0000] {dag.py:3036} INFO - Sync 1 DAGs
[2025-04-13T18:04:37.204+0000] {logging_mixin.py:188} INFO - [2025-04-13T18:04:37.204+0000] {dag.py:3823} INFO - Setting next_dagrun for example_branch_python_operator_decorator to 2025-04-12 00:00:00+00:00, run_after=2025-04-13 00:00:00+00:00
[2025-04-13T18:04:37.262+0000] {processor.py:183} INFO - Processing /home/airflow/.local/lib/python3.8/site-packages/airflow/example_dags/example_branch_operator_decorator.py took 0.144 seconds
[2025-04-13T18:05:07.768+0000] {processor.py:161} INFO - Started process (PID=8387) to work on /home/airflow/.local/lib/python3.8/site-packages/airflow/example_dags/example_branch_operator_decorator.py
[2025-04-13T18:05:07.770+0000] {processor.py:830} INFO - Processing file /home/airflow/.local/lib/python3.8/site-packages/airflow/example_dags/example_branch_operator_decorator.py for tasks to queue
[2025-04-13T18:05:07.772+0000] {logging_mixin.py:188} INFO - [2025-04-13T18:05:07.772+0000] {dagbag.py:538} INFO - Filling up the DagBag from /home/airflow/.local/lib/python3.8/site-packages/airflow/example_dags/example_branch_operator_decorator.py
[2025-04-13T18:05:07.802+0000] {processor.py:840} INFO - DAG(s) 'example_branch_python_operator_decorator' retrieved from /home/airflow/.local/lib/python3.8/site-packages/airflow/example_dags/example_branch_operator_decorator.py
[2025-04-13T18:05:07.838+0000] {logging_mixin.py:188} INFO - [2025-04-13T18:05:07.837+0000] {dag.py:3036} INFO - Sync 1 DAGs
[2025-04-13T18:05:07.866+0000] {logging_mixin.py:188} INFO - [2025-04-13T18:05:07.866+0000] {dag.py:3823} INFO - Setting next_dagrun for example_branch_python_operator_decorator to 2025-04-12 00:00:00+00:00, run_after=2025-04-13 00:00:00+00:00
[2025-04-13T18:05:07.892+0000] {processor.py:183} INFO - Processing /home/airflow/.local/lib/python3.8/site-packages/airflow/example_dags/example_branch_operator_decorator.py took 0.128 seconds
[2025-04-13T18:05:38.529+0000] {processor.py:161} INFO - Started process (PID=8443) to work on /home/airflow/.local/lib/python3.8/site-packages/airflow/example_dags/example_branch_operator_decorator.py
[2025-04-13T18:05:38.531+0000] {processor.py:830} INFO - Processing file /home/airflow/.local/lib/python3.8/site-packages/airflow/example_dags/example_branch_operator_decorator.py for tasks to queue
[2025-04-13T18:05:38.535+0000] {logging_mixin.py:188} INFO - [2025-04-13T18:05:38.534+0000] {dagbag.py:538} INFO - Filling up the DagBag from /home/airflow/.local/lib/python3.8/site-packages/airflow/example_dags/example_branch_operator_decorator.py
[2025-04-13T18:05:38.587+0000] {processor.py:840} INFO - DAG(s) 'example_branch_python_operator_decorator' retrieved from /home/airflow/.local/lib/python3.8/site-packages/airflow/example_dags/example_branch_operator_decorator.py
[2025-04-13T18:05:38.628+0000] {logging_mixin.py:188} INFO - [2025-04-13T18:05:38.627+0000] {dag.py:3036} INFO - Sync 1 DAGs
[2025-04-13T18:05:38.693+0000] {logging_mixin.py:188} INFO - [2025-04-13T18:05:38.692+0000] {dag.py:3823} INFO - Setting next_dagrun for example_branch_python_operator_decorator to 2025-04-12 00:00:00+00:00, run_after=2025-04-13 00:00:00+00:00
[2025-04-13T18:05:38.749+0000] {processor.py:183} INFO - Processing /home/airflow/.local/lib/python3.8/site-packages/airflow/example_dags/example_branch_operator_decorator.py took 0.224 seconds
[2025-04-13T18:06:09.253+0000] {processor.py:161} INFO - Started process (PID=8493) to work on /home/airflow/.local/lib/python3.8/site-packages/airflow/example_dags/example_branch_operator_decorator.py
[2025-04-13T18:06:09.256+0000] {processor.py:830} INFO - Processing file /home/airflow/.local/lib/python3.8/site-packages/airflow/example_dags/example_branch_operator_decorator.py for tasks to queue
[2025-04-13T18:06:09.261+0000] {logging_mixin.py:188} INFO - [2025-04-13T18:06:09.260+0000] {dagbag.py:538} INFO - Filling up the DagBag from /home/airflow/.local/lib/python3.8/site-packages/airflow/example_dags/example_branch_operator_decorator.py
[2025-04-13T18:06:09.307+0000] {processor.py:840} INFO - DAG(s) 'example_branch_python_operator_decorator' retrieved from /home/airflow/.local/lib/python3.8/site-packages/airflow/example_dags/example_branch_operator_decorator.py
[2025-04-13T18:06:09.341+0000] {logging_mixin.py:188} INFO - [2025-04-13T18:06:09.340+0000] {dag.py:3036} INFO - Sync 1 DAGs
[2025-04-13T18:06:09.368+0000] {logging_mixin.py:188} INFO - [2025-04-13T18:06:09.368+0000] {dag.py:3823} INFO - Setting next_dagrun for example_branch_python_operator_decorator to 2025-04-12 00:00:00+00:00, run_after=2025-04-13 00:00:00+00:00
[2025-04-13T18:06:09.409+0000] {processor.py:183} INFO - Processing /home/airflow/.local/lib/python3.8/site-packages/airflow/example_dags/example_branch_operator_decorator.py took 0.162 seconds
[2025-04-13T18:06:40.357+0000] {processor.py:161} INFO - Started process (PID=8545) to work on /home/airflow/.local/lib/python3.8/site-packages/airflow/example_dags/example_branch_operator_decorator.py
[2025-04-13T18:06:40.358+0000] {processor.py:830} INFO - Processing file /home/airflow/.local/lib/python3.8/site-packages/airflow/example_dags/example_branch_operator_decorator.py for tasks to queue
[2025-04-13T18:06:40.361+0000] {logging_mixin.py:188} INFO - [2025-04-13T18:06:40.360+0000] {dagbag.py:538} INFO - Filling up the DagBag from /home/airflow/.local/lib/python3.8/site-packages/airflow/example_dags/example_branch_operator_decorator.py
[2025-04-13T18:06:40.394+0000] {processor.py:840} INFO - DAG(s) 'example_branch_python_operator_decorator' retrieved from /home/airflow/.local/lib/python3.8/site-packages/airflow/example_dags/example_branch_operator_decorator.py
[2025-04-13T18:06:40.431+0000] {logging_mixin.py:188} INFO - [2025-04-13T18:06:40.431+0000] {dag.py:3036} INFO - Sync 1 DAGs
[2025-04-13T18:06:40.460+0000] {logging_mixin.py:188} INFO - [2025-04-13T18:06:40.460+0000] {dag.py:3823} INFO - Setting next_dagrun for example_branch_python_operator_decorator to 2025-04-12 00:00:00+00:00, run_after=2025-04-13 00:00:00+00:00
[2025-04-13T18:06:40.486+0000] {processor.py:183} INFO - Processing /home/airflow/.local/lib/python3.8/site-packages/airflow/example_dags/example_branch_operator_decorator.py took 0.134 seconds
[2025-04-13T18:07:11.353+0000] {processor.py:161} INFO - Started process (PID=8591) to work on /home/airflow/.local/lib/python3.8/site-packages/airflow/example_dags/example_branch_operator_decorator.py
[2025-04-13T18:07:11.354+0000] {processor.py:830} INFO - Processing file /home/airflow/.local/lib/python3.8/site-packages/airflow/example_dags/example_branch_operator_decorator.py for tasks to queue
[2025-04-13T18:07:11.357+0000] {logging_mixin.py:188} INFO - [2025-04-13T18:07:11.356+0000] {dagbag.py:538} INFO - Filling up the DagBag from /home/airflow/.local/lib/python3.8/site-packages/airflow/example_dags/example_branch_operator_decorator.py
[2025-04-13T18:07:11.392+0000] {processor.py:840} INFO - DAG(s) 'example_branch_python_operator_decorator' retrieved from /home/airflow/.local/lib/python3.8/site-packages/airflow/example_dags/example_branch_operator_decorator.py
[2025-04-13T18:07:11.436+0000] {logging_mixin.py:188} INFO - [2025-04-13T18:07:11.435+0000] {dag.py:3036} INFO - Sync 1 DAGs
[2025-04-13T18:07:11.482+0000] {logging_mixin.py:188} INFO - [2025-04-13T18:07:11.482+0000] {dag.py:3823} INFO - Setting next_dagrun for example_branch_python_operator_decorator to 2025-04-12 00:00:00+00:00, run_after=2025-04-13 00:00:00+00:00
[2025-04-13T18:07:11.512+0000] {processor.py:183} INFO - Processing /home/airflow/.local/lib/python3.8/site-packages/airflow/example_dags/example_branch_operator_decorator.py took 0.164 seconds
[2025-04-13T18:07:44.058+0000] {processor.py:161} INFO - Started process (PID=8639) to work on /home/airflow/.local/lib/python3.8/site-packages/airflow/example_dags/example_branch_operator_decorator.py
[2025-04-13T18:07:44.060+0000] {processor.py:830} INFO - Processing file /home/airflow/.local/lib/python3.8/site-packages/airflow/example_dags/example_branch_operator_decorator.py for tasks to queue
[2025-04-13T18:07:44.064+0000] {logging_mixin.py:188} INFO - [2025-04-13T18:07:44.063+0000] {dagbag.py:538} INFO - Filling up the DagBag from /home/airflow/.local/lib/python3.8/site-packages/airflow/example_dags/example_branch_operator_decorator.py
[2025-04-13T18:07:44.120+0000] {processor.py:840} INFO - DAG(s) 'example_branch_python_operator_decorator' retrieved from /home/airflow/.local/lib/python3.8/site-packages/airflow/example_dags/example_branch_operator_decorator.py
[2025-04-13T18:07:44.176+0000] {logging_mixin.py:188} INFO - [2025-04-13T18:07:44.175+0000] {dag.py:3036} INFO - Sync 1 DAGs
[2025-04-13T18:07:44.226+0000] {logging_mixin.py:188} INFO - [2025-04-13T18:07:44.226+0000] {dag.py:3823} INFO - Setting next_dagrun for example_branch_python_operator_decorator to 2025-04-12 00:00:00+00:00, run_after=2025-04-13 00:00:00+00:00
[2025-04-13T18:07:44.269+0000] {processor.py:183} INFO - Processing /home/airflow/.local/lib/python3.8/site-packages/airflow/example_dags/example_branch_operator_decorator.py took 0.222 seconds
[2025-04-13T18:08:15.040+0000] {processor.py:161} INFO - Started process (PID=8687) to work on /home/airflow/.local/lib/python3.8/site-packages/airflow/example_dags/example_branch_operator_decorator.py
[2025-04-13T18:08:15.042+0000] {processor.py:830} INFO - Processing file /home/airflow/.local/lib/python3.8/site-packages/airflow/example_dags/example_branch_operator_decorator.py for tasks to queue
[2025-04-13T18:08:15.045+0000] {logging_mixin.py:188} INFO - [2025-04-13T18:08:15.044+0000] {dagbag.py:538} INFO - Filling up the DagBag from /home/airflow/.local/lib/python3.8/site-packages/airflow/example_dags/example_branch_operator_decorator.py
[2025-04-13T18:08:15.087+0000] {processor.py:840} INFO - DAG(s) 'example_branch_python_operator_decorator' retrieved from /home/airflow/.local/lib/python3.8/site-packages/airflow/example_dags/example_branch_operator_decorator.py
[2025-04-13T18:08:15.141+0000] {logging_mixin.py:188} INFO - [2025-04-13T18:08:15.140+0000] {dag.py:3036} INFO - Sync 1 DAGs
[2025-04-13T18:08:15.187+0000] {logging_mixin.py:188} INFO - [2025-04-13T18:08:15.186+0000] {dag.py:3823} INFO - Setting next_dagrun for example_branch_python_operator_decorator to 2025-04-12 00:00:00+00:00, run_after=2025-04-13 00:00:00+00:00
[2025-04-13T18:08:15.225+0000] {processor.py:183} INFO - Processing /home/airflow/.local/lib/python3.8/site-packages/airflow/example_dags/example_branch_operator_decorator.py took 0.189 seconds
[2025-04-13T18:08:47.528+0000] {processor.py:161} INFO - Started process (PID=8741) to work on /home/airflow/.local/lib/python3.8/site-packages/airflow/example_dags/example_branch_operator_decorator.py
[2025-04-13T18:08:47.531+0000] {processor.py:830} INFO - Processing file /home/airflow/.local/lib/python3.8/site-packages/airflow/example_dags/example_branch_operator_decorator.py for tasks to queue
[2025-04-13T18:08:47.536+0000] {logging_mixin.py:188} INFO - [2025-04-13T18:08:47.536+0000] {dagbag.py:538} INFO - Filling up the DagBag from /home/airflow/.local/lib/python3.8/site-packages/airflow/example_dags/example_branch_operator_decorator.py
[2025-04-13T18:08:47.596+0000] {processor.py:840} INFO - DAG(s) 'example_branch_python_operator_decorator' retrieved from /home/airflow/.local/lib/python3.8/site-packages/airflow/example_dags/example_branch_operator_decorator.py
[2025-04-13T18:08:47.659+0000] {logging_mixin.py:188} INFO - [2025-04-13T18:08:47.658+0000] {dag.py:3036} INFO - Sync 1 DAGs
[2025-04-13T18:08:47.715+0000] {logging_mixin.py:188} INFO - [2025-04-13T18:08:47.715+0000] {dag.py:3823} INFO - Setting next_dagrun for example_branch_python_operator_decorator to 2025-04-12 00:00:00+00:00, run_after=2025-04-13 00:00:00+00:00
[2025-04-13T18:08:47.757+0000] {processor.py:183} INFO - Processing /home/airflow/.local/lib/python3.8/site-packages/airflow/example_dags/example_branch_operator_decorator.py took 0.236 seconds
[2025-04-13T18:09:20.902+0000] {processor.py:161} INFO - Started process (PID=8797) to work on /home/airflow/.local/lib/python3.8/site-packages/airflow/example_dags/example_branch_operator_decorator.py
[2025-04-13T18:09:20.904+0000] {processor.py:830} INFO - Processing file /home/airflow/.local/lib/python3.8/site-packages/airflow/example_dags/example_branch_operator_decorator.py for tasks to queue
[2025-04-13T18:09:20.909+0000] {logging_mixin.py:188} INFO - [2025-04-13T18:09:20.908+0000] {dagbag.py:538} INFO - Filling up the DagBag from /home/airflow/.local/lib/python3.8/site-packages/airflow/example_dags/example_branch_operator_decorator.py
[2025-04-13T18:09:20.965+0000] {processor.py:840} INFO - DAG(s) 'example_branch_python_operator_decorator' retrieved from /home/airflow/.local/lib/python3.8/site-packages/airflow/example_dags/example_branch_operator_decorator.py
[2025-04-13T18:09:21.026+0000] {logging_mixin.py:188} INFO - [2025-04-13T18:09:21.026+0000] {dag.py:3036} INFO - Sync 1 DAGs
[2025-04-13T18:09:21.067+0000] {logging_mixin.py:188} INFO - [2025-04-13T18:09:21.066+0000] {dag.py:3823} INFO - Setting next_dagrun for example_branch_python_operator_decorator to 2025-04-12 00:00:00+00:00, run_after=2025-04-13 00:00:00+00:00
[2025-04-13T18:09:21.125+0000] {processor.py:183} INFO - Processing /home/airflow/.local/lib/python3.8/site-packages/airflow/example_dags/example_branch_operator_decorator.py took 0.232 seconds
[2025-04-13T18:09:51.954+0000] {processor.py:161} INFO - Started process (PID=8850) to work on /home/airflow/.local/lib/python3.8/site-packages/airflow/example_dags/example_branch_operator_decorator.py
[2025-04-13T18:09:51.956+0000] {processor.py:830} INFO - Processing file /home/airflow/.local/lib/python3.8/site-packages/airflow/example_dags/example_branch_operator_decorator.py for tasks to queue
[2025-04-13T18:09:51.965+0000] {logging_mixin.py:188} INFO - [2025-04-13T18:09:51.964+0000] {dagbag.py:538} INFO - Filling up the DagBag from /home/airflow/.local/lib/python3.8/site-packages/airflow/example_dags/example_branch_operator_decorator.py
[2025-04-13T18:09:52.069+0000] {processor.py:840} INFO - DAG(s) 'example_branch_python_operator_decorator' retrieved from /home/airflow/.local/lib/python3.8/site-packages/airflow/example_dags/example_branch_operator_decorator.py
[2025-04-13T18:09:52.190+0000] {logging_mixin.py:188} INFO - [2025-04-13T18:09:52.190+0000] {dag.py:3036} INFO - Sync 1 DAGs
[2025-04-13T18:09:52.263+0000] {logging_mixin.py:188} INFO - [2025-04-13T18:09:52.262+0000] {dag.py:3823} INFO - Setting next_dagrun for example_branch_python_operator_decorator to 2025-04-12 00:00:00+00:00, run_after=2025-04-13 00:00:00+00:00
[2025-04-13T18:09:52.369+0000] {processor.py:183} INFO - Processing /home/airflow/.local/lib/python3.8/site-packages/airflow/example_dags/example_branch_operator_decorator.py took 0.426 seconds
[2025-04-13T18:10:25.304+0000] {processor.py:161} INFO - Started process (PID=8906) to work on /home/airflow/.local/lib/python3.8/site-packages/airflow/example_dags/example_branch_operator_decorator.py
[2025-04-13T18:10:25.306+0000] {processor.py:830} INFO - Processing file /home/airflow/.local/lib/python3.8/site-packages/airflow/example_dags/example_branch_operator_decorator.py for tasks to queue
[2025-04-13T18:10:25.309+0000] {logging_mixin.py:188} INFO - [2025-04-13T18:10:25.308+0000] {dagbag.py:538} INFO - Filling up the DagBag from /home/airflow/.local/lib/python3.8/site-packages/airflow/example_dags/example_branch_operator_decorator.py
[2025-04-13T18:10:25.351+0000] {processor.py:840} INFO - DAG(s) 'example_branch_python_operator_decorator' retrieved from /home/airflow/.local/lib/python3.8/site-packages/airflow/example_dags/example_branch_operator_decorator.py
[2025-04-13T18:10:25.408+0000] {logging_mixin.py:188} INFO - [2025-04-13T18:10:25.408+0000] {dag.py:3036} INFO - Sync 1 DAGs
[2025-04-13T18:10:25.454+0000] {logging_mixin.py:188} INFO - [2025-04-13T18:10:25.453+0000] {dag.py:3823} INFO - Setting next_dagrun for example_branch_python_operator_decorator to 2025-04-12 00:00:00+00:00, run_after=2025-04-13 00:00:00+00:00
[2025-04-13T18:10:25.499+0000] {processor.py:183} INFO - Processing /home/airflow/.local/lib/python3.8/site-packages/airflow/example_dags/example_branch_operator_decorator.py took 0.202 seconds
[2025-04-13T18:10:56.919+0000] {processor.py:161} INFO - Started process (PID=8961) to work on /home/airflow/.local/lib/python3.8/site-packages/airflow/example_dags/example_branch_operator_decorator.py
[2025-04-13T18:10:56.922+0000] {processor.py:830} INFO - Processing file /home/airflow/.local/lib/python3.8/site-packages/airflow/example_dags/example_branch_operator_decorator.py for tasks to queue
[2025-04-13T18:10:56.928+0000] {logging_mixin.py:188} INFO - [2025-04-13T18:10:56.925+0000] {dagbag.py:538} INFO - Filling up the DagBag from /home/airflow/.local/lib/python3.8/site-packages/airflow/example_dags/example_branch_operator_decorator.py
[2025-04-13T18:10:56.979+0000] {processor.py:840} INFO - DAG(s) 'example_branch_python_operator_decorator' retrieved from /home/airflow/.local/lib/python3.8/site-packages/airflow/example_dags/example_branch_operator_decorator.py
[2025-04-13T18:10:57.027+0000] {logging_mixin.py:188} INFO - [2025-04-13T18:10:57.026+0000] {dag.py:3036} INFO - Sync 1 DAGs
[2025-04-13T18:10:57.080+0000] {logging_mixin.py:188} INFO - [2025-04-13T18:10:57.080+0000] {dag.py:3823} INFO - Setting next_dagrun for example_branch_python_operator_decorator to 2025-04-12 00:00:00+00:00, run_after=2025-04-13 00:00:00+00:00
[2025-04-13T18:10:57.125+0000] {processor.py:183} INFO - Processing /home/airflow/.local/lib/python3.8/site-packages/airflow/example_dags/example_branch_operator_decorator.py took 0.218 seconds
[2025-04-13T18:11:28.609+0000] {processor.py:161} INFO - Started process (PID=9009) to work on /home/airflow/.local/lib/python3.8/site-packages/airflow/example_dags/example_branch_operator_decorator.py
[2025-04-13T18:11:28.611+0000] {processor.py:830} INFO - Processing file /home/airflow/.local/lib/python3.8/site-packages/airflow/example_dags/example_branch_operator_decorator.py for tasks to queue
[2025-04-13T18:11:28.615+0000] {logging_mixin.py:188} INFO - [2025-04-13T18:11:28.615+0000] {dagbag.py:538} INFO - Filling up the DagBag from /home/airflow/.local/lib/python3.8/site-packages/airflow/example_dags/example_branch_operator_decorator.py
[2025-04-13T18:11:28.687+0000] {processor.py:840} INFO - DAG(s) 'example_branch_python_operator_decorator' retrieved from /home/airflow/.local/lib/python3.8/site-packages/airflow/example_dags/example_branch_operator_decorator.py
[2025-04-13T18:11:28.754+0000] {logging_mixin.py:188} INFO - [2025-04-13T18:11:28.753+0000] {dag.py:3036} INFO - Sync 1 DAGs
[2025-04-13T18:11:28.809+0000] {logging_mixin.py:188} INFO - [2025-04-13T18:11:28.809+0000] {dag.py:3823} INFO - Setting next_dagrun for example_branch_python_operator_decorator to 2025-04-12 00:00:00+00:00, run_after=2025-04-13 00:00:00+00:00
[2025-04-13T18:11:28.894+0000] {processor.py:183} INFO - Processing /home/airflow/.local/lib/python3.8/site-packages/airflow/example_dags/example_branch_operator_decorator.py took 0.294 seconds
[2025-04-13T18:12:01.319+0000] {processor.py:161} INFO - Started process (PID=9065) to work on /home/airflow/.local/lib/python3.8/site-packages/airflow/example_dags/example_branch_operator_decorator.py
[2025-04-13T18:12:01.323+0000] {processor.py:830} INFO - Processing file /home/airflow/.local/lib/python3.8/site-packages/airflow/example_dags/example_branch_operator_decorator.py for tasks to queue
[2025-04-13T18:12:01.331+0000] {logging_mixin.py:188} INFO - [2025-04-13T18:12:01.330+0000] {dagbag.py:538} INFO - Filling up the DagBag from /home/airflow/.local/lib/python3.8/site-packages/airflow/example_dags/example_branch_operator_decorator.py
[2025-04-13T18:12:01.410+0000] {processor.py:840} INFO - DAG(s) 'example_branch_python_operator_decorator' retrieved from /home/airflow/.local/lib/python3.8/site-packages/airflow/example_dags/example_branch_operator_decorator.py
[2025-04-13T18:12:01.454+0000] {logging_mixin.py:188} INFO - [2025-04-13T18:12:01.454+0000] {dag.py:3036} INFO - Sync 1 DAGs
[2025-04-13T18:12:01.492+0000] {logging_mixin.py:188} INFO - [2025-04-13T18:12:01.492+0000] {dag.py:3823} INFO - Setting next_dagrun for example_branch_python_operator_decorator to 2025-04-12 00:00:00+00:00, run_after=2025-04-13 00:00:00+00:00
[2025-04-13T18:12:01.531+0000] {processor.py:183} INFO - Processing /home/airflow/.local/lib/python3.8/site-packages/airflow/example_dags/example_branch_operator_decorator.py took 0.229 seconds
[2025-04-13T18:12:33.039+0000] {processor.py:161} INFO - Started process (PID=9120) to work on /home/airflow/.local/lib/python3.8/site-packages/airflow/example_dags/example_branch_operator_decorator.py
[2025-04-13T18:12:33.041+0000] {processor.py:830} INFO - Processing file /home/airflow/.local/lib/python3.8/site-packages/airflow/example_dags/example_branch_operator_decorator.py for tasks to queue
[2025-04-13T18:12:33.046+0000] {logging_mixin.py:188} INFO - [2025-04-13T18:12:33.045+0000] {dagbag.py:538} INFO - Filling up the DagBag from /home/airflow/.local/lib/python3.8/site-packages/airflow/example_dags/example_branch_operator_decorator.py
[2025-04-13T18:12:33.103+0000] {processor.py:840} INFO - DAG(s) 'example_branch_python_operator_decorator' retrieved from /home/airflow/.local/lib/python3.8/site-packages/airflow/example_dags/example_branch_operator_decorator.py
[2025-04-13T18:12:33.165+0000] {logging_mixin.py:188} INFO - [2025-04-13T18:12:33.164+0000] {dag.py:3036} INFO - Sync 1 DAGs
[2025-04-13T18:12:33.222+0000] {logging_mixin.py:188} INFO - [2025-04-13T18:12:33.222+0000] {dag.py:3823} INFO - Setting next_dagrun for example_branch_python_operator_decorator to 2025-04-12 00:00:00+00:00, run_after=2025-04-13 00:00:00+00:00
[2025-04-13T18:12:33.265+0000] {processor.py:183} INFO - Processing /home/airflow/.local/lib/python3.8/site-packages/airflow/example_dags/example_branch_operator_decorator.py took 0.233 seconds
[2025-04-13T18:13:04.057+0000] {processor.py:161} INFO - Started process (PID=9176) to work on /home/airflow/.local/lib/python3.8/site-packages/airflow/example_dags/example_branch_operator_decorator.py
[2025-04-13T18:13:04.060+0000] {processor.py:830} INFO - Processing file /home/airflow/.local/lib/python3.8/site-packages/airflow/example_dags/example_branch_operator_decorator.py for tasks to queue
[2025-04-13T18:13:04.065+0000] {logging_mixin.py:188} INFO - [2025-04-13T18:13:04.064+0000] {dagbag.py:538} INFO - Filling up the DagBag from /home/airflow/.local/lib/python3.8/site-packages/airflow/example_dags/example_branch_operator_decorator.py
[2025-04-13T18:13:04.116+0000] {processor.py:840} INFO - DAG(s) 'example_branch_python_operator_decorator' retrieved from /home/airflow/.local/lib/python3.8/site-packages/airflow/example_dags/example_branch_operator_decorator.py
[2025-04-13T18:13:04.168+0000] {logging_mixin.py:188} INFO - [2025-04-13T18:13:04.168+0000] {dag.py:3036} INFO - Sync 1 DAGs
[2025-04-13T18:13:04.217+0000] {logging_mixin.py:188} INFO - [2025-04-13T18:13:04.217+0000] {dag.py:3823} INFO - Setting next_dagrun for example_branch_python_operator_decorator to 2025-04-12 00:00:00+00:00, run_after=2025-04-13 00:00:00+00:00
[2025-04-13T18:13:04.255+0000] {processor.py:183} INFO - Processing /home/airflow/.local/lib/python3.8/site-packages/airflow/example_dags/example_branch_operator_decorator.py took 0.206 seconds
[2025-04-13T18:13:35.223+0000] {processor.py:161} INFO - Started process (PID=9231) to work on /home/airflow/.local/lib/python3.8/site-packages/airflow/example_dags/example_branch_operator_decorator.py
[2025-04-13T18:13:35.225+0000] {processor.py:830} INFO - Processing file /home/airflow/.local/lib/python3.8/site-packages/airflow/example_dags/example_branch_operator_decorator.py for tasks to queue
[2025-04-13T18:13:35.229+0000] {logging_mixin.py:188} INFO - [2025-04-13T18:13:35.228+0000] {dagbag.py:538} INFO - Filling up the DagBag from /home/airflow/.local/lib/python3.8/site-packages/airflow/example_dags/example_branch_operator_decorator.py
[2025-04-13T18:13:35.271+0000] {processor.py:840} INFO - DAG(s) 'example_branch_python_operator_decorator' retrieved from /home/airflow/.local/lib/python3.8/site-packages/airflow/example_dags/example_branch_operator_decorator.py
[2025-04-13T18:13:35.314+0000] {logging_mixin.py:188} INFO - [2025-04-13T18:13:35.313+0000] {dag.py:3036} INFO - Sync 1 DAGs
[2025-04-13T18:13:35.367+0000] {logging_mixin.py:188} INFO - [2025-04-13T18:13:35.366+0000] {dag.py:3823} INFO - Setting next_dagrun for example_branch_python_operator_decorator to 2025-04-12 00:00:00+00:00, run_after=2025-04-13 00:00:00+00:00
[2025-04-13T18:13:35.434+0000] {processor.py:183} INFO - Processing /home/airflow/.local/lib/python3.8/site-packages/airflow/example_dags/example_branch_operator_decorator.py took 0.216 seconds
[2025-04-13T18:14:06.251+0000] {processor.py:161} INFO - Started process (PID=9288) to work on /home/airflow/.local/lib/python3.8/site-packages/airflow/example_dags/example_branch_operator_decorator.py
[2025-04-13T18:14:06.254+0000] {processor.py:830} INFO - Processing file /home/airflow/.local/lib/python3.8/site-packages/airflow/example_dags/example_branch_operator_decorator.py for tasks to queue
[2025-04-13T18:14:06.264+0000] {logging_mixin.py:188} INFO - [2025-04-13T18:14:06.263+0000] {dagbag.py:538} INFO - Filling up the DagBag from /home/airflow/.local/lib/python3.8/site-packages/airflow/example_dags/example_branch_operator_decorator.py
[2025-04-13T18:14:06.323+0000] {processor.py:840} INFO - DAG(s) 'example_branch_python_operator_decorator' retrieved from /home/airflow/.local/lib/python3.8/site-packages/airflow/example_dags/example_branch_operator_decorator.py
[2025-04-13T18:14:06.414+0000] {logging_mixin.py:188} INFO - [2025-04-13T18:14:06.413+0000] {dag.py:3036} INFO - Sync 1 DAGs
[2025-04-13T18:14:06.480+0000] {logging_mixin.py:188} INFO - [2025-04-13T18:14:06.479+0000] {dag.py:3823} INFO - Setting next_dagrun for example_branch_python_operator_decorator to 2025-04-12 00:00:00+00:00, run_after=2025-04-13 00:00:00+00:00
[2025-04-13T18:14:06.536+0000] {processor.py:183} INFO - Processing /home/airflow/.local/lib/python3.8/site-packages/airflow/example_dags/example_branch_operator_decorator.py took 0.293 seconds
[2025-04-13T18:14:37.163+0000] {processor.py:161} INFO - Started process (PID=9344) to work on /home/airflow/.local/lib/python3.8/site-packages/airflow/example_dags/example_branch_operator_decorator.py
[2025-04-13T18:14:37.165+0000] {processor.py:830} INFO - Processing file /home/airflow/.local/lib/python3.8/site-packages/airflow/example_dags/example_branch_operator_decorator.py for tasks to queue
[2025-04-13T18:14:37.168+0000] {logging_mixin.py:188} INFO - [2025-04-13T18:14:37.167+0000] {dagbag.py:538} INFO - Filling up the DagBag from /home/airflow/.local/lib/python3.8/site-packages/airflow/example_dags/example_branch_operator_decorator.py
[2025-04-13T18:14:37.214+0000] {processor.py:840} INFO - DAG(s) 'example_branch_python_operator_decorator' retrieved from /home/airflow/.local/lib/python3.8/site-packages/airflow/example_dags/example_branch_operator_decorator.py
[2025-04-13T18:14:37.273+0000] {logging_mixin.py:188} INFO - [2025-04-13T18:14:37.273+0000] {dag.py:3036} INFO - Sync 1 DAGs
[2025-04-13T18:14:37.309+0000] {logging_mixin.py:188} INFO - [2025-04-13T18:14:37.309+0000] {dag.py:3823} INFO - Setting next_dagrun for example_branch_python_operator_decorator to 2025-04-12 00:00:00+00:00, run_after=2025-04-13 00:00:00+00:00
[2025-04-13T18:14:37.382+0000] {processor.py:183} INFO - Processing /home/airflow/.local/lib/python3.8/site-packages/airflow/example_dags/example_branch_operator_decorator.py took 0.223 seconds
[2025-04-13T18:15:07.961+0000] {processor.py:161} INFO - Started process (PID=9400) to work on /home/airflow/.local/lib/python3.8/site-packages/airflow/example_dags/example_branch_operator_decorator.py
[2025-04-13T18:15:07.963+0000] {processor.py:830} INFO - Processing file /home/airflow/.local/lib/python3.8/site-packages/airflow/example_dags/example_branch_operator_decorator.py for tasks to queue
[2025-04-13T18:15:07.971+0000] {logging_mixin.py:188} INFO - [2025-04-13T18:15:07.967+0000] {dagbag.py:538} INFO - Filling up the DagBag from /home/airflow/.local/lib/python3.8/site-packages/airflow/example_dags/example_branch_operator_decorator.py
[2025-04-13T18:15:08.044+0000] {processor.py:840} INFO - DAG(s) 'example_branch_python_operator_decorator' retrieved from /home/airflow/.local/lib/python3.8/site-packages/airflow/example_dags/example_branch_operator_decorator.py
[2025-04-13T18:15:08.125+0000] {logging_mixin.py:188} INFO - [2025-04-13T18:15:08.125+0000] {dag.py:3036} INFO - Sync 1 DAGs
[2025-04-13T18:15:08.181+0000] {logging_mixin.py:188} INFO - [2025-04-13T18:15:08.181+0000] {dag.py:3823} INFO - Setting next_dagrun for example_branch_python_operator_decorator to 2025-04-12 00:00:00+00:00, run_after=2025-04-13 00:00:00+00:00
[2025-04-13T18:15:08.233+0000] {processor.py:183} INFO - Processing /home/airflow/.local/lib/python3.8/site-packages/airflow/example_dags/example_branch_operator_decorator.py took 0.282 seconds
[2025-04-13T18:15:38.322+0000] {processor.py:161} INFO - Started process (PID=9455) to work on /home/airflow/.local/lib/python3.8/site-packages/airflow/example_dags/example_branch_operator_decorator.py
[2025-04-13T18:15:38.325+0000] {processor.py:830} INFO - Processing file /home/airflow/.local/lib/python3.8/site-packages/airflow/example_dags/example_branch_operator_decorator.py for tasks to queue
[2025-04-13T18:15:38.329+0000] {logging_mixin.py:188} INFO - [2025-04-13T18:15:38.329+0000] {dagbag.py:538} INFO - Filling up the DagBag from /home/airflow/.local/lib/python3.8/site-packages/airflow/example_dags/example_branch_operator_decorator.py
[2025-04-13T18:15:38.375+0000] {processor.py:840} INFO - DAG(s) 'example_branch_python_operator_decorator' retrieved from /home/airflow/.local/lib/python3.8/site-packages/airflow/example_dags/example_branch_operator_decorator.py
[2025-04-13T18:15:38.432+0000] {logging_mixin.py:188} INFO - [2025-04-13T18:15:38.431+0000] {dag.py:3036} INFO - Sync 1 DAGs
[2025-04-13T18:15:38.478+0000] {logging_mixin.py:188} INFO - [2025-04-13T18:15:38.477+0000] {dag.py:3823} INFO - Setting next_dagrun for example_branch_python_operator_decorator to 2025-04-12 00:00:00+00:00, run_after=2025-04-13 00:00:00+00:00
[2025-04-13T18:15:38.514+0000] {processor.py:183} INFO - Processing /home/airflow/.local/lib/python3.8/site-packages/airflow/example_dags/example_branch_operator_decorator.py took 0.199 seconds
[2025-04-13T18:16:09.072+0000] {processor.py:161} INFO - Started process (PID=9510) to work on /home/airflow/.local/lib/python3.8/site-packages/airflow/example_dags/example_branch_operator_decorator.py
[2025-04-13T18:16:09.075+0000] {processor.py:830} INFO - Processing file /home/airflow/.local/lib/python3.8/site-packages/airflow/example_dags/example_branch_operator_decorator.py for tasks to queue
[2025-04-13T18:16:09.082+0000] {logging_mixin.py:188} INFO - [2025-04-13T18:16:09.081+0000] {dagbag.py:538} INFO - Filling up the DagBag from /home/airflow/.local/lib/python3.8/site-packages/airflow/example_dags/example_branch_operator_decorator.py
[2025-04-13T18:16:09.142+0000] {processor.py:840} INFO - DAG(s) 'example_branch_python_operator_decorator' retrieved from /home/airflow/.local/lib/python3.8/site-packages/airflow/example_dags/example_branch_operator_decorator.py
[2025-04-13T18:16:09.223+0000] {logging_mixin.py:188} INFO - [2025-04-13T18:16:09.222+0000] {dag.py:3036} INFO - Sync 1 DAGs
[2025-04-13T18:16:09.329+0000] {logging_mixin.py:188} INFO - [2025-04-13T18:16:09.328+0000] {dag.py:3823} INFO - Setting next_dagrun for example_branch_python_operator_decorator to 2025-04-12 00:00:00+00:00, run_after=2025-04-13 00:00:00+00:00
[2025-04-13T18:16:09.432+0000] {processor.py:183} INFO - Processing /home/airflow/.local/lib/python3.8/site-packages/airflow/example_dags/example_branch_operator_decorator.py took 0.370 seconds
[2025-04-13T18:16:39.683+0000] {processor.py:161} INFO - Started process (PID=9566) to work on /home/airflow/.local/lib/python3.8/site-packages/airflow/example_dags/example_branch_operator_decorator.py
[2025-04-13T18:16:39.687+0000] {processor.py:830} INFO - Processing file /home/airflow/.local/lib/python3.8/site-packages/airflow/example_dags/example_branch_operator_decorator.py for tasks to queue
[2025-04-13T18:16:39.692+0000] {logging_mixin.py:188} INFO - [2025-04-13T18:16:39.691+0000] {dagbag.py:538} INFO - Filling up the DagBag from /home/airflow/.local/lib/python3.8/site-packages/airflow/example_dags/example_branch_operator_decorator.py
[2025-04-13T18:16:39.763+0000] {processor.py:840} INFO - DAG(s) 'example_branch_python_operator_decorator' retrieved from /home/airflow/.local/lib/python3.8/site-packages/airflow/example_dags/example_branch_operator_decorator.py
[2025-04-13T18:16:39.839+0000] {logging_mixin.py:188} INFO - [2025-04-13T18:16:39.839+0000] {dag.py:3036} INFO - Sync 1 DAGs
[2025-04-13T18:16:39.929+0000] {logging_mixin.py:188} INFO - [2025-04-13T18:16:39.929+0000] {dag.py:3823} INFO - Setting next_dagrun for example_branch_python_operator_decorator to 2025-04-12 00:00:00+00:00, run_after=2025-04-13 00:00:00+00:00
[2025-04-13T18:16:39.999+0000] {processor.py:183} INFO - Processing /home/airflow/.local/lib/python3.8/site-packages/airflow/example_dags/example_branch_operator_decorator.py took 0.323 seconds
[2025-04-13T18:17:10.709+0000] {processor.py:161} INFO - Started process (PID=9622) to work on /home/airflow/.local/lib/python3.8/site-packages/airflow/example_dags/example_branch_operator_decorator.py
[2025-04-13T18:17:10.711+0000] {processor.py:830} INFO - Processing file /home/airflow/.local/lib/python3.8/site-packages/airflow/example_dags/example_branch_operator_decorator.py for tasks to queue
[2025-04-13T18:17:10.715+0000] {logging_mixin.py:188} INFO - [2025-04-13T18:17:10.715+0000] {dagbag.py:538} INFO - Filling up the DagBag from /home/airflow/.local/lib/python3.8/site-packages/airflow/example_dags/example_branch_operator_decorator.py
[2025-04-13T18:17:10.766+0000] {processor.py:840} INFO - DAG(s) 'example_branch_python_operator_decorator' retrieved from /home/airflow/.local/lib/python3.8/site-packages/airflow/example_dags/example_branch_operator_decorator.py
[2025-04-13T18:17:10.829+0000] {logging_mixin.py:188} INFO - [2025-04-13T18:17:10.828+0000] {dag.py:3036} INFO - Sync 1 DAGs
[2025-04-13T18:17:10.888+0000] {logging_mixin.py:188} INFO - [2025-04-13T18:17:10.888+0000] {dag.py:3823} INFO - Setting next_dagrun for example_branch_python_operator_decorator to 2025-04-12 00:00:00+00:00, run_after=2025-04-13 00:00:00+00:00
[2025-04-13T18:17:10.955+0000] {processor.py:183} INFO - Processing /home/airflow/.local/lib/python3.8/site-packages/airflow/example_dags/example_branch_operator_decorator.py took 0.255 seconds
[2025-04-13T18:17:41.403+0000] {processor.py:161} INFO - Started process (PID=9678) to work on /home/airflow/.local/lib/python3.8/site-packages/airflow/example_dags/example_branch_operator_decorator.py
[2025-04-13T18:17:41.405+0000] {processor.py:830} INFO - Processing file /home/airflow/.local/lib/python3.8/site-packages/airflow/example_dags/example_branch_operator_decorator.py for tasks to queue
[2025-04-13T18:17:41.410+0000] {logging_mixin.py:188} INFO - [2025-04-13T18:17:41.409+0000] {dagbag.py:538} INFO - Filling up the DagBag from /home/airflow/.local/lib/python3.8/site-packages/airflow/example_dags/example_branch_operator_decorator.py
[2025-04-13T18:17:41.478+0000] {processor.py:840} INFO - DAG(s) 'example_branch_python_operator_decorator' retrieved from /home/airflow/.local/lib/python3.8/site-packages/airflow/example_dags/example_branch_operator_decorator.py
[2025-04-13T18:17:41.578+0000] {logging_mixin.py:188} INFO - [2025-04-13T18:17:41.578+0000] {dag.py:3036} INFO - Sync 1 DAGs
[2025-04-13T18:17:41.728+0000] {logging_mixin.py:188} INFO - [2025-04-13T18:17:41.728+0000] {dag.py:3823} INFO - Setting next_dagrun for example_branch_python_operator_decorator to 2025-04-12 00:00:00+00:00, run_after=2025-04-13 00:00:00+00:00
[2025-04-13T18:17:41.778+0000] {processor.py:183} INFO - Processing /home/airflow/.local/lib/python3.8/site-packages/airflow/example_dags/example_branch_operator_decorator.py took 0.381 seconds
[2025-04-13T18:18:14.069+0000] {processor.py:161} INFO - Started process (PID=9733) to work on /home/airflow/.local/lib/python3.8/site-packages/airflow/example_dags/example_branch_operator_decorator.py
[2025-04-13T18:18:14.071+0000] {processor.py:830} INFO - Processing file /home/airflow/.local/lib/python3.8/site-packages/airflow/example_dags/example_branch_operator_decorator.py for tasks to queue
[2025-04-13T18:18:14.076+0000] {logging_mixin.py:188} INFO - [2025-04-13T18:18:14.076+0000] {dagbag.py:538} INFO - Filling up the DagBag from /home/airflow/.local/lib/python3.8/site-packages/airflow/example_dags/example_branch_operator_decorator.py
[2025-04-13T18:18:14.119+0000] {processor.py:840} INFO - DAG(s) 'example_branch_python_operator_decorator' retrieved from /home/airflow/.local/lib/python3.8/site-packages/airflow/example_dags/example_branch_operator_decorator.py
[2025-04-13T18:18:14.167+0000] {logging_mixin.py:188} INFO - [2025-04-13T18:18:14.167+0000] {dag.py:3036} INFO - Sync 1 DAGs
[2025-04-13T18:18:14.210+0000] {logging_mixin.py:188} INFO - [2025-04-13T18:18:14.209+0000] {dag.py:3823} INFO - Setting next_dagrun for example_branch_python_operator_decorator to 2025-04-12 00:00:00+00:00, run_after=2025-04-13 00:00:00+00:00
[2025-04-13T18:18:14.249+0000] {processor.py:183} INFO - Processing /home/airflow/.local/lib/python3.8/site-packages/airflow/example_dags/example_branch_operator_decorator.py took 0.188 seconds
[2025-04-13T18:18:45.159+0000] {processor.py:161} INFO - Started process (PID=9789) to work on /home/airflow/.local/lib/python3.8/site-packages/airflow/example_dags/example_branch_operator_decorator.py
[2025-04-13T18:18:45.162+0000] {processor.py:830} INFO - Processing file /home/airflow/.local/lib/python3.8/site-packages/airflow/example_dags/example_branch_operator_decorator.py for tasks to queue
[2025-04-13T18:18:45.168+0000] {logging_mixin.py:188} INFO - [2025-04-13T18:18:45.167+0000] {dagbag.py:538} INFO - Filling up the DagBag from /home/airflow/.local/lib/python3.8/site-packages/airflow/example_dags/example_branch_operator_decorator.py
[2025-04-13T18:18:45.241+0000] {processor.py:840} INFO - DAG(s) 'example_branch_python_operator_decorator' retrieved from /home/airflow/.local/lib/python3.8/site-packages/airflow/example_dags/example_branch_operator_decorator.py
[2025-04-13T18:18:45.310+0000] {logging_mixin.py:188} INFO - [2025-04-13T18:18:45.309+0000] {dag.py:3036} INFO - Sync 1 DAGs
[2025-04-13T18:18:45.376+0000] {logging_mixin.py:188} INFO - [2025-04-13T18:18:45.376+0000] {dag.py:3823} INFO - Setting next_dagrun for example_branch_python_operator_decorator to 2025-04-12 00:00:00+00:00, run_after=2025-04-13 00:00:00+00:00
[2025-04-13T18:18:45.672+0000] {processor.py:183} INFO - Processing /home/airflow/.local/lib/python3.8/site-packages/airflow/example_dags/example_branch_operator_decorator.py took 0.521 seconds
[2025-04-13T18:19:16.011+0000] {processor.py:161} INFO - Started process (PID=9846) to work on /home/airflow/.local/lib/python3.8/site-packages/airflow/example_dags/example_branch_operator_decorator.py
[2025-04-13T18:19:16.016+0000] {processor.py:830} INFO - Processing file /home/airflow/.local/lib/python3.8/site-packages/airflow/example_dags/example_branch_operator_decorator.py for tasks to queue
[2025-04-13T18:19:16.034+0000] {logging_mixin.py:188} INFO - [2025-04-13T18:19:16.033+0000] {dagbag.py:538} INFO - Filling up the DagBag from /home/airflow/.local/lib/python3.8/site-packages/airflow/example_dags/example_branch_operator_decorator.py
[2025-04-13T18:19:16.217+0000] {processor.py:840} INFO - DAG(s) 'example_branch_python_operator_decorator' retrieved from /home/airflow/.local/lib/python3.8/site-packages/airflow/example_dags/example_branch_operator_decorator.py
[2025-04-13T18:19:16.389+0000] {logging_mixin.py:188} INFO - [2025-04-13T18:19:16.388+0000] {dag.py:3036} INFO - Sync 1 DAGs
[2025-04-13T18:19:16.485+0000] {logging_mixin.py:188} INFO - [2025-04-13T18:19:16.485+0000] {dag.py:3823} INFO - Setting next_dagrun for example_branch_python_operator_decorator to 2025-04-12 00:00:00+00:00, run_after=2025-04-13 00:00:00+00:00
[2025-04-13T18:19:16.565+0000] {processor.py:183} INFO - Processing /home/airflow/.local/lib/python3.8/site-packages/airflow/example_dags/example_branch_operator_decorator.py took 0.566 seconds
[2025-04-13T18:19:46.796+0000] {processor.py:161} INFO - Started process (PID=9903) to work on /home/airflow/.local/lib/python3.8/site-packages/airflow/example_dags/example_branch_operator_decorator.py
[2025-04-13T18:19:46.800+0000] {processor.py:830} INFO - Processing file /home/airflow/.local/lib/python3.8/site-packages/airflow/example_dags/example_branch_operator_decorator.py for tasks to queue
[2025-04-13T18:19:46.807+0000] {logging_mixin.py:188} INFO - [2025-04-13T18:19:46.806+0000] {dagbag.py:538} INFO - Filling up the DagBag from /home/airflow/.local/lib/python3.8/site-packages/airflow/example_dags/example_branch_operator_decorator.py
[2025-04-13T18:19:46.886+0000] {processor.py:840} INFO - DAG(s) 'example_branch_python_operator_decorator' retrieved from /home/airflow/.local/lib/python3.8/site-packages/airflow/example_dags/example_branch_operator_decorator.py
[2025-04-13T18:19:46.949+0000] {logging_mixin.py:188} INFO - [2025-04-13T18:19:46.948+0000] {dag.py:3036} INFO - Sync 1 DAGs
[2025-04-13T18:19:46.995+0000] {logging_mixin.py:188} INFO - [2025-04-13T18:19:46.995+0000] {dag.py:3823} INFO - Setting next_dagrun for example_branch_python_operator_decorator to 2025-04-12 00:00:00+00:00, run_after=2025-04-13 00:00:00+00:00
[2025-04-13T18:19:47.030+0000] {processor.py:183} INFO - Processing /home/airflow/.local/lib/python3.8/site-packages/airflow/example_dags/example_branch_operator_decorator.py took 0.244 seconds
[2025-04-13T18:20:17.356+0000] {processor.py:161} INFO - Started process (PID=9958) to work on /home/airflow/.local/lib/python3.8/site-packages/airflow/example_dags/example_branch_operator_decorator.py
[2025-04-13T18:20:17.359+0000] {processor.py:830} INFO - Processing file /home/airflow/.local/lib/python3.8/site-packages/airflow/example_dags/example_branch_operator_decorator.py for tasks to queue
[2025-04-13T18:20:17.363+0000] {logging_mixin.py:188} INFO - [2025-04-13T18:20:17.362+0000] {dagbag.py:538} INFO - Filling up the DagBag from /home/airflow/.local/lib/python3.8/site-packages/airflow/example_dags/example_branch_operator_decorator.py
[2025-04-13T18:20:17.451+0000] {processor.py:840} INFO - DAG(s) 'example_branch_python_operator_decorator' retrieved from /home/airflow/.local/lib/python3.8/site-packages/airflow/example_dags/example_branch_operator_decorator.py
[2025-04-13T18:20:17.529+0000] {logging_mixin.py:188} INFO - [2025-04-13T18:20:17.529+0000] {dag.py:3036} INFO - Sync 1 DAGs
[2025-04-13T18:20:17.580+0000] {logging_mixin.py:188} INFO - [2025-04-13T18:20:17.579+0000] {dag.py:3823} INFO - Setting next_dagrun for example_branch_python_operator_decorator to 2025-04-12 00:00:00+00:00, run_after=2025-04-13 00:00:00+00:00
[2025-04-13T18:20:17.622+0000] {processor.py:183} INFO - Processing /home/airflow/.local/lib/python3.8/site-packages/airflow/example_dags/example_branch_operator_decorator.py took 0.273 seconds
[2025-04-13T18:20:49.085+0000] {processor.py:161} INFO - Started process (PID=10007) to work on /home/airflow/.local/lib/python3.8/site-packages/airflow/example_dags/example_branch_operator_decorator.py
[2025-04-13T18:20:49.089+0000] {processor.py:830} INFO - Processing file /home/airflow/.local/lib/python3.8/site-packages/airflow/example_dags/example_branch_operator_decorator.py for tasks to queue
[2025-04-13T18:20:49.094+0000] {logging_mixin.py:188} INFO - [2025-04-13T18:20:49.093+0000] {dagbag.py:538} INFO - Filling up the DagBag from /home/airflow/.local/lib/python3.8/site-packages/airflow/example_dags/example_branch_operator_decorator.py
[2025-04-13T18:20:49.167+0000] {processor.py:840} INFO - DAG(s) 'example_branch_python_operator_decorator' retrieved from /home/airflow/.local/lib/python3.8/site-packages/airflow/example_dags/example_branch_operator_decorator.py
[2025-04-13T18:20:49.233+0000] {logging_mixin.py:188} INFO - [2025-04-13T18:20:49.233+0000] {dag.py:3036} INFO - Sync 1 DAGs
[2025-04-13T18:20:49.277+0000] {logging_mixin.py:188} INFO - [2025-04-13T18:20:49.276+0000] {dag.py:3823} INFO - Setting next_dagrun for example_branch_python_operator_decorator to 2025-04-12 00:00:00+00:00, run_after=2025-04-13 00:00:00+00:00
[2025-04-13T18:20:49.347+0000] {processor.py:183} INFO - Processing /home/airflow/.local/lib/python3.8/site-packages/airflow/example_dags/example_branch_operator_decorator.py took 0.270 seconds
[2025-04-13T18:21:19.861+0000] {processor.py:161} INFO - Started process (PID=10063) to work on /home/airflow/.local/lib/python3.8/site-packages/airflow/example_dags/example_branch_operator_decorator.py
[2025-04-13T18:21:19.864+0000] {processor.py:830} INFO - Processing file /home/airflow/.local/lib/python3.8/site-packages/airflow/example_dags/example_branch_operator_decorator.py for tasks to queue
[2025-04-13T18:21:19.870+0000] {logging_mixin.py:188} INFO - [2025-04-13T18:21:19.869+0000] {dagbag.py:538} INFO - Filling up the DagBag from /home/airflow/.local/lib/python3.8/site-packages/airflow/example_dags/example_branch_operator_decorator.py
[2025-04-13T18:21:19.934+0000] {processor.py:840} INFO - DAG(s) 'example_branch_python_operator_decorator' retrieved from /home/airflow/.local/lib/python3.8/site-packages/airflow/example_dags/example_branch_operator_decorator.py
[2025-04-13T18:21:19.999+0000] {logging_mixin.py:188} INFO - [2025-04-13T18:21:19.999+0000] {dag.py:3036} INFO - Sync 1 DAGs
[2025-04-13T18:21:20.276+0000] {logging_mixin.py:188} INFO - [2025-04-13T18:21:20.276+0000] {dag.py:3823} INFO - Setting next_dagrun for example_branch_python_operator_decorator to 2025-04-12 00:00:00+00:00, run_after=2025-04-13 00:00:00+00:00
[2025-04-13T18:21:20.333+0000] {processor.py:183} INFO - Processing /home/airflow/.local/lib/python3.8/site-packages/airflow/example_dags/example_branch_operator_decorator.py took 0.483 seconds
[2025-04-13T18:21:51.415+0000] {processor.py:161} INFO - Started process (PID=10119) to work on /home/airflow/.local/lib/python3.8/site-packages/airflow/example_dags/example_branch_operator_decorator.py
[2025-04-13T18:21:51.417+0000] {processor.py:830} INFO - Processing file /home/airflow/.local/lib/python3.8/site-packages/airflow/example_dags/example_branch_operator_decorator.py for tasks to queue
[2025-04-13T18:21:51.421+0000] {logging_mixin.py:188} INFO - [2025-04-13T18:21:51.420+0000] {dagbag.py:538} INFO - Filling up the DagBag from /home/airflow/.local/lib/python3.8/site-packages/airflow/example_dags/example_branch_operator_decorator.py
[2025-04-13T18:21:51.472+0000] {processor.py:840} INFO - DAG(s) 'example_branch_python_operator_decorator' retrieved from /home/airflow/.local/lib/python3.8/site-packages/airflow/example_dags/example_branch_operator_decorator.py
[2025-04-13T18:21:51.524+0000] {logging_mixin.py:188} INFO - [2025-04-13T18:21:51.523+0000] {dag.py:3036} INFO - Sync 1 DAGs
[2025-04-13T18:21:51.567+0000] {logging_mixin.py:188} INFO - [2025-04-13T18:21:51.566+0000] {dag.py:3823} INFO - Setting next_dagrun for example_branch_python_operator_decorator to 2025-04-12 00:00:00+00:00, run_after=2025-04-13 00:00:00+00:00
[2025-04-13T18:21:51.810+0000] {processor.py:183} INFO - Processing /home/airflow/.local/lib/python3.8/site-packages/airflow/example_dags/example_branch_operator_decorator.py took 0.402 seconds
[2025-04-13T18:22:25.004+0000] {processor.py:161} INFO - Started process (PID=10164) to work on /home/airflow/.local/lib/python3.8/site-packages/airflow/example_dags/example_branch_operator_decorator.py
[2025-04-13T18:22:25.007+0000] {processor.py:830} INFO - Processing file /home/airflow/.local/lib/python3.8/site-packages/airflow/example_dags/example_branch_operator_decorator.py for tasks to queue
[2025-04-13T18:22:25.014+0000] {logging_mixin.py:188} INFO - [2025-04-13T18:22:25.013+0000] {dagbag.py:538} INFO - Filling up the DagBag from /home/airflow/.local/lib/python3.8/site-packages/airflow/example_dags/example_branch_operator_decorator.py
[2025-04-13T18:22:25.074+0000] {processor.py:840} INFO - DAG(s) 'example_branch_python_operator_decorator' retrieved from /home/airflow/.local/lib/python3.8/site-packages/airflow/example_dags/example_branch_operator_decorator.py
[2025-04-13T18:22:25.152+0000] {logging_mixin.py:188} INFO - [2025-04-13T18:22:25.152+0000] {dag.py:3036} INFO - Sync 1 DAGs
[2025-04-13T18:22:25.196+0000] {logging_mixin.py:188} INFO - [2025-04-13T18:22:25.196+0000] {dag.py:3823} INFO - Setting next_dagrun for example_branch_python_operator_decorator to 2025-04-12 00:00:00+00:00, run_after=2025-04-13 00:00:00+00:00
[2025-04-13T18:22:25.232+0000] {processor.py:183} INFO - Processing /home/airflow/.local/lib/python3.8/site-packages/airflow/example_dags/example_branch_operator_decorator.py took 0.235 seconds
[2025-04-13T18:22:56.654+0000] {processor.py:161} INFO - Started process (PID=10220) to work on /home/airflow/.local/lib/python3.8/site-packages/airflow/example_dags/example_branch_operator_decorator.py
[2025-04-13T18:22:56.655+0000] {processor.py:830} INFO - Processing file /home/airflow/.local/lib/python3.8/site-packages/airflow/example_dags/example_branch_operator_decorator.py for tasks to queue
[2025-04-13T18:22:56.658+0000] {logging_mixin.py:188} INFO - [2025-04-13T18:22:56.658+0000] {dagbag.py:538} INFO - Filling up the DagBag from /home/airflow/.local/lib/python3.8/site-packages/airflow/example_dags/example_branch_operator_decorator.py
[2025-04-13T18:22:56.696+0000] {processor.py:840} INFO - DAG(s) 'example_branch_python_operator_decorator' retrieved from /home/airflow/.local/lib/python3.8/site-packages/airflow/example_dags/example_branch_operator_decorator.py
[2025-04-13T18:22:56.743+0000] {logging_mixin.py:188} INFO - [2025-04-13T18:22:56.743+0000] {dag.py:3036} INFO - Sync 1 DAGs
[2025-04-13T18:22:56.987+0000] {logging_mixin.py:188} INFO - [2025-04-13T18:22:56.987+0000] {dag.py:3823} INFO - Setting next_dagrun for example_branch_python_operator_decorator to 2025-04-12 00:00:00+00:00, run_after=2025-04-13 00:00:00+00:00
[2025-04-13T18:22:57.054+0000] {processor.py:183} INFO - Processing /home/airflow/.local/lib/python3.8/site-packages/airflow/example_dags/example_branch_operator_decorator.py took 0.406 seconds
[2025-04-13T18:23:27.198+0000] {processor.py:161} INFO - Started process (PID=10276) to work on /home/airflow/.local/lib/python3.8/site-packages/airflow/example_dags/example_branch_operator_decorator.py
[2025-04-13T18:23:27.200+0000] {processor.py:830} INFO - Processing file /home/airflow/.local/lib/python3.8/site-packages/airflow/example_dags/example_branch_operator_decorator.py for tasks to queue
[2025-04-13T18:23:27.204+0000] {logging_mixin.py:188} INFO - [2025-04-13T18:23:27.203+0000] {dagbag.py:538} INFO - Filling up the DagBag from /home/airflow/.local/lib/python3.8/site-packages/airflow/example_dags/example_branch_operator_decorator.py
[2025-04-13T18:23:27.247+0000] {processor.py:840} INFO - DAG(s) 'example_branch_python_operator_decorator' retrieved from /home/airflow/.local/lib/python3.8/site-packages/airflow/example_dags/example_branch_operator_decorator.py
[2025-04-13T18:23:27.302+0000] {logging_mixin.py:188} INFO - [2025-04-13T18:23:27.302+0000] {dag.py:3036} INFO - Sync 1 DAGs
[2025-04-13T18:23:27.354+0000] {logging_mixin.py:188} INFO - [2025-04-13T18:23:27.353+0000] {dag.py:3823} INFO - Setting next_dagrun for example_branch_python_operator_decorator to 2025-04-12 00:00:00+00:00, run_after=2025-04-13 00:00:00+00:00
[2025-04-13T18:23:27.597+0000] {processor.py:183} INFO - Processing /home/airflow/.local/lib/python3.8/site-packages/airflow/example_dags/example_branch_operator_decorator.py took 0.405 seconds
[2025-04-13T18:23:59.640+0000] {processor.py:161} INFO - Started process (PID=10326) to work on /home/airflow/.local/lib/python3.8/site-packages/airflow/example_dags/example_branch_operator_decorator.py
[2025-04-13T18:23:59.643+0000] {processor.py:830} INFO - Processing file /home/airflow/.local/lib/python3.8/site-packages/airflow/example_dags/example_branch_operator_decorator.py for tasks to queue
[2025-04-13T18:23:59.648+0000] {logging_mixin.py:188} INFO - [2025-04-13T18:23:59.647+0000] {dagbag.py:538} INFO - Filling up the DagBag from /home/airflow/.local/lib/python3.8/site-packages/airflow/example_dags/example_branch_operator_decorator.py
[2025-04-13T18:23:59.892+0000] {processor.py:840} INFO - DAG(s) 'example_branch_python_operator_decorator' retrieved from /home/airflow/.local/lib/python3.8/site-packages/airflow/example_dags/example_branch_operator_decorator.py
[2025-04-13T18:23:59.958+0000] {logging_mixin.py:188} INFO - [2025-04-13T18:23:59.957+0000] {dag.py:3036} INFO - Sync 1 DAGs
[2025-04-13T18:24:00.035+0000] {logging_mixin.py:188} INFO - [2025-04-13T18:24:00.035+0000] {dag.py:3823} INFO - Setting next_dagrun for example_branch_python_operator_decorator to 2025-04-12 00:00:00+00:00, run_after=2025-04-13 00:00:00+00:00
[2025-04-13T18:24:00.075+0000] {processor.py:183} INFO - Processing /home/airflow/.local/lib/python3.8/site-packages/airflow/example_dags/example_branch_operator_decorator.py took 0.443 seconds
[2025-04-13T18:24:30.627+0000] {processor.py:161} INFO - Started process (PID=10383) to work on /home/airflow/.local/lib/python3.8/site-packages/airflow/example_dags/example_branch_operator_decorator.py
[2025-04-13T18:24:30.629+0000] {processor.py:830} INFO - Processing file /home/airflow/.local/lib/python3.8/site-packages/airflow/example_dags/example_branch_operator_decorator.py for tasks to queue
[2025-04-13T18:24:30.633+0000] {logging_mixin.py:188} INFO - [2025-04-13T18:24:30.632+0000] {dagbag.py:538} INFO - Filling up the DagBag from /home/airflow/.local/lib/python3.8/site-packages/airflow/example_dags/example_branch_operator_decorator.py
[2025-04-13T18:24:30.679+0000] {processor.py:840} INFO - DAG(s) 'example_branch_python_operator_decorator' retrieved from /home/airflow/.local/lib/python3.8/site-packages/airflow/example_dags/example_branch_operator_decorator.py
[2025-04-13T18:24:30.733+0000] {logging_mixin.py:188} INFO - [2025-04-13T18:24:30.733+0000] {dag.py:3036} INFO - Sync 1 DAGs
[2025-04-13T18:24:30.783+0000] {logging_mixin.py:188} INFO - [2025-04-13T18:24:30.782+0000] {dag.py:3823} INFO - Setting next_dagrun for example_branch_python_operator_decorator to 2025-04-12 00:00:00+00:00, run_after=2025-04-13 00:00:00+00:00
[2025-04-13T18:24:30.817+0000] {processor.py:183} INFO - Processing /home/airflow/.local/lib/python3.8/site-packages/airflow/example_dags/example_branch_operator_decorator.py took 0.197 seconds
[2025-04-13T18:25:04.014+0000] {processor.py:161} INFO - Started process (PID=10439) to work on /home/airflow/.local/lib/python3.8/site-packages/airflow/example_dags/example_branch_operator_decorator.py
[2025-04-13T18:25:04.016+0000] {processor.py:830} INFO - Processing file /home/airflow/.local/lib/python3.8/site-packages/airflow/example_dags/example_branch_operator_decorator.py for tasks to queue
[2025-04-13T18:25:04.019+0000] {logging_mixin.py:188} INFO - [2025-04-13T18:25:04.018+0000] {dagbag.py:538} INFO - Filling up the DagBag from /home/airflow/.local/lib/python3.8/site-packages/airflow/example_dags/example_branch_operator_decorator.py
[2025-04-13T18:25:04.064+0000] {processor.py:840} INFO - DAG(s) 'example_branch_python_operator_decorator' retrieved from /home/airflow/.local/lib/python3.8/site-packages/airflow/example_dags/example_branch_operator_decorator.py
[2025-04-13T18:25:04.142+0000] {logging_mixin.py:188} INFO - [2025-04-13T18:25:04.141+0000] {dag.py:3036} INFO - Sync 1 DAGs
[2025-04-13T18:25:04.200+0000] {logging_mixin.py:188} INFO - [2025-04-13T18:25:04.199+0000] {dag.py:3823} INFO - Setting next_dagrun for example_branch_python_operator_decorator to 2025-04-12 00:00:00+00:00, run_after=2025-04-13 00:00:00+00:00
[2025-04-13T18:25:04.272+0000] {processor.py:183} INFO - Processing /home/airflow/.local/lib/python3.8/site-packages/airflow/example_dags/example_branch_operator_decorator.py took 0.263 seconds
[2025-04-13T18:25:35.942+0000] {processor.py:161} INFO - Started process (PID=10493) to work on /home/airflow/.local/lib/python3.8/site-packages/airflow/example_dags/example_branch_operator_decorator.py
[2025-04-13T18:25:35.944+0000] {processor.py:830} INFO - Processing file /home/airflow/.local/lib/python3.8/site-packages/airflow/example_dags/example_branch_operator_decorator.py for tasks to queue
[2025-04-13T18:25:35.949+0000] {logging_mixin.py:188} INFO - [2025-04-13T18:25:35.948+0000] {dagbag.py:538} INFO - Filling up the DagBag from /home/airflow/.local/lib/python3.8/site-packages/airflow/example_dags/example_branch_operator_decorator.py
[2025-04-13T18:25:35.994+0000] {processor.py:840} INFO - DAG(s) 'example_branch_python_operator_decorator' retrieved from /home/airflow/.local/lib/python3.8/site-packages/airflow/example_dags/example_branch_operator_decorator.py
[2025-04-13T18:25:36.054+0000] {logging_mixin.py:188} INFO - [2025-04-13T18:25:36.054+0000] {dag.py:3036} INFO - Sync 1 DAGs
[2025-04-13T18:25:36.107+0000] {logging_mixin.py:188} INFO - [2025-04-13T18:25:36.106+0000] {dag.py:3823} INFO - Setting next_dagrun for example_branch_python_operator_decorator to 2025-04-12 00:00:00+00:00, run_after=2025-04-13 00:00:00+00:00
[2025-04-13T18:25:36.148+0000] {processor.py:183} INFO - Processing /home/airflow/.local/lib/python3.8/site-packages/airflow/example_dags/example_branch_operator_decorator.py took 0.212 seconds
[2025-04-13T18:26:08.888+0000] {processor.py:161} INFO - Started process (PID=10547) to work on /home/airflow/.local/lib/python3.8/site-packages/airflow/example_dags/example_branch_operator_decorator.py
[2025-04-13T18:26:08.890+0000] {processor.py:830} INFO - Processing file /home/airflow/.local/lib/python3.8/site-packages/airflow/example_dags/example_branch_operator_decorator.py for tasks to queue
[2025-04-13T18:26:08.894+0000] {logging_mixin.py:188} INFO - [2025-04-13T18:26:08.893+0000] {dagbag.py:538} INFO - Filling up the DagBag from /home/airflow/.local/lib/python3.8/site-packages/airflow/example_dags/example_branch_operator_decorator.py
[2025-04-13T18:26:08.943+0000] {processor.py:840} INFO - DAG(s) 'example_branch_python_operator_decorator' retrieved from /home/airflow/.local/lib/python3.8/site-packages/airflow/example_dags/example_branch_operator_decorator.py
[2025-04-13T18:26:08.988+0000] {logging_mixin.py:188} INFO - [2025-04-13T18:26:08.987+0000] {dag.py:3036} INFO - Sync 1 DAGs
[2025-04-13T18:26:09.034+0000] {logging_mixin.py:188} INFO - [2025-04-13T18:26:09.033+0000] {dag.py:3823} INFO - Setting next_dagrun for example_branch_python_operator_decorator to 2025-04-12 00:00:00+00:00, run_after=2025-04-13 00:00:00+00:00
[2025-04-13T18:26:09.104+0000] {processor.py:183} INFO - Processing /home/airflow/.local/lib/python3.8/site-packages/airflow/example_dags/example_branch_operator_decorator.py took 0.223 seconds
[2025-04-13T18:26:41.949+0000] {processor.py:161} INFO - Started process (PID=10603) to work on /home/airflow/.local/lib/python3.8/site-packages/airflow/example_dags/example_branch_operator_decorator.py
[2025-04-13T18:26:41.951+0000] {processor.py:830} INFO - Processing file /home/airflow/.local/lib/python3.8/site-packages/airflow/example_dags/example_branch_operator_decorator.py for tasks to queue
[2025-04-13T18:26:41.955+0000] {logging_mixin.py:188} INFO - [2025-04-13T18:26:41.955+0000] {dagbag.py:538} INFO - Filling up the DagBag from /home/airflow/.local/lib/python3.8/site-packages/airflow/example_dags/example_branch_operator_decorator.py
[2025-04-13T18:26:41.996+0000] {processor.py:840} INFO - DAG(s) 'example_branch_python_operator_decorator' retrieved from /home/airflow/.local/lib/python3.8/site-packages/airflow/example_dags/example_branch_operator_decorator.py
[2025-04-13T18:26:42.047+0000] {logging_mixin.py:188} INFO - [2025-04-13T18:26:42.046+0000] {dag.py:3036} INFO - Sync 1 DAGs
[2025-04-13T18:26:42.090+0000] {logging_mixin.py:188} INFO - [2025-04-13T18:26:42.090+0000] {dag.py:3823} INFO - Setting next_dagrun for example_branch_python_operator_decorator to 2025-04-12 00:00:00+00:00, run_after=2025-04-13 00:00:00+00:00
[2025-04-13T18:26:42.170+0000] {processor.py:183} INFO - Processing /home/airflow/.local/lib/python3.8/site-packages/airflow/example_dags/example_branch_operator_decorator.py took 0.227 seconds
[2025-04-13T18:27:13.826+0000] {processor.py:161} INFO - Started process (PID=10658) to work on /home/airflow/.local/lib/python3.8/site-packages/airflow/example_dags/example_branch_operator_decorator.py
[2025-04-13T18:27:13.828+0000] {processor.py:830} INFO - Processing file /home/airflow/.local/lib/python3.8/site-packages/airflow/example_dags/example_branch_operator_decorator.py for tasks to queue
[2025-04-13T18:27:13.832+0000] {logging_mixin.py:188} INFO - [2025-04-13T18:27:13.831+0000] {dagbag.py:538} INFO - Filling up the DagBag from /home/airflow/.local/lib/python3.8/site-packages/airflow/example_dags/example_branch_operator_decorator.py
[2025-04-13T18:27:13.876+0000] {processor.py:840} INFO - DAG(s) 'example_branch_python_operator_decorator' retrieved from /home/airflow/.local/lib/python3.8/site-packages/airflow/example_dags/example_branch_operator_decorator.py
[2025-04-13T18:27:13.921+0000] {logging_mixin.py:188} INFO - [2025-04-13T18:27:13.921+0000] {dag.py:3036} INFO - Sync 1 DAGs
[2025-04-13T18:27:13.965+0000] {logging_mixin.py:188} INFO - [2025-04-13T18:27:13.964+0000] {dag.py:3823} INFO - Setting next_dagrun for example_branch_python_operator_decorator to 2025-04-12 00:00:00+00:00, run_after=2025-04-13 00:00:00+00:00
[2025-04-13T18:27:14.005+0000] {processor.py:183} INFO - Processing /home/airflow/.local/lib/python3.8/site-packages/airflow/example_dags/example_branch_operator_decorator.py took 0.186 seconds
[2025-04-13T18:27:45.510+0000] {processor.py:161} INFO - Started process (PID=10703) to work on /home/airflow/.local/lib/python3.8/site-packages/airflow/example_dags/example_branch_operator_decorator.py
[2025-04-13T18:27:45.515+0000] {processor.py:830} INFO - Processing file /home/airflow/.local/lib/python3.8/site-packages/airflow/example_dags/example_branch_operator_decorator.py for tasks to queue
[2025-04-13T18:27:45.519+0000] {logging_mixin.py:188} INFO - [2025-04-13T18:27:45.518+0000] {dagbag.py:538} INFO - Filling up the DagBag from /home/airflow/.local/lib/python3.8/site-packages/airflow/example_dags/example_branch_operator_decorator.py
[2025-04-13T18:27:45.587+0000] {processor.py:840} INFO - DAG(s) 'example_branch_python_operator_decorator' retrieved from /home/airflow/.local/lib/python3.8/site-packages/airflow/example_dags/example_branch_operator_decorator.py
[2025-04-13T18:27:45.665+0000] {logging_mixin.py:188} INFO - [2025-04-13T18:27:45.665+0000] {dag.py:3036} INFO - Sync 1 DAGs
[2025-04-13T18:27:45.721+0000] {logging_mixin.py:188} INFO - [2025-04-13T18:27:45.721+0000] {dag.py:3823} INFO - Setting next_dagrun for example_branch_python_operator_decorator to 2025-04-12 00:00:00+00:00, run_after=2025-04-13 00:00:00+00:00
[2025-04-13T18:27:45.801+0000] {processor.py:183} INFO - Processing /home/airflow/.local/lib/python3.8/site-packages/airflow/example_dags/example_branch_operator_decorator.py took 0.298 seconds
[2025-04-13T18:28:17.849+0000] {processor.py:161} INFO - Started process (PID=10758) to work on /home/airflow/.local/lib/python3.8/site-packages/airflow/example_dags/example_branch_operator_decorator.py
[2025-04-13T18:28:17.850+0000] {processor.py:830} INFO - Processing file /home/airflow/.local/lib/python3.8/site-packages/airflow/example_dags/example_branch_operator_decorator.py for tasks to queue
[2025-04-13T18:28:17.853+0000] {logging_mixin.py:188} INFO - [2025-04-13T18:28:17.853+0000] {dagbag.py:538} INFO - Filling up the DagBag from /home/airflow/.local/lib/python3.8/site-packages/airflow/example_dags/example_branch_operator_decorator.py
[2025-04-13T18:28:17.893+0000] {processor.py:840} INFO - DAG(s) 'example_branch_python_operator_decorator' retrieved from /home/airflow/.local/lib/python3.8/site-packages/airflow/example_dags/example_branch_operator_decorator.py
[2025-04-13T18:28:17.959+0000] {logging_mixin.py:188} INFO - [2025-04-13T18:28:17.958+0000] {dag.py:3036} INFO - Sync 1 DAGs
[2025-04-13T18:28:18.015+0000] {logging_mixin.py:188} INFO - [2025-04-13T18:28:18.015+0000] {dag.py:3823} INFO - Setting next_dagrun for example_branch_python_operator_decorator to 2025-04-12 00:00:00+00:00, run_after=2025-04-13 00:00:00+00:00
[2025-04-13T18:28:18.097+0000] {processor.py:183} INFO - Processing /home/airflow/.local/lib/python3.8/site-packages/airflow/example_dags/example_branch_operator_decorator.py took 0.253 seconds
[2025-04-13T18:28:50.856+0000] {processor.py:161} INFO - Started process (PID=10814) to work on /home/airflow/.local/lib/python3.8/site-packages/airflow/example_dags/example_branch_operator_decorator.py
[2025-04-13T18:28:50.857+0000] {processor.py:830} INFO - Processing file /home/airflow/.local/lib/python3.8/site-packages/airflow/example_dags/example_branch_operator_decorator.py for tasks to queue
[2025-04-13T18:28:50.860+0000] {logging_mixin.py:188} INFO - [2025-04-13T18:28:50.860+0000] {dagbag.py:538} INFO - Filling up the DagBag from /home/airflow/.local/lib/python3.8/site-packages/airflow/example_dags/example_branch_operator_decorator.py
[2025-04-13T18:28:50.921+0000] {processor.py:840} INFO - DAG(s) 'example_branch_python_operator_decorator' retrieved from /home/airflow/.local/lib/python3.8/site-packages/airflow/example_dags/example_branch_operator_decorator.py
[2025-04-13T18:28:51.043+0000] {logging_mixin.py:188} INFO - [2025-04-13T18:28:51.031+0000] {dag.py:3036} INFO - Sync 1 DAGs
[2025-04-13T18:28:51.110+0000] {logging_mixin.py:188} INFO - [2025-04-13T18:28:51.110+0000] {dag.py:3823} INFO - Setting next_dagrun for example_branch_python_operator_decorator to 2025-04-12 00:00:00+00:00, run_after=2025-04-13 00:00:00+00:00
[2025-04-13T18:28:51.145+0000] {processor.py:183} INFO - Processing /home/airflow/.local/lib/python3.8/site-packages/airflow/example_dags/example_branch_operator_decorator.py took 0.297 seconds
[2025-04-13T18:29:23.809+0000] {processor.py:161} INFO - Started process (PID=10870) to work on /home/airflow/.local/lib/python3.8/site-packages/airflow/example_dags/example_branch_operator_decorator.py
[2025-04-13T18:29:23.812+0000] {processor.py:830} INFO - Processing file /home/airflow/.local/lib/python3.8/site-packages/airflow/example_dags/example_branch_operator_decorator.py for tasks to queue
[2025-04-13T18:29:23.820+0000] {logging_mixin.py:188} INFO - [2025-04-13T18:29:23.819+0000] {dagbag.py:538} INFO - Filling up the DagBag from /home/airflow/.local/lib/python3.8/site-packages/airflow/example_dags/example_branch_operator_decorator.py
[2025-04-13T18:29:23.897+0000] {processor.py:840} INFO - DAG(s) 'example_branch_python_operator_decorator' retrieved from /home/airflow/.local/lib/python3.8/site-packages/airflow/example_dags/example_branch_operator_decorator.py
[2025-04-13T18:29:23.968+0000] {logging_mixin.py:188} INFO - [2025-04-13T18:29:23.968+0000] {dag.py:3036} INFO - Sync 1 DAGs
[2025-04-13T18:29:24.017+0000] {logging_mixin.py:188} INFO - [2025-04-13T18:29:24.017+0000] {dag.py:3823} INFO - Setting next_dagrun for example_branch_python_operator_decorator to 2025-04-12 00:00:00+00:00, run_after=2025-04-13 00:00:00+00:00
[2025-04-13T18:29:24.055+0000] {processor.py:183} INFO - Processing /home/airflow/.local/lib/python3.8/site-packages/airflow/example_dags/example_branch_operator_decorator.py took 0.255 seconds
[2025-04-13T18:29:57.206+0000] {processor.py:161} INFO - Started process (PID=10926) to work on /home/airflow/.local/lib/python3.8/site-packages/airflow/example_dags/example_branch_operator_decorator.py
[2025-04-13T18:29:57.208+0000] {processor.py:830} INFO - Processing file /home/airflow/.local/lib/python3.8/site-packages/airflow/example_dags/example_branch_operator_decorator.py for tasks to queue
[2025-04-13T18:29:57.214+0000] {logging_mixin.py:188} INFO - [2025-04-13T18:29:57.213+0000] {dagbag.py:538} INFO - Filling up the DagBag from /home/airflow/.local/lib/python3.8/site-packages/airflow/example_dags/example_branch_operator_decorator.py
[2025-04-13T18:29:57.272+0000] {processor.py:840} INFO - DAG(s) 'example_branch_python_operator_decorator' retrieved from /home/airflow/.local/lib/python3.8/site-packages/airflow/example_dags/example_branch_operator_decorator.py
[2025-04-13T18:29:57.356+0000] {logging_mixin.py:188} INFO - [2025-04-13T18:29:57.355+0000] {dag.py:3036} INFO - Sync 1 DAGs
[2025-04-13T18:29:57.414+0000] {logging_mixin.py:188} INFO - [2025-04-13T18:29:57.413+0000] {dag.py:3823} INFO - Setting next_dagrun for example_branch_python_operator_decorator to 2025-04-12 00:00:00+00:00, run_after=2025-04-13 00:00:00+00:00
[2025-04-13T18:29:57.461+0000] {processor.py:183} INFO - Processing /home/airflow/.local/lib/python3.8/site-packages/airflow/example_dags/example_branch_operator_decorator.py took 0.260 seconds
[2025-04-13T18:30:29.885+0000] {processor.py:161} INFO - Started process (PID=10983) to work on /home/airflow/.local/lib/python3.8/site-packages/airflow/example_dags/example_branch_operator_decorator.py
[2025-04-13T18:30:29.887+0000] {processor.py:830} INFO - Processing file /home/airflow/.local/lib/python3.8/site-packages/airflow/example_dags/example_branch_operator_decorator.py for tasks to queue
[2025-04-13T18:30:29.891+0000] {logging_mixin.py:188} INFO - [2025-04-13T18:30:29.891+0000] {dagbag.py:538} INFO - Filling up the DagBag from /home/airflow/.local/lib/python3.8/site-packages/airflow/example_dags/example_branch_operator_decorator.py
[2025-04-13T18:30:29.933+0000] {processor.py:840} INFO - DAG(s) 'example_branch_python_operator_decorator' retrieved from /home/airflow/.local/lib/python3.8/site-packages/airflow/example_dags/example_branch_operator_decorator.py
[2025-04-13T18:30:29.981+0000] {logging_mixin.py:188} INFO - [2025-04-13T18:30:29.981+0000] {dag.py:3036} INFO - Sync 1 DAGs
[2025-04-13T18:30:30.026+0000] {logging_mixin.py:188} INFO - [2025-04-13T18:30:30.026+0000] {dag.py:3823} INFO - Setting next_dagrun for example_branch_python_operator_decorator to 2025-04-12 00:00:00+00:00, run_after=2025-04-13 00:00:00+00:00
[2025-04-13T18:30:30.071+0000] {processor.py:183} INFO - Processing /home/airflow/.local/lib/python3.8/site-packages/airflow/example_dags/example_branch_operator_decorator.py took 0.194 seconds
[2025-04-13T18:31:03.010+0000] {processor.py:161} INFO - Started process (PID=11040) to work on /home/airflow/.local/lib/python3.8/site-packages/airflow/example_dags/example_branch_operator_decorator.py
[2025-04-13T18:31:03.018+0000] {processor.py:830} INFO - Processing file /home/airflow/.local/lib/python3.8/site-packages/airflow/example_dags/example_branch_operator_decorator.py for tasks to queue
[2025-04-13T18:31:03.025+0000] {logging_mixin.py:188} INFO - [2025-04-13T18:31:03.024+0000] {dagbag.py:538} INFO - Filling up the DagBag from /home/airflow/.local/lib/python3.8/site-packages/airflow/example_dags/example_branch_operator_decorator.py
[2025-04-13T18:31:03.073+0000] {processor.py:840} INFO - DAG(s) 'example_branch_python_operator_decorator' retrieved from /home/airflow/.local/lib/python3.8/site-packages/airflow/example_dags/example_branch_operator_decorator.py
[2025-04-13T18:31:03.118+0000] {logging_mixin.py:188} INFO - [2025-04-13T18:31:03.118+0000] {dag.py:3036} INFO - Sync 1 DAGs
[2025-04-13T18:31:03.164+0000] {logging_mixin.py:188} INFO - [2025-04-13T18:31:03.163+0000] {dag.py:3823} INFO - Setting next_dagrun for example_branch_python_operator_decorator to 2025-04-12 00:00:00+00:00, run_after=2025-04-13 00:00:00+00:00
[2025-04-13T18:31:03.203+0000] {processor.py:183} INFO - Processing /home/airflow/.local/lib/python3.8/site-packages/airflow/example_dags/example_branch_operator_decorator.py took 0.214 seconds
[2025-04-13T18:31:35.652+0000] {processor.py:161} INFO - Started process (PID=11097) to work on /home/airflow/.local/lib/python3.8/site-packages/airflow/example_dags/example_branch_operator_decorator.py
[2025-04-13T18:31:35.655+0000] {processor.py:830} INFO - Processing file /home/airflow/.local/lib/python3.8/site-packages/airflow/example_dags/example_branch_operator_decorator.py for tasks to queue
[2025-04-13T18:31:35.658+0000] {logging_mixin.py:188} INFO - [2025-04-13T18:31:35.657+0000] {dagbag.py:538} INFO - Filling up the DagBag from /home/airflow/.local/lib/python3.8/site-packages/airflow/example_dags/example_branch_operator_decorator.py
[2025-04-13T18:31:35.702+0000] {processor.py:840} INFO - DAG(s) 'example_branch_python_operator_decorator' retrieved from /home/airflow/.local/lib/python3.8/site-packages/airflow/example_dags/example_branch_operator_decorator.py
[2025-04-13T18:31:35.756+0000] {logging_mixin.py:188} INFO - [2025-04-13T18:31:35.756+0000] {dag.py:3036} INFO - Sync 1 DAGs
[2025-04-13T18:31:35.805+0000] {logging_mixin.py:188} INFO - [2025-04-13T18:31:35.805+0000] {dag.py:3823} INFO - Setting next_dagrun for example_branch_python_operator_decorator to 2025-04-12 00:00:00+00:00, run_after=2025-04-13 00:00:00+00:00
[2025-04-13T18:31:35.849+0000] {processor.py:183} INFO - Processing /home/airflow/.local/lib/python3.8/site-packages/airflow/example_dags/example_branch_operator_decorator.py took 0.205 seconds
[2025-04-13T18:32:08.572+0000] {processor.py:161} INFO - Started process (PID=11153) to work on /home/airflow/.local/lib/python3.8/site-packages/airflow/example_dags/example_branch_operator_decorator.py
[2025-04-13T18:32:08.576+0000] {processor.py:830} INFO - Processing file /home/airflow/.local/lib/python3.8/site-packages/airflow/example_dags/example_branch_operator_decorator.py for tasks to queue
[2025-04-13T18:32:08.581+0000] {logging_mixin.py:188} INFO - [2025-04-13T18:32:08.580+0000] {dagbag.py:538} INFO - Filling up the DagBag from /home/airflow/.local/lib/python3.8/site-packages/airflow/example_dags/example_branch_operator_decorator.py
[2025-04-13T18:32:08.645+0000] {processor.py:840} INFO - DAG(s) 'example_branch_python_operator_decorator' retrieved from /home/airflow/.local/lib/python3.8/site-packages/airflow/example_dags/example_branch_operator_decorator.py
[2025-04-13T18:32:08.705+0000] {logging_mixin.py:188} INFO - [2025-04-13T18:32:08.704+0000] {dag.py:3036} INFO - Sync 1 DAGs
[2025-04-13T18:32:08.753+0000] {logging_mixin.py:188} INFO - [2025-04-13T18:32:08.753+0000] {dag.py:3823} INFO - Setting next_dagrun for example_branch_python_operator_decorator to 2025-04-12 00:00:00+00:00, run_after=2025-04-13 00:00:00+00:00
[2025-04-13T18:32:08.800+0000] {processor.py:183} INFO - Processing /home/airflow/.local/lib/python3.8/site-packages/airflow/example_dags/example_branch_operator_decorator.py took 0.239 seconds
[2025-04-13T18:32:42.042+0000] {processor.py:161} INFO - Started process (PID=11209) to work on /home/airflow/.local/lib/python3.8/site-packages/airflow/example_dags/example_branch_operator_decorator.py
[2025-04-13T18:32:42.044+0000] {processor.py:830} INFO - Processing file /home/airflow/.local/lib/python3.8/site-packages/airflow/example_dags/example_branch_operator_decorator.py for tasks to queue
[2025-04-13T18:32:42.048+0000] {logging_mixin.py:188} INFO - [2025-04-13T18:32:42.047+0000] {dagbag.py:538} INFO - Filling up the DagBag from /home/airflow/.local/lib/python3.8/site-packages/airflow/example_dags/example_branch_operator_decorator.py
[2025-04-13T18:32:42.106+0000] {processor.py:840} INFO - DAG(s) 'example_branch_python_operator_decorator' retrieved from /home/airflow/.local/lib/python3.8/site-packages/airflow/example_dags/example_branch_operator_decorator.py
[2025-04-13T18:32:42.161+0000] {logging_mixin.py:188} INFO - [2025-04-13T18:32:42.160+0000] {dag.py:3036} INFO - Sync 1 DAGs
[2025-04-13T18:32:42.207+0000] {logging_mixin.py:188} INFO - [2025-04-13T18:32:42.207+0000] {dag.py:3823} INFO - Setting next_dagrun for example_branch_python_operator_decorator to 2025-04-12 00:00:00+00:00, run_after=2025-04-13 00:00:00+00:00
[2025-04-13T18:32:42.268+0000] {processor.py:183} INFO - Processing /home/airflow/.local/lib/python3.8/site-packages/airflow/example_dags/example_branch_operator_decorator.py took 0.231 seconds
[2025-04-13T18:33:14.971+0000] {processor.py:161} INFO - Started process (PID=11265) to work on /home/airflow/.local/lib/python3.8/site-packages/airflow/example_dags/example_branch_operator_decorator.py
[2025-04-13T18:33:14.976+0000] {processor.py:830} INFO - Processing file /home/airflow/.local/lib/python3.8/site-packages/airflow/example_dags/example_branch_operator_decorator.py for tasks to queue
[2025-04-13T18:33:14.985+0000] {logging_mixin.py:188} INFO - [2025-04-13T18:33:14.983+0000] {dagbag.py:538} INFO - Filling up the DagBag from /home/airflow/.local/lib/python3.8/site-packages/airflow/example_dags/example_branch_operator_decorator.py
[2025-04-13T18:33:15.105+0000] {processor.py:840} INFO - DAG(s) 'example_branch_python_operator_decorator' retrieved from /home/airflow/.local/lib/python3.8/site-packages/airflow/example_dags/example_branch_operator_decorator.py
[2025-04-13T18:33:15.172+0000] {logging_mixin.py:188} INFO - [2025-04-13T18:33:15.171+0000] {dag.py:3036} INFO - Sync 1 DAGs
[2025-04-13T18:33:15.224+0000] {logging_mixin.py:188} INFO - [2025-04-13T18:33:15.223+0000] {dag.py:3823} INFO - Setting next_dagrun for example_branch_python_operator_decorator to 2025-04-12 00:00:00+00:00, run_after=2025-04-13 00:00:00+00:00
[2025-04-13T18:33:15.285+0000] {processor.py:183} INFO - Processing /home/airflow/.local/lib/python3.8/site-packages/airflow/example_dags/example_branch_operator_decorator.py took 0.329 seconds
[2025-04-13T18:33:48.134+0000] {processor.py:161} INFO - Started process (PID=11321) to work on /home/airflow/.local/lib/python3.8/site-packages/airflow/example_dags/example_branch_operator_decorator.py
[2025-04-13T18:33:48.137+0000] {processor.py:830} INFO - Processing file /home/airflow/.local/lib/python3.8/site-packages/airflow/example_dags/example_branch_operator_decorator.py for tasks to queue
[2025-04-13T18:33:48.141+0000] {logging_mixin.py:188} INFO - [2025-04-13T18:33:48.140+0000] {dagbag.py:538} INFO - Filling up the DagBag from /home/airflow/.local/lib/python3.8/site-packages/airflow/example_dags/example_branch_operator_decorator.py
[2025-04-13T18:33:48.184+0000] {processor.py:840} INFO - DAG(s) 'example_branch_python_operator_decorator' retrieved from /home/airflow/.local/lib/python3.8/site-packages/airflow/example_dags/example_branch_operator_decorator.py
[2025-04-13T18:33:48.239+0000] {logging_mixin.py:188} INFO - [2025-04-13T18:33:48.239+0000] {dag.py:3036} INFO - Sync 1 DAGs
[2025-04-13T18:33:48.281+0000] {logging_mixin.py:188} INFO - [2025-04-13T18:33:48.281+0000] {dag.py:3823} INFO - Setting next_dagrun for example_branch_python_operator_decorator to 2025-04-12 00:00:00+00:00, run_after=2025-04-13 00:00:00+00:00
[2025-04-13T18:33:48.316+0000] {processor.py:183} INFO - Processing /home/airflow/.local/lib/python3.8/site-packages/airflow/example_dags/example_branch_operator_decorator.py took 0.189 seconds
[2025-04-13T18:34:21.401+0000] {processor.py:161} INFO - Started process (PID=11377) to work on /home/airflow/.local/lib/python3.8/site-packages/airflow/example_dags/example_branch_operator_decorator.py
[2025-04-13T18:34:21.403+0000] {processor.py:830} INFO - Processing file /home/airflow/.local/lib/python3.8/site-packages/airflow/example_dags/example_branch_operator_decorator.py for tasks to queue
[2025-04-13T18:34:21.405+0000] {logging_mixin.py:188} INFO - [2025-04-13T18:34:21.405+0000] {dagbag.py:538} INFO - Filling up the DagBag from /home/airflow/.local/lib/python3.8/site-packages/airflow/example_dags/example_branch_operator_decorator.py
[2025-04-13T18:34:21.443+0000] {processor.py:840} INFO - DAG(s) 'example_branch_python_operator_decorator' retrieved from /home/airflow/.local/lib/python3.8/site-packages/airflow/example_dags/example_branch_operator_decorator.py
[2025-04-13T18:34:21.521+0000] {logging_mixin.py:188} INFO - [2025-04-13T18:34:21.520+0000] {dag.py:3036} INFO - Sync 1 DAGs
[2025-04-13T18:34:21.589+0000] {logging_mixin.py:188} INFO - [2025-04-13T18:34:21.588+0000] {dag.py:3823} INFO - Setting next_dagrun for example_branch_python_operator_decorator to 2025-04-12 00:00:00+00:00, run_after=2025-04-13 00:00:00+00:00
[2025-04-13T18:34:21.650+0000] {processor.py:183} INFO - Processing /home/airflow/.local/lib/python3.8/site-packages/airflow/example_dags/example_branch_operator_decorator.py took 0.254 seconds
[2025-04-13T18:34:54.428+0000] {processor.py:161} INFO - Started process (PID=11433) to work on /home/airflow/.local/lib/python3.8/site-packages/airflow/example_dags/example_branch_operator_decorator.py
[2025-04-13T18:34:54.431+0000] {processor.py:830} INFO - Processing file /home/airflow/.local/lib/python3.8/site-packages/airflow/example_dags/example_branch_operator_decorator.py for tasks to queue
[2025-04-13T18:34:54.434+0000] {logging_mixin.py:188} INFO - [2025-04-13T18:34:54.434+0000] {dagbag.py:538} INFO - Filling up the DagBag from /home/airflow/.local/lib/python3.8/site-packages/airflow/example_dags/example_branch_operator_decorator.py
[2025-04-13T18:34:54.483+0000] {processor.py:840} INFO - DAG(s) 'example_branch_python_operator_decorator' retrieved from /home/airflow/.local/lib/python3.8/site-packages/airflow/example_dags/example_branch_operator_decorator.py
[2025-04-13T18:34:54.530+0000] {logging_mixin.py:188} INFO - [2025-04-13T18:34:54.530+0000] {dag.py:3036} INFO - Sync 1 DAGs
[2025-04-13T18:34:54.569+0000] {logging_mixin.py:188} INFO - [2025-04-13T18:34:54.569+0000] {dag.py:3823} INFO - Setting next_dagrun for example_branch_python_operator_decorator to 2025-04-12 00:00:00+00:00, run_after=2025-04-13 00:00:00+00:00
[2025-04-13T18:34:54.638+0000] {processor.py:183} INFO - Processing /home/airflow/.local/lib/python3.8/site-packages/airflow/example_dags/example_branch_operator_decorator.py took 0.217 seconds
[2025-04-13T18:35:27.660+0000] {processor.py:161} INFO - Started process (PID=11489) to work on /home/airflow/.local/lib/python3.8/site-packages/airflow/example_dags/example_branch_operator_decorator.py
[2025-04-13T18:35:27.662+0000] {processor.py:830} INFO - Processing file /home/airflow/.local/lib/python3.8/site-packages/airflow/example_dags/example_branch_operator_decorator.py for tasks to queue
[2025-04-13T18:35:27.665+0000] {logging_mixin.py:188} INFO - [2025-04-13T18:35:27.664+0000] {dagbag.py:538} INFO - Filling up the DagBag from /home/airflow/.local/lib/python3.8/site-packages/airflow/example_dags/example_branch_operator_decorator.py
[2025-04-13T18:35:27.707+0000] {processor.py:840} INFO - DAG(s) 'example_branch_python_operator_decorator' retrieved from /home/airflow/.local/lib/python3.8/site-packages/airflow/example_dags/example_branch_operator_decorator.py
[2025-04-13T18:35:27.763+0000] {logging_mixin.py:188} INFO - [2025-04-13T18:35:27.762+0000] {dag.py:3036} INFO - Sync 1 DAGs
[2025-04-13T18:35:27.805+0000] {logging_mixin.py:188} INFO - [2025-04-13T18:35:27.805+0000] {dag.py:3823} INFO - Setting next_dagrun for example_branch_python_operator_decorator to 2025-04-12 00:00:00+00:00, run_after=2025-04-13 00:00:00+00:00
[2025-04-13T18:35:27.857+0000] {processor.py:183} INFO - Processing /home/airflow/.local/lib/python3.8/site-packages/airflow/example_dags/example_branch_operator_decorator.py took 0.204 seconds
[2025-04-13T18:35:58.583+0000] {processor.py:161} INFO - Started process (PID=11545) to work on /home/airflow/.local/lib/python3.8/site-packages/airflow/example_dags/example_branch_operator_decorator.py
[2025-04-13T18:35:58.585+0000] {processor.py:830} INFO - Processing file /home/airflow/.local/lib/python3.8/site-packages/airflow/example_dags/example_branch_operator_decorator.py for tasks to queue
[2025-04-13T18:35:58.595+0000] {logging_mixin.py:188} INFO - [2025-04-13T18:35:58.595+0000] {dagbag.py:538} INFO - Filling up the DagBag from /home/airflow/.local/lib/python3.8/site-packages/airflow/example_dags/example_branch_operator_decorator.py
[2025-04-13T18:35:58.659+0000] {processor.py:840} INFO - DAG(s) 'example_branch_python_operator_decorator' retrieved from /home/airflow/.local/lib/python3.8/site-packages/airflow/example_dags/example_branch_operator_decorator.py
[2025-04-13T18:35:58.718+0000] {logging_mixin.py:188} INFO - [2025-04-13T18:35:58.717+0000] {dag.py:3036} INFO - Sync 1 DAGs
[2025-04-13T18:35:58.763+0000] {logging_mixin.py:188} INFO - [2025-04-13T18:35:58.763+0000] {dag.py:3823} INFO - Setting next_dagrun for example_branch_python_operator_decorator to 2025-04-12 00:00:00+00:00, run_after=2025-04-13 00:00:00+00:00
[2025-04-13T18:35:58.804+0000] {processor.py:183} INFO - Processing /home/airflow/.local/lib/python3.8/site-packages/airflow/example_dags/example_branch_operator_decorator.py took 0.227 seconds
[2025-04-13T18:36:29.846+0000] {processor.py:161} INFO - Started process (PID=11601) to work on /home/airflow/.local/lib/python3.8/site-packages/airflow/example_dags/example_branch_operator_decorator.py
[2025-04-13T18:36:29.852+0000] {processor.py:830} INFO - Processing file /home/airflow/.local/lib/python3.8/site-packages/airflow/example_dags/example_branch_operator_decorator.py for tasks to queue
[2025-04-13T18:36:29.861+0000] {logging_mixin.py:188} INFO - [2025-04-13T18:36:29.860+0000] {dagbag.py:538} INFO - Filling up the DagBag from /home/airflow/.local/lib/python3.8/site-packages/airflow/example_dags/example_branch_operator_decorator.py
[2025-04-13T18:36:29.939+0000] {processor.py:840} INFO - DAG(s) 'example_branch_python_operator_decorator' retrieved from /home/airflow/.local/lib/python3.8/site-packages/airflow/example_dags/example_branch_operator_decorator.py
[2025-04-13T18:36:30.000+0000] {logging_mixin.py:188} INFO - [2025-04-13T18:36:29.999+0000] {dag.py:3036} INFO - Sync 1 DAGs
[2025-04-13T18:36:30.050+0000] {logging_mixin.py:188} INFO - [2025-04-13T18:36:30.049+0000] {dag.py:3823} INFO - Setting next_dagrun for example_branch_python_operator_decorator to 2025-04-12 00:00:00+00:00, run_after=2025-04-13 00:00:00+00:00
[2025-04-13T18:36:30.115+0000] {processor.py:183} INFO - Processing /home/airflow/.local/lib/python3.8/site-packages/airflow/example_dags/example_branch_operator_decorator.py took 0.289 seconds
[2025-04-13T18:37:00.889+0000] {processor.py:161} INFO - Started process (PID=11657) to work on /home/airflow/.local/lib/python3.8/site-packages/airflow/example_dags/example_branch_operator_decorator.py
[2025-04-13T18:37:00.894+0000] {processor.py:830} INFO - Processing file /home/airflow/.local/lib/python3.8/site-packages/airflow/example_dags/example_branch_operator_decorator.py for tasks to queue
[2025-04-13T18:37:00.903+0000] {logging_mixin.py:188} INFO - [2025-04-13T18:37:00.902+0000] {dagbag.py:538} INFO - Filling up the DagBag from /home/airflow/.local/lib/python3.8/site-packages/airflow/example_dags/example_branch_operator_decorator.py
[2025-04-13T18:37:01.017+0000] {processor.py:840} INFO - DAG(s) 'example_branch_python_operator_decorator' retrieved from /home/airflow/.local/lib/python3.8/site-packages/airflow/example_dags/example_branch_operator_decorator.py
[2025-04-13T18:37:01.142+0000] {logging_mixin.py:188} INFO - [2025-04-13T18:37:01.142+0000] {dag.py:3036} INFO - Sync 1 DAGs
[2025-04-13T18:37:01.188+0000] {logging_mixin.py:188} INFO - [2025-04-13T18:37:01.187+0000] {dag.py:3823} INFO - Setting next_dagrun for example_branch_python_operator_decorator to 2025-04-12 00:00:00+00:00, run_after=2025-04-13 00:00:00+00:00
[2025-04-13T18:37:01.240+0000] {processor.py:183} INFO - Processing /home/airflow/.local/lib/python3.8/site-packages/airflow/example_dags/example_branch_operator_decorator.py took 0.369 seconds
[2025-04-13T18:37:31.548+0000] {processor.py:161} INFO - Started process (PID=11714) to work on /home/airflow/.local/lib/python3.8/site-packages/airflow/example_dags/example_branch_operator_decorator.py
[2025-04-13T18:37:31.551+0000] {processor.py:830} INFO - Processing file /home/airflow/.local/lib/python3.8/site-packages/airflow/example_dags/example_branch_operator_decorator.py for tasks to queue
[2025-04-13T18:37:31.557+0000] {logging_mixin.py:188} INFO - [2025-04-13T18:37:31.557+0000] {dagbag.py:538} INFO - Filling up the DagBag from /home/airflow/.local/lib/python3.8/site-packages/airflow/example_dags/example_branch_operator_decorator.py
[2025-04-13T18:37:31.620+0000] {processor.py:840} INFO - DAG(s) 'example_branch_python_operator_decorator' retrieved from /home/airflow/.local/lib/python3.8/site-packages/airflow/example_dags/example_branch_operator_decorator.py
[2025-04-13T18:37:31.675+0000] {logging_mixin.py:188} INFO - [2025-04-13T18:37:31.675+0000] {dag.py:3036} INFO - Sync 1 DAGs
[2025-04-13T18:37:31.719+0000] {logging_mixin.py:188} INFO - [2025-04-13T18:37:31.719+0000] {dag.py:3823} INFO - Setting next_dagrun for example_branch_python_operator_decorator to 2025-04-12 00:00:00+00:00, run_after=2025-04-13 00:00:00+00:00
[2025-04-13T18:37:31.817+0000] {processor.py:183} INFO - Processing /home/airflow/.local/lib/python3.8/site-packages/airflow/example_dags/example_branch_operator_decorator.py took 0.277 seconds
[2025-04-13T18:38:02.020+0000] {processor.py:161} INFO - Started process (PID=11769) to work on /home/airflow/.local/lib/python3.8/site-packages/airflow/example_dags/example_branch_operator_decorator.py
[2025-04-13T18:38:02.023+0000] {processor.py:830} INFO - Processing file /home/airflow/.local/lib/python3.8/site-packages/airflow/example_dags/example_branch_operator_decorator.py for tasks to queue
[2025-04-13T18:38:02.033+0000] {logging_mixin.py:188} INFO - [2025-04-13T18:38:02.032+0000] {dagbag.py:538} INFO - Filling up the DagBag from /home/airflow/.local/lib/python3.8/site-packages/airflow/example_dags/example_branch_operator_decorator.py
[2025-04-13T18:38:02.167+0000] {processor.py:840} INFO - DAG(s) 'example_branch_python_operator_decorator' retrieved from /home/airflow/.local/lib/python3.8/site-packages/airflow/example_dags/example_branch_operator_decorator.py
[2025-04-13T18:38:02.251+0000] {logging_mixin.py:188} INFO - [2025-04-13T18:38:02.250+0000] {dag.py:3036} INFO - Sync 1 DAGs
[2025-04-13T18:38:02.308+0000] {logging_mixin.py:188} INFO - [2025-04-13T18:38:02.308+0000] {dag.py:3823} INFO - Setting next_dagrun for example_branch_python_operator_decorator to 2025-04-12 00:00:00+00:00, run_after=2025-04-13 00:00:00+00:00
[2025-04-13T18:38:02.346+0000] {processor.py:183} INFO - Processing /home/airflow/.local/lib/python3.8/site-packages/airflow/example_dags/example_branch_operator_decorator.py took 0.341 seconds
[2025-04-13T18:38:32.930+0000] {processor.py:161} INFO - Started process (PID=11825) to work on /home/airflow/.local/lib/python3.8/site-packages/airflow/example_dags/example_branch_operator_decorator.py
[2025-04-13T18:38:32.932+0000] {processor.py:830} INFO - Processing file /home/airflow/.local/lib/python3.8/site-packages/airflow/example_dags/example_branch_operator_decorator.py for tasks to queue
[2025-04-13T18:38:32.937+0000] {logging_mixin.py:188} INFO - [2025-04-13T18:38:32.936+0000] {dagbag.py:538} INFO - Filling up the DagBag from /home/airflow/.local/lib/python3.8/site-packages/airflow/example_dags/example_branch_operator_decorator.py
[2025-04-13T18:38:33.020+0000] {processor.py:840} INFO - DAG(s) 'example_branch_python_operator_decorator' retrieved from /home/airflow/.local/lib/python3.8/site-packages/airflow/example_dags/example_branch_operator_decorator.py
[2025-04-13T18:38:33.099+0000] {logging_mixin.py:188} INFO - [2025-04-13T18:38:33.099+0000] {dag.py:3036} INFO - Sync 1 DAGs
[2025-04-13T18:38:33.168+0000] {logging_mixin.py:188} INFO - [2025-04-13T18:38:33.167+0000] {dag.py:3823} INFO - Setting next_dagrun for example_branch_python_operator_decorator to 2025-04-12 00:00:00+00:00, run_after=2025-04-13 00:00:00+00:00
[2025-04-13T18:38:33.257+0000] {processor.py:183} INFO - Processing /home/airflow/.local/lib/python3.8/site-packages/airflow/example_dags/example_branch_operator_decorator.py took 0.335 seconds
[2025-04-13T18:39:03.463+0000] {processor.py:161} INFO - Started process (PID=11881) to work on /home/airflow/.local/lib/python3.8/site-packages/airflow/example_dags/example_branch_operator_decorator.py
[2025-04-13T18:39:03.467+0000] {processor.py:830} INFO - Processing file /home/airflow/.local/lib/python3.8/site-packages/airflow/example_dags/example_branch_operator_decorator.py for tasks to queue
[2025-04-13T18:39:03.474+0000] {logging_mixin.py:188} INFO - [2025-04-13T18:39:03.473+0000] {dagbag.py:538} INFO - Filling up the DagBag from /home/airflow/.local/lib/python3.8/site-packages/airflow/example_dags/example_branch_operator_decorator.py
[2025-04-13T18:39:03.535+0000] {processor.py:840} INFO - DAG(s) 'example_branch_python_operator_decorator' retrieved from /home/airflow/.local/lib/python3.8/site-packages/airflow/example_dags/example_branch_operator_decorator.py
[2025-04-13T18:39:03.580+0000] {logging_mixin.py:188} INFO - [2025-04-13T18:39:03.579+0000] {dag.py:3036} INFO - Sync 1 DAGs
[2025-04-13T18:39:03.615+0000] {logging_mixin.py:188} INFO - [2025-04-13T18:39:03.614+0000] {dag.py:3823} INFO - Setting next_dagrun for example_branch_python_operator_decorator to 2025-04-12 00:00:00+00:00, run_after=2025-04-13 00:00:00+00:00
[2025-04-13T18:39:03.651+0000] {processor.py:183} INFO - Processing /home/airflow/.local/lib/python3.8/site-packages/airflow/example_dags/example_branch_operator_decorator.py took 0.207 seconds
[2025-04-13T18:39:34.049+0000] {processor.py:161} INFO - Started process (PID=11938) to work on /home/airflow/.local/lib/python3.8/site-packages/airflow/example_dags/example_branch_operator_decorator.py
[2025-04-13T18:39:34.055+0000] {processor.py:830} INFO - Processing file /home/airflow/.local/lib/python3.8/site-packages/airflow/example_dags/example_branch_operator_decorator.py for tasks to queue
[2025-04-13T18:39:34.064+0000] {logging_mixin.py:188} INFO - [2025-04-13T18:39:34.062+0000] {dagbag.py:538} INFO - Filling up the DagBag from /home/airflow/.local/lib/python3.8/site-packages/airflow/example_dags/example_branch_operator_decorator.py
[2025-04-13T18:39:34.178+0000] {processor.py:840} INFO - DAG(s) 'example_branch_python_operator_decorator' retrieved from /home/airflow/.local/lib/python3.8/site-packages/airflow/example_dags/example_branch_operator_decorator.py
[2025-04-13T18:39:34.334+0000] {logging_mixin.py:188} INFO - [2025-04-13T18:39:34.334+0000] {dag.py:3036} INFO - Sync 1 DAGs
[2025-04-13T18:39:34.420+0000] {logging_mixin.py:188} INFO - [2025-04-13T18:39:34.416+0000] {dag.py:3823} INFO - Setting next_dagrun for example_branch_python_operator_decorator to 2025-04-12 00:00:00+00:00, run_after=2025-04-13 00:00:00+00:00
[2025-04-13T18:39:34.472+0000] {processor.py:183} INFO - Processing /home/airflow/.local/lib/python3.8/site-packages/airflow/example_dags/example_branch_operator_decorator.py took 0.436 seconds
[2025-04-13T18:40:04.581+0000] {processor.py:161} INFO - Started process (PID=11988) to work on /home/airflow/.local/lib/python3.8/site-packages/airflow/example_dags/example_branch_operator_decorator.py
[2025-04-13T18:40:04.585+0000] {processor.py:830} INFO - Processing file /home/airflow/.local/lib/python3.8/site-packages/airflow/example_dags/example_branch_operator_decorator.py for tasks to queue
[2025-04-13T18:40:04.593+0000] {logging_mixin.py:188} INFO - [2025-04-13T18:40:04.591+0000] {dagbag.py:538} INFO - Filling up the DagBag from /home/airflow/.local/lib/python3.8/site-packages/airflow/example_dags/example_branch_operator_decorator.py
[2025-04-13T18:40:04.704+0000] {processor.py:840} INFO - DAG(s) 'example_branch_python_operator_decorator' retrieved from /home/airflow/.local/lib/python3.8/site-packages/airflow/example_dags/example_branch_operator_decorator.py
[2025-04-13T18:40:04.760+0000] {logging_mixin.py:188} INFO - [2025-04-13T18:40:04.760+0000] {dag.py:3036} INFO - Sync 1 DAGs
[2025-04-13T18:40:04.803+0000] {logging_mixin.py:188} INFO - [2025-04-13T18:40:04.802+0000] {dag.py:3823} INFO - Setting next_dagrun for example_branch_python_operator_decorator to 2025-04-12 00:00:00+00:00, run_after=2025-04-13 00:00:00+00:00
[2025-04-13T18:40:04.853+0000] {processor.py:183} INFO - Processing /home/airflow/.local/lib/python3.8/site-packages/airflow/example_dags/example_branch_operator_decorator.py took 0.286 seconds
[2025-04-13T18:40:35.270+0000] {processor.py:161} INFO - Started process (PID=12044) to work on /home/airflow/.local/lib/python3.8/site-packages/airflow/example_dags/example_branch_operator_decorator.py
[2025-04-13T18:40:35.275+0000] {processor.py:830} INFO - Processing file /home/airflow/.local/lib/python3.8/site-packages/airflow/example_dags/example_branch_operator_decorator.py for tasks to queue
[2025-04-13T18:40:35.282+0000] {logging_mixin.py:188} INFO - [2025-04-13T18:40:35.281+0000] {dagbag.py:538} INFO - Filling up the DagBag from /home/airflow/.local/lib/python3.8/site-packages/airflow/example_dags/example_branch_operator_decorator.py
[2025-04-13T18:40:35.399+0000] {processor.py:840} INFO - DAG(s) 'example_branch_python_operator_decorator' retrieved from /home/airflow/.local/lib/python3.8/site-packages/airflow/example_dags/example_branch_operator_decorator.py
[2025-04-13T18:40:35.479+0000] {logging_mixin.py:188} INFO - [2025-04-13T18:40:35.479+0000] {dag.py:3036} INFO - Sync 1 DAGs
[2025-04-13T18:40:35.537+0000] {logging_mixin.py:188} INFO - [2025-04-13T18:40:35.536+0000] {dag.py:3823} INFO - Setting next_dagrun for example_branch_python_operator_decorator to 2025-04-12 00:00:00+00:00, run_after=2025-04-13 00:00:00+00:00
[2025-04-13T18:40:35.572+0000] {processor.py:183} INFO - Processing /home/airflow/.local/lib/python3.8/site-packages/airflow/example_dags/example_branch_operator_decorator.py took 0.316 seconds
[2025-04-13T18:41:06.372+0000] {processor.py:161} INFO - Started process (PID=12100) to work on /home/airflow/.local/lib/python3.8/site-packages/airflow/example_dags/example_branch_operator_decorator.py
[2025-04-13T18:41:06.374+0000] {processor.py:830} INFO - Processing file /home/airflow/.local/lib/python3.8/site-packages/airflow/example_dags/example_branch_operator_decorator.py for tasks to queue
[2025-04-13T18:41:06.378+0000] {logging_mixin.py:188} INFO - [2025-04-13T18:41:06.378+0000] {dagbag.py:538} INFO - Filling up the DagBag from /home/airflow/.local/lib/python3.8/site-packages/airflow/example_dags/example_branch_operator_decorator.py
[2025-04-13T18:41:06.446+0000] {processor.py:840} INFO - DAG(s) 'example_branch_python_operator_decorator' retrieved from /home/airflow/.local/lib/python3.8/site-packages/airflow/example_dags/example_branch_operator_decorator.py
[2025-04-13T18:41:06.501+0000] {logging_mixin.py:188} INFO - [2025-04-13T18:41:06.501+0000] {dag.py:3036} INFO - Sync 1 DAGs
[2025-04-13T18:41:06.551+0000] {logging_mixin.py:188} INFO - [2025-04-13T18:41:06.551+0000] {dag.py:3823} INFO - Setting next_dagrun for example_branch_python_operator_decorator to 2025-04-12 00:00:00+00:00, run_after=2025-04-13 00:00:00+00:00
[2025-04-13T18:41:06.600+0000] {processor.py:183} INFO - Processing /home/airflow/.local/lib/python3.8/site-packages/airflow/example_dags/example_branch_operator_decorator.py took 0.234 seconds
[2025-04-13T18:41:40.826+0000] {processor.py:161} INFO - Started process (PID=12156) to work on /home/airflow/.local/lib/python3.8/site-packages/airflow/example_dags/example_branch_operator_decorator.py
[2025-04-13T18:41:40.828+0000] {processor.py:830} INFO - Processing file /home/airflow/.local/lib/python3.8/site-packages/airflow/example_dags/example_branch_operator_decorator.py for tasks to queue
[2025-04-13T18:41:40.834+0000] {logging_mixin.py:188} INFO - [2025-04-13T18:41:40.834+0000] {dagbag.py:538} INFO - Filling up the DagBag from /home/airflow/.local/lib/python3.8/site-packages/airflow/example_dags/example_branch_operator_decorator.py
[2025-04-13T18:41:40.992+0000] {processor.py:840} INFO - DAG(s) 'example_branch_python_operator_decorator' retrieved from /home/airflow/.local/lib/python3.8/site-packages/airflow/example_dags/example_branch_operator_decorator.py
[2025-04-13T18:41:41.105+0000] {logging_mixin.py:188} INFO - [2025-04-13T18:41:41.105+0000] {dag.py:3036} INFO - Sync 1 DAGs
[2025-04-13T18:41:41.232+0000] {logging_mixin.py:188} INFO - [2025-04-13T18:41:41.232+0000] {dag.py:3823} INFO - Setting next_dagrun for example_branch_python_operator_decorator to 2025-04-12 00:00:00+00:00, run_after=2025-04-13 00:00:00+00:00
[2025-04-13T18:41:41.314+0000] {processor.py:183} INFO - Processing /home/airflow/.local/lib/python3.8/site-packages/airflow/example_dags/example_branch_operator_decorator.py took 0.492 seconds
[2025-04-13T18:55:39.890+0000] {processor.py:161} INFO - Started process (PID=12178) to work on /home/airflow/.local/lib/python3.8/site-packages/airflow/example_dags/example_branch_operator_decorator.py
[2025-04-13T18:55:40.028+0000] {processor.py:830} INFO - Processing file /home/airflow/.local/lib/python3.8/site-packages/airflow/example_dags/example_branch_operator_decorator.py for tasks to queue
[2025-04-13T18:55:40.091+0000] {logging_mixin.py:188} INFO - [2025-04-13T18:55:40.090+0000] {dagbag.py:538} INFO - Filling up the DagBag from /home/airflow/.local/lib/python3.8/site-packages/airflow/example_dags/example_branch_operator_decorator.py
[2025-04-13T18:55:40.280+0000] {processor.py:840} INFO - DAG(s) 'example_branch_python_operator_decorator' retrieved from /home/airflow/.local/lib/python3.8/site-packages/airflow/example_dags/example_branch_operator_decorator.py
[2025-04-13T18:55:40.552+0000] {logging_mixin.py:188} INFO - [2025-04-13T18:55:40.552+0000] {dag.py:3036} INFO - Sync 1 DAGs
[2025-04-13T18:55:41.012+0000] {logging_mixin.py:188} INFO - [2025-04-13T18:55:41.001+0000] {dag.py:3823} INFO - Setting next_dagrun for example_branch_python_operator_decorator to 2025-04-12 00:00:00+00:00, run_after=2025-04-13 00:00:00+00:00
[2025-04-13T18:55:41.306+0000] {processor.py:183} INFO - Processing /home/airflow/.local/lib/python3.8/site-packages/airflow/example_dags/example_branch_operator_decorator.py took 1.472 seconds
[2025-04-13T18:56:11.547+0000] {processor.py:161} INFO - Started process (PID=12235) to work on /home/airflow/.local/lib/python3.8/site-packages/airflow/example_dags/example_branch_operator_decorator.py
[2025-04-13T18:56:11.550+0000] {processor.py:830} INFO - Processing file /home/airflow/.local/lib/python3.8/site-packages/airflow/example_dags/example_branch_operator_decorator.py for tasks to queue
[2025-04-13T18:56:11.554+0000] {logging_mixin.py:188} INFO - [2025-04-13T18:56:11.554+0000] {dagbag.py:538} INFO - Filling up the DagBag from /home/airflow/.local/lib/python3.8/site-packages/airflow/example_dags/example_branch_operator_decorator.py
[2025-04-13T18:56:11.605+0000] {processor.py:840} INFO - DAG(s) 'example_branch_python_operator_decorator' retrieved from /home/airflow/.local/lib/python3.8/site-packages/airflow/example_dags/example_branch_operator_decorator.py
[2025-04-13T18:56:11.672+0000] {logging_mixin.py:188} INFO - [2025-04-13T18:56:11.672+0000] {dag.py:3036} INFO - Sync 1 DAGs
[2025-04-13T18:56:11.759+0000] {logging_mixin.py:188} INFO - [2025-04-13T18:56:11.758+0000] {dag.py:3823} INFO - Setting next_dagrun for example_branch_python_operator_decorator to 2025-04-12 00:00:00+00:00, run_after=2025-04-13 00:00:00+00:00
[2025-04-13T18:56:11.791+0000] {processor.py:183} INFO - Processing /home/airflow/.local/lib/python3.8/site-packages/airflow/example_dags/example_branch_operator_decorator.py took 0.251 seconds
[2025-04-13T18:56:42.306+0000] {processor.py:161} INFO - Started process (PID=12290) to work on /home/airflow/.local/lib/python3.8/site-packages/airflow/example_dags/example_branch_operator_decorator.py
[2025-04-13T18:56:42.308+0000] {processor.py:830} INFO - Processing file /home/airflow/.local/lib/python3.8/site-packages/airflow/example_dags/example_branch_operator_decorator.py for tasks to queue
[2025-04-13T18:56:42.312+0000] {logging_mixin.py:188} INFO - [2025-04-13T18:56:42.312+0000] {dagbag.py:538} INFO - Filling up the DagBag from /home/airflow/.local/lib/python3.8/site-packages/airflow/example_dags/example_branch_operator_decorator.py
[2025-04-13T18:56:42.363+0000] {processor.py:840} INFO - DAG(s) 'example_branch_python_operator_decorator' retrieved from /home/airflow/.local/lib/python3.8/site-packages/airflow/example_dags/example_branch_operator_decorator.py
[2025-04-13T18:56:42.435+0000] {logging_mixin.py:188} INFO - [2025-04-13T18:56:42.434+0000] {dag.py:3036} INFO - Sync 1 DAGs
[2025-04-13T18:56:42.504+0000] {logging_mixin.py:188} INFO - [2025-04-13T18:56:42.504+0000] {dag.py:3823} INFO - Setting next_dagrun for example_branch_python_operator_decorator to 2025-04-12 00:00:00+00:00, run_after=2025-04-13 00:00:00+00:00
[2025-04-13T18:56:42.539+0000] {processor.py:183} INFO - Processing /home/airflow/.local/lib/python3.8/site-packages/airflow/example_dags/example_branch_operator_decorator.py took 0.239 seconds
[2025-04-13T18:57:12.612+0000] {processor.py:161} INFO - Started process (PID=12346) to work on /home/airflow/.local/lib/python3.8/site-packages/airflow/example_dags/example_branch_operator_decorator.py
[2025-04-13T18:57:12.613+0000] {processor.py:830} INFO - Processing file /home/airflow/.local/lib/python3.8/site-packages/airflow/example_dags/example_branch_operator_decorator.py for tasks to queue
[2025-04-13T18:57:12.615+0000] {logging_mixin.py:188} INFO - [2025-04-13T18:57:12.615+0000] {dagbag.py:538} INFO - Filling up the DagBag from /home/airflow/.local/lib/python3.8/site-packages/airflow/example_dags/example_branch_operator_decorator.py
[2025-04-13T18:57:12.647+0000] {processor.py:840} INFO - DAG(s) 'example_branch_python_operator_decorator' retrieved from /home/airflow/.local/lib/python3.8/site-packages/airflow/example_dags/example_branch_operator_decorator.py
[2025-04-13T18:57:12.685+0000] {logging_mixin.py:188} INFO - [2025-04-13T18:57:12.685+0000] {dag.py:3036} INFO - Sync 1 DAGs
[2025-04-13T18:57:12.715+0000] {logging_mixin.py:188} INFO - [2025-04-13T18:57:12.715+0000] {dag.py:3823} INFO - Setting next_dagrun for example_branch_python_operator_decorator to 2025-04-12 00:00:00+00:00, run_after=2025-04-13 00:00:00+00:00
[2025-04-13T18:57:12.747+0000] {processor.py:183} INFO - Processing /home/airflow/.local/lib/python3.8/site-packages/airflow/example_dags/example_branch_operator_decorator.py took 0.141 seconds
[2025-04-13T18:57:42.896+0000] {processor.py:161} INFO - Started process (PID=12402) to work on /home/airflow/.local/lib/python3.8/site-packages/airflow/example_dags/example_branch_operator_decorator.py
[2025-04-13T18:57:42.898+0000] {processor.py:830} INFO - Processing file /home/airflow/.local/lib/python3.8/site-packages/airflow/example_dags/example_branch_operator_decorator.py for tasks to queue
[2025-04-13T18:57:42.900+0000] {logging_mixin.py:188} INFO - [2025-04-13T18:57:42.900+0000] {dagbag.py:538} INFO - Filling up the DagBag from /home/airflow/.local/lib/python3.8/site-packages/airflow/example_dags/example_branch_operator_decorator.py
[2025-04-13T18:57:42.926+0000] {processor.py:840} INFO - DAG(s) 'example_branch_python_operator_decorator' retrieved from /home/airflow/.local/lib/python3.8/site-packages/airflow/example_dags/example_branch_operator_decorator.py
[2025-04-13T18:57:42.958+0000] {logging_mixin.py:188} INFO - [2025-04-13T18:57:42.958+0000] {dag.py:3036} INFO - Sync 1 DAGs
[2025-04-13T18:57:42.987+0000] {logging_mixin.py:188} INFO - [2025-04-13T18:57:42.987+0000] {dag.py:3823} INFO - Setting next_dagrun for example_branch_python_operator_decorator to 2025-04-12 00:00:00+00:00, run_after=2025-04-13 00:00:00+00:00
[2025-04-13T18:57:43.008+0000] {processor.py:183} INFO - Processing /home/airflow/.local/lib/python3.8/site-packages/airflow/example_dags/example_branch_operator_decorator.py took 0.115 seconds
[2025-04-13T18:58:13.602+0000] {processor.py:161} INFO - Started process (PID=12452) to work on /home/airflow/.local/lib/python3.8/site-packages/airflow/example_dags/example_branch_operator_decorator.py
[2025-04-13T18:58:13.604+0000] {processor.py:830} INFO - Processing file /home/airflow/.local/lib/python3.8/site-packages/airflow/example_dags/example_branch_operator_decorator.py for tasks to queue
[2025-04-13T18:58:13.606+0000] {logging_mixin.py:188} INFO - [2025-04-13T18:58:13.606+0000] {dagbag.py:538} INFO - Filling up the DagBag from /home/airflow/.local/lib/python3.8/site-packages/airflow/example_dags/example_branch_operator_decorator.py
[2025-04-13T18:58:13.635+0000] {processor.py:840} INFO - DAG(s) 'example_branch_python_operator_decorator' retrieved from /home/airflow/.local/lib/python3.8/site-packages/airflow/example_dags/example_branch_operator_decorator.py
[2025-04-13T18:58:13.663+0000] {logging_mixin.py:188} INFO - [2025-04-13T18:58:13.663+0000] {dag.py:3036} INFO - Sync 1 DAGs
[2025-04-13T18:58:13.693+0000] {logging_mixin.py:188} INFO - [2025-04-13T18:58:13.693+0000] {dag.py:3823} INFO - Setting next_dagrun for example_branch_python_operator_decorator to 2025-04-12 00:00:00+00:00, run_after=2025-04-13 00:00:00+00:00
[2025-04-13T18:58:13.717+0000] {processor.py:183} INFO - Processing /home/airflow/.local/lib/python3.8/site-packages/airflow/example_dags/example_branch_operator_decorator.py took 0.118 seconds
[2025-04-13T18:58:43.980+0000] {processor.py:161} INFO - Started process (PID=12509) to work on /home/airflow/.local/lib/python3.8/site-packages/airflow/example_dags/example_branch_operator_decorator.py
[2025-04-13T18:58:43.981+0000] {processor.py:830} INFO - Processing file /home/airflow/.local/lib/python3.8/site-packages/airflow/example_dags/example_branch_operator_decorator.py for tasks to queue
[2025-04-13T18:58:43.983+0000] {logging_mixin.py:188} INFO - [2025-04-13T18:58:43.983+0000] {dagbag.py:538} INFO - Filling up the DagBag from /home/airflow/.local/lib/python3.8/site-packages/airflow/example_dags/example_branch_operator_decorator.py
[2025-04-13T18:58:44.023+0000] {processor.py:840} INFO - DAG(s) 'example_branch_python_operator_decorator' retrieved from /home/airflow/.local/lib/python3.8/site-packages/airflow/example_dags/example_branch_operator_decorator.py
[2025-04-13T18:58:44.066+0000] {logging_mixin.py:188} INFO - [2025-04-13T18:58:44.066+0000] {dag.py:3036} INFO - Sync 1 DAGs
[2025-04-13T18:58:44.102+0000] {logging_mixin.py:188} INFO - [2025-04-13T18:58:44.101+0000] {dag.py:3823} INFO - Setting next_dagrun for example_branch_python_operator_decorator to 2025-04-12 00:00:00+00:00, run_after=2025-04-13 00:00:00+00:00
[2025-04-13T18:58:44.133+0000] {processor.py:183} INFO - Processing /home/airflow/.local/lib/python3.8/site-packages/airflow/example_dags/example_branch_operator_decorator.py took 0.159 seconds
[2025-04-13T18:59:14.700+0000] {processor.py:161} INFO - Started process (PID=12565) to work on /home/airflow/.local/lib/python3.8/site-packages/airflow/example_dags/example_branch_operator_decorator.py
[2025-04-13T18:59:14.702+0000] {processor.py:830} INFO - Processing file /home/airflow/.local/lib/python3.8/site-packages/airflow/example_dags/example_branch_operator_decorator.py for tasks to queue
[2025-04-13T18:59:14.704+0000] {logging_mixin.py:188} INFO - [2025-04-13T18:59:14.703+0000] {dagbag.py:538} INFO - Filling up the DagBag from /home/airflow/.local/lib/python3.8/site-packages/airflow/example_dags/example_branch_operator_decorator.py
[2025-04-13T18:59:14.738+0000] {processor.py:840} INFO - DAG(s) 'example_branch_python_operator_decorator' retrieved from /home/airflow/.local/lib/python3.8/site-packages/airflow/example_dags/example_branch_operator_decorator.py
[2025-04-13T18:59:14.775+0000] {logging_mixin.py:188} INFO - [2025-04-13T18:59:14.775+0000] {dag.py:3036} INFO - Sync 1 DAGs
[2025-04-13T18:59:14.807+0000] {logging_mixin.py:188} INFO - [2025-04-13T18:59:14.806+0000] {dag.py:3823} INFO - Setting next_dagrun for example_branch_python_operator_decorator to 2025-04-12 00:00:00+00:00, run_after=2025-04-13 00:00:00+00:00
[2025-04-13T18:59:14.838+0000] {processor.py:183} INFO - Processing /home/airflow/.local/lib/python3.8/site-packages/airflow/example_dags/example_branch_operator_decorator.py took 0.143 seconds
[2025-04-13T18:59:45.115+0000] {processor.py:161} INFO - Started process (PID=12621) to work on /home/airflow/.local/lib/python3.8/site-packages/airflow/example_dags/example_branch_operator_decorator.py
[2025-04-13T18:59:45.117+0000] {processor.py:830} INFO - Processing file /home/airflow/.local/lib/python3.8/site-packages/airflow/example_dags/example_branch_operator_decorator.py for tasks to queue
[2025-04-13T18:59:45.120+0000] {logging_mixin.py:188} INFO - [2025-04-13T18:59:45.119+0000] {dagbag.py:538} INFO - Filling up the DagBag from /home/airflow/.local/lib/python3.8/site-packages/airflow/example_dags/example_branch_operator_decorator.py
[2025-04-13T18:59:45.158+0000] {processor.py:840} INFO - DAG(s) 'example_branch_python_operator_decorator' retrieved from /home/airflow/.local/lib/python3.8/site-packages/airflow/example_dags/example_branch_operator_decorator.py
[2025-04-13T18:59:45.203+0000] {logging_mixin.py:188} INFO - [2025-04-13T18:59:45.202+0000] {dag.py:3036} INFO - Sync 1 DAGs
[2025-04-13T18:59:45.243+0000] {logging_mixin.py:188} INFO - [2025-04-13T18:59:45.242+0000] {dag.py:3823} INFO - Setting next_dagrun for example_branch_python_operator_decorator to 2025-04-12 00:00:00+00:00, run_after=2025-04-13 00:00:00+00:00
[2025-04-13T18:59:45.272+0000] {processor.py:183} INFO - Processing /home/airflow/.local/lib/python3.8/site-packages/airflow/example_dags/example_branch_operator_decorator.py took 0.161 seconds
[2025-04-13T19:00:16.239+0000] {processor.py:161} INFO - Started process (PID=12677) to work on /home/airflow/.local/lib/python3.8/site-packages/airflow/example_dags/example_branch_operator_decorator.py
[2025-04-13T19:00:16.249+0000] {processor.py:830} INFO - Processing file /home/airflow/.local/lib/python3.8/site-packages/airflow/example_dags/example_branch_operator_decorator.py for tasks to queue
[2025-04-13T19:00:16.252+0000] {logging_mixin.py:188} INFO - [2025-04-13T19:00:16.251+0000] {dagbag.py:538} INFO - Filling up the DagBag from /home/airflow/.local/lib/python3.8/site-packages/airflow/example_dags/example_branch_operator_decorator.py
[2025-04-13T19:00:16.327+0000] {processor.py:840} INFO - DAG(s) 'example_branch_python_operator_decorator' retrieved from /home/airflow/.local/lib/python3.8/site-packages/airflow/example_dags/example_branch_operator_decorator.py
[2025-04-13T19:00:16.364+0000] {logging_mixin.py:188} INFO - [2025-04-13T19:00:16.364+0000] {dag.py:3036} INFO - Sync 1 DAGs
[2025-04-13T19:00:16.397+0000] {logging_mixin.py:188} INFO - [2025-04-13T19:00:16.396+0000] {dag.py:3823} INFO - Setting next_dagrun for example_branch_python_operator_decorator to 2025-04-12 00:00:00+00:00, run_after=2025-04-13 00:00:00+00:00
[2025-04-13T19:00:16.426+0000] {processor.py:183} INFO - Processing /home/airflow/.local/lib/python3.8/site-packages/airflow/example_dags/example_branch_operator_decorator.py took 0.191 seconds
[2025-04-13T19:00:55.393+0000] {processor.py:161} INFO - Started process (PID=12724) to work on /home/airflow/.local/lib/python3.8/site-packages/airflow/example_dags/example_branch_operator_decorator.py
[2025-04-13T19:00:55.396+0000] {processor.py:830} INFO - Processing file /home/airflow/.local/lib/python3.8/site-packages/airflow/example_dags/example_branch_operator_decorator.py for tasks to queue
[2025-04-13T19:00:55.399+0000] {logging_mixin.py:188} INFO - [2025-04-13T19:00:55.399+0000] {dagbag.py:538} INFO - Filling up the DagBag from /home/airflow/.local/lib/python3.8/site-packages/airflow/example_dags/example_branch_operator_decorator.py
[2025-04-13T19:00:55.464+0000] {processor.py:840} INFO - DAG(s) 'example_branch_python_operator_decorator' retrieved from /home/airflow/.local/lib/python3.8/site-packages/airflow/example_dags/example_branch_operator_decorator.py
[2025-04-13T19:00:55.568+0000] {logging_mixin.py:188} INFO - [2025-04-13T19:00:55.567+0000] {dag.py:3036} INFO - Sync 1 DAGs
[2025-04-13T19:00:55.646+0000] {logging_mixin.py:188} INFO - [2025-04-13T19:00:55.646+0000] {dag.py:3823} INFO - Setting next_dagrun for example_branch_python_operator_decorator to 2025-04-12 00:00:00+00:00, run_after=2025-04-13 00:00:00+00:00
[2025-04-13T19:00:55.707+0000] {processor.py:183} INFO - Processing /home/airflow/.local/lib/python3.8/site-packages/airflow/example_dags/example_branch_operator_decorator.py took 0.322 seconds
[2025-04-13T19:01:25.767+0000] {processor.py:161} INFO - Started process (PID=12780) to work on /home/airflow/.local/lib/python3.8/site-packages/airflow/example_dags/example_branch_operator_decorator.py
[2025-04-13T19:01:25.769+0000] {processor.py:830} INFO - Processing file /home/airflow/.local/lib/python3.8/site-packages/airflow/example_dags/example_branch_operator_decorator.py for tasks to queue
[2025-04-13T19:01:25.771+0000] {logging_mixin.py:188} INFO - [2025-04-13T19:01:25.770+0000] {dagbag.py:538} INFO - Filling up the DagBag from /home/airflow/.local/lib/python3.8/site-packages/airflow/example_dags/example_branch_operator_decorator.py
[2025-04-13T19:01:25.803+0000] {processor.py:840} INFO - DAG(s) 'example_branch_python_operator_decorator' retrieved from /home/airflow/.local/lib/python3.8/site-packages/airflow/example_dags/example_branch_operator_decorator.py
[2025-04-13T19:01:25.838+0000] {logging_mixin.py:188} INFO - [2025-04-13T19:01:25.838+0000] {dag.py:3036} INFO - Sync 1 DAGs
[2025-04-13T19:01:25.867+0000] {logging_mixin.py:188} INFO - [2025-04-13T19:01:25.867+0000] {dag.py:3823} INFO - Setting next_dagrun for example_branch_python_operator_decorator to 2025-04-12 00:00:00+00:00, run_after=2025-04-13 00:00:00+00:00
[2025-04-13T19:01:25.896+0000] {processor.py:183} INFO - Processing /home/airflow/.local/lib/python3.8/site-packages/airflow/example_dags/example_branch_operator_decorator.py took 0.134 seconds
[2025-04-13T19:01:56.932+0000] {processor.py:161} INFO - Started process (PID=12836) to work on /home/airflow/.local/lib/python3.8/site-packages/airflow/example_dags/example_branch_operator_decorator.py
[2025-04-13T19:01:56.935+0000] {processor.py:830} INFO - Processing file /home/airflow/.local/lib/python3.8/site-packages/airflow/example_dags/example_branch_operator_decorator.py for tasks to queue
[2025-04-13T19:01:56.938+0000] {logging_mixin.py:188} INFO - [2025-04-13T19:01:56.937+0000] {dagbag.py:538} INFO - Filling up the DagBag from /home/airflow/.local/lib/python3.8/site-packages/airflow/example_dags/example_branch_operator_decorator.py
[2025-04-13T19:01:56.981+0000] {processor.py:840} INFO - DAG(s) 'example_branch_python_operator_decorator' retrieved from /home/airflow/.local/lib/python3.8/site-packages/airflow/example_dags/example_branch_operator_decorator.py
[2025-04-13T19:01:57.053+0000] {logging_mixin.py:188} INFO - [2025-04-13T19:01:57.053+0000] {dag.py:3036} INFO - Sync 1 DAGs
[2025-04-13T19:01:57.110+0000] {logging_mixin.py:188} INFO - [2025-04-13T19:01:57.110+0000] {dag.py:3823} INFO - Setting next_dagrun for example_branch_python_operator_decorator to 2025-04-12 00:00:00+00:00, run_after=2025-04-13 00:00:00+00:00
[2025-04-13T19:01:57.161+0000] {processor.py:183} INFO - Processing /home/airflow/.local/lib/python3.8/site-packages/airflow/example_dags/example_branch_operator_decorator.py took 0.235 seconds
[2025-04-13T19:02:28.076+0000] {processor.py:161} INFO - Started process (PID=12885) to work on /home/airflow/.local/lib/python3.8/site-packages/airflow/example_dags/example_branch_operator_decorator.py
[2025-04-13T19:02:28.078+0000] {processor.py:830} INFO - Processing file /home/airflow/.local/lib/python3.8/site-packages/airflow/example_dags/example_branch_operator_decorator.py for tasks to queue
[2025-04-13T19:02:28.081+0000] {logging_mixin.py:188} INFO - [2025-04-13T19:02:28.081+0000] {dagbag.py:538} INFO - Filling up the DagBag from /home/airflow/.local/lib/python3.8/site-packages/airflow/example_dags/example_branch_operator_decorator.py
[2025-04-13T19:02:28.130+0000] {processor.py:840} INFO - DAG(s) 'example_branch_python_operator_decorator' retrieved from /home/airflow/.local/lib/python3.8/site-packages/airflow/example_dags/example_branch_operator_decorator.py
[2025-04-13T19:02:28.200+0000] {logging_mixin.py:188} INFO - [2025-04-13T19:02:28.200+0000] {dag.py:3036} INFO - Sync 1 DAGs
[2025-04-13T19:02:28.249+0000] {logging_mixin.py:188} INFO - [2025-04-13T19:02:28.248+0000] {dag.py:3823} INFO - Setting next_dagrun for example_branch_python_operator_decorator to 2025-04-12 00:00:00+00:00, run_after=2025-04-13 00:00:00+00:00
[2025-04-13T19:02:28.295+0000] {processor.py:183} INFO - Processing /home/airflow/.local/lib/python3.8/site-packages/airflow/example_dags/example_branch_operator_decorator.py took 0.223 seconds
[2025-04-13T19:02:59.213+0000] {processor.py:161} INFO - Started process (PID=12916) to work on /home/airflow/.local/lib/python3.8/site-packages/airflow/example_dags/example_branch_operator_decorator.py
[2025-04-13T19:02:59.215+0000] {processor.py:830} INFO - Processing file /home/airflow/.local/lib/python3.8/site-packages/airflow/example_dags/example_branch_operator_decorator.py for tasks to queue
[2025-04-13T19:02:59.219+0000] {logging_mixin.py:188} INFO - [2025-04-13T19:02:59.218+0000] {dagbag.py:538} INFO - Filling up the DagBag from /home/airflow/.local/lib/python3.8/site-packages/airflow/example_dags/example_branch_operator_decorator.py
[2025-04-13T19:02:59.258+0000] {processor.py:840} INFO - DAG(s) 'example_branch_python_operator_decorator' retrieved from /home/airflow/.local/lib/python3.8/site-packages/airflow/example_dags/example_branch_operator_decorator.py
[2025-04-13T19:02:59.289+0000] {logging_mixin.py:188} INFO - [2025-04-13T19:02:59.289+0000] {dag.py:3036} INFO - Sync 1 DAGs
[2025-04-13T19:02:59.315+0000] {logging_mixin.py:188} INFO - [2025-04-13T19:02:59.315+0000] {dag.py:3823} INFO - Setting next_dagrun for example_branch_python_operator_decorator to 2025-04-12 00:00:00+00:00, run_after=2025-04-13 00:00:00+00:00
[2025-04-13T19:02:59.340+0000] {processor.py:183} INFO - Processing /home/airflow/.local/lib/python3.8/site-packages/airflow/example_dags/example_branch_operator_decorator.py took 0.131 seconds
[2025-04-13T19:03:32.117+0000] {processor.py:161} INFO - Started process (PID=12973) to work on /home/airflow/.local/lib/python3.8/site-packages/airflow/example_dags/example_branch_operator_decorator.py
[2025-04-13T19:03:32.119+0000] {processor.py:830} INFO - Processing file /home/airflow/.local/lib/python3.8/site-packages/airflow/example_dags/example_branch_operator_decorator.py for tasks to queue
[2025-04-13T19:03:32.123+0000] {logging_mixin.py:188} INFO - [2025-04-13T19:03:32.122+0000] {dagbag.py:538} INFO - Filling up the DagBag from /home/airflow/.local/lib/python3.8/site-packages/airflow/example_dags/example_branch_operator_decorator.py
[2025-04-13T19:03:32.157+0000] {processor.py:840} INFO - DAG(s) 'example_branch_python_operator_decorator' retrieved from /home/airflow/.local/lib/python3.8/site-packages/airflow/example_dags/example_branch_operator_decorator.py
[2025-04-13T19:03:32.195+0000] {logging_mixin.py:188} INFO - [2025-04-13T19:03:32.195+0000] {dag.py:3036} INFO - Sync 1 DAGs
[2025-04-13T19:03:32.265+0000] {logging_mixin.py:188} INFO - [2025-04-13T19:03:32.265+0000] {dag.py:3823} INFO - Setting next_dagrun for example_branch_python_operator_decorator to 2025-04-12 00:00:00+00:00, run_after=2025-04-13 00:00:00+00:00
[2025-04-13T19:03:32.315+0000] {processor.py:183} INFO - Processing /home/airflow/.local/lib/python3.8/site-packages/airflow/example_dags/example_branch_operator_decorator.py took 0.202 seconds
[2025-04-13T19:04:05.526+0000] {processor.py:161} INFO - Started process (PID=13029) to work on /home/airflow/.local/lib/python3.8/site-packages/airflow/example_dags/example_branch_operator_decorator.py
[2025-04-13T19:04:05.555+0000] {processor.py:830} INFO - Processing file /home/airflow/.local/lib/python3.8/site-packages/airflow/example_dags/example_branch_operator_decorator.py for tasks to queue
[2025-04-13T19:04:05.604+0000] {logging_mixin.py:188} INFO - [2025-04-13T19:04:05.603+0000] {dagbag.py:538} INFO - Filling up the DagBag from /home/airflow/.local/lib/python3.8/site-packages/airflow/example_dags/example_branch_operator_decorator.py
[2025-04-13T19:04:05.781+0000] {processor.py:840} INFO - DAG(s) 'example_branch_python_operator_decorator' retrieved from /home/airflow/.local/lib/python3.8/site-packages/airflow/example_dags/example_branch_operator_decorator.py
[2025-04-13T19:04:05.881+0000] {logging_mixin.py:188} INFO - [2025-04-13T19:04:05.880+0000] {dag.py:3036} INFO - Sync 1 DAGs
[2025-04-13T19:04:05.917+0000] {logging_mixin.py:188} INFO - [2025-04-13T19:04:05.917+0000] {dag.py:3823} INFO - Setting next_dagrun for example_branch_python_operator_decorator to 2025-04-12 00:00:00+00:00, run_after=2025-04-13 00:00:00+00:00
[2025-04-13T19:04:05.954+0000] {processor.py:183} INFO - Processing /home/airflow/.local/lib/python3.8/site-packages/airflow/example_dags/example_branch_operator_decorator.py took 0.432 seconds
[2025-04-13T19:04:38.989+0000] {processor.py:161} INFO - Started process (PID=13086) to work on /home/airflow/.local/lib/python3.8/site-packages/airflow/example_dags/example_branch_operator_decorator.py
[2025-04-13T19:04:38.996+0000] {processor.py:830} INFO - Processing file /home/airflow/.local/lib/python3.8/site-packages/airflow/example_dags/example_branch_operator_decorator.py for tasks to queue
[2025-04-13T19:04:38.998+0000] {logging_mixin.py:188} INFO - [2025-04-13T19:04:38.998+0000] {dagbag.py:538} INFO - Filling up the DagBag from /home/airflow/.local/lib/python3.8/site-packages/airflow/example_dags/example_branch_operator_decorator.py
[2025-04-13T19:04:39.056+0000] {processor.py:840} INFO - DAG(s) 'example_branch_python_operator_decorator' retrieved from /home/airflow/.local/lib/python3.8/site-packages/airflow/example_dags/example_branch_operator_decorator.py
[2025-04-13T19:04:39.113+0000] {logging_mixin.py:188} INFO - [2025-04-13T19:04:39.113+0000] {dag.py:3036} INFO - Sync 1 DAGs
[2025-04-13T19:04:39.153+0000] {logging_mixin.py:188} INFO - [2025-04-13T19:04:39.153+0000] {dag.py:3823} INFO - Setting next_dagrun for example_branch_python_operator_decorator to 2025-04-12 00:00:00+00:00, run_after=2025-04-13 00:00:00+00:00
[2025-04-13T19:04:39.188+0000] {processor.py:183} INFO - Processing /home/airflow/.local/lib/python3.8/site-packages/airflow/example_dags/example_branch_operator_decorator.py took 0.204 seconds
[2025-04-13T19:05:12.036+0000] {processor.py:161} INFO - Started process (PID=13142) to work on /home/airflow/.local/lib/python3.8/site-packages/airflow/example_dags/example_branch_operator_decorator.py
[2025-04-13T19:05:12.038+0000] {processor.py:830} INFO - Processing file /home/airflow/.local/lib/python3.8/site-packages/airflow/example_dags/example_branch_operator_decorator.py for tasks to queue
[2025-04-13T19:05:12.041+0000] {logging_mixin.py:188} INFO - [2025-04-13T19:05:12.040+0000] {dagbag.py:538} INFO - Filling up the DagBag from /home/airflow/.local/lib/python3.8/site-packages/airflow/example_dags/example_branch_operator_decorator.py
[2025-04-13T19:05:12.084+0000] {processor.py:840} INFO - DAG(s) 'example_branch_python_operator_decorator' retrieved from /home/airflow/.local/lib/python3.8/site-packages/airflow/example_dags/example_branch_operator_decorator.py
[2025-04-13T19:05:12.133+0000] {logging_mixin.py:188} INFO - [2025-04-13T19:05:12.133+0000] {dag.py:3036} INFO - Sync 1 DAGs
[2025-04-13T19:05:12.167+0000] {logging_mixin.py:188} INFO - [2025-04-13T19:05:12.166+0000] {dag.py:3823} INFO - Setting next_dagrun for example_branch_python_operator_decorator to 2025-04-12 00:00:00+00:00, run_after=2025-04-13 00:00:00+00:00
[2025-04-13T19:05:12.235+0000] {processor.py:183} INFO - Processing /home/airflow/.local/lib/python3.8/site-packages/airflow/example_dags/example_branch_operator_decorator.py took 0.204 seconds
[2025-04-13T19:05:45.424+0000] {processor.py:161} INFO - Started process (PID=13198) to work on /home/airflow/.local/lib/python3.8/site-packages/airflow/example_dags/example_branch_operator_decorator.py
[2025-04-13T19:05:45.425+0000] {processor.py:830} INFO - Processing file /home/airflow/.local/lib/python3.8/site-packages/airflow/example_dags/example_branch_operator_decorator.py for tasks to queue
[2025-04-13T19:05:45.428+0000] {logging_mixin.py:188} INFO - [2025-04-13T19:05:45.428+0000] {dagbag.py:538} INFO - Filling up the DagBag from /home/airflow/.local/lib/python3.8/site-packages/airflow/example_dags/example_branch_operator_decorator.py
[2025-04-13T19:05:45.466+0000] {processor.py:840} INFO - DAG(s) 'example_branch_python_operator_decorator' retrieved from /home/airflow/.local/lib/python3.8/site-packages/airflow/example_dags/example_branch_operator_decorator.py
[2025-04-13T19:05:45.518+0000] {logging_mixin.py:188} INFO - [2025-04-13T19:05:45.517+0000] {dag.py:3036} INFO - Sync 1 DAGs
[2025-04-13T19:05:45.556+0000] {logging_mixin.py:188} INFO - [2025-04-13T19:05:45.555+0000] {dag.py:3823} INFO - Setting next_dagrun for example_branch_python_operator_decorator to 2025-04-12 00:00:00+00:00, run_after=2025-04-13 00:00:00+00:00
[2025-04-13T19:05:45.600+0000] {processor.py:183} INFO - Processing /home/airflow/.local/lib/python3.8/site-packages/airflow/example_dags/example_branch_operator_decorator.py took 0.181 seconds
[2025-04-13T19:06:18.730+0000] {processor.py:161} INFO - Started process (PID=13254) to work on /home/airflow/.local/lib/python3.8/site-packages/airflow/example_dags/example_branch_operator_decorator.py
[2025-04-13T19:06:18.731+0000] {processor.py:830} INFO - Processing file /home/airflow/.local/lib/python3.8/site-packages/airflow/example_dags/example_branch_operator_decorator.py for tasks to queue
[2025-04-13T19:06:18.734+0000] {logging_mixin.py:188} INFO - [2025-04-13T19:06:18.733+0000] {dagbag.py:538} INFO - Filling up the DagBag from /home/airflow/.local/lib/python3.8/site-packages/airflow/example_dags/example_branch_operator_decorator.py
[2025-04-13T19:06:18.772+0000] {processor.py:840} INFO - DAG(s) 'example_branch_python_operator_decorator' retrieved from /home/airflow/.local/lib/python3.8/site-packages/airflow/example_dags/example_branch_operator_decorator.py
[2025-04-13T19:06:18.805+0000] {logging_mixin.py:188} INFO - [2025-04-13T19:06:18.804+0000] {dag.py:3036} INFO - Sync 1 DAGs
[2025-04-13T19:06:18.839+0000] {logging_mixin.py:188} INFO - [2025-04-13T19:06:18.839+0000] {dag.py:3823} INFO - Setting next_dagrun for example_branch_python_operator_decorator to 2025-04-12 00:00:00+00:00, run_after=2025-04-13 00:00:00+00:00
[2025-04-13T19:06:18.867+0000] {processor.py:183} INFO - Processing /home/airflow/.local/lib/python3.8/site-packages/airflow/example_dags/example_branch_operator_decorator.py took 0.142 seconds
[2025-04-13T19:06:52.295+0000] {processor.py:161} INFO - Started process (PID=13309) to work on /home/airflow/.local/lib/python3.8/site-packages/airflow/example_dags/example_branch_operator_decorator.py
[2025-04-13T19:06:52.297+0000] {processor.py:830} INFO - Processing file /home/airflow/.local/lib/python3.8/site-packages/airflow/example_dags/example_branch_operator_decorator.py for tasks to queue
[2025-04-13T19:06:52.299+0000] {logging_mixin.py:188} INFO - [2025-04-13T19:06:52.299+0000] {dagbag.py:538} INFO - Filling up the DagBag from /home/airflow/.local/lib/python3.8/site-packages/airflow/example_dags/example_branch_operator_decorator.py
[2025-04-13T19:06:52.329+0000] {processor.py:840} INFO - DAG(s) 'example_branch_python_operator_decorator' retrieved from /home/airflow/.local/lib/python3.8/site-packages/airflow/example_dags/example_branch_operator_decorator.py
[2025-04-13T19:06:52.365+0000] {logging_mixin.py:188} INFO - [2025-04-13T19:06:52.365+0000] {dag.py:3036} INFO - Sync 1 DAGs
[2025-04-13T19:06:52.395+0000] {logging_mixin.py:188} INFO - [2025-04-13T19:06:52.394+0000] {dag.py:3823} INFO - Setting next_dagrun for example_branch_python_operator_decorator to 2025-04-12 00:00:00+00:00, run_after=2025-04-13 00:00:00+00:00
[2025-04-13T19:06:52.428+0000] {processor.py:183} INFO - Processing /home/airflow/.local/lib/python3.8/site-packages/airflow/example_dags/example_branch_operator_decorator.py took 0.137 seconds
[2025-04-13T19:07:25.504+0000] {processor.py:161} INFO - Started process (PID=13365) to work on /home/airflow/.local/lib/python3.8/site-packages/airflow/example_dags/example_branch_operator_decorator.py
[2025-04-13T19:07:25.506+0000] {processor.py:830} INFO - Processing file /home/airflow/.local/lib/python3.8/site-packages/airflow/example_dags/example_branch_operator_decorator.py for tasks to queue
[2025-04-13T19:07:25.509+0000] {logging_mixin.py:188} INFO - [2025-04-13T19:07:25.508+0000] {dagbag.py:538} INFO - Filling up the DagBag from /home/airflow/.local/lib/python3.8/site-packages/airflow/example_dags/example_branch_operator_decorator.py
[2025-04-13T19:07:25.552+0000] {processor.py:840} INFO - DAG(s) 'example_branch_python_operator_decorator' retrieved from /home/airflow/.local/lib/python3.8/site-packages/airflow/example_dags/example_branch_operator_decorator.py
[2025-04-13T19:07:25.594+0000] {logging_mixin.py:188} INFO - [2025-04-13T19:07:25.593+0000] {dag.py:3036} INFO - Sync 1 DAGs
[2025-04-13T19:07:25.684+0000] {logging_mixin.py:188} INFO - [2025-04-13T19:07:25.683+0000] {dag.py:3823} INFO - Setting next_dagrun for example_branch_python_operator_decorator to 2025-04-12 00:00:00+00:00, run_after=2025-04-13 00:00:00+00:00
[2025-04-13T19:07:25.741+0000] {processor.py:183} INFO - Processing /home/airflow/.local/lib/python3.8/site-packages/airflow/example_dags/example_branch_operator_decorator.py took 0.242 seconds
[2025-04-13T19:07:59.165+0000] {processor.py:161} INFO - Started process (PID=13420) to work on /home/airflow/.local/lib/python3.8/site-packages/airflow/example_dags/example_branch_operator_decorator.py
[2025-04-13T19:07:59.167+0000] {processor.py:830} INFO - Processing file /home/airflow/.local/lib/python3.8/site-packages/airflow/example_dags/example_branch_operator_decorator.py for tasks to queue
[2025-04-13T19:07:59.173+0000] {logging_mixin.py:188} INFO - [2025-04-13T19:07:59.172+0000] {dagbag.py:538} INFO - Filling up the DagBag from /home/airflow/.local/lib/python3.8/site-packages/airflow/example_dags/example_branch_operator_decorator.py
[2025-04-13T19:07:59.214+0000] {processor.py:840} INFO - DAG(s) 'example_branch_python_operator_decorator' retrieved from /home/airflow/.local/lib/python3.8/site-packages/airflow/example_dags/example_branch_operator_decorator.py
[2025-04-13T19:07:59.250+0000] {logging_mixin.py:188} INFO - [2025-04-13T19:07:59.250+0000] {dag.py:3036} INFO - Sync 1 DAGs
[2025-04-13T19:07:59.276+0000] {logging_mixin.py:188} INFO - [2025-04-13T19:07:59.276+0000] {dag.py:3823} INFO - Setting next_dagrun for example_branch_python_operator_decorator to 2025-04-12 00:00:00+00:00, run_after=2025-04-13 00:00:00+00:00
[2025-04-13T19:07:59.309+0000] {processor.py:183} INFO - Processing /home/airflow/.local/lib/python3.8/site-packages/airflow/example_dags/example_branch_operator_decorator.py took 0.148 seconds
[2025-04-13T19:08:32.300+0000] {processor.py:161} INFO - Started process (PID=13476) to work on /home/airflow/.local/lib/python3.8/site-packages/airflow/example_dags/example_branch_operator_decorator.py
[2025-04-13T19:08:32.302+0000] {processor.py:830} INFO - Processing file /home/airflow/.local/lib/python3.8/site-packages/airflow/example_dags/example_branch_operator_decorator.py for tasks to queue
[2025-04-13T19:08:32.304+0000] {logging_mixin.py:188} INFO - [2025-04-13T19:08:32.304+0000] {dagbag.py:538} INFO - Filling up the DagBag from /home/airflow/.local/lib/python3.8/site-packages/airflow/example_dags/example_branch_operator_decorator.py
[2025-04-13T19:08:32.345+0000] {processor.py:840} INFO - DAG(s) 'example_branch_python_operator_decorator' retrieved from /home/airflow/.local/lib/python3.8/site-packages/airflow/example_dags/example_branch_operator_decorator.py
[2025-04-13T19:08:32.385+0000] {logging_mixin.py:188} INFO - [2025-04-13T19:08:32.385+0000] {dag.py:3036} INFO - Sync 1 DAGs
[2025-04-13T19:08:32.420+0000] {logging_mixin.py:188} INFO - [2025-04-13T19:08:32.420+0000] {dag.py:3823} INFO - Setting next_dagrun for example_branch_python_operator_decorator to 2025-04-12 00:00:00+00:00, run_after=2025-04-13 00:00:00+00:00
[2025-04-13T19:08:32.452+0000] {processor.py:183} INFO - Processing /home/airflow/.local/lib/python3.8/site-packages/airflow/example_dags/example_branch_operator_decorator.py took 0.157 seconds
[2025-04-13T19:09:05.666+0000] {processor.py:161} INFO - Started process (PID=13532) to work on /home/airflow/.local/lib/python3.8/site-packages/airflow/example_dags/example_branch_operator_decorator.py
[2025-04-13T19:09:05.669+0000] {processor.py:830} INFO - Processing file /home/airflow/.local/lib/python3.8/site-packages/airflow/example_dags/example_branch_operator_decorator.py for tasks to queue
[2025-04-13T19:09:05.672+0000] {logging_mixin.py:188} INFO - [2025-04-13T19:09:05.671+0000] {dagbag.py:538} INFO - Filling up the DagBag from /home/airflow/.local/lib/python3.8/site-packages/airflow/example_dags/example_branch_operator_decorator.py
[2025-04-13T19:09:05.707+0000] {processor.py:840} INFO - DAG(s) 'example_branch_python_operator_decorator' retrieved from /home/airflow/.local/lib/python3.8/site-packages/airflow/example_dags/example_branch_operator_decorator.py
[2025-04-13T19:09:05.745+0000] {logging_mixin.py:188} INFO - [2025-04-13T19:09:05.745+0000] {dag.py:3036} INFO - Sync 1 DAGs
[2025-04-13T19:09:05.775+0000] {logging_mixin.py:188} INFO - [2025-04-13T19:09:05.774+0000] {dag.py:3823} INFO - Setting next_dagrun for example_branch_python_operator_decorator to 2025-04-12 00:00:00+00:00, run_after=2025-04-13 00:00:00+00:00
[2025-04-13T19:09:05.805+0000] {processor.py:183} INFO - Processing /home/airflow/.local/lib/python3.8/site-packages/airflow/example_dags/example_branch_operator_decorator.py took 0.143 seconds
[2025-04-13T19:09:38.818+0000] {processor.py:161} INFO - Started process (PID=13588) to work on /home/airflow/.local/lib/python3.8/site-packages/airflow/example_dags/example_branch_operator_decorator.py
[2025-04-13T19:09:38.819+0000] {processor.py:830} INFO - Processing file /home/airflow/.local/lib/python3.8/site-packages/airflow/example_dags/example_branch_operator_decorator.py for tasks to queue
[2025-04-13T19:09:38.821+0000] {logging_mixin.py:188} INFO - [2025-04-13T19:09:38.821+0000] {dagbag.py:538} INFO - Filling up the DagBag from /home/airflow/.local/lib/python3.8/site-packages/airflow/example_dags/example_branch_operator_decorator.py
[2025-04-13T19:09:38.854+0000] {processor.py:840} INFO - DAG(s) 'example_branch_python_operator_decorator' retrieved from /home/airflow/.local/lib/python3.8/site-packages/airflow/example_dags/example_branch_operator_decorator.py
[2025-04-13T19:09:38.887+0000] {logging_mixin.py:188} INFO - [2025-04-13T19:09:38.886+0000] {dag.py:3036} INFO - Sync 1 DAGs
[2025-04-13T19:09:38.919+0000] {logging_mixin.py:188} INFO - [2025-04-13T19:09:38.918+0000] {dag.py:3823} INFO - Setting next_dagrun for example_branch_python_operator_decorator to 2025-04-12 00:00:00+00:00, run_after=2025-04-13 00:00:00+00:00
[2025-04-13T19:09:38.947+0000] {processor.py:183} INFO - Processing /home/airflow/.local/lib/python3.8/site-packages/airflow/example_dags/example_branch_operator_decorator.py took 0.132 seconds
[2025-04-13T19:10:12.243+0000] {processor.py:161} INFO - Started process (PID=13644) to work on /home/airflow/.local/lib/python3.8/site-packages/airflow/example_dags/example_branch_operator_decorator.py
[2025-04-13T19:10:12.245+0000] {processor.py:830} INFO - Processing file /home/airflow/.local/lib/python3.8/site-packages/airflow/example_dags/example_branch_operator_decorator.py for tasks to queue
[2025-04-13T19:10:12.248+0000] {logging_mixin.py:188} INFO - [2025-04-13T19:10:12.248+0000] {dagbag.py:538} INFO - Filling up the DagBag from /home/airflow/.local/lib/python3.8/site-packages/airflow/example_dags/example_branch_operator_decorator.py
[2025-04-13T19:10:12.296+0000] {processor.py:840} INFO - DAG(s) 'example_branch_python_operator_decorator' retrieved from /home/airflow/.local/lib/python3.8/site-packages/airflow/example_dags/example_branch_operator_decorator.py
[2025-04-13T19:10:12.339+0000] {logging_mixin.py:188} INFO - [2025-04-13T19:10:12.338+0000] {dag.py:3036} INFO - Sync 1 DAGs
[2025-04-13T19:10:12.377+0000] {logging_mixin.py:188} INFO - [2025-04-13T19:10:12.377+0000] {dag.py:3823} INFO - Setting next_dagrun for example_branch_python_operator_decorator to 2025-04-12 00:00:00+00:00, run_after=2025-04-13 00:00:00+00:00
[2025-04-13T19:10:12.415+0000] {processor.py:183} INFO - Processing /home/airflow/.local/lib/python3.8/site-packages/airflow/example_dags/example_branch_operator_decorator.py took 0.177 seconds
[2025-04-13T19:10:45.885+0000] {processor.py:161} INFO - Started process (PID=13700) to work on /home/airflow/.local/lib/python3.8/site-packages/airflow/example_dags/example_branch_operator_decorator.py
[2025-04-13T19:10:45.886+0000] {processor.py:830} INFO - Processing file /home/airflow/.local/lib/python3.8/site-packages/airflow/example_dags/example_branch_operator_decorator.py for tasks to queue
[2025-04-13T19:10:45.888+0000] {logging_mixin.py:188} INFO - [2025-04-13T19:10:45.888+0000] {dagbag.py:538} INFO - Filling up the DagBag from /home/airflow/.local/lib/python3.8/site-packages/airflow/example_dags/example_branch_operator_decorator.py
[2025-04-13T19:10:45.933+0000] {processor.py:840} INFO - DAG(s) 'example_branch_python_operator_decorator' retrieved from /home/airflow/.local/lib/python3.8/site-packages/airflow/example_dags/example_branch_operator_decorator.py
[2025-04-13T19:10:45.971+0000] {logging_mixin.py:188} INFO - [2025-04-13T19:10:45.971+0000] {dag.py:3036} INFO - Sync 1 DAGs
[2025-04-13T19:10:46.004+0000] {logging_mixin.py:188} INFO - [2025-04-13T19:10:46.004+0000] {dag.py:3823} INFO - Setting next_dagrun for example_branch_python_operator_decorator to 2025-04-12 00:00:00+00:00, run_after=2025-04-13 00:00:00+00:00
[2025-04-13T19:10:46.042+0000] {processor.py:183} INFO - Processing /home/airflow/.local/lib/python3.8/site-packages/airflow/example_dags/example_branch_operator_decorator.py took 0.163 seconds
[2025-04-13T19:11:18.932+0000] {processor.py:161} INFO - Started process (PID=13756) to work on /home/airflow/.local/lib/python3.8/site-packages/airflow/example_dags/example_branch_operator_decorator.py
[2025-04-13T19:11:18.938+0000] {processor.py:830} INFO - Processing file /home/airflow/.local/lib/python3.8/site-packages/airflow/example_dags/example_branch_operator_decorator.py for tasks to queue
[2025-04-13T19:11:18.944+0000] {logging_mixin.py:188} INFO - [2025-04-13T19:11:18.943+0000] {dagbag.py:538} INFO - Filling up the DagBag from /home/airflow/.local/lib/python3.8/site-packages/airflow/example_dags/example_branch_operator_decorator.py
[2025-04-13T19:11:18.999+0000] {processor.py:840} INFO - DAG(s) 'example_branch_python_operator_decorator' retrieved from /home/airflow/.local/lib/python3.8/site-packages/airflow/example_dags/example_branch_operator_decorator.py
[2025-04-13T19:11:19.057+0000] {logging_mixin.py:188} INFO - [2025-04-13T19:11:19.057+0000] {dag.py:3036} INFO - Sync 1 DAGs
[2025-04-13T19:11:19.127+0000] {logging_mixin.py:188} INFO - [2025-04-13T19:11:19.127+0000] {dag.py:3823} INFO - Setting next_dagrun for example_branch_python_operator_decorator to 2025-04-12 00:00:00+00:00, run_after=2025-04-13 00:00:00+00:00
[2025-04-13T19:11:19.203+0000] {processor.py:183} INFO - Processing /home/airflow/.local/lib/python3.8/site-packages/airflow/example_dags/example_branch_operator_decorator.py took 0.276 seconds
[2025-04-13T19:11:52.549+0000] {processor.py:161} INFO - Started process (PID=13812) to work on /home/airflow/.local/lib/python3.8/site-packages/airflow/example_dags/example_branch_operator_decorator.py
[2025-04-13T19:11:52.550+0000] {processor.py:830} INFO - Processing file /home/airflow/.local/lib/python3.8/site-packages/airflow/example_dags/example_branch_operator_decorator.py for tasks to queue
[2025-04-13T19:11:52.553+0000] {logging_mixin.py:188} INFO - [2025-04-13T19:11:52.553+0000] {dagbag.py:538} INFO - Filling up the DagBag from /home/airflow/.local/lib/python3.8/site-packages/airflow/example_dags/example_branch_operator_decorator.py
[2025-04-13T19:11:52.594+0000] {processor.py:840} INFO - DAG(s) 'example_branch_python_operator_decorator' retrieved from /home/airflow/.local/lib/python3.8/site-packages/airflow/example_dags/example_branch_operator_decorator.py
[2025-04-13T19:11:52.675+0000] {logging_mixin.py:188} INFO - [2025-04-13T19:11:52.675+0000] {dag.py:3036} INFO - Sync 1 DAGs
[2025-04-13T19:11:52.752+0000] {logging_mixin.py:188} INFO - [2025-04-13T19:11:52.752+0000] {dag.py:3823} INFO - Setting next_dagrun for example_branch_python_operator_decorator to 2025-04-12 00:00:00+00:00, run_after=2025-04-13 00:00:00+00:00
[2025-04-13T19:11:52.818+0000] {processor.py:183} INFO - Processing /home/airflow/.local/lib/python3.8/site-packages/airflow/example_dags/example_branch_operator_decorator.py took 0.277 seconds
[2025-04-13T19:12:25.470+0000] {processor.py:161} INFO - Started process (PID=13868) to work on /home/airflow/.local/lib/python3.8/site-packages/airflow/example_dags/example_branch_operator_decorator.py
[2025-04-13T19:12:25.475+0000] {processor.py:830} INFO - Processing file /home/airflow/.local/lib/python3.8/site-packages/airflow/example_dags/example_branch_operator_decorator.py for tasks to queue
[2025-04-13T19:12:25.478+0000] {logging_mixin.py:188} INFO - [2025-04-13T19:12:25.478+0000] {dagbag.py:538} INFO - Filling up the DagBag from /home/airflow/.local/lib/python3.8/site-packages/airflow/example_dags/example_branch_operator_decorator.py
[2025-04-13T19:12:25.549+0000] {processor.py:840} INFO - DAG(s) 'example_branch_python_operator_decorator' retrieved from /home/airflow/.local/lib/python3.8/site-packages/airflow/example_dags/example_branch_operator_decorator.py
[2025-04-13T19:12:25.671+0000] {logging_mixin.py:188} INFO - [2025-04-13T19:12:25.662+0000] {dag.py:3036} INFO - Sync 1 DAGs
[2025-04-13T19:12:25.812+0000] {logging_mixin.py:188} INFO - [2025-04-13T19:12:25.811+0000] {dag.py:3823} INFO - Setting next_dagrun for example_branch_python_operator_decorator to 2025-04-12 00:00:00+00:00, run_after=2025-04-13 00:00:00+00:00
[2025-04-13T19:12:25.958+0000] {processor.py:183} INFO - Processing /home/airflow/.local/lib/python3.8/site-packages/airflow/example_dags/example_branch_operator_decorator.py took 0.493 seconds
[2025-04-13T19:12:58.924+0000] {processor.py:161} INFO - Started process (PID=13924) to work on /home/airflow/.local/lib/python3.8/site-packages/airflow/example_dags/example_branch_operator_decorator.py
[2025-04-13T19:12:58.925+0000] {processor.py:830} INFO - Processing file /home/airflow/.local/lib/python3.8/site-packages/airflow/example_dags/example_branch_operator_decorator.py for tasks to queue
[2025-04-13T19:12:58.928+0000] {logging_mixin.py:188} INFO - [2025-04-13T19:12:58.927+0000] {dagbag.py:538} INFO - Filling up the DagBag from /home/airflow/.local/lib/python3.8/site-packages/airflow/example_dags/example_branch_operator_decorator.py
[2025-04-13T19:12:58.958+0000] {processor.py:840} INFO - DAG(s) 'example_branch_python_operator_decorator' retrieved from /home/airflow/.local/lib/python3.8/site-packages/airflow/example_dags/example_branch_operator_decorator.py
[2025-04-13T19:12:58.991+0000] {logging_mixin.py:188} INFO - [2025-04-13T19:12:58.991+0000] {dag.py:3036} INFO - Sync 1 DAGs
[2025-04-13T19:12:59.018+0000] {logging_mixin.py:188} INFO - [2025-04-13T19:12:59.017+0000] {dag.py:3823} INFO - Setting next_dagrun for example_branch_python_operator_decorator to 2025-04-12 00:00:00+00:00, run_after=2025-04-13 00:00:00+00:00
[2025-04-13T19:12:59.044+0000] {processor.py:183} INFO - Processing /home/airflow/.local/lib/python3.8/site-packages/airflow/example_dags/example_branch_operator_decorator.py took 0.125 seconds
[2025-04-13T19:13:32.113+0000] {processor.py:161} INFO - Started process (PID=13980) to work on /home/airflow/.local/lib/python3.8/site-packages/airflow/example_dags/example_branch_operator_decorator.py
[2025-04-13T19:13:32.114+0000] {processor.py:830} INFO - Processing file /home/airflow/.local/lib/python3.8/site-packages/airflow/example_dags/example_branch_operator_decorator.py for tasks to queue
[2025-04-13T19:13:32.117+0000] {logging_mixin.py:188} INFO - [2025-04-13T19:13:32.116+0000] {dagbag.py:538} INFO - Filling up the DagBag from /home/airflow/.local/lib/python3.8/site-packages/airflow/example_dags/example_branch_operator_decorator.py
[2025-04-13T19:13:32.145+0000] {processor.py:840} INFO - DAG(s) 'example_branch_python_operator_decorator' retrieved from /home/airflow/.local/lib/python3.8/site-packages/airflow/example_dags/example_branch_operator_decorator.py
[2025-04-13T19:13:32.180+0000] {logging_mixin.py:188} INFO - [2025-04-13T19:13:32.180+0000] {dag.py:3036} INFO - Sync 1 DAGs
[2025-04-13T19:13:32.205+0000] {logging_mixin.py:188} INFO - [2025-04-13T19:13:32.204+0000] {dag.py:3823} INFO - Setting next_dagrun for example_branch_python_operator_decorator to 2025-04-12 00:00:00+00:00, run_after=2025-04-13 00:00:00+00:00
[2025-04-13T19:13:32.232+0000] {processor.py:183} INFO - Processing /home/airflow/.local/lib/python3.8/site-packages/airflow/example_dags/example_branch_operator_decorator.py took 0.123 seconds
[2025-04-13T19:14:05.191+0000] {processor.py:161} INFO - Started process (PID=14036) to work on /home/airflow/.local/lib/python3.8/site-packages/airflow/example_dags/example_branch_operator_decorator.py
[2025-04-13T19:14:05.192+0000] {processor.py:830} INFO - Processing file /home/airflow/.local/lib/python3.8/site-packages/airflow/example_dags/example_branch_operator_decorator.py for tasks to queue
[2025-04-13T19:14:05.194+0000] {logging_mixin.py:188} INFO - [2025-04-13T19:14:05.194+0000] {dagbag.py:538} INFO - Filling up the DagBag from /home/airflow/.local/lib/python3.8/site-packages/airflow/example_dags/example_branch_operator_decorator.py
[2025-04-13T19:14:05.225+0000] {processor.py:840} INFO - DAG(s) 'example_branch_python_operator_decorator' retrieved from /home/airflow/.local/lib/python3.8/site-packages/airflow/example_dags/example_branch_operator_decorator.py
[2025-04-13T19:14:05.256+0000] {logging_mixin.py:188} INFO - [2025-04-13T19:14:05.256+0000] {dag.py:3036} INFO - Sync 1 DAGs
[2025-04-13T19:14:05.285+0000] {logging_mixin.py:188} INFO - [2025-04-13T19:14:05.285+0000] {dag.py:3823} INFO - Setting next_dagrun for example_branch_python_operator_decorator to 2025-04-12 00:00:00+00:00, run_after=2025-04-13 00:00:00+00:00
[2025-04-13T19:14:05.313+0000] {processor.py:183} INFO - Processing /home/airflow/.local/lib/python3.8/site-packages/airflow/example_dags/example_branch_operator_decorator.py took 0.126 seconds
[2025-04-13T19:14:38.496+0000] {processor.py:161} INFO - Started process (PID=14091) to work on /home/airflow/.local/lib/python3.8/site-packages/airflow/example_dags/example_branch_operator_decorator.py
[2025-04-13T19:14:38.497+0000] {processor.py:830} INFO - Processing file /home/airflow/.local/lib/python3.8/site-packages/airflow/example_dags/example_branch_operator_decorator.py for tasks to queue
[2025-04-13T19:14:38.499+0000] {logging_mixin.py:188} INFO - [2025-04-13T19:14:38.499+0000] {dagbag.py:538} INFO - Filling up the DagBag from /home/airflow/.local/lib/python3.8/site-packages/airflow/example_dags/example_branch_operator_decorator.py
[2025-04-13T19:14:38.523+0000] {processor.py:840} INFO - DAG(s) 'example_branch_python_operator_decorator' retrieved from /home/airflow/.local/lib/python3.8/site-packages/airflow/example_dags/example_branch_operator_decorator.py
[2025-04-13T19:14:38.550+0000] {logging_mixin.py:188} INFO - [2025-04-13T19:14:38.550+0000] {dag.py:3036} INFO - Sync 1 DAGs
[2025-04-13T19:14:38.574+0000] {logging_mixin.py:188} INFO - [2025-04-13T19:14:38.573+0000] {dag.py:3823} INFO - Setting next_dagrun for example_branch_python_operator_decorator to 2025-04-12 00:00:00+00:00, run_after=2025-04-13 00:00:00+00:00
[2025-04-13T19:14:38.595+0000] {processor.py:183} INFO - Processing /home/airflow/.local/lib/python3.8/site-packages/airflow/example_dags/example_branch_operator_decorator.py took 0.102 seconds
[2025-04-13T19:15:12.416+0000] {processor.py:161} INFO - Started process (PID=14147) to work on /home/airflow/.local/lib/python3.8/site-packages/airflow/example_dags/example_branch_operator_decorator.py
[2025-04-13T19:15:12.417+0000] {processor.py:830} INFO - Processing file /home/airflow/.local/lib/python3.8/site-packages/airflow/example_dags/example_branch_operator_decorator.py for tasks to queue
[2025-04-13T19:15:12.419+0000] {logging_mixin.py:188} INFO - [2025-04-13T19:15:12.419+0000] {dagbag.py:538} INFO - Filling up the DagBag from /home/airflow/.local/lib/python3.8/site-packages/airflow/example_dags/example_branch_operator_decorator.py
[2025-04-13T19:15:12.455+0000] {processor.py:840} INFO - DAG(s) 'example_branch_python_operator_decorator' retrieved from /home/airflow/.local/lib/python3.8/site-packages/airflow/example_dags/example_branch_operator_decorator.py
[2025-04-13T19:15:12.494+0000] {logging_mixin.py:188} INFO - [2025-04-13T19:15:12.494+0000] {dag.py:3036} INFO - Sync 1 DAGs
[2025-04-13T19:15:12.531+0000] {logging_mixin.py:188} INFO - [2025-04-13T19:15:12.531+0000] {dag.py:3823} INFO - Setting next_dagrun for example_branch_python_operator_decorator to 2025-04-12 00:00:00+00:00, run_after=2025-04-13 00:00:00+00:00
[2025-04-13T19:15:12.556+0000] {processor.py:183} INFO - Processing /home/airflow/.local/lib/python3.8/site-packages/airflow/example_dags/example_branch_operator_decorator.py took 0.144 seconds
[2025-04-13T19:15:45.874+0000] {processor.py:161} INFO - Started process (PID=14203) to work on /home/airflow/.local/lib/python3.8/site-packages/airflow/example_dags/example_branch_operator_decorator.py
[2025-04-13T19:15:45.875+0000] {processor.py:830} INFO - Processing file /home/airflow/.local/lib/python3.8/site-packages/airflow/example_dags/example_branch_operator_decorator.py for tasks to queue
[2025-04-13T19:15:45.891+0000] {logging_mixin.py:188} INFO - [2025-04-13T19:15:45.891+0000] {dagbag.py:538} INFO - Filling up the DagBag from /home/airflow/.local/lib/python3.8/site-packages/airflow/example_dags/example_branch_operator_decorator.py
[2025-04-13T19:15:45.994+0000] {processor.py:840} INFO - DAG(s) 'example_branch_python_operator_decorator' retrieved from /home/airflow/.local/lib/python3.8/site-packages/airflow/example_dags/example_branch_operator_decorator.py
[2025-04-13T19:15:46.088+0000] {logging_mixin.py:188} INFO - [2025-04-13T19:15:46.087+0000] {dag.py:3036} INFO - Sync 1 DAGs
[2025-04-13T19:15:46.153+0000] {logging_mixin.py:188} INFO - [2025-04-13T19:15:46.153+0000] {dag.py:3823} INFO - Setting next_dagrun for example_branch_python_operator_decorator to 2025-04-12 00:00:00+00:00, run_after=2025-04-13 00:00:00+00:00
[2025-04-13T19:15:46.195+0000] {processor.py:183} INFO - Processing /home/airflow/.local/lib/python3.8/site-packages/airflow/example_dags/example_branch_operator_decorator.py took 0.336 seconds
[2025-04-13T19:16:18.706+0000] {processor.py:161} INFO - Started process (PID=14259) to work on /home/airflow/.local/lib/python3.8/site-packages/airflow/example_dags/example_branch_operator_decorator.py
[2025-04-13T19:16:18.707+0000] {processor.py:830} INFO - Processing file /home/airflow/.local/lib/python3.8/site-packages/airflow/example_dags/example_branch_operator_decorator.py for tasks to queue
[2025-04-13T19:16:18.709+0000] {logging_mixin.py:188} INFO - [2025-04-13T19:16:18.709+0000] {dagbag.py:538} INFO - Filling up the DagBag from /home/airflow/.local/lib/python3.8/site-packages/airflow/example_dags/example_branch_operator_decorator.py
[2025-04-13T19:16:18.734+0000] {processor.py:840} INFO - DAG(s) 'example_branch_python_operator_decorator' retrieved from /home/airflow/.local/lib/python3.8/site-packages/airflow/example_dags/example_branch_operator_decorator.py
[2025-04-13T19:16:18.781+0000] {logging_mixin.py:188} INFO - [2025-04-13T19:16:18.778+0000] {dag.py:3036} INFO - Sync 1 DAGs
[2025-04-13T19:16:18.810+0000] {logging_mixin.py:188} INFO - [2025-04-13T19:16:18.809+0000] {dag.py:3823} INFO - Setting next_dagrun for example_branch_python_operator_decorator to 2025-04-12 00:00:00+00:00, run_after=2025-04-13 00:00:00+00:00
[2025-04-13T19:16:18.832+0000] {processor.py:183} INFO - Processing /home/airflow/.local/lib/python3.8/site-packages/airflow/example_dags/example_branch_operator_decorator.py took 0.131 seconds
[2025-04-13T19:16:51.887+0000] {processor.py:161} INFO - Started process (PID=14315) to work on /home/airflow/.local/lib/python3.8/site-packages/airflow/example_dags/example_branch_operator_decorator.py
[2025-04-13T19:16:51.888+0000] {processor.py:830} INFO - Processing file /home/airflow/.local/lib/python3.8/site-packages/airflow/example_dags/example_branch_operator_decorator.py for tasks to queue
[2025-04-13T19:16:51.891+0000] {logging_mixin.py:188} INFO - [2025-04-13T19:16:51.890+0000] {dagbag.py:538} INFO - Filling up the DagBag from /home/airflow/.local/lib/python3.8/site-packages/airflow/example_dags/example_branch_operator_decorator.py
[2025-04-13T19:16:51.934+0000] {processor.py:840} INFO - DAG(s) 'example_branch_python_operator_decorator' retrieved from /home/airflow/.local/lib/python3.8/site-packages/airflow/example_dags/example_branch_operator_decorator.py
[2025-04-13T19:16:51.988+0000] {logging_mixin.py:188} INFO - [2025-04-13T19:16:51.988+0000] {dag.py:3036} INFO - Sync 1 DAGs
[2025-04-13T19:16:52.030+0000] {logging_mixin.py:188} INFO - [2025-04-13T19:16:52.029+0000] {dag.py:3823} INFO - Setting next_dagrun for example_branch_python_operator_decorator to 2025-04-12 00:00:00+00:00, run_after=2025-04-13 00:00:00+00:00
[2025-04-13T19:16:52.087+0000] {processor.py:183} INFO - Processing /home/airflow/.local/lib/python3.8/site-packages/airflow/example_dags/example_branch_operator_decorator.py took 0.212 seconds
[2025-04-13T19:17:25.167+0000] {processor.py:161} INFO - Started process (PID=14371) to work on /home/airflow/.local/lib/python3.8/site-packages/airflow/example_dags/example_branch_operator_decorator.py
[2025-04-13T19:17:25.169+0000] {processor.py:830} INFO - Processing file /home/airflow/.local/lib/python3.8/site-packages/airflow/example_dags/example_branch_operator_decorator.py for tasks to queue
[2025-04-13T19:17:25.173+0000] {logging_mixin.py:188} INFO - [2025-04-13T19:17:25.172+0000] {dagbag.py:538} INFO - Filling up the DagBag from /home/airflow/.local/lib/python3.8/site-packages/airflow/example_dags/example_branch_operator_decorator.py
[2025-04-13T19:17:25.206+0000] {processor.py:840} INFO - DAG(s) 'example_branch_python_operator_decorator' retrieved from /home/airflow/.local/lib/python3.8/site-packages/airflow/example_dags/example_branch_operator_decorator.py
[2025-04-13T19:17:25.242+0000] {logging_mixin.py:188} INFO - [2025-04-13T19:17:25.242+0000] {dag.py:3036} INFO - Sync 1 DAGs
[2025-04-13T19:17:25.273+0000] {logging_mixin.py:188} INFO - [2025-04-13T19:17:25.273+0000] {dag.py:3823} INFO - Setting next_dagrun for example_branch_python_operator_decorator to 2025-04-12 00:00:00+00:00, run_after=2025-04-13 00:00:00+00:00
[2025-04-13T19:17:25.298+0000] {processor.py:183} INFO - Processing /home/airflow/.local/lib/python3.8/site-packages/airflow/example_dags/example_branch_operator_decorator.py took 0.134 seconds
[2025-04-13T19:17:55.648+0000] {processor.py:161} INFO - Started process (PID=14427) to work on /home/airflow/.local/lib/python3.8/site-packages/airflow/example_dags/example_branch_operator_decorator.py
[2025-04-13T19:17:55.651+0000] {processor.py:830} INFO - Processing file /home/airflow/.local/lib/python3.8/site-packages/airflow/example_dags/example_branch_operator_decorator.py for tasks to queue
[2025-04-13T19:17:55.655+0000] {logging_mixin.py:188} INFO - [2025-04-13T19:17:55.654+0000] {dagbag.py:538} INFO - Filling up the DagBag from /home/airflow/.local/lib/python3.8/site-packages/airflow/example_dags/example_branch_operator_decorator.py
[2025-04-13T19:17:55.687+0000] {processor.py:840} INFO - DAG(s) 'example_branch_python_operator_decorator' retrieved from /home/airflow/.local/lib/python3.8/site-packages/airflow/example_dags/example_branch_operator_decorator.py
[2025-04-13T19:17:55.722+0000] {logging_mixin.py:188} INFO - [2025-04-13T19:17:55.722+0000] {dag.py:3036} INFO - Sync 1 DAGs
[2025-04-13T19:17:55.756+0000] {logging_mixin.py:188} INFO - [2025-04-13T19:17:55.755+0000] {dag.py:3823} INFO - Setting next_dagrun for example_branch_python_operator_decorator to 2025-04-12 00:00:00+00:00, run_after=2025-04-13 00:00:00+00:00
[2025-04-13T19:17:55.783+0000] {processor.py:183} INFO - Processing /home/airflow/.local/lib/python3.8/site-packages/airflow/example_dags/example_branch_operator_decorator.py took 0.139 seconds
[2025-04-13T19:18:26.480+0000] {processor.py:161} INFO - Started process (PID=14484) to work on /home/airflow/.local/lib/python3.8/site-packages/airflow/example_dags/example_branch_operator_decorator.py
[2025-04-13T19:18:26.483+0000] {processor.py:830} INFO - Processing file /home/airflow/.local/lib/python3.8/site-packages/airflow/example_dags/example_branch_operator_decorator.py for tasks to queue
[2025-04-13T19:18:26.486+0000] {logging_mixin.py:188} INFO - [2025-04-13T19:18:26.485+0000] {dagbag.py:538} INFO - Filling up the DagBag from /home/airflow/.local/lib/python3.8/site-packages/airflow/example_dags/example_branch_operator_decorator.py
[2025-04-13T19:18:26.521+0000] {processor.py:840} INFO - DAG(s) 'example_branch_python_operator_decorator' retrieved from /home/airflow/.local/lib/python3.8/site-packages/airflow/example_dags/example_branch_operator_decorator.py
[2025-04-13T19:18:26.559+0000] {logging_mixin.py:188} INFO - [2025-04-13T19:18:26.558+0000] {dag.py:3036} INFO - Sync 1 DAGs
[2025-04-13T19:18:26.596+0000] {logging_mixin.py:188} INFO - [2025-04-13T19:18:26.595+0000] {dag.py:3823} INFO - Setting next_dagrun for example_branch_python_operator_decorator to 2025-04-12 00:00:00+00:00, run_after=2025-04-13 00:00:00+00:00
[2025-04-13T19:18:26.624+0000] {processor.py:183} INFO - Processing /home/airflow/.local/lib/python3.8/site-packages/airflow/example_dags/example_branch_operator_decorator.py took 0.148 seconds
[2025-04-13T19:18:57.221+0000] {processor.py:161} INFO - Started process (PID=14540) to work on /home/airflow/.local/lib/python3.8/site-packages/airflow/example_dags/example_branch_operator_decorator.py
[2025-04-13T19:18:57.222+0000] {processor.py:830} INFO - Processing file /home/airflow/.local/lib/python3.8/site-packages/airflow/example_dags/example_branch_operator_decorator.py for tasks to queue
[2025-04-13T19:18:57.225+0000] {logging_mixin.py:188} INFO - [2025-04-13T19:18:57.225+0000] {dagbag.py:538} INFO - Filling up the DagBag from /home/airflow/.local/lib/python3.8/site-packages/airflow/example_dags/example_branch_operator_decorator.py
[2025-04-13T19:18:57.260+0000] {processor.py:840} INFO - DAG(s) 'example_branch_python_operator_decorator' retrieved from /home/airflow/.local/lib/python3.8/site-packages/airflow/example_dags/example_branch_operator_decorator.py
[2025-04-13T19:18:57.298+0000] {logging_mixin.py:188} INFO - [2025-04-13T19:18:57.297+0000] {dag.py:3036} INFO - Sync 1 DAGs
[2025-04-13T19:18:57.338+0000] {logging_mixin.py:188} INFO - [2025-04-13T19:18:57.338+0000] {dag.py:3823} INFO - Setting next_dagrun for example_branch_python_operator_decorator to 2025-04-12 00:00:00+00:00, run_after=2025-04-13 00:00:00+00:00
[2025-04-13T19:18:57.365+0000] {processor.py:183} INFO - Processing /home/airflow/.local/lib/python3.8/site-packages/airflow/example_dags/example_branch_operator_decorator.py took 0.150 seconds
[2025-04-13T19:19:27.756+0000] {processor.py:161} INFO - Started process (PID=14596) to work on /home/airflow/.local/lib/python3.8/site-packages/airflow/example_dags/example_branch_operator_decorator.py
[2025-04-13T19:19:27.758+0000] {processor.py:830} INFO - Processing file /home/airflow/.local/lib/python3.8/site-packages/airflow/example_dags/example_branch_operator_decorator.py for tasks to queue
[2025-04-13T19:19:27.763+0000] {logging_mixin.py:188} INFO - [2025-04-13T19:19:27.760+0000] {dagbag.py:538} INFO - Filling up the DagBag from /home/airflow/.local/lib/python3.8/site-packages/airflow/example_dags/example_branch_operator_decorator.py
[2025-04-13T19:19:27.801+0000] {processor.py:840} INFO - DAG(s) 'example_branch_python_operator_decorator' retrieved from /home/airflow/.local/lib/python3.8/site-packages/airflow/example_dags/example_branch_operator_decorator.py
[2025-04-13T19:19:27.841+0000] {logging_mixin.py:188} INFO - [2025-04-13T19:19:27.840+0000] {dag.py:3036} INFO - Sync 1 DAGs
[2025-04-13T19:19:27.879+0000] {logging_mixin.py:188} INFO - [2025-04-13T19:19:27.878+0000] {dag.py:3823} INFO - Setting next_dagrun for example_branch_python_operator_decorator to 2025-04-12 00:00:00+00:00, run_after=2025-04-13 00:00:00+00:00
[2025-04-13T19:19:27.904+0000] {processor.py:183} INFO - Processing /home/airflow/.local/lib/python3.8/site-packages/airflow/example_dags/example_branch_operator_decorator.py took 0.153 seconds
[2025-04-13T19:19:58.026+0000] {processor.py:161} INFO - Started process (PID=14646) to work on /home/airflow/.local/lib/python3.8/site-packages/airflow/example_dags/example_branch_operator_decorator.py
[2025-04-13T19:19:58.027+0000] {processor.py:830} INFO - Processing file /home/airflow/.local/lib/python3.8/site-packages/airflow/example_dags/example_branch_operator_decorator.py for tasks to queue
[2025-04-13T19:19:58.029+0000] {logging_mixin.py:188} INFO - [2025-04-13T19:19:58.029+0000] {dagbag.py:538} INFO - Filling up the DagBag from /home/airflow/.local/lib/python3.8/site-packages/airflow/example_dags/example_branch_operator_decorator.py
[2025-04-13T19:19:58.059+0000] {processor.py:840} INFO - DAG(s) 'example_branch_python_operator_decorator' retrieved from /home/airflow/.local/lib/python3.8/site-packages/airflow/example_dags/example_branch_operator_decorator.py
[2025-04-13T19:19:58.093+0000] {logging_mixin.py:188} INFO - [2025-04-13T19:19:58.093+0000] {dag.py:3036} INFO - Sync 1 DAGs
[2025-04-13T19:19:58.127+0000] {logging_mixin.py:188} INFO - [2025-04-13T19:19:58.127+0000] {dag.py:3823} INFO - Setting next_dagrun for example_branch_python_operator_decorator to 2025-04-12 00:00:00+00:00, run_after=2025-04-13 00:00:00+00:00
[2025-04-13T19:19:58.151+0000] {processor.py:183} INFO - Processing /home/airflow/.local/lib/python3.8/site-packages/airflow/example_dags/example_branch_operator_decorator.py took 0.128 seconds
[2025-04-13T19:20:28.205+0000] {processor.py:161} INFO - Started process (PID=14702) to work on /home/airflow/.local/lib/python3.8/site-packages/airflow/example_dags/example_branch_operator_decorator.py
[2025-04-13T19:20:28.206+0000] {processor.py:830} INFO - Processing file /home/airflow/.local/lib/python3.8/site-packages/airflow/example_dags/example_branch_operator_decorator.py for tasks to queue
[2025-04-13T19:20:28.209+0000] {logging_mixin.py:188} INFO - [2025-04-13T19:20:28.208+0000] {dagbag.py:538} INFO - Filling up the DagBag from /home/airflow/.local/lib/python3.8/site-packages/airflow/example_dags/example_branch_operator_decorator.py
[2025-04-13T19:20:28.247+0000] {processor.py:840} INFO - DAG(s) 'example_branch_python_operator_decorator' retrieved from /home/airflow/.local/lib/python3.8/site-packages/airflow/example_dags/example_branch_operator_decorator.py
[2025-04-13T19:20:28.292+0000] {logging_mixin.py:188} INFO - [2025-04-13T19:20:28.292+0000] {dag.py:3036} INFO - Sync 1 DAGs
[2025-04-13T19:20:28.338+0000] {logging_mixin.py:188} INFO - [2025-04-13T19:20:28.338+0000] {dag.py:3823} INFO - Setting next_dagrun for example_branch_python_operator_decorator to 2025-04-12 00:00:00+00:00, run_after=2025-04-13 00:00:00+00:00
[2025-04-13T19:20:28.367+0000] {processor.py:183} INFO - Processing /home/airflow/.local/lib/python3.8/site-packages/airflow/example_dags/example_branch_operator_decorator.py took 0.167 seconds
[2025-04-13T19:20:58.700+0000] {processor.py:161} INFO - Started process (PID=14758) to work on /home/airflow/.local/lib/python3.8/site-packages/airflow/example_dags/example_branch_operator_decorator.py
[2025-04-13T19:20:58.701+0000] {processor.py:830} INFO - Processing file /home/airflow/.local/lib/python3.8/site-packages/airflow/example_dags/example_branch_operator_decorator.py for tasks to queue
[2025-04-13T19:20:58.703+0000] {logging_mixin.py:188} INFO - [2025-04-13T19:20:58.703+0000] {dagbag.py:538} INFO - Filling up the DagBag from /home/airflow/.local/lib/python3.8/site-packages/airflow/example_dags/example_branch_operator_decorator.py
[2025-04-13T19:20:58.735+0000] {processor.py:840} INFO - DAG(s) 'example_branch_python_operator_decorator' retrieved from /home/airflow/.local/lib/python3.8/site-packages/airflow/example_dags/example_branch_operator_decorator.py
[2025-04-13T19:20:58.774+0000] {logging_mixin.py:188} INFO - [2025-04-13T19:20:58.774+0000] {dag.py:3036} INFO - Sync 1 DAGs
[2025-04-13T19:20:58.810+0000] {logging_mixin.py:188} INFO - [2025-04-13T19:20:58.809+0000] {dag.py:3823} INFO - Setting next_dagrun for example_branch_python_operator_decorator to 2025-04-12 00:00:00+00:00, run_after=2025-04-13 00:00:00+00:00
[2025-04-13T19:20:58.835+0000] {processor.py:183} INFO - Processing /home/airflow/.local/lib/python3.8/site-packages/airflow/example_dags/example_branch_operator_decorator.py took 0.140 seconds
[2025-04-13T19:21:29.340+0000] {processor.py:161} INFO - Started process (PID=14814) to work on /home/airflow/.local/lib/python3.8/site-packages/airflow/example_dags/example_branch_operator_decorator.py
[2025-04-13T19:21:29.342+0000] {processor.py:830} INFO - Processing file /home/airflow/.local/lib/python3.8/site-packages/airflow/example_dags/example_branch_operator_decorator.py for tasks to queue
[2025-04-13T19:21:29.345+0000] {logging_mixin.py:188} INFO - [2025-04-13T19:21:29.345+0000] {dagbag.py:538} INFO - Filling up the DagBag from /home/airflow/.local/lib/python3.8/site-packages/airflow/example_dags/example_branch_operator_decorator.py
[2025-04-13T19:21:29.376+0000] {processor.py:840} INFO - DAG(s) 'example_branch_python_operator_decorator' retrieved from /home/airflow/.local/lib/python3.8/site-packages/airflow/example_dags/example_branch_operator_decorator.py
[2025-04-13T19:21:29.410+0000] {logging_mixin.py:188} INFO - [2025-04-13T19:21:29.410+0000] {dag.py:3036} INFO - Sync 1 DAGs
[2025-04-13T19:21:29.443+0000] {logging_mixin.py:188} INFO - [2025-04-13T19:21:29.443+0000] {dag.py:3823} INFO - Setting next_dagrun for example_branch_python_operator_decorator to 2025-04-12 00:00:00+00:00, run_after=2025-04-13 00:00:00+00:00
[2025-04-13T19:21:29.472+0000] {processor.py:183} INFO - Processing /home/airflow/.local/lib/python3.8/site-packages/airflow/example_dags/example_branch_operator_decorator.py took 0.135 seconds
[2025-04-13T19:22:00.103+0000] {processor.py:161} INFO - Started process (PID=14871) to work on /home/airflow/.local/lib/python3.8/site-packages/airflow/example_dags/example_branch_operator_decorator.py
[2025-04-13T19:22:00.106+0000] {processor.py:830} INFO - Processing file /home/airflow/.local/lib/python3.8/site-packages/airflow/example_dags/example_branch_operator_decorator.py for tasks to queue
[2025-04-13T19:22:00.108+0000] {logging_mixin.py:188} INFO - [2025-04-13T19:22:00.108+0000] {dagbag.py:538} INFO - Filling up the DagBag from /home/airflow/.local/lib/python3.8/site-packages/airflow/example_dags/example_branch_operator_decorator.py
[2025-04-13T19:22:00.141+0000] {processor.py:840} INFO - DAG(s) 'example_branch_python_operator_decorator' retrieved from /home/airflow/.local/lib/python3.8/site-packages/airflow/example_dags/example_branch_operator_decorator.py
[2025-04-13T19:22:00.181+0000] {logging_mixin.py:188} INFO - [2025-04-13T19:22:00.180+0000] {dag.py:3036} INFO - Sync 1 DAGs
[2025-04-13T19:22:00.213+0000] {logging_mixin.py:188} INFO - [2025-04-13T19:22:00.212+0000] {dag.py:3823} INFO - Setting next_dagrun for example_branch_python_operator_decorator to 2025-04-12 00:00:00+00:00, run_after=2025-04-13 00:00:00+00:00
[2025-04-13T19:22:00.248+0000] {processor.py:183} INFO - Processing /home/airflow/.local/lib/python3.8/site-packages/airflow/example_dags/example_branch_operator_decorator.py took 0.150 seconds
[2025-04-13T19:22:30.346+0000] {processor.py:161} INFO - Started process (PID=14927) to work on /home/airflow/.local/lib/python3.8/site-packages/airflow/example_dags/example_branch_operator_decorator.py
[2025-04-13T19:22:30.347+0000] {processor.py:830} INFO - Processing file /home/airflow/.local/lib/python3.8/site-packages/airflow/example_dags/example_branch_operator_decorator.py for tasks to queue
[2025-04-13T19:22:30.350+0000] {logging_mixin.py:188} INFO - [2025-04-13T19:22:30.349+0000] {dagbag.py:538} INFO - Filling up the DagBag from /home/airflow/.local/lib/python3.8/site-packages/airflow/example_dags/example_branch_operator_decorator.py
[2025-04-13T19:22:30.383+0000] {processor.py:840} INFO - DAG(s) 'example_branch_python_operator_decorator' retrieved from /home/airflow/.local/lib/python3.8/site-packages/airflow/example_dags/example_branch_operator_decorator.py
[2025-04-13T19:22:30.421+0000] {logging_mixin.py:188} INFO - [2025-04-13T19:22:30.421+0000] {dag.py:3036} INFO - Sync 1 DAGs
[2025-04-13T19:22:30.458+0000] {logging_mixin.py:188} INFO - [2025-04-13T19:22:30.458+0000] {dag.py:3823} INFO - Setting next_dagrun for example_branch_python_operator_decorator to 2025-04-12 00:00:00+00:00, run_after=2025-04-13 00:00:00+00:00
[2025-04-13T19:22:30.485+0000] {processor.py:183} INFO - Processing /home/airflow/.local/lib/python3.8/site-packages/airflow/example_dags/example_branch_operator_decorator.py took 0.144 seconds
[2025-04-13T19:23:02.391+0000] {processor.py:161} INFO - Started process (PID=14972) to work on /home/airflow/.local/lib/python3.8/site-packages/airflow/example_dags/example_branch_operator_decorator.py
[2025-04-13T19:23:02.393+0000] {processor.py:830} INFO - Processing file /home/airflow/.local/lib/python3.8/site-packages/airflow/example_dags/example_branch_operator_decorator.py for tasks to queue
[2025-04-13T19:23:02.399+0000] {logging_mixin.py:188} INFO - [2025-04-13T19:23:02.398+0000] {dagbag.py:538} INFO - Filling up the DagBag from /home/airflow/.local/lib/python3.8/site-packages/airflow/example_dags/example_branch_operator_decorator.py
[2025-04-13T19:23:02.441+0000] {processor.py:840} INFO - DAG(s) 'example_branch_python_operator_decorator' retrieved from /home/airflow/.local/lib/python3.8/site-packages/airflow/example_dags/example_branch_operator_decorator.py
[2025-04-13T19:23:02.494+0000] {logging_mixin.py:188} INFO - [2025-04-13T19:23:02.493+0000] {dag.py:3036} INFO - Sync 1 DAGs
[2025-04-13T19:23:02.549+0000] {logging_mixin.py:188} INFO - [2025-04-13T19:23:02.545+0000] {dag.py:3823} INFO - Setting next_dagrun for example_branch_python_operator_decorator to 2025-04-12 00:00:00+00:00, run_after=2025-04-13 00:00:00+00:00
[2025-04-13T19:23:02.587+0000] {processor.py:183} INFO - Processing /home/airflow/.local/lib/python3.8/site-packages/airflow/example_dags/example_branch_operator_decorator.py took 0.201 seconds
[2025-04-13T19:23:39.628+0000] {processor.py:161} INFO - Started process (PID=15027) to work on /home/airflow/.local/lib/python3.8/site-packages/airflow/example_dags/example_branch_operator_decorator.py
[2025-04-13T19:23:39.637+0000] {processor.py:830} INFO - Processing file /home/airflow/.local/lib/python3.8/site-packages/airflow/example_dags/example_branch_operator_decorator.py for tasks to queue
[2025-04-13T19:23:39.641+0000] {logging_mixin.py:188} INFO - [2025-04-13T19:23:39.641+0000] {dagbag.py:538} INFO - Filling up the DagBag from /home/airflow/.local/lib/python3.8/site-packages/airflow/example_dags/example_branch_operator_decorator.py
[2025-04-13T19:23:39.731+0000] {processor.py:840} INFO - DAG(s) 'example_branch_python_operator_decorator' retrieved from /home/airflow/.local/lib/python3.8/site-packages/airflow/example_dags/example_branch_operator_decorator.py
[2025-04-13T19:23:39.876+0000] {logging_mixin.py:188} INFO - [2025-04-13T19:23:39.876+0000] {dag.py:3036} INFO - Sync 1 DAGs
[2025-04-13T19:23:39.967+0000] {logging_mixin.py:188} INFO - [2025-04-13T19:23:39.967+0000] {dag.py:3823} INFO - Setting next_dagrun for example_branch_python_operator_decorator to 2025-04-12 00:00:00+00:00, run_after=2025-04-13 00:00:00+00:00
[2025-04-13T19:23:40.041+0000] {processor.py:183} INFO - Processing /home/airflow/.local/lib/python3.8/site-packages/airflow/example_dags/example_branch_operator_decorator.py took 0.418 seconds
[2025-04-13T19:24:10.311+0000] {processor.py:161} INFO - Started process (PID=15083) to work on /home/airflow/.local/lib/python3.8/site-packages/airflow/example_dags/example_branch_operator_decorator.py
[2025-04-13T19:24:10.314+0000] {processor.py:830} INFO - Processing file /home/airflow/.local/lib/python3.8/site-packages/airflow/example_dags/example_branch_operator_decorator.py for tasks to queue
[2025-04-13T19:24:10.317+0000] {logging_mixin.py:188} INFO - [2025-04-13T19:24:10.317+0000] {dagbag.py:538} INFO - Filling up the DagBag from /home/airflow/.local/lib/python3.8/site-packages/airflow/example_dags/example_branch_operator_decorator.py
[2025-04-13T19:24:10.393+0000] {processor.py:840} INFO - DAG(s) 'example_branch_python_operator_decorator' retrieved from /home/airflow/.local/lib/python3.8/site-packages/airflow/example_dags/example_branch_operator_decorator.py
[2025-04-13T19:24:10.466+0000] {logging_mixin.py:188} INFO - [2025-04-13T19:24:10.466+0000] {dag.py:3036} INFO - Sync 1 DAGs
[2025-04-13T19:24:10.519+0000] {logging_mixin.py:188} INFO - [2025-04-13T19:24:10.519+0000] {dag.py:3823} INFO - Setting next_dagrun for example_branch_python_operator_decorator to 2025-04-12 00:00:00+00:00, run_after=2025-04-13 00:00:00+00:00
[2025-04-13T19:24:10.579+0000] {processor.py:183} INFO - Processing /home/airflow/.local/lib/python3.8/site-packages/airflow/example_dags/example_branch_operator_decorator.py took 0.277 seconds
[2025-04-13T19:24:43.367+0000] {processor.py:161} INFO - Started process (PID=15138) to work on /home/airflow/.local/lib/python3.8/site-packages/airflow/example_dags/example_branch_operator_decorator.py
[2025-04-13T19:24:43.369+0000] {processor.py:830} INFO - Processing file /home/airflow/.local/lib/python3.8/site-packages/airflow/example_dags/example_branch_operator_decorator.py for tasks to queue
[2025-04-13T19:24:43.372+0000] {logging_mixin.py:188} INFO - [2025-04-13T19:24:43.372+0000] {dagbag.py:538} INFO - Filling up the DagBag from /home/airflow/.local/lib/python3.8/site-packages/airflow/example_dags/example_branch_operator_decorator.py
[2025-04-13T19:24:43.423+0000] {processor.py:840} INFO - DAG(s) 'example_branch_python_operator_decorator' retrieved from /home/airflow/.local/lib/python3.8/site-packages/airflow/example_dags/example_branch_operator_decorator.py
[2025-04-13T19:24:43.493+0000] {logging_mixin.py:188} INFO - [2025-04-13T19:24:43.493+0000] {dag.py:3036} INFO - Sync 1 DAGs
[2025-04-13T19:24:43.550+0000] {logging_mixin.py:188} INFO - [2025-04-13T19:24:43.550+0000] {dag.py:3823} INFO - Setting next_dagrun for example_branch_python_operator_decorator to 2025-04-12 00:00:00+00:00, run_after=2025-04-13 00:00:00+00:00
[2025-04-13T19:24:43.590+0000] {processor.py:183} INFO - Processing /home/airflow/.local/lib/python3.8/site-packages/airflow/example_dags/example_branch_operator_decorator.py took 0.231 seconds
[2025-04-13T19:25:13.806+0000] {processor.py:161} INFO - Started process (PID=15194) to work on /home/airflow/.local/lib/python3.8/site-packages/airflow/example_dags/example_branch_operator_decorator.py
[2025-04-13T19:25:13.808+0000] {processor.py:830} INFO - Processing file /home/airflow/.local/lib/python3.8/site-packages/airflow/example_dags/example_branch_operator_decorator.py for tasks to queue
[2025-04-13T19:25:13.811+0000] {logging_mixin.py:188} INFO - [2025-04-13T19:25:13.811+0000] {dagbag.py:538} INFO - Filling up the DagBag from /home/airflow/.local/lib/python3.8/site-packages/airflow/example_dags/example_branch_operator_decorator.py
[2025-04-13T19:25:13.861+0000] {processor.py:840} INFO - DAG(s) 'example_branch_python_operator_decorator' retrieved from /home/airflow/.local/lib/python3.8/site-packages/airflow/example_dags/example_branch_operator_decorator.py
[2025-04-13T19:25:13.921+0000] {logging_mixin.py:188} INFO - [2025-04-13T19:25:13.920+0000] {dag.py:3036} INFO - Sync 1 DAGs
[2025-04-13T19:25:13.953+0000] {logging_mixin.py:188} INFO - [2025-04-13T19:25:13.953+0000] {dag.py:3823} INFO - Setting next_dagrun for example_branch_python_operator_decorator to 2025-04-12 00:00:00+00:00, run_after=2025-04-13 00:00:00+00:00
[2025-04-13T19:25:13.985+0000] {processor.py:183} INFO - Processing /home/airflow/.local/lib/python3.8/site-packages/airflow/example_dags/example_branch_operator_decorator.py took 0.187 seconds
[2025-04-13T19:25:45.407+0000] {processor.py:161} INFO - Started process (PID=15240) to work on /home/airflow/.local/lib/python3.8/site-packages/airflow/example_dags/example_branch_operator_decorator.py
[2025-04-13T19:25:45.408+0000] {processor.py:830} INFO - Processing file /home/airflow/.local/lib/python3.8/site-packages/airflow/example_dags/example_branch_operator_decorator.py for tasks to queue
[2025-04-13T19:25:45.413+0000] {logging_mixin.py:188} INFO - [2025-04-13T19:25:45.412+0000] {dagbag.py:538} INFO - Filling up the DagBag from /home/airflow/.local/lib/python3.8/site-packages/airflow/example_dags/example_branch_operator_decorator.py
[2025-04-13T19:25:45.459+0000] {processor.py:840} INFO - DAG(s) 'example_branch_python_operator_decorator' retrieved from /home/airflow/.local/lib/python3.8/site-packages/airflow/example_dags/example_branch_operator_decorator.py
[2025-04-13T19:25:45.498+0000] {logging_mixin.py:188} INFO - [2025-04-13T19:25:45.498+0000] {dag.py:3036} INFO - Sync 1 DAGs
[2025-04-13T19:25:45.526+0000] {logging_mixin.py:188} INFO - [2025-04-13T19:25:45.526+0000] {dag.py:3823} INFO - Setting next_dagrun for example_branch_python_operator_decorator to 2025-04-12 00:00:00+00:00, run_after=2025-04-13 00:00:00+00:00
[2025-04-13T19:25:45.554+0000] {processor.py:183} INFO - Processing /home/airflow/.local/lib/python3.8/site-packages/airflow/example_dags/example_branch_operator_decorator.py took 0.151 seconds
[2025-04-13T19:26:19.216+0000] {processor.py:161} INFO - Started process (PID=15295) to work on /home/airflow/.local/lib/python3.8/site-packages/airflow/example_dags/example_branch_operator_decorator.py
[2025-04-13T19:26:19.217+0000] {processor.py:830} INFO - Processing file /home/airflow/.local/lib/python3.8/site-packages/airflow/example_dags/example_branch_operator_decorator.py for tasks to queue
[2025-04-13T19:26:19.219+0000] {logging_mixin.py:188} INFO - [2025-04-13T19:26:19.219+0000] {dagbag.py:538} INFO - Filling up the DagBag from /home/airflow/.local/lib/python3.8/site-packages/airflow/example_dags/example_branch_operator_decorator.py
[2025-04-13T19:26:19.243+0000] {processor.py:840} INFO - DAG(s) 'example_branch_python_operator_decorator' retrieved from /home/airflow/.local/lib/python3.8/site-packages/airflow/example_dags/example_branch_operator_decorator.py
[2025-04-13T19:26:19.273+0000] {logging_mixin.py:188} INFO - [2025-04-13T19:26:19.273+0000] {dag.py:3036} INFO - Sync 1 DAGs
[2025-04-13T19:26:19.297+0000] {logging_mixin.py:188} INFO - [2025-04-13T19:26:19.297+0000] {dag.py:3823} INFO - Setting next_dagrun for example_branch_python_operator_decorator to 2025-04-12 00:00:00+00:00, run_after=2025-04-13 00:00:00+00:00
[2025-04-13T19:26:19.317+0000] {processor.py:183} INFO - Processing /home/airflow/.local/lib/python3.8/site-packages/airflow/example_dags/example_branch_operator_decorator.py took 0.105 seconds
[2025-04-13T19:26:52.437+0000] {processor.py:161} INFO - Started process (PID=15351) to work on /home/airflow/.local/lib/python3.8/site-packages/airflow/example_dags/example_branch_operator_decorator.py
[2025-04-13T19:26:52.439+0000] {processor.py:830} INFO - Processing file /home/airflow/.local/lib/python3.8/site-packages/airflow/example_dags/example_branch_operator_decorator.py for tasks to queue
[2025-04-13T19:26:52.441+0000] {logging_mixin.py:188} INFO - [2025-04-13T19:26:52.441+0000] {dagbag.py:538} INFO - Filling up the DagBag from /home/airflow/.local/lib/python3.8/site-packages/airflow/example_dags/example_branch_operator_decorator.py
[2025-04-13T19:26:52.472+0000] {processor.py:840} INFO - DAG(s) 'example_branch_python_operator_decorator' retrieved from /home/airflow/.local/lib/python3.8/site-packages/airflow/example_dags/example_branch_operator_decorator.py
[2025-04-13T19:26:52.505+0000] {logging_mixin.py:188} INFO - [2025-04-13T19:26:52.504+0000] {dag.py:3036} INFO - Sync 1 DAGs
[2025-04-13T19:26:52.547+0000] {logging_mixin.py:188} INFO - [2025-04-13T19:26:52.547+0000] {dag.py:3823} INFO - Setting next_dagrun for example_branch_python_operator_decorator to 2025-04-12 00:00:00+00:00, run_after=2025-04-13 00:00:00+00:00
[2025-04-13T19:26:52.590+0000] {processor.py:183} INFO - Processing /home/airflow/.local/lib/python3.8/site-packages/airflow/example_dags/example_branch_operator_decorator.py took 0.157 seconds
[2025-04-13T19:27:25.588+0000] {processor.py:161} INFO - Started process (PID=15408) to work on /home/airflow/.local/lib/python3.8/site-packages/airflow/example_dags/example_branch_operator_decorator.py
[2025-04-13T19:27:25.589+0000] {processor.py:830} INFO - Processing file /home/airflow/.local/lib/python3.8/site-packages/airflow/example_dags/example_branch_operator_decorator.py for tasks to queue
[2025-04-13T19:27:25.591+0000] {logging_mixin.py:188} INFO - [2025-04-13T19:27:25.591+0000] {dagbag.py:538} INFO - Filling up the DagBag from /home/airflow/.local/lib/python3.8/site-packages/airflow/example_dags/example_branch_operator_decorator.py
[2025-04-13T19:27:25.618+0000] {processor.py:840} INFO - DAG(s) 'example_branch_python_operator_decorator' retrieved from /home/airflow/.local/lib/python3.8/site-packages/airflow/example_dags/example_branch_operator_decorator.py
[2025-04-13T19:27:25.663+0000] {logging_mixin.py:188} INFO - [2025-04-13T19:27:25.663+0000] {dag.py:3036} INFO - Sync 1 DAGs
[2025-04-13T19:27:25.703+0000] {logging_mixin.py:188} INFO - [2025-04-13T19:27:25.703+0000] {dag.py:3823} INFO - Setting next_dagrun for example_branch_python_operator_decorator to 2025-04-12 00:00:00+00:00, run_after=2025-04-13 00:00:00+00:00
[2025-04-13T19:27:25.742+0000] {processor.py:183} INFO - Processing /home/airflow/.local/lib/python3.8/site-packages/airflow/example_dags/example_branch_operator_decorator.py took 0.158 seconds
[2025-04-13T19:27:58.743+0000] {processor.py:161} INFO - Started process (PID=15464) to work on /home/airflow/.local/lib/python3.8/site-packages/airflow/example_dags/example_branch_operator_decorator.py
[2025-04-13T19:27:58.744+0000] {processor.py:830} INFO - Processing file /home/airflow/.local/lib/python3.8/site-packages/airflow/example_dags/example_branch_operator_decorator.py for tasks to queue
[2025-04-13T19:27:58.747+0000] {logging_mixin.py:188} INFO - [2025-04-13T19:27:58.747+0000] {dagbag.py:538} INFO - Filling up the DagBag from /home/airflow/.local/lib/python3.8/site-packages/airflow/example_dags/example_branch_operator_decorator.py
[2025-04-13T19:27:58.777+0000] {processor.py:840} INFO - DAG(s) 'example_branch_python_operator_decorator' retrieved from /home/airflow/.local/lib/python3.8/site-packages/airflow/example_dags/example_branch_operator_decorator.py
[2025-04-13T19:27:58.809+0000] {logging_mixin.py:188} INFO - [2025-04-13T19:27:58.809+0000] {dag.py:3036} INFO - Sync 1 DAGs
[2025-04-13T19:27:58.839+0000] {logging_mixin.py:188} INFO - [2025-04-13T19:27:58.839+0000] {dag.py:3823} INFO - Setting next_dagrun for example_branch_python_operator_decorator to 2025-04-12 00:00:00+00:00, run_after=2025-04-13 00:00:00+00:00
[2025-04-13T19:27:58.867+0000] {processor.py:183} INFO - Processing /home/airflow/.local/lib/python3.8/site-packages/airflow/example_dags/example_branch_operator_decorator.py took 0.128 seconds
[2025-04-13T19:28:34.260+0000] {processor.py:161} INFO - Started process (PID=15520) to work on /home/airflow/.local/lib/python3.8/site-packages/airflow/example_dags/example_branch_operator_decorator.py
[2025-04-13T19:28:34.261+0000] {processor.py:830} INFO - Processing file /home/airflow/.local/lib/python3.8/site-packages/airflow/example_dags/example_branch_operator_decorator.py for tasks to queue
[2025-04-13T19:28:34.272+0000] {logging_mixin.py:188} INFO - [2025-04-13T19:28:34.272+0000] {dagbag.py:538} INFO - Filling up the DagBag from /home/airflow/.local/lib/python3.8/site-packages/airflow/example_dags/example_branch_operator_decorator.py
[2025-04-13T19:28:34.476+0000] {processor.py:840} INFO - DAG(s) 'example_branch_python_operator_decorator' retrieved from /home/airflow/.local/lib/python3.8/site-packages/airflow/example_dags/example_branch_operator_decorator.py
[2025-04-13T19:28:34.780+0000] {logging_mixin.py:188} INFO - [2025-04-13T19:28:34.780+0000] {dag.py:3036} INFO - Sync 1 DAGs
[2025-04-13T19:28:34.989+0000] {logging_mixin.py:188} INFO - [2025-04-13T19:28:34.988+0000] {dag.py:3823} INFO - Setting next_dagrun for example_branch_python_operator_decorator to 2025-04-12 00:00:00+00:00, run_after=2025-04-13 00:00:00+00:00
[2025-04-13T19:28:35.140+0000] {processor.py:183} INFO - Processing /home/airflow/.local/lib/python3.8/site-packages/airflow/example_dags/example_branch_operator_decorator.py took 0.884 seconds
[2025-04-13T19:29:08.036+0000] {processor.py:161} INFO - Started process (PID=15576) to work on /home/airflow/.local/lib/python3.8/site-packages/airflow/example_dags/example_branch_operator_decorator.py
[2025-04-13T19:29:08.065+0000] {processor.py:830} INFO - Processing file /home/airflow/.local/lib/python3.8/site-packages/airflow/example_dags/example_branch_operator_decorator.py for tasks to queue
[2025-04-13T19:29:08.077+0000] {logging_mixin.py:188} INFO - [2025-04-13T19:29:08.077+0000] {dagbag.py:538} INFO - Filling up the DagBag from /home/airflow/.local/lib/python3.8/site-packages/airflow/example_dags/example_branch_operator_decorator.py
[2025-04-13T19:29:08.203+0000] {processor.py:840} INFO - DAG(s) 'example_branch_python_operator_decorator' retrieved from /home/airflow/.local/lib/python3.8/site-packages/airflow/example_dags/example_branch_operator_decorator.py
[2025-04-13T19:29:08.351+0000] {logging_mixin.py:188} INFO - [2025-04-13T19:29:08.350+0000] {dag.py:3036} INFO - Sync 1 DAGs
[2025-04-13T19:29:08.459+0000] {logging_mixin.py:188} INFO - [2025-04-13T19:29:08.459+0000] {dag.py:3823} INFO - Setting next_dagrun for example_branch_python_operator_decorator to 2025-04-12 00:00:00+00:00, run_after=2025-04-13 00:00:00+00:00
[2025-04-13T19:29:08.528+0000] {processor.py:183} INFO - Processing /home/airflow/.local/lib/python3.8/site-packages/airflow/example_dags/example_branch_operator_decorator.py took 0.497 seconds
[2025-04-13T19:29:39.090+0000] {processor.py:161} INFO - Started process (PID=15626) to work on /home/airflow/.local/lib/python3.8/site-packages/airflow/example_dags/example_branch_operator_decorator.py
[2025-04-13T19:29:39.091+0000] {processor.py:830} INFO - Processing file /home/airflow/.local/lib/python3.8/site-packages/airflow/example_dags/example_branch_operator_decorator.py for tasks to queue
[2025-04-13T19:29:39.094+0000] {logging_mixin.py:188} INFO - [2025-04-13T19:29:39.093+0000] {dagbag.py:538} INFO - Filling up the DagBag from /home/airflow/.local/lib/python3.8/site-packages/airflow/example_dags/example_branch_operator_decorator.py
[2025-04-13T19:29:39.138+0000] {processor.py:840} INFO - DAG(s) 'example_branch_python_operator_decorator' retrieved from /home/airflow/.local/lib/python3.8/site-packages/airflow/example_dags/example_branch_operator_decorator.py
[2025-04-13T19:29:39.211+0000] {logging_mixin.py:188} INFO - [2025-04-13T19:29:39.210+0000] {dag.py:3036} INFO - Sync 1 DAGs
[2025-04-13T19:29:39.254+0000] {logging_mixin.py:188} INFO - [2025-04-13T19:29:39.254+0000] {dag.py:3823} INFO - Setting next_dagrun for example_branch_python_operator_decorator to 2025-04-12 00:00:00+00:00, run_after=2025-04-13 00:00:00+00:00
[2025-04-13T19:29:39.292+0000] {processor.py:183} INFO - Processing /home/airflow/.local/lib/python3.8/site-packages/airflow/example_dags/example_branch_operator_decorator.py took 0.210 seconds
[2025-04-13T19:30:12.254+0000] {processor.py:161} INFO - Started process (PID=15680) to work on /home/airflow/.local/lib/python3.8/site-packages/airflow/example_dags/example_branch_operator_decorator.py
[2025-04-13T19:30:12.255+0000] {processor.py:830} INFO - Processing file /home/airflow/.local/lib/python3.8/site-packages/airflow/example_dags/example_branch_operator_decorator.py for tasks to queue
[2025-04-13T19:30:12.258+0000] {logging_mixin.py:188} INFO - [2025-04-13T19:30:12.257+0000] {dagbag.py:538} INFO - Filling up the DagBag from /home/airflow/.local/lib/python3.8/site-packages/airflow/example_dags/example_branch_operator_decorator.py
[2025-04-13T19:30:12.286+0000] {processor.py:840} INFO - DAG(s) 'example_branch_python_operator_decorator' retrieved from /home/airflow/.local/lib/python3.8/site-packages/airflow/example_dags/example_branch_operator_decorator.py
[2025-04-13T19:30:12.319+0000] {logging_mixin.py:188} INFO - [2025-04-13T19:30:12.318+0000] {dag.py:3036} INFO - Sync 1 DAGs
[2025-04-13T19:30:12.351+0000] {logging_mixin.py:188} INFO - [2025-04-13T19:30:12.351+0000] {dag.py:3823} INFO - Setting next_dagrun for example_branch_python_operator_decorator to 2025-04-12 00:00:00+00:00, run_after=2025-04-13 00:00:00+00:00
[2025-04-13T19:30:12.381+0000] {processor.py:183} INFO - Processing /home/airflow/.local/lib/python3.8/site-packages/airflow/example_dags/example_branch_operator_decorator.py took 0.131 seconds
[2025-04-13T19:30:45.879+0000] {processor.py:161} INFO - Started process (PID=15736) to work on /home/airflow/.local/lib/python3.8/site-packages/airflow/example_dags/example_branch_operator_decorator.py
[2025-04-13T19:30:45.881+0000] {processor.py:830} INFO - Processing file /home/airflow/.local/lib/python3.8/site-packages/airflow/example_dags/example_branch_operator_decorator.py for tasks to queue
[2025-04-13T19:30:45.883+0000] {logging_mixin.py:188} INFO - [2025-04-13T19:30:45.883+0000] {dagbag.py:538} INFO - Filling up the DagBag from /home/airflow/.local/lib/python3.8/site-packages/airflow/example_dags/example_branch_operator_decorator.py
[2025-04-13T19:30:45.922+0000] {processor.py:840} INFO - DAG(s) 'example_branch_python_operator_decorator' retrieved from /home/airflow/.local/lib/python3.8/site-packages/airflow/example_dags/example_branch_operator_decorator.py
[2025-04-13T19:30:45.958+0000] {logging_mixin.py:188} INFO - [2025-04-13T19:30:45.957+0000] {dag.py:3036} INFO - Sync 1 DAGs
[2025-04-13T19:30:45.995+0000] {logging_mixin.py:188} INFO - [2025-04-13T19:30:45.993+0000] {dag.py:3823} INFO - Setting next_dagrun for example_branch_python_operator_decorator to 2025-04-12 00:00:00+00:00, run_after=2025-04-13 00:00:00+00:00
[2025-04-13T19:30:46.031+0000] {processor.py:183} INFO - Processing /home/airflow/.local/lib/python3.8/site-packages/airflow/example_dags/example_branch_operator_decorator.py took 0.154 seconds
[2025-04-13T19:31:19.563+0000] {processor.py:161} INFO - Started process (PID=15792) to work on /home/airflow/.local/lib/python3.8/site-packages/airflow/example_dags/example_branch_operator_decorator.py
[2025-04-13T19:31:19.565+0000] {processor.py:830} INFO - Processing file /home/airflow/.local/lib/python3.8/site-packages/airflow/example_dags/example_branch_operator_decorator.py for tasks to queue
[2025-04-13T19:31:19.567+0000] {logging_mixin.py:188} INFO - [2025-04-13T19:31:19.567+0000] {dagbag.py:538} INFO - Filling up the DagBag from /home/airflow/.local/lib/python3.8/site-packages/airflow/example_dags/example_branch_operator_decorator.py
[2025-04-13T19:31:19.594+0000] {processor.py:840} INFO - DAG(s) 'example_branch_python_operator_decorator' retrieved from /home/airflow/.local/lib/python3.8/site-packages/airflow/example_dags/example_branch_operator_decorator.py
[2025-04-13T19:31:19.624+0000] {logging_mixin.py:188} INFO - [2025-04-13T19:31:19.624+0000] {dag.py:3036} INFO - Sync 1 DAGs
[2025-04-13T19:31:19.655+0000] {logging_mixin.py:188} INFO - [2025-04-13T19:31:19.655+0000] {dag.py:3823} INFO - Setting next_dagrun for example_branch_python_operator_decorator to 2025-04-12 00:00:00+00:00, run_after=2025-04-13 00:00:00+00:00
[2025-04-13T19:31:19.684+0000] {processor.py:183} INFO - Processing /home/airflow/.local/lib/python3.8/site-packages/airflow/example_dags/example_branch_operator_decorator.py took 0.124 seconds
[2025-04-13T19:31:53.120+0000] {processor.py:161} INFO - Started process (PID=15848) to work on /home/airflow/.local/lib/python3.8/site-packages/airflow/example_dags/example_branch_operator_decorator.py
[2025-04-13T19:31:53.121+0000] {processor.py:830} INFO - Processing file /home/airflow/.local/lib/python3.8/site-packages/airflow/example_dags/example_branch_operator_decorator.py for tasks to queue
[2025-04-13T19:31:53.123+0000] {logging_mixin.py:188} INFO - [2025-04-13T19:31:53.123+0000] {dagbag.py:538} INFO - Filling up the DagBag from /home/airflow/.local/lib/python3.8/site-packages/airflow/example_dags/example_branch_operator_decorator.py
[2025-04-13T19:31:53.151+0000] {processor.py:840} INFO - DAG(s) 'example_branch_python_operator_decorator' retrieved from /home/airflow/.local/lib/python3.8/site-packages/airflow/example_dags/example_branch_operator_decorator.py
[2025-04-13T19:31:53.181+0000] {logging_mixin.py:188} INFO - [2025-04-13T19:31:53.181+0000] {dag.py:3036} INFO - Sync 1 DAGs
[2025-04-13T19:31:53.212+0000] {logging_mixin.py:188} INFO - [2025-04-13T19:31:53.212+0000] {dag.py:3823} INFO - Setting next_dagrun for example_branch_python_operator_decorator to 2025-04-12 00:00:00+00:00, run_after=2025-04-13 00:00:00+00:00
[2025-04-13T19:31:53.239+0000] {processor.py:183} INFO - Processing /home/airflow/.local/lib/python3.8/site-packages/airflow/example_dags/example_branch_operator_decorator.py took 0.123 seconds
[2025-04-13T19:32:25.780+0000] {processor.py:161} INFO - Started process (PID=15903) to work on /home/airflow/.local/lib/python3.8/site-packages/airflow/example_dags/example_branch_operator_decorator.py
[2025-04-13T19:32:25.781+0000] {processor.py:830} INFO - Processing file /home/airflow/.local/lib/python3.8/site-packages/airflow/example_dags/example_branch_operator_decorator.py for tasks to queue
[2025-04-13T19:32:25.783+0000] {logging_mixin.py:188} INFO - [2025-04-13T19:32:25.783+0000] {dagbag.py:538} INFO - Filling up the DagBag from /home/airflow/.local/lib/python3.8/site-packages/airflow/example_dags/example_branch_operator_decorator.py
[2025-04-13T19:32:25.809+0000] {processor.py:840} INFO - DAG(s) 'example_branch_python_operator_decorator' retrieved from /home/airflow/.local/lib/python3.8/site-packages/airflow/example_dags/example_branch_operator_decorator.py
[2025-04-13T19:32:25.862+0000] {logging_mixin.py:188} INFO - [2025-04-13T19:32:25.862+0000] {dag.py:3036} INFO - Sync 1 DAGs
[2025-04-13T19:32:25.897+0000] {logging_mixin.py:188} INFO - [2025-04-13T19:32:25.896+0000] {dag.py:3823} INFO - Setting next_dagrun for example_branch_python_operator_decorator to 2025-04-12 00:00:00+00:00, run_after=2025-04-13 00:00:00+00:00
[2025-04-13T19:32:25.924+0000] {processor.py:183} INFO - Processing /home/airflow/.local/lib/python3.8/site-packages/airflow/example_dags/example_branch_operator_decorator.py took 0.148 seconds
[2025-04-13T19:32:59.253+0000] {processor.py:161} INFO - Started process (PID=15959) to work on /home/airflow/.local/lib/python3.8/site-packages/airflow/example_dags/example_branch_operator_decorator.py
[2025-04-13T19:32:59.254+0000] {processor.py:830} INFO - Processing file /home/airflow/.local/lib/python3.8/site-packages/airflow/example_dags/example_branch_operator_decorator.py for tasks to queue
[2025-04-13T19:32:59.256+0000] {logging_mixin.py:188} INFO - [2025-04-13T19:32:59.256+0000] {dagbag.py:538} INFO - Filling up the DagBag from /home/airflow/.local/lib/python3.8/site-packages/airflow/example_dags/example_branch_operator_decorator.py
[2025-04-13T19:32:59.282+0000] {processor.py:840} INFO - DAG(s) 'example_branch_python_operator_decorator' retrieved from /home/airflow/.local/lib/python3.8/site-packages/airflow/example_dags/example_branch_operator_decorator.py
[2025-04-13T19:32:59.313+0000] {logging_mixin.py:188} INFO - [2025-04-13T19:32:59.312+0000] {dag.py:3036} INFO - Sync 1 DAGs
[2025-04-13T19:32:59.342+0000] {logging_mixin.py:188} INFO - [2025-04-13T19:32:59.341+0000] {dag.py:3823} INFO - Setting next_dagrun for example_branch_python_operator_decorator to 2025-04-12 00:00:00+00:00, run_after=2025-04-13 00:00:00+00:00
[2025-04-13T19:32:59.368+0000] {processor.py:183} INFO - Processing /home/airflow/.local/lib/python3.8/site-packages/airflow/example_dags/example_branch_operator_decorator.py took 0.118 seconds
[2025-04-13T19:33:32.827+0000] {processor.py:161} INFO - Started process (PID=16017) to work on /home/airflow/.local/lib/python3.8/site-packages/airflow/example_dags/example_branch_operator_decorator.py
[2025-04-13T19:33:32.829+0000] {processor.py:830} INFO - Processing file /home/airflow/.local/lib/python3.8/site-packages/airflow/example_dags/example_branch_operator_decorator.py for tasks to queue
[2025-04-13T19:33:32.831+0000] {logging_mixin.py:188} INFO - [2025-04-13T19:33:32.831+0000] {dagbag.py:538} INFO - Filling up the DagBag from /home/airflow/.local/lib/python3.8/site-packages/airflow/example_dags/example_branch_operator_decorator.py
[2025-04-13T19:33:32.859+0000] {processor.py:840} INFO - DAG(s) 'example_branch_python_operator_decorator' retrieved from /home/airflow/.local/lib/python3.8/site-packages/airflow/example_dags/example_branch_operator_decorator.py
[2025-04-13T19:33:32.888+0000] {logging_mixin.py:188} INFO - [2025-04-13T19:33:32.887+0000] {dag.py:3036} INFO - Sync 1 DAGs
[2025-04-13T19:33:32.914+0000] {logging_mixin.py:188} INFO - [2025-04-13T19:33:32.914+0000] {dag.py:3823} INFO - Setting next_dagrun for example_branch_python_operator_decorator to 2025-04-12 00:00:00+00:00, run_after=2025-04-13 00:00:00+00:00
[2025-04-13T19:33:32.942+0000] {processor.py:183} INFO - Processing /home/airflow/.local/lib/python3.8/site-packages/airflow/example_dags/example_branch_operator_decorator.py took 0.118 seconds
[2025-04-13T19:34:06.370+0000] {processor.py:161} INFO - Started process (PID=16073) to work on /home/airflow/.local/lib/python3.8/site-packages/airflow/example_dags/example_branch_operator_decorator.py
[2025-04-13T19:34:06.376+0000] {processor.py:830} INFO - Processing file /home/airflow/.local/lib/python3.8/site-packages/airflow/example_dags/example_branch_operator_decorator.py for tasks to queue
[2025-04-13T19:34:06.379+0000] {logging_mixin.py:188} INFO - [2025-04-13T19:34:06.379+0000] {dagbag.py:538} INFO - Filling up the DagBag from /home/airflow/.local/lib/python3.8/site-packages/airflow/example_dags/example_branch_operator_decorator.py
[2025-04-13T19:34:06.466+0000] {processor.py:840} INFO - DAG(s) 'example_branch_python_operator_decorator' retrieved from /home/airflow/.local/lib/python3.8/site-packages/airflow/example_dags/example_branch_operator_decorator.py
[2025-04-13T19:34:06.531+0000] {logging_mixin.py:188} INFO - [2025-04-13T19:34:06.531+0000] {dag.py:3036} INFO - Sync 1 DAGs
[2025-04-13T19:34:06.588+0000] {logging_mixin.py:188} INFO - [2025-04-13T19:34:06.583+0000] {dag.py:3823} INFO - Setting next_dagrun for example_branch_python_operator_decorator to 2025-04-12 00:00:00+00:00, run_after=2025-04-13 00:00:00+00:00
[2025-04-13T19:34:06.631+0000] {processor.py:183} INFO - Processing /home/airflow/.local/lib/python3.8/site-packages/airflow/example_dags/example_branch_operator_decorator.py took 0.266 seconds
[2025-04-13T19:34:39.664+0000] {processor.py:161} INFO - Started process (PID=16129) to work on /home/airflow/.local/lib/python3.8/site-packages/airflow/example_dags/example_branch_operator_decorator.py
[2025-04-13T19:34:39.665+0000] {processor.py:830} INFO - Processing file /home/airflow/.local/lib/python3.8/site-packages/airflow/example_dags/example_branch_operator_decorator.py for tasks to queue
[2025-04-13T19:34:39.668+0000] {logging_mixin.py:188} INFO - [2025-04-13T19:34:39.667+0000] {dagbag.py:538} INFO - Filling up the DagBag from /home/airflow/.local/lib/python3.8/site-packages/airflow/example_dags/example_branch_operator_decorator.py
[2025-04-13T19:34:39.710+0000] {processor.py:840} INFO - DAG(s) 'example_branch_python_operator_decorator' retrieved from /home/airflow/.local/lib/python3.8/site-packages/airflow/example_dags/example_branch_operator_decorator.py
[2025-04-13T19:34:39.749+0000] {logging_mixin.py:188} INFO - [2025-04-13T19:34:39.749+0000] {dag.py:3036} INFO - Sync 1 DAGs
[2025-04-13T19:34:39.780+0000] {logging_mixin.py:188} INFO - [2025-04-13T19:34:39.780+0000] {dag.py:3823} INFO - Setting next_dagrun for example_branch_python_operator_decorator to 2025-04-12 00:00:00+00:00, run_after=2025-04-13 00:00:00+00:00
[2025-04-13T19:34:39.811+0000] {processor.py:183} INFO - Processing /home/airflow/.local/lib/python3.8/site-packages/airflow/example_dags/example_branch_operator_decorator.py took 0.150 seconds
[2025-04-13T19:35:12.520+0000] {processor.py:161} INFO - Started process (PID=16185) to work on /home/airflow/.local/lib/python3.8/site-packages/airflow/example_dags/example_branch_operator_decorator.py
[2025-04-13T19:35:12.521+0000] {processor.py:830} INFO - Processing file /home/airflow/.local/lib/python3.8/site-packages/airflow/example_dags/example_branch_operator_decorator.py for tasks to queue
[2025-04-13T19:35:12.524+0000] {logging_mixin.py:188} INFO - [2025-04-13T19:35:12.524+0000] {dagbag.py:538} INFO - Filling up the DagBag from /home/airflow/.local/lib/python3.8/site-packages/airflow/example_dags/example_branch_operator_decorator.py
[2025-04-13T19:35:12.555+0000] {processor.py:840} INFO - DAG(s) 'example_branch_python_operator_decorator' retrieved from /home/airflow/.local/lib/python3.8/site-packages/airflow/example_dags/example_branch_operator_decorator.py
[2025-04-13T19:35:12.603+0000] {logging_mixin.py:188} INFO - [2025-04-13T19:35:12.603+0000] {dag.py:3036} INFO - Sync 1 DAGs
[2025-04-13T19:35:12.635+0000] {logging_mixin.py:188} INFO - [2025-04-13T19:35:12.634+0000] {dag.py:3823} INFO - Setting next_dagrun for example_branch_python_operator_decorator to 2025-04-12 00:00:00+00:00, run_after=2025-04-13 00:00:00+00:00
[2025-04-13T19:35:12.668+0000] {processor.py:183} INFO - Processing /home/airflow/.local/lib/python3.8/site-packages/airflow/example_dags/example_branch_operator_decorator.py took 0.151 seconds
[2025-04-13T19:35:46.325+0000] {processor.py:161} INFO - Started process (PID=16242) to work on /home/airflow/.local/lib/python3.8/site-packages/airflow/example_dags/example_branch_operator_decorator.py
[2025-04-13T19:35:46.326+0000] {processor.py:830} INFO - Processing file /home/airflow/.local/lib/python3.8/site-packages/airflow/example_dags/example_branch_operator_decorator.py for tasks to queue
[2025-04-13T19:35:46.329+0000] {logging_mixin.py:188} INFO - [2025-04-13T19:35:46.329+0000] {dagbag.py:538} INFO - Filling up the DagBag from /home/airflow/.local/lib/python3.8/site-packages/airflow/example_dags/example_branch_operator_decorator.py
[2025-04-13T19:35:46.367+0000] {processor.py:840} INFO - DAG(s) 'example_branch_python_operator_decorator' retrieved from /home/airflow/.local/lib/python3.8/site-packages/airflow/example_dags/example_branch_operator_decorator.py
[2025-04-13T19:35:46.449+0000] {logging_mixin.py:188} INFO - [2025-04-13T19:35:46.442+0000] {dag.py:3036} INFO - Sync 1 DAGs
[2025-04-13T19:35:46.511+0000] {logging_mixin.py:188} INFO - [2025-04-13T19:35:46.501+0000] {dag.py:3823} INFO - Setting next_dagrun for example_branch_python_operator_decorator to 2025-04-12 00:00:00+00:00, run_after=2025-04-13 00:00:00+00:00
[2025-04-13T19:35:46.582+0000] {processor.py:183} INFO - Processing /home/airflow/.local/lib/python3.8/site-packages/airflow/example_dags/example_branch_operator_decorator.py took 0.263 seconds
[2025-04-13T19:36:19.366+0000] {processor.py:161} INFO - Started process (PID=16298) to work on /home/airflow/.local/lib/python3.8/site-packages/airflow/example_dags/example_branch_operator_decorator.py
[2025-04-13T19:36:19.367+0000] {processor.py:830} INFO - Processing file /home/airflow/.local/lib/python3.8/site-packages/airflow/example_dags/example_branch_operator_decorator.py for tasks to queue
[2025-04-13T19:36:19.371+0000] {logging_mixin.py:188} INFO - [2025-04-13T19:36:19.370+0000] {dagbag.py:538} INFO - Filling up the DagBag from /home/airflow/.local/lib/python3.8/site-packages/airflow/example_dags/example_branch_operator_decorator.py
[2025-04-13T19:36:19.403+0000] {processor.py:840} INFO - DAG(s) 'example_branch_python_operator_decorator' retrieved from /home/airflow/.local/lib/python3.8/site-packages/airflow/example_dags/example_branch_operator_decorator.py
[2025-04-13T19:36:19.451+0000] {logging_mixin.py:188} INFO - [2025-04-13T19:36:19.451+0000] {dag.py:3036} INFO - Sync 1 DAGs
[2025-04-13T19:36:19.495+0000] {logging_mixin.py:188} INFO - [2025-04-13T19:36:19.495+0000] {dag.py:3823} INFO - Setting next_dagrun for example_branch_python_operator_decorator to 2025-04-12 00:00:00+00:00, run_after=2025-04-13 00:00:00+00:00
[2025-04-13T19:36:19.526+0000] {processor.py:183} INFO - Processing /home/airflow/.local/lib/python3.8/site-packages/airflow/example_dags/example_branch_operator_decorator.py took 0.165 seconds
[2025-04-13T19:36:55.874+0000] {processor.py:161} INFO - Started process (PID=16354) to work on /home/airflow/.local/lib/python3.8/site-packages/airflow/example_dags/example_branch_operator_decorator.py
[2025-04-13T19:36:56.052+0000] {processor.py:830} INFO - Processing file /home/airflow/.local/lib/python3.8/site-packages/airflow/example_dags/example_branch_operator_decorator.py for tasks to queue
[2025-04-13T19:36:56.186+0000] {logging_mixin.py:188} INFO - [2025-04-13T19:36:56.186+0000] {dagbag.py:538} INFO - Filling up the DagBag from /home/airflow/.local/lib/python3.8/site-packages/airflow/example_dags/example_branch_operator_decorator.py
[2025-04-13T19:36:56.291+0000] {processor.py:840} INFO - DAG(s) 'example_branch_python_operator_decorator' retrieved from /home/airflow/.local/lib/python3.8/site-packages/airflow/example_dags/example_branch_operator_decorator.py
[2025-04-13T19:36:56.399+0000] {logging_mixin.py:188} INFO - [2025-04-13T19:36:56.390+0000] {dag.py:3036} INFO - Sync 1 DAGs
[2025-04-13T19:36:56.500+0000] {logging_mixin.py:188} INFO - [2025-04-13T19:36:56.500+0000] {dag.py:3823} INFO - Setting next_dagrun for example_branch_python_operator_decorator to 2025-04-12 00:00:00+00:00, run_after=2025-04-13 00:00:00+00:00
[2025-04-13T19:36:56.780+0000] {processor.py:183} INFO - Processing /home/airflow/.local/lib/python3.8/site-packages/airflow/example_dags/example_branch_operator_decorator.py took 0.911 seconds
[2025-04-13T19:37:27.637+0000] {processor.py:161} INFO - Started process (PID=16410) to work on /home/airflow/.local/lib/python3.8/site-packages/airflow/example_dags/example_branch_operator_decorator.py
[2025-04-13T19:37:27.638+0000] {processor.py:830} INFO - Processing file /home/airflow/.local/lib/python3.8/site-packages/airflow/example_dags/example_branch_operator_decorator.py for tasks to queue
[2025-04-13T19:37:27.641+0000] {logging_mixin.py:188} INFO - [2025-04-13T19:37:27.640+0000] {dagbag.py:538} INFO - Filling up the DagBag from /home/airflow/.local/lib/python3.8/site-packages/airflow/example_dags/example_branch_operator_decorator.py
[2025-04-13T19:37:27.681+0000] {processor.py:840} INFO - DAG(s) 'example_branch_python_operator_decorator' retrieved from /home/airflow/.local/lib/python3.8/site-packages/airflow/example_dags/example_branch_operator_decorator.py
[2025-04-13T19:37:27.712+0000] {logging_mixin.py:188} INFO - [2025-04-13T19:37:27.712+0000] {dag.py:3036} INFO - Sync 1 DAGs
[2025-04-13T19:37:27.738+0000] {logging_mixin.py:188} INFO - [2025-04-13T19:37:27.738+0000] {dag.py:3823} INFO - Setting next_dagrun for example_branch_python_operator_decorator to 2025-04-12 00:00:00+00:00, run_after=2025-04-13 00:00:00+00:00
[2025-04-13T19:37:27.786+0000] {processor.py:183} INFO - Processing /home/airflow/.local/lib/python3.8/site-packages/airflow/example_dags/example_branch_operator_decorator.py took 0.153 seconds
[2025-04-13T19:38:00.333+0000] {processor.py:161} INFO - Started process (PID=16466) to work on /home/airflow/.local/lib/python3.8/site-packages/airflow/example_dags/example_branch_operator_decorator.py
[2025-04-13T19:38:00.335+0000] {processor.py:830} INFO - Processing file /home/airflow/.local/lib/python3.8/site-packages/airflow/example_dags/example_branch_operator_decorator.py for tasks to queue
[2025-04-13T19:38:00.338+0000] {logging_mixin.py:188} INFO - [2025-04-13T19:38:00.337+0000] {dagbag.py:538} INFO - Filling up the DagBag from /home/airflow/.local/lib/python3.8/site-packages/airflow/example_dags/example_branch_operator_decorator.py
[2025-04-13T19:38:00.386+0000] {processor.py:840} INFO - DAG(s) 'example_branch_python_operator_decorator' retrieved from /home/airflow/.local/lib/python3.8/site-packages/airflow/example_dags/example_branch_operator_decorator.py
[2025-04-13T19:38:00.450+0000] {logging_mixin.py:188} INFO - [2025-04-13T19:38:00.449+0000] {dag.py:3036} INFO - Sync 1 DAGs
[2025-04-13T19:38:00.497+0000] {logging_mixin.py:188} INFO - [2025-04-13T19:38:00.496+0000] {dag.py:3823} INFO - Setting next_dagrun for example_branch_python_operator_decorator to 2025-04-12 00:00:00+00:00, run_after=2025-04-13 00:00:00+00:00
[2025-04-13T19:38:00.757+0000] {processor.py:183} INFO - Processing /home/airflow/.local/lib/python3.8/site-packages/airflow/example_dags/example_branch_operator_decorator.py took 0.429 seconds
[2025-04-13T19:38:33.292+0000] {processor.py:161} INFO - Started process (PID=16522) to work on /home/airflow/.local/lib/python3.8/site-packages/airflow/example_dags/example_branch_operator_decorator.py
[2025-04-13T19:38:33.293+0000] {processor.py:830} INFO - Processing file /home/airflow/.local/lib/python3.8/site-packages/airflow/example_dags/example_branch_operator_decorator.py for tasks to queue
[2025-04-13T19:38:33.296+0000] {logging_mixin.py:188} INFO - [2025-04-13T19:38:33.295+0000] {dagbag.py:538} INFO - Filling up the DagBag from /home/airflow/.local/lib/python3.8/site-packages/airflow/example_dags/example_branch_operator_decorator.py
[2025-04-13T19:38:33.329+0000] {processor.py:840} INFO - DAG(s) 'example_branch_python_operator_decorator' retrieved from /home/airflow/.local/lib/python3.8/site-packages/airflow/example_dags/example_branch_operator_decorator.py
[2025-04-13T19:38:33.363+0000] {logging_mixin.py:188} INFO - [2025-04-13T19:38:33.362+0000] {dag.py:3036} INFO - Sync 1 DAGs
[2025-04-13T19:38:33.391+0000] {logging_mixin.py:188} INFO - [2025-04-13T19:38:33.391+0000] {dag.py:3823} INFO - Setting next_dagrun for example_branch_python_operator_decorator to 2025-04-12 00:00:00+00:00, run_after=2025-04-13 00:00:00+00:00
[2025-04-13T19:38:33.420+0000] {processor.py:183} INFO - Processing /home/airflow/.local/lib/python3.8/site-packages/airflow/example_dags/example_branch_operator_decorator.py took 0.132 seconds
[2025-04-13T19:39:06.922+0000] {processor.py:161} INFO - Started process (PID=16578) to work on /home/airflow/.local/lib/python3.8/site-packages/airflow/example_dags/example_branch_operator_decorator.py
[2025-04-13T19:39:06.923+0000] {processor.py:830} INFO - Processing file /home/airflow/.local/lib/python3.8/site-packages/airflow/example_dags/example_branch_operator_decorator.py for tasks to queue
[2025-04-13T19:39:06.926+0000] {logging_mixin.py:188} INFO - [2025-04-13T19:39:06.925+0000] {dagbag.py:538} INFO - Filling up the DagBag from /home/airflow/.local/lib/python3.8/site-packages/airflow/example_dags/example_branch_operator_decorator.py
[2025-04-13T19:39:06.959+0000] {processor.py:840} INFO - DAG(s) 'example_branch_python_operator_decorator' retrieved from /home/airflow/.local/lib/python3.8/site-packages/airflow/example_dags/example_branch_operator_decorator.py
[2025-04-13T19:39:07.016+0000] {logging_mixin.py:188} INFO - [2025-04-13T19:39:07.016+0000] {dag.py:3036} INFO - Sync 1 DAGs
[2025-04-13T19:39:07.053+0000] {logging_mixin.py:188} INFO - [2025-04-13T19:39:07.053+0000] {dag.py:3823} INFO - Setting next_dagrun for example_branch_python_operator_decorator to 2025-04-12 00:00:00+00:00, run_after=2025-04-13 00:00:00+00:00
[2025-04-13T19:39:07.091+0000] {processor.py:183} INFO - Processing /home/airflow/.local/lib/python3.8/site-packages/airflow/example_dags/example_branch_operator_decorator.py took 0.173 seconds
[2025-04-13T19:39:40.442+0000] {processor.py:161} INFO - Started process (PID=16634) to work on /home/airflow/.local/lib/python3.8/site-packages/airflow/example_dags/example_branch_operator_decorator.py
[2025-04-13T19:39:40.446+0000] {processor.py:830} INFO - Processing file /home/airflow/.local/lib/python3.8/site-packages/airflow/example_dags/example_branch_operator_decorator.py for tasks to queue
[2025-04-13T19:39:40.449+0000] {logging_mixin.py:188} INFO - [2025-04-13T19:39:40.448+0000] {dagbag.py:538} INFO - Filling up the DagBag from /home/airflow/.local/lib/python3.8/site-packages/airflow/example_dags/example_branch_operator_decorator.py
[2025-04-13T19:39:40.496+0000] {processor.py:840} INFO - DAG(s) 'example_branch_python_operator_decorator' retrieved from /home/airflow/.local/lib/python3.8/site-packages/airflow/example_dags/example_branch_operator_decorator.py
[2025-04-13T19:39:40.551+0000] {logging_mixin.py:188} INFO - [2025-04-13T19:39:40.551+0000] {dag.py:3036} INFO - Sync 1 DAGs
[2025-04-13T19:39:40.614+0000] {logging_mixin.py:188} INFO - [2025-04-13T19:39:40.614+0000] {dag.py:3823} INFO - Setting next_dagrun for example_branch_python_operator_decorator to 2025-04-12 00:00:00+00:00, run_after=2025-04-13 00:00:00+00:00
[2025-04-13T19:39:40.651+0000] {processor.py:183} INFO - Processing /home/airflow/.local/lib/python3.8/site-packages/airflow/example_dags/example_branch_operator_decorator.py took 0.220 seconds
